time,Airport,temperature,precipitation,cloudcover,wind_speed,wind_direction,pressure,humidity,visibility,Crosswind_Kmh,Headwind_Kmh,Temp_Change_1H_C,Temp_Change_3H_C,Pressure_Change_3H_Hpa,Precip_Cumsum_1H_Mm,Precip_Cumsum_3H_Mm,Precip_Cumsum_6H_Mm,Wind_Gust_Estimate_Kmh,Crosswind_Max_3H_Kmh,Is_Rain,Is_Heavy_Rain,Is_Strong_Wind,Is_Gale_Wind,Is_Low_Visibility,Is_Fog,Is_Freezing,Is_Extreme_Heat,Is_Thunderstorm_Risk,Runway_Wet_Risk,Runway_Ice_Risk,Weather_Delay_Risk_Score
2025-12-15 00:00:00,DAD,22.9,0.2,33,15.8,38,1016.5,83,14780.0,11.74,10.57,N/A,N/A,N/A,0.2,0.2,0.2,15.8,11.74,1,0,0,0,0,0,0,0,0,1,0,0
2025-12-15 01:00:00,DAD,22.2,0.3,100,12.6,31,1016.4,87,14780.0,8.27,9.51,-0.7,N/A,N/A,0.3,0.5,0.5,15.8,11.74,1,0,0,0,0,0,0,0,1,1,0,1
2025-12-15 02:00:00,DAD,22.0,0.3,100,14.2,33,1016.2,88,14780.0,9.68,10.39,-0.2,N/A,N/A,0.3,0.8,0.8,15.8,11.74,1,0,0,0,0,0,0,0,1,1,0,1
2025-12-15 03:00:00,DAD,22.0,0.2,98,11.8,6,1015.7,88,14780.0,3.25,11.34,0.0,-0.9,-0.8,0.2,0.8,1.0,14.2,9.68,1,0,0,0,0,0,0,0,1,1,0,1
2025-12-15 04:00:00,DAD,22.0,0.1,100,9.4,1,1015.6,90,14780.0,1.79,9.23,0.0,-0.2,-0.8,0.1,0.6,1.1,14.2,9.68,1,0,0,0,0,0,0,0,1,1,0,1
2025-12-15 05:00:00,DAD,22.2,0.1,98,9.3,24,1015.6,91,14780.0,5.2,7.71,0.2,0.2,-0.6,0.1,0.4,1.2,11.8,5.2,1,0,0,0,0,0,0,0,1,1,0,1
2025-12-15 06:00:00,DAD,22.0,0.2,100,10.4,37,1016.0,89,14780.0,7.61,7.09,-0.2,0.0,0.3,0.2,0.4,1.2,10.4,7.61,1,0,0,0,0,0,0,0,1,1,0,1
2025-12-15 07:00:00,DAD,21.6,0.4,100,10.4,32,1016.5,93,14780.0,6.96,7.73,-0.4,-0.4,0.9,0.4,0.7,1.3,10.4,7.61,1,0,0,0,0,0,0,0,1,1,0,1
2025-12-15 08:00:00,DAD,22.8,0.2,95,10.7,37,1017.5,90,14780.0,7.83,7.3,1.2,0.6,1.9,0.2,0.8,1.2,10.7,7.83,1,0,0,0,0,0,0,0,1,1,0,1
2025-12-15 09:00:00,DAD,23.0,0.3,100,10.8,37,1017.8,85,15740.0,7.9,7.37,0.2,1.0,1.8,0.3,0.9,1.3,10.8,7.9,1,0,0,0,0,0,0,0,1,1,0,1
2025-12-15 10:00:00,DAD,23.5,0.3,98,12.2,26,1017.7,84,14780.0,7.17,9.87,0.5,1.9,1.2,0.3,0.8,1.5,12.2,7.9,1,0,0,0,0,0,0,0,1,1,0,1
2025-12-15 11:00:00,DAD,23.5,0.1,100,13.4,33,1017.3,81,14780.0,9.14,9.8,0.0,0.7,-0.2,0.1,0.7,1.5,13.4,9.14,1,0,0,0,0,0,0,0,1,1,0,1
2025-12-15 12:00:00,DAD,24.0,0.1,91,13.7,28,1016.1,80,14780.0,8.43,10.8,0.5,1.0,-1.7,0.1,0.5,1.4,13.7,9.14,1,0,0,0,0,0,0,0,1,1,0,1
2025-12-15 13:00:00,DAD,24.1,0.0,80,16.8,31,1015.3,75,24100.0,11.02,12.68,0.1,0.6,-2.4,0.0,0.2,1.0,16.8,11.02,0,0,0,0,0,0,0,0,0,0,0,0
2025-12-15 14:00:00,DAD,23.9,0.4,88,15.9,28,1014.6,77,23040.0,9.79,12.53,-0.2,0.4,-2.7,0.4,0.5,1.2,16.8,11.02,1,0,0,0,0,0,0,0,1,1,0,1
2025-12-15 15:00:00,DAD,23.7,0.1,75,14.3,23,1014.4,81,21280.0,7.79,11.99,-0.2,-0.3,-1.7,0.1,0.5,1.0,16.8,11.02,1,0,0,0,0,0,0,0,0,1,0,0
2025-12-15 16:00:00,DAD,23.2,0.3,89,13.5,30,1014.5,82,22660.0,8.68,10.34,-0.5,-0.9,-0.8,0.3,0.8,1.0,15.9,9.79,1,0,0,0,0,0,0,0,1,1,0,1
2025-12-15 17:00:00,DAD,22.7,0.2,97,10.5,27,1014.9,87,23740.0,6.32,8.39,-0.5,-1.2,0.3,0.2,0.6,1.1,14.3,8.68,1,0,0,0,0,0,0,0,1,1,0,1
2025-12-15 18:00:00,DAD,22.6,0.1,98,9.6,20,1015.5,88,24140.0,4.8,8.31,-0.1,-1.1,1.1,0.1,0.6,1.1,13.5,8.68,1,0,0,0,0,0,0,0,1,1,0,1
2025-12-15 19:00:00,DAD,22.4,0.1,100,8.4,10,1015.9,90,24140.0,2.87,7.89,-0.2,-0.8,1.4,0.1,0.4,1.2,10.5,6.32,1,0,0,0,0,0,0,0,1,1,0,1
2025-12-15 20:00:00,DAD,22.4,0.1,100,5.4,346,1016.5,92,24140.0,0.38,5.39,0.0,-0.3,1.6,0.1,0.3,0.9,9.6,4.8,1,0,0,0,0,0,0,0,1,1,0,1
2025-12-15 21:00:00,DAD,22.1,0.1,100,3.6,354,1016.7,96,24140.0,0.25,3.59,-0.3,-0.5,1.2,0.1,0.3,0.9,8.4,2.87,1,0,0,0,0,0,0,0,1,1,0,1
2025-12-15 22:00:00,DAD,22.3,0.1,88,2.7,290,1016.5,95,24140.0,2.34,1.35,0.2,-0.1,0.6,0.1,0.3,0.7,5.4,2.34,1,0,0,0,0,0,0,0,1,1,0,1
2025-12-15 23:00:00,DAD,22.0,0.4,100,2.7,20,1016.4,95,24140.0,1.35,2.34,-0.3,-0.4,-0.1,0.4,0.6,0.9,3.6,2.34,1,0,0,0,0,0,0,0,1,1,0,1
2025-12-16 00:00:00,DAD,22.2,0.4,100,4.0,321,1016.0,95,24140.0,1.94,3.5,0.2,0.1,-0.7,0.4,0.9,1.2,4.0,2.34,1,0,0,0,0,0,0,0,1,1,0,1
2025-12-16 01:00:00,DAD,22.1,0.4,100,3.3,351,1015.8,93,24040.0,0.06,3.3,-0.1,-0.2,-0.7,0.4,1.2,1.5,4.0,1.94,1,0,0,0,0,0,0,0,1,1,0,1
2025-12-16 02:00:00,DAD,22.0,0.4,100,2.7,28,1015.0,94,24000.0,1.66,2.13,-0.1,0.0,-1.4,0.4,1.2,1.8,4.0,1.94,1,0,0,0,0,0,0,0,1,1,0,1
2025-12-16 03:00:00,DAD,21.7,0.4,100,3.5,66,1014.6,96,19600.0,3.4,0.85,-0.3,-0.5,-1.4,0.4,1.2,2.1,3.5,3.4,1,0,0,0,0,0,0,0,1,1,0,1
2025-12-16 04:00:00,DAD,21.8,0.4,100,2.4,351,1014.6,95,24000.0,0.04,2.4,0.1,-0.3,-1.2,0.4,1.2,2.4,3.5,3.4,1,0,0,0,0,0,0,0,1,1,0,1
2025-12-16 05:00:00,DAD,21.9,0.3,100,2.5,339,1014.7,96,24140.0,0.48,2.45,0.1,-0.1,-0.3,0.3,1.1,2.3,3.5,3.4,1,0,0,0,0,0,0,0,1,1,0,1
2025-12-16 06:00:00,DAD,21.9,0.1,100,2.0,5,1014.6,96,24140.0,0.52,1.93,0.0,0.2,0.0,0.1,0.8,2.0,2.5,0.52,1,0,0,0,0,0,0,0,1,1,0,1
2025-12-16 07:00:00,DAD,22.2,0.2,100,4.9,336,1015.3,95,24140.0,1.19,4.75,0.3,0.4,0.7,0.2,0.6,1.8,4.9,1.19,1,0,0,0,0,0,0,0,1,1,0,1
2025-12-16 08:00:00,DAD,23.1,0.1,100,5.4,354,1015.8,91,24140.0,0.38,5.39,0.9,1.2,1.1,0.1,0.4,1.5,5.4,1.19,1,0,0,0,0,0,0,0,1,1,0,1
2025-12-16 09:00:00,DAD,24.0,0.1,100,5.4,20,1016.2,86,21680.0,2.7,4.68,0.9,2.1,1.6,0.1,0.4,1.2,5.4,2.7,1,0,0,0,0,0,0,0,1,1,0,1
2025-12-16 10:00:00,DAD,24.5,0.2,98,8.8,41,1016.1,82,20880.0,6.84,5.54,0.5,2.3,0.8,0.2,0.4,1.0,8.8,6.84,1,0,0,0,0,0,0,0,1,1,0,1
2025-12-16 11:00:00,DAD,24.0,0.1,99,8.8,28,1015.8,85,21660.0,5.42,6.93,-0.5,0.9,0.0,0.1,0.4,0.8,8.8,6.84,1,0,0,0,0,0,0,0,1,1,0,1
2025-12-16 12:00:00,DAD,24.9,0.0,98,9.8,26,1014.8,80,21960.0,5.76,7.93,0.9,0.9,-1.4,0.0,0.3,0.7,9.8,6.84,0,0,0,0,0,0,0,0,0,0,0,0
2025-12-16 13:00:00,DAD,25.1,0.0,94,11.1,29,1013.8,79,22320.0,6.99,8.63,0.2,0.6,-2.3,0.0,0.1,0.5,11.1,6.99,0,0,0,0,0,0,0,0,0,0,0,0
2025-12-16 14:00:00,DAD,25.0,0.0,100,11.8,34,1013.3,79,23500.0,8.2,8.49,-0.1,1.0,-2.5,0.0,0.0,0.4,11.8,8.2,0,0,0,0,0,0,0,0,0,0,0,0
2025-12-16 15:00:00,DAD,24.5,0.1,93,12.5,33,1013.3,80,24140.0,8.52,9.14,-0.5,-0.4,-1.5,0.1,0.1,0.4,12.5,8.52,1,0,0,0,0,0,0,0,1,1,0,1
2025-12-16 16:00:00,DAD,24.4,0.1,41,11.7,32,1013.6,79,24140.0,7.83,8.69,-0.1,-0.7,-0.2,0.1,0.2,0.3,12.5,8.52,1,0,0,0,0,0,0,0,0,1,0,0
2025-12-16 17:00:00,DAD,23.9,0.0,49,9.0,31,1014.3,83,24140.0,5.9,6.79,-0.5,-1.1,1.0,0.0,0.2,0.2,12.5,8.52,0,0,0,0,0,0,0,0,0,0,0,0
2025-12-16 18:00:00,DAD,23.5,0.0,70,7.7,28,1014.7,86,24140.0,4.74,6.07,-0.4,-1.0,1.4,0.0,0.1,0.2,11.7,7.83,0,0,0,0,0,0,0,0,0,0,0,0
2025-12-16 19:00:00,DAD,23.3,0.0,70,6.7,6,1015.2,88,23840.0,1.85,6.44,-0.2,-1.1,1.6,0.0,0.0,0.2,9.0,5.9,0,0,0,0,0,0,0,0,0,0,0,0
2025-12-16 20:00:00,DAD,23.0,0.2,96,5.1,10,1016.0,91,24140.0,1.74,4.79,-0.3,-0.9,1.7,0.2,0.2,0.4,7.7,4.74,1,0,0,0,0,0,0,0,1,1,0,1
2025-12-16 21:00:00,DAD,22.9,0.2,83,3.8,352,1016.0,91,23660.0,0.13,3.8,-0.1,-0.6,1.3,0.2,0.4,0.5,6.7,1.85,1,0,0,0,0,0,0,0,1,1,0,1
2025-12-16 22:00:00,DAD,22.6,0.3,98,3.7,11,1016.0,92,14780.0,1.33,3.45,-0.3,-0.7,0.8,0.3,0.7,0.7,5.1,1.74,1,0,0,0,0,0,0,0,1,1,0,1
2025-12-16 23:00:00,DAD,22.7,0.1,55,4.1,358,1015.8,93,24140.0,0.57,4.06,0.1,-0.3,-0.2,0.1,0.6,0.8,4.1,1.33,1,0,0,0,0,0,0,0,0,1,0,0
2025-12-17 00:00:00,DAD,22.0,0.1,71,2.5,315,1015.7,96,19540.0,1.43,2.05,-0.7,-0.9,-0.3,0.1,0.5,0.9,4.1,1.43,1,0,0,0,0,0,0,0,0,1,0,0
2025-12-17 01:00:00,DAD,22.1,0.2,100,5.6,343,1015.2,96,19120.0,0.68,5.56,0.1,-0.5,-0.8,0.2,0.4,1.1,5.6,1.43,1,0,0,0,0,0,0,0,1,1,0,1
2025-12-17 02:00:00,DAD,22.1,0.1,99,6.8,320,1014.6,96,18340.0,3.4,5.89,0.0,-0.6,-1.2,0.1,0.4,1.0,6.8,3.4,1,0,0,0,0,0,0,0,1,1,0,1
2025-12-17 03:00:00,DAD,22.4,0.2,100,8.3,347,1014.1,94,19580.0,0.43,8.29,0.3,0.4,-1.6,0.2,0.5,1.0,8.3,3.4,1,0,0,0,0,0,0,0,1,1,0,1
2025-12-17 04:00:00,DAD,22.5,0.2,100,9.9,4,1014.2,94,15460.0,2.4,9.61,0.1,0.4,-1.0,0.2,0.5,0.9,9.9,3.4,1,0,0,0,0,0,0,0,1,1,0,1
2025-12-17 05:00:00,DAD,22.6,0.4,100,9.2,11,1014.6,94,14780.0,3.3,8.59,0.1,0.5,0.0,0.4,0.8,1.2,9.9,3.3,1,0,0,0,0,0,0,0,1,1,0,1
2025-12-17 06:00:00,DAD,22.6,0.4,100,10.1,20,1015.0,94,14780.0,5.05,8.75,0.0,0.2,0.9,0.4,1.0,1.5,10.1,5.05,1,0,0,0,0,0,0,0,1,1,0,1
2025-12-17 07:00:00,DAD,22.4,0.2,100,11.6,354,1015.8,95,14780.0,0.81,11.57,-0.2,-0.1,1.6,0.2,1.0,1.5,11.6,5.05,1,0,0,0,0,0,0,0,1,1,0,1
2025-12-17 08:00:00,DAD,23.1,0.3,100,9.9,3,1016.8,93,14780.0,2.23,9.65,0.7,0.5,2.2,0.3,0.9,1.7,11.6,5.05,1,0,0,0,0,0,0,0,1,1,0,1
2025-12-17 09:00:00,DAD,23.8,0.4,95,10.3,33,1017.2,91,14780.0,7.02,7.53,0.7,1.2,2.2,0.4,0.9,1.9,11.6,7.02,1,0,0,0,0,0,0,0,1,1,0,1
2025-12-17 10:00:00,DAD,24.0,0.2,71,15.4,45,1017.2,86,14780.0,12.61,8.83,0.2,1.6,1.4,0.2,0.9,1.9,15.4,12.61,1,0,0,0,0,0,0,0,0,1,0,0
2025-12-17 11:00:00,DAD,24.2,0.4,76,21.5,44,1016.7,83,14780.0,17.39,12.64,0.2,1.1,-0.1,0.4,1.0,1.9,21.5,17.39,1,0,0,0,0,0,0,0,0,1,0,0
2025-12-17 12:00:00,DAD,24.8,0.2,100,17.9,45,1015.8,83,14780.0,14.66,10.27,0.6,1.0,-1.4,0.2,0.8,1.7,21.5,17.39,1,0,0,0,0,0,0,0,1,1,0,1
2025-12-17 13:00:00,DAD,24.5,0.3,100,16.7,40,1015.1,81,14780.0,12.79,10.73,-0.3,0.5,-2.1,0.3,0.9,1.8,21.5,17.39,1,0,0,0,0,0,0,0,1,1,0,1
2025-12-17 14:00:00,DAD,24.5,0.0,100,14.2,41,1014.8,80,14780.0,11.04,8.94,0.0,0.3,-1.9,0.0,0.5,1.5,17.9,14.66,0,0,0,0,0,0,0,0,0,0,0,0
2025-12-17 15:00:00,DAD,23.7,0.2,100,10.6,48,1014.8,82,14780.0,8.99,5.62,-0.8,-1.1,-1.0,0.2,0.5,1.3,16.7,12.79,1,0,0,0,0,0,0,0,1,1,0,1
2025-12-17 16:00:00,DAD,24.0,0.2,100,10.5,41,1014.9,80,14780.0,8.16,6.61,0.3,-0.5,-0.2,0.2,0.4,1.3,14.2,11.04,1,0,0,0,0,0,0,0,1,1,0,1
2025-12-17 17:00:00,DAD,24.0,0.1,100,9.2,43,1015.5,79,22300.0,7.35,5.54,0.0,-0.5,0.7,0.1,0.5,1.0,10.6,8.99,1,0,0,0,0,0,0,0,1,1,0,1
2025-12-17 18:00:00,DAD,23.5,0.1,100,4.8,34,1016.4,82,23020.0,3.33,3.45,-0.5,-0.2,1.6,0.1,0.4,0.9,10.5,8.16,1,0,0,0,0,0,0,0,1,1,0,1
2025-12-17 19:00:00,DAD,23.0,0.2,100,4.4,27,1017.3,83,23780.0,2.65,3.51,-0.5,-1.0,2.4,0.2,0.4,0.8,9.2,7.35,1,0,0,0,0,0,0,0,1,1,0,1
2025-12-17 20:00:00,DAD,22.8,0.1,100,3.7,39,1017.8,84,14780.0,2.79,2.43,-0.2,-1.2,2.3,0.1,0.4,0.9,4.8,3.33,1,0,0,0,0,0,0,0,1,1,0,1
2025-12-17 21:00:00,DAD,22.5,0.3,99,3.1,24,1018.0,87,19440.0,1.73,2.57,-0.3,-1.0,1.6,0.3,0.6,1.0,4.4,2.79,1,0,0,0,0,0,0,0,1,1,0,1
2025-12-17 22:00:00,DAD,22.5,0.0,100,2.7,352,1017.7,88,23160.0,0.09,2.7,0.0,-0.5,0.4,0.0,0.4,0.8,3.7,2.79,0,0,0,0,0,0,0,0,0,0,0,0
2025-12-17 23:00:00,DAD,22.1,0.0,99,2.8,333,1017.3,90,24140.0,0.82,2.68,-0.4,-0.7,-0.5,0.0,0.3,0.7,3.1,1.73,0,0,0,0,0,0,0,0,0,0,0,0
2025-12-18 00:00:00,DAD,21.8,0.0,70,3.5,351,1016.8,92,20500.0,0.06,3.5,-0.3,-0.7,-1.2,0.0,0.0,0.6,3.5,0.82,0,0,0,0,0,0,0,0,0,0,0,0
2025-12-18 01:00:00,DAD,22.3,0.0,100,5.6,6,1016.5,88,24140.0,1.54,5.38,0.5,-0.2,-1.2,0.0,0.0,0.4,5.6,1.54,0,0,0,0,0,0,0,0,0,0,0,0
2025-12-18 02:00:00,DAD,22.6,0.0,100,6.4,16,1016.0,84,24140.0,2.81,5.75,0.3,0.5,-1.3,0.0,0.0,0.3,6.4,2.81,0,0,0,0,0,0,0,0,0,0,0,0
2025-12-18 03:00:00,DAD,22.4,0.0,95,8.0,9,1015.6,84,24140.0,2.6,7.56,-0.2,0.6,-1.2,0.0,0.0,0.0,8.0,2.81,0,0,0,0,0,0,0,0,0,0,0,0
2025-12-18 04:00:00,DAD,22.2,0.0,45,10.0,9,1015.7,85,24140.0,3.26,9.46,-0.2,-0.1,-0.8,0.0,0.0,0.0,10.0,3.26,0,0,0,0,0,0,0,0,0,0,0,0
2025-12-18 05:00:00,DAD,22.1,0.2,30,8.8,358,1015.9,86,24140.0,1.22,8.71,-0.1,-0.5,-0.1,0.2,0.2,0.2,10.0,3.26,1,0,0,0,0,0,0,0,0,1,0,0
2025-12-18 06:00:00,DAD,21.8,0.0,32,6.7,340,1016.2,87,24140.0,1.16,6.6,-0.3,-0.6,0.6,0.0,0.2,0.2,10.0,3.26,0,0,0,0,0,0,0,0,0,0,0,0
2025-12-18 07:00:00,DAD,22.0,0.0,55,5.9,348,1016.6,92,24140.0,0.21,5.9,0.2,-0.2,0.9,0.0,0.2,0.2,8.8,1.22,0,0,0,0,0,0,0,0,0,0,0,0
2025-12-18 08:00:00,DAD,23.1,0.3,63,7.7,359,1017.2,87,22720.0,1.2,7.61,1.1,1.0,1.3,0.3,0.3,0.5,7.7,1.2,1,0,0,0,0,0,0,0,0,1,0,0
2025-12-18 09:00:00,DAD,23.8,0.1,42,10.1,11,1017.5,83,20400.0,3.62,9.43,0.7,2.0,1.3,0.1,0.4,0.6,10.1,3.62,1,0,0,0,0,0,0,0,0,1,0,0
2025-12-18 10:00:00,DAD,24.5,0.1,70,12.3,12,1017.4,77,18300.0,4.61,11.4,0.7,2.5,0.8,0.1,0.5,0.7,12.3,4.61,1,0,0,0,0,0,0,0,0,1,0,0
2025-12-18 11:00:00,DAD,24.9,0.1,58,14.6,19,1016.6,74,15160.0,7.08,12.77,0.4,1.8,-0.6,0.1,0.3,0.6,14.6,7.08,1,0,0,0,0,0,0,0,0,1,0,0
2025-12-18 12:00:00,DAD,24.8,0.3,41,16.0,21,1015.5,74,19260.0,8.24,13.71,-0.1,1.0,-2.0,0.3,0.5,0.9,16.0,8.24,1,0,0,0,0,0,0,0,0,1,0,0
2025-12-18 13:00:00,DAD,24.8,0.3,25,15.0,18,1014.6,74,20200.0,7.04,13.24,0.0,0.3,-2.8,0.3,0.7,1.2,16.0,8.24,1,0,0,0,0,0,0,0,0,1,0,0
2025-12-18 14:00:00,DAD,24.9,0.1,25,14.5,17,1013.8,73,24020.0,6.58,12.92,0.1,0.0,-2.8,0.1,0.7,1.0,16.0,8.24,1,0,0,0,0,0,0,0,0,1,0,0
2025-12-18 15:00:00,DAD,24.6,0.1,37,15.1,18,1013.4,73,21320.0,7.09,13.33,-0.3,-0.2,-2.1,0.1,0.5,1.0,15.1,7.09,1,0,0,0,0,0,0,0,0,1,0,0
2025-12-18 16:00:00,DAD,23.9,0.1,41,14.0,18,1013.6,77,20680.0,6.57,12.36,-0.7,-0.9,-1.0,0.1,0.3,1.0,15.1,7.09,1,0,0,0,0,0,0,0,0,1,0,0
2025-12-18 17:00:00,DAD,23.0,0.1,40,12.7,18,1013.8,83,17600.0,5.96,11.21,-0.9,-1.9,0.0,0.1,0.3,1.0,15.1,7.09,1,0,0,0,0,0,0,0,0,1,0,0
2025-12-18 18:00:00,DAD,22.5,0.0,100,11.2,2,1014.2,87,22480.0,2.33,10.96,-0.5,-2.1,0.8,0.0,0.2,0.7,14.0,6.57,0,0,0,0,0,0,0,0,0,0,0,0
2025-12-18 19:00:00,DAD,22.8,0.4,83,14.8,358,1014.9,88,20740.0,2.06,14.66,0.3,-1.1,1.3,0.4,0.5,0.8,14.8,5.96,1,0,0,0,0,0,0,0,1,1,0,1
2025-12-18 20:00:00,DAD,22.4,0.3,55,11.2,350,1015.3,90,14780.0,0.0,11.2,-0.4,-0.6,1.5,0.3,0.7,1.0,14.8,2.33,1,0,0,0,0,0,0,0,0,1,0,0
2025-12-18 21:00:00,DAD,22.3,0.1,99,10.3,348,1015.5,91,22320.0,0.36,10.29,-0.1,-0.2,1.3,0.1,0.8,1.0,14.8,2.06,1,0,0,0,0,0,0,0,1,1,0,1
2025-12-18 22:00:00,DAD,22.2,0.0,100,9.8,343,1015.4,91,21380.0,1.19,9.73,-0.1,-0.6,0.5,0.0,0.4,0.9,11.2,1.19,0,0,0,0,0,0,0,0,0,0,0,0
2025-12-18 23:00:00,DAD,22.2,0.0,95,10.2,350,1015.3,91,21800.0,0.0,10.2,0.0,-0.2,0.0,0.0,0.1,0.8,10.3,1.19,0,0,0,0,0,0,0,0,0,0,0,0
2025-12-19 00:00:00,DAD,22.2,0.0,70,7.6,346,1014.8,91,19120.0,0.53,7.58,0.0,-0.1,-0.7,0.0,0.0,0.8,10.2,1.19,0,0,0,0,0,0,0,0,0,0,0,0
2025-12-19 01:00:00,DAD,22.2,0.1,62,7.2,346,1014.0,91,20140.0,0.5,7.18,0.0,0.0,-1.4,0.1,0.1,0.5,10.2,0.53,1,0,0,0,0,0,0,0,0,1,0,0
2025-12-19 02:00:00,DAD,21.9,0.3,52,6.2,352,1013.3,93,15920.0,0.22,6.2,-0.3,-0.3,-2.0,0.3,0.4,0.5,7.6,0.53,1,0,0,0,0,0,0,0,0,1,0,0
2025-12-19 03:00:00,DAD,21.7,0.2,49,4.8,323,1012.9,95,24140.0,2.18,4.28,-0.2,-0.5,-1.9,0.2,0.6,0.6,7.2,2.18,1,0,0,0,0,0,0,0,0,1,0,0
2025-12-19 04:00:00,DAD,21.5,0.0,91,5.8,306,1012.9,95,24140.0,4.03,4.17,-0.2,-0.7,-1.1,0.0,0.5,0.6,6.2,4.03,0,0,0,0,0,0,0,0,0,0,0,0
2025-12-19 05:00:00,DAD,21.5,0.0,48,6.8,320,1013.2,93,24140.0,3.4,5.89,0.0,-0.4,-0.1,0.0,0.2,0.6,6.8,4.03,0,0,0,0,0,0,0,0,0,0,0,0
2025-12-19 06:00:00,DAD,21.5,0.0,29,8.1,325,1013.6,93,24140.0,3.42,7.34,0.0,-0.2,0.7,0.0,0.0,0.6,8.1,4.03,0,0,0,0,0,0,0,0,0,0,0,0
2025-12-19 07:00:00,DAD,21.9,0.0,45,8.1,328,1014.2,93,24140.0,3.03,7.51,0.4,0.4,1.3,0.0,0.0,0.5,8.1,3.42,0,0,0,0,0,0,0,0,0,0,0,0
2025-12-19 08:00:00,DAD,22.6,0.0,87,9.4,330,1015.0,87,24140.0,3.21,8.83,0.7,1.1,1.8,0.0,0.0,0.2,9.4,3.42,0,0,0,0,0,0,0,0,0,0,0,0
2025-12-19 09:00:00,DAD,23.1,0.0,100,10.7,340,1015.2,86,24140.0,1.86,10.54,0.5,1.6,1.6,0.0,0.0,0.0,10.7,3.21,0,0,0,0,0,0,0,0,0,0,0,0
2025-12-19 10:00:00,DAD,23.7,0.0,73,12.6,343,1014.8,82,23720.0,1.54,12.51,0.6,1.8,0.6,0.0,0.0,0.0,12.6,3.21,0,0,0,0,0,0,0,0,0,0,0,0
2025-12-19 11:00:00,DAD,24.7,0.0,100,14.4,350,1014.2,76,22940.0,0.0,14.4,1.0,2.1,-0.8,0.0,0.0,0.0,14.4,1.86,0,0,0,0,0,0,0,0,0,0,0,0
2025-12-19 12:00:00,DAD,25.0,0.0,100,16.0,358,1013.0,74,22920.0,2.23,15.84,0.3,1.9,-2.2,0.0,0.0,0.0,16.0,2.23,0,0,0,0,0,0,0,0,0,0,0,0
2025-12-19 13:00:00,DAD,24.8,0.1,100,13.7,355,1012.1,75,24140.0,1.19,13.65,-0.2,1.1,-2.7,0.1,0.1,0.1,16.0,2.23,1,0,0,0,0,0,0,0,1,1,0,1
2025-12-19 14:00:00,DAD,24.8,0.0,100,14.2,4,1011.2,75,24140.0,3.44,13.78,0.0,0.1,-3.0,0.0,0.1,0.1,16.0,3.44,0,0,0,0,0,0,0,0,0,0,0,0
2025-12-19 15:00:00,DAD,24.4,0.0,99,15.4,5,1011.0,77,24140.0,3.99,14.88,-0.4,-0.6,-2.0,0.0,0.1,0.1,15.4,3.99,0,0,0,0,0,0,0,0,0,0,0,0
2025-12-19 16:00:00,DAD,23.9,0.1,98,14.8,2,1010.9,80,24140.0,3.08,14.48,-0.5,-0.9,-1.2,0.1,0.1,0.2,15.4,3.99,1,0,0,0,0,0,0,0,1,1,0,1
2025-12-19 17:00:00,DAD,23.2,0.0,98,11.9,358,1011.3,85,24140.0,1.66,11.78,-0.7,-1.6,0.1,0.0,0.1,0.2,15.4,3.99,0,0,0,0,0,0,0,0,0,0,0,0
2025-12-19 18:00:00,DAD,23.0,0.1,97,9.4,359,1012.0,86,24140.0,1.47,9.28,-0.2,-1.4,1.0,0.1,0.2,0.3,14.8,3.08,1,0,0,0,0,0,0,0,1,1,0,1
2025-12-19 19:00:00,DAD,23.0,0.0,100,6.5,336,1012.4,85,24140.0,1.57,6.31,0.0,-0.9,1.5,0.0,0.1,0.2,11.9,1.66,0,0,0,0,0,0,0,0,0,0,0,0
2025-12-19 20:00:00,DAD,23.0,0.3,100,5.2,340,1012.7,88,24140.0,0.9,5.12,0.0,-0.2,1.4,0.3,0.4,0.5,9.4,1.57,1,0,0,0,0,0,0,0,1,1,0,1
2025-12-19 21:00:00,DAD,22.5,0.3,100,1.8,6,1012.8,92,24140.0,0.5,1.73,-0.5,-0.5,0.8,0.3,0.6,0.8,6.5,1.57,1,0,0,0,0,0,0,0,1,1,0,1
2025-12-19 22:00:00,DAD,22.4,0.3,100,2.4,27,1012.7,91,24140.0,1.44,1.92,-0.1,-0.6,0.3,0.3,0.9,1.0,5.2,1.44,1,0,0,0,0,0,0,0,1,1,0,1
2025-12-19 23:00:00,DAD,22.1,0.4,81,7.1,350,1012.3,92,24140.0,0.0,7.1,-0.3,-0.9,-0.4,0.4,1.0,1.4,7.1,1.44,1,0,0,0,0,0,0,0,1,1,0,1
2025-12-20 00:00:00,DAD,22.0,0.3,100,8.9,351,1012.3,93,24140.0,0.16,8.9,-0.1,-0.5,-0.5,0.3,1.0,1.6,8.9,1.44,1,0,0,0,0,0,0,0,1,1,0,1
2025-12-20 01:00:00,DAD,21.9,0.2,77,7.2,321,1012.2,93,24140.0,3.49,6.3,-0.1,-0.5,-0.5,0.2,0.9,1.8,8.9,3.49,1,0,0,0,0,0,0,0,0,1,0,0
2025-12-20 02:00:00,DAD,22.0,0.3,88,8.5,342,1011.8,93,24140.0,1.18,8.42,0.1,-0.1,-0.5,0.3,0.8,1.8,8.9,3.49,1,0,0,0,0,0,0,0,1,1,0,1
2025-12-20 03:00:00,DAD,22.0,0.4,100,9.1,346,1011.6,94,24140.0,0.63,9.08,0.0,0.0,-0.7,0.4,0.9,1.9,9.1,3.49,1,0,0,0,0,0,0,0,1,1,0,1
2025-12-20 04:00:00,DAD,21.9,0.4,100,9.3,345,1011.4,95,24140.0,0.81,9.26,-0.1,0.0,-0.8,0.4,1.1,2.0,9.3,1.18,1,0,0,0,0,0,0,0,1,1,0,1
2025-12-20 05:00:00,DAD,21.8,0.1,100,10.0,337,1011.8,95,24140.0,2.25,9.74,-0.1,-0.2,0.0,0.1,0.9,1.7,10.0,2.25,1,0,0,0,0,0,0,0,1,1,0,1
2025-12-20 06:00:00,DAD,21.7,0.0,100,9.9,331,1012.4,95,23900.0,3.22,9.36,-0.1,-0.3,0.8,0.0,0.5,1.4,10.0,3.22,0,0,0,0,0,0,0,0,0,0,0,0
2025-12-20 07:00:00,DAD,22.1,0.0,93,9.6,340,1013.1,94,24140.0,1.67,9.45,0.4,0.2,1.7,0.0,0.1,1.2,10.0,3.22,0,0,0,0,0,0,0,0,0,0,0,0
2025-12-20 08:00:00,DAD,22.9,0.0,77,11.5,343,1014.1,90,24140.0,1.4,11.41,0.8,1.1,2.3,0.0,0.0,0.9,11.5,3.22,0,0,0,0,0,0,0,0,0,0,0,0
2025-12-20 09:00:00,DAD,23.8,0.0,99,13.2,349,1014.3,87,24140.0,0.23,13.2,0.9,2.1,1.9,0.0,0.0,0.5,13.2,1.67,0,0,0,0,0,0,0,0,0,0,0,0
2025-12-20 10:00:00,DAD,24.2,0.0,96,12.5,349,1014.3,84,23940.0,0.22,12.5,0.4,2.1,1.2,0.0,0.0,0.1,13.2,1.4,0,0,0,0,0,0,0,0,0,0,0,0
2025-12-20 11:00:00,DAD,24.8,0.0,99,14.1,3,1013.7,80,21420.0,3.17,13.74,0.6,1.9,-0.4,0.0,0.0,0.0,14.1,3.17,0,0,0,0,0,0,0,0,0,0,0,0
2025-12-20 12:00:00,DAD,25.4,0.1,100,15.9,10,1012.8,78,21840.0,5.44,14.94,0.6,1.6,-1.5,0.1,0.1,0.1,15.9,5.44,1,0,0,0,0,0,0,0,1,1,0,1
2025-12-20 13:00:00,DAD,24.8,0.2,100,16.9,14,1011.8,77,20780.0,6.87,15.44,-0.6,0.6,-2.5,0.2,0.3,0.3,16.9,6.87,1,0,0,0,0,0,0,0,1,1,0,1
2025-12-20 14:00:00,DAD,24.7,0.4,80,18.1,16,1011.2,79,21040.0,7.93,16.27,-0.1,-0.1,-2.5,0.4,0.7,0.7,18.1,7.93,1,0,0,0,0,0,0,0,0,1,0,0
2025-12-20 15:00:00,DAD,24.6,0.0,73,15.9,14,1011.2,79,24080.0,6.47,14.53,-0.1,-0.8,-1.6,0.0,0.6,0.7,18.1,7.93,0,0,0,0,0,0,0,0,0,0,0,0
2025-12-20 16:00:00,DAD,24.4,0.0,84,15.8,15,1011.6,78,23880.0,6.68,14.32,-0.2,-0.4,-0.2,0.0,0.4,0.7,18.1,7.93,0,0,0,0,0,0,0,0,0,0,0,0
2025-12-20 17:00:00,DAD,23.8,0.0,43,13.8,18,1012.0,83,24140.0,6.48,12.18,-0.6,-0.9,0.8,0.0,0.0,0.7,15.9,6.68,0,0,0,0,0,0,0,0,0,0,0,0
2025-12-20 18:00:00,DAD,23.5,0.0,89,12.6,17,1012.5,83,24140.0,5.72,11.23,-0.3,-1.1,1.3,0.0,0.0,0.6,15.8,6.68,0,0,0,0,0,0,0,0,0,0,0,0
2025-12-20 19:00:00,DAD,23.0,0.1,70,14.4,360,1013.1,90,23520.0,2.5,14.18,-0.5,-1.4,1.5,0.1,0.1,0.5,14.4,6.48,1,0,0,0,0,0,0,0,0,1,0,0
2025-12-20 20:00:00,DAD,22.8,0.4,100,14.1,345,1013.5,89,14780.0,1.23,14.05,-0.2,-1.0,1.5,0.4,0.5,0.5,14.4,5.72,1,0,0,0,0,0,0,0,1,1,0,1
2025-12-20 21:00:00,DAD,22.5,0.4,100,14.4,356,1014.1,92,14780.0,1.51,14.32,-0.3,-1.0,1.6,0.4,0.9,0.9,14.4,2.5,1,0,0,0,0,0,0,0,1,1,0,1
2025-12-20 22:00:00,DAD,22.6,0.4,100,14.8,355,1014.0,92,14780.0,1.29,14.74,0.1,-0.4,0.9,0.4,1.2,1.3,14.8,1.51,1,0,0,0,0,0,0,0,1,1,0,1
2025-12-20 23:00:00,DAD,22.6,0.4,99,15.1,9,1014.0,93,14780.0,4.92,14.28,0.0,-0.2,0.5,0.4,1.2,1.7,15.1,4.92,1,0,0,0,0,0,0,0,1,1,0,1
2025-12-21 00:00:00,DAD,22.6,0.4,100,15.3,16,1014.0,92,14780.0,6.71,13.75,0.0,0.1,-0.1,0.4,1.2,2.1,15.3,6.71,1,0,0,0,0,0,0,0,1,1,0,1
2025-12-21 01:00:00,DAD,22.4,0.4,98,17.5,9,1013.4,94,14780.0,5.7,16.55,-0.2,-0.2,-0.6,0.4,1.2,2.4,17.5,6.71,1,0,0,0,0,0,0,0,1,1,0,1
2025-12-21 02:00:00,DAD,22.6,0.4,100,15.0,6,1012.9,93,14780.0,4.13,14.42,0.2,0.0,-1.1,0.4,1.2,2.4,17.5,6.71,1,0,0,0,0,0,0,0,1,1,0,1
2025-12-21 03:00:00,DAD,22.5,0.4,100,17.0,4,1012.7,93,14780.0,4.11,16.5,-0.1,-0.1,-1.3,0.4,1.2,2.4,17.5,5.7,1,0,0,0,0,0,0,0,1,1,0,1
2025-12-21 04:00:00,DAD,22.5,0.4,100,17.6,8,1012.7,93,14780.0,5.44,16.74,0.0,0.1,-0.7,0.4,1.2,2.4,17.6,5.44,1,0,0,0,0,0,0,0,1,1,0,1
2025-12-21 05:00:00,DAD,22.6,0.4,100,17.5,15,1013.0,93,14780.0,7.4,15.86,0.1,0.0,0.1,0.4,1.2,2.4,17.6,7.4,1,0,0,0,0,0,0,0,1,1,0,1
2025-12-21 06:00:00,DAD,22.7,0.4,100,18.5,16,1013.5,93,14780.0,8.11,16.63,0.1,0.2,0.8,0.4,1.2,2.4,18.5,8.11,1,0,0,0,0,0,0,0,1,1,0,1
2025-12-21 07:00:00,DAD,22.6,0.4,100,17.5,358,1013.9,94,14780.0,2.44,17.33,-0.1,0.1,1.2,0.4,1.2,2.4,18.5,8.11,1,0,0,0,0,0,0,0,1,1,0,1
2025-12-21 08:00:00,DAD,23.5,0.4,100,14.8,6,1014.5,92,14780.0,4.08,14.23,0.9,0.9,1.5,0.4,1.2,2.4,18.5,8.11,1,0,0,0,0,0,0,0,1,1,0,1
2025-12-21 09:00:00,DAD,24.1,0.4,98,21.8,32,1015.3,90,14780.0,14.59,16.2,0.6,1.4,1.8,0.4,1.2,2.4,21.8,14.59,1,0,0,0,0,0,0,0,1,1,0,1
2025-12-21 10:00:00,DAD,23.7,0.4,100,23.9,35,1015.3,92,14780.0,16.9,16.9,-0.4,1.1,1.4,0.4,1.2,2.4,23.9,16.9,1,0,0,0,0,0,0,0,1,1,0,1
2025-12-21 11:00:00,DAD,24.4,0.4,98,24.2,37,1014.7,88,14780.0,17.7,16.5,0.7,0.9,0.2,0.4,1.2,2.4,24.2,17.7,1,0,0,0,0,0,0,0,1,1,0,1
2025-12-21 12:00:00,DAD,24.9,0.4,95,20.4,37,1013.7,83,14780.0,14.92,13.91,0.5,0.8,-1.6,0.4,1.2,2.4,24.2,17.7,1,0,0,0,0,0,0,0,1,1,0,1
2025-12-21 13:00:00,DAD,25.1,0.4,84,20.2,41,1013.0,83,14780.0,15.7,12.71,0.2,1.4,-2.3,0.4,1.2,2.4,24.2,17.7,1,0,0,0,0,0,0,0,1,1,0,1
2025-12-21 14:00:00,DAD,24.5,0.4,47,14.7,25,1012.4,87,14780.0,8.43,12.04,-0.6,0.1,-2.3,0.4,1.2,2.4,20.4,15.7,1,0,0,0,0,0,0,0,0,1,0,0
2025-12-21 15:00:00,DAD,23.9,0.4,84,14.5,37,1012.3,86,14780.0,10.6,9.89,-0.6,-1.0,-1.4,0.4,1.2,2.4,20.2,15.7,1,0,0,0,0,0,0,0,1,1,0,1
2025-12-21 16:00:00,DAD,23.6,0.4,100,13.5,33,1012.6,89,14780.0,9.21,9.87,-0.3,-1.5,-0.4,0.4,1.2,2.4,14.7,10.6,1,0,0,0,0,0,0,0,1,1,0,1
2025-12-21 17:00:00,DAD,23.2,0.1,98,12.5,28,1012.8,93,14780.0,7.7,9.85,-0.4,-1.3,0.4,0.1,0.9,2.1,14.5,10.6,1,0,0,0,0,0,0,0,1,1,0,1
2025-12-21 18:00:00,DAD,23.0,0.4,100,10.7,49,1013.4,93,14780.0,9.17,5.51,-0.2,-0.9,1.1,0.4,0.9,2.1,13.5,9.21,1,0,0,0,0,0,0,0,1,1,0,1
2025-12-21 19:00:00,DAD,23.5,0.4,52,13.2,39,1014.0,92,14780.0,9.96,8.66,0.5,-0.1,1.4,0.4,0.9,2.1,13.2,9.96,1,0,0,0,0,0,0,0,0,1,0,0
2025-12-21 20:00:00,DAD,23.0,0.4,99,13.9,43,1014.2,92,14780.0,11.1,8.37,-0.5,-0.2,1.4,0.4,1.2,2.1,13.9,11.1,1,0,0,0,0,0,0,0,1,1,0,1
2025-12-21 21:00:00,DAD,23.0,0.4,100,12.9,54,1014.5,94,14780.0,11.59,5.65,0.0,0.0,1.1,0.4,1.2,2.1,13.9,11.59,1,0,0,0,0,0,0,0,1,1,0,1
2025-12-21 22:00:00,DAD,23.2,0.2,78,11.6,35,1014.3,91,14780.0,8.2,8.2,0.2,-0.3,0.3,0.2,1.0,1.9,13.9,11.59,1,0,0,0,0,0,0,0,0,1,0,0
2025-12-21 23:00:00,DAD,22.9,0.4,99,14.5,43,1014.5,92,14780.0,11.58,8.73,-0.3,-0.1,0.3,0.4,1.0,2.2,14.5,11.59,1,0,0,0,0,0,0,0,1,1,0,1
2025-12-22 00:00:00,DAD,22.9,0.3,75,14.4,34,1013.9,91,14780.0,10.0,10.36,0.0,-0.1,-0.6,0.3,0.9,2.1,14.5,11.58,1,0,0,0,0,0,0,0,0,1,0,0
2025-12-22 01:00:00,DAD,23.0,0.2,66,15.8,47,1013.9,89,14780.0,13.25,8.61,0.1,-0.2,-0.4,0.2,0.9,1.9,15.8,13.25,1,0,0,0,0,0,0,0,0,1,0,0
2025-12-22 02:00:00,DAD,23.6,0.0,22,11.0,38,1013.1,88,14780.0,8.17,7.36,0.6,0.7,-1.4,0.0,0.5,1.5,15.8,13.25,0,0,0,0,0,0,0,0,0,0,0,0
2025-12-22 03:00:00,DAD,22.5,0.4,99,12.4,40,1013.0,90,14780.0,9.5,7.97,-1.1,-0.4,-0.9,0.4,0.6,1.5,15.8,13.25,1,0,0,0,0,0,0,0,1,1,0,1
2025-12-22 04:00:00,DAD,22.4,0.4,97,6.9,354,1013.2,94,18200.0,0.48,6.88,-0.1,-0.6,-0.7,0.4,0.8,1.7,12.4,9.5,1,0,0,0,0,0,0,0,1,1,0,1
2025-12-22 05:00:00,DAD,22.5,0.2,51,7.6,359,1013.5,94,19040.0,1.19,7.51,0.1,-1.1,0.4,0.2,1.0,1.5,12.4,9.5,1,0,0,0,0,0,0,0,0,1,0,0
2025-12-22 06:00:00,DAD,22.1,0.4,100,6.9,340,1014.2,96,23280.0,1.2,6.8,-0.4,-0.4,1.2,0.4,1.0,1.6,7.6,1.2,1,0,0,0,0,0,0,0,1,1,0,1
2025-12-22 07:00:00,DAD,22.5,0.4,91,9.7,35,1014.9,92,24020.0,6.86,6.86,0.4,0.1,1.7,0.4,1.0,1.8,9.7,6.86,1,0,0,0,0,0,0,0,1,1,0,1
2025-12-22 08:00:00,DAD,23.4,0.4,59,5.8,346,1015.6,90,23980.0,0.4,5.79,0.9,0.9,2.1,0.4,1.2,2.2,9.7,6.86,1,0,0,0,0,0,0,0,0,1,0,0
2025-12-22 09:00:00,DAD,24.8,0.1,92,3.0,52,1016.0,86,24040.0,2.65,1.41,1.4,2.7,1.8,0.1,0.9,1.9,9.7,6.86,1,0,0,0,0,0,0,0,1,1,0,1
2025-12-22 10:00:00,DAD,25.0,0.2,99,10.1,93,1015.7,81,23720.0,9.84,-2.27,0.2,2.5,0.8,0.2,0.7,1.7,10.1,9.84,1,0,0,0,0,0,0,0,1,1,0,1
2025-12-22 11:00:00,DAD,24.5,0.4,97,7.5,66,1015.2,81,23980.0,7.28,1.81,-0.5,1.1,-0.4,0.4,0.7,1.9,10.1,9.84,1,0,0,0,0,0,0,0,1,1,0,1
2025-12-22 12:00:00,DAD,25.5,0.1,70,12.4,48,1014.1,75,22820.0,10.52,6.57,1.0,0.7,-1.9,0.1,0.7,1.6,12.4,10.52,1,0,0,0,0,0,0,0,0,1,0,0
2025-12-22 13:00:00,DAD,25.0,0.2,17,13.6,53,1012.8,81,16520.0,12.12,6.17,-0.5,0.0,-2.9,0.2,0.7,1.4,13.6,12.12,1,0,0,0,0,0,0,0,0,1,0,0
2025-12-22 14:00:00,DAD,25.9,0.2,53,17.5,68,1011.9,75,17080.0,17.12,3.64,0.9,1.4,-3.3,0.2,0.5,1.2,17.5,17.12,1,0,0,0,0,0,0,0,0,1,0,0
2025-12-22 15:00:00,DAD,24.3,0.4,91,12.6,101,1011.6,82,23340.0,11.76,-4.52,-1.6,-1.2,-2.5,0.4,0.8,1.5,17.5,17.12,1,0,0,0,0,0,0,0,1,1,0,1
2025-12-22 16:00:00,DAD,24.2,0.1,100,5.9,63,1011.5,84,24140.0,5.64,1.72,-0.1,-0.8,-1.3,0.1,0.7,1.4,17.5,17.12,1,0,0,0,0,0,0,0,1,1,0,1
2025-12-22 17:00:00,DAD,24.1,0.0,99,4.4,69,1011.7,87,24140.0,4.32,0.84,-0.1,-1.8,-0.2,0.0,0.5,1.0,12.6,11.76,0,0,0,0,0,0,0,0,0,0,0,0
2025-12-22 18:00:00,DAD,23.8,0.0,100,7.8,67,1012.2,88,23140.0,7.6,1.75,-0.3,-0.5,0.6,0.0,0.1,0.9,7.8,7.6,0,0,0,0,0,0,0,0,0,0,0,0
2025-12-22 19:00:00,DAD,22.8,0.1,93,3.0,142,1012.9,94,23900.0,1.41,-2.65,-1.0,-1.4,1.4,0.1,0.1,0.8,7.8,7.6,1,0,0,0,0,0,0,0,1,1,0,1
2025-12-22 20:00:00,DAD,22.9,0.4,99,1.4,320,1013.2,93,23680.0,0.7,1.21,0.1,-1.2,1.5,0.4,0.5,1.0,7.8,7.6,1,0,0,0,0,0,0,0,1,1,0,1
2025-12-22 21:00:00,DAD,22.0,0.4,80,5.1,190,1013.3,96,23720.0,1.74,-4.79,-0.9,-1.8,1.1,0.4,0.9,1.0,5.1,1.74,1,0,0,0,0,0,0,0,0,1,0,0
2025-12-22 22:00:00,DAD,22.2,0.2,46,4.1,272,1012.9,95,23900.0,4.01,0.85,0.2,-0.6,0.0,0.2,1.0,1.1,5.1,4.01,1,0,0,0,0,0,0,0,0,1,0,0
2025-12-22 23:00:00,DAD,21.8,0.1,74,4.0,249,1012.9,97,24140.0,3.93,-0.76,-0.4,-1.1,-0.3,0.1,0.7,1.2,5.1,4.01,1,0,0,0,0,0,0,0,0,1,0,0
2025-12-23 00:00:00,DAD,21.5,0.1,85,5.1,253,1012.7,98,24140.0,5.06,-0.62,-0.3,-0.5,-0.6,0.1,0.4,1.3,5.1,5.06,1,0,0,0,0,0,0,0,1,1,0,1
2025-12-23 01:00:00,DAD,22.5,0.1,96,2.6,78,1012.3,85,24140.0,2.6,0.09,1.0,0.3,-0.6,0.1,0.3,1.3,5.1,5.06,1,0,0,0,0,0,0,0,1,1,0,1
2025-12-23 02:00:00,DAD,22.6,0.1,53,2.8,101,1011.9,88,24140.0,2.61,-1.0,0.1,0.8,-1.0,0.1,0.3,1.0,5.1,5.06,1,0,0,0,0,0,0,0,0,1,0,0
2025-12-23 03:00:00,DAD,22.8,0.1,39,1.3,180,1011.4,90,24140.0,0.23,-1.28,0.2,1.3,-1.3,0.1,0.3,0.7,2.8,2.61,1,0,0,0,0,0,0,0,0,1,0,0
2025-12-23 04:00:00,DAD,22.3,0.1,49,1.8,233,1011.4,92,24140.0,1.6,-0.82,-0.5,-0.2,-0.9,0.1,0.3,0.6,2.8,2.61,1,0,0,0,0,0,0,0,0,1,0,0
2025-12-23 05:00:00,DAD,22.0,0.0,45,2.9,263,1012.0,94,24140.0,2.9,0.15,-0.3,-0.6,0.1,0.0,0.2,0.5,2.9,2.9,0,0,0,0,0,0,0,0,0,0,0,0
2025-12-23 06:00:00,DAD,21.6,0.0,50,2.5,270,1012.6,96,24140.0,2.46,0.43,-0.4,-1.2,1.2,0.0,0.1,0.4,2.9,2.9,0,0,0,0,0,0,0,0,0,0,0,0
2025-12-23 07:00:00,DAD,22.4,0.0,100,3.6,233,1013.6,96,24140.0,3.21,-1.63,0.8,0.1,2.2,0.0,0.0,0.3,3.6,3.21,0,0,0,0,0,0,0,0,0,0,0,0
2025-12-23 08:00:00,DAD,23.6,0.0,83,3.3,234,1014.5,90,23940.0,2.97,-1.45,1.2,1.6,2.5,0.0,0.0,0.2,3.6,3.21,0,0,0,0,0,0,0,0,0,0,0,0
2025-12-23 09:00:00,DAD,24.5,0.0,76,1.9,209,1014.7,86,23980.0,1.2,-1.48,0.9,2.9,2.1,0.0,0.0,0.1,3.6,3.21,0,0,0,0,0,0,0,0,0,0,0,0
2025-12-23 10:00:00,DAD,25.8,0.1,60,7.6,93,1014.3,77,20860.0,7.41,-1.71,1.3,3.4,0.7,0.1,0.1,0.1,7.6,7.41,1,0,0,0,0,0,0,0,0,1,0,0
2025-12-23 11:00:00,DAD,26.2,0.1,70,11.4,75,1013.7,74,24140.0,11.36,0.99,0.4,2.6,-0.8,0.1,0.2,0.2,11.4,11.36,1,0,0,0,0,0,0,0,0,1,0,0
2025-12-23 12:00:00,DAD,26.4,0.2,98,11.8,71,1012.6,74,24140.0,11.65,1.85,0.2,1.9,-2.1,0.2,0.4,0.4,11.8,11.65,1,0,0,0,0,0,0,0,1,1,0,1
2025-12-23 13:00:00,DAD,26.2,0.3,95,14.2,75,1011.6,74,24140.0,14.15,1.24,-0.2,0.4,-2.7,0.3,0.6,0.7,14.2,14.15,1,0,0,0,0,0,0,0,1,1,0,1
2025-12-23 14:00:00,DAD,26.1,0.2,91,13.1,74,1011.1,76,24140.0,13.03,1.37,-0.1,-0.1,-2.6,0.2,0.7,0.9,14.2,14.15,1,0,0,0,0,0,0,0,1,1,0,1
2025-12-23 15:00:00,DAD,25.9,0.1,91,11.0,72,1010.8,78,24140.0,10.89,1.53,-0.2,-0.5,-1.8,0.1,0.6,1.0,14.2,14.15,1,0,0,0,0,0,0,0,1,1,0,1
2025-12-23 16:00:00,DAD,25.4,0.0,84,9.4,70,1010.9,81,24140.0,9.26,1.63,-0.5,-0.8,-0.7,0.0,0.3,0.9,13.1,13.03,0,0,0,0,0,0,0,0,0,0,0,0
2025-12-23 17:00:00,DAD,24.7,0.0,91,6.7,66,1011.5,85,24140.0,6.5,1.62,-0.7,-1.4,0.4,0.0,0.1,0.8,11.0,10.89,0,0,0,0,0,0,0,0,0,0,0,0
2025-12-23 18:00:00,DAD,24.1,0.0,81,5.5,58,1011.9,88,24140.0,5.1,2.06,-0.6,-1.8,1.1,0.0,0.0,0.6,9.4,9.26,0,0,0,0,0,0,0,0,0,0,0,0
2025-12-23 19:00:00,DAD,23.6,0.1,94,3.3,41,1012.6,81,24140.0,2.56,2.08,-0.5,-1.8,1.7,0.1,0.1,0.4,6.7,6.5,1,0,0,0,0,0,0,0,1,1,0,1
2025-12-23 20:00:00,DAD,23.3,0.4,98,2.0,45,1013.0,85,24140.0,1.64,1.15,-0.3,-1.4,1.5,0.4,0.5,0.6,5.5,5.1,1,0,0,0,0,0,0,0,1,1,0,1
2025-12-23 21:00:00,DAD,23.0,0.2,92,1.5,353,1013.1,86,24140.0,0.08,1.5,-0.3,-1.1,1.2,0.2,0.7,0.7,3.3,2.56,1,0,0,0,0,0,0,0,1,1,0,1
2025-12-23 22:00:00,DAD,22.4,0.1,70,2.2,312,1012.9,90,24020.0,1.35,1.73,-0.6,-1.2,0.3,0.1,0.7,0.8,2.2,1.64,1,0,0,0,0,0,0,0,0,1,0,0
2025-12-23 23:00:00,DAD,21.9,0.0,92,2.7,298,1012.9,93,23920.0,2.13,1.66,-0.5,-1.4,-0.1,0.0,0.3,0.8,2.7,2.13,0,0,0,0,0,0,0,0,0,0,0,0
2025-12-24 00:00:00,DAD,21.5,0.0,91,2.3,299,1012.5,95,24140.0,1.79,1.45,-0.4,-1.5,-0.6,0.0,0.1,0.8,2.7,2.13,0,0,0,0,0,0,0,0,0,0,0,0
2025-12-24 01:00:00,DAD,21.8,0.0,92,0.6,304,1012.1,96,24140.0,0.43,0.42,0.3,-0.6,-0.8,0.0,0.0,0.7,2.7,2.13,0,0,0,0,0,0,0,0,0,0,0,0
2025-12-24 02:00:00,DAD,21.7,0.1,92,1.5,284,1011.4,97,24140.0,1.37,0.61,-0.1,-0.2,-1.5,0.1,0.1,0.4,2.3,1.79,1,0,0,0,0,0,0,0,1,1,0,1
2025-12-24 03:00:00,DAD,21.6,0.1,100,2.5,266,1011.1,96,24140.0,2.49,0.26,-0.1,0.1,-1.4,0.1,0.2,0.3,2.5,2.49,1,0,0,0,0,0,0,0,1,1,0,1
2025-12-24 04:00:00,DAD,21.3,0.0,95,3.2,254,1011.1,97,23020.0,3.18,-0.33,-0.3,-0.5,-1.0,0.0,0.2,0.2,3.2,3.18,0,0,0,0,0,0,0,0,0,0,0,0
2025-12-24 05:00:00,DAD,21.2,0.0,95,3.1,257,1011.3,97,24140.0,3.1,-0.16,-0.1,-0.5,-0.1,0.0,0.1,0.2,3.2,3.18,0,0,0,0,0,0,0,0,0,0,0,0
2025-12-24 06:00:00,DAD,21.1,0.0,100,3.4,264,1011.6,96,23660.0,3.39,0.24,-0.1,-0.5,0.5,0.0,0.0,0.2,3.4,3.39,0,0,0,0,0,0,0,0,0,0,0,0
2025-12-24 07:00:00,DAD,21.6,0.0,97,6.2,262,1012.2,96,23820.0,6.2,0.22,0.5,0.3,1.1,0.0,0.0,0.2,6.2,6.2,0,0,0,0,0,0,0,0,0,0,0,0
2025-12-24 08:00:00,DAD,23.2,0.0,100,5.3,262,1013.1,92,23500.0,5.3,0.18,1.6,2.0,1.8,0.0,0.0,0.1,6.2,6.2,0,0,0,0,0,0,0,0,0,0,0,0
2025-12-24 09:00:00,DAD,24.2,0.0,100,4.0,275,1013.3,86,23280.0,3.86,1.04,1.0,3.1,1.7,0.0,0.0,0.0,6.2,6.2,0,0,0,0,0,0,0,0,0,0,0,0
2025-12-24 10:00:00,DAD,24.9,0.3,99,3.2,16,1013.1,83,21700.0,1.4,2.88,0.7,3.3,0.9,0.3,0.3,0.3,5.3,5.3,1,0,0,0,0,0,0,0,1,1,0,1
2025-12-24 11:00:00,DAD,25.3,0.2,97,6.7,56,1012.7,79,24140.0,6.12,2.73,0.4,2.1,-0.4,0.2,0.5,0.5,6.7,6.12,1,0,0,0,0,0,0,0,1,1,0,1
2025-12-24 12:00:00,DAD,25.6,0.2,68,7.9,55,1011.7,76,23960.0,7.16,3.34,0.3,1.4,-1.6,0.2,0.7,0.7,7.9,7.16,1,0,0,0,0,0,0,0,0,1,0,0
2025-12-24 13:00:00,DAD,25.8,0.1,100,11.0,41,1010.5,81,24140.0,8.55,6.92,0.2,0.9,-2.6,0.1,0.5,0.8,11.0,8.55,1,0,0,0,0,0,0,0,1,1,0,1
2025-12-24 14:00:00,DAD,25.4,0.3,77,10.8,32,1010.1,80,24140.0,7.23,8.03,-0.4,0.1,-2.6,0.3,0.6,1.1,11.0,8.55,1,0,0,0,0,0,0,0,0,1,0,0
2025-12-24 15:00:00,DAD,25.2,0.0,89,9.9,33,1009.8,80,24140.0,6.75,7.24,-0.2,-0.4,-1.9,0.0,0.4,1.1,11.0,8.55,0,0,0,0,0,0,0,0,0,0,0,0
2025-12-24 16:00:00,DAD,24.8,0.0,100,10.4,32,1009.8,82,24140.0,6.96,7.73,-0.4,-1.0,-0.7,0.0,0.3,0.8,10.8,7.23,0,0,0,0,0,0,0,0,0,0,0,0
2025-12-24 17:00:00,DAD,24.4,0.0,98,10.2,36,1010.3,85,24140.0,7.34,7.09,-0.4,-1.0,0.2,0.0,0.0,0.6,10.4,7.34,0,0,0,0,0,0,0,0,0,0,0,0
2025-12-24 18:00:00,DAD,24.0,0.0,100,8.0,44,1010.8,89,24140.0,6.47,4.7,-0.4,-1.2,1.0,0.0,0.0,0.4,10.4,7.34,0,0,0,0,0,0,0,0,0,0,0,0
2025-12-24 19:00:00,DAD,24.1,0.0,100,6.0,16,1011.3,91,23900.0,2.63,5.39,0.1,-0.7,1.5,0.0,0.0,0.3,10.2,7.34,0,0,0,0,0,0,0,0,0,0,0,0
2025-12-24 20:00:00,DAD,24.1,0.0,100,6.6,41,1011.9,91,24020.0,5.13,4.15,0.0,-0.3,1.6,0.0,0.0,0.0,8.0,6.47,0,0,0,0,0,0,0,0,0,0,0,0
2025-12-24 21:00:00,DAD,24.0,0.1,100,5.5,23,1012.0,92,21460.0,3.0,4.61,-0.1,0.0,1.2,0.1,0.1,0.1,6.6,5.13,1,0,0,0,0,0,0,0,1,1,0,1
2025-12-24 22:00:00,DAD,24.0,0.1,100,4.7,18,1012.1,89,23700.0,2.21,4.15,0.0,-0.1,0.8,0.1,0.2,0.2,6.6,5.13,1,0,0,0,0,0,0,0,1,1,0,1
2025-12-24 23:00:00,DAD,23.8,0.4,100,7.3,25,1012.3,90,24020.0,4.19,5.98,-0.2,-0.3,0.4,0.4,0.6,0.6,7.3,4.19,1,0,0,0,0,0,0,0,1,1,0,1
2025-12-25 00:00:00,DAD,23.4,0.4,100,7.6,352,1012.2,94,22980.0,0.27,7.6,-0.4,-0.6,0.2,0.4,0.9,1.0,7.6,4.19,1,0,0,0,0,0,0,0,1,1,0,1
2025-12-25 01:00:00,DAD,22.9,0.4,100,7.3,318,1011.8,96,23300.0,3.87,6.19,-0.5,-1.1,-0.3,0.4,1.2,1.4,7.6,4.19,1,0,0,0,0,0,0,0,1,1,0,1
2025-12-25 02:00:00,DAD,22.9,0.2,100,10.3,353,1011.3,95,14780.0,0.54,10.29,0.0,-0.9,-1.0,0.2,1.0,1.6,10.3,3.87,1,0,0,0,0,0,0,0,1,1,0,1
2025-12-25 03:00:00,DAD,22.7,0.3,100,11.7,347,1011.0,95,19260.0,0.61,11.68,-0.2,-0.7,-1.2,0.3,0.9,1.8,11.7,3.87,1,0,0,0,0,0,0,0,1,1,0,1
2025-12-25 04:00:00,DAD,22.9,0.1,100,12.5,356,1011.5,95,20460.0,1.31,12.43,0.2,0.0,-0.3,0.1,0.6,1.8,12.5,1.31,1,0,0,0,0,0,0,0,1,1,0,1
2025-12-25 05:00:00,DAD,22.9,0.1,100,11.3,358,1011.7,93,15380.0,1.57,11.19,0.0,0.0,0.4,0.1,0.5,1.5,12.5,1.57,1,0,0,0,0,0,0,0,1,1,0,1
2025-12-25 06:00:00,DAD,22.7,0.4,100,11.9,15,1012.7,93,19600.0,5.03,10.79,-0.2,0.0,1.7,0.4,0.6,1.5,12.5,5.03,1,0,0,0,0,0,0,0,1,1,0,1
2025-12-25 07:00:00,DAD,23.0,0.2,100,11.1,7,1013.6,93,23680.0,3.25,10.61,0.3,0.1,2.1,0.2,0.7,1.3,11.9,5.03,1,0,0,0,0,0,0,0,1,1,0,1
2025-12-25 08:00:00,DAD,23.6,0.3,100,11.8,24,1014.8,91,22260.0,6.6,9.78,0.6,0.7,3.1,0.3,0.9,1.4,11.9,6.6,1,0,0,0,0,0,0,0,1,1,0,1
2025-12-25 09:00:00,DAD,23.7,0.3,100,14.0,32,1015.5,89,24140.0,9.37,10.4,0.1,1.0,2.8,0.3,0.8,1.4,14.0,9.37,1,0,0,0,0,0,0,0,1,1,0,1
2025-12-25 10:00:00,DAD,24.1,0.2,91,13.0,31,1015.6,84,24140.0,8.53,9.81,0.4,1.1,2.0,0.2,0.8,1.5,14.0,9.37,1,0,0,0,0,0,0,0,1,1,0,1
2025-12-25 11:00:00,DAD,24.2,0.4,97,14.4,33,1015.2,85,23380.0,9.82,10.53,0.1,0.6,0.4,0.4,0.9,1.8,14.4,9.82,1,0,0,0,0,0,0,0,1,1,0,1
2025-12-25 12:00:00,DAD,24.5,0.1,100,16.1,32,1014.4,79,22240.0,10.77,11.96,0.3,0.8,-1.1,0.1,0.7,1.5,16.1,10.77,1,0,0,0,0,0,0,0,1,1,0,1
2025-12-25 13:00:00,DAD,23.2,0.3,100,15.6,30,1013.5,89,20840.0,10.03,11.95,-1.3,-0.9,-2.1,0.3,0.8,1.6,16.1,10.77,1,0,0,0,0,0,0,0,1,1,0,1
2025-12-25 14:00:00,DAD,22.8,0.4,100,15.5,35,1013.4,89,14780.0,10.96,10.96,-0.4,-1.4,-1.8,0.4,0.8,1.7,16.1,10.96,1,0,0,0,0,0,0,0,1,1,0,1
2025-12-25 15:00:00,DAD,22.7,0.4,100,12.0,35,1013.2,91,14780.0,8.49,8.49,-0.1,-1.8,-1.2,0.4,1.1,1.8,15.6,10.96,1,0,0,0,0,0,0,0,1,1,0,1
2025-12-25 16:00:00,DAD,23.1,0.4,100,12.8,28,1013.3,90,14780.0,7.88,10.09,0.4,-0.1,-0.2,0.4,1.2,2.0,15.5,10.96,1,0,0,0,0,0,0,0,1,1,0,1
2025-12-25 17:00:00,DAD,23.0,0.4,100,14.0,30,1014.0,89,14780.0,9.0,10.72,-0.1,0.2,0.6,0.4,1.2,2.0,14.0,9.0,1,0,0,0,0,0,0,0,1,1,0,1
2025-12-25 18:00:00,DAD,22.4,0.2,100,14.9,13,1014.7,90,14780.0,5.82,13.72,-0.6,-0.3,1.5,0.2,1.0,2.1,14.9,9.0,1,0,0,0,0,0,0,0,1,1,0,1
2025-12-25 19:00:00,DAD,21.9,0.4,100,15.6,348,1015.8,91,20420.0,0.54,15.59,-0.5,-1.2,2.5,0.4,1.0,2.2,15.6,9.0,1,0,0,0,0,0,0,0,1,1,0,1
2025-12-25 20:00:00,DAD,21.9,0.3,100,17.9,345,1016.3,91,22960.0,1.56,17.83,0.0,-1.1,2.3,0.3,0.9,2.1,17.9,5.82,1,0,0,0,0,0,0,0,1,1,0,1
2025-12-25 21:00:00,DAD,21.6,0.4,100,21.6,347,1016.4,92,24140.0,1.13,21.57,-0.3,-0.8,1.7,0.4,1.1,2.1,21.6,1.56,1,0,0,0,0,0,0,0,1,1,0,1
2025-12-25 22:00:00,DAD,21.1,0.4,100,22.3,339,1016.2,94,23740.0,4.26,21.89,-0.5,-0.8,0.4,0.4,1.1,2.1,22.3,4.26,1,0,0,0,0,0,0,0,1,1,0,1
2025-12-25 23:00:00,DAD,21.0,0.4,100,24.2,340,1016.3,94,23720.0,4.2,23.83,-0.1,-0.9,0.0,0.4,1.2,2.1,24.2,4.26,1,0,0,0,0,0,0,0,1,1,0,1
2025-12-26 00:00:00,DAD,21.1,0.4,100,25.4,334,1015.9,92,19760.0,7.0,24.42,0.1,-0.5,-0.5,0.4,1.2,2.3,25.4,7.0,1,0,0,0,0,0,0,0,1,1,0,1
2025-12-26 01:00:00,DAD,21.0,0.4,100,24.1,340,1016.0,92,14780.0,4.18,23.73,-0.1,-0.1,-0.2,0.4,1.2,2.3,25.4,7.0,1,0,0,0,0,0,0,0,1,1,0,1
2025-12-26 02:00:00,DAD,21.0,0.4,100,24.2,341,1016.0,92,14780.0,3.79,23.9,0.0,0.0,-0.3,0.4,1.2,2.4,25.4,7.0,1,0,0,0,0,0,0,0,1,1,0,1
2025-12-26 03:00:00,DAD,20.7,0.4,100,24.6,339,1015.8,91,14780.0,4.69,24.15,-0.3,-0.4,-0.1,0.4,1.2,2.4,24.6,4.69,1,0,0,0,0,0,0,0,1,1,0,1
2025-12-26 04:00:00,DAD,20.4,0.4,100,24.5,346,1015.8,93,14780.0,1.71,24.44,-0.3,-0.6,-0.2,0.4,1.2,2.4,24.6,4.69,1,0,0,0,0,0,0,0,1,1,0,1
2025-12-26 05:00:00,DAD,20.5,0.4,100,23.3,347,1016.2,91,14780.0,1.22,23.27,0.1,-0.5,0.2,0.4,1.2,2.4,24.6,4.69,1,0,0,0,0,0,0,0,1,1,0,1
2025-12-26 06:00:00,DAD,20.2,0.4,100,19.2,348,1016.6,92,14780.0,0.67,19.19,-0.3,-0.5,0.8,0.4,1.2,2.4,24.5,1.71,1,0,0,0,0,0,0,0,1,1,0,1
2025-12-26 07:00:00,DAD,20.5,0.4,100,21.3,351,1017.4,89,14780.0,0.37,21.3,0.3,0.1,1.6,0.4,1.2,2.4,23.3,1.22,1,0,0,0,0,0,0,0,1,1,0,1
2025-12-26 08:00:00,DAD,21.1,0.1,100,20.2,351,1018.3,85,14780.0,0.35,20.2,0.6,0.6,2.1,0.1,0.9,2.1,21.3,0.67,1,0,0,0,0,0,0,0,1,1,0,1
2025-12-26 09:00:00,DAD,21.3,0.1,100,18.7,349,1018.7,82,14780.0,0.33,18.7,0.2,1.1,2.1,0.1,0.6,1.8,21.3,0.37,1,0,0,0,0,0,0,0,1,1,0,1
2025-12-26 10:00:00,DAD,21.2,0.3,100,18.6,356,1018.7,83,14780.0,1.94,18.5,-0.1,0.7,1.3,0.3,0.5,1.7,20.2,1.94,1,0,0,0,0,0,0,0,1,1,0,1
2025-12-26 11:00:00,DAD,21.1,0.4,100,17.7,357,1018.2,85,15240.0,2.16,17.57,-0.1,0.0,-0.1,0.4,0.8,1.7,18.7,2.16,1,0,0,0,0,0,0,0,1,1,0,1
2025-12-26 12:00:00,DAD,21.1,0.4,100,16.1,354,1017.1,88,21580.0,1.12,16.06,0.0,-0.2,-1.6,0.4,1.1,1.7,18.6,2.16,1,0,0,0,0,0,0,0,1,1,0,1
2025-12-26 13:00:00,DAD,21.0,0.4,100,18.1,345,1016.2,83,24140.0,1.58,18.03,-0.1,-0.2,-2.5,0.4,1.2,1.7,18.1,2.16,1,0,0,0,0,0,0,0,1,1,0,1
2025-12-26 14:00:00,DAD,21.0,0.4,100,17.6,347,1015.1,83,23620.0,0.92,17.58,0.0,-0.1,-3.1,0.4,1.2,2.0,18.1,1.58,1,0,0,0,0,0,0,0,1,1,0,1
2025-12-26 15:00:00,DAD,20.7,0.4,100,15.9,344,1014.7,86,22820.0,1.66,15.81,-0.3,-0.4,-2.4,0.4,1.2,2.3,18.1,1.66,1,0,0,0,0,0,0,0,1,1,0,1
2025-12-26 16:00:00,DAD,20.6,0.1,100,12.8,344,1014.8,86,23680.0,1.34,12.73,-0.1,-0.4,-1.4,0.1,0.9,2.1,17.6,1.66,1,0,0,0,0,0,0,0,1,1,0,1
2025-12-26 17:00:00,DAD,20.5,0.1,100,10.2,346,1015.1,88,24040.0,0.71,10.18,-0.1,-0.5,0.0,0.1,0.6,1.8,15.9,1.66,1,0,0,0,0,0,0,0,1,1,0,1
2025-12-26 18:00:00,DAD,20.4,0.1,100,10.0,345,1015.8,89,24140.0,0.87,9.96,-0.1,-0.3,1.1,0.1,0.3,1.5,12.8,1.34,1,0,0,0,0,0,0,0,1,1,0,1
2025-12-26 19:00:00,DAD,20.2,0.1,100,9.9,328,1016.4,91,24140.0,3.71,9.18,-0.2,-0.4,1.6,0.1,0.3,1.2,10.2,3.71,1,0,0,0,0,0,0,0,1,1,0,1
2025-12-26 20:00:00,DAD,20.1,0.0,94,8.5,322,1016.7,91,24140.0,3.99,7.51,-0.1,-0.4,1.6,0.0,0.2,0.8,10.0,3.99,0,0,0,0,0,0,0,0,0,0,0,0
2025-12-26 21:00:00,DAD,20.1,0.0,90,7.5,325,1016.6,90,24140.0,3.17,6.8,0.0,-0.3,0.8,0.0,0.1,0.4,9.9,3.99,0,0,0,0,0,0,0,0,0,0,0,0
2025-12-26 22:00:00,DAD,20.2,0.0,52,6.2,330,1016.4,88,24140.0,2.12,5.83,0.1,0.0,0.0,0.0,0.0,0.3,8.5,3.99,0,0,0,0,0,0,0,0,0,0,0,0
2025-12-26 23:00:00,DAD,20.1,0.0,35,5.8,326,1016.2,88,24140.0,2.36,5.3,-0.1,0.0,-0.5,0.0,0.0,0.2,7.5,3.17,0,0,0,0,0,0,0,0,0,0,0,0
2025-12-27 00:00:00,DAD,20.0,0.0,95,5.9,320,1015.9,90,24140.0,2.95,5.11,-0.1,-0.1,-0.7,0.0,0.0,0.1,6.2,2.95,0,0,0,0,0,0,0,0,0,0,0,0
2025-12-27 01:00:00,DAD,19.8,0.0,100,4.8,290,1015.5,89,24140.0,4.16,2.4,-0.2,-0.4,-0.9,0.0,0.0,0.0,5.9,4.16,0,0,0,0,0,0,0,0,0,0,0,0
2025-12-27 02:00:00,DAD,20.0,0.0,100,5.3,315,1015.4,89,24140.0,3.04,4.34,0.2,-0.1,-0.8,0.0,0.0,0.0,5.9,4.16,0,0,0,0,0,0,0,0,0,0,0,0
2025-12-27 03:00:00,DAD,20.1,0.0,86,7.3,324,1014.8,87,24140.0,3.2,6.56,0.1,0.1,-1.1,0.0,0.0,0.0,7.3,4.16,0,0,0,0,0,0,0,0,0,0,0,0
2025-12-27 04:00:00,DAD,20.0,0.0,100,7.1,330,1014.9,87,24140.0,2.43,6.67,-0.1,0.2,-0.6,0.0,0.0,0.0,7.3,3.2,0,0,0,0,0,0,0,0,0,0,0,0
2025-12-27 05:00:00,DAD,19.6,0.4,80,7.9,336,1015.2,89,24140.0,1.91,7.67,-0.4,-0.4,-0.2,0.4,0.4,0.4,7.9,3.2,1,0,0,0,0,0,0,0,0,1,0,0
2025-12-27 06:00:00,DAD,19.7,0.1,50,7.8,316,1015.7,89,24140.0,4.36,6.47,0.1,-0.4,0.9,0.1,0.5,0.5,7.9,4.36,1,0,0,0,0,0,0,0,0,1,0,0
2025-12-27 07:00:00,DAD,19.9,0.1,100,7.5,303,1016.5,89,24140.0,5.49,5.11,0.2,-0.1,1.6,0.1,0.6,0.6,7.9,5.49,1,0,0,0,0,0,0,0,1,1,0,1
2025-12-27 08:00:00,DAD,20.6,0.1,97,4.7,310,1017.4,85,24140.0,3.02,3.6,0.7,1.0,2.2,0.1,0.3,0.7,7.8,5.49,1,0,0,0,0,0,0,0,1,1,0,1
2025-12-27 09:00:00,DAD,21.6,0.2,96,6.6,331,1018.0,82,24140.0,2.15,6.24,1.0,1.9,2.3,0.2,0.4,0.9,7.5,5.49,1,0,0,0,0,0,0,0,1,1,0,1
2025-12-27 10:00:00,DAD,21.6,0.2,91,10.3,327,1017.8,81,24140.0,4.02,9.48,0.0,1.7,1.3,0.2,0.5,1.1,10.3,4.02,1,0,0,0,0,0,0,0,1,1,0,1
2025-12-27 11:00:00,DAD,22.1,0.3,100,11.3,351,1017.6,81,24140.0,0.2,11.3,0.5,1.5,0.2,0.3,0.7,1.0,11.3,4.02,1,0,0,0,0,0,0,0,1,1,0,1
2025-12-27 12:00:00,DAD,22.0,0.1,100,13.0,358,1016.8,82,24140.0,1.81,12.87,-0.1,0.4,-1.2,0.1,0.6,1.0,13.0,4.02,1,0,0,0,0,0,0,0,1,1,0,1
2025-12-27 13:00:00,DAD,22.2,0.1,98,12.3,337,1015.7,81,21960.0,2.77,11.98,0.2,0.6,-2.1,0.1,0.5,1.0,13.0,2.77,1,0,0,0,0,0,0,0,1,1,0,1
2025-12-27 14:00:00,DAD,22.5,0.0,100,14.2,347,1015.0,80,22600.0,0.74,14.18,0.3,0.4,-2.6,0.0,0.2,0.9,14.2,2.77,0,0,0,0,0,0,0,0,0,0,0,0
2025-12-27 15:00:00,DAD,21.9,0.2,100,13.6,352,1014.7,82,24140.0,0.47,13.59,-0.6,-0.1,-2.1,0.2,0.3,0.9,14.2,2.77,1,0,0,0,0,0,0,0,1,1,0,1
2025-12-27 16:00:00,DAD,22.2,0.1,88,11.5,349,1014.7,81,24140.0,0.2,11.5,0.3,0.0,-1.0,0.1,0.3,0.8,14.2,0.74,1,0,0,0,0,0,0,0,1,1,0,1
2025-12-27 17:00:00,DAD,21.1,0.4,100,10.9,9,1015.6,88,24140.0,3.55,10.31,-1.1,-1.4,0.6,0.4,0.7,0.9,13.6,3.55,1,0,0,0,0,0,0,0,1,1,0,1
2025-12-27 18:00:00,DAD,21.0,0.2,97,6.9,345,1016.1,90,24140.0,0.6,6.87,-0.1,-0.9,1.4,0.2,0.7,1.0,11.5,3.55,1,0,0,0,0,0,0,0,1,1,0,1
2025-12-27 19:00:00,DAD,20.4,0.1,90,8.3,309,1016.7,93,24140.0,5.45,6.26,-0.6,-1.8,2.0,0.1,0.7,1.0,10.9,5.45,1,0,0,0,0,0,0,0,1,1,0,1
2025-12-27 20:00:00,DAD,20.4,0.1,95,4.3,318,1017.0,93,24140.0,2.28,3.65,0.0,-0.7,1.4,0.1,0.4,1.1,8.3,5.45,1,0,0,0,0,0,0,0,1,1,0,1
2025-12-27 21:00:00,DAD,20.1,0.1,88,4.0,333,1017.3,96,24140.0,1.17,3.83,-0.3,-0.9,1.2,0.1,0.3,1.0,8.3,5.45,1,0,0,0,0,0,0,0,1,1,0,1
2025-12-27 22:00:00,DAD,20.2,0.2,99,5.1,309,1017.2,95,24140.0,3.35,3.85,0.1,-0.2,0.5,0.2,0.4,1.1,5.1,3.35,1,0,0,0,0,0,0,0,1,1,0,1
2025-12-27 23:00:00,DAD,20.0,0.1,98,4.3,318,1016.7,96,24140.0,2.28,3.65,-0.2,-0.4,-0.3,0.1,0.4,0.8,5.1,3.35,1,0,0,0,0,0,0,0,1,1,0,1
2025-12-28 00:00:00,DAD,20.0,0.0,95,4.2,317,1016.3,96,23640.0,2.29,3.52,0.0,-0.1,-1.0,0.0,0.3,0.6,5.1,3.35,0,0,0,0,0,0,0,0,0,0,0,0
2025-12-28 01:00:00,DAD,20.1,0.0,68,3.2,286,1015.9,95,24140.0,2.88,1.4,0.1,-0.1,-1.3,0.0,0.1,0.5,4.3,2.88,0,0,0,0,0,0,0,0,0,0,0,0
2025-12-28 02:00:00,DAD,20.1,0.0,34,3.6,290,1015.5,95,24140.0,3.12,1.8,0.0,0.1,-1.2,0.0,0.0,0.4,4.2,3.12,0,0,0,0,0,0,0,0,0,0,0,0
2025-12-28 03:00:00,DAD,20.3,0.0,100,4.0,333,1014.9,95,24140.0,1.17,3.83,0.2,0.3,-1.4,0.0,0.0,0.3,4.0,3.12,0,0,0,0,0,0,0,0,0,0,0,0
2025-12-28 04:00:00,DAD,20.4,0.4,100,7.1,350,1015.0,93,24140.0,0.0,7.1,0.1,0.3,-0.9,0.4,0.4,0.5,7.1,3.12,1,0,0,0,0,0,0,0,1,1,0,1
2025-12-28 05:00:00,DAD,20.5,0.3,98,7.2,341,1015.6,93,24140.0,1.13,7.11,0.1,0.4,0.1,0.3,0.7,0.7,7.2,1.17,1,0,0,0,0,0,0,0,1,1,0,1
2025-12-28 06:00:00,DAD,20.5,0.1,74,8.1,335,1016.1,93,24140.0,2.1,7.82,0.0,0.2,1.2,0.1,0.8,0.8,8.1,2.1,1,0,0,0,0,0,0,0,0,1,0,0
2025-12-28 07:00:00,DAD,20.4,0.0,100,6.4,324,1016.9,94,24140.0,2.81,5.75,-0.1,0.0,1.9,0.0,0.4,0.8,8.1,2.81,0,0,0,0,0,0,0,0,0,0,0,0
2025-12-28 08:00:00,DAD,21.4,0.1,45,7.2,325,1017.7,89,19940.0,3.04,6.53,1.0,0.9,2.1,0.1,0.2,0.9,8.1,3.04,1,0,0,0,0,0,0,0,0,1,0,0
2025-12-28 09:00:00,DAD,22.0,0.1,55,8.5,347,1018.2,87,22640.0,0.44,8.49,0.6,1.5,2.1,0.1,0.2,1.0,8.5,3.04,1,0,0,0,0,0,0,0,0,1,0,0
2025-12-28 10:00:00,DAD,22.9,0.1,95,9.9,2,1017.9,82,22260.0,2.06,9.68,0.9,2.5,1.0,0.1,0.3,0.7,9.9,3.04,1,0,0,0,0,0,0,0,1,1,0,1
2025-12-28 11:00:00,DAD,23.4,0.3,48,12.6,13,1017.1,79,21000.0,4.92,11.6,0.5,2.0,-0.6,0.3,0.5,0.7,12.6,4.92,1,0,0,0,0,0,0,0,0,1,0,0
2025-12-28 12:00:00,DAD,23.4,0.3,71,14.0,20,1015.8,78,20800.0,7.0,12.12,0.0,1.4,-2.4,0.3,0.7,0.9,14.0,7.0,1,0,0,0,0,0,0,0,0,1,0,0
2025-12-28 13:00:00,DAD,23.5,0.2,98,12.1,18,1014.6,77,21340.0,5.68,10.68,0.1,0.6,-3.3,0.2,0.8,1.1,14.0,7.0,1,0,0,0,0,0,0,0,1,1,0,1
2025-12-28 14:00:00,DAD,23.2,0.1,100,13.2,24,1014.1,78,21240.0,7.38,10.94,-0.3,-0.2,-3.0,0.1,0.6,1.1,14.0,7.38,1,0,0,0,0,0,0,0,1,1,0,1
2025-12-28 15:00:00,DAD,23.3,0.2,100,12.0,28,1014.2,76,24040.0,7.39,9.46,0.1,-0.1,-1.6,0.2,0.5,1.2,13.2,7.39,1,0,0,0,0,0,0,0,1,1,0,1
2025-12-28 16:00:00,DAD,22.7,0.1,100,10.8,37,1014.4,80,23300.0,7.9,7.37,-0.6,-0.8,-0.2,0.1,0.4,1.2,13.2,7.9,1,0,0,0,0,0,0,0,1,1,0,1
2025-12-28 17:00:00,DAD,21.9,0.1,98,8.1,43,1014.8,85,18040.0,6.47,4.87,-0.8,-1.3,0.7,0.1,0.4,1.0,12.0,7.9,1,0,0,0,0,0,0,0,1,1,0,1
2025-12-28 18:00:00,DAD,21.5,0.1,97,5.2,44,1015.4,89,21760.0,4.21,3.06,-0.4,-1.8,1.2,0.1,0.3,0.8,10.8,7.9,1,0,0,0,0,0,0,0,1,1,0,1
2025-12-28 19:00:00,DAD,21.4,0.1,25,2.7,4,1015.9,92,16820.0,0.65,2.62,-0.1,-1.3,1.5,0.1,0.3,0.7,8.1,6.47,1,0,0,0,0,0,0,0,0,1,0,0
2025-12-28 20:00:00,DAD,21.0,0.3,86,2.1,20,1016.5,91,17700.0,1.05,1.82,-0.4,-0.9,1.7,0.3,0.5,0.9,5.2,4.21,1,0,0,0,0,0,0,0,1,1,0,1
2025-12-28 21:00:00,DAD,21.1,0.1,98,2.4,42,1016.8,90,23380.0,1.89,1.48,0.1,-0.4,1.4,0.1,0.5,0.8,2.7,1.89,1,0,0,0,0,0,0,0,1,1,0,1
2025-12-28 22:00:00,DAD,20.9,0.0,99,2.3,29,1016.1,93,15260.0,1.45,1.79,-0.2,-0.5,0.2,0.0,0.4,0.7,2.4,1.89,0,0,0,0,0,0,0,0,0,0,0,0
2025-12-28 23:00:00,DAD,20.2,0.1,95,1.5,21,1015.8,95,23600.0,0.77,1.29,-0.7,-0.8,-0.7,0.1,0.2,0.7,2.4,1.89,1,0,0,0,0,0,0,0,1,1,0,1
2025-12-29 00:00:00,DAD,20.5,0.0,99,0.2,270,1015.4,91,20540.0,0.2,0.03,0.3,-0.6,-1.4,0.0,0.1,0.6,2.3,1.45,0,0,0,0,0,0,0,0,0,0,0,0
2025-12-29 01:00:00,DAD,20.8,0.2,100,2.5,90,1014.9,89,23980.0,2.46,-0.43,0.3,-0.1,-1.2,0.2,0.3,0.7,2.5,2.46,1,0,0,0,0,0,0,0,1,1,0,1
2025-12-29 02:00:00,DAD,20.8,0.1,95,1.3,180,1014.2,91,23900.0,0.23,-1.28,0.0,0.6,-1.6,0.1,0.3,0.5,2.5,2.46,1,0,0,0,0,0,0,0,1,1,0,1
2025-12-29 03:00:00,DAD,20.8,0.3,100,0.8,117,1013.7,92,17560.0,0.64,-0.48,0.0,0.3,-1.7,0.3,0.6,0.7,2.5,2.46,1,0,0,0,0,0,0,0,1,1,0,1
2025-12-29 04:00:00,DAD,20.6,0.2,100,1.1,108,1013.7,94,23600.0,0.97,-0.52,-0.2,-0.2,-1.2,0.2,0.6,0.9,1.3,0.97,1,0,0,0,0,0,0,0,1,1,0,1
2025-12-29 05:00:00,DAD,20.5,0.3,99,1.9,112,1014.2,93,24140.0,1.61,-1.01,-0.1,-0.3,0.0,0.3,0.8,1.1,1.9,1.61,1,0,0,0,0,0,0,0,1,1,0,1
2025-12-29 06:00:00,DAD,20.6,0.2,98,2.1,121,1014.8,92,20980.0,1.58,-1.38,0.1,-0.2,1.1,0.2,0.7,1.3,2.1,1.61,1,0,0,0,0,0,0,0,1,1,0,1
2025-12-29 07:00:00,DAD,21.0,0.1,97,4.8,27,1015.4,90,24140.0,2.89,3.83,0.4,0.4,1.7,0.1,0.6,1.2,4.8,2.89,1,0,0,0,0,0,0,0,1,1,0,1
2025-12-29 08:00:00,DAD,21.9,0.2,95,5.3,28,1015.9,87,23400.0,3.26,4.18,0.9,1.4,1.7,0.2,0.5,1.3,5.3,3.26,1,0,0,0,0,0,0,0,1,1,0,1
2025-12-29 09:00:00,DAD,22.4,0.4,33,4.8,22,1016.2,84,23020.0,2.54,4.07,0.5,1.8,1.4,0.4,0.7,1.4,5.3,3.26,1,0,0,0,0,0,0,0,0,1,0,0
2025-12-29 10:00:00,DAD,23.0,0.3,64,6.4,27,1015.7,81,24140.0,3.85,5.11,0.6,2.0,0.3,0.3,0.9,1.5,6.4,3.85,1,0,0,0,0,0,0,0,0,1,0,0
2025-12-29 11:00:00,DAD,23.9,0.2,84,7.1,41,1015.1,75,23640.0,5.52,4.47,0.9,2.0,-0.8,0.2,0.9,1.4,7.1,5.52,1,0,0,0,0,0,0,0,1,1,0,1
2025-12-29 12:00:00,DAD,24.1,0.3,100,8.7,53,1013.9,73,24140.0,7.75,3.95,0.2,1.7,-2.3,0.3,0.8,1.5,8.7,7.75,1,0,0,0,0,0,0,0,1,1,0,1
2025-12-29 13:00:00,DAD,24.5,0.2,100,9.5,63,1012.8,72,23580.0,9.08,2.78,0.4,1.5,-2.9,0.2,0.7,1.6,9.5,9.08,1,0,0,0,0,0,0,0,1,1,0,1
2025-12-29 14:00:00,DAD,24.4,0.0,86,11.5,63,1012.3,73,24140.0,11.0,3.36,-0.1,0.5,-2.8,0.0,0.5,1.4,11.5,11.0,0,0,0,0,0,0,0,0,0,0,0,0
2025-12-29 15:00:00,DAD,24.0,0.1,67,11.4,57,1012.3,75,23960.0,10.49,4.45,-0.4,-0.1,-1.6,0.1,0.3,1.1,11.5,11.0,1,0,0,0,0,0,0,0,0,1,0,0
2025-12-29 16:00:00,DAD,23.4,0.0,41,10.2,58,1012.4,77,24140.0,9.46,3.82,-0.6,-1.1,-0.4,0.0,0.1,0.8,11.5,11.0,0,0,0,0,0,0,0,0,0,0,0,0
2025-12-29 17:00:00,DAD,23.2,0.0,25,8.4,74,1013.1,79,24100.0,8.35,0.88,-0.2,-1.2,0.8,0.0,0.1,0.6,11.4,10.49,0,0,0,0,0,0,0,0,0,0,0,0
2025-12-29 18:00:00,DAD,22.8,0.0,42,8.9,82,1013.6,81,23960.0,8.89,-0.31,-0.4,-1.2,1.3,0.0,0.0,0.3,10.2,9.46,0,0,0,0,0,0,0,0,0,0,0,0
2025-12-29 19:00:00,DAD,22.4,0.0,34,5.7,99,1014.1,86,24140.0,5.39,-1.86,-0.4,-1.0,1.7,0.0,0.0,0.1,8.9,8.89,0,0,0,0,0,0,0,0,0,0,0,0
2025-12-29 20:00:00,DAD,22.2,0.0,31,3.5,102,1014.5,88,24140.0,3.25,-1.31,-0.2,-1.0,1.4,0.0,0.0,0.1,8.9,8.89,0,0,0,0,0,0,0,0,0,0,0,0
2025-12-29 21:00:00,DAD,22.1,0.1,55,4.0,117,1014.5,88,23280.0,3.19,-2.41,-0.1,-0.7,0.9,0.1,0.1,0.1,5.7,5.39,1,0,0,0,0,0,0,0,0,1,0,0
2025-12-29 22:00:00,DAD,22.0,0.3,67,1.5,126,1014.3,89,24140.0,1.04,-1.08,-0.1,-0.4,0.2,0.3,0.4,0.4,4.0,3.25,1,0,0,0,0,0,0,0,0,1,0,0
2025-12-29 23:00:00,DAD,21.6,0.3,79,2.1,149,1014.0,89,24140.0,0.75,-1.96,-0.4,-0.6,-0.5,0.3,0.7,0.7,4.0,3.19,1,0,0,0,0,0,0,0,0,1,0,0
2025-12-30 00:00:00,DAD,21.1,0.3,63,3.2,183,1013.6,93,24140.0,0.72,-3.12,-0.5,-1.0,-0.9,0.3,0.9,1.0,3.2,1.04,1,0,0,0,0,0,0,0,0,1,0,0
2025-12-30 01:00:00,DAD,21.2,0.4,73,3.0,218,1013.2,95,24140.0,2.23,-2.01,0.1,-0.8,-1.1,0.4,1.0,1.4,3.2,2.23,1,0,0,0,0,0,0,0,0,1,0,0
2025-12-30 02:00:00,DAD,20.8,0.1,100,4.0,262,1012.6,97,24140.0,4.0,0.14,-0.4,-0.8,-1.4,0.1,0.8,1.5,4.0,4.0,1,0,0,0,0,0,0,0,1,1,0,1
2025-12-30 03:00:00,DAD,20.9,0.0,100,4.4,277,1012.1,97,24140.0,4.21,1.29,0.1,-0.2,-1.5,0.0,0.5,1.4,4.4,4.21,0,0,0,0,0,0,0,0,0,0,0,0
2025-12-30 04:00:00,DAD,20.9,0.0,88,2.9,292,1012.5,97,24140.0,2.46,1.54,0.0,-0.3,-0.7,0.0,0.1,1.1,4.4,4.21,0,0,0,0,0,0,0,0,0,0,0,0
2025-12-30 05:00:00,DAD,20.5,0.0,100,2.6,286,1012.6,97,24040.0,2.34,1.14,-0.4,-0.3,0.0,0.0,0.0,0.8,4.4,4.21,0,0,0,0,0,0,0,0,0,0,0,0
2025-12-30 06:00:00,DAD,19.9,0.0,100,3.4,276,1013.4,97,24140.0,3.27,0.94,-0.6,-1.0,1.3,0.0,0.0,0.5,3.4,3.27,0,0,0,0,0,0,0,0,0,0,0,0
2025-12-30 07:00:00,DAD,21.4,0.0,100,4.0,280,1014.5,95,21140.0,3.76,1.37,1.5,0.5,2.0,0.0,0.0,0.1,4.0,3.76,0,0,0,0,0,0,0,0,0,0,0,0
2025-12-30 08:00:00,DAD,22.0,0.0,18,2.8,259,1015.3,92,17440.0,2.8,-0.05,0.6,1.5,2.7,0.0,0.0,0.0,4.0,3.76,0,0,0,0,0,0,0,0,0,0,0,0
2025-12-30 09:00:00,DAD,23.0,0.4,65,5.3,78,1015.8,83,16360.0,5.3,0.18,1.0,3.1,2.4,0.4,0.4,0.4,5.3,5.3,1,0,0,0,0,0,0,0,0,1,0,0
2025-12-30 10:00:00,DAD,23.7,0.1,43,8.0,84,1015.5,76,17400.0,7.98,-0.56,0.7,2.3,1.0,0.1,0.5,0.5,8.0,7.98,1,0,0,0,0,0,0,0,0,1,0,0
2025-12-30 11:00:00,DAD,24.1,0.1,73,9.0,96,1014.5,73,18580.0,8.65,-2.48,0.4,2.1,-0.8,0.1,0.6,0.6,9.0,8.65,1,0,0,0,0,0,0,0,0,1,0,0
2025-12-30 12:00:00,DAD,24.4,0.0,98,9.1,82,1013.3,71,24060.0,9.09,-0.32,0.3,1.4,-2.5,0.0,0.2,0.6,9.1,9.09,0,0,0,0,0,0,0,0,0,0,0,0
2025-12-30 13:00:00,DAD,24.6,0.0,97,5.4,84,1012.1,69,23640.0,5.39,-0.38,0.2,0.9,-3.4,0.0,0.1,0.6,9.1,9.09,0,0,0,0,0,0,0,0,0,0,0,0
2025-12-30 14:00:00,DAD,24.8,0.0,90,6.5,103,1011.4,66,24140.0,5.98,-2.54,0.2,0.7,-3.1,0.0,0.0,0.6,9.1,9.09,0,0,0,0,0,0,0,0,0,0,0,0
2025-12-30 15:00:00,DAD,24.6,0.0,85,9.1,105,1011.1,64,24140.0,8.25,-3.85,-0.2,0.2,-2.2,0.0,0.0,0.2,9.1,8.25,0,0,0,0,0,0,0,0,0,0,0,0
2025-12-30 16:00:00,DAD,24.3,0.0,61,8.9,114,1011.0,66,24140.0,7.38,-4.98,-0.3,-0.3,-1.1,0.0,0.0,0.1,9.1,8.25,0,0,0,0,0,0,0,0,0,0,0,0
2025-12-30 17:00:00,DAD,23.5,0.0,26,6.8,119,1011.3,74,24140.0,5.28,-4.28,-0.8,-1.3,-0.1,0.0,0.0,0.0,9.1,8.25,0,0,0,0,0,0,0,0,0,0,0,0
2025-12-30 18:00:00,DAD,22.5,0.0,20,4.3,114,1012.0,80,24140.0,3.56,-2.4,-1.0,-2.1,0.9,0.0,0.0,0.0,8.9,7.38,0,0,0,0,0,0,0,0,0,0,0,0
2025-12-30 19:00:00,DAD,22.8,0.0,25,7.2,104,1012.6,78,24140.0,6.58,-2.93,0.3,-1.5,1.6,0.0,0.0,0.0,7.2,6.58,0,0,0,0,0,0,0,0,0,0,0,0
2025-12-30 20:00:00,DAD,22.7,0.0,15,8.1,91,1013.1,78,24140.0,7.95,-1.55,-0.1,-0.8,1.8,0.0,0.0,0.0,8.1,7.95,0,0,0,0,0,0,0,0,0,0,0,0
2025-12-30 21:00:00,DAD,21.9,0.0,23,4.2,144,1013.1,83,24140.0,1.84,-3.77,-0.8,-0.6,1.1,0.0,0.0,0.0,8.1,7.95,0,0,0,0,0,0,0,0,0,0,0,0
2025-12-30 22:00:00,DAD,21.4,0.0,15,3.8,177,1012.7,87,24140.0,0.46,-3.77,-0.5,-1.4,0.1,0.0,0.0,0.0,8.1,7.95,0,0,0,0,0,0,0,0,0,0,0,0
2025-12-30 23:00:00,DAD,20.9,0.0,13,3.3,216,1012.4,90,24140.0,2.37,-2.29,-0.5,-1.8,-0.7,0.0,0.0,0.0,4.2,2.37,0,0,0,0,0,0,0,0,0,0,0,0
2025-12-31 00:00:00,DAD,20.3,0.0,16,3.6,240,1012.4,92,24140.0,3.38,-1.23,-0.6,-1.6,-0.7,0.0,0.0,0.0,3.8,3.38,0,0,0,0,0,0,0,0,0,0,0,0
2025-12-31 01:00:00,DAD,20.8,0.0,36,1.2,231,1011.9,91,24140.0,1.05,-0.58,0.5,-0.6,-0.8,0.0,0.0,0.0,3.6,3.38,0,0,0,0,0,0,0,0,0,0,0,0
2025-12-31 02:00:00,DAD,20.4,0.0,12,1.7,229,1011.5,93,24140.0,1.46,-0.88,-0.4,-0.5,-0.9,0.0,0.0,0.0,3.6,3.38,0,0,0,0,0,0,0,0,0,0,0,0
2025-12-31 03:00:00,DAD,20.0,0.0,16,1.9,241,1011.1,94,24140.0,1.8,-0.62,-0.4,-0.3,-1.3,0.0,0.0,0.0,1.9,1.8,0,0,0,0,0,0,0,0,0,0,0,0
2025-12-31 04:00:00,DAD,19.5,0.0,20,2.2,265,1011.1,95,24140.0,2.19,0.19,-0.5,-1.3,-0.8,0.0,0.0,0.0,2.2,2.19,0,0,0,0,0,0,0,0,0,0,0,0
2025-12-31 05:00:00,DAD,19.2,0.0,13,2.8,255,1011.3,95,24140.0,2.79,-0.24,-0.3,-1.2,-0.2,0.0,0.0,0.0,2.8,2.79,0,0,0,0,0,0,0,0,0,0,0,0
2025-12-31 06:00:00,DAD,19.1,0.0,70,3.4,267,1011.8,94,24140.0,3.37,0.41,-0.1,-0.9,0.7,0.0,0.0,0.0,3.4,3.37,0,0,0,0,0,0,0,0,0,0,0,0
2025-12-31 07:00:00,DAD,20.6,0.0,73,6.0,263,1012.2,86,24140.0,5.99,0.31,1.5,1.1,1.1,0.0,0.0,0.0,6.0,5.99,0,0,0,0,0,0,0,0,0,0,0,0
2025-12-31 08:00:00,DAD,22.8,0.0,58,4.0,234,1013.1,78,24140.0,3.6,-1.75,2.2,3.6,1.8,0.0,0.0,0.0,6.0,5.99,0,0,0,0,0,0,0,0,0,0,0,0
2025-12-31 09:00:00,DAD,24.0,0.0,74,4.1,167,1013.4,73,24140.0,0.21,-4.09,1.2,4.9,1.6,0.0,0.0,0.0,6.0,5.99,0,0,0,0,0,0,0,0,0,0,0,0
2025-12-31 10:00:00,DAD,24.6,0.0,70,6.1,122,1012.8,68,24140.0,4.53,-4.08,0.6,4.0,0.6,0.0,0.0,0.0,6.1,4.53,0,0,0,0,0,0,0,0,0,0,0,0
2025-12-31 11:00:00,DAD,24.7,0.0,74,7.4,112,1012.2,68,24140.0,6.28,-3.92,0.1,1.9,-0.9,0.0,0.0,0.0,7.4,6.28,0,0,0,0,0,0,0,0,0,0,0,0
2025-12-31 12:00:00,DAD,25.0,0.0,64,9.7,105,1011.2,66,24140.0,8.79,-4.1,0.3,1.0,-2.2,0.0,0.0,0.0,9.7,8.79,0,0,0,0,0,0,0,0,0,0,0,0
2025-12-31 13:00:00,DAD,25.0,0.0,86,10.4,108,1009.9,65,24140.0,9.18,-4.88,0.0,0.4,-2.9,0.0,0.0,0.0,10.4,9.18,0,0,0,0,0,0,0,0,0,0,0,0
2025-12-31 14:00:00,DAD,25.0,0.0,98,11.1,102,1009.1,65,24140.0,10.29,-4.16,0.0,0.3,-3.1,0.0,0.0,0.0,11.1,10.29,0,0,0,0,0,0,0,0,0,0,0,0
2025-12-31 15:00:00,DAD,24.5,0.0,97,11.7,103,1009.0,65,24140.0,10.77,-4.57,-0.5,-0.5,-2.2,0.0,0.0,0.0,11.7,10.77,0,0,0,0,0,0,0,0,0,0,0,0
2025-12-31 16:00:00,DAD,24.0,0.0,23,11.3,100,1009.1,67,24140.0,10.62,-3.86,-0.5,-1.0,-0.8,0.0,0.0,0.0,11.7,10.77,0,0,0,0,0,0,0,0,0,0,0,0
2025-12-31 17:00:00,DAD,23.5,0.0,89,10.3,95,1009.5,72,24140.0,9.95,-2.67,-0.5,-1.5,0.4,0.0,0.0,0.0,11.7,10.77,0,0,0,0,0,0,0,0,0,0,0,0
2025-12-31 18:00:00,DAD,22.9,0.0,98,9.4,89,1010.5,74,24140.0,9.28,-1.47,-0.6,-1.6,1.5,0.0,0.0,0.0,11.3,10.62,0,0,0,0,0,0,0,0,0,0,0,0
2025-12-31 19:00:00,DAD,22.7,0.0,99,9.6,120,1011.0,77,24140.0,7.35,-6.17,-0.2,-1.3,1.9,0.0,0.0,0.0,10.3,9.95,0,0,0,0,0,0,0,0,0,0,0,0
2025-12-31 20:00:00,DAD,22.4,0.0,91,8.3,132,1011.5,78,24140.0,5.11,-6.54,-0.3,-1.1,2.0,0.0,0.0,0.0,9.6,9.28,0,0,0,0,0,0,0,0,0,0,0,0
2025-12-31 21:00:00,DAD,21.9,0.0,86,4.2,155,1011.8,82,24140.0,1.09,-4.06,-0.5,-1.0,1.3,0.0,0.0,0.0,9.6,7.35,0,0,0,0,0,0,0,0,0,0,0,0
2025-12-31 22:00:00,DAD,21.0,0.0,77,4.3,202,1012.0,87,24140.0,2.28,-3.65,-0.9,-1.7,1.0,0.0,0.0,0.0,8.3,5.11,0,0,0,0,0,0,0,0,0,0,0,0
2025-12-31 23:00:00,DAD,20.6,0.0,38,5.7,224,1011.8,88,24140.0,4.61,-3.35,-0.4,-1.8,0.3,0.0,0.0,0.0,5.7,4.61,0,0,0,0,0,0,0,0,0,0,0,0
2026-01-01 00:00:00,DAD,20.0,0.0,4,5.8,248,1011.6,88,24140.0,5.67,-1.21,-0.6,-1.9,-0.2,0.0,0.0,0.0,5.8,5.67,0,0,0,0,0,0,0,0,0,0,0,0
2026-01-01 01:00:00,DAD,19.9,0.0,60,5.6,270,1010.9,86,24140.0,5.51,0.97,-0.1,-1.1,-1.1,0.0,0.0,0.0,5.8,5.67,0,0,0,0,0,0,0,0,0,0,0,0
2026-01-01 02:00:00,DAD,19.4,0.0,47,3.4,288,1010.8,89,24140.0,3.0,1.6,-0.5,-1.2,-1.0,0.0,0.0,0.0,5.8,5.67,0,0,0,0,0,0,0,0,0,0,0,0
2026-01-01 03:00:00,DAD,19.2,0.0,70,3.6,276,1010.6,90,24140.0,3.46,0.99,-0.2,-0.8,-1.0,0.0,0.0,0.0,5.6,5.51,0,0,0,0,0,0,0,0,0,0,0,0
2026-01-01 04:00:00,DAD,18.8,0.0,85,2.4,287,1010.6,91,24140.0,2.14,1.09,-0.4,-1.1,-0.3,0.0,0.0,0.0,3.6,3.46,0,0,0,0,0,0,0,0,0,0,0,0
2026-01-01 05:00:00,DAD,18.1,0.0,70,2.7,278,1010.9,95,24140.0,2.57,0.83,-0.7,-1.3,0.1,0.0,0.0,0.0,3.6,3.46,0,0,0,0,0,0,0,0,0,0,0,0
2026-01-01 06:00:00,DAD,18.0,0.0,55,3.4,276,1011.8,94,24140.0,3.27,0.94,-0.1,-1.2,1.2,0.0,0.0,0.0,3.4,3.27,0,0,0,0,0,0,0,0,0,0,0,0
2026-01-01 07:00:00,DAD,19.2,0.0,76,4.1,304,1013.0,93,24140.0,2.95,2.85,1.2,0.4,2.4,0.0,0.0,0.0,4.1,3.27,0,0,0,0,0,0,0,0,0,0,0,0
2026-01-01 08:00:00,DAD,21.1,0.0,46,4.3,272,1014.5,91,24140.0,4.21,0.89,1.9,3.0,3.6,0.0,0.0,0.0,4.3,4.21,0,0,0,0,0,0,0,0,0,0,0,0
2026-01-01 09:00:00,DAD,23.5,0.0,14,3.6,261,1015.2,73,24140.0,3.6,0.06,2.4,5.5,3.4,0.0,0.0,0.0,4.3,4.21,0,0,0,0,0,0,0,0,0,0,0,0
2026-01-01 10:00:00,DAD,24.4,0.0,53,2.0,27,1015.3,69,24140.0,1.2,1.6,0.9,5.2,2.3,0.0,0.0,0.0,4.3,4.21,0,0,0,0,0,0,0,0,0,0,0,0
2026-01-01 11:00:00,DAD,25.0,0.0,41,4.0,39,1014.9,66,24140.0,3.02,2.62,0.6,3.9,0.4,0.0,0.0,0.0,4.0,3.6,0,0,0,0,0,0,0,0,0,0,0,0
2026-01-01 12:00:00,DAD,25.5,0.0,52,7.5,35,1014.2,62,24140.0,5.3,5.3,0.5,2.0,-1.0,0.0,0.0,0.0,7.5,5.3,0,0,0,0,0,0,0,0,0,0,0,0
2026-01-01 13:00:00,DAD,25.6,0.0,5,11.1,40,1013.3,58,24140.0,8.5,7.13,0.1,1.2,-2.0,0.0,0.0,0.0,11.1,8.5,0,0,0,0,0,0,0,0,0,0,0,0
2026-01-01 14:00:00,DAD,25.8,0.0,2,8.0,40,1012.9,56,24140.0,6.13,5.14,0.2,0.8,-2.0,0.0,0.0,0.0,11.1,8.5,0,0,0,0,0,0,0,0,0,0,0,0
2026-01-01 15:00:00,DAD,25.6,0.0,22,6.7,44,1012.9,55,24140.0,5.42,3.94,-0.2,0.1,-1.3,0.0,0.0,0.0,11.1,8.5,0,0,0,0,0,0,0,0,0,0,0,0
2026-01-01 16:00:00,DAD,25.0,0.0,9,6.5,48,1013.0,58,24140.0,5.51,3.44,-0.6,-0.6,-0.3,0.0,0.0,0.0,8.0,6.13,0,0,0,0,0,0,0,0,0,0,0,0
2026-01-01 17:00:00,DAD,23.8,0.0,59,5.5,54,1013.7,70,24140.0,4.94,2.41,-1.2,-2.0,0.8,0.0,0.0,0.0,6.7,5.51,0,0,0,0,0,0,0,0,0,0,0,0
2026-01-01 18:00:00,DAD,22.9,0.0,76,4.3,17,1014.7,76,24140.0,1.95,3.83,-0.9,-2.7,1.8,0.0,0.0,0.0,6.5,5.51,0,0,0,0,0,0,0,0,0,0,0,0
2026-01-01 19:00:00,DAD,22.5,0.0,85,9.3,29,1015.0,76,24140.0,5.85,7.23,-0.4,-2.5,2.0,0.0,0.0,0.0,9.3,5.85,0,0,0,0,0,0,0,0,0,0,0,0
2026-01-01 20:00:00,DAD,22.4,0.0,65,3.6,360,1015.7,79,24140.0,0.63,3.55,-0.1,-1.4,2.0,0.0,0.0,0.0,9.3,5.85,0,0,0,0,0,0,0,0,0,0,0,0
2026-01-01 21:00:00,DAD,22.0,0.0,27,4.2,25,1016.3,81,24140.0,2.41,3.44,-0.4,-0.9,1.6,0.0,0.0,0.0,9.3,5.85,0,0,0,0,0,0,0,0,0,0,0,0
2026-01-01 22:00:00,DAD,21.1,0.0,16,4.4,21,1016.4,87,24140.0,2.27,3.77,-0.9,-1.4,1.4,0.0,0.0,0.0,4.4,2.41,0,0,0,0,0,0,0,0,0,0,0,0
2026-01-01 23:00:00,DAD,20.8,0.0,24,4.4,7,1016.3,89,24140.0,1.29,4.21,-0.3,-1.6,0.6,0.0,0.0,0.0,4.4,2.41,0,0,0,0,0,0,0,0,0,0,0,0
2026-01-02 00:00:00,DAD,20.5,0.1,80,8.6,26,1016.3,92,24140.0,5.05,6.96,-0.3,-1.5,0.0,0.1,0.1,0.1,8.6,5.05,1,0,0,0,0,0,0,0,0,1,0,0
2026-01-02 01:00:00,DAD,20.0,0.3,89,1.9,326,1015.8,93,23980.0,0.77,1.74,-0.5,-1.1,-0.6,0.3,0.4,0.4,8.6,5.05,1,0,0,0,0,0,0,0,1,1,0,1
2026-01-02 02:00:00,DAD,20.0,0.1,98,4.9,39,1015.6,95,22260.0,3.7,3.21,0.0,-0.8,-0.7,0.1,0.5,0.5,8.6,5.05,1,0,0,0,0,0,0,0,1,1,0,1
2026-01-02 03:00:00,DAD,19.8,0.4,74,3.1,298,1015.3,93,16000.0,2.44,1.91,-0.2,-0.7,-1.0,0.4,0.8,0.9,4.9,3.7,1,0,0,0,0,0,0,0,0,1,0,0
2026-01-02 04:00:00,DAD,20.1,0.4,100,4.0,306,1015.5,93,14780.0,2.78,2.88,0.3,0.1,-0.3,0.4,0.9,1.3,4.9,3.7,1,0,0,0,0,0,0,0,1,1,0,1
2026-01-02 05:00:00,DAD,20.0,0.4,100,3.6,60,1015.9,96,14780.0,3.38,1.23,-0.1,0.0,0.3,0.4,1.2,1.7,4.0,3.38,1,0,0,0,0,0,0,0,1,1,0,1
2026-01-02 06:00:00,DAD,20.1,0.4,95,0.5,225,1016.5,94,14780.0,0.41,-0.29,0.1,0.3,1.2,0.4,1.2,2.0,4.0,3.38,1,0,0,0,0,0,0,0,1,1,0,1
2026-01-02 07:00:00,DAD,21.4,0.4,77,7.5,44,1016.6,88,14780.0,6.07,4.41,1.3,1.3,1.1,0.4,1.2,2.1,7.5,6.07,1,0,0,0,0,0,0,0,0,1,0,0
2026-01-02 08:00:00,DAD,22.5,0.0,93,11.5,51,1017.9,84,14780.0,10.06,5.58,1.1,2.5,2.0,0.0,0.8,2.0,11.5,10.06,0,0,0,0,0,0,0,0,0,0,0,0
2026-01-02 09:00:00,DAD,23.5,0.0,63,17.5,58,1018.7,72,20600.0,16.23,6.56,1.0,3.4,2.2,0.0,0.4,1.6,17.5,16.23,0,0,0,0,0,0,0,0,0,0,0,0
2026-01-02 10:00:00,DAD,24.3,0.0,56,20.3,61,1018.7,65,14780.0,19.19,6.61,0.8,2.9,2.1,0.0,0.0,1.2,20.3,19.19,0,0,0,0,0,0,0,0,0,0,0,0
2026-01-02 11:00:00,DAD,24.5,0.0,51,21.4,64,1018.3,64,14820.0,20.57,5.9,0.2,2.0,0.4,0.0,0.0,0.8,21.4,20.57,0,0,0,0,0,0,0,0,0,0,0,0
2026-01-02 12:00:00,DAD,24.5,0.0,41,20.3,66,1017.6,64,21080.0,19.7,4.91,0.0,1.0,-1.1,0.0,0.0,0.4,21.4,20.57,0,0,0,0,0,0,0,0,0,0,0,0
2026-01-02 13:00:00,DAD,24.4,0.0,37,17.4,71,1016.7,63,22340.0,17.19,2.72,-0.1,0.1,-2.0,0.0,0.0,0.0,21.4,20.57,0,0,0,0,0,0,0,0,0,0,0,0
2026-01-02 14:00:00,DAD,24.2,0.1,45,17.3,71,1016.1,63,14780.0,17.09,2.71,-0.2,-0.3,-2.2,0.1,0.1,0.1,20.3,19.7,1,0,0,0,0,0,0,0,0,1,0,0
2026-01-02 15:00:00,DAD,24.2,0.2,29,17.4,71,1016.2,63,19840.0,17.19,2.72,0.0,-0.3,-1.4,0.2,0.3,0.3,17.4,17.19,1,0,0,0,0,0,0,0,0,1,0,0
2026-01-02 16:00:00,DAD,23.5,0.0,18,18.0,76,1016.2,65,14780.0,17.96,1.26,-0.7,-0.9,-0.5,0.0,0.3,0.3,18.0,17.96,0,0,0,0,0,0,0,0,0,0,0,0
2026-01-02 17:00:00,DAD,22.4,0.0,45,14.1,77,1017.2,72,14780.0,14.08,0.74,-1.1,-1.8,1.1,0.0,0.2,0.3,18.0,17.96,0,0,0,0,0,0,0,0,0,0,0,0
2026-01-02 18:00:00,DAD,21.3,0.2,64,10.3,78,1018.1,78,14780.0,10.29,0.36,-1.1,-2.9,1.9,0.2,0.2,0.5,18.0,17.96,1,0,0,0,0,0,0,0,0,1,0,0
2026-01-02 19:00:00,DAD,22.0,0.3,34,12.7,57,1018.1,80,14780.0,11.69,4.96,0.7,-1.5,1.9,0.3,0.5,0.8,14.1,14.08,1,0,0,0,0,0,0,0,0,1,0,0
2026-01-02 20:00:00,DAD,21.1,0.4,78,13.0,72,1019.0,83,14780.0,12.87,1.81,-0.9,-1.3,1.8,0.4,0.9,1.1,13.0,12.87,1,0,0,0,0,0,0,0,0,1,0,0
2026-01-02 21:00:00,DAD,21.9,0.3,37,12.7,69,1019.3,83,14780.0,12.47,2.42,0.8,0.6,1.2,0.3,1.0,1.2,13.0,12.87,1,0,0,0,0,0,0,0,0,1,0,0
2026-01-02 22:00:00,DAD,22.0,0.1,17,17.3,68,1018.9,77,14780.0,16.92,3.6,0.1,0.0,0.8,0.1,0.8,1.3,17.3,16.92,1,0,0,0,0,0,0,0,0,1,0,0
2026-01-02 23:00:00,DAD,21.9,0.0,58,16.0,67,1018.8,77,14780.0,15.59,3.6,-0.1,0.8,-0.2,0.0,0.4,1.3,17.3,16.92,0,0,0,0,0,0,0,0,0,0,0,0
2026-01-03 00:00:00,DAD,21.1,0.3,38,13.6,56,1018.6,81,14780.0,12.42,5.53,-0.8,-0.8,-0.7,0.3,0.4,1.4,17.3,16.92,1,0,0,0,0,0,0,0,0,1,0,0
2026-01-03 01:00:00,DAD,21.5,0.4,76,13.5,57,1017.8,79,14780.0,12.43,5.27,0.4,-0.5,-1.1,0.4,0.7,1.5,16.0,15.59,1,0,0,0,0,0,0,0,0,1,0,0
2026-01-03 02:00:00,DAD,21.0,0.4,56,12.6,53,1017.5,83,14780.0,11.23,5.72,-0.5,-0.9,-1.3,0.4,1.1,1.5,13.6,12.43,1,0,0,0,0,0,0,0,0,1,0,0
2026-01-03 03:00:00,DAD,21.2,0.0,54,11.8,54,1017.3,80,14780.0,10.61,5.17,0.2,0.1,-1.3,0.0,0.8,1.2,13.5,12.43,0,0,0,0,0,0,0,0,0,0,0,0
2026-01-03 04:00:00,DAD,21.1,0.1,87,11.2,48,1017.3,78,14780.0,9.5,5.94,-0.1,-0.4,-0.5,0.1,0.5,1.2,12.6,11.23,1,0,0,0,0,0,0,0,1,1,0,1
2026-01-03 05:00:00,DAD,21.4,0.3,87,11.2,49,1017.8,78,14780.0,9.6,5.77,0.3,0.4,0.3,0.3,0.4,1.5,11.8,10.61,1,0,0,0,0,0,0,0,1,1,0,1
2026-01-03 06:00:00,DAD,20.5,0.1,100,13.4,43,1018.7,83,23640.0,10.7,8.06,-0.9,-0.7,1.4,0.1,0.5,1.3,13.4,10.7,1,0,0,0,0,0,0,0,1,1,0,1
2026-01-03 07:00:00,DAD,20.6,0.4,80,8.8,67,1019.2,89,20260.0,8.57,1.98,0.1,-0.5,1.9,0.4,0.8,1.3,13.4,10.7,1,0,0,0,0,0,0,0,0,1,0,0
2026-01-03 08:00:00,DAD,21.6,0.4,77,10.2,49,1020.1,82,15000.0,8.74,5.25,1.0,0.2,2.3,0.4,0.9,1.3,13.4,10.7,1,0,0,0,0,0,0,0,0,1,0,0
2026-01-03 09:00:00,DAD,22.3,0.1,30,15.8,54,1020.6,79,23880.0,14.2,6.93,0.7,1.8,1.9,0.1,0.9,1.4,15.8,14.2,1,0,0,0,0,0,0,0,0,1,0,0
2026-01-03 10:00:00,DAD,22.9,0.3,41,19.8,59,1020.4,74,22780.0,18.48,7.1,0.6,2.3,1.2,0.3,0.8,1.6,19.8,18.48,1,0,0,0,0,0,0,0,0,1,0,0
2026-01-03 11:00:00,DAD,23.0,0.2,29,20.3,60,1019.6,72,24080.0,19.08,6.94,0.1,1.4,-0.5,0.2,0.6,1.5,20.3,19.08,1,0,0,0,0,0,0,0,0,1,0,0
2026-01-03 12:00:00,DAD,23.4,0.4,44,22.0,60,1018.6,70,19980.0,20.67,7.52,0.4,1.1,-2.0,0.4,0.9,1.8,22.0,20.67,1,0,0,0,0,0,0,0,0,1,0,0
2026-01-03 13:00:00,DAD,23.8,0.1,65,21.0,66,1017.4,66,14780.0,20.38,5.08,0.4,0.9,-3.0,0.1,0.7,1.5,22.0,20.67,1,0,0,0,0,0,0,0,0,1,0,0
2026-01-03 14:00:00,DAD,23.2,0.1,46,18.9,66,1016.6,68,14780.0,18.34,4.57,-0.6,0.2,-3.0,0.1,0.6,1.2,22.0,20.67,1,0,0,0,0,0,0,0,0,1,0,0
2026-01-03 15:00:00,DAD,22.9,0.2,48,18.1,62,1016.3,68,14780.0,17.21,5.59,-0.3,-0.5,-2.3,0.2,0.4,1.3,21.0,20.38,1,0,0,0,0,0,0,0,0,1,0,0
2026-01-03 16:00:00,DAD,23.0,0.1,48,15.9,62,1016.4,65,14780.0,15.12,4.91,0.1,-0.8,-1.0,0.1,0.4,1.1,18.9,18.34,1,0,0,0,0,0,0,0,0,1,0,0
2026-01-03 17:00:00,DAD,22.1,0.4,49,12.0,62,1016.7,72,14780.0,11.41,3.71,-0.9,-1.1,0.1,0.4,0.7,1.3,18.1,17.21,1,0,0,0,0,0,0,0,0,1,0,0
2026-01-03 18:00:00,DAD,21.4,0.4,46,7.6,62,1017.1,75,14780.0,7.23,2.35,-0.7,-1.5,0.8,0.4,0.9,1.3,15.9,15.12,1,0,0,0,0,0,0,0,0,1,0,0
2026-01-03 19:00:00,DAD,21.9,0.4,77,14.0,59,1017.9,74,20340.0,13.07,5.02,0.5,-1.1,1.5,0.4,1.2,1.6,14.0,13.07,1,0,0,0,0,0,0,0,0,1,0,0
2026-01-03 20:00:00,DAD,21.7,0.0,77,12.6,61,1018.7,75,14780.0,11.91,4.1,-0.2,-0.4,2.0,0.0,0.8,1.5,14.0,13.07,0,0,0,0,0,0,0,0,0,0,0,0
2026-01-03 21:00:00,DAD,21.3,0.1,55,10.3,63,1018.6,77,23400.0,9.85,3.01,-0.4,-0.1,1.5,0.1,0.5,1.4,14.0,13.07,1,0,0,0,0,0,0,0,0,1,0,0
2026-01-03 22:00:00,DAD,20.8,0.0,93,3.6,30,1018.3,82,23300.0,2.31,2.76,-0.5,-1.1,0.4,0.0,0.1,1.3,12.6,11.91,0,0,0,0,0,0,0,0,0,0,0,0
2026-01-03 23:00:00,DAD,19.9,0.0,60,2.6,25,1018.0,87,23380.0,1.49,2.13,-0.9,-1.8,-0.7,0.0,0.1,0.9,10.3,9.85,0,0,0,0,0,0,0,0,0,0,0,0
2026-01-04 00:00:00,DAD,19.9,0.0,91,0.8,27,1018.0,87,24140.0,0.48,0.64,0.0,-1.4,-0.6,0.0,0.0,0.5,3.6,2.31,0,0,0,0,0,0,0,0,0,0,0,0
2026-01-04 01:00:00,DAD,20.1,0.0,100,0.5,360,1017.8,84,20660.0,0.09,0.49,0.2,-0.7,-0.5,0.0,0.0,0.1,2.6,1.49,0,0,0,0,0,0,0,0,0,0,0,0
2026-01-04 02:00:00,DAD,19.1,0.0,100,2.9,266,1017.2,88,20540.0,2.88,0.3,-1.0,-0.8,-0.8,0.0,0.0,0.1,2.9,2.88,0,0,0,0,0,0,0,0,0,0,0,0
2026-01-04 03:00:00,DAD,18.6,0.0,99,2.7,274,1017.0,91,19740.0,2.62,0.65,-0.5,-1.3,-1.0,0.0,0.0,0.0,2.9,2.88,0,0,0,0,0,0,0,0,0,0,0,0
2026-01-04 04:00:00,DAD,18.8,0.0,100,1.0,22,1017.0,92,19280.0,0.53,0.85,0.2,-1.3,-0.8,0.0,0.0,0.0,2.9,2.88,0,0,0,0,0,0,0,0,0,0,0,0
2026-01-04 05:00:00,DAD,19.0,0.1,90,1.4,270,1017.2,94,15420.0,1.38,0.24,0.2,-0.1,0.0,0.1,0.1,0.1,2.7,2.62,1,0,0,0,0,0,0,0,1,1,0,1
2026-01-04 06:00:00,DAD,18.7,0.1,97,5.1,247,1017.5,96,24140.0,4.97,-1.15,-0.3,0.1,0.5,0.1,0.2,0.2,5.1,4.97,1,0,0,0,0,0,0,0,1,1,0,1
2026-01-04 07:00:00,DAD,19.9,0.1,51,5.3,260,1018.0,94,24140.0,5.3,0.0,1.2,1.1,1.0,0.1,0.3,0.3,5.3,5.3,1,0,0,0,0,0,0,0,0,1,0,0
2026-01-04 08:00:00,DAD,21.1,0.1,47,0.7,194,1019.2,91,24140.0,0.28,-0.64,1.2,2.1,2.0,0.1,0.3,0.4,5.3,5.3,1,0,0,0,0,0,0,0,0,1,0,0
2026-01-04 09:00:00,DAD,22.0,0.1,71,1.8,101,1019.7,83,24140.0,1.68,-0.65,0.9,3.3,2.2,0.1,0.3,0.5,5.3,5.3,1,0,0,0,0,0,0,0,0,1,0,0
2026-01-04 10:00:00,DAD,22.8,0.1,60,4.2,80,1019.5,76,24140.0,4.2,-0.0,0.8,2.9,1.5,0.1,0.3,0.6,4.2,4.2,1,0,0,0,0,0,0,0,0,1,0,0
2026-01-04 11:00:00,DAD,23.5,0.0,53,7.8,64,1018.6,71,23360.0,7.5,2.15,0.7,2.4,-0.6,0.0,0.2,0.5,7.8,7.5,0,0,0,0,0,0,0,0,0,0,0,0
2026-01-04 12:00:00,DAD,24.1,0.0,95,10.1,68,1017.4,66,23160.0,9.88,2.1,0.6,2.1,-2.3,0.0,0.1,0.4,10.1,9.88,0,0,0,0,0,0,0,0,0,0,0,0
2026-01-04 13:00:00,DAD,23.6,0.1,98,13.7,58,1016.5,74,20520.0,12.7,5.13,-0.5,0.8,-3.0,0.1,0.1,0.4,13.7,12.7,1,0,0,0,0,0,0,0,1,1,0,1
2026-01-04 14:00:00,DAD,23.0,0.1,67,13.9,59,1015.6,77,20900.0,12.98,4.98,-0.6,-0.5,-3.0,0.1,0.2,0.4,13.9,12.98,1,0,0,0,0,0,0,0,0,1,0,0
2026-01-04 15:00:00,DAD,23.1,0.1,34,13.7,68,1015.4,74,21240.0,13.4,2.85,0.1,-1.0,-2.0,0.1,0.3,0.4,13.9,13.4,1,0,0,0,0,0,0,0,0,1,0,0
2026-01-04 16:00:00,DAD,23.0,0.2,100,13.0,71,1015.3,73,20800.0,12.84,2.03,-0.1,-0.6,-1.2,0.2,0.4,0.5,13.9,13.4,1,0,0,0,0,0,0,0,1,1,0,1
2026-01-04 17:00:00,DAD,22.6,0.0,100,10.2,72,1015.4,77,24140.0,10.1,1.42,-0.4,-0.4,-0.2,0.0,0.3,0.5,13.7,13.4,0,0,0,0,0,0,0,0,0,0,0,0
2026-01-04 18:00:00,DAD,22.4,0.0,99,6.6,64,1015.7,77,24140.0,6.34,1.82,-0.2,-0.7,0.3,0.0,0.2,0.5,13.0,12.84,0,0,0,0,0,0,0,0,0,0,0,0
2026-01-04 19:00:00,DAD,22.6,0.0,64,8.3,63,1016.2,79,24140.0,7.94,2.43,0.2,-0.4,0.9,0.0,0.0,0.4,10.2,10.1,0,0,0,0,0,0,0,0,0,0,0,0
2026-01-04 20:00:00,DAD,22.5,0.0,55,6.7,59,1016.7,79,24140.0,6.25,2.4,-0.1,-0.1,1.3,0.0,0.0,0.3,8.3,7.94,0,0,0,0,0,0,0,0,0,0,0,0
2026-01-04 21:00:00,DAD,22.2,0.0,94,4.8,59,1017.0,81,23900.0,4.48,1.72,-0.3,-0.2,1.3,0.0,0.0,0.2,8.3,7.94,0,0,0,0,0,0,0,0,0,0,0,0
2026-01-04 22:00:00,DAD,21.9,0.4,98,4.4,58,1017.2,84,22660.0,4.08,1.65,-0.3,-0.7,1.0,0.4,0.4,0.4,6.7,6.25,1,0,0,0,0,0,0,0,1,1,0,1
2026-01-04 23:00:00,DAD,21.4,0.3,100,4.3,68,1017.3,84,20220.0,4.21,0.89,-0.5,-1.1,0.6,0.3,0.7,0.7,4.8,4.48,1,0,0,0,0,0,0,0,1,1,0,1
2026-01-05 00:00:00,DAD,21.1,0.0,100,1.9,22,1017.2,85,23560.0,1.01,1.61,-0.3,-1.1,0.2,0.0,0.7,0.7,4.4,4.21,0,0,0,0,0,0,0,0,0,0,0,0
2026-01-05 01:00:00,DAD,20.6,0.1,45,1.2,231,1016.8,90,20340.0,1.05,-0.58,-0.5,-1.3,-0.4,0.1,0.4,0.8,4.3,4.21,1,0,0,0,0,0,0,0,0,1,0,0
2026-01-05 02:00:00,DAD,20.5,0.4,73,1.5,256,1016.4,92,23340.0,1.5,-0.1,-0.1,-0.9,-0.9,0.4,0.5,1.2,1.9,1.5,1,0,0,0,0,0,0,0,0,1,0,0
2026-01-05 03:00:00,DAD,20.5,0.3,81,2.7,298,1016.0,94,23300.0,2.13,1.66,0.0,-0.6,-1.2,0.3,0.8,1.5,2.7,2.13,1,0,0,0,0,0,0,0,1,1,0,1
2026-01-05 04:00:00,DAD,20.4,0.3,95,2.7,360,1016.0,95,15400.0,0.47,2.66,-0.1,-0.2,-0.8,0.3,1.0,1.4,2.7,2.13,1,0,0,0,0,0,0,0,1,1,0,1
2026-01-05 05:00:00,DAD,20.6,0.2,53,6.9,28,1016.4,92,14780.0,4.25,5.44,0.2,0.1,0.0,0.2,0.8,1.3,6.9,4.25,1,0,0,0,0,0,0,0,0,1,0,0
2026-01-05 06:00:00,DAD,20.8,0.0,67,9.1,27,1016.9,90,14780.0,5.48,7.27,0.2,0.3,0.9,0.0,0.5,1.3,9.1,5.48,0,0,0,0,0,0,0,0,0,0,0,0
2026-01-05 07:00:00,DAD,21.0,0.1,100,7.0,357,1017.7,93,14780.0,0.85,6.95,0.2,0.6,1.7,0.1,0.3,1.3,9.1,5.48,1,0,0,0,0,0,0,0,1,1,0,1
2026-01-05 08:00:00,DAD,21.9,0.3,100,7.3,350,1018.4,91,21980.0,0.0,7.3,0.9,1.3,2.0,0.3,0.4,1.2,9.1,5.48,1,0,0,0,0,0,0,0,1,1,0,1
2026-01-05 09:00:00,DAD,23.0,0.1,97,7.7,16,1019.2,79,21700.0,3.38,6.92,1.1,2.2,2.3,0.1,0.5,1.0,7.7,3.38,1,0,0,0,0,0,0,0,1,1,0,1
2026-01-05 10:00:00,DAD,24.0,0.0,100,12.3,35,1019.1,66,21460.0,8.7,8.7,1.0,3.0,1.4,0.0,0.4,0.7,12.3,8.7,0,0,0,0,0,0,0,0,0,0,0,0
2026-01-05 11:00:00,DAD,24.8,0.0,27,14.8,39,1018.7,64,22400.0,11.17,9.71,0.8,2.9,0.3,0.0,0.1,0.5,14.8,11.17,0,0,0,0,0,0,0,0,0,0,0,0
2026-01-05 12:00:00,DAD,25.0,0.0,87,16.3,36,1017.9,63,21220.0,11.73,11.32,0.2,2.0,-1.3,0.0,0.0,0.5,16.3,11.73,0,0,0,0,0,0,0,0,0,0,0,0
2026-01-05 13:00:00,DAD,23.9,0.1,71,17.1,45,1017.0,70,22340.0,14.01,9.81,-1.1,-0.1,-2.1,0.1,0.1,0.5,17.1,14.01,1,0,0,0,0,0,0,0,0,1,0,0
2026-01-05 14:00:00,DAD,23.8,0.3,94,17.2,45,1016.4,69,21380.0,14.09,9.87,-0.1,-1.0,-2.3,0.3,0.4,0.5,17.2,14.09,1,0,0,0,0,0,0,0,1,1,0,1
2026-01-05 15:00:00,DAD,23.8,0.0,21,16.0,43,1016.3,68,21780.0,12.78,9.63,0.0,-1.2,-1.6,0.0,0.4,0.4,17.2,14.09,0,0,0,0,0,0,0,0,0,0,0,0
2026-01-05 16:00:00,DAD,23.4,0.0,9,14.8,44,1016.7,70,14780.0,11.97,8.7,-0.4,-0.5,-0.3,0.0,0.3,0.4,17.2,14.09,0,0,0,0,0,0,0,0,0,0,0,0
2026-01-05 17:00:00,DAD,22.7,0.0,47,12.0,45,1017.2,76,23820.0,9.83,6.88,-0.7,-1.1,0.8,0.0,0.0,0.4,16.0,12.78,0,0,0,0,0,0,0,0,0,0,0,0
2026-01-05 18:00:00,DAD,22.0,0.0,60,9.3,47,1017.7,79,22420.0,7.8,5.07,-0.7,-1.8,1.4,0.0,0.0,0.4,14.8,11.97,0,0,0,0,0,0,0,0,0,0,0,0
2026-01-05 19:00:00,DAD,22.4,0.0,95,9.8,44,1018.3,80,23760.0,7.93,5.76,0.4,-1.0,1.6,0.0,0.0,0.3,12.0,9.83,0,0,0,0,0,0,0,0,0,0,0,0
2026-01-05 20:00:00,DAD,22.2,0.0,95,7.2,51,1018.9,79,24140.0,6.3,3.49,-0.2,-0.5,1.7,0.0,0.0,0.0,9.8,7.93,0,0,0,0,0,0,0,0,0,0,0,0
2026-01-05 21:00:00,DAD,21.4,0.0,81,4.4,35,1019.1,83,24120.0,3.11,3.11,-0.8,-0.6,1.4,0.0,0.0,0.0,9.8,7.93,0,0,0,0,0,0,0,0,0,0,0,0
2026-01-05 22:00:00,DAD,20.6,0.0,65,2.5,8,1018.9,87,14780.0,0.77,2.38,-0.8,-1.8,0.6,0.0,0.0,0.0,7.2,6.3,0,0,0,0,0,0,0,0,0,0,0,0
2026-01-05 23:00:00,DAD,20.4,0.0,63,1.8,360,1018.8,89,14780.0,0.31,1.77,-0.2,-1.8,-0.1,0.0,0.0,0.0,4.4,3.11,0,0,0,0,0,0,0,0,0,0,0,0
2026-01-06 00:00:00,DAD,20.0,0.0,84,1.8,11,1018.5,91,22080.0,0.65,1.68,-0.4,-1.4,-0.6,0.0,0.0,0.0,2.5,0.77,0,0,0,0,0,0,0,0,0,0,0,0
2026-01-06 01:00:00,DAD,20.2,0.0,78,2.7,28,1018.2,91,24140.0,1.66,2.13,0.2,-0.4,-0.7,0.0,0.0,0.0,2.7,1.66,0,0,0,0,0,0,0,0,0,0,0,0
2026-01-06 02:00:00,DAD,20.1,0.0,85,2.2,35,1017.9,90,24140.0,1.56,1.56,-0.1,-0.3,-0.9,0.0,0.0,0.0,2.7,1.66,0,0,0,0,0,0,0,0,0,0,0,0
2026-01-06 03:00:00,DAD,19.9,0.0,41,3.4,18,1017.3,89,23980.0,1.6,3.0,-0.2,-0.1,-1.2,0.0,0.0,0.0,3.4,1.66,0,0,0,0,0,0,0,0,0,0,0,0
2026-01-06 04:00:00,DAD,20.5,0.0,35,4.4,21,1017.5,84,21180.0,2.27,3.77,0.6,0.3,-0.7,0.0,0.0,0.0,4.4,2.27,0,0,0,0,0,0,0,0,0,0,0,0
2026-01-06 05:00:00,DAD,20.8,0.0,55,10.0,33,1018.2,80,17820.0,6.82,7.31,0.3,0.7,0.3,0.0,0.0,0.0,10.0,6.82,0,0,0,0,0,0,0,0,0,0,0,0
2026-01-06 06:00:00,DAD,21.0,0.0,33,10.8,38,1019.0,77,16840.0,8.03,7.23,0.2,1.1,1.7,0.0,0.0,0.0,10.8,8.03,0,0,0,0,0,0,0,0,0,0,0,0
2026-01-06 07:00:00,DAD,20.5,0.0,71,12.1,41,1019.5,86,14780.0,9.4,7.61,-0.5,0.0,2.0,0.0,0.0,0.0,12.1,9.4,0,0,0,0,0,0,0,0,0,0,0,0
2026-01-06 08:00:00,DAD,21.5,0.4,99,6.9,65,1020.4,84,14780.0,6.66,1.79,1.0,0.7,2.2,0.4,0.4,0.4,12.1,9.4,1,0,0,0,0,0,0,0,1,1,0,1
2026-01-06 09:00:00,DAD,22.5,0.2,97,12.2,59,1020.9,76,16740.0,11.39,4.37,1.0,1.5,1.9,0.2,0.6,0.6,12.2,11.39,1,0,0,0,0,0,0,0,1,1,0,1
2026-01-06 10:00:00,DAD,23.0,0.2,91,16.1,58,1021.1,69,19800.0,14.93,6.03,0.5,2.5,1.6,0.2,0.8,0.8,16.1,14.93,1,0,0,0,0,0,0,0,1,1,0,1
2026-01-06 11:00:00,DAD,23.3,0.1,98,17.1,50,1020.9,66,14780.0,14.81,8.55,0.3,1.8,0.5,0.1,0.5,0.9,17.1,14.93,1,0,0,0,0,0,0,0,1,1,0,1
2026-01-06 12:00:00,DAD,23.7,0.1,91,19.6,46,1019.9,65,20500.0,16.25,10.96,0.4,1.2,-1.0,0.1,0.4,1.0,19.6,16.25,1,0,0,0,0,0,0,0,1,1,0,1
2026-01-06 13:00:00,DAD,22.9,0.0,90,17.6,43,1019.1,68,20420.0,14.06,10.59,-0.8,-0.1,-2.0,0.0,0.2,1.0,19.6,16.25,0,0,0,0,0,0,0,0,0,0,0,0
2026-01-06 14:00:00,DAD,22.6,0.0,77,17.4,45,1018.2,68,14780.0,14.25,9.98,-0.3,-0.7,-2.7,0.0,0.1,0.6,19.6,16.25,0,0,0,0,0,0,0,0,0,0,0,0
2026-01-06 15:00:00,DAD,22.0,0.1,61,17.7,43,1018.1,72,16820.0,14.14,10.65,-0.6,-1.7,-1.8,0.1,0.1,0.5,17.7,14.25,1,0,0,0,0,0,0,0,0,1,0,0
2026-01-06 16:00:00,DAD,21.3,0.0,100,17.3,47,1018.5,77,14780.0,14.51,9.42,-0.7,-1.6,-0.6,0.0,0.1,0.3,17.7,14.51,0,0,0,0,0,0,0,0,0,0,0,0
2026-01-06 17:00:00,DAD,21.0,0.2,100,15.9,47,1019.2,78,21920.0,13.33,8.66,-0.3,-1.6,1.0,0.2,0.3,0.4,17.7,14.51,1,0,0,0,0,0,0,0,1,1,0,1
2026-01-06 18:00:00,DAD,20.9,0.2,100,14.8,44,1019.7,81,23620.0,11.97,8.7,-0.1,-1.1,1.6,0.2,0.4,0.5,17.3,14.51,1,0,0,0,0,0,0,0,1,1,0,1
2026-01-06 19:00:00,DAD,20.8,0.1,100,14.8,53,1020.6,83,16380.0,13.19,6.72,-0.1,-0.5,2.1,0.1,0.5,0.6,15.9,13.33,1,0,0,0,0,0,0,0,1,1,0,1
2026-01-06 20:00:00,DAD,21.0,0.1,100,15.1,55,1021.4,81,22520.0,13.69,6.38,0.2,0.0,2.2,0.1,0.4,0.7,15.1,13.69,1,0,0,0,0,0,0,0,1,1,0,1
2026-01-06 21:00:00,DAD,21.0,0.1,100,15.7,56,1021.8,80,14780.0,14.34,6.39,0.0,0.1,2.1,0.1,0.3,0.7,15.7,14.34,1,0,0,0,0,0,0,0,1,1,0,1
2026-01-06 22:00:00,DAD,21.0,0.1,100,14.2,52,1021.6,79,14780.0,12.54,6.67,0.0,0.2,1.0,0.1,0.3,0.8,15.7,14.34,1,0,0,0,0,0,0,0,1,1,0,1
2026-01-06 23:00:00,DAD,20.6,0.2,100,12.2,45,1021.1,81,14780.0,9.99,7.0,-0.4,-0.4,-0.3,0.2,0.4,0.8,15.7,14.34,1,0,0,0,0,0,0,0,1,1,0,1
2026-01-07 00:00:00,DAD,20.5,0.1,100,9.8,38,1020.8,80,14780.0,7.28,6.56,-0.1,-0.5,-1.0,0.1,0.4,0.7,14.2,12.54,1,0,0,0,0,0,0,0,1,1,0,1
2026-01-07 01:00:00,DAD,20.1,0.3,100,10.9,38,1020.5,80,14780.0,8.1,7.29,-0.4,-0.9,-1.1,0.3,0.6,0.9,12.2,9.99,1,0,0,0,0,0,0,0,1,1,0,1
2026-01-07 02:00:00,DAD,19.7,0.4,100,10.6,43,1020.1,85,16480.0,8.47,6.38,-0.4,-0.9,-1.0,0.4,0.8,1.2,10.9,8.47,1,0,0,0,0,0,0,0,1,1,0,1
2026-01-07 03:00:00,DAD,19.7,0.3,100,9.1,60,1019.8,86,14780.0,8.55,3.11,0.0,-0.8,-1.0,0.3,1.0,1.4,10.9,8.55,1,0,0,0,0,0,0,0,1,1,0,1
2026-01-07 04:00:00,DAD,19.5,0.2,100,11.0,49,1019.9,86,14780.0,9.43,5.67,-0.2,-0.6,-0.6,0.2,0.9,1.5,11.0,9.43,1,0,0,0,0,0,0,0,1,1,0,1
2026-01-07 05:00:00,DAD,18.9,0.4,100,16.2,46,1020.5,88,14780.0,13.43,9.06,-0.6,-0.8,0.4,0.4,0.9,1.7,16.2,13.43,1,0,0,0,0,0,0,0,1,1,0,1
2026-01-07 06:00:00,DAD,19.4,0.4,100,14.3,54,1020.8,87,15000.0,12.85,6.27,0.5,-0.3,1.0,0.4,1.0,2.0,16.2,13.43,1,0,0,0,0,0,0,0,1,1,0,1
2026-01-07 07:00:00,DAD,19.3,0.2,100,15.2,36,1021.7,87,19100.0,10.93,10.56,-0.1,-0.2,1.8,0.2,1.0,1.9,16.2,13.43,1,0,0,0,0,0,0,0,1,1,0,1
2026-01-07 08:00:00,DAD,20.0,0.4,100,11.8,28,1022.4,84,19160.0,7.26,9.3,0.7,1.1,1.9,0.4,1.0,1.9,15.2,12.85,1,0,0,0,0,0,0,0,1,1,0,1
2026-01-07 09:00:00,DAD,20.0,0.4,100,14.0,35,1023.0,81,14780.0,9.9,9.9,0.0,0.6,2.2,0.4,1.0,2.0,15.2,10.93,1,0,0,0,0,0,0,0,1,1,0,1
2026-01-07 10:00:00,DAD,19.6,0.4,100,15.5,32,1023.1,87,14780.0,10.37,11.52,-0.4,0.3,1.4,0.4,1.2,2.2,15.5,10.37,1,0,0,0,0,0,0,0,1,1,0,1
2026-01-07 11:00:00,DAD,19.8,0.4,100,12.9,25,1022.6,87,14780.0,7.4,10.57,0.2,-0.2,0.2,0.4,1.2,2.2,15.5,10.37,1,0,0,0,0,0,0,0,1,1,0,1
2026-01-07 12:00:00,DAD,19.8,0.4,100,11.9,25,1021.8,83,14780.0,6.83,9.75,0.0,-0.2,-1.2,0.4,1.2,2.2,15.5,10.37,1,0,0,0,0,0,0,0,1,1,0,1
2026-01-07 13:00:00,DAD,19.1,0.4,100,15.3,348,1020.8,86,14780.0,0.53,15.29,-0.7,-0.5,-2.3,0.4,1.2,2.4,15.3,7.4,1,0,0,0,0,0,0,0,1,1,0,1
2026-01-07 14:00:00,DAD,19.1,0.4,100,16.6,356,1019.9,87,14780.0,1.74,16.51,0.0,-0.7,-2.7,0.4,1.2,2.4,16.6,6.83,1,0,0,0,0,0,0,0,1,1,0,1
2026-01-07 15:00:00,DAD,19.2,0.4,100,15.8,353,1019.6,87,17280.0,0.83,15.78,0.1,-0.6,-2.2,0.4,1.2,2.4,16.6,1.74,1,0,0,0,0,0,0,0,1,1,0,1
2026-01-07 16:00:00,DAD,19.2,0.4,100,14.3,340,1019.8,87,23960.0,2.48,14.08,0.0,0.1,-1.0,0.4,1.2,2.4,16.6,2.48,1,0,0,0,0,0,0,0,1,1,0,1
2026-01-07 17:00:00,DAD,19.0,0.4,99,13.0,346,1020.2,85,24140.0,0.91,12.97,-0.2,-0.1,0.3,0.4,1.2,2.4,15.8,2.48,1,0,0,0,0,0,0,0,1,1,0,1
2026-01-07 18:00:00,DAD,18.6,0.4,100,13.3,358,1020.7,86,24140.0,1.85,13.17,-0.4,-0.6,1.1,0.4,1.2,2.4,14.3,2.48,1,0,0,0,0,0,0,0,1,1,0,1
2026-01-07 19:00:00,DAD,18.8,0.4,84,11.1,331,1021.4,89,23980.0,3.61,10.5,0.2,-0.4,1.6,0.4,1.2,2.4,13.3,3.61,1,0,0,0,0,0,0,0,1,1,0,1
2026-01-07 20:00:00,DAD,18.7,0.1,100,10.0,342,1022.0,89,23920.0,1.39,9.9,-0.1,-0.3,1.8,0.1,0.9,2.1,13.3,3.61,1,0,0,0,0,0,0,0,1,1,0,1
2026-01-07 21:00:00,DAD,18.4,0.2,100,10.0,342,1022.1,91,23760.0,1.39,9.9,-0.3,-0.2,1.4,0.2,0.7,1.9,11.1,3.61,1,0,0,0,0,0,0,0,1,1,0,1
2026-01-07 22:00:00,DAD,18.4,0.0,76,9.6,317,1021.8,92,19600.0,5.23,8.05,0.0,-0.4,0.4,0.0,0.3,1.5,10.0,5.23,0,0,0,0,0,0,0,0,0,0,0,0
2026-01-07 23:00:00,DAD,18.3,0.2,71,7.6,338,1021.7,92,18300.0,1.58,7.43,-0.1,-0.4,-0.3,0.2,0.4,1.3,10.0,5.23,1,0,0,0,0,0,0,0,0,1,0,0
2026-01-08 00:00:00,DAD,17.9,0.4,100,8.1,342,1021.4,94,15680.0,1.13,8.02,-0.4,-0.5,-0.7,0.4,0.6,1.3,9.6,5.23,1,0,0,0,0,0,0,0,1,1,0,1
2026-01-08 01:00:00,DAD,18.1,0.4,98,8.2,351,1021.3,92,23800.0,0.14,8.2,0.2,-0.3,-0.5,0.4,1.0,1.3,8.2,1.58,1,0,0,0,0,0,0,0,1,1,0,1
2026-01-08 02:00:00,DAD,18.3,0.4,100,9.0,358,1020.8,93,24140.0,1.25,8.91,0.2,0.0,-0.9,0.4,1.2,1.6,9.0,1.25,1,0,0,0,0,0,0,0,1,1,0,1
2026-01-08 03:00:00,DAD,18.0,0.2,88,11.2,4,1020.5,90,24140.0,2.71,10.87,-0.3,0.1,-0.9,0.2,1.0,1.6,11.2,2.71,1,0,0,0,0,0,0,0,1,1,0,1
2026-01-08 04:00:00,DAD,18.2,0.3,93,10.7,355,1020.6,89,24140.0,0.93,10.66,0.2,0.1,-0.7,0.3,0.9,1.9,11.2,2.71,1,0,0,0,0,0,0,0,1,1,0,1
2026-01-08 05:00:00,DAD,17.9,0.4,100,14.2,9,1021.3,88,24140.0,4.62,13.43,-0.3,-0.4,0.5,0.4,0.9,2.1,14.2,4.62,1,0,0,0,0,0,0,0,1,1,0,1
2026-01-08 06:00:00,DAD,18.2,0.4,100,13.5,2,1021.7,89,14960.0,2.81,13.2,0.3,0.2,1.2,0.4,1.1,2.1,14.2,4.62,1,0,0,0,0,0,0,0,1,1,0,1
2026-01-08 07:00:00,DAD,18.2,0.1,100,8.2,8,1022.4,94,14780.0,2.53,7.8,0.0,0.0,1.8,0.1,0.9,1.8,14.2,4.62,1,0,0,0,0,0,0,0,1,1,0,1
2026-01-08 08:00:00,DAD,18.9,0.3,81,10.7,29,1023.5,89,14780.0,6.73,8.32,0.7,1.0,2.2,0.3,0.8,1.7,13.5,6.73,1,0,0,0,0,0,0,0,1,1,0,1
2026-01-08 09:00:00,DAD,20.2,0.2,98,10.8,10,1024.0,78,14780.0,3.69,10.15,1.3,2.0,2.3,0.2,0.6,1.7,10.8,6.73,1,0,0,0,0,0,0,0,1,1,0,1
2026-01-08 10:00:00,DAD,20.5,0.3,100,15.3,34,1023.9,71,14780.0,10.63,11.01,0.3,2.3,1.5,0.3,0.8,1.7,15.3,10.63,1,0,0,0,0,0,0,0,1,1,0,1
2026-01-08 11:00:00,DAD,21.0,0.2,77,18.8,39,1023.0,68,23400.0,14.19,12.33,0.5,2.1,-0.5,0.2,0.7,1.5,18.8,14.19,1,0,0,0,0,0,0,0,0,1,0,0
2026-01-08 12:00:00,DAD,21.1,0.2,98,22.4,34,1022.1,67,24140.0,15.56,16.11,0.1,0.9,-1.9,0.2,0.7,1.3,22.4,15.56,1,0,0,0,0,0,0,0,1,1,0,1
2026-01-08 13:00:00,DAD,21.6,0.0,8,18.7,28,1021.1,62,24140.0,11.51,14.74,0.5,1.1,-2.8,0.0,0.4,1.2,22.4,15.56,0,0,0,0,0,0,0,0,0,0,0,0
2026-01-08 14:00:00,DAD,21.5,0.0,38,16.2,19,1020.3,60,23840.0,7.85,14.17,-0.1,0.5,-2.7,0.0,0.2,0.9,22.4,15.56,0,0,0,0,0,0,0,0,0,0,0,0
2026-01-08 15:00:00,DAD,21.7,0.0,59,16.8,15,1019.9,59,19080.0,7.1,15.23,0.2,0.6,-2.2,0.0,0.0,0.7,18.7,11.51,0,0,0,0,0,0,0,0,0,0,0,0
2026-01-08 16:00:00,DAD,21.1,0.0,84,15.6,15,1019.8,61,14780.0,6.59,14.14,-0.6,-0.5,-1.3,0.0,0.0,0.4,16.8,7.85,0,0,0,0,0,0,0,0,0,0,0,0
2026-01-08 17:00:00,DAD,20.4,0.0,87,13.5,19,1020.1,67,14780.0,6.54,11.81,-0.7,-1.1,-0.2,0.0,0.0,0.2,16.8,7.1,0,0,0,0,0,0,0,0,0,0,0,0
2026-01-08 18:00:00,DAD,19.9,0.0,90,11.6,12,1020.5,69,23580.0,4.35,10.76,-0.5,-1.8,0.6,0.0,0.0,0.0,15.6,6.59,0,0,0,0,0,0,0,0,0,0,0,0
2026-01-08 19:00:00,DAD,18.5,0.0,80,13.7,337,1021.3,83,19940.0,3.08,13.35,-1.4,-2.6,1.5,0.0,0.0,0.0,13.7,6.54,0,0,0,0,0,0,0,0,0,0,0,0
2026-01-08 20:00:00,DAD,18.2,0.1,100,10.2,337,1022.0,85,21940.0,2.29,9.94,-0.3,-2.2,1.9,0.1,0.1,0.1,13.7,4.35,1,0,0,0,0,0,0,0,1,1,0,1
2026-01-08 21:00:00,DAD,18.0,0.0,88,10.0,306,1021.8,88,23000.0,6.95,7.19,-0.2,-1.9,1.3,0.0,0.1,0.1,13.7,6.95,0,0,0,0,0,0,0,0,0,0,0,0
2026-01-08 22:00:00,DAD,18.1,0.0,25,9.4,293,1021.3,88,24140.0,7.88,5.12,0.1,-0.4,0.0,0.0,0.1,0.1,10.2,7.88,0,0,0,0,0,0,0,0,0,0,0,0
2026-01-08 23:00:00,DAD,17.7,0.0,66,6.8,295,1020.8,90,23920.0,5.57,3.9,-0.4,-0.5,-1.2,0.0,0.0,0.1,10.0,7.88,0,0,0,0,0,0,0,0,0,0,0,0
2026-01-09 00:00:00,DAD,17.2,0.0,83,4.7,298,1020.5,92,24140.0,3.7,2.89,-0.5,-0.8,-1.3,0.0,0.0,0.1,9.4,7.88,0,0,0,0,0,0,0,0,0,0,0,0
2026-01-09 01:00:00,DAD,17.4,0.0,98,5.6,295,1020.0,93,24140.0,4.59,3.21,0.2,-0.7,-1.3,0.0,0.0,0.1,6.8,5.57,0,0,0,0,0,0,0,0,0,0,0,0
2026-01-09 02:00:00,DAD,17.1,0.0,69,6.6,287,1019.1,94,24140.0,5.88,3.0,-0.3,-0.6,-1.7,0.0,0.0,0.0,6.6,5.88,0,0,0,0,0,0,0,0,0,0,0,0
2026-01-09 03:00:00,DAD,17.1,0.0,100,4.4,291,1018.9,94,24140.0,3.77,2.27,0.0,-0.1,-1.6,0.0,0.0,0.0,6.6,5.88,0,0,0,0,0,0,0,0,0,0,0,0
2026-01-09 04:00:00,DAD,17.2,0.0,100,2.3,328,1019.1,94,24140.0,0.86,2.13,0.1,-0.2,-0.9,0.0,0.0,0.0,6.6,5.88,0,0,0,0,0,0,0,0,0,0,0,0
2026-01-09 05:00:00,DAD,17.5,0.1,82,2.3,356,1019.5,91,24140.0,0.24,2.29,0.3,0.4,0.4,0.1,0.1,0.1,4.4,3.77,1,0,0,0,0,0,0,0,1,1,0,1
2026-01-09 06:00:00,DAD,17.5,0.0,96,3.8,352,1020.0,89,24140.0,0.13,3.8,0.0,0.4,1.1,0.0,0.1,0.1,3.8,0.86,0,0,0,0,0,0,0,0,0,0,0,0
2026-01-09 07:00:00,DAD,18.1,0.0,82,5.7,319,1021.1,90,24140.0,2.94,4.89,0.6,0.9,2.0,0.0,0.1,0.1,5.7,2.94,0,0,0,0,0,0,0,0,0,0,0,0
2026-01-09 08:00:00,DAD,19.1,0.4,88,7.4,331,1021.9,80,24140.0,2.41,7.0,1.0,1.6,2.4,0.4,0.4,0.5,7.4,2.94,1,0,0,0,0,0,0,0,1,1,0,1
2026-01-09 09:00:00,DAD,20.1,0.1,100,8.1,343,1022.3,72,24140.0,0.99,8.04,1.0,2.6,2.3,0.1,0.5,0.6,8.1,2.94,1,0,0,0,0,0,0,0,1,1,0,1
2026-01-09 10:00:00,DAD,21.5,0.0,63,10.1,16,1022.0,57,24140.0,4.43,9.08,1.4,3.4,0.9,0.0,0.5,0.6,10.1,4.43,0,0,0,0,0,0,0,0,0,0,0,0
2026-01-09 11:00:00,DAD,22.1,0.0,95,13.0,29,1021.3,52,24140.0,8.18,10.1,0.6,3.0,-0.6,0.0,0.1,0.5,13.0,8.18,0,0,0,0,0,0,0,0,0,0,0,0
2026-01-09 12:00:00,DAD,22.0,0.0,99,15.5,31,1020.4,57,24140.0,10.17,11.7,-0.1,1.9,-1.9,0.0,0.0,0.5,15.5,10.17,0,0,0,0,0,0,0,0,0,0,0,0
2026-01-09 13:00:00,DAD,21.9,0.0,5,13.8,24,1019.2,56,24140.0,7.72,11.44,-0.1,0.4,-2.8,0.0,0.0,0.5,15.5,10.17,0,0,0,0,0,0,0,0,0,0,0,0
2026-01-09 14:00:00,DAD,21.9,0.0,15,12.8,14,1018.2,54,24140.0,5.21,11.69,0.0,-0.2,-3.1,0.0,0.0,0.1,15.5,10.17,0,0,0,0,0,0,0,0,0,0,0,0
2026-01-09 15:00:00,DAD,21.9,0.0,64,12.2,13,1017.9,53,24140.0,4.77,11.23,0.0,-0.1,-2.5,0.0,0.0,0.0,13.8,7.72,0,0,0,0,0,0,0,0,0,0,0,0
2026-01-09 16:00:00,DAD,21.5,0.0,40,11.2,15,1017.9,55,24140.0,4.73,10.15,-0.4,-0.4,-1.3,0.0,0.0,0.0,12.8,5.21,0,0,0,0,0,0,0,0,0,0,0,0
2026-01-09 17:00:00,DAD,20.5,0.0,2,9.5,22,1018.4,65,24140.0,5.03,8.06,-1.0,-1.4,0.2,0.0,0.0,0.0,12.2,5.03,0,0,0,0,0,0,0,0,0,0,0,0
2026-01-09 18:00:00,DAD,19.5,0.0,1,7.5,20,1018.9,71,24140.0,3.75,6.5,-1.0,-2.4,1.0,0.0,0.0,0.0,11.2,5.03,0,0,0,0,0,0,0,0,0,0,0,0
2026-01-09 19:00:00,DAD,19.3,0.0,3,5.6,360,1019.1,76,24140.0,0.97,5.51,-0.2,-2.2,1.2,0.0,0.0,0.0,9.5,5.03,0,0,0,0,0,0,0,0,0,0,0,0
2026-01-09 20:00:00,DAD,18.4,0.0,0,4.5,2,1019.3,80,24140.0,0.94,4.4,-0.9,-2.1,0.9,0.0,0.0,0.0,7.5,3.75,0,0,0,0,0,0,0,0,0,0,0,0
2026-01-09 21:00:00,DAD,17.7,0.0,1,4.3,15,1019.4,81,24140.0,1.82,3.9,-0.7,-1.8,0.5,0.0,0.0,0.0,5.6,1.82,0,0,0,0,0,0,0,0,0,0,0,0
2026-01-09 22:00:00,DAD,17.1,0.0,8,3.5,15,1019.2,83,24140.0,1.48,3.17,-0.6,-2.2,0.1,0.0,0.0,0.0,4.5,1.82,0,0,0,0,0,0,0,0,0,0,0,0
2026-01-09 23:00:00,DAD,16.8,0.0,88,3.7,305,1018.6,87,24140.0,2.62,2.62,-0.3,-1.6,-0.7,0.0,0.0,0.0,4.3,2.62,0,0,0,0,0,0,0,0,0,0,0,0
2026-01-10 00:00:00,DAD,17.0,0.0,100,5.7,283,1018.1,87,24140.0,5.25,2.23,0.2,-0.7,-1.3,0.0,0.0,0.0,5.7,5.25,0,0,0,0,0,0,0,0,0,0,0,0
2026-01-10 01:00:00,DAD,17.9,0.0,95,0.5,360,1017.4,85,24140.0,0.09,0.49,0.9,0.8,-1.8,0.0,0.0,0.0,5.7,5.25,0,0,0,0,0,0,0,0,0,0,0,0
2026-01-10 02:00:00,DAD,17.6,0.0,51,0.4,27,1017.0,85,24140.0,0.24,0.32,-0.3,0.8,-1.6,0.0,0.0,0.0,5.7,5.25,0,0,0,0,0,0,0,0,0,0,0,0
2026-01-10 03:00:00,DAD,17.3,0.0,100,0.8,297,1016.5,88,24140.0,0.64,0.48,-0.3,0.3,-1.6,0.0,0.0,0.0,0.8,0.64,0,0,0,0,0,0,0,0,0,0,0,0
2026-01-10 04:00:00,DAD,17.6,0.0,100,0.6,304,1016.6,89,24140.0,0.43,0.42,0.3,-0.3,-0.8,0.0,0.0,0.0,0.8,0.64,0,0,0,0,0,0,0,0,0,0,0,0
2026-01-10 05:00:00,DAD,17.9,0.0,100,0.8,315,1016.9,89,24140.0,0.46,0.66,0.3,0.3,-0.1,0.0,0.0,0.0,0.8,0.64,0,0,0,0,0,0,0,0,0,0,0,0
2026-01-10 06:00:00,DAD,18.1,0.0,100,0.5,360,1017.5,89,24140.0,0.09,0.49,0.2,0.8,1.0,0.0,0.0,0.0,0.8,0.46,0,0,0,0,0,0,0,0,0,0,0,0
2026-01-10 07:00:00,DAD,17.8,0.0,100,6.0,224,1018.2,92,24140.0,4.85,-3.53,-0.3,0.2,1.6,0.0,0.0,0.0,6.0,4.85,0,0,0,0,0,0,0,0,0,0,0,0
2026-01-10 08:00:00,DAD,18.4,0.1,100,5.8,216,1019.1,88,24140.0,4.17,-4.03,0.6,0.5,2.2,0.1,0.1,0.1,6.0,4.85,1,0,0,0,0,0,0,0,1,1,0,1
2026-01-10 09:00:00,DAD,19.6,0.0,59,9.2,242,1019.6,77,24140.0,8.75,-2.84,1.2,1.5,2.1,0.0,0.1,0.1,9.2,8.75,0,0,0,0,0,0,0,0,0,0,0,0
2026-01-10 10:00:00,DAD,21.0,0.0,84,5.6,272,1019.6,71,24140.0,5.48,1.16,1.4,3.2,1.4,0.0,0.1,0.1,9.2,8.75,0,0,0,0,0,0,0,0,0,0,0,0
2026-01-10 11:00:00,DAD,21.9,0.0,96,3.6,20,1018.9,68,24140.0,1.8,3.12,0.9,3.5,-0.2,0.0,0.0,0.1,9.2,8.75,0,0,0,0,0,0,0,0,0,0,0,0
2026-01-10 12:00:00,DAD,22.2,0.0,99,9.2,57,1018.3,64,24140.0,8.47,3.59,0.3,2.6,-1.3,0.0,0.0,0.1,9.2,8.47,0,0,0,0,0,0,0,0,0,0,0,0
2026-01-10 13:00:00,DAD,22.1,0.0,99,6.5,51,1017.6,62,24140.0,5.69,3.15,-0.1,1.1,-2.0,0.0,0.0,0.1,9.2,8.47,0,0,0,0,0,0,0,0,0,0,0,0
2026-01-10 14:00:00,DAD,22.3,0.0,91,6.2,57,1016.9,62,24140.0,5.71,2.42,0.2,0.4,-2.0,0.0,0.0,0.0,9.2,8.47,0,0,0,0,0,0,0,0,0,0,0,0
2026-01-10 15:00:00,DAD,22.5,0.0,73,6.2,41,1016.6,60,24140.0,4.82,3.9,0.2,0.3,-1.7,0.0,0.0,0.0,6.5,5.71,0,0,0,0,0,0,0,0,0,0,0,0
2026-01-10 16:00:00,DAD,22.2,0.0,18,7.2,22,1016.8,60,24140.0,3.82,6.11,-0.3,0.1,-0.8,0.0,0.0,0.0,7.2,5.71,0,0,0,0,0,0,0,0,0,0,0,0
2026-01-10 17:00:00,DAD,21.5,0.0,16,6.9,5,1016.9,67,24140.0,1.79,6.66,-0.7,-0.8,0.0,0.0,0.0,0.0,7.2,4.82,0,0,0,0,0,0,0,0,0,0,0,0
2026-01-10 18:00:00,DAD,20.2,0.0,1,6.6,349,1017.3,73,24140.0,0.12,6.6,-1.3,-2.3,0.7,0.0,0.0,0.0,7.2,3.82,0,0,0,0,0,0,0,0,0,0,0,0
2026-01-10 19:00:00,DAD,20.0,0.0,16,5.9,358,1018.5,78,24140.0,0.82,5.84,-0.2,-2.2,1.7,0.0,0.0,0.0,6.9,1.79,0,0,0,0,0,0,0,0,0,0,0,0
2026-01-10 20:00:00,DAD,19.1,0.0,13,4.7,351,1019.1,82,24140.0,0.08,4.7,-0.9,-2.4,2.2,0.0,0.0,0.0,6.6,0.82,0,0,0,0,0,0,0,0,0,0,0,0
2026-01-10 21:00:00,DAD,18.1,0.0,16,4.1,345,1019.5,86,24140.0,0.36,4.08,-1.0,-2.1,2.2,0.0,0.0,0.0,5.9,0.82,0,0,0,0,0,0,0,0,0,0,0,0
2026-01-10 22:00:00,DAD,18.0,0.0,8,5.8,5,1019.6,86,24140.0,1.5,5.6,-0.1,-2.0,1.1,0.0,0.0,0.0,5.8,1.5,0,0,0,0,0,0,0,0,0,0,0,0
2026-01-10 23:00:00,DAD,18.4,0.0,4,8.1,12,1019.8,78,24140.0,3.03,7.51,0.4,-0.7,0.7,0.0,0.0,0.0,8.1,3.03,0,0,0,0,0,0,0,0,0,0,0,0
2026-01-11 00:00:00,DAD,18.7,0.0,1,8.8,15,1020.2,67,24140.0,3.72,7.98,0.3,0.6,0.7,0.0,0.0,0.0,8.8,3.72,0,0,0,0,0,0,0,0,0,0,0,0
2026-01-11 01:00:00,DAD,19.1,0.0,100,8.7,6,1020.0,68,24140.0,2.4,8.36,0.4,1.1,0.4,0.0,0.0,0.0,8.8,3.72,0,0,0,0,0,0,0,0,0,0,0,0
2026-01-11 02:00:00,DAD,19.6,0.0,66,9.5,15,1019.6,68,24140.0,4.01,8.61,0.5,1.2,-0.2,0.0,0.0,0.0,9.5,4.01,0,0,0,0,0,0,0,0,0,0,0,0
2026-01-11 03:00:00,DAD,19.7,0.0,11,10.0,9,1019.4,69,24140.0,3.26,9.46,0.1,1.0,-0.8,0.0,0.0,0.0,10.0,4.01,0,0,0,0,0,0,0,0,0,0,0,0
2026-01-11 04:00:00,DAD,19.7,0.0,34,10.0,15,1019.4,69,24140.0,4.23,9.06,0.0,0.6,-0.6,0.0,0.0,0.0,10.0,4.23,0,0,0,0,0,0,0,0,0,0,0,0
2026-01-11 05:00:00,DAD,19.5,0.0,34,9.6,14,1019.8,69,24140.0,3.9,8.77,-0.2,-0.1,0.2,0.0,0.0,0.0,10.0,4.23,0,0,0,0,0,0,0,0,0,0,0,0
2026-01-11 06:00:00,DAD,19.5,0.0,50,10.5,16,1020.2,70,24140.0,4.6,9.44,0.0,-0.2,0.8,0.0,0.0,0.0,10.5,4.6,0,0,0,0,0,0,0,0,0,0,0,0
2026-01-11 07:00:00,DAD,20.1,0.0,52,10.7,30,1020.9,70,24140.0,6.88,8.2,0.6,0.4,1.5,0.0,0.0,0.0,10.7,6.88,0,0,0,0,0,0,0,0,0,0,0,0
2026-01-11 08:00:00,DAD,20.9,0.0,16,11.7,34,1021.7,67,24140.0,8.13,8.42,0.8,1.4,1.9,0.0,0.0,0.0,11.7,8.13,0,0,0,0,0,0,0,0,0,0,0,0
2026-01-11 09:00:00,DAD,21.8,0.0,1,16.2,31,1022.5,53,24140.0,10.63,12.23,0.9,2.3,2.3,0.0,0.0,0.0,16.2,10.63,0,0,0,0,0,0,0,0,0,0,0,0
2026-01-11 10:00:00,DAD,22.1,0.0,7,15.3,28,1022.5,51,24140.0,9.42,12.06,0.3,2.0,1.6,0.0,0.0,0.0,16.2,10.63,0,0,0,0,0,0,0,0,0,0,0,0
2026-01-11 11:00:00,DAD,22.6,0.0,18,14.3,25,1022.1,51,24140.0,8.2,11.71,0.5,1.7,0.4,0.0,0.0,0.0,16.2,10.63,0,0,0,0,0,0,0,0,0,0,0,0
2026-01-11 12:00:00,DAD,22.6,0.0,35,13.1,21,1021.2,53,24140.0,6.75,11.23,0.0,0.8,-1.3,0.0,0.0,0.0,15.3,9.42,0,0,0,0,0,0,0,0,0,0,0,0
2026-01-11 13:00:00,DAD,23.3,0.0,46,11.0,26,1020.0,48,24140.0,6.47,8.9,0.7,1.2,-2.5,0.0,0.0,0.0,14.3,8.2,0,0,0,0,0,0,0,0,0,0,0,0
2026-01-11 14:00:00,DAD,23.4,0.0,31,11.3,22,1019.1,48,24140.0,5.99,9.58,0.1,0.8,-3.0,0.0,0.0,0.0,13.1,6.75,0,0,0,0,0,0,0,0,0,0,0,0
2026-01-11 15:00:00,DAD,23.0,0.0,1,10.5,12,1018.6,48,24140.0,3.93,9.74,-0.4,0.4,-2.6,0.0,0.0,0.0,11.3,6.47,0,0,0,0,0,0,0,0,0,0,0,0
2026-01-11 16:00:00,DAD,22.5,0.0,0,8.1,18,1018.5,50,24140.0,3.8,7.15,-0.5,-0.8,-1.5,0.0,0.0,0.0,11.3,5.99,0,0,0,0,0,0,0,0,0,0,0,0
2026-01-11 17:00:00,DAD,21.4,0.0,2,6.7,27,1018.5,63,24140.0,4.03,5.35,-1.1,-2.0,-0.6,0.0,0.0,0.0,10.5,4.03,0,0,0,0,0,0,0,0,0,0,0,0
2026-01-11 18:00:00,DAD,19.7,0.0,9,4.8,27,1018.6,73,24140.0,2.89,3.83,-1.7,-3.3,0.0,0.0,0.0,0.0,8.1,4.03,0,0,0,0,0,0,0,0,0,0,0,0
2026-01-11 19:00:00,DAD,19.4,0.0,12,4.1,358,1019.3,80,24140.0,0.57,4.06,-0.3,-3.1,0.8,0.0,0.0,0.0,6.7,4.03,0,0,0,0,0,0,0,0,0,0,0,0
2026-01-11 20:00:00,DAD,19.2,0.0,27,1.4,360,1019.7,80,24140.0,0.24,1.38,-0.2,-2.2,1.2,0.0,0.0,0.0,4.8,2.89,0,0,0,0,0,0,0,0,0,0,0,0
2026-01-11 21:00:00,DAD,18.5,0.0,20,1.0,338,1020.1,84,24140.0,0.21,0.98,-0.7,-1.2,1.5,0.0,0.0,0.0,4.1,0.57,0,0,0,0,0,0,0,0,0,0,0,0
2026-01-11 22:00:00,DAD,18.4,0.0,59,3.6,311,1020.0,87,24140.0,2.27,2.8,-0.1,-1.0,0.7,0.0,0.0,0.0,3.6,2.27,0,0,0,0,0,0,0,0,0,0,0,0
2026-01-11 23:00:00,DAD,18.0,0.0,70,3.9,304,1019.7,88,24140.0,2.81,2.71,-0.4,-1.2,0.0,0.0,0.0,0.0,3.9,2.81,0,0,0,0,0,0,0,0,0,0,0,0
2026-01-12 00:00:00,DAD,17.7,0.0,55,4.0,288,1019.3,90,24140.0,3.53,1.88,-0.3,-0.8,-0.8,0.0,0.0,0.0,4.0,3.53,0,0,0,0,0,0,0,0,0,0,0,0
2026-01-12 01:00:00,DAD,17.4,0.0,61,4.2,280,1019.1,91,24140.0,3.95,1.44,-0.3,-1.0,-0.9,0.0,0.0,0.0,4.2,3.95,0,0,0,0,0,0,0,0,0,0,0,0
2026-01-12 02:00:00,DAD,17.4,0.0,67,5.6,264,1018.7,90,24140.0,5.59,0.39,0.0,-0.6,-1.0,0.0,0.0,0.0,5.6,5.59,0,0,0,0,0,0,0,0,0,0,0,0
2026-01-12 03:00:00,DAD,17.1,0.0,96,4.8,257,1018.1,90,24140.0,4.79,-0.25,-0.3,-0.6,-1.2,0.0,0.0,0.0,5.6,5.59,0,0,0,0,0,0,0,0,0,0,0,0
2026-01-12 04:00:00,DAD,16.5,0.0,32,3.7,247,1018.1,90,24140.0,3.61,-0.83,-0.6,-0.9,-1.0,0.0,0.0,0.0,5.6,5.59,0,0,0,0,0,0,0,0,0,0,0,0
2026-01-12 05:00:00,DAD,16.0,0.0,16,6.3,243,1018.3,92,24140.0,6.02,-1.84,-0.5,-1.4,-0.4,0.0,0.0,0.0,6.3,6.02,0,0,0,0,0,0,0,0,0,0,0,0
2026-01-12 06:00:00,DAD,15.9,0.0,44,4.8,243,1018.5,89,24140.0,4.59,-1.4,-0.1,-1.2,0.4,0.0,0.0,0.0,6.3,6.02,0,0,0,0,0,0,0,0,0,0,0,0
2026-01-12 07:00:00,DAD,17.1,0.0,19,3.1,234,1019.1,86,24140.0,2.79,-1.36,1.2,0.6,1.0,0.0,0.0,0.0,6.3,6.02,0,0,0,0,0,0,0,0,0,0,0,0
2026-01-12 08:00:00,DAD,18.7,0.0,16,2.8,225,1019.9,85,24140.0,2.29,-1.61,1.6,2.7,1.6,0.0,0.0,0.0,4.8,4.59,0,0,0,0,0,0,0,0,0,0,0,0
2026-01-12 09:00:00,DAD,21.0,0.0,9,5.3,237,1020.5,74,24140.0,4.88,-2.07,2.3,5.1,2.0,0.0,0.0,0.0,5.3,4.88,0,0,0,0,0,0,0,0,0,0,0,0
2026-01-12 10:00:00,DAD,22.4,0.0,24,2.0,260,1020.3,69,24140.0,2.0,0.0,1.4,5.3,1.2,0.0,0.0,0.0,5.3,4.88,0,0,0,0,0,0,0,0,0,0,0,0
2026-01-12 11:00:00,DAD,23.0,0.0,41,5.9,38,1019.8,67,24140.0,4.38,3.95,0.6,4.3,-0.1,0.0,0.0,0.0,5.9,4.88,0,0,0,0,0,0,0,0,0,0,0,0
2026-01-12 12:00:00,DAD,23.0,0.0,59,6.0,29,1018.5,61,24140.0,3.78,4.66,0.0,2.0,-2.0,0.0,0.0,0.0,6.0,4.38,0,0,0,0,0,0,0,0,0,0,0,0
2026-01-12 13:00:00,DAD,23.5,0.0,100,5.0,35,1017.4,60,24140.0,3.54,3.54,0.5,1.1,-2.9,0.0,0.0,0.0,6.0,4.38,0,0,0,0,0,0,0,0,0,0,0,0
2026-01-12 14:00:00,DAD,23.5,0.0,100,5.5,49,1016.6,56,24140.0,4.71,2.83,0.0,0.5,-3.2,0.0,0.0,0.0,6.0,4.71,0,0,0,0,0,0,0,0,0,0,0,0
2026-01-12 15:00:00,DAD,23.3,0.0,100,7.5,44,1016.3,56,24140.0,6.07,4.41,-0.2,0.3,-2.2,0.0,0.0,0.0,7.5,6.07,0,0,0,0,0,0,0,0,0,0,0,0
2026-01-12 16:00:00,DAD,22.5,0.0,100,11.4,33,1016.2,65,24140.0,7.77,8.34,-0.8,-1.0,-1.2,0.0,0.0,0.0,11.4,7.77,0,0,0,0,0,0,0,0,0,0,0,0
2026-01-12 17:00:00,DAD,21.8,0.0,100,9.9,25,1016.5,71,24140.0,5.68,8.11,-0.7,-1.7,-0.1,0.0,0.0,0.0,11.4,7.77,0,0,0,0,0,0,0,0,0,0,0,0
2026-01-12 18:00:00,DAD,21.4,0.0,99,8.0,23,1016.8,72,24140.0,4.36,6.71,-0.4,-1.9,0.5,0.0,0.0,0.0,11.4,7.77,0,0,0,0,0,0,0,0,0,0,0,0
2026-01-12 19:00:00,DAD,21.0,0.0,82,5.6,354,1017.4,77,24140.0,0.39,5.59,-0.4,-1.5,1.2,0.0,0.0,0.0,9.9,5.68,0,0,0,0,0,0,0,0,0,0,0,0
2026-01-12 20:00:00,DAD,20.9,0.0,96,5.3,348,1018.2,80,24140.0,0.18,5.3,-0.1,-0.9,1.7,0.0,0.0,0.0,8.0,4.36,0,0,0,0,0,0,0,0,0,0,0,0
2026-01-12 21:00:00,DAD,20.5,0.0,100,4.9,336,1018.6,83,24140.0,1.19,4.75,-0.4,-0.9,1.8,0.0,0.0,0.0,5.6,1.19,0,0,0,0,0,0,0,0,0,0,0,0
2026-01-12 22:00:00,DAD,20.4,0.0,100,5.6,339,1018.6,84,24140.0,1.07,5.5,-0.1,-0.6,1.2,0.0,0.0,0.0,5.6,1.19,0,0,0,0,0,0,0,0,0,0,0,0
2026-01-12 23:00:00,DAD,20.0,0.0,41,5.5,333,1018.7,85,24140.0,1.61,5.26,-0.4,-0.9,0.5,0.0,0.0,0.0,5.6,1.61,0,0,0,0,0,0,0,0,0,0,0,0
2026-01-13 00:00:00,DAD,19.4,0.0,3,4.4,322,1018.4,88,24140.0,2.07,3.88,-0.6,-1.1,-0.2,0.0,0.0,0.0,5.6,2.07,0,0,0,0,0,0,0,0,0,0,0,0
2026-01-13 01:00:00,DAD,19.4,0.0,5,5.8,324,1018.0,89,24140.0,2.54,5.21,0.0,-1.0,-0.6,0.0,0.0,0.0,5.8,2.54,0,0,0,0,0,0,0,0,0,0,0,0
2026-01-13 02:00:00,DAD,19.4,0.0,2,5.5,324,1017.6,90,24140.0,2.41,4.94,0.0,-0.6,-1.1,0.0,0.0,0.0,5.8,2.54,0,0,0,0,0,0,0,0,0,0,0,0
2026-01-13 03:00:00,DAD,18.9,0.0,5,5.5,322,1017.3,90,24140.0,2.58,4.86,-0.5,-0.5,-1.1,0.0,0.0,0.0,5.8,2.58,0,0,0,0,0,0,0,0,0,0,0,0
2026-01-13 04:00:00,DAD,18.5,0.0,24,5.1,324,1017.3,90,24140.0,2.24,4.58,-0.4,-0.9,-0.7,0.0,0.0,0.0,5.5,2.58,0,0,0,0,0,0,0,0,0,0,0,0
2026-01-13 05:00:00,DAD,18.4,0.0,39,5.0,311,1017.5,89,24140.0,3.15,3.89,-0.1,-1.0,-0.1,0.0,0.0,0.0,5.5,3.15,0,0,0,0,0,0,0,0,0,0,0,0
2026-01-13 06:00:00,DAD,18.3,0.0,59,5.1,293,1017.9,90,24140.0,4.28,2.78,-0.1,-0.6,0.6,0.0,0.0,0.0,5.1,4.28,0,0,0,0,0,0,0,0,0,0,0,0
2026-01-13 07:00:00,DAD,18.0,0.0,76,6.2,282,1018.7,91,24140.0,5.75,2.32,-0.3,-0.5,1.4,0.0,0.0,0.0,6.2,5.75,0,0,0,0,0,0,0,0,0,0,0,0
2026-01-13 08:00:00,DAD,19.9,0.0,59,5.4,272,1019.5,86,24140.0,5.28,1.12,1.9,1.5,2.0,0.0,0.0,0.0,6.2,5.75,0,0,0,0,0,0,0,0,0,0,0,0
2026-01-13 09:00:00,DAD,21.7,0.0,23,6.7,272,1019.9,70,24140.0,6.55,1.39,1.8,3.4,2.0,0.0,0.0,0.0,6.7,6.55,0,0,0,0,0,0,0,0,0,0,0,0
2026-01-13 10:00:00,DAD,22.9,0.0,29,6.0,314,1019.3,64,24140.0,3.53,4.85,1.2,4.9,0.6,0.0,0.0,0.0,6.7,6.55,0,0,0,0,0,0,0,0,0,0,0,0
2026-01-13 11:00:00,DAD,23.8,0.0,74,6.3,357,1018.5,60,24140.0,0.77,6.25,0.9,3.9,-1.0,0.0,0.0,0.0,6.7,6.55,0,0,0,0,0,0,0,0,0,0,0,0
2026-01-13 12:00:00,DAD,23.9,0.0,100,7.4,18,1017.5,59,24140.0,3.47,6.53,0.1,2.2,-2.4,0.0,0.0,0.0,7.4,3.53,0,0,0,0,0,0,0,0,0,0,0,0
2026-01-13 13:00:00,DAD,24.1,0.0,12,9.3,9,1016.4,60,24140.0,3.03,8.79,0.2,1.2,-2.9,0.0,0.0,0.0,9.3,3.47,0,0,0,0,0,0,0,0,0,0,0,0
2026-01-13 14:00:00,DAD,23.7,0.0,2,13.0,14,1015.5,63,24140.0,5.29,11.88,-0.4,-0.1,-3.0,0.0,0.0,0.0,13.0,5.29,0,0,0,0,0,0,0,0,0,0,0,0
2026-01-13 15:00:00,DAD,22.9,0.0,4,14.7,12,1015.2,68,24140.0,5.51,13.63,-0.8,-1.0,-2.3,0.0,0.0,0.0,14.7,5.51,0,0,0,0,0,0,0,0,0,0,0,0
2026-01-13 16:00:00,DAD,22.4,0.0,8,13.6,7,1015.0,71,24140.0,3.98,13.01,-0.5,-1.7,-1.4,0.0,0.0,0.0,14.7,5.51,0,0,0,0,0,0,0,0,0,0,0,0
2026-01-13 17:00:00,DAD,21.8,0.0,7,12.1,3,1015.3,73,24140.0,2.72,11.79,-0.6,-1.9,-0.2,0.0,0.0,0.0,14.7,5.51,0,0,0,0,0,0,0,0,0,0,0,0
2026-01-13 18:00:00,DAD,21.0,0.0,9,9.2,356,1015.6,76,24140.0,0.96,9.15,-0.8,-1.9,0.4,0.0,0.0,0.0,13.6,3.98,0,0,0,0,0,0,0,0,0,0,0,0
2026-01-13 19:00:00,DAD,20.9,0.0,13,8.0,351,1016.1,79,24140.0,0.14,8.0,-0.1,-1.5,1.1,0.0,0.0,0.0,12.1,2.72,0,0,0,0,0,0,0,0,0,0,0,0
2026-01-13 20:00:00,DAD,20.5,0.0,8,4.0,333,1017.0,84,24140.0,1.17,3.83,-0.4,-1.3,1.7,0.0,0.0,0.0,9.2,1.17,0,0,0,0,0,0,0,0,0,0,0,0
2026-01-13 21:00:00,DAD,20.0,0.0,5,2.8,305,1017.0,87,24140.0,1.98,1.98,-0.5,-1.0,1.4,0.0,0.0,0.0,8.0,1.98,0,0,0,0,0,0,0,0,0,0,0,0
2026-01-13 22:00:00,DAD,19.2,0.0,5,2.8,281,1016.8,90,24140.0,2.61,1.0,-0.8,-1.7,0.7,0.0,0.0,0.0,4.0,2.61,0,0,0,0,0,0,0,0,0,0,0,0
2026-01-13 23:00:00,DAD,19.0,0.0,1,4.8,259,1016.4,92,24140.0,4.8,-0.08,-0.2,-1.5,-0.6,0.0,0.0,0.0,4.8,4.8,0,0,0,0,0,0,0,0,0,0,0,0
2026-01-14 00:00:00,DAD,18.5,0.0,4,6.2,262,1015.8,92,24140.0,6.2,0.22,-0.5,-1.5,-1.2,0.0,0.0,0.0,6.2,6.2,0,0,0,0,0,0,0,0,0,0,0,0
2026-01-14 01:00:00,DAD,18.1,0.0,25,1.8,259,1015.3,93,24140.0,1.8,-0.03,-0.4,-1.1,-1.5,0.0,0.0,0.0,6.2,6.2,0,0,0,0,0,0,0,0,0,0,0,0
2026-01-14 02:00:00,DAD,18.5,0.0,26,0.3,225,1014.8,93,24140.0,0.25,-0.17,0.4,-0.5,-1.6,0.0,0.0,0.0,6.2,6.2,0,0,0,0,0,0,0,0,0,0,0,0
2026-01-14 03:00:00,DAD,18.2,0.0,48,0.2,270,1014.4,92,24140.0,0.2,0.03,-0.3,-0.3,-1.4,0.0,0.0,0.0,1.8,1.8,0,0,0,0,0,0,0,0,0,0,0,0
2026-01-14 04:00:00,DAD,18.0,0.0,100,1.1,252,1014.5,93,24140.0,1.09,-0.15,-0.2,-0.1,-0.8,0.0,0.0,0.0,1.1,1.09,0,0,0,0,0,0,0,0,0,0,0,0
2026-01-14 05:00:00,DAD,17.8,0.0,92,1.8,264,1014.5,94,24140.0,1.8,0.13,-0.2,-0.7,-0.3,0.0,0.0,0.0,1.8,1.8,0,0,0,0,0,0,0,0,0,0,0,0
2026-01-14 06:00:00,DAD,18.0,0.0,92,2.4,257,1015.0,94,24140.0,2.4,-0.13,0.2,-0.2,0.6,0.0,0.0,0.0,2.4,2.4,0,0,0,0,0,0,0,0,0,0,0,0
2026-01-14 07:00:00,DAD,17.7,0.0,23,4.8,259,1015.8,94,24140.0,4.8,-0.08,-0.3,-0.3,1.3,0.0,0.0,0.0,4.8,4.8,0,0,0,0,0,0,0,0,0,0,0,0
2026-01-14 08:00:00,DAD,19.6,0.0,23,3.7,235,1016.7,87,24140.0,3.35,-1.56,1.9,1.8,2.2,0.0,0.0,0.0,4.8,4.8,0,0,0,0,0,0,0,0,0,0,0,0
2026-01-14 09:00:00,DAD,21.6,0.0,16,3.2,218,1016.9,79,24140.0,2.38,-2.14,2.0,3.6,1.9,0.0,0.0,0.0,4.8,4.8,0,0,0,0,0,0,0,0,0,0,0,0
2026-01-14 10:00:00,DAD,23.0,0.0,32,4.1,128,1016.8,74,24140.0,2.74,-3.05,1.4,5.3,1.0,0.0,0.0,0.0,4.1,3.35,0,0,0,0,0,0,0,0,0,0,0,0
2026-01-14 11:00:00,DAD,23.6,0.1,60,7.1,111,1016.3,71,24140.0,6.09,-3.66,0.6,4.0,-0.4,0.1,0.1,0.1,7.1,6.09,1,0,0,0,0,0,0,0,0,1,0,0
2026-01-14 12:00:00,DAD,23.9,0.1,73,8.3,112,1015.2,69,24140.0,7.04,-4.4,0.3,2.3,-1.7,0.1,0.2,0.2,8.3,7.04,1,0,0,0,0,0,0,0,0,1,0,0
2026-01-14 13:00:00,DAD,23.9,0.0,98,8.2,123,1014.0,69,24140.0,6.0,-5.59,0.0,0.9,-2.8,0.0,0.2,0.2,8.3,7.04,0,0,0,0,0,0,0,0,0,0,0,0
2026-01-14 14:00:00,DAD,23.9,0.0,48,8.9,111,1013.1,70,24140.0,7.63,-4.58,0.0,0.3,-3.2,0.0,0.1,0.2,8.9,7.63,0,0,0,0,0,0,0,0,0,0,0,0
2026-01-14 15:00:00,DAD,23.7,0.0,43,10.2,100,1012.7,70,24140.0,9.58,-3.49,-0.2,-0.2,-2.5,0.0,0.0,0.2,10.2,9.58,0,0,0,0,0,0,0,0,0,0,0,0
2026-01-14 16:00:00,DAD,23.0,0.0,39,9.5,90,1012.6,74,24140.0,9.36,-1.65,-0.7,-0.9,-1.4,0.0,0.0,0.2,10.2,9.58,0,0,0,0,0,0,0,0,0,0,0,0
2026-01-14 17:00:00,DAD,22.4,0.0,19,6.8,87,1013.0,80,24140.0,6.75,-0.83,-0.6,-1.5,-0.1,0.0,0.0,0.1,10.2,9.58,0,0,0,0,0,0,0,0,0,0,0,0
2026-01-14 18:00:00,DAD,21.7,0.0,18,3.1,114,1013.7,87,24140.0,2.57,-1.73,-0.7,-2.0,1.0,0.0,0.0,0.0,9.5,9.36,0,0,0,0,0,0,0,0,0,0,0,0
2026-01-14 19:00:00,DAD,21.6,0.0,21,2.2,138,1014.4,87,24140.0,1.17,-1.87,-0.1,-1.4,1.8,0.0,0.0,0.0,6.8,6.75,0,0,0,0,0,0,0,0,0,0,0,0
2026-01-14 20:00:00,DAD,21.5,0.0,23,2.3,151,1015.1,87,24140.0,0.75,-2.17,-0.1,-0.9,2.1,0.0,0.0,0.0,3.1,2.57,0,0,0,0,0,0,0,0,0,0,0,0
2026-01-14 21:00:00,DAD,20.8,0.0,17,2.6,196,1015.3,90,24140.0,1.14,-2.34,-0.7,-0.9,1.6,0.0,0.0,0.0,2.6,1.17,0,0,0,0,0,0,0,0,0,0,0,0
2026-01-14 22:00:00,DAD,20.2,0.0,21,3.4,223,1015.6,92,24140.0,2.72,-2.05,-0.6,-1.4,1.2,0.0,0.0,0.0,3.4,2.72,0,0,0,0,0,0,0,0,0,0,0,0
2026-01-14 23:00:00,DAD,19.6,0.0,17,3.1,249,1015.7,94,24140.0,3.04,-0.59,-0.6,-1.9,0.6,0.0,0.0,0.0,3.4,3.04,0,0,0,0,0,0,0,0,0,0,0,0
2026-01-15 00:00:00,DAD,19.2,0.0,5,2.6,286,1015.6,95,24140.0,2.34,1.14,-0.4,-1.6,0.3,0.0,0.0,0.0,3.4,3.04,0,0,0,0,0,0,0,0,0,0,0,0
2026-01-15 01:00:00,DAD,19.1,0.0,6,2.4,283,1015.1,95,24140.0,2.21,0.94,-0.1,-1.1,-0.5,0.0,0.0,0.0,3.1,3.04,0,0,0,0,0,0,0,0,0,0,0,0
2026-01-15 02:00:00,DAD,19.6,0.0,56,3.9,283,1014.7,94,24140.0,3.59,1.52,0.5,0.0,-1.0,0.0,0.0,0.0,3.9,3.59,0,0,0,0,0,0,0,0,0,0,0,0
2026-01-15 03:00:00,DAD,19.6,0.0,71,3.3,299,1014.2,94,24140.0,2.56,2.08,0.0,0.4,-1.4,0.0,0.0,0.0,3.9,3.59,0,0,0,0,0,0,0,0,0,0,0,0
2026-01-15 04:00:00,DAD,19.2,0.0,97,2.3,302,1014.4,94,24140.0,1.71,1.54,-0.4,0.1,-0.7,0.0,0.0,0.0,3.9,3.59,0,0,0,0,0,0,0,0,0,0,0,0
2026-01-15 05:00:00,DAD,19.0,0.0,100,2.3,299,1014.6,94,24140.0,1.79,1.45,-0.2,-0.6,-0.1,0.0,0.0,0.0,3.3,2.56,0,0,0,0,0,0,0,0,0,0,0,0
2026-01-15 06:00:00,DAD,19.1,0.0,99,2.6,286,1015.3,94,24140.0,2.34,1.14,0.1,-0.5,1.1,0.0,0.0,0.0,2.6,2.34,0,0,0,0,0,0,0,0,0,0,0,0
2026-01-15 07:00:00,DAD,19.5,0.0,99,2.5,278,1015.7,92,24140.0,2.38,0.77,0.4,0.3,1.3,0.0,0.0,0.0,2.6,2.38,0,0,0,0,0,0,0,0,0,0,0,0
2026-01-15 08:00:00,DAD,21.4,0.0,76,2.7,250,1016.5,87,24140.0,2.66,-0.47,1.9,2.4,1.9,0.0,0.0,0.0,2.7,2.66,0,0,0,0,0,0,0,0,0,0,0,0
2026-01-15 09:00:00,DAD,23.0,0.0,41,1.5,210,1016.9,80,24140.0,0.96,-1.15,1.6,3.9,1.6,0.0,0.0,0.0,2.7,2.66,0,0,0,0,0,0,0,0,0,0,0,0
2026-01-15 10:00:00,DAD,24.1,0.0,48,2.2,99,1016.6,72,24140.0,2.08,-0.72,1.1,4.6,0.9,0.0,0.0,0.0,2.7,2.66,0,0,0,0,0,0,0,0,0,0,0,0
2026-01-15 11:00:00,DAD,24.5,0.0,100,4.9,84,1016.0,69,24140.0,4.89,-0.34,0.4,3.1,-0.5,0.0,0.0,0.0,4.9,4.89,0,0,0,0,0,0,0,0,0,0,0,0
2026-01-15 12:00:00,DAD,24.6,0.0,100,7.3,79,1014.9,70,24140.0,7.3,0.13,0.1,1.6,-2.0,0.0,0.0,0.0,7.3,7.3,0,0,0,0,0,0,0,0,0,0,0,0
2026-01-15 13:00:00,DAD,24.9,0.0,100,7.2,84,1013.6,68,24140.0,7.18,-0.5,0.3,0.8,-3.0,0.0,0.0,0.0,7.3,7.3,0,0,0,0,0,0,0,0,0,0,0,0
2026-01-15 14:00:00,DAD,24.6,0.0,55,11.2,75,1012.8,68,24140.0,11.16,0.98,-0.3,0.1,-3.2,0.0,0.0,0.0,11.2,11.16,0,0,0,0,0,0,0,0,0,0,0,0
2026-01-15 15:00:00,DAD,24.3,0.0,10,12.1,67,1012.2,68,24140.0,11.79,2.72,-0.3,-0.3,-2.7,0.0,0.0,0.0,12.1,11.79,0,0,0,0,0,0,0,0,0,0,0,0
2026-01-15 16:00:00,DAD,23.7,0.0,7,11.6,58,1012.2,69,24140.0,10.76,4.35,-0.6,-1.2,-1.4,0.0,0.0,0.0,12.1,11.79,0,0,0,0,0,0,0,0,0,0,0,0
2026-01-15 17:00:00,DAD,22.8,0.0,17,8.8,57,1012.4,75,24140.0,8.1,3.44,-0.9,-1.8,-0.4,0.0,0.0,0.0,12.1,11.79,0,0,0,0,0,0,0,0,0,0,0,0
2026-01-15 18:00:00,DAD,21.8,0.0,25,4.8,68,1012.6,81,24140.0,4.7,1.0,-1.0,-2.5,0.4,0.0,0.0,0.0,11.6,10.76,0,0,0,0,0,0,0,0,0,0,0,0
2026-01-15 19:00:00,DAD,21.9,0.0,89,5.6,94,1013.1,81,24140.0,5.43,-1.35,0.1,-1.8,0.9,0.0,0.0,0.0,8.8,8.1,0,0,0,0,0,0,0,0,0,0,0,0
2026-01-15 20:00:00,DAD,21.5,0.0,48,3.7,101,1013.8,83,24140.0,3.45,-1.33,-0.4,-1.3,1.4,0.0,0.0,0.0,5.6,5.43,0,0,0,0,0,0,0,0,0,0,0,0
2026-01-15 21:00:00,DAD,21.5,0.0,24,1.3,124,1014.0,82,24140.0,0.94,-0.9,0.0,-0.3,1.4,0.0,0.0,0.0,5.6,5.43,0,0,0,0,0,0,0,0,0,0,0,0
2026-01-15 22:00:00,DAD,21.0,0.0,38,0.8,225,1014.1,84,24140.0,0.66,-0.46,-0.5,-0.9,1.0,0.0,0.0,0.0,3.7,3.45,0,0,0,0,0,0,0,0,0,0,0,0
2026-01-15 23:00:00,DAD,20.1,0.0,34,3.3,221,1013.8,89,24140.0,2.56,-2.08,-0.9,-1.4,0.0,0.0,0.0,0.0,3.3,2.56,0,0,0,0,0,0,0,0,0,0,0,0
2026-01-16 00:00:00,DAD,19.7,0.0,22,4.5,230,1013.7,91,24140.0,3.9,-2.25,-0.4,-1.8,-0.3,0.0,0.0,0.0,4.5,3.9,0,0,0,0,0,0,0,0,0,0,0,0
2026-01-16 01:00:00,DAD,19.9,0.0,35,6.1,242,1013.3,90,24140.0,5.8,-1.89,0.2,-1.1,-0.8,0.0,0.0,0.0,6.1,5.8,0,0,0,0,0,0,0,0,0,0,0,0
2026-01-16 02:00:00,DAD,19.8,0.0,21,6.4,248,1012.7,88,24140.0,6.26,-1.33,-0.1,-0.3,-1.1,0.0,0.0,0.0,6.4,6.26,0,0,0,0,0,0,0,0,0,0,0,0
2026-01-16 03:00:00,DAD,19.5,0.0,3,4.3,253,1012.0,87,24140.0,4.27,-0.52,-0.3,-0.2,-1.7,0.0,0.0,0.0,6.4,6.26,0,0,0,0,0,0,0,0,0,0,0,0
2026-01-16 04:00:00,DAD,19.1,0.0,2,2.8,243,1011.9,88,24140.0,2.68,-0.82,-0.4,-0.8,-1.4,0.0,0.0,0.0,6.4,6.26,0,0,0,0,0,0,0,0,0,0,0,0
2026-01-16 05:00:00,DAD,18.5,0.0,2,3.2,218,1012.1,90,24140.0,2.38,-2.14,-0.6,-1.3,-0.6,0.0,0.0,0.0,4.3,4.27,0,0,0,0,0,0,0,0,0,0,0,0
2026-01-16 06:00:00,DAD,17.9,0.0,0,3.4,227,1012.7,94,24140.0,2.85,-1.85,-0.6,-1.6,0.7,0.0,0.0,0.0,3.4,2.85,0,0,0,0,0,0,0,0,0,0,0,0
2026-01-16 07:00:00,DAD,18.3,0.0,23,3.2,270,1013.2,94,24140.0,3.15,0.56,0.4,-0.8,1.3,0.0,0.0,0.0,3.4,3.15,0,0,0,0,0,0,0,0,0,0,0,0
2026-01-16 08:00:00,DAD,20.8,0.0,4,3.4,212,1013.8,88,24140.0,2.28,-2.53,2.5,2.3,1.7,0.0,0.0,0.0,3.4,3.15,0,0,0,0,0,0,0,0,0,0,0,0
2026-01-16 09:00:00,DAD,23.0,0.0,0,4.6,206,1014.4,78,24140.0,2.7,-3.72,2.2,5.1,1.7,0.0,0.0,0.0,4.6,3.15,0,0,0,0,0,0,0,0,0,0,0,0
2026-01-16 10:00:00,DAD,24.5,0.0,0,6.5,180,1014.2,68,24140.0,1.13,-6.4,1.5,6.2,1.0,0.0,0.0,0.0,6.5,2.7,0,0,0,0,0,0,0,0,0,0,0,0
2026-01-16 11:00:00,DAD,25.5,0.0,3,8.3,156,1013.6,65,24140.0,2.01,-8.05,1.0,4.7,-0.2,0.0,0.0,0.0,8.3,2.7,0,0,0,0,0,0,0,0,0,0,0,0
2026-01-16 12:00:00,DAD,26.1,0.0,3,8.4,137,1012.2,63,24140.0,4.57,-7.04,0.6,3.1,-2.2,0.0,0.0,0.0,8.4,4.57,0,0,0,0,0,0,0,0,0,0,0,0
2026-01-16 13:00:00,DAD,26.0,0.0,3,10.9,107,1011.0,64,24140.0,9.71,-4.95,-0.1,1.5,-3.2,0.0,0.0,0.0,10.9,9.71,0,0,0,0,0,0,0,0,0,0,0,0
2026-01-16 14:00:00,DAD,25.1,0.0,35,14.3,96,1010.3,67,24140.0,13.75,-3.94,-0.9,-0.4,-3.3,0.0,0.0,0.0,14.3,13.75,0,0,0,0,0,0,0,0,0,0,0,0
2026-01-16 15:00:00,DAD,24.5,0.0,4,12.6,91,1009.8,69,24140.0,12.37,-2.4,-0.6,-1.6,-2.4,0.0,0.0,0.0,14.3,13.75,0,0,0,0,0,0,0,0,0,0,0,0
2026-01-16 16:00:00,DAD,24.0,0.0,2,10.1,87,1009.8,72,24140.0,10.02,-1.23,-0.5,-2.0,-1.2,0.0,0.0,0.0,14.3,13.75,0,0,0,0,0,0,0,0,0,0,0,0
2026-01-16 17:00:00,DAD,23.2,0.0,77,7.0,94,1010.2,78,24140.0,6.79,-1.69,-0.8,-1.9,-0.1,0.0,0.0,0.0,12.6,12.37,0,0,0,0,0,0,0,0,0,0,0,0
2026-01-16 18:00:00,DAD,22.2,0.0,91,3.3,103,1010.9,87,24140.0,3.04,-1.29,-1.0,-2.3,1.1,0.0,0.0,0.0,10.1,10.02,0,0,0,0,0,0,0,0,0,0,0,0
2026-01-16 19:00:00,DAD,21.9,0.0,59,2.6,124,1011.7,90,24140.0,1.87,-1.81,-0.3,-2.1,1.9,0.0,0.0,0.0,7.0,6.79,0,0,0,0,0,0,0,0,0,0,0,0
2026-01-16 20:00:00,DAD,21.9,0.0,98,1.7,162,1012.6,91,24140.0,0.24,-1.68,0.0,-1.3,2.4,0.0,0.0,0.0,3.3,3.04,0,0,0,0,0,0,0,0,0,0,0,0
2026-01-16 21:00:00,DAD,21.5,0.0,96,2.4,222,1012.6,93,24140.0,1.89,-1.48,-0.4,-0.7,1.7,0.0,0.0,0.0,2.6,1.89,0,0,0,0,0,0,0,0,0,0,0,0
2026-01-16 22:00:00,DAD,21.2,0.0,98,4.3,222,1012.3,93,24140.0,3.39,-2.65,-0.3,-0.7,0.6,0.0,0.0,0.0,4.3,3.39,0,0,0,0,0,0,0,0,0,0,0,0
2026-01-16 23:00:00,DAD,20.8,0.0,74,5.6,225,1012.2,93,24140.0,4.59,-3.21,-0.4,-1.1,-0.4,0.0,0.0,0.0,5.6,4.59,0,0,0,0,0,0,0,0,0,0,0,0
2026-01-17 00:00:00,DAD,20.4,0.0,64,3.3,257,1011.9,94,24140.0,3.3,-0.17,-0.4,-1.1,-0.7,0.0,0.0,0.0,5.6,4.59,0,0,0,0,0,0,0,0,0,0,0,0
2026-01-17 01:00:00,DAD,20.5,0.0,41,3.3,257,1011.6,94,24140.0,3.3,-0.17,0.1,-0.7,-0.7,0.0,0.0,0.0,5.6,4.59,0,0,0,0,0,0,0,0,0,0,0,0
2026-01-17 02:00:00,DAD,20.2,0.0,5,5.4,220,1011.0,95,24140.0,4.14,-3.47,-0.3,-0.6,-1.2,0.0,0.0,0.0,5.4,4.14,0,0,0,0,0,0,0,0,0,0,0,0
2026-01-17 03:00:00,DAD,19.6,0.0,59,4.0,207,1010.3,97,24140.0,2.41,-3.19,-0.6,-0.8,-1.6,0.0,0.0,0.0,5.4,4.14,0,0,0,0,0,0,0,0,0,0,0,0
2026-01-17 04:00:00,DAD,19.2,0.0,24,2.3,198,1010.1,97,24140.0,1.08,-2.03,-0.4,-1.3,-1.5,0.0,0.0,0.0,5.4,4.14,0,0,0,0,0,0,0,0,0,0,0,0
2026-01-17 05:00:00,DAD,19.0,0.0,20,2.5,188,1010.2,98,24140.0,0.77,-2.38,-0.2,-1.2,-0.8,0.0,0.0,0.0,4.0,2.41,0,0,0,0,0,0,0,0,0,0,0,0
2026-01-17 06:00:00,DAD,18.9,0.0,0,1.6,186,1010.6,98,24140.0,0.44,-1.54,-0.1,-0.7,0.3,0.0,0.0,0.0,2.5,1.08,0,0,0,0,0,0,0,0,0,0,0,0
2026-01-17 07:00:00,DAD,19.8,0.0,99,2.1,200,1011.0,99,24140.0,1.05,-1.82,0.9,0.6,0.9,0.0,0.0,0.0,2.5,1.05,0,0,0,0,0,0,0,0,0,0,0,0
2026-01-17 08:00:00,DAD,21.4,0.0,35,2.8,169,1012.0,92,24140.0,0.05,-2.8,1.6,2.4,1.8,0.0,0.0,0.0,2.8,1.05,0,0,0,0,0,0,0,0,0,0,0,0
2026-01-17 09:00:00,DAD,23.0,0.0,95,5.6,153,1012.5,83,24140.0,1.64,-5.36,1.6,4.1,1.9,0.0,0.0,0.0,5.6,1.64,0,0,0,0,0,0,0,0,0,0,0,0
2026-01-17 10:00:00,DAD,24.4,0.0,95,7.0,119,1012.6,77,24140.0,5.44,-4.41,1.4,4.6,1.6,0.0,0.0,0.0,7.0,5.44,0,0,0,0,0,0,0,0,0,0,0,0
2026-01-17 11:00:00,DAD,25.0,0.0,92,10.5,98,1012.3,75,24140.0,9.99,-3.24,0.6,3.6,0.3,0.0,0.0,0.0,10.5,9.99,0,0,0,0,0,0,0,0,0,0,0,0
2026-01-17 12:00:00,DAD,24.7,0.0,5,11.9,96,1011.2,77,24140.0,11.44,-3.28,-0.3,1.7,-1.3,0.0,0.0,0.0,11.9,11.44,0,0,0,0,0,0,0,0,0,0,0,0
2026-01-17 13:00:00,DAD,24.5,0.0,77,11.2,89,1010.4,75,24140.0,11.06,-1.75,-0.2,0.1,-2.2,0.0,0.0,0.0,11.9,11.44,0,0,0,0,0,0,0,0,0,0,0,0
2026-01-17 14:00:00,DAD,24.5,0.0,68,11.2,88,1009.6,74,24140.0,11.09,-1.56,0.0,-0.5,-2.7,0.0,0.0,0.0,11.9,11.44,0,0,0,0,0,0,0,0,0,0,0,0
2026-01-17 15:00:00,DAD,24.0,0.0,61,10.8,88,1009.1,75,24140.0,10.69,-1.5,-0.5,-0.7,-2.1,0.0,0.0,0.0,11.2,11.09,0,0,0,0,0,0,0,0,0,0,0,0
2026-01-17 16:00:00,DAD,23.4,0.0,17,9.9,88,1009.0,76,24140.0,9.8,-1.38,-0.6,-1.1,-1.4,0.0,0.0,0.0,11.2,11.09,0,0,0,0,0,0,0,0,0,0,0,0
2026-01-17 17:00:00,DAD,22.9,0.0,10,8.6,88,1009.2,78,24140.0,8.52,-1.2,-0.5,-1.6,-0.4,0.0,0.0,0.0,10.8,10.69,0,0,0,0,0,0,0,0,0,0,0,0
2026-01-17 18:00:00,DAD,22.2,0.0,97,7.1,84,1009.9,83,24140.0,7.08,-0.5,-0.7,-1.8,0.8,0.0,0.0,0.0,9.9,9.8,0,0,0,0,0,0,0,0,0,0,0,0
2026-01-17 19:00:00,DAD,22.5,0.0,91,5.6,63,1010.5,88,24140.0,5.36,1.64,0.3,-0.9,1.5,0.0,0.0,0.0,8.6,8.52,0,0,0,0,0,0,0,0,0,0,0,0
2026-01-17 20:00:00,DAD,22.4,0.0,98,5.2,49,1010.9,88,24140.0,4.46,2.68,-0.1,-0.5,1.7,0.0,0.0,0.0,7.1,7.08,0,0,0,0,0,0,0,0,0,0,0,0
2026-01-17 21:00:00,DAD,22.2,0.0,94,3.8,65,1011.1,88,24140.0,3.67,0.98,-0.2,0.0,1.2,0.0,0.0,0.0,5.6,5.36,0,0,0,0,0,0,0,0,0,0,0,0
2026-01-17 22:00:00,DAD,22.0,0.0,83,2.2,90,1011.2,90,24140.0,2.17,-0.38,-0.2,-0.5,0.7,0.0,0.0,0.0,5.2,4.46,0,0,0,0,0,0,0,0,0,0,0,0
2026-01-17 23:00:00,DAD,22.0,0.0,98,0.4,153,1010.8,89,24140.0,0.12,-0.38,0.0,-0.4,-0.1,0.0,0.0,0.0,3.8,3.67,0,0,0,0,0,0,0,0,0,0,0,0
2026-01-18 00:00:00,DAD,21.2,0.0,98,0.4,180,1010.3,90,24140.0,0.07,-0.39,-0.8,-1.0,-0.8,0.0,0.0,0.0,2.2,2.17,0,0,0,0,0,0,0,0,0,0,0,0
2026-01-18 01:00:00,DAD,20.6,0.0,94,0.6,236,1009.9,93,24140.0,0.55,-0.24,-0.6,-1.4,-1.3,0.0,0.0,0.0,0.6,0.55,0,0,0,0,0,0,0,0,0,0,0,0
2026-01-18 02:00:00,DAD,20.0,0.0,99,1.4,293,1009.4,96,24140.0,1.17,0.76,-0.6,-2.0,-1.4,0.0,0.0,0.0,1.4,1.17,0,0,0,0,0,0,0,0,0,0,0,0
2026-01-18 03:00:00,DAD,19.5,0.0,97,1.5,306,1009.2,98,24140.0,1.04,1.08,-0.5,-1.7,-1.1,0.0,0.0,0.0,1.5,1.17,0,0,0,0,0,0,0,0,0,0,0,0
2026-01-18 04:00:00,DAD,19.2,0.0,100,1.8,307,1009.3,99,24140.0,1.23,1.32,-0.3,-1.4,-0.6,0.0,0.0,0.0,1.8,1.23,0,0,0,0,0,0,0,0,0,0,0,0
2026-01-18 05:00:00,DAD,18.6,0.0,100,1.3,304,1009.7,99,24140.0,0.94,0.9,-0.6,-1.4,0.3,0.0,0.0,0.0,1.8,1.23,0,0,0,0,0,0,0,0,0,0,0,0
2026-01-18 06:00:00,DAD,18.5,0.0,99,1.8,270,1010.4,98,24140.0,1.77,0.31,-0.1,-1.0,1.2,0.0,0.0,0.0,1.8,1.77,0,0,0,0,0,0,0,0,0,0,0,0
2026-01-18 07:00:00,DAD,18.8,0.0,92,2.5,266,1011.1,96,24140.0,2.49,0.26,0.3,-0.4,1.8,0.0,0.0,0.0,2.5,2.49,0,0,0,0,0,0,0,0,0,0,0,0
2026-01-18 08:00:00,DAD,20.9,0.0,82,2.8,243,1012.2,93,24140.0,2.68,-0.82,2.1,2.3,2.5,0.0,0.0,0.0,2.8,2.68,0,0,0,0,0,0,0,0,0,0,0,0
2026-01-18 09:00:00,DAD,22.8,0.0,45,3.7,157,1012.8,84,24140.0,0.83,-3.61,1.9,4.3,2.4,0.0,0.0,0.0,3.7,2.68,0,0,0,0,0,0,0,0,0,0,0,0
2026-01-18 10:00:00,DAD,23.8,0.1,30,5.0,131,1012.9,75,24140.0,3.15,-3.89,1.0,5.0,1.8,0.1,0.1,0.1,5.0,3.15,1,0,0,0,0,0,0,0,0,1,0,0
2026-01-18 11:00:00,DAD,24.7,0.0,7,5.2,110,1012.4,69,24140.0,4.5,-2.6,0.9,3.8,0.2,0.0,0.1,0.1,5.2,4.5,0,0,0,0,0,0,0,0,0,0,0,0
2026-01-18 12:00:00,DAD,25.2,0.0,9,5.3,100,1011.5,65,24140.0,4.98,-1.81,0.5,2.4,-1.3,0.0,0.1,0.1,5.3,4.98,0,0,0,0,0,0,0,0,0,0,0,0
2026-01-18 13:00:00,DAD,25.5,0.0,4,8.1,93,1010.4,62,24140.0,7.89,-1.82,0.3,1.7,-2.5,0.0,0.0,0.1,8.1,7.89,0,0,0,0,0,0,0,0,0,0,0,0
2026-01-18 14:00:00,DAD,25.0,0.0,5,11.9,79,1009.4,66,24140.0,11.9,0.21,-0.5,0.3,-3.0,0.0,0.0,0.1,11.9,11.9,0,0,0,0,0,0,0,0,0,0,0,0
2026-01-18 15:00:00,DAD,24.2,0.0,7,12.5,67,1008.9,69,24140.0,12.18,2.81,-0.8,-1.0,-2.6,0.0,0.0,0.1,12.5,12.18,0,0,0,0,0,0,0,0,0,0,0,0
2026-01-18 16:00:00,DAD,23.9,0.0,6,11.4,61,1008.8,68,24140.0,10.78,3.71,-0.3,-1.6,-1.6,0.0,0.0,0.0,12.5,12.18,0,0,0,0,0,0,0,0,0,0,0,0
2026-01-18 17:00:00,DAD,23.0,0.0,2,9.6,57,1009.1,72,24140.0,8.84,3.75,-0.9,-2.0,-0.3,0.0,0.0,0.0,12.5,12.18,0,0,0,0,0,0,0,0,0,0,0,0
2026-01-18 18:00:00,DAD,22.0,0.0,0,6.0,49,1009.7,80,24140.0,5.14,3.09,-1.0,-2.2,0.8,0.0,0.0,0.0,11.4,10.78,0,0,0,0,0,0,0,0,0,0,0,0
2026-01-18 19:00:00,DAD,22.0,0.0,0,3.5,28,1010.4,87,24140.0,2.15,2.76,0.0,-1.9,1.6,0.0,0.0,0.0,9.6,8.84,0,0,0,0,0,0,0,0,0,0,0,0
2026-01-18 20:00:00,DAD,22.0,0.0,30,0.9,360,1011.5,87,24140.0,0.16,0.89,0.0,-1.0,2.4,0.0,0.0,0.0,6.0,5.14,0,0,0,0,0,0,0,0,0,0,0,0
2026-01-18 21:00:00,DAD,21.2,0.0,35,0.5,270,1011.8,90,24140.0,0.49,0.09,-0.8,-0.8,2.1,0.0,0.0,0.0,3.5,2.15,0,0,0,0,0,0,0,0,0,0,0,0
2026-01-18 22:00:00,DAD,20.8,0.0,18,3.3,257,1011.9,93,24140.0,3.3,-0.17,-0.4,-1.2,1.5,0.0,0.0,0.0,3.3,3.3,0,0,0,0,0,0,0,0,0,0,0,0
2026-01-18 23:00:00,DAD,20.1,0.0,61,4.8,257,1011.7,95,24140.0,4.79,-0.25,-0.7,-1.9,0.2,0.0,0.0,0.0,4.8,4.79,0,0,0,0,0,0,0,0,0,0,0,0
2026-01-19 00:00:00,DAD,19.8,0.0,59,5.6,245,1011.5,94,24140.0,5.41,-1.45,-0.3,-1.4,-0.3,0.0,0.0,0.0,5.6,5.41,0,0,0,0,0,0,0,0,0,0,0,0
2026-01-19 01:00:00,DAD,19.9,0.0,84,3.9,257,1011.1,93,24140.0,3.89,-0.2,0.1,-0.9,-0.8,0.0,0.0,0.0,5.6,5.41,0,0,0,0,0,0,0,0,0,0,0,0
2026-01-19 02:00:00,DAD,19.5,0.0,55,3.2,243,1010.3,95,24140.0,3.06,-0.94,-0.4,-0.6,-1.4,0.0,0.0,0.0,5.6,5.41,0,0,0,0,0,0,0,0,0,0,0,0
2026-01-19 03:00:00,DAD,19.4,0.0,70,4.9,219,1010.1,95,24140.0,3.7,-3.21,-0.1,-0.4,-1.4,0.0,0.0,0.0,4.9,3.89,0,0,0,0,0,0,0,0,0,0,0,0
2026-01-19 04:00:00,DAD,19.0,0.0,80,5.5,218,1010.2,96,24140.0,4.09,-3.68,-0.4,-0.9,-0.9,0.0,0.0,0.0,5.5,4.09,0,0,0,0,0,0,0,0,0,0,0,0
2026-01-19 05:00:00,DAD,18.7,0.0,81,5.3,215,1010.4,96,24140.0,3.75,-3.75,-0.3,-0.8,0.1,0.0,0.0,0.0,5.5,4.09,0,0,0,0,0,0,0,0,0,0,0,0
2026-01-19 06:00:00,DAD,18.5,0.0,87,5.3,213,1011.2,95,24140.0,3.61,-3.88,-0.2,-0.9,1.1,0.0,0.0,0.0,5.5,4.09,0,0,0,0,0,0,0,0,0,0,0,0
2026-01-19 07:00:00,DAD,18.9,0.0,67,5.5,229,1012.4,95,24140.0,4.71,-2.83,0.4,-0.1,2.2,0.0,0.0,0.0,5.5,4.71,0,0,0,0,0,0,0,0,0,0,0,0
2026-01-19 08:00:00,DAD,20.7,0.0,59,4.2,211,1013.3,93,24140.0,2.76,-3.17,1.8,2.0,2.9,0.0,0.0,0.0,5.5,4.71,0,0,0,0,0,0,0,0,0,0,0,0
2026-01-19 09:00:00,DAD,22.8,0.0,9,5.1,190,1013.4,83,24140.0,1.74,-4.79,2.1,4.3,2.2,0.0,0.0,0.0,5.5,4.71,0,0,0,0,0,0,0,0,0,0,0,0
2026-01-19 10:00:00,DAD,24.5,0.0,0,7.2,179,1013.3,71,24140.0,1.13,-7.11,1.7,5.6,0.9,0.0,0.0,0.0,7.2,2.76,0,0,0,0,0,0,0,0,0,0,0,0
2026-01-19 11:00:00,DAD,25.7,0.0,0,7.3,164,1012.8,66,24140.0,0.76,-7.26,1.2,5.0,-0.5,0.0,0.0,0.0,7.3,1.74,0,0,0,0,0,0,0,0,0,0,0,0
2026-01-19 12:00:00,DAD,26.5,0.0,13,7.1,139,1011.7,62,24140.0,3.66,-6.09,0.8,3.7,-1.7,0.0,0.0,0.0,7.3,3.66,0,0,0,0,0,0,0,0,0,0,0,0
2026-01-19 13:00:00,DAD,26.5,0.0,11,9.3,126,1010.9,60,24140.0,6.46,-6.69,0.0,2.0,-2.4,0.0,0.0,0.0,9.3,6.46,0,0,0,0,0,0,0,0,0,0,0,0
2026-01-19 14:00:00,DAD,26.2,0.0,21,11.1,107,1010.3,62,24140.0,9.89,-5.04,-0.3,0.5,-2.5,0.0,0.0,0.0,11.1,9.89,0,0,0,0,0,0,0,0,0,0,0,0
2026-01-19 15:00:00,DAD,25.5,0.0,2,11.5,99,1009.8,66,24140.0,10.87,-3.74,-0.7,-1.0,-1.9,0.0,0.0,0.0,11.5,10.87,0,0,0,0,0,0,0,0,0,0,0,0
2026-01-19 16:00:00,DAD,24.5,0.0,1,10.1,93,1009.6,70,24140.0,9.84,-2.27,-1.0,-2.0,-1.3,0.0,0.0,0.0,11.5,10.87,0,0,0,0,0,0,0,0,0,0,0,0
2026-01-19 17:00:00,DAD,23.6,0.0,1,7.9,87,1009.9,77,24140.0,7.84,-0.96,-0.9,-2.6,-0.4,0.0,0.0,0.0,11.5,10.87,0,0,0,0,0,0,0,0,0,0,0,0
2026-01-19 18:00:00,DAD,22.5,0.0,0,6.1,76,1010.6,86,24140.0,6.09,0.43,-1.1,-3.0,0.8,0.0,0.0,0.0,10.1,9.84,0,0,0,0,0,0,0,0,0,0,0,0
2026-01-19 19:00:00,DAD,22.4,0.0,40,4.1,77,1011.6,90,24140.0,4.09,0.21,-0.1,-2.1,2.0,0.0,0.0,0.0,7.9,7.84,0,0,0,0,0,0,0,0,0,0,0,0
2026-01-19 20:00:00,DAD,22.5,0.0,67,3.8,98,1012.3,91,24140.0,3.61,-1.17,0.1,-1.1,2.4,0.0,0.0,0.0,6.1,6.09,0,0,0,0,0,0,0,0,0,0,0,0
2026-01-19 21:00:00,DAD,22.0,0.0,53,1.5,150,1012.7,92,24140.0,0.51,-1.41,-0.5,-0.5,2.1,0.0,0.0,0.0,4.1,4.09,0,0,0,0,0,0,0,0,0,0,0,0
2026-01-19 22:00:00,DAD,21.2,0.0,56,2.4,189,1012.9,94,24140.0,0.78,-2.27,-0.8,-1.2,1.3,0.0,0.0,0.0,3.8,3.61,0,0,0,0,0,0,0,0,0,0,0,0
2026-01-19 23:00:00,DAD,20.7,0.0,33,3.6,221,1012.9,97,24140.0,2.8,-2.27,-0.5,-1.8,0.6,0.0,0.0,0.0,3.6,2.8,0,0,0,0,0,0,0,0,0,0,0,0
2026-01-20 00:00:00,DAD,20.0,0.0,23,4.2,234,1012.8,99,24140.0,3.77,-1.84,-0.7,-2.0,0.1,0.0,0.0,0.0,4.2,3.77,0,0,0,0,0,0,0,0,0,0,0,0
2026-01-20 01:00:00,DAD,19.9,0.0,12,1.9,241,1012.1,98,24140.0,1.8,-0.62,-0.1,-1.3,-0.8,0.0,0.0,0.0,4.2,3.77,0,0,0,0,0,0,0,0,0,0,0,0
2026-01-20 02:00:00,DAD,19.6,0.0,28,2.4,234,1011.4,99,24140.0,2.16,-1.05,-0.3,-1.1,-1.5,0.0,0.0,0.0,4.2,3.77,0,0,0,0,0,0,0,0,0,0,0,0
2026-01-20 03:00:00,DAD,19.5,0.0,98,3.1,225,1010.9,98,24140.0,2.54,-1.78,-0.1,-0.5,-1.9,0.0,0.0,0.0,3.1,2.54,0,0,0,0,0,0,0,0,0,0,0,0
2026-01-20 04:00:00,DAD,19.0,0.0,100,3.7,209,1011.1,99,24140.0,2.33,-2.88,-0.5,-0.9,-1.0,0.0,0.0,0.0,3.7,2.54,0,0,0,0,0,0,0,0,0,0,0,0
2026-01-20 05:00:00,DAD,19.0,0.0,99,4.3,208,1011.5,98,24140.0,2.65,-3.39,0.0,-0.6,0.1,0.0,0.0,0.0,4.3,2.65,0,0,0,0,0,0,0,0,0,0,0,0
2026-01-20 06:00:00,DAD,18.8,0.0,86,4.9,213,1012.3,97,24140.0,3.34,-3.58,-0.2,-0.7,1.4,0.0,0.0,0.0,4.9,3.34,0,0,0,0,0,0,0,0,0,0,0,0
2026-01-20 07:00:00,DAD,19.2,0.0,80,4.8,207,1013.5,94,24140.0,2.89,-3.83,0.4,0.2,2.4,0.0,0.0,0.0,4.9,3.34,0,0,0,0,0,0,0,0,0,0,0,0
2026-01-20 08:00:00,DAD,20.3,0.0,48,4.2,185,1014.3,93,24140.0,1.09,-4.06,1.1,1.3,2.8,0.0,0.0,0.0,4.9,3.34,0,0,0,0,0,0,0,0,0,0,0,0
2026-01-20 09:00:00,DAD,22.5,0.0,31,5.5,171,1015.3,84,24140.0,0.1,-5.5,2.2,3.7,3.0,0.0,0.0,0.0,5.5,2.89,0,0,0,0,0,0,0,0,0,0,0,0
2026-01-20 10:00:00,DAD,24.2,0.0,16,7.2,152,1015.5,74,24140.0,2.22,-6.85,1.7,5.0,2.0,0.0,0.0,0.0,7.2,2.22,0,0,0,0,0,0,0,0,0,0,0,0
2026-01-20 11:00:00,DAD,25.2,0.1,27,8.9,122,1015.3,66,24140.0,6.61,-5.96,1.0,4.9,1.0,0.1,0.1,0.1,8.9,6.61,1,0,0,0,0,0,0,0,0,1,0,0
2026-01-20 12:00:00,DAD,25.5,0.1,21,10.1,107,1014.7,64,24140.0,9.0,-4.59,0.3,3.0,-0.6,0.1,0.2,0.2,10.1,9.0,1,0,0,0,0,0,0,0,0,1,0,0
2026-01-20 13:00:00,DAD,25.3,0.2,15,10.1,95,1013.8,64,24140.0,9.76,-2.61,-0.2,1.1,-1.7,0.2,0.4,0.4,10.1,9.76,1,0,0,0,0,0,0,0,0,1,0,0
2026-01-20 14:00:00,DAD,25.2,0.1,19,11.4,85,1013.0,65,24140.0,11.36,-0.99,-0.1,0.0,-2.3,0.1,0.4,0.5,11.4,11.36,1,0,0,0,0,0,0,0,0,1,0,0
2026-01-20 15:00:00,DAD,25.0,0.1,10,11.4,83,1012.7,67,24140.0,11.38,-0.6,-0.2,-0.5,-2.0,0.1,0.4,0.6,11.4,11.38,1,0,0,0,0,0,0,0,0,1,0,0
2026-01-20 16:00:00,DAD,24.5,0.0,5,11.1,82,1012.9,68,24140.0,11.09,-0.39,-0.5,-0.8,-0.9,0.0,0.2,0.6,11.4,11.38,0,0,0,0,0,0,0,0,0,0,0,0
2026-01-20 17:00:00,DAD,23.9,0.0,5,8.8,86,1013.2,70,24140.0,8.75,-0.92,-0.6,-1.3,0.2,0.0,0.1,0.5,11.4,11.38,0,0,0,0,0,0,0,0,0,0,0,0
2026-01-20 18:00:00,DAD,23.0,0.0,11,4.9,98,1013.4,78,24140.0,4.66,-1.51,-0.9,-2.0,0.7,0.0,0.0,0.4,11.1,11.09,0,0,0,0,0,0,0,0,0,0,0,0
2026-01-20 19:00:00,DAD,22.8,0.0,20,3.7,79,1013.7,83,24140.0,3.7,0.06,-0.2,-1.7,0.8,0.0,0.0,0.2,8.8,8.75,0,0,0,0,0,0,0,0,0,0,0,0
2026-01-20 20:00:00,DAD,22.6,0.0,7,3.7,79,1014.4,83,24140.0,3.7,0.06,-0.2,-1.3,1.2,0.0,0.0,0.1,4.9,4.66,0,0,0,0,0,0,0,0,0,0,0,0
2026-01-20 21:00:00,DAD,22.0,0.0,6,1.7,58,1014.5,87,24140.0,1.58,0.64,-0.6,-1.0,1.1,0.0,0.0,0.0,3.7,3.7,0,0,0,0,0,0,0,0,0,0,0,0
2026-01-20 22:00:00,DAD,21.5,0.0,9,0.2,360,1014.8,88,24140.0,0.03,0.2,-0.5,-1.3,1.1,0.0,0.0,0.0,3.7,3.7,0,0,0,0,0,0,0,0,0,0,0,0
2026-01-20 23:00:00,DAD,20.9,0.0,13,0.2,90,1014.8,90,24140.0,0.2,-0.03,-0.6,-1.7,0.4,0.0,0.0,0.0,1.7,1.58,0,0,0,0,0,0,0,0,0,0,0,0
2026-01-21 00:00:00,DAD,20.4,0.1,24,0.9,169,1015.0,91,24140.0,0.02,-0.9,-0.5,-1.6,0.5,0.1,0.1,0.1,0.9,0.2,1,0,0,0,0,0,0,0,0,1,0,0
2026-01-21 01:00:00,DAD,20.2,0.0,16,0.6,252,1014.6,91,24140.0,0.59,-0.08,-0.2,-1.3,-0.2,0.0,0.1,0.1,0.9,0.59,0,0,0,0,0,0,0,0,0,0,0,0
2026-01-21 02:00:00,DAD,20.0,0.2,25,0.8,315,1014.2,92,24140.0,0.46,0.66,-0.2,-0.9,-0.6,0.2,0.3,0.3,0.9,0.59,1,0,0,0,0,0,0,0,0,1,0,0
2026-01-21 03:00:00,DAD,19.5,0.1,22,2.5,291,1013.9,93,24140.0,2.14,1.29,-0.5,-0.9,-1.1,0.1,0.3,0.4,2.5,2.14,1,0,0,0,0,0,0,0,0,1,0,0
2026-01-21 04:00:00,DAD,19.0,0.1,41,3.3,283,1014.2,95,24140.0,3.04,1.29,-0.5,-1.2,-0.4,0.1,0.4,0.5,3.3,3.04,1,0,0,0,0,0,0,0,0,1,0,0
2026-01-21 05:00:00,DAD,18.5,0.1,66,2.7,270,1014.8,94,24140.0,2.66,0.47,-0.5,-1.5,0.6,0.1,0.3,0.6,3.3,3.04,1,0,0,0,0,0,0,0,0,1,0,0
2026-01-21 06:00:00,DAD,19.1,0.1,51,5.4,250,1015.4,93,24000.0,5.32,-0.94,0.6,-0.4,1.5,0.1,0.3,0.6,5.4,5.32,1,0,0,0,0,0,0,0,0,1,0,0
2026-01-21 07:00:00,DAD,20.0,0.0,43,3.6,297,1016.4,89,23380.0,2.88,2.17,0.9,1.0,2.2,0.0,0.2,0.6,5.4,5.32,0,0,0,0,0,0,0,0,0,0,0,0
2026-01-21 08:00:00,DAD,21.5,0.1,52,2.4,261,1017.3,87,14780.0,2.4,0.04,1.5,3.0,2.5,0.1,0.2,0.5,5.4,5.32,1,0,0,0,0,0,0,0,0,1,0,0
2026-01-21 09:00:00,DAD,23.1,0.0,11,2.2,189,1018.0,77,20600.0,0.72,-2.08,1.6,4.0,2.6,0.0,0.1,0.4,3.6,2.88,0,0,0,0,0,0,0,0,0,0,0,0
2026-01-21 10:00:00,DAD,24.5,0.1,19,8.0,98,1018.3,67,24140.0,7.61,-2.47,1.4,4.5,1.9,0.1,0.2,0.4,8.0,7.61,1,0,0,0,0,0,0,0,0,1,0,0
2026-01-21 11:00:00,DAD,25.0,0.0,20,13.5,81,1018.0,59,24140.0,13.5,-0.24,0.5,3.5,0.7,0.0,0.1,0.3,13.5,13.5,0,0,0,0,0,0,0,0,0,0,0,0
2026-01-21 12:00:00,DAD,25.4,0.0,41,15.6,79,1017.2,56,24140.0,15.6,0.27,0.4,2.3,-0.8,0.0,0.1,0.2,15.6,15.6,0,0,0,0,0,0,0,0,0,0,0,0
2026-01-21 13:00:00,DAD,23.9,0.0,88,16.5,76,1016.5,66,24140.0,16.46,1.15,-1.5,-0.6,-1.8,0.0,0.0,0.2,16.5,16.46,0,0,0,0,0,0,0,0,0,0,0,0
2026-01-21 14:00:00,DAD,24.1,0.2,66,16.6,80,1015.7,64,24140.0,16.6,-0.0,0.2,-0.9,-2.3,0.2,0.2,0.3,16.6,16.6,1,0,0,0,0,0,0,0,0,1,0,0
2026-01-21 15:00:00,DAD,24.2,0.1,44,15.9,80,1015.2,63,24140.0,15.9,-0.0,0.1,-1.2,-2.0,0.1,0.3,0.4,16.6,16.6,1,0,0,0,0,0,0,0,0,1,0,0
2026-01-21 16:00:00,DAD,24.0,0.0,22,14.1,80,1015.1,64,14860.0,14.1,-0.0,-0.2,0.1,-1.4,0.0,0.3,0.3,16.6,16.6,0,0,0,0,0,0,0,0,0,0,0,0
2026-01-21 17:00:00,DAD,23.4,0.0,10,11.4,78,1015.3,67,14780.0,11.39,0.4,-0.6,-0.7,-0.4,0.0,0.1,0.3,15.9,15.9,0,0,0,0,0,0,0,0,0,0,0,0
2026-01-21 18:00:00,DAD,22.6,0.0,13,9.5,76,1015.5,72,23560.0,9.48,0.66,-0.8,-1.6,0.3,0.0,0.0,0.3,14.1,14.1,0,0,0,0,0,0,0,0,0,0,0,0
2026-01-21 19:00:00,DAD,22.2,0.0,23,7.0,64,1016.3,76,23660.0,6.73,1.93,-0.4,-1.8,1.2,0.0,0.0,0.3,11.4,11.39,0,0,0,0,0,0,0,0,0,0,0,0
2026-01-21 20:00:00,DAD,22.0,0.0,17,4.4,81,1016.9,77,24140.0,4.4,-0.08,-0.2,-1.4,1.6,0.0,0.0,0.1,9.5,9.48,0,0,0,0,0,0,0,0,0,0,0,0
2026-01-21 21:00:00,DAD,21.1,0.0,27,3.1,69,1017.3,84,24140.0,3.04,0.59,-0.9,-1.5,1.8,0.0,0.0,0.0,7.0,6.73,0,0,0,0,0,0,0,0,0,0,0,0
2026-01-21 22:00:00,DAD,20.8,0.0,19,1.5,76,1017.4,86,24140.0,1.5,0.1,-0.3,-1.4,1.1,0.0,0.0,0.0,4.4,4.4,0,0,0,0,0,0,0,0,0,0,0,0
2026-01-21 23:00:00,DAD,20.4,0.0,41,0.7,104,1017.5,87,24140.0,0.64,-0.28,-0.4,-1.6,0.6,0.0,0.0,0.0,3.1,3.04,0,0,0,0,0,0,0,0,0,0,0,0
2026-01-22 00:00:00,DAD,20.1,0.0,56,0.0,270,1017.5,89,23400.0,0.0,0.0,-0.3,-1.0,0.2,0.0,0.0,0.0,1.5,1.5,0,0,0,0,0,0,0,0,0,0,0,0
2026-01-22 01:00:00,DAD,19.7,0.0,68,2.6,254,1017.2,93,14780.0,2.59,-0.27,-0.4,-1.1,-0.2,0.0,0.0,0.0,2.6,2.59,0,0,0,0,0,0,0,0,0,0,0,0
2026-01-22 02:00:00,DAD,19.3,0.1,64,3.0,295,1016.7,95,14780.0,2.46,1.72,-0.4,-1.1,-0.8,0.1,0.1,0.1,3.0,2.59,1,0,0,0,0,0,0,0,0,1,0,0
2026-01-22 03:00:00,DAD,19.5,0.2,53,2.9,292,1016.5,94,20900.0,2.46,1.54,0.2,-0.6,-1.0,0.2,0.3,0.3,3.0,2.59,1,0,0,0,0,0,0,0,0,1,0,0
2026-01-22 04:00:00,DAD,19.3,0.4,59,2.7,298,1016.4,92,14780.0,2.13,1.66,-0.2,-0.4,-0.8,0.4,0.7,0.7,3.0,2.46,1,0,0,0,0,0,0,0,0,1,0,0
2026-01-22 05:00:00,DAD,19.5,0.1,43,1.3,315,1016.9,90,14780.0,0.75,1.06,0.2,0.2,0.2,0.1,0.7,0.8,2.9,2.46,1,0,0,0,0,0,0,0,0,1,0,0
2026-01-22 06:00:00,DAD,19.5,0.1,29,0.9,323,1017.5,91,19780.0,0.41,0.8,0.0,0.0,1.0,0.1,0.6,0.9,2.7,2.13,1,0,0,0,0,0,0,0,0,1,0,0
2026-01-22 07:00:00,DAD,20.3,0.4,83,3.1,357,1018.3,86,24040.0,0.38,3.08,0.8,1.0,1.9,0.4,0.6,1.3,3.1,0.75,1,0,0,0,0,0,0,0,1,1,0,1
2026-01-22 08:00:00,DAD,21.8,0.4,80,3.8,335,1019.1,80,24140.0,0.98,3.67,1.5,2.3,2.2,0.4,0.9,1.6,3.8,0.98,1,0,0,0,0,0,0,0,0,1,0,0
2026-01-22 09:00:00,DAD,23.2,0.3,55,5.0,38,1020.1,73,24140.0,3.72,3.35,1.4,3.7,2.6,0.3,1.1,1.7,5.0,3.72,1,0,0,0,0,0,0,0,0,1,0,0
2026-01-22 10:00:00,DAD,24.0,0.1,88,12.1,52,1020.5,65,24140.0,10.68,5.68,0.8,3.7,2.2,0.1,0.8,1.4,12.1,10.68,1,0,0,0,0,0,0,0,1,1,0,1
2026-01-22 11:00:00,DAD,24.5,0.0,77,13.2,50,1020.1,61,24140.0,11.43,6.6,0.5,2.7,1.0,0.0,0.4,1.3,13.2,11.43,0,0,0,0,0,0,0,0,0,0,0,0
2026-01-22 12:00:00,DAD,24.2,0.1,59,12.0,54,1019.1,64,24140.0,10.79,5.26,-0.3,1.0,-1.0,0.1,0.2,1.3,13.2,11.43,1,0,0,0,0,0,0,0,0,1,0,0
2026-01-22 13:00:00,DAD,23.6,0.1,69,14.2,57,1018.4,67,14780.0,13.07,5.55,-0.6,-0.4,-2.1,0.1,0.2,1.0,14.2,13.07,1,0,0,0,0,0,0,0,0,1,0,0
2026-01-22 14:00:00,DAD,24.1,0.2,90,16.3,61,1017.6,66,23240.0,15.41,5.31,0.5,-0.4,-2.5,0.2,0.4,0.8,16.3,15.41,1,0,0,0,0,0,0,0,1,1,0,1
2026-01-22 15:00:00,DAD,23.9,0.0,54,15.6,59,1017.1,64,19200.0,14.56,5.59,-0.2,-0.3,-2.0,0.0,0.3,0.5,16.3,15.41,0,0,0,0,0,0,0,0,0,0,0,0
2026-01-22 16:00:00,DAD,23.5,0.0,46,14.8,56,1017.2,64,19400.0,13.52,6.02,-0.4,-0.1,-1.2,0.0,0.2,0.4,16.3,15.41,0,0,0,0,0,0,0,0,0,0,0,0
2026-01-22 17:00:00,DAD,23.0,0.1,94,14.3,54,1017.6,69,14780.0,12.85,6.27,-0.5,-1.1,0.0,0.1,0.1,0.5,15.6,14.56,1,0,0,0,0,0,0,0,1,1,0,1
2026-01-22 18:00:00,DAD,22.4,0.0,87,13.7,52,1017.9,75,14780.0,12.1,6.43,-0.6,-1.5,0.8,0.0,0.1,0.4,14.8,13.52,0,0,0,0,0,0,0,0,0,0,0,0
2026-01-22 19:00:00,DAD,20.9,0.0,79,4.5,323,1018.7,81,19460.0,2.04,4.01,-1.5,-2.6,1.5,0.0,0.1,0.3,14.3,12.85,0,0,0,0,0,0,0,0,0,0,0,0
2026-01-22 20:00:00,DAD,20.9,0.0,50,1.5,346,1019.2,88,14780.0,0.1,1.5,0.0,-2.1,1.6,0.0,0.0,0.1,13.7,12.1,0,0,0,0,0,0,0,0,0,0,0,0
2026-01-22 21:00:00,DAD,20.7,0.1,53,0.0,270,1019.4,90,14780.0,0.0,0.0,-0.2,-1.7,1.5,0.1,0.1,0.2,4.5,2.04,1,0,0,0,0,0,0,0,0,1,0,0
2026-01-22 22:00:00,DAD,20.6,0.0,85,2.2,275,1019.5,89,22780.0,2.13,0.57,-0.1,-0.3,0.8,0.0,0.1,0.2,2.2,2.13,0,0,0,0,0,0,0,0,0,0,0,0
2026-01-22 23:00:00,DAD,20.2,0.3,80,1.1,99,1019.5,89,18400.0,1.04,-0.36,-0.4,-0.7,0.3,0.3,0.4,0.4,2.2,2.13,1,0,0,0,0,0,0,0,0,1,0,0
2026-01-23 00:00:00,DAD,19.8,0.1,63,1.9,319,1019.3,90,15340.0,0.98,1.63,-0.4,-0.9,-0.1,0.1,0.4,0.5,2.2,2.13,1,0,0,0,0,0,0,0,0,1,0,0
2026-01-23 01:00:00,DAD,21.3,0.3,63,4.3,45,1018.8,83,18040.0,3.52,2.47,1.5,0.7,-0.7,0.3,0.7,0.8,4.3,3.52,1,0,0,0,0,0,0,0,0,1,0,0
2026-01-23 02:00:00,DAD,21.0,0.0,79,5.2,59,1018.5,84,17220.0,4.85,1.86,-0.3,0.8,-1.0,0.0,0.4,0.8,5.2,4.85,0,0,0,0,0,0,0,0,0,0,0,0
2026-01-23 03:00:00,DAD,20.5,0.0,83,5.5,9,1018.3,87,14780.0,1.79,5.2,-0.5,0.7,-1.0,0.0,0.3,0.7,5.5,4.85,0,0,0,0,0,0,0,0,0,0,0,0
2026-01-23 04:00:00,DAD,20.2,0.1,97,0.9,270,1018.4,90,21000.0,0.89,0.16,-0.3,-1.1,-0.4,0.1,0.1,0.8,5.5,4.85,1,0,0,0,0,0,0,0,1,1,0,1
2026-01-23 05:00:00,DAD,19.9,0.1,84,2.4,324,1018.8,91,23380.0,1.05,2.16,-0.3,-1.1,0.3,0.1,0.2,0.6,5.5,1.79,1,0,0,0,0,0,0,0,1,1,0,1
2026-01-23 06:00:00,DAD,19.4,0.4,89,4.9,332,1019.4,92,23440.0,1.51,4.66,-0.5,-1.1,1.1,0.4,0.6,0.9,4.9,1.51,1,0,0,0,0,0,0,0,1,1,0,1
2026-01-23 07:00:00,DAD,20.5,0.2,99,8.1,354,1020.0,86,14780.0,0.57,8.08,1.1,0.3,1.6,0.2,0.7,0.8,8.1,1.51,1,0,0,0,0,0,0,0,1,1,0,1
2026-01-23 08:00:00,DAD,21.5,0.4,94,6.0,44,1020.8,81,21140.0,4.85,3.53,1.0,1.6,2.0,0.4,1.0,1.2,8.1,4.85,1,0,0,0,0,0,0,0,1,1,0,1
2026-01-23 09:00:00,DAD,22.5,0.3,95,8.4,40,1021.5,76,14780.0,6.43,5.4,1.0,3.1,2.1,0.3,0.9,1.5,8.4,6.43,1,0,0,0,0,0,0,0,1,1,0,1
2026-01-23 10:00:00,DAD,23.1,0.1,63,12.3,67,1021.7,69,14780.0,11.98,2.77,0.6,2.6,1.7,0.1,0.8,1.5,12.3,11.98,1,0,0,0,0,0,0,0,0,1,0,0
2026-01-23 11:00:00,DAD,23.7,0.1,61,15.5,77,1021.2,64,14780.0,15.48,0.81,0.6,2.2,0.4,0.1,0.5,1.5,15.5,15.48,1,0,0,0,0,0,0,0,0,1,0,0
2026-01-23 12:00:00,DAD,22.9,0.3,82,13.0,63,1020.6,70,16880.0,12.43,3.8,-0.8,0.4,-0.9,0.3,0.5,1.4,15.5,15.48,1,0,0,0,0,0,0,0,1,1,0,1
2026-01-23 13:00:00,DAD,23.1,0.1,98,12.3,72,1019.4,72,14780.0,12.18,1.71,0.2,0.0,-2.3,0.1,0.5,1.3,15.5,15.48,1,0,0,0,0,0,0,0,1,1,0,1
2026-01-23 14:00:00,DAD,23.5,0.0,66,14.9,71,1018.5,68,20440.0,14.72,2.33,0.4,-0.2,-2.7,0.0,0.4,0.9,14.9,14.72,0,0,0,0,0,0,0,0,0,0,0,0
2026-01-23 15:00:00,DAD,23.5,0.0,62,14.4,68,1018.2,68,21480.0,14.09,2.99,0.0,0.6,-2.4,0.0,0.1,0.6,14.9,14.72,0,0,0,0,0,0,0,0,0,0,0,0
2026-01-23 16:00:00,DAD,23.0,0.1,65,13.1,57,1018.3,69,24100.0,12.06,5.12,-0.5,-0.1,-1.1,0.1,0.1,0.6,14.9,14.72,1,0,0,0,0,0,0,0,0,1,0,0
2026-01-23 17:00:00,DAD,22.4,0.2,91,11.8,52,1018.5,73,23720.0,10.42,5.54,-0.6,-1.1,0.0,0.2,0.3,0.7,14.4,14.09,1,0,0,0,0,0,0,0,1,1,0,1
2026-01-23 18:00:00,DAD,21.9,0.0,58,9.1,54,1018.9,79,23220.0,8.18,3.99,-0.5,-1.6,0.7,0.0,0.3,0.4,13.1,12.06,0,0,0,0,0,0,0,0,0,0,0,0
2026-01-23 19:00:00,DAD,21.4,0.0,88,4.5,34,1019.7,83,20160.0,3.13,3.24,-0.5,-1.6,1.4,0.0,0.2,0.3,11.8,10.42,0,0,0,0,0,0,0,0,0,0,0,0
2026-01-23 20:00:00,DAD,20.8,0.0,90,3.1,13,1020.0,89,23240.0,1.21,2.85,-0.6,-1.6,1.5,0.0,0.0,0.3,9.1,8.18,0,0,0,0,0,0,0,0,0,0,0,0
2026-01-23 21:00:00,DAD,20.5,0.3,96,0.4,360,1019.9,91,24080.0,0.07,0.39,-0.3,-1.4,1.0,0.3,0.3,0.6,4.5,3.13,1,0,0,0,0,0,0,0,1,1,0,1
2026-01-23 22:00:00,DAD,20.1,0.2,85,0.2,360,1019.6,91,19840.0,0.03,0.2,-0.4,-1.3,-0.1,0.2,0.5,0.7,3.1,1.21,1,0,0,0,0,0,0,0,1,1,0,1
2026-01-23 23:00:00,DAD,19.5,0.3,100,1.4,220,1019.6,87,14780.0,1.07,-0.9,-0.6,-1.3,-0.4,0.3,0.8,0.8,1.4,1.07,1,0,0,0,0,0,0,0,1,1,0,1
2026-01-24 00:00:00,DAD,19.8,0.4,98,1.6,186,1019.3,87,14780.0,0.44,-1.54,0.3,-0.7,-0.6,0.4,0.9,1.2,1.6,1.07,1,0,0,0,0,0,0,0,1,1,0,1
2026-01-24 01:00:00,DAD,19.8,0.3,100,1.0,248,1019.1,89,14780.0,0.98,-0.21,0.0,-0.3,-0.5,0.3,1.0,1.5,1.6,1.07,1,0,0,0,0,0,0,0,1,1,0,1
2026-01-24 02:00:00,DAD,20.1,0.3,100,2.3,315,1018.6,91,20080.0,1.32,1.88,0.3,0.6,-1.0,0.3,1.0,1.8,2.3,1.32,1,0,0,0,0,0,0,0,1,1,0,1
2026-01-24 03:00:00,DAD,19.9,0.1,97,1.9,29,1018.1,95,20220.0,1.2,1.48,-0.2,0.1,-1.2,0.1,0.7,1.6,2.3,1.32,1,0,0,0,0,0,0,0,1,1,0,1
2026-01-24 04:00:00,DAD,19.9,0.1,77,3.9,43,1018.3,95,20820.0,3.11,2.35,0.0,0.1,-0.8,0.1,0.5,1.5,3.9,3.11,1,0,0,0,0,0,0,0,0,1,0,0
2026-01-24 05:00:00,DAD,19.9,0.1,87,2.5,82,1018.9,92,14780.0,2.5,-0.09,0.0,-0.2,0.3,0.1,0.3,1.3,3.9,3.11,1,0,0,0,0,0,0,0,1,1,0,1
2026-01-24 06:00:00,DAD,19.8,0.4,100,3.6,342,1019.3,88,15460.0,0.5,3.56,-0.1,-0.1,1.2,0.4,0.6,1.3,3.9,3.11,1,0,0,0,0,0,0,0,1,1,0,1
2026-01-24 07:00:00,DAD,20.5,0.0,100,0.9,349,1020.1,90,14780.0,0.02,0.9,0.7,0.6,1.8,0.0,0.5,1.0,3.6,2.5,0,0,0,0,0,0,0,0,0,0,0,0
2026-01-24 08:00:00,DAD,21.1,0.0,73,1.5,111,1020.6,88,19980.0,1.29,-0.77,0.6,1.2,1.7,0.0,0.4,0.7,3.6,1.29,0,0,0,0,0,0,0,0,0,0,0,0
2026-01-24 09:00:00,DAD,22.2,0.1,60,5.2,102,1021.3,79,21760.0,4.82,-1.95,1.1,2.4,2.0,0.1,0.1,0.7,5.2,4.82,1,0,0,0,0,0,0,0,0,1,0,0
2026-01-24 10:00:00,DAD,23.1,0.1,91,8.8,105,1021.4,68,21340.0,7.98,-3.72,0.9,2.6,1.3,0.1,0.2,0.7,8.8,7.98,1,0,0,0,0,0,0,0,1,1,0,1
2026-01-24 11:00:00,DAD,23.5,0.2,25,7.9,102,1020.8,66,21800.0,7.32,-2.96,0.4,2.4,0.2,0.2,0.4,0.8,8.8,7.98,1,0,0,0,0,0,0,0,0,1,0,0
2026-01-24 12:00:00,DAD,24.1,0.2,23,8.3,94,1019.6,62,24140.0,8.05,-2.01,0.6,1.9,-1.7,0.2,0.5,0.6,8.8,8.05,1,0,0,0,0,0,0,0,0,1,0,0
2026-01-24 13:00:00,DAD,24.1,0.0,19,10.1,96,1018.6,62,21520.0,9.71,-2.78,0.0,1.0,-2.8,0.0,0.4,0.6,10.1,9.71,0,0,0,0,0,0,0,0,0,0,0,0
2026-01-24 14:00:00,DAD,24.1,0.0,11,10.5,94,1017.7,63,24140.0,10.19,-2.54,0.0,0.6,-3.1,0.0,0.2,0.6,10.5,10.19,0,0,0,0,0,0,0,0,0,0,0,0
2026-01-24 15:00:00,DAD,23.9,0.0,9,9.9,90,1017.3,64,24140.0,9.75,-1.72,-0.2,-0.2,-2.3,0.0,0.0,0.5,10.5,10.19,0,0,0,0,0,0,0,0,0,0,0,0
2026-01-24 16:00:00,DAD,23.4,0.0,5,9.0,95,1017.2,67,24140.0,8.69,-2.33,-0.5,-0.7,-1.4,0.0,0.0,0.4,10.5,10.19,0,0,0,0,0,0,0,0,0,0,0,0
2026-01-24 17:00:00,DAD,22.8,0.0,2,6.9,104,1017.4,70,24140.0,6.3,-2.81,-0.6,-1.3,-0.3,0.0,0.0,0.2,9.9,9.75,0,0,0,0,0,0,0,0,0,0,0,0
2026-01-24 18:00:00,DAD,21.5,0.0,1,4.2,102,1017.4,81,24140.0,3.89,-1.57,-1.3,-2.4,0.1,0.0,0.0,0.0,9.0,8.69,0,0,0,0,0,0,0,0,0,0,0,0
2026-01-24 19:00:00,DAD,21.4,0.0,5,4.2,80,1017.7,82,24140.0,4.2,-0.0,-0.1,-2.0,0.5,0.0,0.0,0.0,6.9,6.3,0,0,0,0,0,0,0,0,0,0,0,0
2026-01-24 20:00:00,DAD,20.9,0.0,9,3.0,76,1018.2,86,24140.0,2.99,0.21,-0.5,-1.9,0.8,0.0,0.0,0.0,4.2,4.2,0,0,0,0,0,0,0,0,0,0,0,0
2026-01-24 21:00:00,DAD,20.5,0.0,22,1.2,117,1018.1,87,24140.0,0.96,-0.72,-0.4,-1.0,0.7,0.0,0.0,0.0,4.2,4.2,0,0,0,0,0,0,0,0,0,0,0,0
2026-01-24 22:00:00,DAD,19.8,0.1,20,2.0,175,1017.8,91,24140.0,0.17,-1.99,-0.7,-1.6,0.1,0.1,0.1,0.1,3.0,2.99,1,0,0,0,0,0,0,0,0,1,0,0
2026-01-24 23:00:00,DAD,19.2,0.0,38,3.0,213,1017.6,94,24140.0,2.05,-2.19,-0.6,-1.7,-0.6,0.0,0.1,0.1,3.0,2.05,0,0,0,0,0,0,0,0,0,0,0,0
2026-01-25 00:00:00,DAD,18.9,0.0,44,3.6,243,1017.1,95,24140.0,3.44,-1.05,-0.3,-1.6,-1.0,0.0,0.1,0.1,3.6,3.44,0,0,0,0,0,0,0,0,0,0,0,0
2026-01-25 01:00:00,DAD,18.6,0.0,31,1.4,247,1016.6,97,24140.0,1.36,-0.31,-0.3,-1.2,-1.2,0.0,0.0,0.1,3.6,3.44,0,0,0,0,0,0,0,0,0,0,0,0
2026-01-25 02:00:00,DAD,18.6,0.1,35,0.6,288,1016.1,96,24140.0,0.53,0.28,0.0,-0.6,-1.5,0.1,0.1,0.2,3.6,3.44,1,0,0,0,0,0,0,0,0,1,0,0
2026-01-25 03:00:00,DAD,18.9,0.1,44,0.3,225,1015.8,94,24140.0,0.25,-0.17,0.3,0.0,-1.3,0.1,0.2,0.3,1.4,1.36,1,0,0,0,0,0,0,0,0,1,0,0
2026-01-25 04:00:00,DAD,18.6,0.1,98,1.7,238,1015.7,95,24140.0,1.58,-0.64,-0.3,0.0,-0.9,0.1,0.3,0.3,1.7,1.58,1,0,0,0,0,0,0,0,1,1,0,1
2026-01-25 05:00:00,DAD,18.5,0.0,91,4.7,238,1016.1,95,24140.0,4.36,-1.76,-0.1,-0.1,0.0,0.0,0.2,0.3,4.7,4.36,0,0,0,0,0,0,0,0,0,0,0,0
2026-01-25 06:00:00,DAD,18.1,0.0,78,3.1,277,1016.6,95,24140.0,2.96,0.91,-0.4,-0.8,0.8,0.0,0.1,0.3,4.7,4.36,0,0,0,0,0,0,0,0,0,0,0,0
2026-01-25 07:00:00,DAD,18.8,0.0,99,5.4,255,1017.3,91,24140.0,5.38,-0.47,0.7,0.2,1.6,0.0,0.0,0.3,5.4,5.38,0,0,0,0,0,0,0,0,0,0,0,0
2026-01-25 08:00:00,DAD,20.2,0.0,99,2.5,135,1018.2,89,24140.0,1.43,-2.05,1.4,1.7,2.1,0.0,0.0,0.2,5.4,5.38,0,0,0,0,0,0,0,0,0,0,0,0
2026-01-25 09:00:00,DAD,21.5,0.0,100,5.2,136,1018.7,84,24140.0,2.91,-4.31,1.3,3.4,2.1,0.0,0.0,0.1,5.4,5.38,0,0,0,0,0,0,0,0,0,0,0,0
2026-01-25 10:00:00,DAD,22.2,0.0,100,7.5,130,1018.7,80,24140.0,4.82,-5.75,0.7,3.4,1.4,0.0,0.0,0.0,7.5,4.82,0,0,0,0,0,0,0,0,0,0,0,0
2026-01-25 11:00:00,DAD,23.2,0.1,100,7.3,126,1018.2,72,24140.0,5.07,-5.25,1.0,3.0,0.0,0.1,0.1,0.1,7.5,5.07,1,0,0,0,0,0,0,0,1,1,0,1
2026-01-25 12:00:00,DAD,24.0,0.0,100,10.0,116,1017.4,66,24140.0,8.09,-5.88,0.8,2.5,-1.3,0.0,0.1,0.1,10.0,8.09,0,0,0,0,0,0,0,0,0,0,0,0
2026-01-25 13:00:00,DAD,24.5,0.0,98,9.7,108,1016.2,63,24140.0,8.56,-4.55,0.5,2.3,-2.5,0.0,0.1,0.1,10.0,8.56,0,0,0,0,0,0,0,0,0,0,0,0
2026-01-25 14:00:00,DAD,24.1,0.0,47,11.7,94,1015.4,68,24140.0,11.35,-2.83,-0.4,0.9,-2.8,0.0,0.0,0.1,11.7,11.35,0,0,0,0,0,0,0,0,0,0,0,0
2026-01-25 15:00:00,DAD,23.7,0.0,41,10.8,91,1014.9,69,24140.0,10.6,-2.06,-0.4,-0.3,-2.5,0.0,0.0,0.1,11.7,11.35,0,0,0,0,0,0,0,0,0,0,0,0
2026-01-25 16:00:00,DAD,23.5,0.0,68,10.3,90,1014.8,69,24140.0,10.14,-1.79,-0.2,-1.0,-1.4,0.0,0.0,0.1,11.7,11.35,0,0,0,0,0,0,0,0,0,0,0,0
2026-01-25 17:00:00,DAD,22.9,0.0,88,7.0,91,1015.1,74,24140.0,6.87,-1.34,-0.6,-1.2,-0.3,0.0,0.0,0.0,10.8,10.6,0,0,0,0,0,0,0,0,0,0,0,0
2026-01-25 18:00:00,DAD,22.0,0.0,98,2.4,73,1015.7,85,24140.0,2.38,0.29,-0.9,-1.7,0.8,0.0,0.0,0.0,10.3,10.14,0,0,0,0,0,0,0,0,0,0,0,0
2026-01-25 19:00:00,DAD,21.7,0.0,7,2.8,130,1016.3,84,24140.0,1.8,-2.14,-0.3,-1.8,1.5,0.0,0.0,0.0,7.0,6.87,0,0,0,0,0,0,0,0,0,0,0,0
2026-01-25 20:00:00,DAD,21.4,0.0,9,3.2,146,1017.1,85,24140.0,1.3,-2.92,-0.3,-1.5,2.0,0.0,0.0,0.0,3.2,2.38,0,0,0,0,0,0,0,0,0,0,0,0
2026-01-25 21:00:00,DAD,20.8,0.0,14,3.4,196,1017.4,89,24140.0,1.49,-3.06,-0.6,-1.2,1.7,0.0,0.0,0.0,3.4,1.8,0,0,0,0,0,0,0,0,0,0,0,0
2026-01-25 22:00:00,DAD,20.3,0.0,78,4.8,236,1017.3,91,24140.0,4.39,-1.95,-0.5,-1.4,1.0,0.0,0.0,0.0,4.8,4.39,0,0,0,0,0,0,0,0,0,0,0,0
2026-01-25 23:00:00,DAD,19.9,0.0,57,5.1,262,1017.3,91,24140.0,5.1,0.18,-0.4,-1.5,0.2,0.0,0.0,0.0,5.1,5.1,0,0,0,0,0,0,0,0,0,0,0,0
2026-01-26 00:00:00,DAD,19.5,0.0,13,4.1,272,1017.0,91,24140.0,4.01,0.85,-0.4,-1.3,-0.4,0.0,0.0,0.0,5.1,5.1,0,0,0,0,0,0,0,0,0,0,0,0
2026-01-26 01:00:00,DAD,19.8,0.0,13,1.6,360,1016.6,91,24140.0,0.28,1.58,0.3,-0.5,-0.7,0.0,0.0,0.0,5.1,5.1,0,0,0,0,0,0,0,0,0,0,0,0
2026-01-26 02:00:00,DAD,20.4,0.1,33,3.2,63,1016.3,91,24140.0,3.06,0.94,0.6,0.5,-1.0,0.1,0.1,0.1,4.1,4.01,1,0,0,0,0,0,0,0,0,1,0,0
2026-01-26 03:00:00,DAD,20.5,0.2,34,4.5,104,1016.2,91,24140.0,4.11,-1.83,0.1,1.0,-0.8,0.2,0.3,0.3,4.5,4.11,1,0,0,0,0,0,0,0,0,1,0,0
2026-01-26 04:00:00,DAD,19.9,0.1,20,3.2,137,1016.2,93,24140.0,1.74,-2.68,-0.6,0.1,-0.4,0.1,0.4,0.4,4.5,4.11,1,0,0,0,0,0,0,0,0,1,0,0
2026-01-26 05:00:00,DAD,19.8,0.0,10,5.0,206,1016.6,94,24140.0,2.94,-4.05,-0.1,-0.6,0.3,0.0,0.3,0.4,5.0,4.11,0,0,0,0,0,0,0,0,0,0,0,0
2026-01-26 06:00:00,DAD,19.0,0.0,7,5.5,232,1016.8,96,24140.0,4.86,-2.58,-0.8,-1.5,0.6,0.0,0.1,0.4,5.5,4.86,0,0,0,0,0,0,0,0,0,0,0,0
2026-01-26 07:00:00,DAD,19.9,0.0,34,0.6,304,1017.6,92,24140.0,0.43,0.42,0.9,0.0,1.4,0.0,0.0,0.4,5.5,4.86,0,0,0,0,0,0,0,0,0,0,0,0
2026-01-26 08:00:00,DAD,21.5,0.0,88,3.3,306,1018.4,85,24140.0,2.29,2.37,1.6,1.7,1.8,0.0,0.0,0.3,5.5,4.86,0,0,0,0,0,0,0,0,0,0,0,0
2026-01-26 09:00:00,DAD,23.2,0.1,41,0.6,162,1018.9,78,24140.0,0.08,-0.59,1.7,4.2,2.1,0.1,0.1,0.2,3.3,2.29,1,0,0,0,0,0,0,0,0,1,0,0
2026-01-26 10:00:00,DAD,23.7,0.4,59,7.6,95,1019.0,73,24140.0,7.34,-1.97,0.5,3.8,1.4,0.4,0.5,0.5,7.6,7.34,1,0,0,0,0,0,0,0,0,1,0,0
2026-01-26 11:00:00,DAD,24.2,0.2,45,6.9,99,1018.6,67,24140.0,6.52,-2.25,0.5,2.7,0.2,0.2,0.7,0.7,7.6,7.34,1,0,0,0,0,0,0,0,0,1,0,0
2026-01-26 12:00:00,DAD,25.0,0.0,48,5.8,99,1017.7,63,24140.0,5.48,-1.89,0.8,1.8,-1.2,0.0,0.6,0.7,7.6,7.34,0,0,0,0,0,0,0,0,0,0,0,0
2026-01-26 13:00:00,DAD,25.2,0.0,52,11.0,64,1016.6,62,24140.0,10.57,3.03,0.2,1.5,-2.4,0.0,0.2,0.7,11.0,10.57,0,0,0,0,0,0,0,0,0,0,0,0
2026-01-26 14:00:00,DAD,25.3,0.0,33,12.4,57,1016.0,60,24140.0,11.41,4.85,0.1,1.1,-2.6,0.0,0.0,0.7,12.4,11.41,0,0,0,0,0,0,0,0,0,0,0,0
2026-01-26 15:00:00,DAD,24.5,0.0,5,11.8,54,1015.8,65,24140.0,10.61,5.17,-0.8,-0.5,-1.9,0.0,0.0,0.6,12.4,11.41,0,0,0,0,0,0,0,0,0,0,0,0
2026-01-26 16:00:00,DAD,23.8,0.0,5,11.7,45,1015.7,70,24140.0,9.58,6.71,-0.7,-1.4,-0.9,0.0,0.0,0.2,12.4,11.41,0,0,0,0,0,0,0,0,0,0,0,0
2026-01-26 17:00:00,DAD,23.1,0.0,14,10.5,38,1016.2,73,24140.0,7.8,7.03,-0.7,-2.2,0.2,0.0,0.0,0.0,11.8,10.61,0,0,0,0,0,0,0,0,0,0,0,0
2026-01-26 18:00:00,DAD,22.2,0.0,23,8.4,31,1016.6,78,24140.0,5.51,6.34,-0.9,-2.3,0.8,0.0,0.0,0.0,11.7,9.58,0,0,0,0,0,0,0,0,0,0,0,0
2026-01-26 19:00:00,DAD,22.0,0.0,14,8.9,24,1017.3,84,24140.0,4.98,7.38,-0.2,-1.8,1.6,0.0,0.0,0.0,10.5,7.8,0,0,0,0,0,0,0,0,0,0,0,0
2026-01-26 20:00:00,DAD,22.0,0.0,11,6.5,14,1018.1,83,24140.0,2.64,5.94,0.0,-1.1,1.9,0.0,0.0,0.0,8.9,5.51,0,0,0,0,0,0,0,0,0,0,0,0
2026-01-26 21:00:00,DAD,21.6,0.0,22,5.2,14,1018.1,87,24140.0,2.12,4.75,-0.4,-0.6,1.5,0.0,0.0,0.0,8.9,4.98,0,0,0,0,0,0,0,0,0,0,0,0
2026-01-26 22:00:00,DAD,20.9,0.0,23,1.5,315,1018.1,92,24140.0,0.86,1.23,-0.7,-1.1,0.8,0.0,0.0,0.0,6.5,2.64,0,0,0,0,0,0,0,0,0,0,0,0
2026-01-26 23:00:00,DAD,20.3,0.0,33,0.0,270,1017.9,95,24140.0,0.0,0.0,-0.6,-1.7,-0.2,0.0,0.0,0.0,5.2,2.12,0,0,0,0,0,0,0,0,0,0,0,0
2026-01-27 00:00:00,DAD,19.4,0.1,82,2.2,246,1017.2,98,24140.0,2.13,-0.53,-0.9,-2.2,-0.9,0.1,0.1,0.1,2.2,2.13,1,0,0,0,0,0,0,0,1,1,0,1
2026-01-27 01:00:00,DAD,20.2,0.1,66,4.1,319,1016.9,95,24140.0,2.11,3.51,0.8,-0.7,-1.2,0.1,0.2,0.2,4.1,2.13,1,0,0,0,0,0,0,0,0,1,0,0
2026-01-27 02:00:00,DAD,19.9,0.2,79,2.3,4,1016.7,96,24140.0,0.56,2.23,-0.3,-0.4,-1.2,0.2,0.4,0.4,4.1,2.13,1,0,0,0,0,0,0,0,0,1,0,0
2026-01-27 03:00:00,DAD,19.5,0.1,58,1.9,299,1016.4,96,24140.0,1.48,1.2,-0.4,0.1,-0.8,0.1,0.4,0.5,4.1,2.11,1,0,0,0,0,0,0,0,0,1,0,0
2026-01-27 04:00:00,DAD,19.2,0.1,96,2.1,290,1016.3,95,24140.0,1.82,1.05,-0.3,-1.0,-0.6,0.1,0.4,0.6,2.3,1.82,1,0,0,0,0,0,0,0,1,1,0,1
2026-01-27 05:00:00,DAD,19.8,0.1,85,4.0,275,1016.7,93,24140.0,3.86,1.04,0.6,-0.1,0.0,0.1,0.3,0.7,4.0,3.86,1,0,0,0,0,0,0,0,1,1,0,1
2026-01-27 06:00:00,DAD,19.8,0.1,97,3.8,281,1017.6,93,24140.0,3.55,1.36,0.0,0.3,1.2,0.1,0.3,0.7,4.0,3.86,1,0,0,0,0,0,0,0,1,1,0,1
2026-01-27 07:00:00,DAD,20.5,0.1,100,4.2,350,1018.3,95,23760.0,0.0,4.2,0.7,1.3,2.0,0.1,0.3,0.7,4.2,3.86,1,0,0,0,0,0,0,0,1,1,0,1
2026-01-27 08:00:00,DAD,20.9,0.4,100,7.6,1,1019.3,93,23740.0,1.45,7.46,0.4,1.1,2.6,0.4,0.6,0.9,7.6,3.55,1,0,0,0,0,0,0,0,1,1,0,1
2026-01-27 09:00:00,DAD,22.0,0.2,95,5.8,4,1019.8,87,23400.0,1.4,5.63,1.1,2.2,2.2,0.2,0.7,1.0,7.6,1.45,1,0,0,0,0,0,0,0,1,1,0,1
2026-01-27 10:00:00,DAD,22.8,0.1,88,4.9,360,1019.9,81,23680.0,0.85,4.83,0.8,2.3,1.6,0.1,0.7,1.0,7.6,1.45,1,0,0,0,0,0,0,0,1,1,0,1
2026-01-27 11:00:00,DAD,23.7,0.1,100,5.1,354,1019.4,75,24060.0,0.36,5.09,0.9,2.8,0.1,0.1,0.4,1.0,5.8,1.4,1,0,0,0,0,0,0,0,1,1,0,1
2026-01-27 12:00:00,DAD,24.5,0.3,94,7.1,16,1018.3,69,24140.0,3.11,6.38,0.8,2.5,-1.5,0.3,0.5,1.2,7.1,3.11,1,0,0,0,0,0,0,0,1,1,0,1
2026-01-27 13:00:00,DAD,25.0,0.1,94,7.1,24,1017.3,65,24140.0,3.97,5.89,0.5,2.2,-2.6,0.1,0.5,1.2,7.1,3.97,1,0,0,0,0,0,0,0,1,1,0,1
2026-01-27 14:00:00,DAD,25.3,0.0,95,8.1,37,1016.7,62,24140.0,5.92,5.52,0.3,1.6,-2.7,0.0,0.4,0.8,8.1,5.92,0,0,0,0,0,0,0,0,0,0,0,0
2026-01-27 15:00:00,DAD,25.1,0.0,66,9.0,37,1016.5,61,24140.0,6.58,6.14,-0.2,0.6,-1.8,0.0,0.1,0.6,9.0,6.58,0,0,0,0,0,0,0,0,0,0,0,0
2026-01-27 16:00:00,DAD,24.6,0.0,41,10.2,34,1016.4,62,24140.0,7.09,7.34,-0.5,-0.4,-0.9,0.0,0.0,0.5,10.2,7.09,0,0,0,0,0,0,0,0,0,0,0,0
2026-01-27 17:00:00,DAD,23.7,0.0,68,10.1,35,1017.0,67,24140.0,7.14,7.14,-0.9,-1.6,0.3,0.0,0.0,0.4,10.2,7.14,0,0,0,0,0,0,0,0,0,0,0,0
2026-01-27 18:00:00,DAD,22.6,0.0,13,6.1,32,1017.2,78,24140.0,4.08,4.53,-1.1,-2.5,0.7,0.0,0.0,0.1,10.2,7.14,0,0,0,0,0,0,0,0,0,0,0,0
2026-01-27 19:00:00,DAD,22.0,0.0,6,4.0,355,1017.6,85,24140.0,0.35,3.98,-0.6,-2.6,1.2,0.0,0.0,0.0,10.1,7.14,0,0,0,0,0,0,0,0,0,0,0,0
2026-01-27 20:00:00,DAD,21.7,0.0,9,3.6,327,1018.4,88,24140.0,1.41,3.31,-0.3,-2.0,1.4,0.0,0.0,0.0,6.1,4.08,0,0,0,0,0,0,0,0,0,0,0,0
2026-01-27 21:00:00,DAD,21.0,0.0,13,3.2,313,1018.5,92,24140.0,1.93,2.56,-0.7,-1.6,1.3,0.0,0.0,0.0,4.0,1.93,0,0,0,0,0,0,0,0,0,0,0,0
2026-01-27 22:00:00,DAD,20.5,0.0,13,3.4,317,1018.8,93,24140.0,1.85,2.85,-0.5,-1.5,1.2,0.0,0.0,0.0,3.6,1.93,0,0,0,0,0,0,0,0,0,0,0,0
2026-01-27 23:00:00,DAD,19.9,0.0,28,2.8,320,1018.4,95,24140.0,1.4,2.42,-0.6,-1.8,0.0,0.0,0.0,0.0,3.4,1.93,0,0,0,0,0,0,0,0,0,0,0,0
2026-01-28 00:00:00,DAD,19.8,0.0,48,3.2,304,1017.9,95,24140.0,2.3,2.22,-0.1,-1.2,-0.6,0.0,0.0,0.0,3.4,2.3,0,0,0,0,0,0,0,0,0,0,0,0
2026-01-28 01:00:00,DAD,19.8,0.0,98,1.3,360,1017.7,96,24140.0,0.23,1.28,0.0,-0.7,-1.1,0.0,0.0,0.0,3.2,2.3,0,0,0,0,0,0,0,0,0,0,0,0
2026-01-28 02:00:00,DAD,19.9,0.1,96,5.0,300,1017.0,94,24140.0,3.83,3.21,0.1,0.0,-1.4,0.1,0.1,0.1,5.0,3.83,1,0,0,0,0,0,0,0,1,1,0,1
2026-01-28 03:00:00,DAD,19.8,0.0,99,5.7,316,1016.5,94,24140.0,3.19,4.73,-0.1,0.0,-1.4,0.0,0.1,0.1,5.7,3.83,0,0,0,0,0,0,0,0,0,0,0,0
2026-01-28 04:00:00,DAD,19.6,0.0,100,3.1,329,1016.4,95,24140.0,1.11,2.89,-0.2,-0.2,-1.3,0.0,0.1,0.1,5.7,3.83,0,0,0,0,0,0,0,0,0,0,0,0
2026-01-28 05:00:00,DAD,19.7,0.2,100,4.0,3,1017.0,95,24140.0,0.9,3.9,0.1,-0.2,0.0,0.2,0.2,0.3,5.7,3.19,1,0,0,0,0,0,0,0,1,1,0,1
2026-01-28 06:00:00,DAD,19.8,0.0,97,5.8,304,1017.6,95,24140.0,4.17,4.03,0.1,0.0,1.1,0.0,0.2,0.3,5.8,4.17,0,0,0,0,0,0,0,0,0,0,0,0
2026-01-28 07:00:00,DAD,19.9,0.1,94,7.3,293,1018.4,96,24140.0,6.12,3.98,0.1,0.3,2.0,0.1,0.3,0.4,7.3,6.12,1,0,0,0,0,0,0,0,1,1,0,1
2026-01-28 08:00:00,DAD,20.9,0.0,70,5.4,307,1019.1,91,24140.0,3.68,3.95,1.0,1.2,2.1,0.0,0.1,0.3,7.3,6.12,0,0,0,0,0,0,0,0,0,0,0,0
2026-01-28 09:00:00,DAD,22.4,0.0,47,4.9,350,1019.6,83,24140.0,0.0,4.9,1.5,2.6,2.0,0.0,0.1,0.3,7.3,6.12,0,0,0,0,0,0,0,0,0,0,0,0
2026-01-28 10:00:00,DAD,23.4,0.1,76,7.5,35,1019.5,76,24140.0,5.3,5.3,1.0,3.5,1.1,0.1,0.1,0.4,7.5,5.3,1,0,0,0,0,0,0,0,0,1,0,0
2026-01-28 11:00:00,DAD,23.9,0.1,59,9.5,37,1019.1,72,23840.0,6.95,6.48,0.5,3.0,0.0,0.1,0.2,0.3,9.5,6.95,1,0,0,0,0,0,0,0,0,1,0,0
2026-01-28 12:00:00,DAD,24.0,0.1,38,12.6,54,1018.4,70,24140.0,11.32,5.52,0.1,1.6,-1.2,0.1,0.3,0.4,12.6,11.32,1,0,0,0,0,0,0,0,0,1,0,0
2026-01-28 13:00:00,DAD,24.1,0.2,42,10.4,56,1017.3,67,24140.0,9.5,4.23,0.1,0.7,-2.2,0.2,0.4,0.5,12.6,11.32,1,0,0,0,0,0,0,0,0,1,0,0
2026-01-28 14:00:00,DAD,24.2,0.4,63,9.8,73,1016.6,66,24140.0,9.73,1.19,0.1,0.3,-2.5,0.4,0.7,0.9,12.6,11.32,1,0,0,0,0,0,0,0,0,1,0,0
2026-01-28 15:00:00,DAD,23.8,0.4,62,9.7,80,1016.4,67,24140.0,9.7,-0.0,-0.4,-0.2,-2.0,0.4,1.0,1.3,10.4,9.73,1,0,0,0,0,0,0,0,0,1,0,0
2026-01-28 16:00:00,DAD,23.5,0.4,69,8.6,78,1016.1,68,24140.0,8.59,0.3,-0.3,-0.6,-1.2,0.4,1.2,1.6,9.8,9.73,1,0,0,0,0,0,0,0,0,1,0,0
2026-01-28 17:00:00,DAD,23.0,0.4,59,6.9,83,1016.4,71,24140.0,6.89,-0.36,-0.5,-1.2,-0.2,0.4,1.2,1.9,9.7,9.7,1,0,0,0,0,0,0,0,0,1,0,0
2026-01-28 18:00:00,DAD,22.2,0.0,46,4.5,61,1016.5,80,24140.0,4.25,1.47,-0.8,-1.6,0.1,0.0,0.8,1.8,8.6,8.59,0,0,0,0,0,0,0,0,0,0,0,0
2026-01-28 19:00:00,DAD,21.9,0.0,45,3.1,83,1016.8,89,24140.0,3.1,-0.16,-0.3,-1.6,0.7,0.0,0.4,1.6,6.9,6.89,0,0,0,0,0,0,0,0,0,0,0,0
2026-01-28 20:00:00,DAD,21.8,0.1,52,2.7,113,1017.2,89,24140.0,2.26,-1.47,-0.1,-1.2,0.8,0.1,0.1,1.3,4.5,4.25,1,0,0,0,0,0,0,0,0,1,0,0
2026-01-28 21:00:00,DAD,21.1,0.1,45,2.1,128,1017.6,92,24140.0,1.41,-1.56,-0.7,-1.1,1.1,0.1,0.2,1.0,3.1,3.1,1,0,0,0,0,0,0,0,0,1,0,0
2026-01-28 22:00:00,DAD,20.6,0.2,56,2.1,165,1017.8,93,22080.0,0.18,-2.09,-0.5,-1.3,1.0,0.2,0.4,0.8,2.7,2.26,1,0,0,0,0,0,0,0,0,1,0,0
2026-01-28 23:00:00,DAD,19.9,0.2,65,2.5,210,1017.7,95,16200.0,1.61,-1.92,-0.7,-1.9,0.5,0.2,0.5,0.6,2.5,1.61,1,0,0,0,0,0,0,0,0,1,0,0
2026-01-29 00:00:00,DAD,19.5,0.2,71,2.9,223,1017.3,96,24140.0,2.32,-1.75,-0.4,-1.6,-0.3,0.2,0.6,0.8,2.9,2.32,1,0,0,0,0,0,0,0,0,1,0,0
2026-01-29 01:00:00,DAD,20.0,0.2,53,4.0,252,1016.7,95,24140.0,3.96,-0.56,0.5,-0.6,-1.1,0.2,0.6,1.0,4.0,3.96,1,0,0,0,0,0,0,0,0,1,0,0
2026-01-29 02:00:00,DAD,19.9,0.0,32,4.0,270,1016.1,97,22760.0,3.94,0.69,-0.1,0.0,-1.6,0.0,0.4,0.9,4.0,3.96,0,0,0,0,0,0,0,0,0,0,0,0
2026-01-29 03:00:00,DAD,19.2,0.0,27,1.9,248,1015.9,97,23880.0,1.86,-0.4,-0.7,-0.3,-1.4,0.0,0.2,0.8,4.0,3.96,0,0,0,0,0,0,0,0,0,0,0,0
2026-01-29 04:00:00,DAD,19.2,0.1,30,0.7,284,1015.8,96,22200.0,0.64,0.28,0.0,-0.8,-0.9,0.1,0.1,0.7,4.0,3.94,1,0,0,0,0,0,0,0,0,1,0,0
2026-01-29 05:00:00,DAD,19.4,0.0,29,2.0,270,1016.2,96,22200.0,1.97,0.35,0.2,-0.5,0.1,0.0,0.1,0.5,2.0,1.97,0,0,0,0,0,0,0,0,0,0,0,0
2026-01-29 06:00:00,DAD,19.2,0.0,36,2.6,236,1016.8,96,23840.0,2.38,-1.06,-0.2,0.0,0.9,0.0,0.1,0.3,2.6,2.38,0,0,0,0,0,0,0,0,0,0,0,0
2026-01-29 07:00:00,DAD,20.5,0.1,17,2.8,140,1017.5,89,23560.0,1.4,-2.42,1.3,1.3,1.7,0.1,0.1,0.2,2.8,2.38,1,0,0,0,0,0,0,0,0,1,0,0
2026-01-29 08:00:00,DAD,21.5,0.0,26,1.9,119,1018.2,84,23320.0,1.48,-1.2,1.0,2.1,2.0,0.0,0.1,0.2,2.8,2.38,0,0,0,0,0,0,0,0,0,0,0,0
2026-01-29 09:00:00,DAD,22.4,0.0,37,6.1,135,1018.8,80,23420.0,3.5,-5.0,0.9,3.2,2.0,0.0,0.1,0.2,6.1,3.5,0,0,0,0,0,0,0,0,0,0,0,0
2026-01-29 10:00:00,DAD,23.1,0.1,28,7.9,131,1018.7,75,22200.0,4.97,-6.14,0.7,2.6,1.2,0.1,0.1,0.2,7.9,4.97,1,0,0,0,0,0,0,0,0,1,0,0
2026-01-29 11:00:00,DAD,23.4,0.2,47,8.1,125,1018.2,73,24140.0,5.73,-5.73,0.3,1.9,0.0,0.2,0.3,0.4,8.1,5.73,1,0,0,0,0,0,0,0,0,1,0,0
2026-01-29 12:00:00,DAD,24.5,0.1,51,8.5,119,1017.2,66,24140.0,6.61,-5.35,1.1,2.1,-1.6,0.1,0.4,0.5,8.5,6.61,1,0,0,0,0,0,0,0,0,1,0,0
2026-01-29 13:00:00,DAD,24.4,0.0,38,8.2,112,1015.8,64,24140.0,6.95,-4.35,-0.1,1.3,-2.9,0.0,0.3,0.4,8.5,6.95,0,0,0,0,0,0,0,0,0,0,0,0
2026-01-29 14:00:00,DAD,24.7,0.0,16,8.2,112,1014.9,62,24140.0,6.95,-4.35,0.3,1.3,-3.3,0.0,0.1,0.4,8.5,6.95,0,0,0,0,0,0,0,0,0,0,0,0
2026-01-29 15:00:00,DAD,24.8,0.0,10,8.4,113,1014.4,61,24140.0,7.04,-4.57,0.1,0.3,-2.8,0.0,0.0,0.4,8.4,7.04,0,0,0,0,0,0,0,0,0,0,0,0
2026-01-29 16:00:00,DAD,24.4,0.0,13,9.2,106,1014.4,64,24140.0,8.27,-4.03,-0.4,0.0,-1.4,0.0,0.0,0.3,9.2,8.27,0,0,0,0,0,0,0,0,0,0,0,0
2026-01-29 17:00:00,DAD,23.6,0.0,55,8.6,106,1014.8,70,24140.0,7.73,-3.77,-0.8,-1.1,-0.1,0.0,0.0,0.1,9.2,8.27,0,0,0,0,0,0,0,0,0,0,0,0
2026-01-29 18:00:00,DAD,22.8,0.0,56,6.9,107,1015.2,78,24140.0,6.15,-3.13,-0.8,-2.0,0.8,0.0,0.0,0.0,9.2,8.27,0,0,0,0,0,0,0,0,0,0,0,0
2026-01-29 19:00:00,DAD,22.4,0.0,95,7.7,121,1015.7,79,24140.0,5.81,-5.05,-0.4,-2.0,1.3,0.0,0.0,0.0,8.6,7.73,0,0,0,0,0,0,0,0,0,0,0,0
2026-01-29 20:00:00,DAD,22.2,0.0,46,6.3,145,1016.8,82,24140.0,2.66,-5.71,-0.2,-1.4,2.0,0.0,0.0,0.0,7.7,6.15,0,0,0,0,0,0,0,0,0,0,0,0
2026-01-29 21:00:00,DAD,21.7,0.0,39,5.1,186,1017.0,86,24140.0,1.41,-4.9,-0.5,-1.1,1.8,0.0,0.0,0.0,7.7,5.81,0,0,0,0,0,0,0,0,0,0,0,0
2026-01-29 22:00:00,DAD,21.0,0.0,40,5.3,225,1017.1,89,24140.0,4.34,-3.04,-0.7,-1.4,1.4,0.0,0.0,0.0,6.3,4.34,0,0,0,0,0,0,0,0,0,0,0,0
2026-01-29 23:00:00,DAD,20.6,0.0,30,5.9,243,1016.9,89,24140.0,5.64,-1.72,-0.4,-1.6,0.1,0.0,0.0,0.0,5.9,5.64,0,0,0,0,0,0,0,0,0,0,0,0
2026-01-30 00:00:00,DAD,20.2,0.0,25,5.2,248,1016.7,89,24140.0,5.09,-1.08,-0.4,-1.5,-0.3,0.0,0.0,0.0,5.9,5.64,0,0,0,0,0,0,0,0,0,0,0,0
2026-01-30 01:00:00,DAD,20.1,0.0,10,5.3,246,1016.4,89,24140.0,5.14,-1.28,-0.1,-0.9,-0.7,0.0,0.0,0.0,5.9,5.64,0,0,0,0,0,0,0,0,0,0,0,0
2026-01-30 02:00:00,DAD,19.8,0.0,2,4.2,230,1015.7,90,24140.0,3.64,-2.1,-0.3,-0.8,-1.2,0.0,0.0,0.0,5.3,5.14,0,0,0,0,0,0,0,0,0,0,0,0
2026-01-30 03:00:00,DAD,19.5,0.0,1,4.2,227,1015.3,92,24140.0,3.52,-2.29,-0.3,-0.7,-1.4,0.0,0.0,0.0,5.3,5.14,0,0,0,0,0,0,0,0,0,0,0,0
2026-01-30 04:00:00,DAD,18.8,0.0,0,3.9,217,1015.3,94,24140.0,2.85,-2.66,-0.7,-1.3,-1.1,0.0,0.0,0.0,4.2,3.64,0,0,0,0,0,0,0,0,0,0,0,0
2026-01-30 05:00:00,DAD,18.4,0.0,0,3.4,205,1015.7,95,24140.0,1.95,-2.79,-0.4,-1.4,0.0,0.0,0.0,0.0,4.2,3.52,0,0,0,0,0,0,0,0,0,0,0,0
2026-01-30 06:00:00,DAD,17.9,0.0,0,3.0,218,1016.3,96,24140.0,2.23,-2.01,-0.5,-1.6,1.0,0.0,0.0,0.0,3.9,2.85,0,0,0,0,0,0,0,0,0,0,0,0
2026-01-30 07:00:00,DAD,18.8,0.0,43,2.9,266,1017.2,96,24140.0,2.88,0.3,0.9,0.0,1.9,0.0,0.0,0.0,3.4,2.88,0,0,0,0,0,0,0,0,0,0,0,0
2026-01-30 08:00:00,DAD,20.9,0.0,25,2.2,235,1018.3,87,24140.0,1.99,-0.93,2.1,2.5,2.6,0.0,0.0,0.0,3.0,2.88,0,0,0,0,0,0,0,0,0,0,0,0
2026-01-30 09:00:00,DAD,22.9,0.0,1,2.7,200,1018.9,79,24140.0,1.35,-2.34,2.0,5.0,2.6,0.0,0.0,0.0,2.9,2.88,0,0,0,0,0,0,0,0,0,0,0,0
2026-01-30 10:00:00,DAD,24.5,0.0,0,3.8,163,1018.7,70,24140.0,0.46,-3.77,1.6,5.7,1.5,0.0,0.0,0.0,3.8,1.99,0,0,0,0,0,0,0,0,0,0,0,0
2026-01-30 11:00:00,DAD,25.5,0.0,5,5.4,132,1017.8,65,24140.0,3.32,-4.26,1.0,4.6,-0.5,0.0,0.0,0.0,5.4,3.32,0,0,0,0,0,0,0,0,0,0,0,0
2026-01-30 12:00:00,DAD,26.1,0.0,3,7.3,107,1016.7,62,24140.0,6.5,-3.31,0.6,3.2,-2.2,0.0,0.0,0.0,7.3,6.5,0,0,0,0,0,0,0,0,0,0,0,0
2026-01-30 13:00:00,DAD,26.0,0.0,12,10.6,99,1015.3,60,24140.0,10.02,-3.45,-0.1,1.5,-3.4,0.0,0.0,0.0,10.6,10.02,0,0,0,0,0,0,0,0,0,0,0,0
2026-01-30 14:00:00,DAD,25.7,0.0,27,12.4,90,1014.8,58,24140.0,12.21,-2.15,-0.3,0.2,-3.0,0.0,0.0,0.0,12.4,12.21,0,0,0,0,0,0,0,0,0,0,0,0
2026-01-30 15:00:00,DAD,24.9,0.0,51,12.3,79,1014.7,66,24140.0,12.3,0.21,-0.8,-1.2,-2.0,0.0,0.0,0.0,12.4,12.3,0,0,0,0,0,0,0,0,0,0,0,0
2026-01-30 16:00:00,DAD,24.0,0.0,23,11.2,72,1014.9,74,24140.0,11.09,1.56,-0.9,-2.0,-0.4,0.0,0.0,0.0,12.4,12.3,0,0,0,0,0,0,0,0,0,0,0,0
2026-01-30 17:00:00,DAD,23.5,0.0,70,8.7,73,1015.1,77,24140.0,8.64,1.06,-0.5,-2.2,0.3,0.0,0.0,0.0,12.3,12.3,0,0,0,0,0,0,0,0,0,0,0,0
2026-01-30 18:00:00,DAD,22.6,0.0,25,5.3,57,1015.5,83,24140.0,4.88,2.07,-0.9,-2.3,0.8,0.0,0.0,0.0,11.2,11.09,0,0,0,0,0,0,0,0,0,0,0,0
2026-01-30 19:00:00,DAD,22.8,0.0,9,4.5,34,1015.4,86,24140.0,3.13,3.24,0.2,-1.2,0.5,0.0,0.0,0.0,8.7,8.64,0,0,0,0,0,0,0,0,0,0,0,0
2026-01-30 20:00:00,DAD,22.2,0.0,39,2.8,40,1016.4,91,24140.0,2.14,1.8,-0.6,-1.3,1.3,0.0,0.0,0.0,5.3,4.88,0,0,0,0,0,0,0,0,0,0,0,0
2026-01-30 21:00:00,DAD,22.0,0.0,59,0.4,117,1017.0,91,24140.0,0.32,-0.24,-0.2,-0.6,1.5,0.0,0.0,0.0,4.5,3.13,0,0,0,0,0,0,0,0,0,0,0,0
2026-01-30 22:00:00,DAD,21.5,0.1,92,0.0,270,1017.4,94,24140.0,0.0,0.0,-0.5,-1.3,2.0,0.1,0.1,0.1,2.8,2.14,1,0,0,0,0,0,0,0,1,1,0,1
2026-01-30 23:00:00,DAD,21.3,0.1,96,1.3,278,1017.1,95,24140.0,1.24,0.4,-0.2,-0.9,0.7,0.1,0.2,0.2,1.3,1.24,1,0,0,0,0,0,0,0,1,1,0,1
2026-01-31 00:00:00,DAD,21.4,0.0,73,2.8,285,1016.8,95,24140.0,2.54,1.18,0.1,-0.6,-0.2,0.0,0.2,0.2,2.8,2.54,0,0,0,0,0,0,0,0,0,0,0,0
2026-01-31 01:00:00,DAD,21.5,0.0,100,2.4,333,1016.4,95,24140.0,0.7,2.3,0.1,0.0,-1.0,0.0,0.1,0.2,2.8,2.54,0,0,0,0,0,0,0,0,0,0,0,0
2026-01-31 02:00:00,DAD,21.7,0.1,100,2.7,337,1016.1,93,24140.0,0.61,2.63,0.2,0.4,-1.0,0.1,0.1,0.3,2.8,2.54,1,0,0,0,0,0,0,0,1,1,0,1
2026-01-31 03:00:00,DAD,20.6,0.0,99,1.9,326,1015.8,95,24140.0,0.77,1.74,-1.1,-0.8,-1.0,0.0,0.1,0.3,2.7,0.77,0,0,0,0,0,0,0,0,0,0,0,0
2026-01-31 04:00:00,DAD,19.9,0.0,77,3.2,326,1016.0,96,24140.0,1.3,2.92,-0.7,-1.6,-0.4,0.0,0.1,0.2,3.2,1.3,0,0,0,0,0,0,0,0,0,0,0,0
2026-01-31 05:00:00,DAD,19.7,0.0,69,4.2,329,1016.4,96,24140.0,1.51,3.92,-0.2,-2.0,0.3,0.0,0.0,0.1,4.2,1.51,0,0,0,0,0,0,0,0,0,0,0,0
2026-01-31 06:00:00,DAD,19.5,0.0,50,4.4,325,1017.0,95,24140.0,1.86,3.99,-0.2,-1.1,1.2,0.0,0.0,0.1,4.4,1.86,0,0,0,0,0,0,0,0,0,0,0,0
2026-01-31 07:00:00,DAD,20.5,0.0,49,7.2,325,1018.3,92,24140.0,3.04,6.53,1.0,0.6,2.3,0.0,0.0,0.1,7.2,3.04,0,0,0,0,0,0,0,0,0,0,0,0
2026-01-31 08:00:00,DAD,22.2,0.0,34,6.8,325,1019.0,85,24140.0,2.87,6.16,1.7,2.5,2.6,0.0,0.0,0.0,7.2,3.04,0,0,0,0,0,0,0,0,0,0,0,0
2026-01-31 09:00:00,DAD,23.8,0.0,13,8.7,343,1019.6,73,24140.0,1.06,8.64,1.6,4.3,2.6,0.0,0.0,0.0,8.7,3.04,0,0,0,0,0,0,0,0,0,0,0,0
2026-01-31 10:00:00,DAD,24.9,0.0,24,9.2,360,1019.7,65,24140.0,1.6,9.06,1.1,4.4,1.4,0.0,0.0,0.0,9.2,2.87,0,0,0,0,0,0,0,0,0,0,0,0
2026-01-31 11:00:00,DAD,25.6,0.0,63,10.4,10,1019.3,59,24140.0,3.56,9.77,0.7,3.4,0.3,0.0,0.0,0.0,10.4,3.56,0,0,0,0,0,0,0,0,0,0,0,0
2026-01-31 12:00:00,DAD,25.8,0.0,87,12.6,17,1018.4,59,24140.0,5.72,11.23,0.2,2.0,-1.2,0.0,0.0,0.0,12.6,5.72,0,0,0,0,0,0,0,0,0,0,0,0
2026-01-31 13:00:00,DAD,25.0,0.0,57,12.7,18,1017.6,65,24140.0,5.96,11.21,-0.8,0.1,-2.1,0.0,0.0,0.0,12.7,5.96,0,0,0,0,0,0,0,0,0,0,0,0
2026-01-31 14:00:00,DAD,25.7,0.0,11,11.1,17,1016.7,60,24140.0,5.04,9.89,0.7,0.1,-2.6,0.0,0.0,0.0,12.7,5.96,0,0,0,0,0,0,0,0,0,0,0,0
2026-01-31 15:00:00,DAD,25.8,0.0,3,11.2,26,1016.1,59,24140.0,6.58,9.06,0.1,0.0,-2.3,0.0,0.0,0.0,12.7,6.58,0,0,0,0,0,0,0,0,0,0,0,0
2026-01-31 16:00:00,DAD,24.9,0.0,60,11.8,27,1016.2,63,24140.0,7.1,9.42,-0.9,-0.1,-1.4,0.0,0.0,0.0,11.8,7.1,0,0,0,0,0,0,0,0,0,0,0,0
2026-01-31 17:00:00,DAD,23.8,0.0,95,11.6,16,1016.7,69,24140.0,5.09,10.43,-1.1,-1.9,0.0,0.0,0.0,0.0,11.8,7.1,0,0,0,0,0,0,0,0,0,0,0,0
2026-01-31 18:00:00,DAD,22.6,0.0,85,10.2,8,1017.1,78,24140.0,3.15,9.7,-1.2,-3.2,1.0,0.0,0.0,0.0,11.8,7.1,0,0,0,0,0,0,0,0,0,0,0,0
2026-01-31 19:00:00,DAD,22.5,0.0,100,9.1,7,1017.4,81,24140.0,2.66,8.7,-0.1,-2.4,1.2,0.0,0.0,0.0,11.6,5.09,0,0,0,0,0,0,0,0,0,0,0,0
2026-01-31 20:00:00,DAD,22.4,0.0,98,8.6,360,1018.2,83,24140.0,1.49,8.47,-0.1,-1.4,1.5,0.0,0.0,0.0,10.2,3.15,0,0,0,0,0,0,0,0,0,0,0,0
2026-01-31 21:00:00,DAD,22.1,0.0,98,9.4,358,1018.5,85,24140.0,1.31,9.31,-0.3,-0.5,1.4,0.0,0.0,0.0,9.4,2.66,0,0,0,0,0,0,0,0,0,0,0,0
2026-01-31 22:00:00,DAD,21.6,0.0,27,9.9,345,1018.7,88,24140.0,0.86,9.86,-0.5,-0.9,1.3,0.0,0.0,0.0,9.9,1.49,0,0,0,0,0,0,0,0,0,0,0,0
2026-01-31 23:00:00,DAD,21.2,0.0,19,9.5,335,1018.3,89,24140.0,2.46,9.18,-0.4,-1.2,0.1,0.0,0.0,0.0,9.9,2.46,0,0,0,0,0,0,0,0,0,0,0,0
2026-02-01 00:00:00,DAD,20.9,0.0,12,9.1,324,1017.9,91,24140.0,3.99,8.18,-0.3,-1.2,-0.6,0.0,0.0,0.0,9.9,3.99,0,0,0,0,0,0,0,0,0,0,0,0
2026-02-01 01:00:00,DAD,21.0,0.0,69,6.4,324,1017.8,91,24140.0,2.81,5.75,0.1,-0.6,-0.9,0.0,0.0,0.0,9.5,3.99,0,0,0,0,0,0,0,0,0,0,0,0
2026-02-01 02:00:00,DAD,20.6,0.1,72,6.8,338,1017.2,93,24140.0,1.41,6.65,-0.4,-0.6,-1.1,0.1,0.1,0.1,9.1,3.99,1,0,0,0,0,0,0,0,0,1,0,0
2026-02-01 03:00:00,DAD,20.8,0.0,55,8.3,333,1016.9,89,24140.0,2.43,7.94,0.2,-0.1,-1.0,0.0,0.1,0.1,8.3,2.81,0,0,0,0,0,0,0,0,0,0,0,0
2026-02-01 04:00:00,DAD,20.5,0.0,58,6.0,339,1017.0,90,24140.0,1.14,5.89,-0.3,-0.5,-0.8,0.0,0.1,0.1,8.3,2.43,0,0,0,0,0,0,0,0,0,0,0,0
2026-02-01 05:00:00,DAD,20.3,0.3,100,7.2,354,1017.4,90,24140.0,0.5,7.18,-0.2,-0.3,0.2,0.3,0.3,0.4,8.3,2.43,1,0,0,0,0,0,0,0,1,1,0,1
2026-02-01 06:00:00,DAD,20.1,0.4,95,8.7,355,1018.4,89,24140.0,0.76,8.67,-0.2,-0.7,1.5,0.4,0.7,0.8,8.7,1.14,1,0,0,0,0,0,0,0,1,1,0,1
2026-02-01 07:00:00,DAD,20.2,0.4,100,6.2,324,1019.3,91,24140.0,2.72,5.57,0.1,-0.3,2.3,0.4,1.1,1.2,8.7,2.72,1,0,0,0,0,0,0,0,1,1,0,1
2026-02-01 08:00:00,DAD,20.7,0.4,100,5.6,343,1020.1,87,23640.0,0.68,5.56,0.5,0.4,2.7,0.4,1.2,1.5,8.7,2.72,1,0,0,0,0,0,0,0,1,1,0,1
2026-02-01 09:00:00,DAD,21.0,0.4,100,7.8,338,1020.8,86,24140.0,1.62,7.63,0.3,0.9,2.4,0.4,1.2,1.9,7.8,2.72,1,0,0,0,0,0,0,0,1,1,0,1
2026-02-01 10:00:00,DAD,21.7,0.4,100,10.8,360,1020.7,82,23460.0,1.88,10.64,0.7,1.5,1.4,0.4,1.2,2.3,10.8,1.88,1,0,0,0,0,0,0,0,1,1,0,1
2026-02-01 11:00:00,DAD,22.9,0.3,100,11.6,30,1020.0,78,16300.0,7.46,8.89,1.2,2.2,-0.1,0.3,1.1,2.3,11.6,7.46,1,0,0,0,0,0,0,0,1,1,0,1
2026-02-01 12:00:00,DAD,22.2,0.1,99,11.7,27,1019.5,83,17760.0,7.04,9.34,-0.7,1.2,-1.3,0.1,0.8,2.0,11.7,7.46,1,0,0,0,0,0,0,0,1,1,0,1
2026-02-01 13:00:00,DAD,22.5,0.2,98,13.5,23,1018.4,80,16680.0,7.35,11.32,0.3,0.8,-2.3,0.2,0.6,1.8,13.5,7.46,1,0,0,0,0,0,0,0,1,1,0,1
2026-02-01 14:00:00,DAD,22.0,0.2,79,12.7,29,1017.8,84,15040.0,7.99,9.87,-0.5,-0.9,-2.2,0.2,0.5,1.6,13.5,7.99,1,0,0,0,0,0,0,0,0,1,0,0
2026-02-01 15:00:00,DAD,22.4,0.1,73,12.0,32,1017.7,80,20400.0,8.03,8.92,0.4,0.2,-1.8,0.1,0.5,1.3,13.5,8.03,1,0,0,0,0,0,0,0,0,1,0,0
2026-02-01 16:00:00,DAD,22.5,0.2,100,11.0,35,1017.9,80,18280.0,7.78,7.78,0.1,0.0,-0.5,0.2,0.5,1.1,12.7,8.03,1,0,0,0,0,0,0,0,1,1,0,1
2026-02-01 17:00:00,DAD,22.2,0.1,39,12.5,36,1018.0,81,18280.0,8.99,8.68,-0.3,0.2,0.2,0.1,0.4,0.9,12.5,8.99,1,0,0,0,0,0,0,0,0,1,0,0
2026-02-01 18:00:00,DAD,21.6,0.1,41,11.6,33,1018.3,83,15880.0,7.91,8.48,-0.6,-0.8,0.6,0.1,0.4,0.9,12.5,8.99,1,0,0,0,0,0,0,0,0,1,0,0
2026-02-01 19:00:00,DAD,21.1,0.1,8,11.4,41,1018.6,91,19680.0,8.86,7.17,-0.5,-1.4,0.7,0.1,0.3,0.8,12.5,8.99,1,0,0,0,0,0,0,0,0,1,0,0
2026-02-01 20:00:00,DAD,21.4,0.0,13,10.1,40,1019.3,90,23920.0,7.74,6.49,0.3,-0.8,1.3,0.0,0.2,0.6,11.6,8.86,0,0,0,0,0,0,0,0,0,0,0,0
2026-02-01 21:00:00,DAD,21.2,0.2,18,9.8,40,1019.4,90,24140.0,7.51,6.3,-0.2,-0.4,1.1,0.2,0.3,0.7,11.4,8.86,1,0,0,0,0,0,0,0,0,1,0,0
2026-02-01 22:00:00,DAD,21.0,0.1,20,8.9,36,1019.4,90,24140.0,6.4,6.18,-0.2,-0.1,0.8,0.1,0.3,0.6,10.1,7.74,1,0,0,0,0,0,0,0,0,1,0,0
2026-02-01 23:00:00,DAD,21.0,0.1,16,7.3,25,1019.2,89,24140.0,4.19,5.98,0.0,-0.4,-0.1,0.1,0.4,0.6,9.8,7.51,1,0,0,0,0,0,0,0,0,1,0,0
2026-02-02 00:00:00,DAD,20.6,0.0,16,5.2,14,1018.8,90,24140.0,2.12,4.75,-0.4,-0.6,-0.6,0.0,0.2,0.5,8.9,6.4,0,0,0,0,0,0,0,0,0,0,0,0
2026-02-02 01:00:00,DAD,20.3,0.2,11,5.0,360,1018.3,93,24140.0,0.87,4.92,-0.3,-0.7,-1.1,0.2,0.3,0.6,7.3,4.19,1,0,0,0,0,0,0,0,0,1,0,0
2026-02-02 02:00:00,DAD,20.4,0.0,53,5.4,339,1018.4,94,24140.0,1.03,5.3,0.1,-0.6,-0.8,0.0,0.2,0.6,5.4,2.12,0,0,0,0,0,0,0,0,0,0,0,0
2026-02-02 03:00:00,DAD,20.0,0.1,53,2.9,317,1018.0,95,24140.0,1.58,2.43,-0.4,-0.6,-0.8,0.1,0.3,0.5,5.4,1.58,1,0,0,0,0,0,0,0,0,1,0,0
2026-02-02 04:00:00,DAD,19.5,0.2,99,2.5,21,1018.1,97,24140.0,1.29,2.14,-0.5,-0.8,-0.2,0.2,0.3,0.6,5.4,1.58,1,0,0,0,0,0,0,0,1,1,0,1
2026-02-02 05:00:00,DAD,20.1,0.4,100,9.6,16,1018.5,95,24020.0,4.21,8.63,0.6,-0.3,0.1,0.4,0.7,0.9,9.6,4.21,1,0,0,0,0,0,0,0,1,1,0,1
2026-02-02 06:00:00,DAD,20.2,0.4,100,9.5,350,1018.9,93,24140.0,0.0,9.5,0.1,0.2,0.9,0.4,1.0,1.3,9.6,4.21,1,0,0,0,0,0,0,0,1,1,0,1
2026-02-02 07:00:00,DAD,20.9,0.4,100,16.1,25,1019.6,93,14780.0,9.23,13.19,0.7,1.4,1.5,0.4,1.2,1.5,16.1,9.23,1,0,0,0,0,0,0,0,1,1,0,1
2026-02-02 08:00:00,DAD,21.4,0.4,100,16.6,37,1020.5,93,14780.0,12.14,11.32,0.5,1.3,2.0,0.4,1.2,1.9,16.6,12.14,1,0,0,0,0,0,0,0,1,1,0,1
2026-02-02 09:00:00,DAD,21.6,0.4,91,17.7,44,1021.4,90,14780.0,14.32,10.4,0.2,1.4,2.5,0.4,1.2,2.2,17.7,14.32,1,0,0,0,0,0,0,0,1,1,0,1
2026-02-02 10:00:00,DAD,22.5,0.2,98,17.6,41,1021.2,84,14780.0,13.68,11.08,0.9,1.6,1.6,0.2,1.0,2.2,17.7,14.32,1,0,0,0,0,0,0,0,1,1,0,1
2026-02-02 11:00:00,DAD,22.4,0.3,99,17.1,40,1020.8,84,14780.0,13.1,10.99,-0.1,1.0,0.3,0.3,0.9,2.1,17.7,14.32,1,0,0,0,0,0,0,0,1,1,0,1
2026-02-02 12:00:00,DAD,22.6,0.3,98,18.9,40,1020.2,82,14780.0,14.48,12.15,0.2,1.0,-1.2,0.3,0.8,2.0,18.9,14.48,1,0,0,0,0,0,0,0,1,1,0,1
2026-02-02 13:00:00,DAD,22.5,0.1,68,18.1,42,1019.2,81,14780.0,14.26,11.14,-0.1,0.0,-2.0,0.1,0.7,1.7,18.9,14.48,1,0,0,0,0,0,0,0,0,1,0,0
2026-02-02 14:00:00,DAD,22.6,0.2,89,16.7,41,1018.4,82,14780.0,12.98,10.51,0.1,0.2,-2.4,0.2,0.6,1.5,18.9,14.48,1,0,0,0,0,0,0,0,1,1,0,1
2026-02-02 15:00:00,DAD,22.3,0.4,100,15.3,48,1018.2,83,14780.0,12.98,8.11,-0.3,-0.3,-2.0,0.4,0.7,1.5,18.1,14.26,1,0,0,0,0,0,0,0,1,1,0,1
2026-02-02 16:00:00,DAD,22.0,0.3,100,12.3,52,1018.1,84,14780.0,10.86,5.77,-0.3,-0.5,-1.1,0.3,0.9,1.6,16.7,12.98,1,0,0,0,0,0,0,0,1,1,0,1
2026-02-02 17:00:00,DAD,21.6,0.3,100,11.9,59,1018.4,87,15940.0,11.11,4.26,-0.4,-1.0,0.0,0.3,1.0,1.6,15.3,12.98,1,0,0,0,0,0,0,0,1,1,0,1
2026-02-02 18:00:00,DAD,21.5,0.4,100,11.0,49,1018.8,86,14780.0,9.43,5.67,-0.1,-0.8,0.6,0.4,1.0,1.7,12.3,11.11,1,0,0,0,0,0,0,0,1,1,0,1
2026-02-02 19:00:00,DAD,21.7,0.4,79,11.0,32,1019.2,83,14780.0,7.36,8.17,0.2,-0.3,1.1,0.4,1.1,2.0,11.9,11.11,1,0,0,0,0,0,0,0,0,1,0,0
2026-02-02 20:00:00,DAD,21.5,0.4,99,8.4,48,1020.1,86,14780.0,7.12,4.45,-0.2,-0.1,1.7,0.4,1.2,2.2,11.0,9.43,1,0,0,0,0,0,0,0,1,1,0,1
2026-02-02 21:00:00,DAD,21.4,0.2,100,4.7,74,1020.3,89,14780.0,4.67,0.49,-0.1,-0.1,1.5,0.2,1.0,2.0,11.0,7.36,1,0,0,0,0,0,0,0,1,1,0,1
2026-02-02 22:00:00,DAD,21.1,0.1,100,1.5,36,1020.4,90,14780.0,1.08,1.04,-0.3,-0.6,1.2,0.1,0.7,1.8,8.4,7.12,1,0,0,0,0,0,0,0,1,1,0,1
2026-02-02 23:00:00,DAD,20.6,0.3,100,7.3,31,1020.6,91,14780.0,4.79,5.51,-0.5,-0.9,0.5,0.3,0.6,1.8,7.3,4.79,1,0,0,0,0,0,0,0,1,1,0,1
2026-02-03 00:00:00,DAD,21.2,0.2,99,3.8,360,1020.1,89,14780.0,0.66,3.74,0.6,-0.2,-0.2,0.2,0.6,1.6,7.3,4.79,1,0,0,0,0,0,0,0,1,1,0,1
2026-02-03 01:00:00,DAD,20.5,0.1,98,5.4,42,1019.9,93,14780.0,4.26,3.32,-0.7,-0.6,-0.5,0.1,0.6,1.3,7.3,4.79,1,0,0,0,0,0,0,0,1,1,0,1
2026-02-03 02:00:00,DAD,21.0,0.1,99,9.0,16,1019.3,91,14780.0,3.95,8.09,0.5,0.4,-1.3,0.1,0.4,1.0,9.0,4.26,1,0,0,0,0,0,0,0,1,1,0,1
2026-02-03 03:00:00,DAD,20.8,0.1,100,10.9,36,1019.1,89,17460.0,7.84,7.57,-0.2,-0.4,-1.0,0.1,0.3,0.9,10.9,7.84,1,0,0,0,0,0,0,0,1,1,0,1
2026-02-03 04:00:00,DAD,20.8,0.0,94,13.9,44,1019.3,88,14780.0,11.25,8.17,0.0,0.3,-0.6,0.0,0.2,0.8,13.9,11.25,0,0,0,0,0,0,0,0,0,0,0,0
2026-02-03 05:00:00,DAD,20.8,0.0,96,12.1,33,1019.5,88,18400.0,8.25,8.85,0.0,-0.2,0.2,0.0,0.1,0.5,13.9,11.25,0,0,0,0,0,0,0,0,0,0,0,0
2026-02-03 06:00:00,DAD,21.0,0.0,100,9.9,33,1020.0,86,14780.0,6.75,7.24,0.2,0.2,0.9,0.0,0.0,0.3,13.9,11.25,0,0,0,0,0,0,0,0,0,0,0,0
2026-02-03 07:00:00,DAD,21.2,0.2,92,12.3,52,1020.7,84,14780.0,10.86,5.77,0.2,0.4,1.4,0.2,0.2,0.4,12.3,10.86,1,0,0,0,0,0,0,0,1,1,0,1
2026-02-03 08:00:00,DAD,22.3,0.1,97,15.0,64,1021.2,77,14780.0,14.42,4.13,1.1,1.5,1.7,0.1,0.3,0.4,15.0,14.42,1,0,0,0,0,0,0,0,1,1,0,1
2026-02-03 09:00:00,DAD,22.9,0.2,97,18.6,67,1021.7,73,23000.0,18.12,4.18,0.6,1.9,1.7,0.2,0.5,0.5,18.6,18.12,1,0,0,0,0,0,0,0,1,1,0,1
2026-02-03 10:00:00,DAD,23.6,0.0,100,17.9,65,1021.8,68,20020.0,17.29,4.63,0.7,2.4,1.1,0.0,0.3,0.5,18.6,18.12,0,0,0,0,0,0,0,0,0,0,0,0
2026-02-03 11:00:00,DAD,23.9,0.0,95,16.8,59,1021.2,67,14780.0,15.68,6.02,0.3,1.6,0.0,0.0,0.2,0.5,18.6,18.12,0,0,0,0,0,0,0,0,0,0,0,0
2026-02-03 12:00:00,DAD,24.5,0.0,59,16.3,58,1020.4,64,18240.0,15.11,6.11,0.6,1.6,-1.3,0.0,0.0,0.5,17.9,17.29,0,0,0,0,0,0,0,0,0,0,0,0
2026-02-03 13:00:00,DAD,23.6,0.0,100,16.8,59,1019.6,68,17960.0,15.68,6.02,-0.9,0.0,-2.2,0.0,0.0,0.3,16.8,15.68,0,0,0,0,0,0,0,0,0,0,0,0
2026-02-03 14:00:00,DAD,23.1,0.1,100,17.2,58,1018.8,71,21380.0,15.95,6.44,-0.5,-0.8,-2.4,0.1,0.1,0.3,17.2,15.95,1,0,0,0,0,0,0,0,1,1,0,1
2026-02-03 15:00:00,DAD,22.8,0.0,100,16.5,52,1018.4,72,24000.0,14.57,7.75,-0.3,-1.7,-2.0,0.0,0.1,0.1,17.2,15.95,0,0,0,0,0,0,0,0,0,0,0,0
2026-02-03 16:00:00,DAD,22.9,0.0,100,15.0,47,1018.3,71,24140.0,12.58,8.17,0.1,-0.7,-1.3,0.0,0.1,0.1,17.2,15.95,0,0,0,0,0,0,0,0,0,0,0,0
2026-02-03 17:00:00,DAD,22.7,0.0,100,11.0,42,1018.5,73,24140.0,8.67,6.77,-0.2,-0.4,-0.3,0.0,0.0,0.1,16.5,14.57,0,0,0,0,0,0,0,0,0,0,0,0
2026-02-03 18:00:00,DAD,22.4,0.0,98,8.2,38,1018.8,76,24040.0,6.09,5.49,-0.3,-0.4,0.4,0.0,0.0,0.1,15.0,12.58,0,0,0,0,0,0,0,0,0,0,0,0
2026-02-03 19:00:00,DAD,21.6,0.0,70,7.7,31,1019.0,83,18120.0,5.05,5.81,-0.8,-1.3,0.7,0.0,0.0,0.1,11.0,8.67,0,0,0,0,0,0,0,0,0,0,0,0
2026-02-03 20:00:00,DAD,21.4,0.0,71,5.9,38,1019.6,84,19040.0,4.38,3.95,-0.2,-1.3,1.1,0.0,0.0,0.0,8.2,6.09,0,0,0,0,0,0,0,0,0,0,0,0
2026-02-03 21:00:00,DAD,20.7,0.0,94,1.4,320,1019.6,87,16160.0,0.7,1.21,-0.7,-1.7,0.8,0.0,0.0,0.0,7.7,5.05,0,0,0,0,0,0,0,0,0,0,0,0
2026-02-03 22:00:00,DAD,20.2,0.0,99,3.2,289,1019.4,91,18160.0,2.8,1.55,-0.5,-1.4,0.4,0.0,0.0,0.0,5.9,4.38,0,0,0,0,0,0,0,0,0,0,0,0
2026-02-03 23:00:00,DAD,19.9,0.0,99,2.3,309,1018.8,93,23980.0,1.51,1.74,-0.3,-1.5,-0.8,0.0,0.0,0.0,3.2,2.8,0,0,0,0,0,0,0,0,0,0,0,0
2026-02-04 00:00:00,DAD,19.7,0.0,98,1.2,333,1018.4,93,23960.0,0.35,1.15,-0.2,-1.0,-1.2,0.0,0.0,0.0,3.2,2.8,0,0,0,0,0,0,0,0,0,0,0,0
2026-02-04 01:00:00,DAD,19.9,0.0,100,1.7,347,1018.1,95,20560.0,0.09,1.7,0.2,-0.3,-1.3,0.0,0.0,0.0,2.3,1.51,0,0,0,0,0,0,0,0,0,0,0,0
2026-02-04 02:00:00,DAD,19.6,0.1,100,2.3,274,1017.6,95,23580.0,2.23,0.56,-0.3,-0.3,-1.2,0.1,0.1,0.1,2.3,2.23,1,0,0,0,0,0,0,0,1,1,0,1
2026-02-04 03:00:00,DAD,19.4,0.1,100,1.8,264,1017.5,95,23560.0,1.8,0.13,-0.2,-0.3,-0.9,0.1,0.2,0.2,2.3,2.23,1,0,0,0,0,0,0,0,1,1,0,1
2026-02-04 04:00:00,DAD,19.3,0.2,100,0.5,270,1017.3,95,23800.0,0.49,0.09,-0.1,-0.6,-0.8,0.2,0.4,0.4,2.3,2.23,1,0,0,0,0,0,0,0,1,1,0,1
2026-02-04 05:00:00,DAD,19.2,0.1,99,2.0,265,1017.4,96,24140.0,1.99,0.17,-0.1,-0.4,-0.2,0.1,0.4,0.5,2.0,1.99,1,0,0,0,0,0,0,0,1,1,0,1
2026-02-04 06:00:00,DAD,19.5,0.0,98,3.3,279,1017.9,95,24140.0,3.12,1.07,0.3,0.1,0.4,0.0,0.3,0.5,3.3,3.12,0,0,0,0,0,0,0,0,0,0,0,0
2026-02-04 07:00:00,DAD,19.9,0.0,87,4.9,264,1018.3,94,24140.0,4.89,0.34,0.4,0.6,1.0,0.0,0.1,0.5,4.9,4.89,0,0,0,0,0,0,0,0,0,0,0,0
2026-02-04 08:00:00,DAD,21.3,0.0,36,3.7,256,1019.0,89,24140.0,3.69,-0.26,1.4,2.1,1.6,0.0,0.0,0.4,4.9,4.89,0,0,0,0,0,0,0,0,0,0,0,0
2026-02-04 09:00:00,DAD,22.8,0.0,65,1.2,219,1019.4,81,24140.0,0.91,-0.79,1.5,3.3,1.5,0.0,0.0,0.3,4.9,4.89,0,0,0,0,0,0,0,0,0,0,0,0
2026-02-04 10:00:00,DAD,23.9,0.0,75,2.5,94,1019.2,74,24140.0,2.43,-0.6,1.1,4.0,0.9,0.0,0.0,0.1,3.7,3.69,0,0,0,0,0,0,0,0,0,0,0,0
2026-02-04 11:00:00,DAD,24.6,0.1,99,5.2,92,1018.4,71,24140.0,5.09,-1.08,0.7,3.3,-0.6,0.1,0.1,0.1,5.2,5.09,1,0,0,0,0,0,0,0,1,1,0,1
2026-02-04 12:00:00,DAD,24.8,0.0,79,7.9,90,1017.3,73,24140.0,7.78,-1.37,0.2,2.0,-2.1,0.0,0.1,0.1,7.9,7.78,0,0,0,0,0,0,0,0,0,0,0,0
2026-02-04 13:00:00,DAD,25.0,0.0,48,8.6,91,1016.1,71,24140.0,8.44,-1.64,0.2,1.1,-3.1,0.0,0.1,0.1,8.6,8.44,0,0,0,0,0,0,0,0,0,0,0,0
2026-02-04 14:00:00,DAD,24.9,0.0,34,10.1,88,1015.1,71,24140.0,10.0,-1.41,-0.1,0.3,-3.3,0.0,0.0,0.1,10.1,10.0,0,0,0,0,0,0,0,0,0,0,0,0
2026-02-04 15:00:00,DAD,24.1,0.0,45,11.9,87,1014.4,73,24140.0,11.81,-1.45,-0.8,-0.7,-2.9,0.0,0.0,0.1,11.9,11.81,0,0,0,0,0,0,0,0,0,0,0,0
2026-02-04 16:00:00,DAD,23.7,0.0,28,11.0,95,1014.2,76,24140.0,10.63,-2.85,-0.4,-1.3,-1.9,0.0,0.0,0.1,11.9,11.81,0,0,0,0,0,0,0,0,0,0,0,0
2026-02-04 17:00:00,DAD,23.1,0.0,45,8.8,95,1014.6,80,24140.0,8.5,-2.28,-0.6,-1.8,-0.5,0.0,0.0,0.0,11.9,11.81,0,0,0,0,0,0,0,0,0,0,0,0
2026-02-04 18:00:00,DAD,22.5,0.0,45,6.1,109,1015.1,86,24140.0,5.34,-2.96,-0.6,-1.6,0.7,0.0,0.0,0.0,11.0,10.63,0,0,0,0,0,0,0,0,0,0,0,0
2026-02-04 19:00:00,DAD,22.5,0.0,91,7.1,120,1015.5,88,24140.0,5.44,-4.56,0.0,-1.2,1.3,0.0,0.0,0.0,8.8,8.5,0,0,0,0,0,0,0,0,0,0,0,0
2026-02-04 20:00:00,DAD,22.4,0.0,99,6.9,147,1016.2,89,24140.0,2.7,-6.35,-0.1,-0.7,1.6,0.0,0.0,0.0,7.1,5.44,0,0,0,0,0,0,0,0,0,0,0,0
2026-02-04 21:00:00,DAD,22.0,0.0,93,4.5,166,1016.5,91,24140.0,0.31,-4.49,-0.4,-0.5,1.4,0.0,0.0,0.0,7.1,5.44,0,0,0,0,0,0,0,0,0,0,0,0
2026-02-04 22:00:00,DAD,21.6,0.0,97,3.3,216,1016.3,93,24140.0,2.37,-2.29,-0.4,-0.9,0.8,0.0,0.0,0.0,6.9,2.7,0,0,0,0,0,0,0,0,0,0,0,0
2026-02-04 23:00:00,DAD,21.4,0.0,58,4.6,228,1015.9,94,24140.0,3.9,-2.44,-0.2,-1.0,-0.3,0.0,0.0,0.0,4.6,3.9,0,0,0,0,0,0,0,0,0,0,0,0
2026-02-05 00:00:00,DAD,21.0,0.0,71,4.5,236,1015.5,95,24140.0,4.11,-1.83,-0.4,-1.0,-1.0,0.0,0.0,0.0,4.6,4.11,0,0,0,0,0,0,0,0,0,0,0,0
2026-02-05 01:00:00,DAD,21.0,0.0,94,6.9,223,1015.3,95,24140.0,5.51,-4.15,0.0,-0.6,-1.0,0.0,0.0,0.0,6.9,5.51,0,0,0,0,0,0,0,0,0,0,0,0
2026-02-05 02:00:00,DAD,21.0,0.0,98,5.6,241,1015.0,95,24140.0,5.29,-1.82,0.0,-0.4,-0.9,0.0,0.0,0.0,6.9,5.51,0,0,0,0,0,0,0,0,0,0,0,0
2026-02-05 03:00:00,DAD,20.4,0.0,100,3.7,247,1014.2,97,24140.0,3.61,-0.83,-0.6,-0.6,-1.3,0.0,0.0,0.0,6.9,5.51,0,0,0,0,0,0,0,0,0,0,0,0
2026-02-05 04:00:00,DAD,19.9,0.0,99,4.1,236,1014.2,99,24140.0,3.75,-1.67,-0.5,-1.1,-1.1,0.0,0.0,0.0,5.6,5.29,0,0,0,0,0,0,0,0,0,0,0,0
2026-02-05 05:00:00,DAD,19.6,0.0,100,3.2,223,1014.4,99,24140.0,2.56,-1.93,-0.3,-1.4,-0.6,0.0,0.0,0.0,4.1,3.75,0,0,0,0,0,0,0,0,0,0,0,0
2026-02-05 06:00:00,DAD,19.4,0.0,100,2.6,236,1014.8,98,24140.0,2.38,-1.06,-0.2,-1.0,0.6,0.0,0.0,0.0,4.1,3.75,0,0,0,0,0,0,0,0,0,0,0,0
2026-02-05 07:00:00,DAD,20.0,0.0,62,2.9,227,1015.2,97,24140.0,2.43,-1.58,0.6,0.1,1.0,0.0,0.0,0.0,3.2,2.56,0,0,0,0,0,0,0,0,0,0,0,0
2026-02-05 08:00:00,DAD,21.3,0.0,66,2.6,196,1015.9,96,24140.0,1.14,-2.34,1.3,1.7,1.5,0.0,0.0,0.0,2.9,2.43,0,0,0,0,0,0,0,0,0,0,0,0
2026-02-05 09:00:00,DAD,23.0,0.0,41,5.5,169,1016.3,90,24140.0,0.1,-5.5,1.7,3.6,1.5,0.0,0.0,0.0,5.5,2.43,0,0,0,0,0,0,0,0,0,0,0,0
2026-02-05 10:00:00,DAD,24.6,0.0,24,9.7,162,1016.1,77,24140.0,1.35,-9.61,1.6,4.6,0.9,0.0,0.0,0.0,9.7,1.35,0,0,0,0,0,0,0,0,0,0,0,0
2026-02-05 11:00:00,DAD,26.0,0.0,55,10.3,145,1015.1,68,24140.0,4.35,-9.33,1.4,4.7,-0.8,0.0,0.0,0.0,10.3,4.35,0,0,0,0,0,0,0,0,0,0,0,0
2026-02-05 12:00:00,DAD,27.0,0.0,63,10.8,126,1014.1,63,24140.0,7.5,-7.77,1.0,4.0,-2.2,0.0,0.0,0.0,10.8,7.5,0,0,0,0,0,0,0,0,0,0,0,0
2026-02-05 13:00:00,DAD,25.6,0.0,4,14.9,105,1013.0,74,24140.0,13.5,-6.3,-1.4,1.0,-3.1,0.0,0.0,0.0,14.9,13.5,0,0,0,0,0,0,0,0,0,0,0,0
2026-02-05 14:00:00,DAD,25.1,0.0,9,17.5,105,1012.2,75,24140.0,15.86,-7.4,-0.5,-0.9,-2.9,0.0,0.0,0.0,17.5,15.86,0,0,0,0,0,0,0,0,0,0,0,0
2026-02-05 15:00:00,DAD,24.8,0.0,2,15.2,103,1011.9,75,24140.0,13.99,-5.94,-0.3,-2.2,-2.2,0.0,0.0,0.0,17.5,15.86,0,0,0,0,0,0,0,0,0,0,0,0
2026-02-05 16:00:00,DAD,24.3,0.0,9,13.8,111,1012.1,77,24140.0,11.83,-7.11,-0.5,-1.3,-0.9,0.0,0.0,0.0,17.5,15.86,0,0,0,0,0,0,0,0,0,0,0,0
2026-02-05 17:00:00,DAD,23.8,0.0,0,13.1,111,1012.4,80,24140.0,11.23,-6.75,-0.5,-1.3,0.2,0.0,0.0,0.0,15.2,13.99,0,0,0,0,0,0,0,0,0,0,0,0
2026-02-05 18:00:00,DAD,23.0,0.0,0,10.3,121,1012.9,84,24140.0,7.77,-6.76,-0.8,-1.8,1.0,0.0,0.0,0.0,13.8,11.83,0,0,0,0,0,0,0,0,0,0,0,0
2026-02-05 19:00:00,DAD,23.0,0.0,61,9.5,136,1013.7,85,24140.0,5.31,-7.88,0.0,-1.3,1.6,0.0,0.0,0.0,13.1,11.23,0,0,0,0,0,0,0,0,0,0,0,0
2026-02-05 20:00:00,DAD,22.8,0.0,60,6.4,151,1014.6,87,24140.0,2.08,-6.05,-0.2,-1.0,2.2,0.0,0.0,0.0,10.3,7.77,0,0,0,0,0,0,0,0,0,0,0,0
2026-02-05 21:00:00,DAD,22.5,0.0,7,4.0,159,1014.6,89,24140.0,0.76,-3.93,-0.3,-0.5,1.7,0.0,0.0,0.0,9.5,5.31,0,0,0,0,0,0,0,0,0,0,0,0
2026-02-05 22:00:00,DAD,22.3,0.0,20,6.0,185,1014.6,89,24140.0,1.55,-5.8,-0.2,-0.7,0.9,0.0,0.0,0.0,6.4,2.08,0,0,0,0,0,0,0,0,0,0,0,0
2026-02-05 23:00:00,DAD,21.8,0.0,33,6.0,205,1014.2,91,24140.0,3.44,-4.91,-0.5,-1.0,-0.4,0.0,0.0,0.0,6.0,3.44,0,0,0,0,0,0,0,0,0,0,0,0
2026-02-06 00:00:00,DAD,21.6,0.0,23,6.4,198,1014.0,91,24140.0,3.0,-5.65,-0.2,-0.9,-0.6,0.0,0.0,0.0,6.4,3.44,0,0,0,0,0,0,0,0,0,0,0,0
2026-02-06 01:00:00,DAD,21.3,0.0,16,4.8,211,1013.3,94,24140.0,3.15,-3.62,-0.3,-1.0,-1.3,0.0,0.0,0.0,6.4,3.44,0,0,0,0,0,0,0,0,0,0,0,0
2026-02-06 02:00:00,DAD,21.0,0.0,5,4.6,216,1012.6,95,24140.0,3.31,-3.2,-0.3,-0.8,-1.6,0.0,0.0,0.0,6.4,3.31,0,0,0,0,0,0,0,0,0,0,0,0
2026-02-06 03:00:00,DAD,20.6,0.0,6,4.8,191,1012.0,97,24140.0,1.72,-4.48,-0.4,-1.0,-2.0,0.0,0.0,0.0,4.8,3.31,0,0,0,0,0,0,0,0,0,0,0,0
2026-02-06 04:00:00,DAD,20.2,0.0,40,3.1,201,1012.0,98,24140.0,1.6,-2.66,-0.4,-1.1,-1.3,0.0,0.0,0.0,4.8,3.31,0,0,0,0,0,0,0,0,0,0,0,0
2026-02-06 05:00:00,DAD,20.0,0.0,63,3.6,171,1012.3,98,24140.0,0.06,-3.6,-0.2,-1.0,-0.3,0.0,0.0,0.0,4.8,1.72,0,0,0,0,0,0,0,0,0,0,0,0
2026-02-06 06:00:00,DAD,20.0,0.0,77,4.4,187,1012.7,98,24140.0,1.29,-4.21,0.0,-0.6,0.7,0.0,0.0,0.0,4.4,1.6,0,0,0,0,0,0,0,0,0,0,0,0
2026-02-06 07:00:00,DAD,20.4,0.0,74,6.0,170,1013.4,98,24140.0,0.0,-6.0,0.4,0.2,1.4,0.0,0.0,0.0,6.0,1.29,0,0,0,0,0,0,0,0,0,0,0,0
2026-02-06 08:00:00,DAD,22.0,0.0,59,9.1,163,1014.3,90,24140.0,1.11,-9.03,1.6,2.0,2.0,0.0,0.0,0.0,9.1,1.29,0,0,0,0,0,0,0,0,0,0,0,0
2026-02-06 09:00:00,DAD,23.8,0.0,95,10.8,162,1014.7,82,24140.0,1.5,-10.69,1.8,3.8,2.0,0.0,0.0,0.0,10.8,1.5,0,0,0,0,0,0,0,0,0,0,0,0
2026-02-06 10:00:00,DAD,25.2,0.0,100,10.4,150,1014.4,76,24140.0,3.56,-9.77,1.4,4.8,1.0,0.0,0.0,0.0,10.8,3.56,0,0,0,0,0,0,0,0,0,0,0,0
2026-02-06 11:00:00,DAD,26.1,0.0,72,13.0,131,1013.5,73,24140.0,8.18,-10.1,0.9,4.1,-0.8,0.0,0.0,0.0,13.0,8.18,0,0,0,0,0,0,0,0,0,0,0,0
2026-02-06 12:00:00,DAD,25.9,0.0,9,13.9,115,1012.5,75,24140.0,11.39,-7.97,-0.2,2.1,-2.2,0.0,0.0,0.0,13.9,11.39,0,0,0,0,0,0,0,0,0,0,0,0
2026-02-06 13:00:00,DAD,25.4,0.0,52,14.9,109,1011.7,75,24140.0,13.03,-7.22,-0.5,0.2,-2.7,0.0,0.0,0.0,14.9,13.03,0,0,0,0,0,0,0,0,0,0,0,0
2026-02-06 14:00:00,DAD,25.1,0.0,89,14.6,103,1010.8,74,24140.0,13.44,-5.7,-0.3,-1.0,-2.7,0.0,0.0,0.0,14.9,13.44,0,0,0,0,0,0,0,0,0,0,0,0
2026-02-06 15:00:00,DAD,24.9,0.0,51,13.2,102,1010.5,75,24140.0,12.24,-4.94,-0.2,-1.0,-2.0,0.0,0.0,0.0,14.9,13.44,0,0,0,0,0,0,0,0,0,0,0,0
2026-02-06 16:00:00,DAD,24.4,0.0,4,11.6,97,1010.5,77,24140.0,11.09,-3.39,-0.5,-1.0,-1.2,0.0,0.0,0.0,14.6,13.44,0,0,0,0,0,0,0,0,0,0,0,0
2026-02-06 17:00:00,DAD,23.5,0.0,2,10.8,91,1011.0,81,24140.0,10.6,-2.06,-0.9,-1.6,0.2,0.0,0.0,0.0,13.2,12.24,0,0,0,0,0,0,0,0,0,0,0,0
2026-02-06 18:00:00,DAD,22.8,0.0,2,8.4,110,1012.1,87,24140.0,7.27,-4.2,-0.7,-2.1,1.6,0.0,0.0,0.0,11.6,11.09,0,0,0,0,0,0,0,0,0,0,0,0
2026-02-06 19:00:00,DAD,23.1,0.0,3,8.3,112,1012.9,88,24140.0,7.04,-4.4,0.3,-1.3,2.4,0.0,0.0,0.0,10.8,10.6,0,0,0,0,0,0,0,0,0,0,0,0
2026-02-06 20:00:00,DAD,23.1,0.0,16,6.1,122,1013.9,88,24140.0,4.53,-4.08,0.0,-0.4,2.9,0.0,0.0,0.0,8.4,7.27,0,0,0,0,0,0,0,0,0,0,0,0
2026-02-06 21:00:00,DAD,23.0,0.0,21,4.6,138,1014.1,89,24140.0,2.44,-3.9,-0.1,0.2,2.0,0.0,0.0,0.0,8.3,7.04,0,0,0,0,0,0,0,0,0,0,0,0
2026-02-06 22:00:00,DAD,22.7,0.0,22,3.8,163,1014.0,90,24140.0,0.46,-3.77,-0.3,-0.4,1.1,0.0,0.0,0.0,6.1,4.53,0,0,0,0,0,0,0,0,0,0,0,0
2026-02-06 23:00:00,DAD,22.5,0.0,45,4.3,175,1014.0,92,24140.0,0.37,-4.28,-0.2,-0.6,0.1,0.0,0.0,0.0,4.6,2.44,0,0,0,0,0,0,0,0,0,0,0,0
2026-02-07 00:00:00,DAD,22.0,0.0,45,3.9,193,1013.8,93,24140.0,1.52,-3.59,-0.5,-1.0,-0.3,0.0,0.0,0.0,4.3,1.52,0,0,0,0,0,0,0,0,0,0,0,0
2026-02-07 01:00:00,DAD,21.5,0.0,57,2.4,222,1013.1,96,24140.0,1.89,-1.48,-0.5,-1.2,-0.9,0.0,0.0,0.0,4.3,1.89,0,0,0,0,0,0,0,0,0,0,0,0
2026-02-07 02:00:00,DAD,22.1,0.0,96,2.7,242,1012.9,95,24140.0,2.57,-0.83,0.6,-0.4,-1.1,0.0,0.0,0.0,3.9,2.57,0,0,0,0,0,0,0,0,0,0,0,0
2026-02-07 03:00:00,DAD,22.0,0.0,100,1.8,270,1012.6,96,24140.0,1.77,0.31,-0.1,0.0,-1.2,0.0,0.0,0.0,2.7,2.57,0,0,0,0,0,0,0,0,0,0,0,0
2026-02-07 04:00:00,DAD,21.8,0.0,100,1.6,243,1012.7,97,24140.0,1.53,-0.47,-0.2,0.3,-0.4,0.0,0.0,0.0,2.7,2.57,0,0,0,0,0,0,0,0,0,0,0,0
2026-02-07 05:00:00,DAD,21.8,0.0,99,1.9,241,1013.3,97,24140.0,1.8,-0.62,0.0,-0.3,0.4,0.0,0.0,0.0,1.9,1.8,0,0,0,0,0,0,0,0,0,0,0,0
2026-02-07 06:00:00,DAD,21.4,0.0,94,1.3,254,1014.1,97,24140.0,1.29,-0.14,-0.4,-0.6,1.5,0.0,0.0,0.0,1.9,1.8,0,0,0,0,0,0,0,0,0,0,0,0
2026-02-07 07:00:00,DAD,21.0,0.0,99,1.8,307,1014.9,97,24140.0,1.23,1.32,-0.4,-0.8,2.2,0.0,0.0,0.0,1.9,1.8,0,0,0,0,0,0,0,0,0,0,0,0
2026-02-07 08:00:00,DAD,22.8,0.0,99,1.8,246,1015.7,91,24140.0,1.75,-0.44,1.8,1.0,2.4,0.0,0.0,0.0,1.8,1.75,0,0,0,0,0,0,0,0,0,0,0,0
2026-02-07 09:00:00,DAD,24.5,0.1,99,3.9,127,1016.3,80,24140.0,2.66,-2.85,1.7,3.1,2.2,0.1,0.1,0.1,3.9,2.66,1,0,0,0,0,0,0,0,1,1,0,1
2026-02-07 10:00:00,DAD,25.2,0.0,69,6.6,112,1016.5,74,24140.0,5.6,-3.5,0.7,4.2,1.6,0.0,0.1,0.1,6.6,5.6,0,0,0,0,0,0,0,0,0,0,0,0
2026-02-07 11:00:00,DAD,26.0,0.0,97,8.2,104,1015.7,70,24140.0,7.49,-3.34,0.8,3.2,0.0,0.0,0.1,0.1,8.2,7.49,0,0,0,0,0,0,0,0,0,0,0,0
2026-02-07 12:00:00,DAD,26.4,0.0,2,9.4,101,1014.9,66,24140.0,8.78,-3.37,0.4,1.9,-1.4,0.0,0.0,0.1,9.4,8.78,0,0,0,0,0,0,0,0,0,0,0,0
2026-02-07 13:00:00,DAD,26.2,0.0,100,9.1,107,1014.2,61,24140.0,8.11,-4.13,-0.2,1.0,-2.3,0.0,0.0,0.1,9.4,8.78,0,0,0,0,0,0,0,0,0,0,0,0
2026-02-07 14:00:00,DAD,26.0,0.0,74,9.6,102,1013.2,63,24140.0,8.9,-3.6,-0.2,0.0,-2.5,0.0,0.0,0.1,9.6,8.9,0,0,0,0,0,0,0,0,0,0,0,0
2026-02-07 15:00:00,DAD,25.5,0.0,81,9.4,98,1012.7,67,24140.0,8.94,-2.9,-0.5,-0.9,-2.2,0.0,0.0,0.0,9.6,8.94,0,0,0,0,0,0,0,0,0,0,0,0
2026-02-07 16:00:00,DAD,25.0,0.0,100,10.1,88,1012.7,72,24140.0,10.0,-1.41,-0.5,-1.2,-1.5,0.0,0.0,0.0,10.1,10.0,0,0,0,0,0,0,0,0,0,0,0,0
2026-02-07 17:00:00,DAD,24.0,0.0,92,10.0,82,1013.2,78,24140.0,9.99,-0.35,-1.0,-2.0,0.0,0.0,0.0,0.0,10.1,10.0,0,0,0,0,0,0,0,0,0,0,0,0
2026-02-07 18:00:00,DAD,23.2,0.0,92,8.7,77,1013.7,83,24140.0,8.69,0.46,-0.8,-2.3,1.0,0.0,0.0,0.0,10.1,10.0,0,0,0,0,0,0,0,0,0,0,0,0
2026-02-07 19:00:00,DAD,23.4,0.0,56,8.6,68,1014.5,83,24140.0,8.41,1.79,0.2,-1.6,1.8,0.0,0.0,0.0,10.0,9.99,0,0,0,0,0,0,0,0,0,0,0,0
2026-02-07 20:00:00,DAD,23.2,0.0,41,7.1,69,1015.5,84,24140.0,6.97,1.35,-0.2,-0.8,2.3,0.0,0.0,0.0,8.7,8.69,0,0,0,0,0,0,0,0,0,0,0,0
2026-02-07 21:00:00,DAD,23.0,0.0,99,7.0,69,1016.1,84,24140.0,6.87,1.34,-0.2,-0.2,2.4,0.0,0.0,0.0,8.6,8.41,0,0,0,0,0,0,0,0,0,0,0,0
2026-02-07 22:00:00,DAD,22.9,0.0,99,7.9,77,1016.2,83,24140.0,7.89,0.41,-0.1,-0.5,1.7,0.0,0.0,0.0,7.9,7.89,0,0,0,0,0,0,0,0,0,0,0,0
2026-02-07 23:00:00,DAD,22.7,0.0,95,8.3,84,1016.1,82,24140.0,8.28,-0.58,-0.2,-0.5,0.6,0.0,0.0,0.0,8.3,8.28,0,0,0,0,0,0,0,0,0,0,0,0
2026-02-08 00:00:00,DAD,22.5,0.0,95,8.3,92,1016.0,84,24140.0,8.12,-1.73,-0.2,-0.5,-0.1,0.0,0.0,0.0,8.3,8.28,0,0,0,0,0,0,0,0,0,0,0,0
2026-02-08 01:00:00,DAD,22.4,0.0,84,8.5,96,1015.5,84,23980.0,8.17,-2.34,-0.1,-0.5,-0.7,0.0,0.0,0.0,8.5,8.28,0,0,0,0,0,0,0,0,0,0,0,0
2026-02-08 02:00:00,DAD,22.2,0.1,89,8.5,90,1015.2,85,24120.0,8.37,-1.48,-0.2,-0.5,-0.9,0.1,0.1,0.1,8.5,8.37,1,0,0,0,0,0,0,0,1,1,0,1
2026-02-08 03:00:00,DAD,22.0,0.0,20,6.9,84,1015.0,85,24100.0,6.88,-0.48,-0.2,-0.5,-1.0,0.0,0.1,0.1,8.5,8.37,0,0,0,0,0,0,0,0,0,0,0,0
2026-02-08 04:00:00,DAD,21.2,0.0,100,3.5,69,1015.2,88,23520.0,3.44,0.67,-0.8,-1.2,-0.3,0.0,0.1,0.1,8.5,8.37,0,0,0,0,0,0,0,0,0,0,0,0
2026-02-08 05:00:00,DAD,21.5,0.1,88,1.4,90,1015.9,90,24140.0,1.38,-0.24,0.3,-0.7,0.7,0.1,0.1,0.2,6.9,6.88,1,0,0,0,0,0,0,0,1,1,0,1
2026-02-08 06:00:00,DAD,21.1,0.1,88,1.8,191,1016.5,90,24140.0,0.65,-1.68,-0.4,-0.9,1.5,0.1,0.2,0.3,3.5,3.44,1,0,0,0,0,0,0,0,1,1,0,1
2026-02-08 07:00:00,DAD,21.8,0.1,91,3.6,60,1017.4,87,23840.0,3.38,1.23,0.7,0.6,2.2,0.1,0.3,0.4,3.6,3.38,1,0,0,0,0,0,0,0,1,1,0,1
2026-02-08 08:00:00,DAD,22.6,0.4,80,10.1,66,1018.0,86,14780.0,9.8,2.44,0.8,1.1,2.1,0.4,0.6,0.7,10.1,9.8,1,0,0,0,0,0,0,0,0,1,0,0
2026-02-08 09:00:00,DAD,23.4,0.1,43,10.6,72,1019.0,80,14780.0,10.5,1.48,0.8,2.3,2.5,0.1,0.6,0.8,10.6,10.5,1,0,0,0,0,0,0,0,0,1,0,0
2026-02-08 10:00:00,DAD,24.5,0.0,47,15.4,72,1019.2,73,14780.0,15.25,2.14,1.1,2.7,1.8,0.0,0.5,0.8,15.4,15.25,0,0,0,0,0,0,0,0,0,0,0,0
2026-02-08 11:00:00,DAD,25.0,0.0,23,16.2,75,1018.7,70,14780.0,16.14,1.41,0.5,2.4,0.7,0.0,0.1,0.7,16.2,16.14,0,0,0,0,0,0,0,0,0,0,0,0
2026-02-08 12:00:00,DAD,25.2,0.1,85,17.6,74,1018.1,69,18560.0,17.5,1.84,0.2,1.8,-0.9,0.1,0.1,0.7,17.6,17.5,1,0,0,0,0,0,0,0,1,1,0,1
2026-02-08 13:00:00,DAD,24.6,0.0,95,18.0,78,1017.4,68,19720.0,17.99,0.63,-0.6,0.1,-1.8,0.0,0.1,0.6,18.0,17.99,0,0,0,0,0,0,0,0,0,0,0,0
2026-02-08 14:00:00,DAD,23.9,0.1,96,19.1,72,1016.8,69,14780.0,18.91,2.66,-0.7,-1.1,-1.9,0.1,0.2,0.3,19.1,18.91,1,0,0,0,0,0,0,0,1,1,0,1
2026-02-08 15:00:00,DAD,24.1,0.1,99,18.1,67,1016.2,73,19220.0,17.64,4.07,0.2,-1.1,-1.9,0.1,0.2,0.3,19.1,18.91,1,0,0,0,0,0,0,0,1,1,0,1
2026-02-08 16:00:00,DAD,23.8,0.0,95,18.3,69,1016.4,72,19680.0,17.96,3.49,-0.3,-0.8,-1.0,0.0,0.2,0.3,19.1,18.91,0,0,0,0,0,0,0,0,0,0,0,0
2026-02-08 17:00:00,DAD,23.2,0.1,80,18.5,69,1017.0,74,15300.0,18.16,3.53,-0.6,-0.7,0.2,0.1,0.2,0.4,18.5,18.16,1,0,0,0,0,0,0,0,0,1,0,0
2026-02-08 18:00:00,DAD,22.8,0.4,84,17.8,70,1017.6,73,14780.0,17.53,3.09,-0.4,-1.3,1.4,0.4,0.5,0.7,18.5,18.16,1,0,0,0,0,0,0,0,1,1,0,1
2026-02-08 19:00:00,DAD,23.0,0.4,95,15.5,70,1018.0,76,18880.0,15.26,2.69,0.2,-0.8,1.6,0.4,0.9,1.1,18.5,18.16,1,0,0,0,0,0,0,0,1,1,0,1
2026-02-08 20:00:00,DAD,22.9,0.2,91,15.8,71,1018.5,73,14780.0,15.61,2.47,-0.1,-0.3,1.5,0.2,1.0,1.2,17.8,17.53,1,0,0,0,0,0,0,0,1,1,0,1
2026-02-08 21:00:00,DAD,22.5,0.3,98,16.5,76,1018.8,78,14780.0,16.46,1.15,-0.4,-0.3,1.2,0.3,0.9,1.4,16.5,16.46,1,0,0,0,0,0,0,0,1,1,0,1
2026-02-08 22:00:00,DAD,22.6,0.0,92,16.5,68,1018.8,77,14780.0,16.14,3.43,0.1,-0.4,0.8,0.0,0.5,1.4,16.5,16.46,0,0,0,0,0,0,0,0,0,0,0,0
2026-02-08 23:00:00,DAD,21.8,0.1,99,16.6,71,1018.7,80,14780.0,16.4,2.6,-0.8,-1.1,0.2,0.1,0.4,1.4,16.6,16.46,1,0,0,0,0,0,0,0,1,1,0,1
2026-02-09 00:00:00,DAD,22.0,0.1,83,15.1,70,1018.1,83,14780.0,14.87,2.62,0.2,-0.5,-0.7,0.1,0.2,1.1,16.6,16.4,1,0,0,0,0,0,0,0,1,1,0,1
2026-02-09 01:00:00,DAD,21.7,0.2,99,15.7,86,1017.4,85,14780.0,15.61,-1.64,-0.3,-0.9,-1.4,0.2,0.4,0.9,16.6,16.4,1,0,0,0,0,0,0,0,1,1,0,1
2026-02-09 02:00:00,DAD,21.4,0.0,70,16.6,89,1016.8,84,14780.0,16.4,-2.6,-0.3,-0.4,-1.9,0.0,0.3,0.7,16.6,16.4,0,0,0,0,0,0,0,0,0,0,0,0
2026-02-09 03:00:00,DAD,21.2,0.2,95,11.3,76,1016.6,83,14780.0,11.27,0.79,-0.2,-0.8,-1.5,0.2,0.4,0.6,16.6,16.4,1,0,0,0,0,0,0,0,1,1,0,1
2026-02-09 04:00:00,DAD,20.7,0.4,100,9.2,107,1016.6,87,14780.0,8.2,-4.18,-0.5,-1.0,-0.8,0.4,0.6,1.0,16.6,16.4,1,0,0,0,0,0,0,0,1,1,0,1
2026-02-09 05:00:00,DAD,20.1,0.4,99,7.6,97,1016.8,91,14780.0,7.27,-2.22,-0.6,-1.3,0.0,0.4,1.0,1.3,11.3,11.27,1,0,0,0,0,0,0,0,1,1,0,1
2026-02-09 06:00:00,DAD,20.6,0.4,99,8.6,61,1017.1,88,14780.0,8.13,2.8,0.5,-0.6,0.5,0.4,1.2,1.6,9.2,8.2,1,0,0,0,0,0,0,0,1,1,0,1
2026-02-09 07:00:00,DAD,20.2,0.4,99,3.1,62,1017.9,93,14780.0,2.95,0.96,-0.4,-0.5,1.3,0.4,1.2,1.8,8.6,8.13,1,0,0,0,0,0,0,0,1,1,0,1
2026-02-09 08:00:00,DAD,22.0,0.4,100,6.3,97,1018.4,85,14780.0,6.02,-1.84,1.8,1.9,1.6,0.4,1.2,2.2,8.6,8.13,1,0,0,0,0,0,0,0,1,1,0,1
2026-02-09 09:00:00,DAD,22.5,0.4,100,9.4,83,1018.9,82,14780.0,9.39,-0.49,0.5,1.9,1.8,0.4,1.2,2.4,9.4,9.39,1,0,0,0,0,0,0,0,1,1,0,1
2026-02-09 10:00:00,DAD,23.0,0.4,83,12.8,76,1018.9,76,20700.0,12.77,0.89,0.5,2.8,1.0,0.4,1.2,2.4,12.8,12.77,1,0,0,0,0,0,0,0,1,1,0,1
2026-02-09 11:00:00,DAD,23.8,0.4,95,16.5,80,1018.0,73,21200.0,16.5,-0.0,0.8,1.8,-0.4,0.4,1.2,2.4,16.5,16.5,1,0,0,0,0,0,0,0,1,1,0,1
2026-02-09 12:00:00,DAD,24.0,0.4,64,18.1,77,1016.9,74,22440.0,18.08,0.95,0.2,1.5,-2.0,0.4,1.2,2.4,18.1,18.08,1,0,0,0,0,0,0,0,0,1,0,0
2026-02-09 13:00:00,DAD,23.5,0.4,92,17.4,80,1016.2,73,20400.0,17.4,-0.0,-0.5,0.5,-2.7,0.4,1.2,2.4,18.1,18.08,1,0,0,0,0,0,0,0,1,1,0,1
2026-02-09 14:00:00,DAD,23.6,0.4,79,16.4,75,1015.2,74,23700.0,16.34,1.43,0.1,-0.2,-2.8,0.4,1.2,2.4,18.1,18.08,1,0,0,0,0,0,0,0,0,1,0,0
2026-02-09 15:00:00,DAD,23.5,0.2,96,15.2,71,1014.7,73,17520.0,15.01,2.38,-0.1,-0.5,-2.2,0.2,1.0,2.2,17.4,17.4,1,0,0,0,0,0,0,0,1,1,0,1
2026-02-09 16:00:00,DAD,23.4,0.0,95,14.2,74,1014.7,72,21540.0,14.12,1.48,-0.1,-0.1,-1.5,0.0,0.6,1.8,16.4,16.34,0,0,0,0,0,0,0,0,0,0,0,0
2026-02-09 17:00:00,DAD,23.0,0.0,100,12.0,77,1015.3,75,14780.0,11.98,0.63,-0.4,-0.6,0.1,0.0,0.2,1.4,15.2,15.01,0,0,0,0,0,0,0,0,0,0,0,0
2026-02-09 18:00:00,DAD,22.5,0.0,99,10.8,79,1015.7,79,16160.0,10.8,0.19,-0.5,-1.0,1.0,0.0,0.0,1.0,14.2,14.12,0,0,0,0,0,0,0,0,0,0,0,0
2026-02-09 19:00:00,DAD,22.4,0.0,92,10.4,72,1016.3,81,19500.0,10.3,1.45,-0.1,-1.0,1.6,0.0,0.0,0.6,12.0,11.98,0,0,0,0,0,0,0,0,0,0,0,0
2026-02-09 20:00:00,DAD,22.4,0.0,100,7.6,75,1017.3,80,21220.0,7.57,0.66,0.0,-0.6,2.0,0.0,0.0,0.2,10.8,10.8,0,0,0,0,0,0,0,0,0,0,0,0
2026-02-09 21:00:00,DAD,22.1,0.0,85,5.8,76,1017.4,81,23780.0,5.79,0.4,-0.3,-0.4,1.7,0.0,0.0,0.0,10.4,10.3,0,0,0,0,0,0,0,0,0,0,0,0
2026-02-09 22:00:00,DAD,21.7,0.0,84,5.1,72,1017.0,83,20660.0,5.05,0.71,-0.4,-0.7,0.7,0.0,0.0,0.0,7.6,7.57,0,0,0,0,0,0,0,0,0,0,0,0
2026-02-09 23:00:00,DAD,21.2,0.0,95,3.8,93,1016.8,85,19400.0,3.7,-0.85,-0.5,-1.2,-0.5,0.0,0.0,0.0,5.8,5.79,0,0,0,0,0,0,0,0,0,0,0,0
2026-02-10 00:00:00,DAD,20.8,0.0,99,1.5,135,1016.3,86,17240.0,0.86,-1.23,-0.4,-1.3,-1.1,0.0,0.0,0.0,5.1,5.05,0,0,0,0,0,0,0,0,0,0,0,0
2026-02-10 01:00:00,DAD,21.5,0.1,99,8.1,94,1015.9,85,22780.0,7.86,-1.96,0.7,-0.2,-1.1,0.1,0.1,0.1,8.1,7.86,1,0,0,0,0,0,0,0,1,1,0,1
2026-02-10 02:00:00,DAD,21.4,0.0,100,4.9,94,1016.0,86,16940.0,4.75,-1.19,-0.1,0.2,-0.8,0.0,0.1,0.1,8.1,7.86,0,0,0,0,0,0,0,0,0,0,0,0
2026-02-10 03:00:00,DAD,21.0,0.0,97,2.1,121,1015.6,89,24140.0,1.58,-1.38,-0.4,0.2,-0.7,0.0,0.1,0.1,8.1,7.86,0,0,0,0,0,0,0,0,0,0,0,0
2026-02-10 04:00:00,DAD,20.5,0.1,70,1.0,211,1015.7,91,23620.0,0.66,-0.75,-0.5,-1.0,-0.2,0.1,0.1,0.2,4.9,4.75,1,0,0,0,0,0,0,0,0,1,0,0
2026-02-10 05:00:00,DAD,20.0,0.0,48,2.8,243,1016.1,94,21500.0,2.68,-0.82,-0.5,-1.4,0.1,0.0,0.1,0.2,2.8,2.68,0,0,0,0,0,0,0,0,0,0,0,0
2026-02-10 06:00:00,DAD,19.7,0.0,45,3.1,246,1016.6,96,23180.0,3.01,-0.75,-0.3,-1.3,1.0,0.0,0.1,0.2,3.1,3.01,0,0,0,0,0,0,0,0,0,0,0,0
2026-02-10 07:00:00,DAD,20.1,0.0,89,4.1,209,1017.2,98,23780.0,2.58,-3.19,0.4,-0.4,1.5,0.0,0.0,0.1,4.1,3.01,0,0,0,0,0,0,0,0,0,0,0,0
2026-02-10 08:00:00,DAD,22.0,0.0,98,3.8,199,1017.8,90,24140.0,1.84,-3.32,1.9,2.0,1.7,0.0,0.0,0.1,4.1,3.01,0,0,0,0,0,0,0,0,0,0,0,0
2026-02-10 09:00:00,DAD,23.2,0.1,97,5.1,141,1018.1,81,24140.0,2.47,-4.46,1.2,3.5,1.5,0.1,0.1,0.2,5.1,2.58,1,0,0,0,0,0,0,0,1,1,0,1
2026-02-10 10:00:00,DAD,24.5,0.1,100,8.2,119,1018.2,72,24140.0,6.37,-5.16,1.3,4.4,1.0,0.1,0.2,0.2,8.2,6.37,1,0,0,0,0,0,0,0,1,1,0,1
2026-02-10 11:00:00,DAD,25.0,0.0,27,8.0,106,1017.3,68,24140.0,7.19,-3.51,0.5,3.0,-0.5,0.0,0.2,0.2,8.2,7.19,0,0,0,0,0,0,0,0,0,0,0,0
2026-02-10 12:00:00,DAD,25.3,0.0,38,8.8,94,1016.3,66,24140.0,8.54,-2.13,0.3,2.1,-1.8,0.0,0.1,0.2,8.8,8.54,0,0,0,0,0,0,0,0,0,0,0,0
2026-02-10 13:00:00,DAD,25.2,0.0,89,10.8,79,1015.3,66,24140.0,10.8,0.19,-0.1,0.7,-2.9,0.0,0.0,0.2,10.8,10.8,0,0,0,0,0,0,0,0,0,0,0,0
2026-02-10 14:00:00,DAD,24.9,0.0,7,12.8,75,1014.6,65,24140.0,12.75,1.12,-0.3,-0.1,-2.7,0.0,0.0,0.2,12.8,12.75,0,0,0,0,0,0,0,0,0,0,0,0
2026-02-10 15:00:00,DAD,24.6,0.0,7,11.8,81,1014.4,66,24140.0,11.8,-0.21,-0.3,-0.7,-1.9,0.0,0.0,0.1,12.8,12.75,0,0,0,0,0,0,0,0,0,0,0,0
2026-02-10 16:00:00,DAD,24.2,0.0,5,11.3,90,1014.5,69,24140.0,11.13,-1.96,-0.4,-1.0,-0.8,0.0,0.0,0.0,12.8,12.75,0,0,0,0,0,0,0,0,0,0,0,0
2026-02-10 17:00:00,DAD,23.5,0.0,3,10.6,91,1014.8,73,24140.0,10.41,-2.02,-0.7,-1.4,0.2,0.0,0.0,0.0,11.8,11.8,0,0,0,0,0,0,0,0,0,0,0,0
2026-02-10 18:00:00,DAD,22.6,0.0,41,9.6,87,1015.5,79,24140.0,9.53,-1.17,-0.9,-2.0,1.1,0.0,0.0,0.0,11.3,11.13,0,0,0,0,0,0,0,0,0,0,0,0
2026-02-10 19:00:00,DAD,22.9,0.0,100,9.7,86,1016.1,80,24140.0,9.65,-1.01,0.3,-1.3,1.6,0.0,0.0,0.0,10.6,10.41,0,0,0,0,0,0,0,0,0,0,0,0
2026-02-10 20:00:00,DAD,22.9,0.0,100,8.3,94,1017.1,82,24140.0,8.05,-2.01,0.0,-0.6,2.3,0.0,0.0,0.0,9.7,9.65,0,0,0,0,0,0,0,0,0,0,0,0
2026-02-10 21:00:00,DAD,22.6,0.1,99,7.3,113,1017.7,84,24140.0,6.12,-3.98,-0.3,0.0,2.2,0.1,0.1,0.1,9.7,9.65,1,0,0,0,0,0,0,0,1,1,0,1
2026-02-10 22:00:00,DAD,22.1,0.2,99,3.2,117,1017.7,88,24140.0,2.56,-1.93,-0.5,-0.8,1.6,0.2,0.3,0.3,8.3,8.05,1,0,0,0,0,0,0,0,1,1,0,1
2026-02-10 23:00:00,DAD,21.5,0.3,100,2.8,105,1017.6,90,24140.0,2.54,-1.18,-0.6,-1.4,0.5,0.3,0.6,0.6,7.3,6.12,1,0,0,0,0,0,0,0,1,1,0,1
2026-02-11 00:00:00,DAD,21.6,0.3,99,1.0,135,1017.6,89,24140.0,0.57,-0.82,0.1,-1.0,-0.1,0.3,0.8,0.9,3.2,2.56,1,0,0,0,0,0,0,0,1,1,0,1
2026-02-11 01:00:00,DAD,21.4,0.1,53,0.0,270,1017.5,92,24140.0,0.0,0.0,-0.2,-0.7,-0.2,0.1,0.7,1.0,2.8,2.54,1,0,0,0,0,0,0,0,0,1,0,0
2026-02-11 02:00:00,DAD,20.7,0.1,79,0.7,284,1017.3,94,24140.0,0.64,0.28,-0.7,-0.8,-0.3,0.1,0.5,1.1,1.0,0.64,1,0,0,0,0,0,0,0,0,1,0,0
2026-02-11 03:00:00,DAD,20.4,0.1,73,2.4,253,1017.1,96,24140.0,2.38,-0.29,-0.3,-1.2,-0.5,0.1,0.3,1.1,2.4,2.38,1,0,0,0,0,0,0,0,0,1,0,0
2026-02-11 04:00:00,DAD,20.2,0.0,30,5.4,249,1017.1,96,24140.0,5.3,-1.03,-0.2,-1.2,-0.4,0.0,0.2,0.9,5.4,5.3,0,0,0,0,0,0,0,0,0,0,0,0
2026-02-11 05:00:00,DAD,19.8,0.0,65,5.9,259,1017.3,96,24140.0,5.9,-0.1,-0.4,-0.9,0.0,0.0,0.1,0.6,5.9,5.9,0,0,0,0,0,0,0,0,0,0,0,0
2026-02-11 06:00:00,DAD,19.4,0.0,33,5.0,268,1017.9,96,24140.0,4.95,0.7,-0.4,-1.0,0.8,0.0,0.0,0.3,5.9,5.9,0,0,0,0,0,0,0,0,0,0,0,0
2026-02-11 07:00:00,DAD,20.0,0.0,98,4.2,290,1018.8,96,24140.0,3.64,2.1,0.6,-0.2,1.7,0.0,0.0,0.2,5.9,5.9,0,0,0,0,0,0,0,0,0,0,0,0
2026-02-11 08:00:00,DAD,22.0,0.0,89,2.5,274,1019.5,90,24140.0,2.43,0.6,2.0,2.2,2.2,0.0,0.0,0.1,5.0,4.95,0,0,0,0,0,0,0,0,0,0,0,0
2026-02-11 09:00:00,DAD,23.5,0.0,84,2.4,63,1020.1,80,24140.0,2.3,0.7,1.5,4.1,2.2,0.0,0.0,0.0,4.2,3.64,0,0,0,0,0,0,0,0,0,0,0,0
2026-02-11 10:00:00,DAD,24.5,0.1,56,5.9,70,1020.1,73,24140.0,5.81,1.02,1.0,4.5,1.3,0.1,0.1,0.1,5.9,5.81,1,0,0,0,0,0,0,0,0,1,0,0
2026-02-11 11:00:00,DAD,24.9,0.0,52,6.6,68,1019.3,71,24140.0,6.46,1.37,0.4,2.9,-0.2,0.0,0.1,0.1,6.6,6.46,0,0,0,0,0,0,0,0,0,0,0,0
2026-02-11 12:00:00,DAD,25.5,0.0,85,8.7,68,1017.9,68,24140.0,8.51,1.81,0.6,2.0,-2.2,0.0,0.1,0.1,8.7,8.51,0,0,0,0,0,0,0,0,0,0,0,0
2026-02-11 13:00:00,DAD,25.1,0.0,100,11.4,62,1017.2,70,24140.0,10.84,3.52,-0.4,0.6,-2.9,0.0,0.0,0.1,11.4,10.84,0,0,0,0,0,0,0,0,0,0,0,0
2026-02-11 14:00:00,DAD,25.2,0.0,100,12.8,56,1016.5,70,24140.0,11.69,5.21,0.1,0.3,-2.8,0.0,0.0,0.1,12.8,11.69,0,0,0,0,0,0,0,0,0,0,0,0
2026-02-11 15:00:00,DAD,24.7,0.0,95,12.5,60,1016.2,72,24140.0,11.75,4.28,-0.5,-0.8,-1.7,0.0,0.0,0.1,12.8,11.75,0,0,0,0,0,0,0,0,0,0,0,0
2026-02-11 16:00:00,DAD,24.2,0.0,90,12.2,54,1016.0,73,24140.0,10.97,5.35,-0.5,-0.9,-1.2,0.0,0.0,0.0,12.8,11.75,0,0,0,0,0,0,0,0,0,0,0,0
2026-02-11 17:00:00,DAD,23.7,0.0,91,11.8,52,1016.1,75,24140.0,10.42,5.54,-0.5,-1.5,-0.4,0.0,0.0,0.0,12.5,11.75,0,0,0,0,0,0,0,0,0,0,0,0
2026-02-11 18:00:00,DAD,23.2,0.0,92,8.8,59,1016.6,80,24140.0,8.22,3.15,-0.5,-1.5,0.4,0.0,0.0,0.0,12.2,10.97,0,0,0,0,0,0,0,0,0,0,0,0
2026-02-11 19:00:00,DAD,23.0,0.0,99,7.1,75,1016.7,85,24140.0,7.07,0.62,-0.2,-1.2,0.7,0.0,0.0,0.0,11.8,10.42,0,0,0,0,0,0,0,0,0,0,0,0
2026-02-11 20:00:00,DAD,23.0,0.0,98,6.9,73,1017.5,85,24140.0,6.85,0.84,0.0,-0.7,1.4,0.0,0.0,0.0,8.8,8.22,0,0,0,0,0,0,0,0,0,0,0,0
2026-02-11 21:00:00,DAD,22.7,0.0,98,5.2,74,1017.6,85,24140.0,5.17,0.54,-0.3,-0.5,1.0,0.0,0.0,0.0,7.1,7.07,0,0,0,0,0,0,0,0,0,0,0,0
2026-02-11 22:00:00,DAD,22.4,0.0,100,2.9,90,1017.5,88,24140.0,2.86,-0.5,-0.3,-0.6,0.8,0.0,0.0,0.0,6.9,6.85,0,0,0,0,0,0,0,0,0,0,0,0
2026-02-11 23:00:00,DAD,22.3,0.0,74,1.3,124,1017.0,87,24140.0,0.94,-0.9,-0.1,-0.7,-0.5,0.0,0.0,0.0,5.2,5.17,0,0,0,0,0,0,0,0,0,0,0,0
2026-02-12 00:00:00,DAD,21.8,0.0,61,0.7,194,1016.8,89,24140.0,0.28,-0.64,-0.5,-0.9,-0.8,0.0,0.0,0.0,2.9,2.86,0,0,0,0,0,0,0,0,0,0,0,0
2026-02-12 01:00:00,DAD,21.9,0.1,97,0.4,333,1016.1,94,24140.0,0.12,0.38,0.1,-0.5,-1.4,0.1,0.1,0.1,1.3,0.94,1,0,0,0,0,0,0,0,1,1,0,1
2026-02-12 02:00:00,DAD,22.2,0.2,88,0.4,90,1015.8,94,24140.0,0.39,-0.07,0.3,-0.1,-1.2,0.2,0.3,0.3,0.7,0.39,1,0,0,0,0,0,0,0,1,1,0,1
2026-02-12 03:00:00,DAD,21.8,0.2,99,0.9,79,1015.5,94,24140.0,0.9,0.02,-0.4,0.0,-1.3,0.2,0.5,0.5,0.9,0.9,1,0,0,0,0,0,0,0,1,1,0,1
2026-02-12 04:00:00,DAD,21.9,0.1,99,2.7,67,1015.5,93,24140.0,2.63,0.61,0.1,0.0,-0.6,0.1,0.5,0.6,2.7,2.63,1,0,0,0,0,0,0,0,1,1,0,1
2026-02-12 05:00:00,DAD,21.6,0.1,64,3.3,77,1015.6,91,24140.0,3.3,0.17,-0.3,-0.6,-0.2,0.1,0.4,0.7,3.3,3.3,1,0,0,0,0,0,0,0,0,1,0,0
2026-02-12 06:00:00,DAD,21.2,0.0,77,4.0,90,1016.4,91,24140.0,3.94,-0.69,-0.4,-0.6,0.9,0.0,0.2,0.7,4.0,3.94,0,0,0,0,0,0,0,0,0,0,0,0
2026-02-12 07:00:00,DAD,21.1,0.0,99,0.9,217,1017.3,95,24140.0,0.66,-0.61,-0.1,-0.8,1.8,0.0,0.1,0.6,4.0,3.94,0,0,0,0,0,0,0,0,0,0,0,0
2026-02-12 08:00:00,DAD,22.5,0.2,63,2.4,144,1018.0,90,24140.0,1.05,-2.16,1.4,0.9,2.4,0.2,0.2,0.6,4.0,3.94,1,0,0,0,0,0,0,0,0,1,0,0
2026-02-12 09:00:00,DAD,23.4,0.2,56,6.3,110,1018.5,83,24140.0,5.46,-3.15,0.9,2.2,2.1,0.2,0.4,0.6,6.3,5.46,1,0,0,0,0,0,0,0,0,1,0,0
2026-02-12 10:00:00,DAD,24.4,0.1,30,10.0,96,1018.7,75,24140.0,9.61,-2.76,1.0,3.3,1.4,0.1,0.5,0.6,10.0,9.61,1,0,0,0,0,0,0,0,0,1,0,0
2026-02-12 11:00:00,DAD,25.0,0.0,43,11.0,86,1017.7,71,24140.0,10.94,-1.15,0.6,2.5,-0.3,0.0,0.3,0.5,11.0,10.94,0,0,0,0,0,0,0,0,0,0,0,0
2026-02-12 12:00:00,DAD,25.3,0.0,84,12.0,83,1016.8,68,24140.0,11.98,-0.63,0.3,1.9,-1.7,0.0,0.1,0.5,12.0,11.98,0,0,0,0,0,0,0,0,0,0,0,0
2026-02-12 13:00:00,DAD,25.0,0.0,94,12.8,92,1015.9,69,24140.0,12.52,-2.66,-0.3,0.6,-2.8,0.0,0.0,0.5,12.8,12.52,0,0,0,0,0,0,0,0,0,0,0,0
2026-02-12 14:00:00,DAD,25.1,0.0,87,12.7,97,1015.2,68,24140.0,12.15,-3.71,0.1,0.1,-2.5,0.0,0.0,0.3,12.8,12.52,0,0,0,0,0,0,0,0,0,0,0,0
2026-02-12 15:00:00,DAD,24.6,0.0,16,12.9,99,1014.7,68,24140.0,12.2,-4.2,-0.5,-0.7,-2.1,0.0,0.0,0.1,12.9,12.52,0,0,0,0,0,0,0,0,0,0,0,0
2026-02-12 16:00:00,DAD,24.1,0.0,41,11.8,96,1014.3,71,24140.0,11.34,-3.25,-0.5,-0.9,-1.6,0.0,0.0,0.0,12.9,12.2,0,0,0,0,0,0,0,0,0,0,0,0
2026-02-12 17:00:00,DAD,23.4,0.0,6,11.6,97,1014.3,76,24140.0,11.09,-3.39,-0.7,-1.7,-0.9,0.0,0.0,0.0,12.9,12.2,0,0,0,0,0,0,0,0,0,0,0,0
2026-02-12 18:00:00,DAD,22.6,0.0,13,9.4,98,1014.7,82,24140.0,8.94,-2.9,-0.8,-2.0,0.0,0.0,0.0,0.0,11.8,11.34,0,0,0,0,0,0,0,0,0,0,0,0
2026-02-12 19:00:00,DAD,22.9,0.0,2,6.0,85,1014.9,81,24140.0,5.98,-0.52,0.3,-1.2,0.6,0.0,0.0,0.0,11.6,11.09,0,0,0,0,0,0,0,0,0,0,0,0
2026-02-12 20:00:00,DAD,22.5,0.0,9,4.0,93,1015.5,85,24140.0,3.9,-0.9,-0.4,-0.9,1.2,0.0,0.0,0.0,9.4,8.94,0,0,0,0,0,0,0,0,0,0,0,0
2026-02-12 21:00:00,DAD,22.2,0.0,11,2.2,125,1015.7,86,24140.0,1.56,-1.56,-0.3,-0.4,1.0,0.0,0.0,0.0,6.0,5.98,0,0,0,0,0,0,0,0,0,0,0,0
2026-02-12 22:00:00,DAD,21.5,0.0,34,3.2,164,1016.0,90,24140.0,0.33,-3.18,-0.7,-1.4,1.1,0.0,0.0,0.0,4.0,3.9,0,0,0,0,0,0,0,0,0,0,0,0
2026-02-12 23:00:00,DAD,21.4,0.0,34,3.8,175,1015.9,92,24140.0,0.33,-3.79,-0.1,-1.1,0.4,0.0,0.0,0.0,3.8,1.56,0,0,0,0,0,0,0,0,0,0,0,0
2026-02-13 00:00:00,DAD,21.0,0.1,38,5.2,202,1015.7,93,24140.0,2.76,-4.41,-0.4,-1.2,0.0,0.1,0.1,0.1,5.2,2.76,1,0,0,0,0,0,0,0,0,1,0,0
2026-02-13 01:00:00,DAD,21.3,0.0,70,5.6,207,1015.1,92,24140.0,3.37,-4.47,0.3,-0.2,-0.9,0.0,0.1,0.1,5.6,3.37,0,0,0,0,0,0,0,0,0,0,0,0
2026-02-13 02:00:00,DAD,21.1,0.0,96,3.5,215,1014.4,91,24140.0,2.47,-2.47,-0.2,-0.3,-1.5,0.0,0.1,0.1,5.6,3.37,0,0,0,0,0,0,0,0,0,0,0,0
2026-02-13 03:00:00,DAD,20.9,0.0,94,2.8,230,1013.8,92,24140.0,2.42,-1.4,-0.2,-0.1,-1.9,0.0,0.0,0.1,5.6,3.37,0,0,0,0,0,0,0,0,0,0,0,0
2026-02-13 04:00:00,DAD,20.6,0.0,35,3.0,232,1013.7,93,24140.0,2.65,-1.41,-0.3,-0.7,-1.4,0.0,0.0,0.1,3.5,2.65,0,0,0,0,0,0,0,0,0,0,0,0
2026-02-13 05:00:00,DAD,20.4,0.0,28,3.1,249,1013.8,93,24140.0,3.04,-0.59,-0.2,-0.7,-0.6,0.0,0.0,0.1,3.1,3.04,0,0,0,0,0,0,0,0,0,0,0,0
2026-02-13 06:00:00,DAD,20.1,0.0,93,3.3,241,1014.0,92,24140.0,3.12,-1.07,-0.3,-0.8,0.2,0.0,0.0,0.0,3.3,3.12,0,0,0,0,0,0,0,0,0,0,0,0
2026-02-13 07:00:00,DAD,20.9,0.0,67,5.1,219,1014.8,87,24140.0,3.85,-3.35,0.8,0.3,1.1,0.0,0.0,0.0,5.1,3.85,0,0,0,0,0,0,0,0,0,0,0,0
2026-02-13 08:00:00,DAD,22.1,0.0,80,4.4,218,1015.3,83,24140.0,3.27,-2.94,1.2,1.7,1.5,0.0,0.0,0.0,5.1,3.85,0,0,0,0,0,0,0,0,0,0,0,0
2026-02-13 09:00:00,DAD,23.7,0.0,100,5.9,180,1015.9,76,24140.0,1.02,-5.81,1.6,3.6,1.9,0.0,0.0,0.0,5.9,3.85,0,0,0,0,0,0,0,0,0,0,0,0
2026-02-13 10:00:00,DAD,25.0,0.0,63,9.8,140,1015.9,67,24140.0,4.9,-8.49,1.3,4.1,1.1,0.0,0.0,0.0,9.8,4.9,0,0,0,0,0,0,0,0,0,0,0,0
2026-02-13 11:00:00,DAD,25.9,0.0,41,11.1,122,1015.1,62,24140.0,8.25,-7.43,0.9,3.8,-0.2,0.0,0.0,0.0,11.1,8.25,0,0,0,0,0,0,0,0,0,0,0,0
2026-02-13 12:00:00,DAD,26.2,0.0,52,12.8,112,1014.2,60,24140.0,10.86,-6.78,0.3,2.5,-1.7,0.0,0.0,0.0,12.8,10.86,0,0,0,0,0,0,0,0,0,0,0,0
2026-02-13 13:00:00,DAD,26.0,0.0,42,11.7,108,1013.7,59,24140.0,10.33,-5.49,-0.2,1.0,-2.2,0.0,0.0,0.0,12.8,10.86,0,0,0,0,0,0,0,0,0,0,0,0
2026-02-13 14:00:00,DAD,25.9,0.0,68,12.0,97,1013.1,59,24140.0,11.48,-3.51,-0.1,0.0,-2.0,0.0,0.0,0.0,12.8,11.48,0,0,0,0,0,0,0,0,0,0,0,0
2026-02-13 15:00:00,DAD,25.5,0.0,20,12.5,86,1013.0,62,24140.0,12.43,-1.31,-0.4,-0.7,-1.2,0.0,0.0,0.0,12.5,12.43,0,0,0,0,0,0,0,0,0,0,0,0
2026-02-13 16:00:00,DAD,24.6,0.0,5,11.2,79,1012.8,69,24140.0,11.2,0.2,-0.9,-1.4,-0.9,0.0,0.0,0.0,12.5,12.43,0,0,0,0,0,0,0,0,0,0,0,0
2026-02-13 17:00:00,DAD,23.7,0.0,3,8.6,79,1013.1,73,24140.0,8.6,0.15,-0.9,-2.2,0.0,0.0,0.0,0.0,12.5,12.43,0,0,0,0,0,0,0,0,0,0,0,0
2026-02-13 18:00:00,DAD,22.9,0.0,2,3.6,99,1014.1,81,24140.0,3.4,-1.17,-0.8,-2.6,1.1,0.0,0.0,0.0,11.2,11.2,0,0,0,0,0,0,0,0,0,0,0,0
2026-02-13 19:00:00,DAD,23.2,0.0,45,5.8,97,1014.5,80,24140.0,5.55,-1.7,0.3,-1.4,1.7,0.0,0.0,0.0,8.6,8.6,0,0,0,0,0,0,0,0,0,0,0,0
2026-02-13 20:00:00,DAD,22.5,0.0,67,3.6,127,1015.2,85,24140.0,2.46,-2.63,-0.7,-1.2,2.1,0.0,0.0,0.0,5.8,5.55,0,0,0,0,0,0,0,0,0,0,0,0
2026-02-13 21:00:00,DAD,22.0,0.0,97,2.9,176,1015.6,88,24140.0,0.3,-2.88,-0.5,-0.9,1.5,0.0,0.0,0.0,5.8,5.55,0,0,0,0,0,0,0,0,0,0,0,0
2026-02-13 22:00:00,DAD,21.4,0.0,99,4.0,216,1015.7,91,24140.0,2.88,-2.78,-0.6,-1.8,1.2,0.0,0.0,0.0,4.0,2.88,0,0,0,0,0,0,0,0,0,0,0,0
2026-02-13 23:00:00,DAD,20.9,0.0,90,5.1,225,1015.1,93,24140.0,4.18,-2.93,-0.5,-1.6,-0.1,0.0,0.0,0.0,5.1,4.18,0,0,0,0,0,0,0,0,0,0,0,0
2026-02-14 00:00:00,DAD,20.3,0.0,98,4.9,246,1014.7,93,24140.0,4.75,-1.19,-0.6,-1.7,-0.9,0.0,0.0,0.0,5.1,4.75,0,0,0,0,0,0,0,0,0,0,0,0
2026-02-14 01:00:00,DAD,20.7,0.0,99,4.4,235,1013.9,93,24140.0,3.99,-1.86,0.4,-0.7,-1.8,0.0,0.0,0.0,5.1,4.75,0,0,0,0,0,0,0,0,0,0,0,0
2026-02-14 02:00:00,DAD,20.7,0.0,100,4.5,270,1013.5,92,24140.0,4.43,0.78,0.0,-0.2,-1.6,0.0,0.0,0.0,4.9,4.75,0,0,0,0,0,0,0,0,0,0,0,0
2026-02-14 03:00:00,DAD,20.8,0.0,100,2.9,274,1013.0,92,24140.0,2.81,0.7,0.1,0.5,-1.7,0.0,0.0,0.0,4.5,4.43,0,0,0,0,0,0,0,0,0,0,0,0
2026-02-14 04:00:00,DAD,20.2,0.0,100,1.7,252,1012.8,95,24140.0,1.68,-0.24,-0.6,-0.5,-1.1,0.0,0.0,0.0,4.5,4.43,0,0,0,0,0,0,0,0,0,0,0,0
2026-02-14 05:00:00,DAD,19.9,0.0,100,1.5,263,1013.1,96,24140.0,1.5,0.08,-0.3,-0.8,-0.4,0.0,0.0,0.0,2.9,2.81,0,0,0,0,0,0,0,0,0,0,0,0
2026-02-14 06:00:00,DAD,19.8,0.0,100,1.3,225,1013.8,97,24140.0,1.06,-0.75,-0.1,-1.0,0.8,0.0,0.0,0.0,1.7,1.68,0,0,0,0,0,0,0,0,0,0,0,0
2026-02-14 07:00:00,DAD,20.7,0.0,18,2.7,233,1014.7,92,24140.0,2.41,-1.23,0.9,0.5,1.9,0.0,0.0,0.0,2.7,2.41,0,0,0,0,0,0,0,0,0,0,0,0
2026-02-14 08:00:00,DAD,22.2,0.0,24,3.6,210,1015.5,84,24140.0,2.31,-2.76,1.5,2.3,2.4,0.0,0.0,0.0,3.6,2.41,0,0,0,0,0,0,0,0,0,0,0,0
2026-02-14 09:00:00,DAD,23.8,0.0,17,3.8,175,1016.1,78,24140.0,0.33,-3.79,1.6,4.0,2.3,0.0,0.0,0.0,3.8,2.41,0,0,0,0,0,0,0,0,0,0,0,0
2026-02-14 10:00:00,DAD,25.0,0.1,41,5.8,126,1016.2,71,24140.0,4.03,-4.17,1.2,4.3,1.5,0.1,0.1,0.1,5.8,4.03,1,0,0,0,0,0,0,0,0,1,0,0
2026-02-14 11:00:00,DAD,25.8,0.0,29,8.5,108,1015.8,67,24140.0,7.51,-3.99,0.8,3.6,0.3,0.0,0.1,0.1,8.5,7.51,0,0,0,0,0,0,0,0,0,0,0,0
2026-02-14 12:00:00,DAD,26.2,0.0,30,10.0,107,1014.8,64,24140.0,8.91,-4.54,0.4,2.4,-1.3,0.0,0.1,0.1,10.0,8.91,0,0,0,0,0,0,0,0,0,0,0,0
2026-02-14 13:00:00,DAD,25.9,0.0,9,10.9,114,1014.0,63,24140.0,9.04,-6.1,-0.3,0.9,-2.2,0.0,0.0,0.1,10.9,9.04,0,0,0,0,0,0,0,0,0,0,0,0
2026-02-14 14:00:00,DAD,25.9,0.0,3,11.7,115,1013.1,65,24140.0,9.58,-6.71,0.0,0.1,-2.7,0.0,0.0,0.1,11.7,9.58,0,0,0,0,0,0,0,0,0,0,0,0
2026-02-14 15:00:00,DAD,25.5,0.0,2,11.5,107,1012.5,66,24140.0,10.25,-5.22,-0.4,-0.7,-2.3,0.0,0.0,0.1,11.7,10.25,0,0,0,0,0,0,0,0,0,0,0,0
2026-02-14 16:00:00,DAD,25.0,0.0,5,10.7,99,1012.4,65,24140.0,10.12,-3.48,-0.5,-0.9,-1.6,0.0,0.0,0.0,11.7,10.25,0,0,0,0,0,0,0,0,0,0,0,0
2026-02-14 17:00:00,DAD,24.4,0.0,2,9.7,100,1012.6,66,24140.0,9.12,-3.32,-0.6,-1.5,-0.5,0.0,0.0,0.0,11.5,10.25,0,0,0,0,0,0,0,0,0,0,0,0
2026-02-14 18:00:00,DAD,23.4,0.0,1,8.2,109,1013.1,75,24140.0,7.17,-3.98,-1.0,-2.1,0.6,0.0,0.0,0.0,10.7,10.12,0,0,0,0,0,0,0,0,0,0,0,0
2026-02-14 19:00:00,DAD,23.1,0.0,16,6.5,109,1013.7,80,24140.0,5.69,-3.15,-0.3,-1.9,1.3,0.0,0.0,0.0,9.7,9.12,0,0,0,0,0,0,0,0,0,0,0,0
2026-02-14 20:00:00,DAD,22.6,0.0,91,3.1,111,1014.3,85,24140.0,2.66,-1.6,-0.5,-1.8,1.7,0.0,0.0,0.0,8.2,7.17,0,0,0,0,0,0,0,0,0,0,0,0
2026-02-14 21:00:00,DAD,22.1,0.0,100,2.3,148,1014.6,88,24140.0,0.86,-2.13,-0.5,-1.3,1.5,0.0,0.0,0.0,6.5,5.69,0,0,0,0,0,0,0,0,0,0,0,0
2026-02-14 22:00:00,DAD,21.5,0.0,94,2.4,197,1014.7,91,24140.0,1.09,-2.14,-0.6,-1.6,1.0,0.0,0.0,0.0,3.1,2.66,0,0,0,0,0,0,0,0,0,0,0,0
2026-02-14 23:00:00,DAD,21.0,0.0,100,2.3,219,1014.4,93,24140.0,1.74,-1.51,-0.5,-1.6,0.1,0.0,0.0,0.0,2.4,1.74,0,0,0,0,0,0,0,0,0,0,0,0
2026-02-15 00:00:00,DAD,20.6,0.0,97,2.3,247,1014.0,95,24140.0,2.24,-0.52,-0.4,-1.5,-0.6,0.0,0.0,0.0,2.4,2.24,0,0,0,0,0,0,0,0,0,0,0,0
2026-02-15 01:00:00,DAD,20.3,0.0,100,2.7,250,1013.4,99,24140.0,2.66,-0.47,-0.3,-1.2,-1.3,0.0,0.0,0.0,2.7,2.66,0,0,0,0,0,0,0,0,0,0,0,0
2026-02-15 02:00:00,DAD,20.1,0.0,99,4.1,236,1013.0,99,24140.0,3.75,-1.67,-0.2,-0.9,-1.4,0.0,0.0,0.0,4.1,3.75,0,0,0,0,0,0,0,0,0,0,0,0
2026-02-15 03:00:00,DAD,19.6,0.0,91,4.4,235,1012.4,99,24140.0,3.99,-1.86,-0.5,-1.0,-1.6,0.0,0.0,0.0,4.4,3.99,0,0,0,0,0,0,0,0,0,0,0,0
2026-02-15 04:00:00,DAD,19.5,0.0,84,4.4,235,1012.2,98,24140.0,3.99,-1.86,-0.1,-0.8,-1.2,0.0,0.0,0.0,4.4,3.99,0,0,0,0,0,0,0,0,0,0,0,0
2026-02-15 05:00:00,DAD,19.1,0.0,80,3.5,249,1012.4,98,24140.0,3.44,-0.67,-0.4,-1.0,-0.6,0.0,0.0,0.0,4.4,3.99,0,0,0,0,0,0,0,0,0,0,0,0
2026-02-15 06:00:00,DAD,19.0,0.0,82,3.3,241,1013.5,98,24140.0,3.12,-1.07,-0.1,-0.6,1.1,0.0,0.0,0.0,4.4,3.99,0,0,0,0,0,0,0,0,0,0,0,0
2026-02-15 07:00:00,DAD,19.6,0.0,8,3.6,229,1014.3,94,24140.0,3.09,-1.85,0.6,0.1,2.1,0.0,0.0,0.0,3.6,3.44,0,0,0,0,0,0,0,0,0,0,0,0
2026-02-15 08:00:00,DAD,21.5,0.0,32,4.6,193,1015.1,87,24140.0,1.8,-4.23,1.9,2.4,2.7,0.0,0.0,0.0,4.6,3.12,0,0,0,0,0,0,0,0,0,0,0,0
2026-02-15 09:00:00,DAD,23.8,0.0,16,6.3,193,1015.6,77,24140.0,2.46,-5.8,2.3,4.8,2.1,0.0,0.0,0.0,6.3,3.09,0,0,0,0,0,0,0,0,0,0,0,0
2026-02-15 10:00:00,DAD,25.5,0.0,42,9.7,151,1015.8,67,24140.0,3.16,-9.17,1.7,5.9,1.5,0.0,0.0,0.0,9.7,3.16,0,0,0,0,0,0,0,0,0,0,0,0
2026-02-15 11:00:00,DAD,26.4,0.0,41,10.5,142,1015.1,61,24140.0,4.93,-9.27,0.9,4.9,0.0,0.0,0.0,0.0,10.5,4.93,0,0,0,0,0,0,0,0,0,0,0,0
2026-02-15 12:00:00,DAD,27.0,0.0,21,9.6,128,1013.7,58,24140.0,6.42,-7.13,0.6,3.2,-1.9,0.0,0.0,0.0,10.5,6.42,0,0,0,0,0,0,0,0,0,0,0,0
2026-02-15 13:00:00,DAD,26.5,0.0,59,12.4,109,1013.3,57,24140.0,10.85,-6.01,-0.5,1.0,-2.5,0.0,0.0,0.0,12.4,10.85,0,0,0,0,0,0,0,0,0,0,0,0
2026-02-15 14:00:00,DAD,26.2,0.0,34,12.7,98,1012.2,62,24140.0,12.08,-3.92,-0.3,-0.2,-2.9,0.0,0.0,0.0,12.7,12.08,0,0,0,0,0,0,0,0,0,0,0,0
2026-02-15 15:00:00,DAD,25.5,0.0,0,12.3,95,1011.5,65,24140.0,11.88,-3.18,-0.7,-1.5,-2.2,0.0,0.0,0.0,12.7,12.08,0,0,0,0,0,0,0,0,0,0,0,0
2026-02-15 16:00:00,DAD,25.0,0.0,0,11.4,95,1011.3,67,24140.0,11.01,-2.95,-0.5,-1.5,-2.0,0.0,0.0,0.0,12.7,12.08,0,0,0,0,0,0,0,0,0,0,0,0
2026-02-15 17:00:00,DAD,24.1,0.0,0,10.9,97,1011.3,70,24140.0,10.42,-3.19,-0.9,-2.1,-0.9,0.0,0.0,0.0,12.3,11.88,0,0,0,0,0,0,0,0,0,0,0,0
2026-02-15 18:00:00,DAD,23.5,0.0,0,10.5,107,1011.8,73,24140.0,9.36,-4.77,-0.6,-2.0,0.3,0.0,0.0,0.0,11.4,11.01,0,0,0,0,0,0,0,0,0,0,0,0
2026-02-15 19:00:00,DAD,24.0,0.0,2,8.5,119,1012.0,80,24140.0,6.61,-5.35,0.5,-1.0,0.7,0.0,0.0,0.0,10.9,10.42,0,0,0,0,0,0,0,0,0,0,0,0
2026-02-15 20:00:00,DAD,24.0,0.0,5,8.9,126,1012.9,81,24140.0,6.18,-6.4,0.0,-0.1,1.6,0.0,0.0,0.0,10.5,9.36,0,0,0,0,0,0,0,0,0,0,0,0
2026-02-15 21:00:00,DAD,23.8,0.0,8,8.0,138,1012.9,82,24140.0,4.24,-6.78,-0.2,0.3,1.1,0.0,0.0,0.0,8.9,6.61,0,0,0,0,0,0,0,0,0,0,0,0
2026-02-15 22:00:00,DAD,23.4,0.0,6,6.7,172,1012.9,84,24140.0,0.23,-6.7,-0.4,-0.6,0.9,0.0,0.0,0.0,8.9,6.18,0,0,0,0,0,0,0,0,0,0,0,0
2026-02-15 23:00:00,DAD,22.7,0.0,73,5.5,207,1012.6,88,24140.0,3.31,-4.39,-0.7,-1.3,-0.3,0.0,0.0,0.0,8.0,4.24,0,0,0,0,0,0,0,0,0,0,0,0
2026-02-16 00:00:00,DAD,22.1,0.0,27,5.4,230,1012.4,89,24140.0,4.68,-2.7,-0.6,-1.7,-0.5,0.0,0.0,0.0,6.7,4.68,0,0,0,0,0,0,0,0,0,0,0,0
2026-02-16 01:00:00,DAD,22.6,0.0,13,5.9,215,1011.8,87,24140.0,4.17,-4.17,0.5,-0.8,-1.1,0.0,0.0,0.0,5.9,4.68,0,0,0,0,0,0,0,0,0,0,0,0
2026-02-16 02:00:00,DAD,22.5,0.0,21,4.8,222,1011.6,87,24140.0,3.78,-2.96,-0.1,-0.2,-1.0,0.0,0.0,0.0,5.9,4.68,0,0,0,0,0,0,0,0,0,0,0,0
2026-02-16 03:00:00,DAD,22.4,0.0,16,3.3,225,1011.1,87,24140.0,2.7,-1.89,-0.1,0.3,-1.3,0.0,0.0,0.0,5.9,4.17,0,0,0,0,0,0,0,0,0,0,0,0
2026-02-16 04:00:00,DAD,22.2,0.0,84,2.9,227,1011.3,88,24140.0,2.43,-1.58,-0.2,-0.4,-0.5,0.0,0.0,0.0,4.8,3.78,0,0,0,0,0,0,0,0,0,0,0,0
2026-02-16 05:00:00,DAD,22.2,0.0,80,2.7,238,1011.6,89,24140.0,2.5,-1.01,0.0,-0.3,0.0,0.0,0.0,0.0,3.3,2.7,0,0,0,0,0,0,0,0,0,0,0,0
2026-02-16 06:00:00,DAD,21.8,0.0,70,1.9,248,1012.4,92,24140.0,1.86,-0.4,-0.4,-0.6,1.3,0.0,0.0,0.0,2.9,2.5,0,0,0,0,0,0,0,0,0,0,0,0
2026-02-16 07:00:00,DAD,21.8,0.0,9,4.2,277,1013.2,91,24140.0,4.02,1.23,0.0,-0.4,1.9,0.0,0.0,0.0,4.2,4.02,0,0,0,0,0,0,0,0,0,0,0,0
2026-02-16 08:00:00,DAD,23.6,0.0,10,2.3,231,1014.2,79,24140.0,2.01,-1.12,1.8,1.4,2.6,0.0,0.0,0.0,4.2,4.02,0,0,0,0,0,0,0,0,0,0,0,0
2026-02-16 09:00:00,DAD,25.2,0.0,9,4.1,167,1014.8,73,24140.0,0.21,-4.09,1.6,3.4,2.4,0.0,0.0,0.0,4.2,4.02,0,0,0,0,0,0,0,0,0,0,0,0
2026-02-16 10:00:00,DAD,26.6,0.0,88,7.8,146,1014.6,67,24140.0,3.17,-7.13,1.4,4.8,1.4,0.0,0.0,0.0,7.8,3.17,0,0,0,0,0,0,0,0,0,0,0,0
2026-02-16 11:00:00,DAD,27.2,0.0,63,9.7,135,1014.1,65,24140.0,5.56,-7.95,0.6,3.6,-0.1,0.0,0.0,0.0,9.7,5.56,0,0,0,0,0,0,0,0,0,0,0,0
2026-02-16 12:00:00,DAD,27.5,0.0,49,10.3,115,1013.0,65,24140.0,8.44,-5.91,0.3,2.3,-1.8,0.0,0.0,0.0,10.3,8.44,0,0,0,0,0,0,0,0,0,0,0,0
2026-02-16 13:00:00,DAD,27.1,0.0,1,9.9,109,1012.2,65,24140.0,8.66,-4.8,-0.4,0.5,-2.4,0.0,0.0,0.0,10.3,8.66,0,0,0,0,0,0,0,0,0,0,0,0
2026-02-16 14:00:00,DAD,27.3,0.0,8,11.5,98,1011.5,64,24140.0,10.94,-3.55,0.2,0.1,-2.6,0.0,0.0,0.0,11.5,10.94,0,0,0,0,0,0,0,0,0,0,0,0
2026-02-16 15:00:00,DAD,26.9,0.0,5,13.0,92,1010.8,68,24140.0,12.72,-2.7,-0.4,-0.6,-2.2,0.0,0.0,0.0,13.0,12.72,0,0,0,0,0,0,0,0,0,0,0,0
2026-02-16 16:00:00,DAD,26.0,0.0,5,11.9,87,1011.0,75,24140.0,11.81,-1.45,-0.9,-1.1,-1.2,0.0,0.0,0.0,13.0,12.72,0,0,0,0,0,0,0,0,0,0,0,0
2026-02-16 17:00:00,DAD,24.9,0.0,13,10.6,91,1011.2,81,24140.0,10.41,-2.02,-1.1,-2.4,-0.3,0.0,0.0,0.0,13.0,12.72,0,0,0,0,0,0,0,0,0,0,0,0
2026-02-16 18:00:00,DAD,24.2,0.0,16,8.3,96,1011.6,85,24140.0,7.98,-2.29,-0.7,-2.7,0.8,0.0,0.0,0.0,11.9,11.81,0,0,0,0,0,0,0,0,0,0,0,0
2026-02-16 19:00:00,DAD,24.4,0.0,4,7.6,85,1011.7,89,24140.0,7.57,-0.66,0.2,-1.6,0.7,0.0,0.0,0.0,10.6,10.41,0,0,0,0,0,0,0,0,0,0,0,0
2026-02-16 20:00:00,DAD,24.3,0.0,12,5.8,86,1012.3,90,24140.0,5.77,-0.61,-0.1,-0.6,1.1,0.0,0.0,0.0,8.3,7.98,0,0,0,0,0,0,0,0,0,0,0,0
2026-02-16 21:00:00,DAD,24.0,0.0,29,4.9,98,1012.5,91,23780.0,4.66,-1.51,-0.3,-0.2,0.9,0.0,0.0,0.0,7.6,7.57,0,0,0,0,0,0,0,0,0,0,0,0
2026-02-16 22:00:00,DAD,23.6,0.0,29,4.5,106,1012.8,93,23660.0,4.04,-1.97,-0.4,-0.8,1.1,0.0,0.0,0.0,5.8,5.77,0,0,0,0,0,0,0,0,0,0,0,0
2026-02-16 23:00:00,DAD,23.2,0.0,68,5.8,112,1012.7,95,23640.0,4.92,-3.07,-0.4,-1.1,0.4,0.0,0.0,0.0,5.8,4.92,0,0,0,0,0,0,0,0,0,0,0,0
2026-02-17 00:00:00,DAD,23.5,0.1,48,6.9,118,1012.6,92,23640.0,5.44,-4.25,0.3,-0.5,0.1,0.1,0.1,0.1,6.9,5.44,1,0,0,0,0,0,0,0,0,1,0,0
2026-02-17 01:00:00,DAD,23.5,0.1,25,10.3,88,1012.1,96,23640.0,10.2,-1.43,0.0,-0.1,-0.7,0.1,0.2,0.2,10.3,10.2,1,0,0,0,0,0,0,0,0,1,0,0
2026-02-17 02:00:00,DAD,23.3,0.2,22,10.6,100,1011.8,96,23660.0,9.96,-3.63,-0.2,0.1,-0.9,0.2,0.4,0.4,10.6,10.2,1,0,0,0,0,0,0,0,0,1,0,0
2026-02-17 03:00:00,DAD,23.3,0.1,96,9.1,105,1011.5,94,24140.0,8.25,-3.85,0.0,-0.2,-1.1,0.1,0.4,0.5,10.6,10.2,1,0,0,0,0,0,0,0,1,1,0,1
2026-02-17 04:00:00,DAD,23.1,0.1,51,8.3,101,1011.6,95,24140.0,7.75,-2.97,-0.2,-0.4,-0.5,0.1,0.4,0.6,10.6,9.96,1,0,0,0,0,0,0,0,0,1,0,0
2026-02-17 05:00:00,DAD,23.0,0.1,39,8.2,98,1012.0,95,23740.0,7.8,-2.53,-0.1,-0.3,0.2,0.1,0.3,0.7,9.1,8.25,1,0,0,0,0,0,0,0,0,1,0,0
2026-02-17 06:00:00,DAD,22.9,0.2,93,9.1,100,1013.0,96,18300.0,8.55,-3.11,-0.1,-0.4,1.5,0.2,0.4,0.8,9.1,8.55,1,0,0,0,0,0,0,0,1,1,0,1
2026-02-17 07:00:00,DAD,23.3,0.1,19,8.8,81,1014.1,92,16100.0,8.8,-0.15,0.4,0.2,2.5,0.1,0.4,0.8,9.1,8.8,1,0,0,0,0,0,0,0,0,1,0,0
2026-02-17 08:00:00,DAD,24.4,0.3,27,11.4,83,1015.1,84,18280.0,11.38,-0.6,1.1,1.4,3.1,0.3,0.6,0.9,11.4,11.38,1,0,0,0,0,0,0,0,0,1,0,0
2026-02-17 09:00:00,DAD,25.4,0.3,91,11.4,85,1015.9,77,21440.0,11.36,-0.99,1.0,2.5,2.9,0.3,0.7,1.1,11.4,11.38,1,0,0,0,0,0,0,0,1,1,0,1
2026-02-17 10:00:00,DAD,26.1,0.4,98,11.8,82,1016.1,72,24140.0,11.79,-0.41,0.7,2.8,2.0,0.4,1.0,1.4,11.8,11.79,1,0,0,0,0,0,0,0,1,1,0,1
2026-02-17 11:00:00,DAD,26.5,0.2,100,11.5,76,1015.4,69,24140.0,11.47,0.8,0.4,2.1,0.3,0.2,0.9,1.5,11.8,11.79,1,0,0,0,0,0,0,0,1,1,0,1
2026-02-17 12:00:00,DAD,27.0,0.2,99,11.8,73,1014.5,68,24140.0,11.71,1.44,0.5,1.6,-1.4,0.2,0.8,1.5,11.8,11.79,1,0,0,0,0,0,0,0,1,1,0,1
2026-02-17 13:00:00,DAD,26.6,0.4,36,13.3,69,1013.9,68,24140.0,13.06,2.54,-0.4,0.5,-2.2,0.4,0.8,1.8,13.3,13.06,1,0,0,0,0,0,0,0,0,1,0,0
2026-02-17 14:00:00,DAD,26.5,0.2,41,14.7,66,1013.4,69,24140.0,14.26,3.56,-0.1,0.0,-2.0,0.2,0.8,1.7,14.7,14.26,1,0,0,0,0,0,0,0,0,1,0,0
2026-02-17 15:00:00,DAD,26.0,0.2,99,13.6,66,1013.2,72,24140.0,13.2,3.29,-0.5,-1.0,-1.3,0.2,0.8,1.6,14.7,14.26,1,0,0,0,0,0,0,0,1,1,0,1
2026-02-17 16:00:00,DAD,25.5,0.1,98,13.9,65,1013.3,73,24140.0,13.43,3.6,-0.5,-1.1,-0.6,0.1,0.5,1.3,14.7,14.26,1,0,0,0,0,0,0,0,1,1,0,1
2026-02-17 17:00:00,DAD,25.0,0.1,73,13.0,72,1013.7,77,24140.0,12.87,1.81,-0.5,-1.5,0.3,0.1,0.4,1.2,13.9,13.43,1,0,0,0,0,0,0,0,0,1,0,0
2026-02-17 18:00:00,DAD,24.4,0.1,27,10.6,76,1013.9,82,24140.0,10.57,0.74,-0.6,-1.6,0.7,0.1,0.3,1.1,13.9,13.43,1,0,0,0,0,0,0,0,0,1,0,0
2026-02-17 19:00:00,DAD,24.3,0.0,21,7.9,69,1014.5,84,23300.0,7.75,1.51,-0.1,-1.2,1.2,0.0,0.2,0.7,13.0,12.87,0,0,0,0,0,0,0,0,0,0,0,0
2026-02-17 20:00:00,DAD,24.0,0.1,30,6.5,71,1015.1,85,24140.0,6.42,1.02,-0.3,-1.0,1.4,0.1,0.2,0.6,10.6,10.57,1,0,0,0,0,0,0,0,0,1,0,0
2026-02-17 21:00:00,DAD,23.5,0.2,38,6.6,79,1015.5,89,24140.0,6.6,0.12,-0.5,-0.9,1.6,0.2,0.3,0.6,7.9,7.75,1,0,0,0,0,0,0,0,0,1,0,0
2026-02-17 22:00:00,DAD,23.4,0.2,23,4.4,109,1015.8,90,24140.0,3.85,-2.13,-0.1,-0.9,1.3,0.2,0.5,0.7,6.6,6.6,1,0,0,0,0,0,0,0,0,1,0,0
2026-02-17 23:00:00,DAD,22.8,0.4,59,4.3,123,1015.6,94,24140.0,3.14,-2.93,-0.6,-1.2,0.5,0.4,0.8,1.0,6.6,6.6,1,0,0,0,0,0,0,0,0,1,0,0
2026-02-18 00:00:00,DAD,22.4,0.2,47,3.6,120,1015.9,98,24140.0,2.76,-2.31,-0.4,-1.1,0.4,0.2,0.8,1.1,4.4,3.85,1,0,0,0,0,0,0,0,0,1,0,0
2026-02-18 01:00:00,DAD,22.7,0.4,95,5.0,77,1015.4,97,24140.0,4.99,0.26,0.3,-0.7,-0.4,0.4,1.0,1.5,5.0,4.99,1,0,0,0,0,0,0,0,1,1,0,1
2026-02-18 02:00:00,DAD,22.9,0.4,100,8.4,105,1015.0,93,24140.0,7.61,-3.55,0.2,0.1,-0.6,0.4,1.0,1.8,8.4,7.61,1,0,0,0,0,0,0,0,1,1,0,1
2026-02-18 03:00:00,DAD,23.0,0.3,94,9.1,82,1014.6,93,24040.0,9.09,-0.32,0.1,0.6,-1.3,0.3,1.1,1.9,9.1,9.09,1,0,0,0,0,0,0,0,1,1,0,1
2026-02-18 04:00:00,DAD,22.9,0.1,83,9.0,80,1014.4,93,23000.0,9.0,-0.0,-0.1,0.2,-1.0,0.1,0.8,1.8,9.1,9.09,1,0,0,0,0,0,0,0,1,1,0,1
2026-02-18 05:00:00,DAD,22.7,0.1,96,10.7,73,1014.8,93,21860.0,10.62,1.3,-0.2,-0.2,-0.2,0.1,0.5,1.5,10.7,10.62,1,0,0,0,0,0,0,0,1,1,0,1
2026-02-18 06:00:00,DAD,22.9,0.1,100,11.9,80,1015.7,91,23820.0,11.9,-0.0,0.2,-0.1,1.1,0.1,0.3,1.4,11.9,11.9,1,0,0,0,0,0,0,0,1,1,0,1
2026-02-18 07:00:00,DAD,23.0,0.1,98,10.5,78,1016.8,90,14780.0,10.49,0.37,0.1,0.1,2.4,0.1,0.3,1.1,11.9,11.9,1,0,0,0,0,0,0,0,1,1,0,1
2026-02-18 08:00:00,DAD,24.0,0.1,92,10.7,76,1017.2,83,16100.0,10.67,0.75,1.0,1.3,2.4,0.1,0.3,0.8,11.9,11.9,1,0,0,0,0,0,0,0,1,1,0,1
2026-02-18 09:00:00,DAD,24.1,0.4,96,13.3,88,1017.9,80,18560.0,13.17,-1.85,0.1,1.2,2.2,0.4,0.6,0.9,13.3,13.17,1,0,0,0,0,0,0,0,1,1,0,1
2026-02-18 10:00:00,DAD,24.2,0.2,100,13.5,82,1018.5,79,23080.0,13.49,-0.47,0.1,1.2,1.7,0.2,0.7,1.0,13.5,13.49,1,0,0,0,0,0,0,0,1,1,0,1
2026-02-18 11:00:00,DAD,25.0,0.1,96,15.7,75,1017.9,79,23900.0,15.64,1.37,0.8,1.0,0.7,0.1,0.7,1.0,15.7,15.64,1,0,0,0,0,0,0,0,1,1,0,1
2026-02-18 12:00:00,DAD,25.1,0.0,59,18.2,73,1017.1,78,20060.0,18.06,2.22,0.1,1.0,-0.8,0.0,0.3,0.9,18.2,18.06,0,0,0,0,0,0,0,0,0,0,0,0
2026-02-18 13:00:00,DAD,24.8,0.0,72,20.2,77,1016.3,79,20560.0,20.17,1.06,-0.3,0.6,-2.2,0.0,0.1,0.8,20.2,20.17,0,0,0,0,0,0,0,0,0,0,0,0
2026-02-18 14:00:00,DAD,24.8,0.0,48,18.1,73,1015.7,79,23720.0,17.97,2.21,0.0,-0.2,-2.2,0.0,0.0,0.7,20.2,20.17,0,0,0,0,0,0,0,0,0,0,0,0
2026-02-18 15:00:00,DAD,24.9,0.1,54,19.5,71,1015.4,77,21800.0,19.26,3.05,0.1,-0.2,-1.7,0.1,0.1,0.4,20.2,20.17,1,0,0,0,0,0,0,0,0,1,0,0
2026-02-18 16:00:00,DAD,24.0,0.1,63,21.1,70,1015.4,81,19920.0,20.78,3.66,-0.9,-0.8,-0.9,0.1,0.2,0.3,21.1,20.78,1,0,0,0,0,0,0,0,0,1,0,0
2026-02-18 17:00:00,DAD,23.8,0.2,37,20.3,71,1015.6,79,19500.0,20.05,3.18,-0.2,-1.0,-0.1,0.2,0.4,0.4,21.1,20.78,1,0,0,0,0,0,0,0,0,1,0,0
2026-02-18 18:00:00,DAD,23.4,0.1,44,18.4,70,1015.8,82,20040.0,18.12,3.2,-0.4,-1.5,0.4,0.1,0.4,0.5,21.1,20.78,1,0,0,0,0,0,0,0,0,1,0,0
2026-02-18 19:00:00,DAD,23.4,0.1,33,17.8,69,1016.3,83,19900.0,17.47,3.4,0.0,-0.6,0.9,0.1,0.4,0.6,20.3,20.05,1,0,0,0,0,0,0,0,0,1,0,0
2026-02-18 20:00:00,DAD,23.8,0.1,20,17.7,75,1017.2,78,14780.0,17.63,1.54,0.4,0.0,1.6,0.1,0.3,0.7,18.4,18.12,1,0,0,0,0,0,0,0,0,1,0,0
2026-02-18 21:00:00,DAD,23.5,0.0,81,18.4,74,1017.7,79,14780.0,18.3,1.92,-0.3,0.1,1.9,0.0,0.2,0.6,18.4,18.3,0,0,0,0,0,0,0,0,0,0,0,0
2026-02-18 22:00:00,DAD,23.4,0.0,91,16.4,75,1017.9,79,19440.0,16.34,1.43,-0.1,0.0,1.6,0.0,0.1,0.5,18.4,18.3,0,0,0,0,0,0,0,0,0,0,0,0
2026-02-18 23:00:00,DAD,23.4,0.0,73,14.0,77,1017.6,79,15400.0,13.98,0.73,0.0,-0.4,0.4,0.0,0.0,0.3,18.4,18.3,0,0,0,0,0,0,0,0,0,0,0,0
2026-02-19 00:00:00,DAD,23.2,0.1,72,12.2,81,1017.5,79,20120.0,12.2,-0.21,-0.2,-0.3,-0.2,0.1,0.1,0.3,16.4,16.34,1,0,0,0,0,0,0,0,0,1,0,0
2026-02-19 01:00:00,DAD,23.4,0.2,98,12.5,86,1017.3,78,18180.0,12.43,-1.31,0.2,0.0,-0.6,0.2,0.3,0.4,14.0,13.98,1,0,0,0,0,0,0,0,1,1,0,1
2026-02-19 02:00:00,DAD,23.1,0.1,100,9.2,90,1016.9,80,19920.0,9.06,-1.6,-0.3,-0.3,-0.7,0.1,0.4,0.4,12.5,12.43,1,0,0,0,0,0,0,0,1,1,0,1
2026-02-19 03:00:00,DAD,23.0,0.1,99,7.4,90,1016.6,81,23580.0,7.29,-1.28,-0.1,-0.2,-0.9,0.1,0.4,0.5,12.5,12.43,1,0,0,0,0,0,0,0,1,1,0,1
2026-02-19 04:00:00,DAD,22.0,0.0,98,3.7,79,1016.1,87,23980.0,3.7,0.06,-1.0,-1.4,-1.2,0.0,0.2,0.5,9.2,9.06,0,0,0,0,0,0,0,0,0,0,0,0
2026-02-19 05:00:00,DAD,22.2,0.2,82,2.7,67,1016.3,88,23980.0,2.63,0.61,0.2,-0.9,-0.6,0.2,0.3,0.7,7.4,7.29,1,0,0,0,0,0,0,0,1,1,0,1
2026-02-19 06:00:00,DAD,21.7,0.4,84,3.1,66,1016.9,90,24040.0,3.01,0.75,-0.5,-1.3,0.3,0.4,0.6,1.0,3.7,3.7,1,0,0,0,0,0,0,0,1,1,0,1
2026-02-19 07:00:00,DAD,23.0,0.1,67,8.8,71,1017.7,82,24140.0,8.69,1.38,1.3,1.0,1.6,0.1,0.7,0.9,8.8,8.69,1,0,0,0,0,0,0,0,0,1,0,0
2026-02-19 08:00:00,DAD,24.2,0.0,44,12.3,75,1018.5,73,24140.0,12.25,1.07,1.2,2.0,2.2,0.0,0.5,0.8,12.3,12.25,0,0,0,0,0,0,0,0,0,0,0,0
2026-02-19 09:00:00,DAD,25.0,0.1,63,15.3,72,1019.4,69,24080.0,15.15,2.13,0.8,3.3,2.5,0.1,0.2,0.8,15.3,15.15,1,0,0,0,0,0,0,0,0,1,0,0
2026-02-19 10:00:00,DAD,25.5,0.2,81,17.5,71,1019.6,67,19140.0,17.28,2.74,0.5,2.5,1.9,0.2,0.3,1.0,17.5,17.28,1,0,0,0,0,0,0,0,1,1,0,1
2026-02-19 11:00:00,DAD,25.0,0.2,27,18.0,64,1019.1,71,24140.0,17.3,4.96,-0.5,0.8,0.6,0.2,0.5,1.0,18.0,17.3,1,0,0,0,0,0,0,0,0,1,0,0
2026-02-19 12:00:00,DAD,25.4,0.1,18,17.3,61,1018.4,70,24140.0,16.36,5.63,0.4,0.4,-1.0,0.1,0.5,0.7,18.0,17.3,1,0,0,0,0,0,0,0,0,1,0,0
2026-02-19 13:00:00,DAD,24.8,0.1,43,17.7,60,1018.3,73,24100.0,16.63,6.05,-0.6,-0.7,-1.3,0.1,0.4,0.7,18.0,17.3,1,0,0,0,0,0,0,0,0,1,0,0
2026-02-19 14:00:00,DAD,25.0,0.0,27,16.3,63,1017.4,73,24140.0,15.59,4.77,0.2,0.0,-1.7,0.0,0.2,0.7,17.7,16.63,0,0,0,0,0,0,0,0,0,0,0,0
2026-02-19 15:00:00,DAD,25.0,0.1,41,15.2,67,1017.3,71,24140.0,14.81,3.42,0.0,-0.4,-1.1,0.1,0.2,0.7,17.7,16.63,1,0,0,0,0,0,0,0,0,1,0,0
2026-02-19 16:00:00,DAD,24.5,0.2,31,14.2,66,1017.1,72,24140.0,13.78,3.44,-0.5,-0.3,-1.2,0.2,0.3,0.7,16.3,15.59,1,0,0,0,0,0,0,0,0,1,0,0
2026-02-19 17:00:00,DAD,24.1,0.1,16,12.3,65,1017.1,73,24140.0,11.88,3.18,-0.4,-0.9,-0.3,0.1,0.4,0.6,15.2,14.81,1,0,0,0,0,0,0,0,0,1,0,0
2026-02-19 18:00:00,DAD,23.4,0.0,14,10.2,66,1017.4,79,24140.0,9.9,2.47,-0.7,-1.6,0.1,0.0,0.3,0.5,14.2,13.78,0,0,0,0,0,0,0,0,0,0,0,0
2026-02-19 19:00:00,DAD,23.6,0.0,75,8.7,58,1017.5,81,24140.0,8.07,3.26,0.2,-0.9,0.4,0.0,0.1,0.4,12.3,11.88,0,0,0,0,0,0,0,0,0,0,0,0
2026-02-19 20:00:00,DAD,23.5,0.0,93,9.9,58,1018.2,81,24140.0,9.18,3.71,-0.1,-0.6,1.1,0.0,0.0,0.4,10.2,9.9,0,0,0,0,0,0,0,0,0,0,0,0
2026-02-19 21:00:00,DAD,23.2,0.0,97,11.2,60,1018.8,83,24140.0,10.52,3.83,-0.3,-0.2,1.4,0.0,0.0,0.3,11.2,10.52,0,0,0,0,0,0,0,0,0,0,0,0
2026-02-19 22:00:00,DAD,23.1,0.0,98,10.4,60,1019.1,83,24140.0,9.77,3.56,-0.1,-0.5,1.6,0.0,0.0,0.1,11.2,10.52,0,0,0,0,0,0,0,0,0,0,0,0
2026-02-19 23:00:00,DAD,23.0,0.0,100,8.3,56,1018.9,84,23040.0,7.58,3.38,-0.1,-0.5,0.7,0.0,0.0,0.0,11.2,10.52,0,0,0,0,0,0,0,0,0,0,0,0
2026-02-20 00:00:00,DAD,22.7,0.0,100,7.3,54,1018.9,85,24140.0,6.56,3.2,-0.3,-0.5,0.1,0.0,0.0,0.0,10.4,9.77,0,0,0,0,0,0,0,0,0,0,0,0
2026-02-20 01:00:00,DAD,22.8,0.0,100,6.9,65,1018.3,84,24080.0,6.66,1.79,0.1,-0.3,-0.8,0.0,0.0,0.0,8.3,7.58,0,0,0,0,0,0,0,0,0,0,0,0
2026-02-20 02:00:00,DAD,22.5,0.2,90,8.2,64,1018.2,86,23380.0,7.88,2.26,-0.3,-0.5,-0.7,0.2,0.2,0.2,8.2,7.88,1,0,0,0,0,0,0,0,1,1,0,1
2026-02-20 03:00:00,DAD,22.4,0.0,36,7.6,52,1018.1,87,24140.0,6.71,3.57,-0.1,-0.3,-0.8,0.0,0.2,0.2,8.2,7.88,0,0,0,0,0,0,0,0,0,0,0,0
2026-02-20 04:00:00,DAD,22.4,0.0,22,7.3,50,1017.5,87,23960.0,6.32,3.65,0.0,-0.4,-0.8,0.0,0.2,0.2,8.2,7.88,0,0,0,0,0,0,0,0,0,0,0,0
2026-02-20 05:00:00,DAD,22.2,0.0,15,7.6,54,1017.6,87,24140.0,6.83,3.33,-0.2,-0.3,-0.6,0.0,0.0,0.2,7.6,6.83,0,0,0,0,0,0,0,0,0,0,0,0
2026-02-20 06:00:00,DAD,22.1,0.0,16,7.0,50,1018.2,87,23740.0,6.06,3.5,-0.1,-0.3,0.1,0.0,0.0,0.2,7.6,6.83,0,0,0,0,0,0,0,0,0,0,0,0
2026-02-20 07:00:00,DAD,22.1,0.0,28,7.3,44,1018.7,90,23800.0,5.91,4.29,0.0,-0.3,1.2,0.0,0.0,0.2,7.6,6.83,0,0,0,0,0,0,0,0,0,0,0,0
2026-02-20 08:00:00,DAD,23.5,0.2,84,8.1,55,1019.2,78,23940.0,7.34,3.42,1.4,1.3,1.6,0.2,0.2,0.2,8.1,7.34,1,0,0,0,0,0,0,0,1,1,0,1
2026-02-20 09:00:00,DAD,24.6,0.0,45,12.2,61,1019.6,69,24080.0,11.54,3.97,1.1,2.5,1.4,0.0,0.2,0.2,12.2,11.54,0,0,0,0,0,0,0,0,0,0,0,0
2026-02-20 10:00:00,DAD,25.5,0.0,60,13.3,63,1019.6,64,21920.0,12.72,3.89,0.9,3.4,0.9,0.0,0.2,0.2,13.3,12.72,0,0,0,0,0,0,0,0,0,0,0,0
2026-02-20 11:00:00,DAD,25.7,0.0,77,13.2,68,1019.0,63,23760.0,12.91,2.74,0.2,2.2,-0.2,0.0,0.0,0.2,13.3,12.91,0,0,0,0,0,0,0,0,0,0,0,0
2026-02-20 12:00:00,DAD,25.8,0.0,76,12.9,67,1017.8,63,24140.0,12.57,2.9,0.1,1.2,-1.8,0.0,0.0,0.2,13.3,12.91,0,0,0,0,0,0,0,0,0,0,0,0
2026-02-20 13:00:00,DAD,25.7,0.0,71,13.8,64,1017.0,63,24140.0,13.27,3.8,-0.1,0.2,-2.6,0.0,0.0,0.2,13.8,13.27,0,0,0,0,0,0,0,0,0,0,0,0
2026-02-20 14:00:00,DAD,25.1,0.1,75,14.4,62,1016.2,67,24140.0,13.7,4.45,-0.6,-0.6,-2.8,0.1,0.1,0.1,14.4,13.7,1,0,0,0,0,0,0,0,0,1,0,0
2026-02-20 15:00:00,DAD,24.9,0.0,19,14.3,65,1015.6,68,24140.0,13.81,3.7,-0.2,-0.9,-2.2,0.0,0.1,0.1,14.4,13.81,0,0,0,0,0,0,0,0,0,0,0,0
2026-02-20 16:00:00,DAD,24.5,0.0,65,13.3,69,1015.2,68,24140.0,13.06,2.54,-0.4,-1.2,-1.8,0.0,0.1,0.1,14.4,13.81,0,0,0,0,0,0,0,0,0,0,0,0
2026-02-20 17:00:00,DAD,23.6,0.0,29,11.8,73,1015.2,74,24140.0,11.71,1.44,-0.9,-1.5,-1.0,0.0,0.0,0.1,14.3,13.81,0,0,0,0,0,0,0,0,0,0,0,0
2026-02-20 18:00:00,DAD,22.8,0.0,3,8.5,83,1015.0,80,24140.0,8.49,-0.44,-0.8,-2.1,-0.6,0.0,0.0,0.1,13.3,13.06,0,0,0,0,0,0,0,0,0,0,0,0
2026-02-20 19:00:00,DAD,22.8,0.0,22,6.8,107,1015.1,85,24140.0,6.06,-3.09,0.0,-1.7,-0.1,0.0,0.0,0.1,11.8,11.71,0,0,0,0,0,0,0,0,0,0,0,0
2026-02-20 20:00:00,DAD,22.6,0.0,34,6.4,119,1015.4,86,24140.0,4.97,-4.03,-0.2,-1.0,0.2,0.0,0.0,0.0,8.5,8.49,0,0,0,0,0,0,0,0,0,0,0,0
2026-02-20 21:00:00,DAD,22.3,0.0,36,5.9,153,1015.5,88,24140.0,1.72,-5.64,-0.3,-0.5,0.5,0.0,0.0,0.0,6.8,6.06,0,0,0,0,0,0,0,0,0,0,0,0
2026-02-20 22:00:00,DAD,21.9,0.2,56,6.9,175,1015.6,91,24140.0,0.6,-6.87,-0.4,-0.9,0.5,0.2,0.2,0.2,6.9,4.97,1,0,0,0,0,0,0,0,0,1,0,0
2026-02-20 23:00:00,DAD,21.6,0.2,37,6.9,187,1015.1,93,24140.0,2.02,-6.6,-0.3,-1.0,-0.3,0.2,0.4,0.4,6.9,2.02,1,0,0,0,0,0,0,0,0,1,0,0
2026-02-21 00:00:00,DAD,21.2,0.1,41,6.2,210,1014.7,93,24140.0,3.99,-4.75,-0.4,-1.1,-0.8,0.1,0.5,0.5,6.9,3.99,1,0,0,0,0,0,0,0,0,1,0,0
2026-02-21 01:00:00,DAD,21.2,0.0,47,5.1,231,1014.0,92,24140.0,4.46,-2.47,0.0,-0.7,-1.6,0.0,0.3,0.5,6.9,4.46,0,0,0,0,0,0,0,0,0,0,0,0
2026-02-21 02:00:00,DAD,20.9,0.0,23,3.5,246,1013.2,93,24140.0,3.4,-0.85,-0.3,-0.7,-1.9,0.0,0.1,0.5,6.2,4.46,0,0,0,0,0,0,0,0,0,0,0,0
2026-02-21 03:00:00,DAD,20.9,0.0,10,2.9,266,1012.6,91,24140.0,2.88,0.3,0.0,-0.3,-2.1,0.0,0.0,0.5,5.1,4.46,0,0,0,0,0,0,0,0,0,0,0,0
2026-02-21 04:00:00,DAD,19.8,0.0,10,2.7,274,1012.2,96,24140.0,2.62,0.65,-1.1,-1.4,-1.8,0.0,0.0,0.3,3.5,3.4,0,0,0,0,0,0,0,0,0,0,0,0
2026-02-21 05:00:00,DAD,19.3,0.0,19,2.9,240,1012.0,98,24140.0,2.73,-0.99,-0.5,-1.6,-1.2,0.0,0.0,0.1,2.9,2.88,0,0,0,0,0,0,0,0,0,0,0,0
2026-02-21 06:00:00,DAD,18.9,0.0,48,2.9,227,1012.2,98,24140.0,2.43,-1.58,-0.4,-2.0,-0.4,0.0,0.0,0.0,2.9,2.73,0,0,0,0,0,0,0,0,0,0,0,0
2026-02-21 07:00:00,DAD,19.8,0.0,50,5.4,194,1013.0,95,24140.0,2.2,-4.93,0.9,0.0,0.8,0.0,0.0,0.0,5.4,2.73,0,0,0,0,0,0,0,0,0,0,0,0
2026-02-21 08:00:00,DAD,21.1,0.0,36,6.3,193,1013.3,91,24140.0,2.46,-5.8,1.3,1.8,1.3,0.0,0.0,0.0,6.3,2.46,0,0,0,0,0,0,0,0,0,0,0,0
2026-02-21 09:00:00,DAD,23.0,0.0,9,8.1,181,1013.3,82,24140.0,1.55,-7.95,1.9,4.1,1.1,0.0,0.0,0.0,8.1,2.46,0,0,0,0,0,0,0,0,0,0,0,0
2026-02-21 10:00:00,DAD,24.8,0.0,34,12.9,159,1013.2,69,24140.0,2.46,-12.66,1.8,5.0,0.2,0.0,0.0,0.0,12.9,2.46,0,0,0,0,0,0,0,0,0,0,0,0
2026-02-21 11:00:00,DAD,26.0,0.0,41,13.6,150,1012.1,61,24140.0,4.65,-12.78,1.2,4.9,-1.2,0.0,0.0,0.0,13.6,4.65,0,0,0,0,0,0,0,0,0,0,0,0
2026-02-21 12:00:00,DAD,26.4,0.0,4,12.6,127,1010.6,62,24140.0,8.59,-9.22,0.4,3.4,-2.7,0.0,0.0,0.0,13.6,8.59,0,0,0,0,0,0,0,0,0,0,0,0
2026-02-21 13:00:00,DAD,26.0,0.0,1,13.6,120,1009.5,66,24140.0,10.42,-8.74,-0.4,1.2,-3.7,0.0,0.0,0.0,13.6,10.42,0,0,0,0,0,0,0,0,0,0,0,0
2026-02-21 14:00:00,DAD,25.9,0.0,0,14.3,115,1008.4,67,24140.0,11.71,-8.2,-0.1,-0.1,-3.7,0.0,0.0,0.0,14.3,11.71,0,0,0,0,0,0,0,0,0,0,0,0
2026-02-21 15:00:00,DAD,25.8,0.0,0,15.0,116,1007.7,67,24140.0,12.14,-8.82,-0.1,-0.6,-2.9,0.0,0.0,0.0,15.0,12.14,0,0,0,0,0,0,0,0,0,0,0,0
2026-02-21 16:00:00,DAD,25.1,0.0,1,15.7,117,1007.4,71,24140.0,12.54,-9.45,-0.7,-0.9,-2.1,0.0,0.0,0.0,15.7,12.54,0,0,0,0,0,0,0,0,0,0,0,0
2026-02-21 17:00:00,DAD,24.4,0.0,0,15.3,122,1007.5,75,24140.0,11.37,-10.24,-0.7,-1.5,-0.9,0.0,0.0,0.0,15.7,12.54,0,0,0,0,0,0,0,0,0,0,0,0
2026-02-21 18:00:00,DAD,23.6,0.0,0,13.9,132,1008.0,79,24140.0,8.56,-10.95,-0.8,-2.2,0.3,0.0,0.0,0.0,15.7,12.54,0,0,0,0,0,0,0,0,0,0,0,0
2026-02-21 19:00:00,DAD,23.4,0.0,2,12.4,144,1008.5,82,24140.0,5.44,-11.15,-0.2,-1.7,1.1,0.0,0.0,0.0,15.3,11.37,0,0,0,0,0,0,0,0,0,0,0,0
2026-02-21 20:00:00,DAD,23.2,0.0,6,12.5,150,1009.3,84,24140.0,4.28,-11.75,-0.2,-1.2,1.8,0.0,0.0,0.0,13.9,8.56,0,0,0,0,0,0,0,0,0,0,0,0
2026-02-21 21:00:00,DAD,23.1,0.0,15,13.8,160,1009.6,84,24140.0,2.4,-13.59,-0.1,-0.5,1.6,0.0,0.0,0.0,13.8,5.44,0,0,0,0,0,0,0,0,0,0,0,0
2026-02-21 22:00:00,DAD,22.9,0.0,56,12.7,168,1010.1,85,24140.0,0.44,-12.69,-0.2,-0.5,1.6,0.0,0.0,0.0,13.8,4.28,0,0,0,0,0,0,0,0,0,0,0,0
2026-02-21 23:00:00,DAD,22.4,0.0,9,10.1,168,1009.7,87,24140.0,0.35,-10.09,-0.5,-0.8,0.4,0.0,0.0,0.0,13.8,2.4,0,0,0,0,0,0,0,0,0,0,0,0
2026-02-22 00:00:00,DAD,22.0,0.0,5,9.1,165,1009.3,88,24140.0,0.79,-9.07,-0.4,-1.1,-0.3,0.0,0.0,0.0,12.7,0.79,0,0,0,0,0,0,0,0,0,0,0,0
2026-02-22 01:00:00,DAD,21.6,0.0,3,9.5,169,1008.9,91,24140.0,0.17,-9.5,-0.4,-1.3,-1.2,0.0,0.0,0.0,10.1,0.79,0,0,0,0,0,0,0,0,0,0,0,0
2026-02-22 02:00:00,DAD,21.1,0.0,7,7.9,176,1008.3,95,24140.0,0.83,-7.86,-0.5,-1.3,-1.4,0.0,0.0,0.0,9.5,0.83,0,0,0,0,0,0,0,0,0,0,0,0
2026-02-22 03:00:00,DAD,20.8,0.0,35,7.1,174,1007.8,97,24140.0,0.5,-7.08,-0.3,-1.2,-1.5,0.0,0.0,0.0,9.5,0.83,0,0,0,0,0,0,0,0,0,0,0,0
2026-02-22 04:00:00,DAD,20.6,0.0,76,5.6,184,1007.7,97,24140.0,1.35,-5.43,-0.2,-1.0,-1.2,0.0,0.0,0.0,7.9,1.35,0,0,0,0,0,0,0,0,0,0,0,0
2026-02-22 05:00:00,DAD,20.4,0.0,80,5.5,191,1008.1,97,24140.0,1.97,-5.13,-0.2,-0.7,-0.2,0.0,0.0,0.0,7.1,1.97,0,0,0,0,0,0,0,0,0,0,0,0
2026-02-22 06:00:00,DAD,20.2,0.0,73,5.8,194,1008.8,97,24140.0,2.36,-5.3,-0.2,-0.6,1.0,0.0,0.0,0.0,5.8,2.36,0,0,0,0,0,0,0,0,0,0,0,0
2026-02-22 07:00:00,DAD,20.6,0.0,80,7.6,180,1009.1,96,24140.0,1.32,-7.48,0.4,0.0,1.4,0.0,0.0,0.0,7.6,2.36,0,0,0,0,0,0,0,0,0,0,0,0
2026-02-22 08:00:00,DAD,22.2,0.0,15,6.5,180,1009.4,90,24140.0,1.13,-6.4,1.6,1.8,1.3,0.0,0.0,0.0,7.6,2.36,0,0,0,0,0,0,0,0,0,0,0,0
2026-02-22 09:00:00,DAD,24.4,0.0,53,9.7,169,1009.9,77,24140.0,0.17,-9.7,2.2,4.2,1.1,0.0,0.0,0.0,9.7,1.32,0,0,0,0,0,0,0,0,0,0,0,0
2026-02-22 10:00:00,DAD,26.1,0.0,32,9.3,137,1010.2,72,24140.0,5.07,-7.8,1.7,5.5,1.1,0.0,0.0,0.0,9.7,5.07,0,0,0,0,0,0,0,0,0,0,0,0
2026-02-22 11:00:00,DAD,26.8,0.0,9,11.9,112,1009.8,69,24140.0,10.09,-6.31,0.7,4.6,0.4,0.0,0.0,0.0,11.9,10.09,0,0,0,0,0,0,0,0,0,0,0,0
2026-02-22 12:00:00,DAD,26.8,0.0,3,15.6,109,1008.9,69,24140.0,13.64,-7.56,0.0,2.4,-1.0,0.0,0.0,0.0,15.6,13.64,0,0,0,0,0,0,0,0,0,0,0,0
2026-02-22 13:00:00,DAD,26.5,0.0,2,16.5,112,1008.4,71,24140.0,13.99,-8.74,-0.3,0.4,-1.8,0.0,0.0,0.0,16.5,13.99,0,0,0,0,0,0,0,0,0,0,0,0
2026-02-22 14:00:00,DAD,26.5,0.0,7,16.6,113,1007.7,72,24140.0,13.92,-9.04,0.0,-0.3,-2.1,0.0,0.0,0.0,16.6,13.99,0,0,0,0,0,0,0,0,0,0,0,0
2026-02-22 15:00:00,DAD,26.2,0.0,14,15.2,114,1007.3,73,24140.0,12.6,-8.5,-0.3,-0.6,-1.6,0.0,0.0,0.0,16.6,13.99,0,0,0,0,0,0,0,0,0,0,0,0
2026-02-22 16:00:00,DAD,25.6,0.0,9,14.2,116,1007.0,76,24140.0,11.49,-8.35,-0.6,-0.9,-1.4,0.0,0.0,0.0,16.6,13.92,0,0,0,0,0,0,0,0,0,0,0,0
2026-02-22 17:00:00,DAD,24.9,0.0,5,13.5,124,1007.4,79,24140.0,9.71,-9.38,-0.7,-1.6,-0.3,0.0,0.0,0.0,15.2,12.6,0,0,0,0,0,0,0,0,0,0,0,0
2026-02-22 18:00:00,DAD,24.4,0.0,8,11.8,134,1007.8,83,24140.0,6.94,-9.55,-0.5,-1.8,0.5,0.0,0.0,0.0,14.2,11.49,0,0,0,0,0,0,0,0,0,0,0,0
2026-02-22 19:00:00,DAD,24.5,0.0,10,10.2,132,1008.2,84,24140.0,6.28,-8.04,0.1,-1.1,1.2,0.0,0.0,0.0,13.5,9.71,0,0,0,0,0,0,0,0,0,0,0,0
2026-02-22 20:00:00,DAD,24.3,0.0,9,9.9,145,1009.3,85,24140.0,4.18,-8.97,-0.2,-0.6,1.9,0.0,0.0,0.0,11.8,6.94,0,0,0,0,0,0,0,0,0,0,0,0
2026-02-22 21:00:00,DAD,24.2,0.0,7,9.3,144,1010.3,85,24140.0,4.08,-8.36,-0.1,-0.2,2.5,0.0,0.0,0.0,10.2,6.28,0,0,0,0,0,0,0,0,0,0,0,0
2026-02-22 22:00:00,DAD,24.0,0.0,16,9.6,137,1010.5,86,24140.0,5.23,-8.05,-0.2,-0.5,2.3,0.0,0.0,0.0,9.9,5.23,0,0,0,0,0,0,0,0,0,0,0,0
2026-02-22 23:00:00,DAD,23.9,0.0,34,9.7,140,1010.5,86,24140.0,4.85,-8.4,-0.1,-0.4,1.2,0.0,0.0,0.0,9.7,5.23,0,0,0,0,0,0,0,0,0,0,0,0
2026-02-23 00:00:00,DAD,23.8,0.0,38,11.5,138,1010.2,86,24140.0,6.09,-9.75,-0.1,-0.4,-0.1,0.0,0.0,0.0,11.5,6.09,0,0,0,0,0,0,0,0,0,0,0,0
2026-02-23 01:00:00,DAD,23.8,0.1,36,10.2,143,1009.8,87,24140.0,4.63,-9.09,0.0,-0.2,-0.7,0.1,0.1,0.1,11.5,6.09,1,0,0,0,0,0,0,0,0,1,0,0
2026-02-23 02:00:00,DAD,23.8,0.0,47,11.3,144,1009.4,85,24140.0,4.95,-10.16,0.0,-0.1,-1.1,0.0,0.1,0.1,11.5,6.09,0,0,0,0,0,0,0,0,0,0,0,0
2026-02-23 03:00:00,DAD,23.6,0.0,82,12.0,152,1008.7,85,24140.0,3.71,-11.41,-0.2,-0.2,-1.5,0.0,0.1,0.1,12.0,4.95,0,0,0,0,0,0,0,0,0,0,0,0
2026-02-23 04:00:00,DAD,23.3,0.0,45,10.6,159,1008.7,87,24140.0,2.02,-10.41,-0.3,-0.5,-1.1,0.0,0.0,0.1,12.0,4.95,0,0,0,0,0,0,0,0,0,0,0,0
2026-02-23 05:00:00,DAD,23.2,0.0,93,10.8,154,1008.8,87,24140.0,2.98,-10.38,-0.1,-0.6,-0.6,0.0,0.0,0.1,12.0,3.71,0,0,0,0,0,0,0,0,0,0,0,0
2026-02-23 06:00:00,DAD,23.2,0.0,97,11.4,162,1009.6,87,24140.0,1.59,-11.29,0.0,-0.4,0.9,0.0,0.0,0.1,11.4,2.98,0,0,0,0,0,0,0,0,0,0,0,0
2026-02-23 07:00:00,DAD,23.4,0.0,100,11.0,159,1010.5,87,24140.0,2.1,-10.8,0.2,0.1,1.8,0.0,0.0,0.0,11.4,2.98,0,0,0,0,0,0,0,0,0,0,0,0
2026-02-23 08:00:00,DAD,24.4,0.0,100,12.7,157,1011.1,80,24140.0,2.86,-12.37,1.0,1.2,2.3,0.0,0.0,0.0,12.7,2.86,0,0,0,0,0,0,0,0,0,0,0,0
2026-02-23 09:00:00,DAD,25.5,0.0,67,13.2,151,1011.6,73,24140.0,4.3,-12.48,1.1,2.3,2.0,0.0,0.0,0.0,13.2,4.3,0,0,0,0,0,0,0,0,0,0,0,0
2026-02-23 10:00:00,DAD,26.9,0.0,59,14.4,143,1011.6,62,24140.0,6.54,-12.83,1.4,3.5,1.1,0.0,0.0,0.0,14.4,6.54,0,0,0,0,0,0,0,0,0,0,0,0
2026-02-23 11:00:00,DAD,27.6,0.0,49,15.4,137,1010.8,60,24140.0,8.39,-12.92,0.7,3.2,-0.3,0.0,0.0,0.0,15.4,8.39,0,0,0,0,0,0,0,0,0,0,0,0
2026-02-23 12:00:00,DAD,28.0,0.0,1,14.8,123,1009.7,60,24140.0,10.82,-10.09,0.4,2.5,-1.9,0.0,0.0,0.0,15.4,10.82,0,0,0,0,0,0,0,0,0,0,0,0
2026-02-23 13:00:00,DAD,27.4,0.0,1,16.1,115,1008.9,65,24140.0,13.19,-9.23,-0.6,0.5,-2.7,0.0,0.0,0.0,16.1,13.19,0,0,0,0,0,0,0,0,0,0,0,0
2026-02-23 14:00:00,DAD,27.2,0.0,0,16.7,115,1008.1,65,24140.0,13.68,-9.58,-0.2,-0.4,-2.7,0.0,0.0,0.0,16.7,13.68,0,0,0,0,0,0,0,0,0,0,0,0
2026-02-23 15:00:00,DAD,27.0,0.0,5,15.3,114,1007.5,65,24140.0,12.68,-8.56,-0.2,-1.0,-2.2,0.0,0.0,0.0,16.7,13.68,0,0,0,0,0,0,0,0,0,0,0,0
2026-02-23 16:00:00,DAD,26.2,0.0,12,13.7,109,1007.5,68,24140.0,11.98,-6.64,-0.8,-1.2,-1.4,0.0,0.0,0.0,16.7,13.68,0,0,0,0,0,0,0,0,0,0,0,0
2026-02-23 17:00:00,DAD,25.2,0.0,9,13.1,105,1007.9,74,24140.0,11.87,-5.54,-1.0,-2.0,-0.2,0.0,0.0,0.0,15.3,12.68,0,0,0,0,0,0,0,0,0,0,0,0
2026-02-23 18:00:00,DAD,24.2,0.0,3,13.2,114,1008.1,80,24140.0,10.94,-7.38,-1.0,-2.8,0.6,0.0,0.0,0.0,13.7,11.98,0,0,0,0,0,0,0,0,0,0,0,0
2026-02-23 19:00:00,DAD,24.2,0.0,5,10.7,127,1009.2,84,24140.0,7.3,-7.83,0.0,-2.0,1.7,0.0,0.0,0.0,13.2,11.87,0,0,0,0,0,0,0,0,0,0,0,0
2026-02-23 20:00:00,DAD,24.0,0.0,2,10.8,136,1010.0,84,24140.0,6.04,-8.95,-0.2,-1.2,2.1,0.0,0.0,0.0,13.2,10.94,0,0,0,0,0,0,0,0,0,0,0,0
2026-02-23 21:00:00,DAD,23.9,0.0,11,9.7,145,1010.6,85,24140.0,4.1,-8.79,-0.1,-0.3,2.5,0.0,0.0,0.0,10.8,7.3,0,0,0,0,0,0,0,0,0,0,0,0
2026-02-23 22:00:00,DAD,23.8,0.0,16,10.6,152,1010.8,85,24140.0,3.28,-10.08,-0.1,-0.4,1.6,0.0,0.0,0.0,10.8,6.04,0,0,0,0,0,0,0,0,0,0,0,0
2026-02-23 23:00:00,DAD,23.7,0.0,27,11.5,158,1010.5,85,24140.0,2.39,-11.25,-0.1,-0.3,0.5,0.0,0.0,0.0,11.5,4.1,0,0,0,0,0,0,0,0,0,0,0,0
2026-02-24 00:00:00,DAD,23.6,0.0,29,11.8,160,1010.3,85,24140.0,2.05,-11.62,-0.1,-0.3,-0.3,0.0,0.0,0.0,11.8,3.28,0,0,0,0,0,0,0,0,0,0,0,0
2026-02-24 01:00:00,DAD,23.5,0.0,11,11.5,160,1009.4,86,24140.0,2.0,-11.33,-0.1,-0.3,-1.4,0.0,0.0,0.0,11.8,2.39,0,0,0,0,0,0,0,0,0,0,0,0
2026-02-24 02:00:00,DAD,23.3,0.0,8,10.2,162,1009.2,86,24140.0,1.42,-10.1,-0.2,-0.4,-1.3,0.0,0.0,0.0,11.8,2.05,0,0,0,0,0,0,0,0,0,0,0,0
2026-02-24 03:00:00,DAD,23.0,0.0,13,10.9,161,1009.0,86,24140.0,1.71,-10.77,-0.3,-0.6,-1.3,0.0,0.0,0.0,11.5,2.0,0,0,0,0,0,0,0,0,0,0,0,0
2026-02-24 04:00:00,DAD,22.8,0.0,60,9.7,161,1008.9,87,24140.0,1.52,-9.58,-0.2,-0.7,-0.5,0.0,0.0,0.0,10.9,1.71,0,0,0,0,0,0,0,0,0,0,0,0
2026-02-24 05:00:00,DAD,22.6,0.0,95,7.6,166,1009.6,88,24140.0,0.53,-7.58,-0.2,-0.7,0.4,0.0,0.0,0.0,10.9,1.71,0,0,0,0,0,0,0,0,0,0,0,0
2026-02-24 06:00:00,DAD,22.6,0.0,92,8.1,175,1010.8,89,24140.0,0.71,-8.07,0.0,-0.4,1.8,0.0,0.0,0.0,9.7,1.52,0,0,0,0,0,0,0,0,0,0,0,0
2026-02-24 07:00:00,DAD,22.6,0.0,98,8.9,167,1010.9,90,24140.0,0.47,-8.89,0.0,-0.2,2.0,0.0,0.0,0.0,8.9,0.71,0,0,0,0,0,0,0,0,0,0,0,0
2026-02-24 08:00:00,DAD,23.6,0.0,61,10.3,164,1011.7,84,24140.0,1.08,-10.24,1.0,1.0,2.1,0.0,0.0,0.0,10.3,1.08,0,0,0,0,0,0,0,0,0,0,0,0
2026-02-24 09:00:00,DAD,24.6,0.0,21,11.0,154,1012.2,75,24140.0,3.03,-10.57,1.0,2.0,1.4,0.0,0.0,0.0,11.0,3.03,0,0,0,0,0,0,0,0,0,0,0,0
2026-02-24 10:00:00,DAD,25.9,0.0,74,11.6,145,1012.4,66,24140.0,4.9,-10.51,1.3,3.3,1.5,0.0,0.0,0.0,11.6,4.9,0,0,0,0,0,0,0,0,0,0,0,0
2026-02-24 11:00:00,DAD,26.9,0.0,48,12.0,134,1011.9,63,24140.0,7.05,-9.71,1.0,3.3,0.2,0.0,0.0,0.0,12.0,7.05,0,0,0,0,0,0,0,0,0,0,0,0
2026-02-24 12:00:00,DAD,27.5,0.0,13,13.8,118,1011.0,62,24140.0,10.87,-8.5,0.6,2.9,-1.2,0.0,0.0,0.0,13.8,10.87,0,0,0,0,0,0,0,0,0,0,0,0
2026-02-24 13:00:00,DAD,27.2,0.0,45,14.7,115,1010.2,63,24140.0,12.04,-8.43,-0.3,1.3,-2.2,0.0,0.0,0.0,14.7,12.04,0,0,0,0,0,0,0,0,0,0,0,0
2026-02-24 14:00:00,DAD,26.7,0.0,9,16.6,106,1009.1,66,24140.0,14.92,-7.28,-0.5,-0.2,-2.8,0.0,0.0,0.0,16.6,14.92,0,0,0,0,0,0,0,0,0,0,0,0
2026-02-24 15:00:00,DAD,26.5,0.0,35,13.4,108,1008.9,65,24140.0,11.83,-6.29,-0.2,-1.0,-2.1,0.0,0.0,0.0,16.6,14.92,0,0,0,0,0,0,0,0,0,0,0,0
2026-02-24 16:00:00,DAD,25.9,0.0,10,12.2,109,1008.8,66,24140.0,10.67,-5.91,-0.6,-1.3,-1.4,0.0,0.0,0.0,16.6,14.92,0,0,0,0,0,0,0,0,0,0,0,0
2026-02-24 17:00:00,DAD,25.1,0.0,1,11.1,113,1009.1,70,24140.0,9.31,-6.05,-0.8,-1.6,0.0,0.0,0.0,0.0,13.4,11.83,0,0,0,0,0,0,0,0,0,0,0,0
2026-02-24 18:00:00,DAD,24.3,0.0,5,8.9,115,1009.8,76,24140.0,7.29,-5.1,-0.8,-2.2,0.9,0.0,0.0,0.0,12.2,10.67,0,0,0,0,0,0,0,0,0,0,0,0
2026-02-24 19:00:00,DAD,24.4,0.0,2,7.8,130,1010.0,82,24140.0,5.01,-5.98,0.1,-1.5,1.2,0.0,0.0,0.0,11.1,9.31,0,0,0,0,0,0,0,0,0,0,0,0
2026-02-24 20:00:00,DAD,24.2,0.0,0,7.4,135,1011.2,84,24140.0,4.24,-6.06,-0.2,-0.9,2.1,0.0,0.0,0.0,8.9,7.29,0,0,0,0,0,0,0,0,0,0,0,0
2026-02-24 21:00:00,DAD,23.9,0.0,1,6.0,143,1012.1,86,24140.0,2.72,-5.35,-0.3,-0.4,2.3,0.0,0.0,0.0,7.8,5.01,0,0,0,0,0,0,0,0,0,0,0,0
2026-02-24 22:00:00,DAD,23.5,0.0,57,4.9,141,1012.4,89,24140.0,2.38,-4.29,-0.4,-0.9,2.4,0.0,0.0,0.0,7.4,4.24,0,0,0,0,0,0,0,0,0,0,0,0
2026-02-24 23:00:00,DAD,22.8,0.0,70,2.8,169,1012.5,93,24140.0,0.05,-2.8,-0.7,-1.4,1.3,0.0,0.0,0.0,6.0,2.72,0,0,0,0,0,0,0,0,0,0,0,0
2026-02-25 00:00:00,DAD,22.2,0.0,98,2.9,191,1011.9,95,24140.0,1.04,-2.71,-0.6,-1.7,-0.2,0.0,0.0,0.0,4.9,2.38,0,0,0,0,0,0,0,0,0,0,0,0
2026-02-25 01:00:00,DAD,22.5,0.0,100,3.1,190,1011.0,95,24140.0,1.06,-2.91,0.3,-1.0,-1.4,0.0,0.0,0.0,3.1,1.06,0,0,0,0,0,0,0,0,0,0,0,0
2026-02-25 02:00:00,DAD,22.3,0.0,99,5.2,200,1010.9,97,24140.0,2.6,-4.5,-0.2,-0.5,-1.6,0.0,0.0,0.0,5.2,2.6,0,0,0,0,0,0,0,0,0,0,0,0
2026-02-25 03:00:00,DAD,21.7,0.0,99,4.7,212,1010.7,99,24140.0,3.14,-3.49,-0.6,-0.5,-1.2,0.0,0.0,0.0,5.2,3.14,0,0,0,0,0,0,0,0,0,0,0,0
2026-02-25 04:00:00,DAD,21.7,0.0,100,5.7,217,1011.0,98,24140.0,4.17,-3.89,0.0,-0.8,0.0,0.0,0.0,0.0,5.7,4.17,0,0,0,0,0,0,0,0,0,0,0,0
2026-02-25 05:00:00,DAD,21.9,0.0,100,6.0,217,1011.6,96,24140.0,4.39,-4.09,0.2,-0.4,0.7,0.0,0.0,0.0,6.0,4.39,0,0,0,0,0,0,0,0,0,0,0,0
2026-02-25 06:00:00,DAD,21.8,0.0,100,5.4,233,1012.0,96,24140.0,4.81,-2.45,-0.1,0.1,1.3,0.0,0.0,0.0,6.0,4.81,0,0,0,0,0,0,0,0,0,0,0,0
2026-02-25 07:00:00,DAD,21.5,0.0,98,4.5,254,1012.4,95,24140.0,4.48,-0.47,-0.3,-0.2,1.4,0.0,0.0,0.0,6.0,4.81,0,0,0,0,0,0,0,0,0,0,0,0
2026-02-25 08:00:00,DAD,23.5,0.0,98,1.3,188,1013.0,83,24140.0,0.4,-1.24,2.0,1.6,1.4,0.0,0.0,0.0,5.4,4.81,0,0,0,0,0,0,0,0,0,0,0,0
2026-02-25 09:00:00,DAD,25.0,0.0,100,5.4,124,1013.3,73,24140.0,3.88,-3.75,1.5,3.2,1.3,0.0,0.0,0.0,5.4,4.48,0,0,0,0,0,0,0,0,0,0,0,0
2026-02-25 10:00:00,DAD,26.4,0.0,100,8.1,122,1013.3,65,24140.0,6.02,-5.42,1.4,4.9,0.9,0.0,0.0,0.0,8.1,6.02,0,0,0,0,0,0,0,0,0,0,0,0
2026-02-25 11:00:00,DAD,27.2,0.0,82,9.6,111,1012.3,62,24140.0,8.23,-4.94,0.8,3.7,-0.7,0.0,0.0,0.0,9.6,8.23,0,0,0,0,0,0,0,0,0,0,0,0
2026-02-25 12:00:00,DAD,27.5,0.0,82,11.0,95,1011.2,63,22440.0,10.63,-2.85,0.3,2.5,-2.1,0.0,0.0,0.0,11.0,10.63,0,0,0,0,0,0,0,0,0,0,0,0
2026-02-25 13:00:00,DAD,27.0,0.0,100,11.9,87,1010.9,64,24140.0,11.81,-1.45,-0.5,0.6,-2.4,0.0,0.0,0.0,11.9,11.81,0,0,0,0,0,0,0,0,0,0,0,0
2026-02-25 14:00:00,DAD,26.7,0.0,2,13.6,84,1009.8,63,24140.0,13.57,-0.95,-0.3,-0.5,-2.5,0.0,0.0,0.0,13.6,13.57,0,0,0,0,0,0,0,0,0,0,0,0
2026-02-25 15:00:00,DAD,26.4,0.0,1,13.9,88,1009.5,62,24140.0,13.76,-1.93,-0.3,-1.1,-1.7,0.0,0.0,0.0,13.9,13.76,0,0,0,0,0,0,0,0,0,0,0,0
2026-02-25 16:00:00,DAD,25.7,0.0,4,12.8,91,1009.4,66,24140.0,12.56,-2.44,-0.7,-1.3,-1.5,0.0,0.0,0.0,13.9,13.76,0,0,0,0,0,0,0,0,0,0,0,0
2026-02-25 17:00:00,DAD,24.6,0.0,0,10.6,89,1009.8,73,24140.0,10.47,-1.66,-1.1,-2.1,0.0,0.0,0.0,0.0,13.9,13.76,0,0,0,0,0,0,0,0,0,0,0,0
2026-02-25 18:00:00,DAD,23.7,0.0,0,8.7,95,1010.1,80,24140.0,8.4,-2.25,-0.9,-2.7,0.6,0.0,0.0,0.0,12.8,12.56,0,0,0,0,0,0,0,0,0,0,0,0
2026-02-25 19:00:00,DAD,24.0,0.0,79,7.6,93,1010.6,85,24140.0,7.41,-1.71,0.3,-1.7,1.2,0.0,0.0,0.0,10.6,10.47,0,0,0,0,0,0,0,0,0,0,0,0
2026-02-25 20:00:00,DAD,24.0,0.0,20,5.6,75,1011.5,85,24140.0,5.58,0.49,0.0,-0.6,1.7,0.0,0.0,0.0,8.7,8.4,0,0,0,0,0,0,0,0,0,0,0,0
2026-02-25 21:00:00,DAD,23.8,0.0,66,4.9,82,1011.9,86,24140.0,4.9,-0.17,-0.2,0.1,1.8,0.0,0.0,0.0,7.6,7.41,0,0,0,0,0,0,0,0,0,0,0,0
2026-02-25 22:00:00,DAD,23.6,0.0,95,4.3,107,1011.9,87,24140.0,3.83,-1.95,-0.2,-0.4,1.3,0.0,0.0,0.0,5.6,5.58,0,0,0,0,0,0,0,0,0,0,0,0
2026-02-25 23:00:00,DAD,23.5,0.0,99,3.5,129,1011.6,87,24140.0,2.3,-2.64,-0.1,-0.5,0.1,0.0,0.0,0.0,4.9,4.9,0,0,0,0,0,0,0,0,0,0,0,0
2026-02-26 00:00:00,DAD,23.4,0.0,98,3.3,158,1011.1,89,24140.0,0.69,-3.23,-0.1,-0.4,-0.8,0.0,0.0,0.0,4.3,3.83,0,0,0,0,0,0,0,0,0,0,0,0
2026-02-26 01:00:00,DAD,23.8,0.0,100,6.7,144,1010.2,85,24140.0,2.94,-6.02,0.4,0.2,-1.7,0.0,0.0,0.0,6.7,2.94,0,0,0,0,0,0,0,0,0,0,0,0
2026-02-26 02:00:00,DAD,23.6,0.0,99,5.7,171,1010.0,87,24140.0,0.1,-5.7,-0.2,0.1,-1.6,0.0,0.0,0.0,6.7,2.94,0,0,0,0,0,0,0,0,0,0,0,0
2026-02-26 03:00:00,DAD,23.2,0.0,100,6.6,196,1009.8,90,24140.0,2.89,-5.93,-0.4,-0.2,-1.3,0.0,0.0,0.0,6.7,2.94,0,0,0,0,0,0,0,0,0,0,0,0
2026-02-26 04:00:00,DAD,23.3,0.0,98,6.6,191,1009.8,89,24140.0,2.37,-6.16,0.1,-0.5,-0.4,0.0,0.0,0.0,6.6,2.89,0,0,0,0,0,0,0,0,0,0,0,0
2026-02-26 05:00:00,DAD,23.3,0.0,100,5.0,199,1010.0,88,24140.0,2.42,-4.37,0.0,-0.3,0.0,0.0,0.0,0.0,6.6,2.89,0,0,0,0,0,0,0,0,0,0,0,0
2026-02-26 06:00:00,DAD,23.2,0.0,100,6.2,195,1010.3,89,24140.0,2.62,-5.62,-0.1,0.0,0.5,0.0,0.0,0.0,6.6,2.62,0,0,0,0,0,0,0,0,0,0,0,0
2026-02-26 07:00:00,DAD,23.2,0.0,100,4.4,192,1010.8,89,24140.0,1.65,-4.08,0.0,-0.1,1.0,0.0,0.0,0.0,6.2,2.62,0,0,0,0,0,0,0,0,0,0,0,0
2026-02-26 08:00:00,DAD,24.3,0.0,100,5.6,184,1011.3,83,24140.0,1.35,-5.43,1.1,1.0,1.3,0.0,0.0,0.0,6.2,2.62,0,0,0,0,0,0,0,0,0,0,0,0
2026-02-26 09:00:00,DAD,25.0,0.0,100,8.0,160,1011.5,79,24140.0,1.39,-7.88,0.7,1.8,1.2,0.0,0.0,0.0,8.0,1.65,0,0,0,0,0,0,0,0,0,0,0,0
2026-02-26 10:00:00,DAD,26.0,0.0,88,9.4,149,1011.5,73,24140.0,3.37,-8.78,1.0,2.8,0.7,0.0,0.0,0.0,9.4,3.37,0,0,0,0,0,0,0,0,0,0,0,0
2026-02-26 11:00:00,DAD,26.9,0.1,99,9.8,139,1010.6,69,24140.0,5.05,-8.4,0.9,2.6,-0.7,0.1,0.1,0.1,9.8,5.05,1,0,0,0,0,0,0,0,1,1,0,1
2026-02-26 12:00:00,DAD,27.6,0.1,96,11.0,124,1009.4,68,24140.0,7.91,-7.64,0.7,2.6,-2.1,0.1,0.2,0.2,11.0,7.91,1,0,0,0,0,0,0,0,1,1,0,1
2026-02-26 13:00:00,DAD,27.0,0.0,26,14.2,105,1008.4,71,24140.0,12.87,-6.0,-0.6,1.0,-3.1,0.0,0.2,0.2,14.2,12.87,0,0,0,0,0,0,0,0,0,0,0,0
2026-02-26 14:00:00,DAD,26.9,0.0,61,13.8,106,1007.1,72,24140.0,12.4,-6.05,-0.1,0.0,-3.5,0.0,0.1,0.2,14.2,12.87,0,0,0,0,0,0,0,0,0,0,0,0
2026-02-26 15:00:00,DAD,26.9,0.0,52,12.0,111,1006.3,72,24140.0,10.29,-6.18,0.0,-0.7,-3.1,0.0,0.0,0.2,14.2,12.87,0,0,0,0,0,0,0,0,0,0,0,0
2026-02-26 16:00:00,DAD,27.0,0.0,32,12.0,114,1005.9,71,24140.0,9.95,-6.71,0.1,0.0,-2.5,0.0,0.0,0.2,13.8,12.4,0,0,0,0,0,0,0,0,0,0,0,0
2026-02-26 17:00:00,DAD,25.9,0.0,40,13.5,117,1006.2,78,24140.0,10.78,-8.12,-1.1,-1.0,-0.9,0.0,0.0,0.1,13.5,10.78,0,0,0,0,0,0,0,0,0,0,0,0
2026-02-26 18:00:00,DAD,25.0,0.0,42,10.6,120,1006.8,85,24140.0,8.12,-6.81,-0.9,-1.9,0.5,0.0,0.0,0.0,13.5,10.78,0,0,0,0,0,0,0,0,0,0,0,0
2026-02-26 19:00:00,DAD,25.0,0.0,45,6.1,120,1007.4,88,24140.0,4.67,-3.92,0.0,-2.0,1.5,0.0,0.0,0.0,13.5,10.78,0,0,0,0,0,0,0,0,0,0,0,0
2026-02-26 20:00:00,DAD,25.2,0.0,95,5.1,135,1008.4,86,24140.0,2.93,-4.18,0.2,-0.7,2.2,0.0,0.0,0.0,10.6,8.12,0,0,0,0,0,0,0,0,0,0,0,0
2026-02-26 21:00:00,DAD,25.0,0.1,97,7.0,134,1008.6,87,24140.0,4.11,-5.66,-0.2,0.0,1.8,0.1,0.1,0.1,7.0,4.67,1,0,0,0,0,0,0,0,1,1,0,1
2026-02-26 22:00:00,DAD,25.0,0.0,69,8.4,137,1008.6,89,24140.0,4.57,-7.04,0.0,0.0,1.2,0.0,0.1,0.1,8.4,4.57,0,0,0,0,0,0,0,0,0,0,0,0
2026-02-26 23:00:00,DAD,25.0,0.0,83,8.6,149,1008.4,88,24140.0,3.08,-8.03,0.0,-0.2,0.0,0.0,0.1,0.1,8.6,4.57,0,0,0,0,0,0,0,0,0,0,0,0
2026-02-27 00:00:00,DAD,24.9,0.0,83,8.6,160,1008.2,88,24140.0,1.49,-8.47,-0.1,-0.1,-0.4,0.0,0.0,0.1,8.6,4.57,0,0,0,0,0,0,0,0,0,0,0,0
2026-02-27 01:00:00,DAD,24.7,0.0,94,6.3,173,1007.3,89,24140.0,0.33,-6.29,-0.2,-0.3,-1.3,0.0,0.0,0.1,8.6,3.08,0,0,0,0,0,0,0,0,0,0,0,0
2026-02-27 02:00:00,DAD,24.6,0.0,100,6.2,165,1007.0,88,24140.0,0.54,-6.18,-0.1,-0.4,-1.4,0.0,0.0,0.1,8.6,1.49,0,0,0,0,0,0,0,0,0,0,0,0
2026-02-27 03:00:00,DAD,24.4,0.3,100,5.1,176,1006.7,89,24140.0,0.53,-5.07,-0.2,-0.5,-1.5,0.3,0.3,0.3,6.3,0.54,1,0,0,0,0,0,0,0,1,1,0,1
2026-02-27 04:00:00,DAD,24.0,0.4,100,4.0,150,1006.8,95,24140.0,1.37,-3.76,-0.4,-0.7,-0.5,0.4,0.7,0.7,6.2,1.37,1,0,0,0,0,0,0,0,1,1,0,1
2026-02-27 05:00:00,DAD,23.9,0.4,100,6.1,146,1006.8,96,24140.0,2.48,-5.57,-0.1,-0.7,-0.2,0.4,1.1,1.1,6.1,2.48,1,0,0,0,0,0,0,0,1,1,0,1
2026-02-27 06:00:00,DAD,23.9,0.1,100,8.7,148,1007.8,95,24140.0,3.26,-8.07,0.0,-0.5,1.1,0.1,0.9,1.2,8.7,3.26,1,0,0,0,0,0,0,0,1,1,0,1
2026-02-27 07:00:00,DAD,23.7,0.0,100,5.7,171,1007.7,94,19240.0,0.1,-5.7,-0.2,-0.3,0.9,0.0,0.5,1.2,8.7,3.26,0,0,0,0,0,0,0,0,0,0,0,0
2026-02-27 08:00:00,DAD,24.0,0.4,100,6.1,157,1008.8,94,24140.0,1.37,-5.94,0.3,0.1,2.0,0.4,0.5,1.6,8.7,3.26,1,0,0,0,0,0,0,0,1,1,0,1
2026-02-27 09:00:00,DAD,24.2,0.4,100,7.4,157,1009.2,94,24140.0,1.66,-7.21,0.2,0.3,1.4,0.4,0.8,1.7,7.4,1.66,1,0,0,0,0,0,0,0,1,1,0,1
2026-02-27 10:00:00,DAD,25.7,0.1,100,6.9,165,1009.4,84,24140.0,0.6,-6.87,1.5,2.0,1.7,0.1,0.9,1.4,7.4,1.66,1,0,0,0,0,0,0,0,1,1,0,1
2026-02-27 11:00:00,DAD,26.5,0.2,99,9.7,158,1008.9,78,24140.0,2.02,-9.49,0.8,2.5,0.1,0.2,0.7,1.2,9.7,2.02,1,0,0,0,0,0,0,0,1,1,0,1
2026-02-27 12:00:00,DAD,27.1,0.0,100,8.4,149,1007.9,76,24140.0,3.01,-7.84,0.6,2.9,-1.3,0.0,0.3,1.1,9.7,3.01,0,0,0,0,0,0,0,0,0,0,0,0
2026-02-27 13:00:00,DAD,26.5,0.0,100,6.2,126,1007.4,79,24140.0,4.31,-4.46,-0.6,0.8,-2.0,0.0,0.2,1.1,9.7,4.31,0,0,0,0,0,0,0,0,0,0,0,0
2026-02-27 14:00:00,DAD,26.1,0.4,100,8.1,119,1006.4,82,24140.0,6.29,-5.1,-0.4,-0.4,-2.5,0.4,0.4,1.1,8.4,6.29,1,0,0,0,0,0,0,0,1,1,0,1
2026-02-27 15:00:00,DAD,25.6,0.1,100,10.9,129,1005.7,85,16920.0,7.15,-8.23,-0.5,-1.5,-2.2,0.1,0.5,0.8,10.9,7.15,1,0,0,0,0,0,0,0,1,1,0,1
2026-02-27 16:00:00,DAD,25.6,0.3,100,10.7,136,1005.2,86,16840.0,5.98,-8.87,0.0,-0.9,-2.2,0.3,0.8,1.0,10.9,7.15,1,0,0,0,0,0,0,0,1,1,0,1
2026-02-27 17:00:00,DAD,25.2,0.4,100,10.9,142,1005.5,90,24140.0,5.12,-9.62,-0.4,-0.9,-0.9,0.4,0.8,1.2,10.9,7.15,1,0,0,0,0,0,0,0,1,1,0,1
2026-02-27 18:00:00,DAD,24.7,0.4,100,11.4,153,1006.2,94,24140.0,3.33,-10.9,-0.5,-0.9,0.5,0.4,1.1,1.6,11.4,5.98,1,0,0,0,0,0,0,0,1,1,0,1
2026-02-27 19:00:00,DAD,24.5,0.4,100,6.7,185,1006.2,96,24140.0,1.73,-6.47,-0.2,-1.1,1.0,0.4,1.2,2.0,11.4,5.12,1,0,0,0,0,0,0,0,1,1,0,1
2026-02-27 20:00:00,DAD,24.4,0.2,98,7.3,160,1007.2,97,24140.0,1.27,-7.19,-0.1,-0.8,1.7,0.2,1.0,1.8,11.4,3.33,1,0,0,0,0,0,0,0,1,1,0,1
2026-02-27 21:00:00,DAD,24.2,0.0,99,5.6,165,1007.3,97,24140.0,0.49,-5.58,-0.2,-0.5,1.1,0.0,0.6,1.7,7.3,1.73,0,0,0,0,0,0,0,0,0,0,0,0
2026-02-27 22:00:00,DAD,24.0,0.0,100,7.8,134,1007.4,98,24140.0,4.58,-6.31,-0.2,-0.5,1.2,0.0,0.2,1.4,7.8,4.58,0,0,0,0,0,0,0,0,0,0,0,0
2026-02-27 23:00:00,DAD,23.9,0.0,100,7.9,135,1007.1,98,24140.0,4.53,-6.47,-0.1,-0.5,-0.1,0.0,0.0,1.0,7.9,4.58,0,0,0,0,0,0,0,0,0,0,0,0
2026-02-28 00:00:00,DAD,23.8,0.0,100,7.6,152,1006.6,97,24140.0,2.35,-7.23,-0.1,-0.4,-0.7,0.0,0.0,0.6,7.9,4.58,0,0,0,0,0,0,0,0,0,0,0,0
2026-02-28 01:00:00,DAD,23.8,0.0,65,10.0,150,1006.2,97,24140.0,3.42,-9.4,0.0,-0.2,-1.2,0.0,0.0,0.2,10.0,4.53,0,0,0,0,0,0,0,0,0,0,0,0
2026-02-28 02:00:00,DAD,23.6,0.0,94,9.3,156,1005.4,97,24140.0,2.25,-9.02,-0.2,-0.3,-1.7,0.0,0.0,0.0,10.0,3.42,0,0,0,0,0,0,0,0,0,0,0,0
2026-02-28 03:00:00,DAD,23.5,0.0,100,7.8,161,1005.0,97,24140.0,1.22,-7.7,-0.1,-0.3,-1.6,0.0,0.0,0.0,10.0,3.42,0,0,0,0,0,0,0,0,0,0,0,0
2026-02-28 04:00:00,DAD,23.3,0.0,79,7.9,168,1005.1,98,24140.0,0.28,-7.9,-0.2,-0.5,-1.1,0.0,0.0,0.0,9.3,2.25,0,0,0,0,0,0,0,0,0,0,0,0
2026-02-28 05:00:00,DAD,23.1,0.0,83,6.0,175,1005.6,98,24140.0,0.52,-5.98,-0.2,-0.5,0.2,0.0,0.0,0.0,7.9,1.22,0,0,0,0,0,0,0,0,0,0,0,0
2026-02-28 06:00:00,DAD,22.8,0.0,100,3.6,177,1006.5,99,24140.0,0.44,-3.57,-0.3,-0.7,1.5,0.0,0.0,0.0,7.9,0.52,0,0,0,0,0,0,0,0,0,0,0,0
2026-02-28 07:00:00,DAD,23.1,0.0,95,4.2,200,1007.4,99,24140.0,2.1,-3.64,0.3,-0.2,2.3,0.0,0.0,0.0,6.0,2.1,0,0,0,0,0,0,0,0,0,0,0,0
2026-02-28 08:00:00,DAD,24.4,0.0,98,6.2,170,1008.2,92,24140.0,0.0,-6.2,1.3,1.3,2.6,0.0,0.0,0.0,6.2,2.1,0,0,0,0,0,0,0,0,0,0,0,0
2026-02-28 09:00:00,DAD,26.0,0.0,94,7.8,172,1008.6,84,24140.0,0.27,-7.8,1.6,3.2,2.1,0.0,0.0,0.0,7.8,2.1,0,0,0,0,0,0,0,0,0,0,0,0
2026-02-28 10:00:00,DAD,27.8,0.0,50,8.8,168,1009.0,74,24140.0,0.31,-8.79,1.8,4.7,1.6,0.0,0.0,0.0,8.8,0.31,0,0,0,0,0,0,0,0,0,0,0,0
2026-02-28 11:00:00,DAD,28.7,0.0,3,7.7,156,1008.1,72,24140.0,1.86,-7.47,0.9,4.3,-0.1,0.0,0.0,0.0,8.8,1.86,0,0,0,0,0,0,0,0,0,0,0,0
2026-02-28 12:00:00,DAD,29.3,0.0,3,7.6,126,1006.8,71,24140.0,5.28,-5.47,0.6,3.3,-1.8,0.0,0.0,0.0,8.8,5.28,0,0,0,0,0,0,0,0,0,0,0,0
2026-02-28 13:00:00,DAD,28.5,0.0,4,11.0,104,1006.3,76,22300.0,10.05,-4.47,-0.8,0.7,-2.7,0.0,0.0,0.0,11.0,10.05,0,0,0,0,0,0,0,0,0,0,0,0
2026-02-28 14:00:00,DAD,28.1,0.0,15,12.0,99,1005.3,76,22420.0,11.35,-3.91,-0.4,-0.6,-2.8,0.0,0.0,0.0,12.0,11.35,0,0,0,0,0,0,0,0,0,0,0,0
2026-02-28 15:00:00,DAD,27.9,0.0,10,14.0,106,1004.7,76,24140.0,12.58,-6.14,-0.2,-1.4,-2.1,0.0,0.0,0.0,14.0,12.58,0,0,0,0,0,0,0,0,0,0,0,0
2026-02-28 16:00:00,DAD,27.2,0.0,16,13.9,120,1004.8,80,24140.0,10.65,-8.93,-0.7,-1.3,-1.5,0.0,0.0,0.0,14.0,12.58,0,0,0,0,0,0,0,0,0,0,0,0
2026-02-28 17:00:00,DAD,26.4,0.0,31,12.1,127,1005.1,84,24140.0,8.25,-8.85,-0.8,-1.7,-0.2,0.0,0.0,0.0,14.0,12.58,0,0,0,0,0,0,0,0,0,0,0,0
2026-02-28 18:00:00,DAD,25.6,0.0,47,11.3,134,1005.5,88,24140.0,6.64,-9.14,-0.8,-2.3,0.8,0.0,0.0,0.0,13.9,10.65,0,0,0,0,0,0,0,0,0,0,0,0
2026-02-28 19:00:00,DAD,25.6,0.0,21,7.1,126,1005.8,89,24140.0,4.93,-5.11,0.0,-1.6,1.0,0.0,0.0,0.0,12.1,8.25,0,0,0,0,0,0,0,0,0,0,0,0
2026-02-28 20:00:00,DAD,25.5,0.0,33,7.1,135,1006.7,90,24140.0,4.07,-5.82,-0.1,-0.9,1.6,0.0,0.0,0.0,11.3,6.64,0,0,0,0,0,0,0,0,0,0,0,0
2026-02-28 21:00:00,DAD,25.3,0.0,20,5.6,149,1007.0,91,24140.0,2.01,-5.23,-0.2,-0.3,1.5,0.0,0.0,0.0,7.1,4.93,0,0,0,0,0,0,0,0,0,0,0,0
2026-02-28 22:00:00,DAD,25.0,0.0,0,4.6,135,1006.9,93,24140.0,2.64,-3.77,-0.3,-0.6,1.1,0.0,0.0,0.0,7.1,4.07,0,0,0,0,0,0,0,0,0,0,0,0
2026-02-28 23:00:00,DAD,24.7,0.0,0,4.6,135,1006.7,94,24140.0,2.64,-3.77,-0.3,-0.8,0.0,0.0,0.0,0.0,5.6,2.64,0,0,0,0,0,0,0,0,0,0,0,0
2026-03-01 00:00:00,DAD,24.4,0.0,0,3.9,152,1006.0,95,24140.0,1.21,-3.71,-0.3,-0.9,-1.0,0.0,0.0,0.0,4.6,2.64,0,0,0,0,0,0,0,0,0,0,0,0
2026-03-01 01:00:00,DAD,24.2,0.0,2,4.4,171,1005.6,97,24140.0,0.08,-4.4,-0.2,-0.8,-1.3,0.0,0.0,0.0,4.6,2.64,0,0,0,0,0,0,0,0,0,0,0,0
2026-03-01 02:00:00,DAD,24.0,0.0,98,2.2,171,1005.3,98,24140.0,0.04,-2.2,-0.2,-0.7,-1.4,0.0,0.0,0.0,4.4,1.21,0,0,0,0,0,0,0,0,0,0,0,0
2026-03-01 03:00:00,DAD,23.7,0.0,99,1.8,169,1004.9,99,24140.0,0.03,-1.8,-0.3,-0.7,-1.1,0.0,0.0,0.0,4.4,0.08,0,0,0,0,0,0,0,0,0,0,0,0
2026-03-01 04:00:00,DAD,23.6,0.0,98,3.6,150,1005.3,99,24140.0,1.23,-3.38,-0.1,-0.6,-0.3,0.0,0.0,0.0,3.6,1.23,0,0,0,0,0,0,0,0,0,0,0,0
2026-03-01 05:00:00,DAD,23.7,0.0,98,6.4,142,1005.7,99,24140.0,3.0,-5.65,0.1,-0.3,0.4,0.0,0.0,0.0,6.4,3.0,0,0,0,0,0,0,0,0,0,0,0,0
2026-03-01 06:00:00,DAD,23.5,0.0,100,6.9,157,1006.4,99,24140.0,1.55,-6.72,-0.2,-0.2,1.5,0.0,0.0,0.0,6.9,3.0,0,0,0,0,0,0,0,0,0,0,0,0
2026-03-01 07:00:00,DAD,23.8,0.0,100,8.3,158,1007.0,99,24140.0,1.73,-8.12,0.3,0.2,1.7,0.0,0.0,0.0,8.3,3.0,0,0,0,0,0,0,0,0,0,0,0,0
2026-03-01 08:00:00,DAD,25.0,0.0,100,8.9,153,1007.9,96,24140.0,2.6,-8.51,1.2,1.3,2.2,0.0,0.0,0.0,8.9,2.6,0,0,0,0,0,0,0,0,0,0,0,0
2026-03-01 09:00:00,DAD,27.0,0.0,44,7.6,155,1008.4,85,24140.0,1.97,-7.34,2.0,3.5,2.0,0.0,0.0,0.0,8.9,2.6,0,0,0,0,0,0,0,0,0,0,0,0
2026-03-01 10:00:00,DAD,28.3,0.0,8,7.8,134,1008.4,82,24140.0,4.58,-6.31,1.3,4.5,1.4,0.0,0.0,0.0,8.9,4.58,0,0,0,0,0,0,0,0,0,0,0,0
2026-03-01 11:00:00,DAD,29.3,0.0,51,9.2,118,1007.7,79,24140.0,7.25,-5.66,1.0,4.3,-0.2,0.0,0.0,0.0,9.2,7.25,0,0,0,0,0,0,0,0,0,0,0,0
2026-03-01 12:00:00,DAD,29.9,0.0,61,10.0,110,1006.6,76,22380.0,8.66,-5.0,0.6,2.9,-1.8,0.0,0.0,0.0,10.0,8.66,0,0,0,0,0,0,0,0,0,0,0,0
2026-03-01 13:00:00,DAD,29.7,0.0,95,10.3,101,1005.9,75,24140.0,9.62,-3.69,-0.2,1.4,-2.5,0.0,0.0,0.0,10.3,9.62,0,0,0,0,0,0,0,0,0,0,0,0
2026-03-01 14:00:00,DAD,29.5,0.0,98,13.1,105,1005.2,73,24140.0,11.87,-5.54,-0.2,0.2,-2.5,0.0,0.0,0.0,13.1,11.87,0,0,0,0,0,0,0,0,0,0,0,0
2026-03-01 15:00:00,DAD,28.8,0.0,96,13.7,108,1004.8,73,24140.0,12.1,-6.43,-0.7,-1.1,-1.8,0.0,0.0,0.0,13.7,12.1,0,0,0,0,0,0,0,0,0,0,0,0
2026-03-01 16:00:00,DAD,28.0,0.0,100,11.5,120,1005.0,76,24140.0,8.81,-7.39,-0.8,-1.7,-0.9,0.0,0.0,0.0,13.7,12.1,0,0,0,0,0,0,0,0,0,0,0,0
2026-03-01 17:00:00,DAD,27.2,0.0,100,9.8,125,1005.4,81,24140.0,6.93,-6.93,-0.8,-2.3,0.2,0.0,0.0,0.0,13.7,12.1,0,0,0,0,0,0,0,0,0,0,0,0
2026-03-01 18:00:00,DAD,26.4,0.0,100,10.0,129,1005.8,85,24140.0,6.56,-7.55,-0.8,-2.4,1.0,0.0,0.0,0.0,11.5,8.81,0,0,0,0,0,0,0,0,0,0,0,0
2026-03-01 19:00:00,DAD,25.9,0.0,100,8.9,138,1006.4,86,24140.0,4.72,-7.55,-0.5,-2.1,1.4,0.0,0.0,0.0,10.0,6.93,0,0,0,0,0,0,0,0,0,0,0,0
2026-03-01 20:00:00,DAD,25.9,0.0,98,9.1,141,1007.1,86,24140.0,4.41,-7.96,0.0,-1.3,1.7,0.0,0.0,0.0,10.0,6.56,0,0,0,0,0,0,0,0,0,0,0,0
2026-03-01 21:00:00,DAD,25.7,0.0,83,6.1,146,1007.6,87,24140.0,2.48,-5.57,-0.2,-0.7,1.8,0.0,0.0,0.0,9.1,4.72,0,0,0,0,0,0,0,0,0,0,0,0
2026-03-01 22:00:00,DAD,25.4,0.0,9,5.3,123,1007.4,89,24140.0,3.88,-3.61,-0.3,-0.5,1.0,0.0,0.0,0.0,9.1,4.41,0,0,0,0,0,0,0,0,0,0,0,0
2026-03-01 23:00:00,DAD,25.0,0.0,2,4.5,146,1007.5,91,24140.0,1.83,-4.11,-0.4,-0.9,0.4,0.0,0.0,0.0,6.1,3.88,0,0,0,0,0,0,0,0,0,0,0,0
2026-03-02 00:00:00,DAD,24.8,0.0,0,5.6,135,1007.1,93,24140.0,3.21,-4.59,-0.2,-0.9,-0.5,0.0,0.0,0.0,5.6,3.88,0,0,0,0,0,0,0,0,0,0,0,0
2026-03-02 01:00:00,DAD,24.6,0.0,20,7.4,148,1006.6,95,24140.0,2.77,-6.86,-0.2,-0.8,-0.8,0.0,0.0,0.0,7.4,3.21,0,0,0,0,0,0,0,0,0,0,0,0
2026-03-02 02:00:00,DAD,24.5,0.0,23,6.2,144,1006.4,96,24140.0,2.72,-5.57,-0.1,-0.5,-1.1,0.0,0.0,0.0,7.4,3.21,0,0,0,0,0,0,0,0,0,0,0,0
2026-03-02 03:00:00,DAD,24.3,0.0,5,5.0,142,1006.2,97,24140.0,2.35,-4.41,-0.2,-0.5,-0.9,0.0,0.0,0.0,7.4,2.77,0,0,0,0,0,0,0,0,0,0,0,0
2026-03-02 04:00:00,DAD,24.1,0.0,16,5.2,146,1006.2,98,24140.0,2.12,-4.75,-0.2,-0.5,-0.4,0.0,0.0,0.0,6.2,2.72,0,0,0,0,0,0,0,0,0,0,0,0
2026-03-02 05:00:00,DAD,24.0,0.0,27,5.1,144,1006.7,98,24140.0,2.24,-4.58,-0.1,-0.5,0.3,0.0,0.0,0.0,5.2,2.35,0,0,0,0,0,0,0,0,0,0,0,0
2026-03-02 06:00:00,DAD,23.9,0.0,100,4.8,146,1007.3,99,24140.0,1.95,-4.39,-0.1,-0.4,1.1,0.0,0.0,0.0,5.2,2.24,0,0,0,0,0,0,0,0,0,0,0,0
2026-03-02 07:00:00,DAD,24.4,0.0,100,7.1,153,1008.3,99,24140.0,2.08,-6.79,0.5,0.3,2.1,0.0,0.0,0.0,7.1,2.24,0,0,0,0,0,0,0,0,0,0,0,0
2026-03-02 08:00:00,DAD,25.5,0.0,99,5.8,160,1009.2,94,24140.0,1.01,-5.71,1.1,1.5,2.5,0.0,0.0,0.0,7.1,2.08,0,0,0,0,0,0,0,0,0,0,0,0
2026-03-02 09:00:00,DAD,27.4,0.0,92,6.1,148,1009.7,86,24140.0,2.29,-5.66,1.9,3.5,2.4,0.0,0.0,0.0,7.1,2.29,0,0,0,0,0,0,0,0,0,0,0,0
2026-03-02 10:00:00,DAD,29.0,0.0,75,7.5,130,1009.8,79,24140.0,4.82,-5.75,1.6,4.6,1.5,0.0,0.0,0.0,7.5,4.82,0,0,0,0,0,0,0,0,0,0,0,0
2026-03-02 11:00:00,DAD,29.9,0.0,76,9.5,119,1009.2,76,24140.0,7.38,-5.98,0.9,4.4,0.0,0.0,0.0,0.0,9.5,7.38,0,0,0,0,0,0,0,0,0,0,0,0
2026-03-02 12:00:00,DAD,30.1,0.0,63,12.1,113,1008.4,75,24140.0,10.15,-6.59,0.2,2.7,-1.3,0.0,0.0,0.0,12.1,10.15,0,0,0,0,0,0,0,0,0,0,0,0
2026-03-02 13:00:00,DAD,30.3,0.0,29,12.5,110,1007.5,72,24140.0,10.83,-6.25,0.2,1.3,-2.3,0.0,0.0,0.0,12.5,10.83,0,0,0,0,0,0,0,0,0,0,0,0
2026-03-02 14:00:00,DAD,30.4,0.0,48,13.6,114,1006.6,69,24140.0,11.27,-7.61,0.1,0.5,-2.6,0.0,0.0,0.0,13.6,11.27,0,0,0,0,0,0,0,0,0,0,0,0
2026-03-02 15:00:00,DAD,29.4,0.0,55,13.2,125,1006.3,71,24140.0,9.33,-9.33,-1.0,-0.7,-2.1,0.0,0.0,0.0,13.6,11.27,0,0,0,0,0,0,0,0,0,0,0,0
2026-03-02 16:00:00,DAD,29.1,0.0,87,10.6,120,1005.9,72,24140.0,8.12,-6.81,-0.3,-1.2,-1.6,0.0,0.0,0.0,13.6,11.27,0,0,0,0,0,0,0,0,0,0,0,0
2026-03-02 17:00:00,DAD,28.0,0.0,88,9.8,113,1006.3,79,24140.0,8.22,-5.34,-1.1,-2.4,-0.3,0.0,0.0,0.0,13.2,9.33,0,0,0,0,0,0,0,0,0,0,0,0
2026-03-02 18:00:00,DAD,26.6,0.0,71,10.0,124,1006.9,86,24140.0,7.19,-6.95,-1.4,-2.8,0.6,0.0,0.0,0.0,10.6,8.22,0,0,0,0,0,0,0,0,0,0,0,0
2026-03-02 19:00:00,DAD,26.5,0.0,55,7.8,134,1007.1,87,24140.0,4.58,-6.31,-0.1,-2.6,1.2,0.0,0.0,0.0,10.0,8.22,0,0,0,0,0,0,0,0,0,0,0,0
2026-03-02 20:00:00,DAD,26.4,0.0,36,6.9,137,1007.8,88,24140.0,3.76,-5.79,-0.1,-1.6,1.5,0.0,0.0,0.0,10.0,7.19,0,0,0,0,0,0,0,0,0,0,0,0
2026-03-02 21:00:00,DAD,26.0,0.0,2,5.7,131,1008.5,89,24140.0,3.59,-4.43,-0.4,-0.6,1.6,0.0,0.0,0.0,7.8,4.58,0,0,0,0,0,0,0,0,0,0,0,0
2026-03-02 22:00:00,DAD,25.7,0.0,52,6.5,122,1008.5,91,24140.0,4.83,-4.35,-0.3,-0.8,1.4,0.0,0.0,0.0,6.9,4.83,0,0,0,0,0,0,0,0,0,0,0,0
2026-03-02 23:00:00,DAD,25.4,0.0,17,5.7,134,1008.6,93,24140.0,3.35,-4.61,-0.3,-1.0,0.8,0.0,0.0,0.0,6.5,4.83,0,0,0,0,0,0,0,0,0,0,0,0
2026-03-03 00:00:00,DAD,25.0,0.0,7,5.2,136,1008.3,95,24140.0,2.91,-4.31,-0.4,-1.0,-0.2,0.0,0.0,0.0,6.5,4.83,0,0,0,0,0,0,0,0,0,0,0,0
2026-03-03 01:00:00,DAD,25.1,0.0,13,6.1,140,1007.4,95,24140.0,3.05,-5.28,0.1,-0.6,-1.1,0.0,0.0,0.0,6.1,3.35,0,0,0,0,0,0,0,0,0,0,0,0
2026-03-03 02:00:00,DAD,25.0,0.0,30,3.1,103,1007.2,96,24140.0,2.85,-1.21,-0.1,-0.4,-1.4,0.0,0.0,0.0,6.1,3.05,0,0,0,0,0,0,0,0,0,0,0,0
2026-03-03 03:00:00,DAD,24.8,0.0,15,5.2,124,1006.9,96,24140.0,3.74,-3.61,-0.2,-0.2,-1.4,0.0,0.0,0.0,6.1,3.74,0,0,0,0,0,0,0,0,0,0,0,0
2026-03-03 04:00:00,DAD,24.6,0.0,19,5.1,132,1007.0,97,24140.0,3.14,-4.02,-0.2,-0.5,-0.4,0.0,0.0,0.0,5.2,3.74,0,0,0,0,0,0,0,0,0,0,0,0
2026-03-03 05:00:00,DAD,24.6,0.0,19,4.8,165,1007.4,97,24140.0,0.42,-4.78,0.0,-0.4,0.2,0.0,0.0,0.0,5.2,3.74,0,0,0,0,0,0,0,0,0,0,0,0
2026-03-03 06:00:00,DAD,24.5,0.0,100,0.8,117,1008.2,99,24140.0,0.64,-0.48,-0.1,-0.3,1.3,0.0,0.0,0.0,5.1,3.14,0,0,0,0,0,0,0,0,0,0,0,0
2026-03-03 07:00:00,DAD,24.8,0.0,60,9.3,136,1008.1,96,24140.0,5.2,-7.71,0.3,0.2,1.1,0.0,0.0,0.0,9.3,5.2,0,0,0,0,0,0,0,0,0,0,0,0
2026-03-03 08:00:00,DAD,26.0,0.0,77,7.6,162,1009.6,89,24140.0,1.06,-7.53,1.2,1.4,2.2,0.0,0.0,0.0,9.3,5.2,0,0,0,0,0,0,0,0,0,0,0,0
2026-03-03 09:00:00,DAD,27.8,0.0,56,7.0,134,1010.0,81,24140.0,4.11,-5.66,1.8,3.3,1.8,0.0,0.0,0.0,9.3,5.2,0,0,0,0,0,0,0,0,0,0,0,0
2026-03-03 10:00:00,DAD,29.3,0.0,30,7.0,125,1010.1,75,24140.0,4.95,-4.95,1.5,4.5,2.0,0.0,0.0,0.0,7.6,4.95,0,0,0,0,0,0,0,0,0,0,0,0
2026-03-03 11:00:00,DAD,30.4,0.0,29,8.3,120,1009.4,71,24140.0,6.36,-5.34,1.1,4.4,-0.2,0.0,0.0,0.0,8.3,6.36,0,0,0,0,0,0,0,0,0,0,0,0
2026-03-03 12:00:00,DAD,31.5,0.0,34,10.8,114,1008.5,68,24140.0,8.95,-6.04,1.1,3.7,-1.5,0.0,0.0,0.0,10.8,8.95,0,0,0,0,0,0,0,0,0,0,0,0
2026-03-03 13:00:00,DAD,29.6,0.0,91,13.5,109,1008.2,74,22300.0,11.81,-6.54,-1.9,0.3,-1.9,0.0,0.0,0.0,13.5,11.81,0,0,0,0,0,0,0,0,0,0,0,0
2026-03-03 14:00:00,DAD,29.0,0.0,80,13.7,118,1008.0,74,24140.0,10.8,-8.43,-0.6,-1.4,-1.4,0.0,0.0,0.0,13.7,11.81,0,0,0,0,0,0,0,0,0,0,0,0
2026-03-03 15:00:00,DAD,29.0,0.0,91,12.1,125,1007.7,73,24140.0,8.56,-8.56,0.0,-2.5,-0.8,0.0,0.0,0.0,13.7,11.81,0,0,0,0,0,0,0,0,0,0,0,0
2026-03-03 16:00:00,DAD,26.2,0.4,100,1.5,135,1008.4,84,21300.0,0.86,-1.23,-2.8,-3.4,0.2,0.4,0.4,0.4,13.7,10.8,1,0,0,0,0,0,0,0,1,1,0,1
2026-03-03 17:00:00,DAD,26.3,0.2,60,2.1,160,1008.1,87,24140.0,0.36,-2.07,0.1,-2.7,0.1,0.2,0.6,0.6,12.1,8.56,1,0,0,0,0,0,0,0,0,1,0,0
2026-03-03 18:00:00,DAD,26.3,0.0,45,1.3,254,1008.7,87,24140.0,1.29,-0.14,0.0,-2.7,1.0,0.0,0.6,0.6,2.1,1.29,0,0,0,0,0,0,0,0,0,0,0,0
2026-03-03 19:00:00,DAD,25.5,0.0,100,6.0,201,1008.8,94,24140.0,3.09,-5.14,-0.8,-0.7,0.4,0.0,0.2,0.6,6.0,3.09,0,0,0,0,0,0,0,0,0,0,0,0
2026-03-03 20:00:00,DAD,25.2,0.0,100,4.4,153,1009.5,96,24140.0,1.29,-4.21,-0.3,-1.1,1.4,0.0,0.0,0.6,6.0,3.09,0,0,0,0,0,0,0,0,0,0,0,0
2026-03-03 21:00:00,DAD,25.2,0.0,99,5.5,99,1010.3,94,24140.0,5.2,-1.79,0.0,-1.1,1.6,0.0,0.0,0.6,6.0,5.2,0,0,0,0,0,0,0,0,0,0,0,0
2026-03-03 22:00:00,DAD,25.1,0.0,5,3.9,127,1011.0,91,24140.0,2.66,-2.85,-0.1,-0.4,2.2,0.0,0.0,0.2,5.5,5.2,0,0,0,0,0,0,0,0,0,0,0,0
2026-03-03 23:00:00,DAD,24.6,0.0,7,0.4,90,1011.2,93,24140.0,0.39,-0.07,-0.5,-0.6,1.7,0.0,0.0,0.0,5.5,5.2,0,0,0,0,0,0,0,0,0,0,0,0
2026-03-04 00:00:00,DAD,24.5,0.0,92,1.4,360,1011.2,94,23700.0,0.24,1.38,-0.1,-0.7,0.9,0.0,0.0,0.0,3.9,2.66,0,0,0,0,0,0,0,0,0,0,0,0
2026-03-04 01:00:00,DAD,24.5,0.0,100,2.2,222,1011.1,96,18440.0,1.73,-1.35,0.0,-0.6,0.1,0.0,0.0,0.0,2.2,1.73,0,0,0,0,0,0,0,0,0,0,0,0
2026-03-04 02:00:00,DAD,24.4,0.1,100,0.8,315,1011.1,95,19020.0,0.46,0.66,-0.1,-0.2,-0.1,0.1,0.1,0.1,2.2,1.73,1,0,0,0,0,0,0,0,1,1,0,1
2026-03-04 03:00:00,DAD,24.0,0.3,100,3.3,119,1010.7,96,18860.0,2.56,-2.08,-0.4,-0.5,-0.5,0.3,0.4,0.4,3.3,2.56,1,0,0,0,0,0,0,0,1,1,0,1
2026-03-04 04:00:00,DAD,24.0,0.4,100,3.5,165,1010.5,96,14780.0,0.31,-3.49,0.0,-0.5,-0.6,0.4,0.8,0.8,3.5,2.56,1,0,0,0,0,0,0,0,1,1,0,1
2026-03-04 05:00:00,DAD,24.0,0.4,100,3.3,6,1010.9,91,14780.0,0.91,3.17,0.0,-0.4,-0.2,0.4,1.1,1.2,3.5,2.56,1,0,0,0,0,0,0,0,1,1,0,1
2026-03-04 06:00:00,DAD,23.5,0.4,100,6.5,3,1011.3,96,18040.0,1.46,6.33,-0.5,-0.5,0.6,0.4,1.2,1.6,6.5,1.46,1,0,0,0,0,0,0,0,1,1,0,1
2026-03-04 07:00:00,DAD,24.2,0.4,65,4.3,42,1012.1,93,19620.0,3.39,2.65,0.7,0.2,1.6,0.4,1.2,2.0,6.5,3.39,1,0,0,0,0,0,0,0,0,1,0,0
2026-03-04 08:00:00,DAD,25.0,0.1,23,5.2,14,1012.7,88,14780.0,2.12,4.75,0.8,1.0,1.8,0.1,0.9,2.0,6.5,3.39,1,0,0,0,0,0,0,0,0,1,0,0
2026-03-04 09:00:00,DAD,25.6,0.0,73,13.9,339,1013.5,82,24140.0,2.65,13.64,0.6,2.1,2.2,0.0,0.5,1.7,13.9,3.39,0,0,0,0,0,0,0,0,0,0,0,0
2026-03-04 10:00:00,DAD,25.7,0.1,92,16.7,340,1013.7,80,22500.0,2.9,16.45,0.1,1.5,1.6,0.1,0.2,1.4,16.7,2.9,1,0,0,0,0,0,0,0,1,1,0,1
2026-03-04 11:00:00,DAD,26.0,0.2,79,16.9,351,1013.3,77,24140.0,0.29,16.9,0.3,1.0,0.6,0.2,0.3,1.2,16.9,2.9,1,0,0,0,0,0,0,0,0,1,0,0
2026-03-04 12:00:00,DAD,26.3,0.1,25,15.4,349,1012.4,76,23240.0,0.27,15.4,0.3,0.7,-1.1,0.1,0.4,0.9,16.9,2.9,1,0,0,0,0,0,0,0,0,1,0,0
2026-03-04 13:00:00,DAD,27.2,0.0,14,16.1,340,1011.8,70,14780.0,2.8,15.86,0.9,1.5,-1.9,0.0,0.3,0.5,16.9,2.8,0,0,0,0,0,0,0,0,0,0,0,0
2026-03-04 14:00:00,DAD,27.1,0.0,37,19.7,337,1010.6,69,23960.0,4.43,19.2,-0.1,1.1,-2.7,0.0,0.1,0.4,19.7,4.43,0,0,0,0,0,0,0,0,0,0,0,0
2026-03-04 15:00:00,DAD,26.7,0.0,36,20.1,335,1009.6,70,24140.0,5.2,19.42,-0.4,0.4,-2.8,0.0,0.0,0.4,20.1,5.2,0,0,0,0,0,0,0,0,0,0,0,0
2026-03-04 16:00:00,DAD,25.7,0.0,50,19.5,343,1009.5,75,24140.0,2.38,19.35,-1.0,-1.5,-2.3,0.0,0.0,0.3,20.1,5.2,0,0,0,0,0,0,0,0,0,0,0,0
2026-03-04 17:00:00,DAD,24.9,0.0,63,17.2,350,1009.9,79,24140.0,0.0,17.2,-0.8,-2.2,-0.7,0.0,0.0,0.1,20.1,5.2,0,0,0,0,0,0,0,0,0,0,0,0
2026-03-04 18:00:00,DAD,24.1,0.0,77,12.3,350,1010.4,85,24140.0,0.0,12.3,-0.8,-2.6,0.8,0.0,0.0,0.0,19.5,2.38,0,0,0,0,0,0,0,0,0,0,0,0
2026-03-04 19:00:00,DAD,23.5,0.0,100,16.2,337,1010.9,88,24140.0,3.64,15.78,-0.6,-2.2,1.4,0.0,0.0,0.0,17.2,3.64,0,0,0,0,0,0,0,0,0,0,0,0
2026-03-04 20:00:00,DAD,23.2,0.0,100,14.6,340,1012.0,90,24140.0,2.54,14.38,-0.3,-1.7,2.1,0.0,0.0,0.0,16.2,3.64,0,0,0,0,0,0,0,0,0,0,0,0
2026-03-04 21:00:00,DAD,23.2,0.0,100,12.9,341,1012.4,89,24140.0,2.02,12.74,0.0,-0.9,2.0,0.0,0.0,0.0,16.2,3.64,0,0,0,0,0,0,0,0,0,0,0,0
2026-03-04 22:00:00,DAD,23.2,0.0,100,11.5,337,1012.6,89,24140.0,2.59,11.21,0.0,-0.3,1.7,0.0,0.0,0.0,14.6,2.59,0,0,0,0,0,0,0,0,0,0,0,0
2026-03-04 23:00:00,DAD,23.1,0.0,99,10.5,333,1012.6,90,24140.0,3.07,10.04,-0.1,-0.1,0.6,0.0,0.0,0.0,12.9,3.07,0,0,0,0,0,0,0,0,0,0,0,0
2026-03-05 00:00:00,DAD,23.0,0.0,55,9.4,334,1012.4,91,24140.0,2.59,9.04,-0.1,-0.2,0.0,0.0,0.0,0.0,11.5,3.07,0,0,0,0,0,0,0,0,0,0,0,0
2026-03-05 01:00:00,DAD,22.7,0.0,100,7.0,312,1012.5,89,24140.0,4.31,5.52,-0.3,-0.5,-0.1,0.0,0.0,0.0,10.5,4.31,0,0,0,0,0,0,0,0,0,0,0,0
2026-03-05 02:00:00,DAD,22.8,0.0,91,6.5,328,1012.1,88,24140.0,2.43,6.03,0.1,-0.3,-0.5,0.0,0.0,0.0,9.4,4.31,0,0,0,0,0,0,0,0,0,0,0,0
2026-03-05 03:00:00,DAD,22.7,0.0,100,7.3,332,1011.4,86,24140.0,2.26,6.94,-0.1,-0.3,-1.0,0.0,0.0,0.0,7.3,4.31,0,0,0,0,0,0,0,0,0,0,0,0
2026-03-05 04:00:00,DAD,22.6,0.2,100,7.2,325,1011.2,86,24140.0,3.04,6.53,-0.1,-0.1,-1.3,0.2,0.2,0.2,7.3,3.04,1,0,0,0,0,0,0,0,1,1,0,1
2026-03-05 05:00:00,DAD,22.7,0.1,100,5.1,321,1011.4,87,24140.0,2.47,4.46,0.1,-0.1,-0.7,0.1,0.3,0.3,7.3,3.04,1,0,0,0,0,0,0,0,1,1,0,1
2026-03-05 06:00:00,DAD,22.8,0.0,100,4.6,318,1011.9,86,24140.0,2.44,3.9,0.1,0.1,0.5,0.0,0.3,0.3,7.2,3.04,0,0,0,0,0,0,0,0,0,0,0,0
2026-03-05 07:00:00,DAD,22.8,0.0,98,3.1,283,1012.4,91,24140.0,2.85,1.21,0.0,0.2,1.2,0.0,0.1,0.3,5.1,2.85,0,0,0,0,0,0,0,0,0,0,0,0
2026-03-05 08:00:00,DAD,23.4,0.0,95,4.3,318,1013.0,87,24140.0,2.28,3.65,0.6,0.7,1.6,0.0,0.0,0.3,4.6,2.85,0,0,0,0,0,0,0,0,0,0,0,0
2026-03-05 09:00:00,DAD,24.0,0.1,100,6.2,334,1013.8,84,24140.0,1.71,5.96,0.6,1.2,1.9,0.1,0.1,0.4,6.2,2.85,1,0,0,0,0,0,0,0,1,1,0,1
2026-03-05 10:00:00,DAD,24.8,0.3,85,7.2,356,1014.1,81,24140.0,0.75,7.16,0.8,2.0,1.7,0.3,0.4,0.5,7.2,2.28,1,0,0,0,0,0,0,0,1,1,0,1
2026-03-05 11:00:00,DAD,25.7,0.3,100,10.7,12,1013.9,81,23820.0,4.01,9.92,0.9,2.3,0.9,0.3,0.7,0.7,10.7,4.01,1,0,0,0,0,0,0,0,1,1,0,1
2026-03-05 12:00:00,DAD,25.5,0.2,88,13.3,21,1012.9,81,24140.0,6.85,11.4,-0.2,1.5,-0.9,0.2,0.8,0.9,13.3,6.85,1,0,0,0,0,0,0,0,1,1,0,1
2026-03-05 13:00:00,DAD,25.5,0.2,65,11.4,16,1012.1,77,24140.0,5.0,10.25,0.0,0.7,-2.0,0.2,0.7,1.1,13.3,6.85,1,0,0,0,0,0,0,0,0,1,0,0
2026-03-05 14:00:00,DAD,25.8,0.1,98,10.0,28,1011.1,75,24140.0,6.16,7.88,0.3,0.1,-2.8,0.1,0.5,1.2,13.3,6.85,1,0,0,0,0,0,0,0,1,1,0,1
2026-03-05 15:00:00,DAD,25.5,0.0,58,12.5,20,1010.5,76,23120.0,6.25,10.83,-0.3,0.0,-2.4,0.0,0.3,1.1,12.5,6.25,0,0,0,0,0,0,0,0,0,0,0,0
2026-03-05 16:00:00,DAD,25.0,0.0,98,12.8,22,1010.6,78,24140.0,6.78,10.86,-0.5,-0.5,-1.5,0.0,0.1,0.8,12.8,6.78,0,0,0,0,0,0,0,0,0,0,0,0
2026-03-05 17:00:00,DAD,24.7,0.0,100,11.0,14,1011.0,79,20660.0,4.47,10.05,-0.3,-1.1,-0.1,0.0,0.0,0.5,12.8,6.78,0,0,0,0,0,0,0,0,0,0,0,0
2026-03-05 18:00:00,DAD,24.1,0.0,80,8.7,6,1011.2,85,24140.0,2.4,8.36,-0.6,-1.4,0.7,0.0,0.0,0.3,12.8,6.78,0,0,0,0,0,0,0,0,0,0,0,0
2026-03-05 19:00:00,DAD,23.5,0.0,93,8.7,4,1011.9,88,22800.0,2.1,8.44,-0.6,-1.5,1.3,0.0,0.0,0.1,11.0,4.47,0,0,0,0,0,0,0,0,0,0,0,0
2026-03-05 20:00:00,DAD,23.2,0.0,38,6.3,13,1013.0,91,21980.0,2.46,5.8,-0.3,-1.5,2.0,0.0,0.0,0.0,8.7,2.46,0,0,0,0,0,0,0,0,0,0,0,0
2026-03-05 21:00:00,DAD,22.9,0.0,97,6.1,32,1013.5,94,20840.0,4.08,4.53,-0.3,-1.2,2.3,0.0,0.0,0.0,8.7,4.08,0,0,0,0,0,0,0,0,0,0,0,0
2026-03-05 22:00:00,DAD,22.6,0.4,64,4.1,15,1014.0,92,23600.0,1.73,3.72,-0.3,-0.9,2.1,0.4,0.4,0.4,6.3,4.08,1,0,0,0,0,0,0,0,0,1,0,0
2026-03-05 23:00:00,DAD,22.7,0.1,99,4.4,12,1013.9,93,24140.0,1.65,4.08,0.1,-0.5,0.9,0.1,0.5,0.5,6.1,4.08,1,0,0,0,0,0,0,0,1,1,0,1
2026-03-06 00:00:00,DAD,22.6,0.1,100,3.9,28,1013.8,93,24140.0,2.4,3.07,-0.1,-0.3,0.3,0.1,0.6,0.6,4.4,2.4,1,0,0,0,0,0,0,0,1,1,0,1
2026-03-06 01:00:00,DAD,22.6,0.2,100,3.4,47,1013.4,91,24140.0,2.85,1.85,0.0,0.0,-0.6,0.2,0.4,0.8,4.4,2.85,1,0,0,0,0,0,0,0,1,1,0,1
2026-03-06 02:00:00,DAD,22.8,0.4,100,5.1,36,1013.2,90,23640.0,3.67,3.54,0.2,0.1,-0.7,0.4,0.7,1.2,5.1,3.67,1,0,0,0,0,0,0,0,1,1,0,1
2026-03-06 03:00:00,DAD,22.6,0.4,100,8.6,53,1012.8,92,23340.0,7.66,3.9,-0.2,0.0,-1.0,0.4,1.0,1.6,8.6,7.66,1,0,0,0,0,0,0,0,1,1,0,1
2026-03-06 04:00:00,DAD,22.7,0.4,98,7.6,59,1012.3,92,23980.0,7.1,2.72,0.1,0.1,-1.1,0.4,1.2,1.6,8.6,7.66,1,0,0,0,0,0,0,0,1,1,0,1
2026-03-06 05:00:00,DAD,22.5,0.4,99,8.0,40,1012.6,90,14780.0,6.13,5.14,-0.2,-0.3,-0.6,0.4,1.2,1.9,8.6,7.66,1,0,0,0,0,0,0,0,1,1,0,1
2026-03-06 06:00:00,DAD,22.0,0.4,100,11.6,48,1013.4,92,17960.0,9.84,6.15,-0.5,-0.6,0.6,0.4,1.2,2.2,11.6,9.84,1,0,0,0,0,0,0,0,1,1,0,1
2026-03-06 07:00:00,DAD,22.4,0.3,100,8.9,25,1014.1,95,15340.0,5.1,7.29,0.4,-0.3,1.8,0.3,1.1,2.3,11.6,9.84,1,0,0,0,0,0,0,0,1,1,0,1
2026-03-06 08:00:00,DAD,22.3,0.4,100,9.9,44,1015.1,96,14780.0,8.01,5.82,-0.1,-0.2,2.5,0.4,1.1,2.3,11.6,9.84,1,0,0,0,0,0,0,0,1,1,0,1
2026-03-06 09:00:00,DAD,23.7,0.4,100,13.1,49,1015.7,87,14780.0,11.23,6.75,1.4,1.7,2.3,0.4,1.1,2.3,13.1,11.23,1,0,0,0,0,0,0,0,1,1,0,1
2026-03-06 10:00:00,DAD,24.2,0.3,94,9.6,52,1015.9,84,14780.0,8.48,4.51,0.5,1.8,1.8,0.3,1.1,2.2,13.1,11.23,1,0,0,0,0,0,0,0,1,1,0,1
2026-03-06 11:00:00,DAD,24.9,0.1,88,11.7,54,1015.4,79,20860.0,10.52,5.13,0.7,2.6,0.3,0.1,0.8,1.9,13.1,11.23,1,0,0,0,0,0,0,0,1,1,0,1
2026-03-06 12:00:00,DAD,24.9,0.3,99,12.6,61,1014.6,79,17960.0,11.91,4.1,0.0,1.2,-1.1,0.3,0.7,1.8,12.6,11.91,1,0,0,0,0,0,0,0,1,1,0,1
2026-03-06 13:00:00,DAD,24.7,0.2,97,13.2,56,1014.2,77,19460.0,12.06,5.37,-0.2,0.5,-1.7,0.2,0.6,1.7,13.2,12.06,1,0,0,0,0,0,0,0,1,1,0,1
2026-03-06 14:00:00,DAD,24.9,0.3,100,14.9,56,1013.2,77,20000.0,13.61,6.06,0.2,0.0,-2.2,0.3,0.8,1.6,14.9,13.61,1,0,0,0,0,0,0,0,1,1,0,1
2026-03-06 15:00:00,DAD,24.9,0.4,89,13.9,56,1012.5,77,19840.0,12.7,5.65,0.0,0.0,-2.1,0.4,0.9,1.6,14.9,13.61,1,0,0,0,0,0,0,0,1,1,0,1
2026-03-06 16:00:00,DAD,24.8,0.1,34,14.6,63,1012.4,76,20820.0,13.96,4.27,-0.1,0.1,-1.8,0.1,0.8,1.4,14.9,13.96,1,0,0,0,0,0,0,0,0,1,0,0
2026-03-06 17:00:00,DAD,24.4,0.1,21,13.5,61,1012.3,78,21300.0,12.76,4.4,-0.4,-0.5,-0.9,0.1,0.6,1.4,14.6,13.96,1,0,0,0,0,0,0,0,0,1,0,0
2026-03-06 18:00:00,DAD,23.9,0.0,23,11.6,62,1012.7,81,24140.0,11.03,3.58,-0.5,-1.0,0.2,0.0,0.2,1.1,14.6,13.96,0,0,0,0,0,0,0,0,0,0,0,0
2026-03-06 19:00:00,DAD,24.0,0.0,44,10.7,65,1013.3,81,24140.0,10.34,2.77,0.1,-0.8,0.9,0.0,0.1,0.9,13.5,12.76,0,0,0,0,0,0,0,0,0,0,0,0
2026-03-06 20:00:00,DAD,23.7,0.1,97,9.3,68,1014.2,82,24140.0,9.1,1.93,-0.3,-0.7,1.9,0.1,0.1,0.7,11.6,11.03,1,0,0,0,0,0,0,0,1,1,0,1
2026-03-06 21:00:00,DAD,23.5,0.2,31,7.3,60,1014.6,84,24140.0,6.86,2.5,-0.2,-0.4,1.9,0.2,0.3,0.5,10.7,10.34,1,0,0,0,0,0,0,0,0,1,0,0
2026-03-06 22:00:00,DAD,22.9,0.0,9,2.2,66,1015.0,87,24140.0,2.13,0.53,-0.6,-1.1,1.7,0.0,0.3,0.4,9.3,9.1,0,0,0,0,0,0,0,0,0,0,0,0
2026-03-06 23:00:00,DAD,22.4,0.0,41,0.3,45,1014.9,90,24140.0,0.25,0.17,-0.5,-1.3,0.7,0.0,0.2,0.3,7.3,6.86,0,0,0,0,0,0,0,0,0,0,0,0
2026-03-07 00:00:00,DAD,22.0,0.0,100,1.3,34,1014.9,92,24140.0,0.9,0.94,-0.4,-1.5,0.3,0.0,0.0,0.3,2.2,2.13,0,0,0,0,0,0,0,0,0,0,0,0
2026-03-07 01:00:00,DAD,22.6,0.0,97,3.2,38,1014.4,90,24140.0,2.38,2.14,0.6,-0.3,-0.6,0.0,0.0,0.3,3.2,2.38,0,0,0,0,0,0,0,0,0,0,0,0
2026-03-07 02:00:00,DAD,22.7,0.0,66,5.3,45,1014.1,90,24000.0,4.34,3.04,0.1,0.3,-0.8,0.0,0.0,0.2,5.3,4.34,0,0,0,0,0,0,0,0,0,0,0,0
2026-03-07 03:00:00,DAD,22.5,0.0,95,6.5,39,1014.0,89,23780.0,4.91,4.26,-0.2,0.5,-0.9,0.0,0.0,0.0,6.5,4.91,0,0,0,0,0,0,0,0,0,0,0,0
2026-03-07 04:00:00,DAD,22.7,0.1,100,8.8,41,1014.1,87,14780.0,6.84,5.54,0.2,0.1,-0.3,0.1,0.1,0.1,8.8,6.84,1,0,0,0,0,0,0,0,1,1,0,1
2026-03-07 05:00:00,DAD,22.8,0.0,100,9.3,44,1014.6,84,14780.0,7.52,5.47,0.1,0.1,0.5,0.0,0.1,0.1,9.3,7.52,0,0,0,0,0,0,0,0,0,0,0,0
2026-03-07 06:00:00,DAD,23.1,0.1,89,11.2,42,1015.2,80,14780.0,8.83,6.9,0.3,0.6,1.2,0.1,0.2,0.2,11.2,8.83,1,0,0,0,0,0,0,0,1,1,0,1
2026-03-07 07:00:00,DAD,23.6,0.0,21,9.3,62,1016.3,80,22540.0,8.84,2.87,0.5,0.9,2.2,0.0,0.1,0.2,11.2,8.84,0,0,0,0,0,0,0,0,0,0,0,0
2026-03-07 08:00:00,DAD,24.4,0.1,25,13.3,72,1016.8,75,22040.0,13.17,1.85,0.8,1.6,2.2,0.1,0.2,0.3,13.3,13.17,1,0,0,0,0,0,0,0,0,1,0,0
2026-03-07 09:00:00,DAD,25.0,0.3,36,14.3,73,1017.3,72,20780.0,14.19,1.74,0.6,1.9,2.1,0.3,0.4,0.6,14.3,14.19,1,0,0,0,0,0,0,0,0,1,0,0
2026-03-07 10:00:00,DAD,25.9,0.2,16,13.2,73,1017.4,68,23820.0,13.1,1.61,0.9,2.3,1.1,0.2,0.6,0.7,14.3,14.19,1,0,0,0,0,0,0,0,0,1,0,0
2026-03-07 11:00:00,DAD,26.1,0.3,18,13.7,74,1016.7,67,24140.0,13.62,1.43,0.2,1.7,-0.1,0.3,0.8,1.0,14.3,14.19,1,0,0,0,0,0,0,0,0,1,0,0
2026-03-07 12:00:00,DAD,26.1,0.2,23,14.0,75,1015.7,68,23980.0,13.95,1.22,0.0,1.1,-1.6,0.2,0.7,1.1,14.0,13.95,1,0,0,0,0,0,0,0,0,1,0,0
2026-03-07 13:00:00,DAD,25.6,0.2,24,14.6,81,1015.1,69,24140.0,14.6,-0.25,-0.5,-0.3,-2.3,0.2,0.7,1.3,14.6,14.6,1,0,0,0,0,0,0,0,0,1,0,0
2026-03-07 14:00:00,DAD,25.4,0.3,27,13.9,86,1014.3,70,24140.0,13.82,-1.45,-0.2,-0.7,-2.4,0.3,0.7,1.5,14.6,14.6,1,0,0,0,0,0,0,0,0,1,0,0
2026-03-07 15:00:00,DAD,25.4,0.1,13,12.6,86,1013.7,70,24140.0,12.53,-1.32,0.0,-0.7,-2.0,0.1,0.6,1.3,14.6,14.6,1,0,0,0,0,0,0,0,0,1,0,0
2026-03-07 16:00:00,DAD,25.1,0.0,16,11.0,91,1013.4,71,24140.0,10.8,-2.1,-0.3,-0.5,-1.7,0.0,0.4,1.1,13.9,13.82,0,0,0,0,0,0,0,0,0,0,0,0
2026-03-07 17:00:00,DAD,24.5,0.0,19,9.9,91,1013.4,73,24140.0,9.72,-1.89,-0.6,-0.9,-0.9,0.0,0.1,0.8,12.6,12.53,0,0,0,0,0,0,0,0,0,0,0,0
2026-03-07 18:00:00,DAD,23.8,0.0,8,8.7,84,1013.6,79,24140.0,8.68,-0.61,-0.7,-1.6,-0.1,0.0,0.0,0.6,11.0,10.8,0,0,0,0,0,0,0,0,0,0,0,0
2026-03-07 19:00:00,DAD,23.8,0.0,15,7.1,97,1014.4,81,24140.0,6.79,-2.08,0.0,-1.3,1.0,0.0,0.0,0.4,9.9,9.72,0,0,0,0,0,0,0,0,0,0,0,0
2026-03-07 20:00:00,DAD,23.6,0.0,5,6.7,92,1015.1,80,24140.0,6.55,-1.39,-0.2,-0.9,1.7,0.0,0.0,0.1,8.7,8.68,0,0,0,0,0,0,0,0,0,0,0,0
2026-03-07 21:00:00,DAD,23.4,0.0,13,5.2,88,1015.6,81,24140.0,5.15,-0.72,-0.2,-0.4,2.0,0.0,0.0,0.0,7.1,6.79,0,0,0,0,0,0,0,0,0,0,0,0
2026-03-07 22:00:00,DAD,23.3,0.0,28,5.4,82,1015.8,81,24140.0,5.4,-0.19,-0.1,-0.5,1.4,0.0,0.0,0.0,6.7,6.55,0,0,0,0,0,0,0,0,0,0,0,0
2026-03-07 23:00:00,DAD,22.6,0.0,73,4.2,83,1015.8,85,24140.0,4.19,-0.22,-0.7,-1.0,0.7,0.0,0.0,0.0,5.4,5.4,0,0,0,0,0,0,0,0,0,0,0,0
2026-03-08 00:00:00,DAD,22.1,0.0,32,3.3,84,1016.0,86,24140.0,3.29,-0.23,-0.5,-1.3,0.4,0.0,0.0,0.0,5.4,5.4,0,0,0,0,0,0,0,0,0,0,0,0
2026-03-08 01:00:00,DAD,22.5,0.0,27,2.9,43,1015.6,86,24140.0,2.32,1.75,0.4,-0.8,-0.2,0.0,0.0,0.0,4.2,4.19,0,0,0,0,0,0,0,0,0,0,0,0
2026-03-08 02:00:00,DAD,22.6,0.0,34,1.3,360,1015.2,84,24140.0,0.23,1.28,0.1,0.0,-0.6,0.0,0.0,0.0,3.3,3.29,0,0,0,0,0,0,0,0,0,0,0,0
2026-03-08 03:00:00,DAD,22.1,0.0,61,6.7,52,1015.2,87,24140.0,5.92,3.15,-0.5,0.0,-0.8,0.0,0.0,0.0,6.7,5.92,0,0,0,0,0,0,0,0,0,0,0,0
2026-03-08 04:00:00,DAD,21.8,0.0,40,3.6,30,1015.0,89,24140.0,2.31,2.76,-0.3,-0.7,-0.6,0.0,0.0,0.0,6.7,5.92,0,0,0,0,0,0,0,0,0,0,0,0
2026-03-08 05:00:00,DAD,21.5,0.1,29,1.7,319,1015.1,90,24140.0,0.88,1.46,-0.3,-1.1,-0.1,0.1,0.1,0.1,6.7,5.92,1,0,0,0,0,0,0,0,0,1,0,0
2026-03-08 06:00:00,DAD,21.2,0.2,43,0.7,284,1015.7,91,24140.0,0.64,0.28,-0.3,-0.9,0.5,0.2,0.3,0.3,3.6,2.31,1,0,0,0,0,0,0,0,0,1,0,0
2026-03-08 07:00:00,DAD,22.6,0.2,27,2.3,39,1016.2,88,24140.0,1.74,1.51,1.4,0.8,1.2,0.2,0.5,0.5,2.3,1.74,1,0,0,0,0,0,0,0,0,1,0,0
2026-03-08 08:00:00,DAD,23.9,0.3,31,1.3,74,1016.7,83,24140.0,1.29,0.14,1.3,2.4,1.6,0.3,0.7,0.8,2.3,1.74,1,0,0,0,0,0,0,0,0,1,0,0
2026-03-08 09:00:00,DAD,24.9,0.4,63,7.8,77,1017.0,72,24140.0,7.79,0.41,1.0,3.7,1.3,0.4,0.9,1.2,7.8,7.79,1,0,0,0,0,0,0,0,0,1,0,0
2026-03-08 10:00:00,DAD,25.6,0.1,62,12.5,74,1016.9,68,24140.0,12.43,1.31,0.7,3.0,0.7,0.1,0.8,1.3,12.5,12.43,1,0,0,0,0,0,0,0,0,1,0,0
2026-03-08 11:00:00,DAD,26.2,0.0,28,13.0,70,1016.2,66,24140.0,12.8,2.26,0.6,2.3,-0.5,0.0,0.5,1.2,13.0,12.8,0,0,0,0,0,0,0,0,0,0,0,0
2026-03-08 12:00:00,DAD,26.8,0.0,23,12.7,69,1015.2,64,24140.0,12.47,2.42,0.6,1.9,-1.8,0.0,0.1,1.0,13.0,12.8,0,0,0,0,0,0,0,0,0,0,0,0
2026-03-08 13:00:00,DAD,26.5,0.1,48,12.6,64,1014.4,65,24140.0,12.11,3.47,-0.3,0.9,-2.5,0.1,0.1,0.9,13.0,12.8,1,0,0,0,0,0,0,0,0,1,0,0
2026-03-08 14:00:00,DAD,25.7,0.0,13,14.2,60,1013.8,70,24140.0,13.34,4.86,-0.8,-0.5,-2.4,0.0,0.1,0.6,14.2,13.34,0,0,0,0,0,0,0,0,0,0,0,0
2026-03-08 15:00:00,DAD,25.1,0.1,37,14.0,61,1013.2,72,24140.0,13.24,4.56,-0.6,-1.7,-2.0,0.1,0.2,0.3,14.2,13.34,1,0,0,0,0,0,0,0,0,1,0,0
2026-03-08 16:00:00,DAD,24.8,0.1,34,13.5,56,1013.1,76,23880.0,12.33,5.49,-0.3,-1.7,-1.3,0.1,0.2,0.3,14.2,13.34,1,0,0,0,0,0,0,0,0,1,0,0
2026-03-08 17:00:00,DAD,24.4,0.0,17,10.7,55,1013.1,79,24140.0,9.7,4.52,-0.4,-1.3,-0.7,0.0,0.2,0.3,14.0,13.24,0,0,0,0,0,0,0,0,0,0,0,0
2026-03-08 18:00:00,DAD,24.1,0.0,91,8.4,65,1013.5,81,24120.0,8.11,2.17,-0.3,-1.0,0.3,0.0,0.1,0.3,13.5,12.33,0,0,0,0,0,0,0,0,0,0,0,0
2026-03-08 19:00:00,DAD,23.2,0.2,59,5.5,36,1014.2,88,14780.0,3.96,3.82,-0.9,-1.6,1.1,0.2,0.2,0.4,10.7,9.7,1,0,0,0,0,0,0,0,0,1,0,0
2026-03-08 20:00:00,DAD,22.6,0.3,96,8.6,49,1015.0,88,21120.0,7.37,4.43,-0.6,-1.8,1.9,0.3,0.5,0.7,8.6,8.11,1,0,0,0,0,0,0,0,1,1,0,1
2026-03-08 21:00:00,DAD,22.5,0.4,94,4.1,23,1015.6,90,23480.0,2.23,3.44,-0.1,-1.6,2.1,0.4,0.9,1.0,8.6,7.37,1,0,0,0,0,0,0,0,1,1,0,1
2026-03-08 22:00:00,DAD,22.4,0.3,100,1.2,321,1016.1,88,17220.0,0.58,1.05,-0.1,-0.8,1.9,0.3,1.0,1.2,8.6,7.37,1,0,0,0,0,0,0,0,1,1,0,1
2026-03-08 23:00:00,DAD,22.1,0.4,100,7.5,336,1016.2,93,14780.0,1.81,7.28,-0.3,-0.5,1.2,0.4,1.1,1.6,7.5,2.23,1,0,0,0,0,0,0,0,1,1,0,1
2026-03-09 00:00:00,DAD,21.9,0.4,100,7.4,338,1016.1,95,18180.0,1.54,7.24,-0.2,-0.6,0.5,0.4,1.1,2.0,7.5,1.81,1,0,0,0,0,0,0,0,1,1,0,1
2026-03-09 01:00:00,DAD,22.0,0.4,100,11.6,39,1015.3,96,14780.0,8.75,7.61,0.1,-0.4,-0.8,0.4,1.2,2.2,11.6,8.75,1,0,0,0,0,0,0,0,1,1,0,1
2026-03-09 02:00:00,DAD,22.2,0.4,78,11.5,35,1015.1,92,14780.0,8.13,8.13,0.2,0.1,-1.1,0.4,1.2,2.3,11.6,8.75,1,0,0,0,0,0,0,0,0,1,0,0
2026-03-09 03:00:00,DAD,21.8,0.4,100,8.7,40,1014.8,92,14780.0,6.66,5.59,-0.4,-0.1,-1.3,0.4,1.2,2.3,11.6,8.75,1,0,0,0,0,0,0,0,1,1,0,1
2026-03-09 04:00:00,DAD,21.9,0.4,99,7.7,33,1014.9,93,14780.0,5.25,5.63,0.1,-0.1,-0.4,0.4,1.2,2.4,11.5,8.13,1,0,0,0,0,0,0,0,1,1,0,1
2026-03-09 05:00:00,DAD,22.0,0.2,82,3.3,354,1015.3,94,14780.0,0.23,3.29,0.1,-0.2,0.2,0.2,1.0,2.2,8.7,6.66,1,0,0,0,0,0,0,0,1,1,0,1
2026-03-09 06:00:00,DAD,21.5,0.2,98,6.1,14,1016.0,96,14780.0,2.48,5.57,-0.5,-0.3,1.2,0.2,0.8,2.0,7.7,5.25,1,0,0,0,0,0,0,0,1,1,0,1
2026-03-09 07:00:00,DAD,22.6,0.1,87,8.0,28,1016.6,92,14780.0,4.93,6.3,1.1,0.7,1.7,0.1,0.5,1.7,8.0,4.93,1,0,0,0,0,0,0,0,1,1,0,1
2026-03-09 08:00:00,DAD,24.4,0.1,48,14.7,43,1017.1,86,14780.0,11.74,8.85,1.8,2.4,1.8,0.1,0.4,1.4,14.7,11.74,1,0,0,0,0,0,0,0,0,1,0,0
2026-03-09 09:00:00,DAD,24.8,0.3,29,16.6,42,1017.7,83,14780.0,13.08,10.22,0.4,3.3,1.7,0.3,0.5,1.3,16.6,13.08,1,0,0,0,0,0,0,0,0,1,0,0
2026-03-09 10:00:00,DAD,25.9,0.1,34,17.6,49,1017.7,77,20160.0,15.09,9.06,1.1,3.3,1.1,0.1,0.5,1.0,17.6,15.09,1,0,0,0,0,0,0,0,0,1,0,0
2026-03-09 11:00:00,DAD,26.0,0.0,34,18.3,51,1017.4,77,14780.0,16.01,8.87,0.1,1.6,0.3,0.0,0.4,0.8,18.3,16.01,0,0,0,0,0,0,0,0,0,0,0,0
2026-03-09 12:00:00,DAD,25.8,0.1,41,17.7,47,1016.6,79,19700.0,14.84,9.64,-0.2,1.0,-1.1,0.1,0.2,0.7,18.3,16.01,1,0,0,0,0,0,0,0,0,1,0,0
2026-03-09 13:00:00,DAD,25.7,0.1,36,15.9,43,1016.1,78,24140.0,12.7,9.57,-0.1,-0.2,-1.6,0.1,0.2,0.7,18.3,16.01,1,0,0,0,0,0,0,0,0,1,0,0
2026-03-09 14:00:00,DAD,25.2,0.4,48,15.5,44,1015.6,79,20600.0,12.54,9.11,-0.5,-0.8,-1.8,0.4,0.6,1.0,17.7,14.84,1,0,0,0,0,0,0,0,0,1,0,0
2026-03-09 15:00:00,DAD,24.4,0.3,74,15.3,45,1015.2,82,24140.0,12.53,8.78,-0.8,-1.4,-1.4,0.3,0.8,1.0,15.9,12.7,1,0,0,0,0,0,0,0,0,1,0,0
2026-03-09 16:00:00,DAD,24.0,0.4,95,14.7,35,1015.4,81,14780.0,10.39,10.39,-0.4,-1.7,-0.7,0.4,1.1,1.3,15.5,12.54,1,0,0,0,0,0,0,0,1,1,0,1
2026-03-09 17:00:00,DAD,23.4,0.2,96,13.6,31,1015.5,85,18100.0,8.92,10.26,-0.6,-1.8,-0.1,0.2,0.9,1.5,15.3,12.53,1,0,0,0,0,0,0,0,1,1,0,1
2026-03-09 18:00:00,DAD,22.6,0.4,97,11.1,8,1015.6,90,15380.0,3.43,10.56,-0.8,-1.8,0.4,0.4,1.0,1.8,14.7,10.39,1,0,0,0,0,0,0,0,1,1,0,1
2026-03-09 19:00:00,DAD,23.0,0.4,94,14.2,29,1016.3,94,14780.0,8.94,11.04,0.4,-1.0,0.9,0.4,1.0,2.1,14.2,8.94,1,0,0,0,0,0,0,0,1,1,0,1
2026-03-09 20:00:00,DAD,22.6,0.4,100,16.8,33,1017.2,93,14780.0,11.46,12.29,-0.4,-0.8,1.7,0.4,1.2,2.1,16.8,11.46,1,0,0,0,0,0,0,0,1,1,0,1
2026-03-09 21:00:00,DAD,22.4,0.4,96,12.5,20,1017.7,94,14780.0,6.25,10.83,-0.2,-0.2,2.1,0.4,1.2,2.2,16.8,11.46,1,0,0,0,0,0,0,0,1,1,0,1
2026-03-09 22:00:00,DAD,22.8,0.3,70,12.0,37,1018.3,93,14780.0,8.78,8.18,0.4,-0.2,2.0,0.3,1.1,2.1,16.8,11.46,1,0,0,0,0,0,0,0,0,1,0,0
2026-03-09 23:00:00,DAD,22.5,0.4,84,16.0,26,1018.3,93,14780.0,9.4,12.94,-0.3,-0.1,1.1,0.4,1.1,2.3,16.0,9.4,1,0,0,0,0,0,0,0,1,1,0,1
2026-03-10 00:00:00,DAD,22.3,0.4,89,16.2,26,1018.2,92,14780.0,9.52,13.11,-0.2,-0.1,0.5,0.4,1.1,2.3,16.2,9.52,1,0,0,0,0,0,0,0,1,1,0,1
2026-03-10 01:00:00,DAD,22.3,0.4,81,16.1,30,1017.4,93,14780.0,10.35,12.33,0.0,-0.5,-0.9,0.4,1.2,2.3,16.2,10.35,1,0,0,0,0,0,0,0,1,1,0,1
2026-03-10 02:00:00,DAD,22.2,0.4,82,13.1,27,1017.3,92,14780.0,7.88,10.46,-0.1,-0.3,-1.0,0.4,1.2,2.3,16.2,10.35,1,0,0,0,0,0,0,0,1,1,0,1
2026-03-10 03:00:00,DAD,22.2,0.4,71,14.7,19,1016.7,92,14780.0,7.13,12.86,0.0,-0.1,-1.5,0.4,1.2,2.3,16.1,10.35,1,0,0,0,0,0,0,0,0,1,0,0
2026-03-10 04:00:00,DAD,22.0,0.4,98,15.2,22,1016.7,91,14780.0,8.05,12.89,-0.2,-0.3,-0.7,0.4,1.2,2.4,15.2,8.05,1,0,0,0,0,0,0,0,1,1,0,1
2026-03-10 05:00:00,DAD,22.1,0.4,88,12.9,23,1017.0,92,14780.0,7.03,10.82,0.1,-0.1,-0.3,0.4,1.2,2.4,15.2,8.05,1,0,0,0,0,0,0,0,1,1,0,1
2026-03-10 06:00:00,DAD,21.6,0.4,98,13.2,38,1017.5,93,14780.0,9.81,8.83,-0.5,-0.6,0.8,0.4,1.2,2.4,15.2,9.81,1,0,0,0,0,0,0,0,1,1,0,1
2026-03-10 07:00:00,DAD,22.4,0.4,83,10.3,25,1018.2,93,14780.0,5.91,8.44,0.8,0.4,1.5,0.4,1.2,2.4,13.2,9.81,1,0,0,0,0,0,0,0,1,1,0,1
2026-03-10 08:00:00,DAD,22.6,0.4,99,18.1,41,1019.2,90,14780.0,14.07,11.39,0.2,0.5,2.2,0.4,1.2,2.4,18.1,14.07,1,0,0,0,0,0,0,0,1,1,0,1
2026-03-10 09:00:00,DAD,23.5,0.4,48,21.1,43,1019.5,83,14780.0,16.85,12.7,0.9,1.9,2.0,0.4,1.2,2.4,21.1,16.85,1,0,0,0,0,0,0,0,0,1,0,0
2026-03-10 10:00:00,DAD,23.9,0.4,32,18.9,33,1019.9,84,14780.0,12.89,13.82,0.4,1.5,1.7,0.4,1.2,2.4,21.1,16.85,1,0,0,0,0,0,0,0,0,1,0,0
2026-03-10 11:00:00,DAD,23.8,0.4,99,20.4,34,1019.4,81,18240.0,14.17,14.67,-0.1,1.2,0.2,0.4,1.2,2.4,21.1,16.85,1,0,0,0,0,0,0,0,1,1,0,1
2026-03-10 12:00:00,DAD,23.5,0.4,82,22.6,32,1018.4,80,18500.0,15.12,16.8,-0.3,0.0,-1.1,0.4,1.2,2.4,22.6,15.12,1,0,0,0,0,0,0,0,1,1,0,1
2026-03-10 13:00:00,DAD,23.8,0.4,51,23.7,36,1017.6,78,19720.0,17.05,16.46,0.3,-0.1,-2.3,0.4,1.2,2.4,23.7,17.05,1,0,0,0,0,0,0,0,0,1,0,0
2026-03-10 14:00:00,DAD,23.6,0.2,31,22.5,30,1016.7,78,16260.0,14.46,17.24,-0.2,-0.2,-2.7,0.2,1.0,2.2,23.7,17.05,1,0,0,0,0,0,0,0,0,1,0,0
2026-03-10 15:00:00,DAD,23.9,0.4,34,21.5,32,1016.3,76,18060.0,14.39,15.98,0.3,0.4,-2.1,0.4,1.0,2.2,23.7,17.05,1,0,0,0,0,0,0,0,0,1,0,0
2026-03-10 16:00:00,DAD,23.5,0.2,19,19.3,35,1016.2,77,14780.0,13.65,13.65,-0.4,-0.3,-1.4,0.2,0.8,2.0,22.5,14.46,1,0,0,0,0,0,0,0,0,1,0,0
2026-03-10 17:00:00,DAD,23.0,0.1,48,17.7,33,1016.3,80,14780.0,12.07,12.94,-0.5,-0.6,-0.4,0.1,0.7,1.7,21.5,14.39,1,0,0,0,0,0,0,0,0,1,0,0
2026-03-10 18:00:00,DAD,22.4,0.3,47,14.7,31,1016.5,84,22200.0,9.64,11.09,-0.6,-1.5,0.2,0.3,0.6,1.6,19.3,13.65,1,0,0,0,0,0,0,0,0,1,0,0
2026-03-10 19:00:00,DAD,22.5,0.3,23,13.6,26,1017.2,83,23820.0,7.99,11.0,0.1,-1.0,1.0,0.3,0.7,1.5,17.7,12.07,1,0,0,0,0,0,0,0,0,1,0,0
2026-03-10 20:00:00,DAD,22.1,0.2,23,12.8,32,1017.8,86,15720.0,8.56,9.51,-0.4,-0.9,1.5,0.2,0.8,1.5,14.7,9.64,1,0,0,0,0,0,0,0,0,1,0,0
2026-03-10 21:00:00,DAD,22.1,0.1,55,12.2,27,1017.9,85,21260.0,7.34,9.74,0.0,-0.3,1.4,0.1,0.6,1.2,13.6,8.56,1,0,0,0,0,0,0,0,0,1,0,0
2026-03-10 22:00:00,DAD,22.3,0.0,41,10.9,27,1018.1,84,24100.0,6.56,8.71,0.2,-0.2,0.9,0.0,0.3,1.0,12.8,8.56,0,0,0,0,0,0,0,0,0,0,0,0
2026-03-10 23:00:00,DAD,22.3,0.1,34,7.8,19,1017.9,84,23720.0,3.78,6.82,0.0,0.2,0.1,0.1,0.2,1.0,12.2,7.34,1,0,0,0,0,0,0,0,0,1,0,0
2026-03-11 00:00:00,DAD,22.1,0.0,38,6.7,8,1017.5,86,17200.0,2.07,6.37,-0.2,0.0,-0.4,0.0,0.1,0.7,10.9,6.56,0,0,0,0,0,0,0,0,0,0,0,0
2026-03-11 01:00:00,DAD,21.5,0.1,100,9.0,334,1017.4,88,21660.0,2.48,8.65,-0.6,-0.8,-0.7,0.1,0.2,0.5,9.0,3.78,1,0,0,0,0,0,0,0,1,1,0,1
2026-03-11 02:00:00,DAD,21.2,0.0,56,8.7,339,1016.7,89,23860.0,1.66,8.54,-0.3,-1.1,-1.2,0.0,0.1,0.3,9.0,2.48,0,0,0,0,0,0,0,0,0,0,0,0
2026-03-11 03:00:00,DAD,21.4,0.1,75,6.6,334,1016.1,88,17360.0,1.82,6.34,0.2,-0.7,-1.4,0.1,0.2,0.3,9.0,2.48,1,0,0,0,0,0,0,0,0,1,0,0
2026-03-11 04:00:00,DAD,21.1,0.1,98,6.8,360,1015.8,91,22640.0,1.18,6.7,-0.3,-0.4,-1.6,0.1,0.2,0.4,8.7,1.82,1,0,0,0,0,0,0,0,1,1,0,1
2026-03-11 05:00:00,DAD,21.0,0.1,65,7.7,339,1016.2,92,19840.0,1.47,7.56,-0.1,-0.2,-0.5,0.1,0.3,0.4,7.7,1.82,1,0,0,0,0,0,0,0,0,1,0,0
2026-03-11 06:00:00,DAD,20.8,0.2,100,4.6,339,1016.5,93,22380.0,0.88,4.52,-0.2,-0.6,0.4,0.2,0.4,0.6,7.7,1.47,1,0,0,0,0,0,0,0,1,1,0,1
2026-03-11 07:00:00,DAD,21.0,0.1,96,4.4,325,1017.0,96,17720.0,1.86,3.99,0.2,-0.1,1.2,0.1,0.4,0.6,7.7,1.86,1,0,0,0,0,0,0,0,1,1,0,1
2026-03-11 08:00:00,DAD,22.0,0.2,66,5.6,339,1017.4,89,22460.0,1.07,5.5,1.0,1.0,1.2,0.2,0.5,0.8,5.6,1.86,1,0,0,0,0,0,0,0,0,1,0,0
2026-03-11 09:00:00,DAD,23.0,0.1,23,9.6,3,1017.6,84,21020.0,2.16,9.35,1.0,2.2,1.1,0.1,0.4,0.8,9.6,2.16,1,0,0,0,0,0,0,0,0,1,0,0
2026-03-11 10:00:00,DAD,23.8,0.2,34,9.7,19,1017.6,79,24140.0,4.7,8.48,0.8,2.8,0.6,0.2,0.5,0.9,9.7,4.7,1,0,0,0,0,0,0,0,0,1,0,0
2026-03-11 11:00:00,DAD,24.5,0.3,47,10.6,28,1017.1,76,24140.0,6.53,8.35,0.7,2.5,-0.3,0.3,0.6,1.1,10.6,6.53,1,0,0,0,0,0,0,0,0,1,0,0
2026-03-11 12:00:00,DAD,24.9,0.1,44,11.1,36,1016.1,74,24140.0,7.98,7.71,0.4,1.9,-1.5,0.1,0.6,1.0,11.1,7.98,1,0,0,0,0,0,0,0,0,1,0,0
2026-03-11 13:00:00,DAD,24.0,0.0,99,8.8,31,1015.4,74,23200.0,5.77,6.64,-0.9,0.2,-2.2,0.0,0.4,0.9,11.1,7.98,0,0,0,0,0,0,0,0,0,0,0,0
2026-03-11 14:00:00,DAD,24.2,0.1,53,9.7,42,1014.5,73,23640.0,7.64,5.97,0.2,-0.3,-2.6,0.1,0.2,0.8,11.1,7.98,1,0,0,0,0,0,0,0,0,1,0,0
2026-03-11 15:00:00,DAD,24.1,0.1,48,11.0,48,1013.9,75,23840.0,9.33,5.83,-0.1,-0.8,-2.2,0.1,0.2,0.8,11.0,9.33,1,0,0,0,0,0,0,0,0,1,0,0
2026-03-11 16:00:00,DAD,23.6,0.2,47,11.6,47,1013.7,77,23980.0,9.73,6.32,-0.5,-0.4,-1.7,0.2,0.4,0.8,11.6,9.73,1,0,0,0,0,0,0,0,0,1,0,0
2026-03-11 17:00:00,DAD,22.9,0.2,59,11.1,50,1013.8,80,23020.0,9.61,5.55,-0.7,-1.3,-0.7,0.2,0.5,0.7,11.6,9.73,1,0,0,0,0,0,0,0,0,1,0,0
2026-03-11 18:00:00,DAD,21.9,0.2,78,9.6,50,1013.9,87,24020.0,8.31,4.8,-1.0,-2.2,0.0,0.2,0.6,0.8,11.6,9.73,1,0,0,0,0,0,0,0,0,1,0,0
2026-03-11 19:00:00,DAD,22.8,0.2,100,4.4,9,1014.6,87,22020.0,1.43,4.16,0.9,-0.8,0.9,0.2,0.6,1.0,11.1,9.61,1,0,0,0,0,0,0,0,1,1,0,1
2026-03-11 20:00:00,DAD,22.5,0.2,100,5.6,21,1015.2,88,24100.0,2.88,4.8,-0.3,-0.4,1.4,0.2,0.6,1.1,9.6,8.31,1,0,0,0,0,0,0,0,1,1,0,1
2026-03-11 21:00:00,DAD,22.2,0.3,100,3.8,17,1015.7,90,23700.0,1.73,3.39,-0.3,0.3,1.8,0.3,0.7,1.3,5.6,2.88,1,0,0,0,0,0,0,0,1,1,0,1
2026-03-11 22:00:00,DAD,22.0,0.4,100,5.2,25,1016.2,91,23980.0,2.98,4.26,-0.2,-0.8,1.6,0.4,0.9,1.5,5.6,2.98,1,0,0,0,0,0,0,0,1,1,0,1
2026-03-11 23:00:00,DAD,22.1,0.1,100,4.6,26,1015.8,92,21220.0,2.7,3.72,0.1,-0.4,0.6,0.1,0.8,1.4,5.2,2.98,1,0,0,0,0,0,0,0,1,1,0,1
2026-03-12 00:00:00,DAD,21.7,0.4,70,6.0,57,1015.3,93,18320.0,5.52,2.34,-0.4,-0.5,-0.4,0.4,0.9,1.6,6.0,5.52,1,0,0,0,0,0,0,0,0,1,0,0
2026-03-12 01:00:00,DAD,21.5,0.4,98,6.4,80,1015.2,93,14780.0,6.4,-0.0,-0.2,-0.5,-1.0,0.4,0.9,1.8,6.4,6.4,1,0,0,0,0,0,0,0,1,1,0,1
2026-03-12 02:00:00,DAD,21.3,0.2,99,8.3,60,1014.5,93,15040.0,7.8,2.84,-0.2,-0.8,-1.3,0.2,1.0,1.8,8.3,7.8,1,0,0,0,0,0,0,0,1,1,0,1
2026-03-12 03:00:00,DAD,21.1,0.1,100,1.4,310,1014.3,92,21120.0,0.9,1.07,-0.2,-0.6,-1.0,0.1,0.7,1.6,8.3,7.8,1,0,0,0,0,0,0,0,1,1,0,1
2026-03-12 04:00:00,DAD,21.1,0.1,100,2.7,290,1014.2,93,20240.0,2.34,1.35,0.0,-0.4,-1.0,0.1,0.4,1.3,8.3,7.8,1,0,0,0,0,0,0,0,1,1,0,1
2026-03-12 05:00:00,DAD,21.0,0.4,100,2.2,360,1014.9,92,19620.0,0.38,2.17,-0.1,-0.3,0.4,0.4,0.6,1.6,2.7,2.34,1,0,0,0,0,0,0,0,1,1,0,1
2026-03-12 06:00:00,DAD,21.5,0.2,100,1.0,121,1015.4,91,19720.0,0.75,-0.66,0.5,0.4,1.1,0.2,0.7,1.4,2.7,2.34,1,0,0,0,0,0,0,0,1,1,0,1
2026-03-12 07:00:00,DAD,22.1,0.0,98,5.0,49,1015.8,92,20900.0,4.29,2.58,0.6,1.0,1.6,0.0,0.6,1.0,5.0,4.29,0,0,0,0,0,0,0,0,0,0,0,0
2026-03-12 08:00:00,DAD,22.4,0.3,100,6.2,68,1016.8,89,18860.0,6.06,1.29,0.3,1.4,1.9,0.3,0.5,1.1,6.2,6.06,1,0,0,0,0,0,0,0,1,1,0,1
2026-03-12 09:00:00,DAD,22.8,0.4,100,8.7,60,1017.3,86,16160.0,8.18,2.98,0.4,1.3,1.9,0.4,0.7,1.4,8.7,8.18,1,0,0,0,0,0,0,0,1,1,0,1
2026-03-12 10:00:00,DAD,23.1,0.1,80,9.4,64,1017.0,82,15840.0,9.04,2.59,0.3,1.0,1.2,0.1,0.8,1.4,9.4,9.04,1,0,0,0,0,0,0,0,0,1,0,0
2026-03-12 11:00:00,DAD,24.0,0.0,100,7.0,64,1016.5,79,23620.0,6.73,1.93,0.9,1.6,-0.3,0.0,0.5,1.0,9.4,9.04,0,0,0,0,0,0,0,0,0,0,0,0
2026-03-12 12:00:00,DAD,24.6,0.2,100,13.7,55,1015.3,73,20740.0,12.42,5.79,0.6,1.8,-2.0,0.2,0.3,1.0,13.7,12.42,1,0,0,0,0,0,0,0,1,1,0,1
2026-03-12 13:00:00,DAD,23.4,0.4,100,13.5,71,1014.5,79,19320.0,13.33,2.11,-1.2,0.3,-2.5,0.4,0.6,1.4,13.7,13.33,1,0,0,0,0,0,0,0,1,1,0,1
2026-03-12 14:00:00,DAD,23.1,0.1,100,13.5,67,1013.9,80,19660.0,13.15,3.04,-0.3,-0.9,-2.6,0.1,0.7,1.2,13.7,13.33,1,0,0,0,0,0,0,0,1,1,0,1
2026-03-12 15:00:00,DAD,23.5,0.0,98,14.0,61,1013.3,78,16160.0,13.24,4.56,0.4,-1.1,-2.0,0.0,0.5,0.8,14.0,13.33,0,0,0,0,0,0,0,0,0,0,0,0
2026-03-12 16:00:00,DAD,23.0,0.4,100,14.2,63,1013.1,82,16280.0,13.58,4.15,-0.5,-0.4,-1.4,0.4,0.5,1.1,14.2,13.58,1,0,0,0,0,0,0,0,1,1,0,1
2026-03-12 17:00:00,DAD,23.0,0.0,83,12.4,57,1013.4,81,14780.0,11.41,4.85,0.0,-0.1,-0.5,0.0,0.4,1.1,14.2,13.58,0,0,0,0,0,0,0,0,0,0,0,0
2026-03-12 18:00:00,DAD,22.2,0.4,98,13.4,61,1013.6,85,14780.0,12.67,4.36,-0.8,-1.3,0.3,0.4,0.8,1.3,14.2,13.58,1,0,0,0,0,0,0,0,1,1,0,1
2026-03-12 19:00:00,DAD,22.1,0.1,100,12.2,49,1014.6,88,14780.0,10.46,6.28,-0.1,-0.9,1.5,0.1,0.5,1.0,13.4,12.67,1,0,0,0,0,0,0,0,1,1,0,1
2026-03-12 20:00:00,DAD,22.0,0.4,100,13.9,56,1015.3,89,14780.0,12.7,5.65,-0.1,-1.0,1.9,0.4,0.9,1.3,13.9,12.7,1,0,0,0,0,0,0,0,1,1,0,1
2026-03-12 21:00:00,DAD,21.9,0.4,100,15.6,49,1016.2,90,14780.0,13.37,8.03,-0.1,-0.3,2.6,0.4,0.9,1.7,15.6,13.37,1,0,0,0,0,0,0,0,1,1,0,1
2026-03-12 22:00:00,DAD,22.2,0.2,100,15.0,58,1016.4,88,14780.0,13.91,5.62,0.3,0.1,1.8,0.2,1.0,1.5,15.6,13.91,1,0,0,0,0,0,0,0,1,1,0,1
2026-03-12 23:00:00,DAD,22.1,0.2,100,13.9,56,1016.5,87,16300.0,12.7,5.65,-0.1,0.1,1.2,0.2,0.8,1.7,15.6,13.91,1,0,0,0,0,0,0,0,1,1,0,1
2026-03-13 00:00:00,DAD,22.2,0.1,100,15.3,60,1016.1,86,14780.0,14.38,5.23,0.1,0.3,-0.1,0.1,0.5,1.4,15.3,14.38,1,0,0,0,0,0,0,0,1,1,0,1
2026-03-13 01:00:00,DAD,21.6,0.2,100,15.4,48,1016.0,88,14780.0,13.06,8.16,-0.6,-0.6,-0.4,0.2,0.5,1.5,15.4,14.38,1,0,0,0,0,0,0,0,1,1,0,1
2026-03-13 02:00:00,DAD,21.8,0.4,100,15.3,56,1015.5,87,14780.0,13.98,6.22,0.2,-0.3,-1.0,0.4,0.7,1.5,15.4,14.38,1,0,0,0,0,0,0,0,1,1,0,1
2026-03-13 03:00:00,DAD,21.8,0.4,100,15.2,59,1015.5,86,14780.0,14.19,5.45,0.0,-0.4,-0.6,0.4,1.0,1.5,15.4,14.19,1,0,0,0,0,0,0,0,1,1,0,1
2026-03-13 04:00:00,DAD,21.6,0.4,100,14.8,58,1015.2,84,14780.0,13.72,5.54,-0.2,0.0,-0.8,0.4,1.2,1.7,15.3,14.19,1,0,0,0,0,0,0,0,1,1,0,1
2026-03-13 05:00:00,DAD,21.6,0.4,100,11.7,54,1015.3,84,14780.0,10.52,5.13,0.0,-0.2,-0.2,0.4,1.2,1.9,15.2,14.19,1,0,0,0,0,0,0,0,1,1,0,1
2026-03-13 06:00:00,DAD,21.7,0.2,100,9.0,46,1016.2,83,14780.0,7.46,5.03,0.1,-0.1,0.7,0.2,1.0,2.0,14.8,13.72,1,0,0,0,0,0,0,0,1,1,0,1
2026-03-13 07:00:00,DAD,22.4,0.2,100,7.2,37,1017.0,82,14780.0,5.27,4.91,0.7,0.8,1.8,0.2,0.8,2.0,11.7,10.52,1,0,0,0,0,0,0,0,1,1,0,1
2026-03-13 08:00:00,DAD,23.4,0.0,100,6.0,33,1017.5,79,18720.0,4.09,4.39,1.0,1.8,2.2,0.0,0.4,1.6,9.0,7.46,0,0,0,0,0,0,0,0,0,0,0,0
2026-03-13 09:00:00,DAD,24.3,0.0,100,7.5,44,1018.1,67,19700.0,6.07,4.41,0.9,2.6,1.9,0.0,0.2,1.2,7.5,6.07,0,0,0,0,0,0,0,0,0,0,0,0
2026-03-13 10:00:00,DAD,24.6,0.0,100,8.1,51,1018.1,66,20940.0,7.08,3.93,0.3,2.2,1.1,0.0,0.0,0.8,8.1,7.08,0,0,0,0,0,0,0,0,0,0,0,0
2026-03-13 11:00:00,DAD,24.0,0.2,86,10.9,56,1017.7,69,21800.0,9.96,4.43,-0.6,0.6,0.2,0.2,0.2,0.6,10.9,9.96,1,0,0,0,0,0,0,0,1,1,0,1
2026-03-13 12:00:00,DAD,23.7,0.4,91,11.5,67,1016.6,76,19820.0,11.21,2.59,-0.3,-0.6,-1.5,0.4,0.6,0.8,11.5,11.21,1,0,0,0,0,0,0,0,1,1,0,1
2026-03-13 13:00:00,DAD,24.0,0.2,87,13.8,69,1015.8,75,15060.0,13.55,2.63,0.3,-0.6,-2.3,0.2,0.8,0.8,13.8,13.55,1,0,0,0,0,0,0,0,1,1,0,1
2026-03-13 14:00:00,DAD,22.8,0.4,100,15.3,62,1015.3,79,14780.0,14.55,4.73,-1.2,-1.2,-2.4,0.4,1.0,1.2,15.3,14.55,1,0,0,0,0,0,0,0,1,1,0,1
2026-03-13 15:00:00,DAD,23.5,0.2,86,14.4,66,1014.7,78,14780.0,13.97,3.48,0.7,-0.2,-1.9,0.2,0.8,1.4,15.3,14.55,1,0,0,0,0,0,0,0,1,1,0,1
2026-03-13 16:00:00,DAD,22.9,0.4,95,12.7,55,1014.6,83,14780.0,11.51,5.37,-0.6,-1.1,-1.2,0.4,1.0,1.8,15.3,14.55,1,0,0,0,0,0,0,0,1,1,0,1
2026-03-13 17:00:00,DAD,22.9,0.3,99,13.9,63,1014.7,81,14780.0,13.29,4.06,0.0,0.1,-0.6,0.3,0.9,1.9,14.4,13.97,1,0,0,0,0,0,0,0,1,1,0,1
2026-03-13 18:00:00,DAD,21.6,0.4,92,13.4,70,1015.1,90,14780.0,13.2,2.33,-1.3,-1.9,0.4,0.4,1.1,1.9,13.9,13.29,1,0,0,0,0,0,0,0,1,1,0,1
2026-03-13 19:00:00,DAD,21.9,0.4,98,11.3,51,1015.9,91,14780.0,9.88,5.48,0.3,-1.0,1.3,0.4,1.1,2.1,13.9,13.29,1,0,0,0,0,0,0,0,1,1,0,1
2026-03-13 20:00:00,DAD,21.8,0.4,100,15.5,65,1016.6,91,14780.0,14.97,4.01,-0.1,-1.1,1.9,0.4,1.2,2.1,15.5,14.97,1,0,0,0,0,0,0,0,1,1,0,1
2026-03-13 21:00:00,DAD,22.0,0.4,100,14.3,70,1017.0,90,14780.0,14.08,2.48,0.2,0.4,1.9,0.4,1.2,2.3,15.5,14.97,1,0,0,0,0,0,0,0,1,1,0,1
2026-03-13 22:00:00,DAD,21.5,0.4,100,15.1,62,1017.1,93,14780.0,14.36,4.67,-0.5,-0.4,1.2,0.4,1.2,2.3,15.5,14.97,1,0,0,0,0,0,0,0,1,1,0,1
2026-03-13 23:00:00,DAD,22.2,0.3,100,12.6,56,1016.7,89,14780.0,11.51,5.12,0.7,0.4,0.1,0.3,1.1,2.3,15.1,14.36,1,0,0,0,0,0,0,0,1,1,0,1
2026-03-14 00:00:00,DAD,22.0,0.2,98,15.9,61,1016.5,87,14780.0,15.03,5.18,-0.2,0.0,-0.5,0.2,0.9,2.1,15.9,15.03,1,0,0,0,0,0,0,0,1,1,0,1
2026-03-14 01:00:00,DAD,22.4,0.2,100,17.8,62,1015.7,86,14780.0,16.93,5.5,0.4,0.9,-1.4,0.2,0.7,1.9,17.8,16.93,1,0,0,0,0,0,0,0,1,1,0,1
2026-03-14 02:00:00,DAD,22.2,0.2,96,19.7,70,1015.5,85,14780.0,19.4,3.42,-0.2,0.0,-1.2,0.2,0.6,1.7,19.7,19.4,1,0,0,0,0,0,0,0,1,1,0,1
2026-03-14 03:00:00,DAD,21.4,0.4,87,13.7,69,1015.6,89,14780.0,13.45,2.61,-0.8,-0.6,-0.9,0.4,0.8,1.7,19.7,19.4,1,0,0,0,0,0,0,0,1,1,0,1
2026-03-14 04:00:00,DAD,22.0,0.2,97,13.5,60,1015.6,89,14780.0,12.69,4.62,0.6,-0.4,-0.1,0.2,0.8,1.5,19.7,19.4,1,0,0,0,0,0,0,0,1,1,0,1
2026-03-14 05:00:00,DAD,21.7,0.4,100,15.4,57,1015.9,91,14780.0,14.18,6.02,-0.3,-0.5,0.4,0.4,1.0,1.6,15.4,14.18,1,0,0,0,0,0,0,0,1,1,0,1
2026-03-14 06:00:00,DAD,21.1,0.4,100,11.2,72,1017.0,93,14780.0,11.09,1.56,-0.6,-0.3,1.4,0.4,1.0,1.8,15.4,14.18,1,0,0,0,0,0,0,0,1,1,0,1
2026-03-14 07:00:00,DAD,22.0,0.4,100,12.8,76,1018.0,91,14780.0,12.77,0.89,0.9,0.0,2.4,0.4,1.2,2.0,15.4,14.18,1,0,0,0,0,0,0,0,1,1,0,1
2026-03-14 08:00:00,DAD,22.5,0.4,100,16.7,76,1018.8,82,14780.0,16.66,1.16,0.5,0.8,2.9,0.4,1.2,2.2,16.7,16.66,1,0,0,0,0,0,0,0,1,1,0,1
2026-03-14 09:00:00,DAD,23.1,0.1,100,15.8,73,1019.4,78,22380.0,15.68,1.93,0.6,2.0,2.4,0.1,0.9,1.9,16.7,16.66,1,0,0,0,0,0,0,0,1,1,0,1
2026-03-14 10:00:00,DAD,23.8,0.0,100,17.2,75,1019.5,75,21800.0,17.13,1.5,0.7,1.8,1.5,0.0,0.5,1.7,17.2,17.13,0,0,0,0,0,0,0,0,0,0,0,0
2026-03-14 11:00:00,DAD,24.0,0.0,100,16.3,76,1019.2,71,22000.0,16.26,1.14,0.2,1.5,0.4,0.0,0.1,1.3,17.2,17.13,0,0,0,0,0,0,0,0,0,0,0,0
2026-03-14 12:00:00,DAD,24.6,0.1,100,17.1,79,1018.2,66,22000.0,17.1,0.3,0.6,1.5,-1.2,0.1,0.1,1.0,17.2,17.13,1,0,0,0,0,0,0,0,1,1,0,1
2026-03-14 13:00:00,DAD,24.9,0.0,100,15.3,75,1017.6,62,23240.0,15.24,1.33,0.3,1.1,-1.9,0.0,0.1,0.6,17.1,17.1,0,0,0,0,0,0,0,0,0,0,0,0
2026-03-14 14:00:00,DAD,24.6,0.0,100,13.4,76,1016.8,63,23820.0,13.37,0.93,-0.3,0.6,-2.4,0.0,0.1,0.2,17.1,17.1,0,0,0,0,0,0,0,0,0,0,0,0
2026-03-14 15:00:00,DAD,24.5,0.1,100,10.8,66,1016.2,63,24140.0,10.48,2.61,-0.1,-0.1,-2.0,0.1,0.1,0.2,15.3,15.24,1,0,0,0,0,0,0,0,1,1,0,1
2026-03-14 16:00:00,DAD,24.2,0.0,100,9.4,72,1016.0,67,24140.0,9.31,1.31,-0.3,-0.7,-1.6,0.0,0.1,0.2,13.4,13.37,0,0,0,0,0,0,0,0,0,0,0,0
2026-03-14 17:00:00,DAD,24.2,0.0,98,10.4,80,1016.0,67,24140.0,10.4,-0.0,0.0,-0.4,-0.8,0.0,0.1,0.2,10.8,10.48,0,0,0,0,0,0,0,0,0,0,0,0
2026-03-14 18:00:00,DAD,23.5,0.0,79,9.7,71,1016.5,70,24140.0,9.58,1.52,-0.7,-1.0,0.3,0.0,0.0,0.1,10.4,10.4,0,0,0,0,0,0,0,0,0,0,0,0
2026-03-14 19:00:00,DAD,22.8,0.0,30,4.8,68,1017.2,79,20220.0,4.7,1.0,-0.7,-1.4,1.2,0.0,0.0,0.1,10.4,10.4,0,0,0,0,0,0,0,0,0,0,0,0
2026-03-14 20:00:00,DAD,22.3,0.0,38,4.0,85,1017.9,82,20200.0,3.98,-0.35,-0.5,-1.9,1.9,0.0,0.0,0.1,9.7,9.58,0,0,0,0,0,0,0,0,0,0,0,0
2026-03-14 21:00:00,DAD,22.2,0.0,24,1.3,34,1018.1,81,18800.0,0.9,0.94,-0.1,-1.3,1.6,0.0,0.0,0.0,4.8,4.7,0,0,0,0,0,0,0,0,0,0,0,0
2026-03-14 22:00:00,DAD,21.5,0.0,44,3.2,56,1018.3,84,14780.0,2.92,1.3,-0.7,-1.3,1.1,0.0,0.0,0.0,4.0,3.98,0,0,0,0,0,0,0,0,0,0,0,0
2026-03-14 23:00:00,DAD,21.5,0.0,23,2.0,95,1017.9,85,24140.0,1.93,-0.52,0.0,-0.8,0.0,0.0,0.0,0.0,3.2,2.92,0,0,0,0,0,0,0,0,0,0,0,0
2026-03-15 00:00:00,DAD,21.2,0.0,20,0.5,180,1017.3,87,24140.0,0.09,-0.49,-0.3,-1.0,-0.8,0.0,0.0,0.0,3.2,2.92,0,0,0,0,0,0,0,0,0,0,0,0
2026-03-15 01:00:00,DAD,21.1,0.0,74,1.0,292,1017.1,90,23940.0,0.85,0.53,-0.1,-0.4,-1.2,0.0,0.0,0.0,2.0,1.93,0,0,0,0,0,0,0,0,0,0,0,0
2026-03-15 02:00:00,DAD,21.0,0.0,48,1.7,342,1016.8,90,24140.0,0.24,1.68,-0.1,-0.5,-1.1,0.0,0.0,0.0,1.7,0.85,0,0,0,0,0,0,0,0,0,0,0,0
2026-03-15 03:00:00,DAD,21.0,0.1,52,1.3,326,1016.3,89,24140.0,0.53,1.19,0.0,-0.2,-1.0,0.1,0.1,0.1,1.7,0.85,1,0,0,0,0,0,0,0,0,1,0,0
2026-03-15 04:00:00,DAD,20.6,0.1,42,0.8,45,1016.2,90,24140.0,0.66,0.46,-0.4,-0.5,-0.9,0.1,0.2,0.2,1.7,0.66,1,0,0,0,0,0,0,0,0,1,0,0
2026-03-15 05:00:00,DAD,20.5,0.2,37,1.5,60,1016.8,90,24140.0,1.41,0.51,-0.1,-0.5,0.0,0.2,0.4,0.4,1.5,1.41,1,0,0,0,0,0,0,0,0,1,0,0
2026-03-15 06:00:00,DAD,20.2,0.1,73,2.1,75,1017.5,91,24140.0,2.09,0.18,-0.3,-0.8,1.2,0.1,0.4,0.5,2.1,2.09,1,0,0,0,0,0,0,0,0,1,0,0
2026-03-15 07:00:00,DAD,21.1,0.1,87,2.5,291,1018.3,95,23860.0,2.14,1.29,0.9,0.5,2.1,0.1,0.4,0.6,2.5,2.14,1,0,0,0,0,0,0,0,1,1,0,1
2026-03-15 08:00:00,DAD,22.8,0.1,44,2.0,280,1019.0,86,24140.0,1.88,0.68,1.7,2.3,2.2,0.1,0.3,0.7,2.5,2.14,1,0,0,0,0,0,0,0,0,1,0,0
2026-03-15 09:00:00,DAD,23.6,0.1,87,5.0,71,1019.5,78,24020.0,4.94,0.78,0.8,3.4,2.0,0.1,0.3,0.7,5.0,4.94,1,0,0,0,0,0,0,0,1,1,0,1
2026-03-15 10:00:00,DAD,24.4,0.1,41,5.8,88,1019.3,74,21000.0,5.74,-0.81,0.8,3.3,1.0,0.1,0.3,0.7,5.8,5.74,1,0,0,0,0,0,0,0,0,1,0,0
2026-03-15 11:00:00,DAD,25.0,0.3,17,7.0,93,1018.6,72,24100.0,6.82,-1.57,0.6,2.2,-0.4,0.3,0.5,0.8,7.0,6.82,1,0,0,0,0,0,0,0,0,1,0,0
2026-03-15 12:00:00,DAD,25.5,0.2,18,11.8,77,1017.5,68,24140.0,11.78,0.62,0.5,1.9,-2.0,0.2,0.6,0.9,11.8,11.78,1,0,0,0,0,0,0,0,0,1,0,0
2026-03-15 13:00:00,DAD,24.7,0.1,44,13.5,61,1016.8,69,24140.0,12.76,4.4,-0.8,0.3,-2.5,0.1,0.6,0.9,13.5,12.76,1,0,0,0,0,0,0,0,0,1,0,0
2026-03-15 14:00:00,DAD,24.4,0.1,100,15.4,66,1016.1,70,24140.0,14.94,3.73,-0.3,-0.6,-2.5,0.1,0.4,0.9,15.4,14.94,1,0,0,0,0,0,0,0,1,1,0,1
2026-03-15 15:00:00,DAD,24.0,0.0,93,13.4,73,1015.5,72,24140.0,13.3,1.63,-0.4,-1.5,-2.0,0.0,0.2,0.8,15.4,14.94,0,0,0,0,0,0,0,0,0,0,0,0
2026-03-15 16:00:00,DAD,24.0,0.0,73,14.4,72,1015.2,72,24020.0,14.26,2.0,0.0,-0.7,-1.6,0.0,0.1,0.7,15.4,14.94,0,0,0,0,0,0,0,0,0,0,0,0
2026-03-15 17:00:00,DAD,23.6,0.0,63,12.0,71,1015.2,75,23580.0,11.85,1.88,-0.4,-0.8,-0.9,0.0,0.0,0.4,14.4,14.26,0,0,0,0,0,0,0,0,0,0,0,0
2026-03-15 18:00:00,DAD,23.2,0.0,55,10.1,87,1015.5,77,22900.0,10.02,-1.23,-0.4,-0.8,0.0,0.0,0.0,0.2,14.4,14.26,0,0,0,0,0,0,0,0,0,0,0,0
2026-03-15 19:00:00,DAD,23.2,0.0,23,11.2,88,1016.2,78,23120.0,11.09,-1.56,0.0,-0.8,1.0,0.0,0.0,0.1,12.0,11.85,0,0,0,0,0,0,0,0,0,0,0,0
2026-03-15 20:00:00,DAD,22.9,0.0,29,7.7,99,1016.9,80,21480.0,7.28,-2.51,-0.3,-0.7,1.7,0.0,0.0,0.0,11.2,11.09,0,0,0,0,0,0,0,0,0,0,0,0
2026-03-15 21:00:00,DAD,22.3,0.0,38,3.1,93,1017.2,84,24140.0,3.02,-0.7,-0.6,-0.9,1.7,0.0,0.0,0.0,11.2,11.09,0,0,0,0,0,0,0,0,0,0,0,0
2026-03-15 22:00:00,DAD,22.0,0.0,42,0.8,45,1017.2,85,24140.0,0.66,0.46,-0.3,-1.2,1.0,0.0,0.0,0.0,7.7,7.28,0,0,0,0,0,0,0,0,0,0,0,0
2026-03-15 23:00:00,DAD,21.6,0.0,53,0.4,27,1017.1,85,15620.0,0.24,0.32,-0.4,-1.3,0.2,0.0,0.0,0.0,3.1,3.02,0,0,0,0,0,0,0,0,0,0,0,0
2026-03-16 00:00:00,DAD,21.5,0.0,50,0.3,45,1016.8,86,24140.0,0.25,0.17,-0.1,-0.8,-0.4,0.0,0.0,0.0,0.8,0.66,0,0,0,0,0,0,0,0,0,0,0,0
2026-03-16 01:00:00,DAD,21.5,0.0,23,1.6,63,1016.0,85,21600.0,1.53,0.47,0.0,-0.5,-1.2,0.0,0.0,0.0,1.6,1.53,0,0,0,0,0,0,0,0,0,0,0,0
2026-03-16 02:00:00,DAD,21.1,0.0,50,1.7,58,1015.3,87,24140.0,1.58,0.64,-0.4,-0.5,-1.8,0.0,0.0,0.0,1.7,1.58,0,0,0,0,0,0,0,0,0,0,0,0
2026-03-16 03:00:00,DAD,21.0,0.0,54,0.9,90,1014.8,87,24140.0,0.89,-0.16,-0.1,-0.5,-2.0,0.0,0.0,0.0,1.7,1.58,0,0,0,0,0,0,0,0,0,0,0,0
2026-03-16 04:00:00,DAD,20.6,0.0,52,1.6,174,1014.4,90,24140.0,0.11,-1.6,-0.4,-0.9,-1.6,0.0,0.0,0.0,1.7,1.58,0,0,0,0,0,0,0,0,0,0,0,0
2026-03-16 05:00:00,DAD,20.4,0.1,40,1.0,135,1014.4,92,24140.0,0.57,-0.82,-0.2,-0.7,-0.9,0.1,0.1,0.1,1.6,0.89,1,0,0,0,0,0,0,0,0,1,0,0
2026-03-16 06:00:00,DAD,20.2,0.3,43,1.0,135,1014.8,93,24140.0,0.57,-0.82,-0.2,-0.8,0.0,0.3,0.4,0.4,1.6,0.57,1,0,0,0,0,0,0,0,0,1,0,0
2026-03-16 07:00:00,DAD,21.2,0.2,44,3.1,216,1015.6,95,24140.0,2.23,-2.15,1.0,0.6,1.2,0.2,0.6,0.6,3.1,2.23,1,0,0,0,0,0,0,0,0,1,0,0
2026-03-16 08:00:00,DAD,22.7,0.2,57,2.8,252,1016.4,87,22860.0,2.77,-0.39,1.5,2.3,2.0,0.2,0.7,0.8,3.1,2.77,1,0,0,0,0,0,0,0,0,1,0,0
2026-03-16 09:00:00,DAD,23.4,0.3,88,3.9,53,1017.1,82,23880.0,3.47,1.77,0.7,3.2,2.3,0.3,0.7,1.1,3.9,3.47,1,0,0,0,0,0,0,0,1,1,0,1
2026-03-16 10:00:00,DAD,24.1,0.2,28,5.5,77,1017.1,76,21760.0,5.49,0.29,0.7,2.9,1.5,0.2,0.7,1.3,5.5,5.49,1,0,0,0,0,0,0,0,0,1,0,0
2026-03-16 11:00:00,DAD,25.0,0.4,30,7.6,95,1016.4,71,24140.0,7.34,-1.97,0.9,2.3,0.0,0.4,0.9,1.6,7.6,7.34,1,0,0,0,0,0,0,0,0,1,0,0
2026-03-16 12:00:00,DAD,25.5,0.4,55,8.6,106,1015.2,68,21380.0,7.73,-3.77,0.5,2.1,-1.9,0.4,1.0,1.7,8.6,7.73,1,0,0,0,0,0,0,0,0,1,0,0
2026-03-16 13:00:00,DAD,24.4,0.4,54,7.4,90,1014.7,74,24140.0,7.29,-1.28,-1.1,0.3,-2.4,0.4,1.2,1.9,8.6,7.73,1,0,0,0,0,0,0,0,0,1,0,0
2026-03-16 14:00:00,DAD,25.0,0.2,100,9.7,88,1013.7,68,24140.0,9.61,-1.35,0.6,0.0,-2.7,0.2,1.0,1.9,9.7,9.61,1,0,0,0,0,0,0,0,1,1,0,1
2026-03-16 15:00:00,DAD,25.0,0.0,100,8.0,96,1012.9,68,24140.0,7.69,-2.21,0.0,-0.5,-2.3,0.0,0.6,1.6,9.7,9.61,0,0,0,0,0,0,0,0,0,0,0,0
2026-03-16 16:00:00,DAD,24.8,0.0,100,6.7,88,1012.7,67,24140.0,6.63,-0.93,-0.2,0.4,-2.0,0.0,0.2,1.4,9.7,9.61,0,0,0,0,0,0,0,0,0,0,0,0
2026-03-16 17:00:00,DAD,24.4,0.0,100,6.8,79,1012.8,70,24140.0,6.8,0.12,-0.4,-0.6,-0.9,0.0,0.0,1.0,8.0,7.69,0,0,0,0,0,0,0,0,0,0,0,0
2026-03-16 18:00:00,DAD,23.5,0.0,98,5.1,73,1013.1,77,24140.0,5.06,0.62,-0.9,-1.5,0.2,0.0,0.0,0.6,6.8,6.8,0,0,0,0,0,0,0,0,0,0,0,0
2026-03-16 19:00:00,DAD,23.6,0.0,23,6.0,100,1013.5,81,24140.0,5.64,-2.05,0.1,-1.2,0.8,0.0,0.0,0.2,6.8,6.8,0,0,0,0,0,0,0,0,0,0,0,0
2026-03-16 20:00:00,DAD,23.1,0.0,29,6.4,80,1014.0,85,24140.0,6.4,-0.0,-0.5,-1.3,1.2,0.0,0.0,0.0,6.4,6.4,0,0,0,0,0,0,0,0,0,0,0,0
2026-03-16 21:00:00,DAD,22.6,0.0,23,4.0,85,1014.4,88,24140.0,3.98,-0.35,-0.5,-0.9,1.3,0.0,0.0,0.0,6.4,6.4,0,0,0,0,0,0,0,0,0,0,0,0
2026-03-16 22:00:00,DAD,22.4,0.0,15,1.8,79,1014.6,89,24140.0,1.8,0.03,-0.2,-1.2,1.1,0.0,0.0,0.0,6.4,6.4,0,0,0,0,0,0,0,0,0,0,0,0
2026-03-16 23:00:00,DAD,22.0,0.0,20,0.6,56,1014.4,91,24140.0,0.55,0.24,-0.4,-1.1,0.4,0.0,0.0,0.0,4.0,3.98,0,0,0,0,0,0,0,0,0,0,0,0
2025-12-15 00:00:00,HAN,14.6,0.0,5,1.4,67,1020.0,82,24140.0,0.95,1.02,N/A,N/A,N/A,0.0,0.0,0.0,1.4,0.95,0,0,0,0,0,0,0,0,0,0,0,0
2025-12-15 01:00:00,HAN,14.9,0.0,5,1.4,40,1019.6,85,24140.0,1.32,0.48,0.3,N/A,N/A,0.0,0.0,0.0,1.4,1.32,0,0,0,0,0,0,0,0,0,0,0,0
2025-12-15 02:00:00,HAN,15.0,0.0,9,3.9,13,1019.1,84,24140.0,3.87,-0.48,0.1,N/A,N/A,0.0,0.0,0.0,3.9,3.87,0,0,0,0,0,0,0,0,0,0,0,0
2025-12-15 03:00:00,HAN,14.6,0.0,0,5.9,18,1018.8,81,24140.0,5.9,-0.21,-0.4,0.0,-1.2,0.0,0.0,0.0,5.9,5.9,0,0,0,0,0,0,0,0,0,0,0,0
2025-12-15 04:00:00,HAN,14.0,0.0,0,6.3,37,1018.8,80,24140.0,6.02,1.84,-0.6,-0.9,-0.8,0.0,0.0,0.0,6.3,6.02,0,0,0,0,0,0,0,0,0,0,0,0
2025-12-15 05:00:00,HAN,13.3,0.0,0,6.6,45,1018.8,83,24140.0,5.98,2.79,-0.7,-1.7,-0.3,0.0,0.0,0.0,6.6,6.02,0,0,0,0,0,0,0,0,0,0,0,0
2025-12-15 06:00:00,HAN,12.9,0.0,1,6.8,37,1019.2,85,24140.0,6.5,1.99,-0.4,-1.7,0.4,0.0,0.0,0.0,6.8,6.5,0,0,0,0,0,0,0,0,0,0,0,0
2025-12-15 07:00:00,HAN,13.2,0.0,1,9.3,40,1019.7,85,24140.0,8.74,3.18,0.3,-0.8,0.9,0.0,0.0,0.0,9.3,8.74,0,0,0,0,0,0,0,0,0,0,0,0
2025-12-15 08:00:00,HAN,15.6,0.0,2,8.2,36,1020.5,75,24140.0,7.88,2.26,2.4,2.3,1.7,0.0,0.0,0.0,9.3,8.74,0,0,0,0,0,0,0,0,0,0,0,0
2025-12-15 09:00:00,HAN,17.8,0.0,1,8.4,34,1020.9,65,24140.0,8.15,2.03,2.2,4.9,1.7,0.0,0.0,0.0,9.3,8.74,0,0,0,0,0,0,0,0,0,0,0,0
2025-12-15 10:00:00,HAN,19.5,0.0,0,7.2,37,1020.8,58,24140.0,6.89,2.11,1.7,6.3,1.1,0.0,0.0,0.0,8.4,8.15,0,0,0,0,0,0,0,0,0,0,0,0
2025-12-15 11:00:00,HAN,20.5,0.0,0,4.2,40,1019.7,55,24140.0,3.95,1.44,1.0,4.9,-0.8,0.0,0.0,0.0,8.4,8.15,0,0,0,0,0,0,0,0,0,0,0,0
2025-12-15 12:00:00,HAN,21.2,0.0,0,1.8,79,1018.1,53,24140.0,0.93,1.54,0.7,3.4,-2.8,0.0,0.0,0.0,7.2,6.89,0,0,0,0,0,0,0,0,0,0,0,0
2025-12-15 13:00:00,HAN,21.3,0.0,10,3.1,159,1017.1,53,24140.0,2.34,2.03,0.1,1.8,-3.7,0.0,0.0,0.0,4.2,3.95,0,0,0,0,0,0,0,0,0,0,0,0
2025-12-15 14:00:00,HAN,23.1,0.0,100,6.3,207,1015.9,50,24140.0,6.25,-0.77,1.8,2.6,-3.8,0.0,0.0,0.0,6.3,6.25,0,0,0,0,0,0,0,0,0,0,0,0
2025-12-15 15:00:00,HAN,22.7,0.0,55,8.5,192,1015.3,52,24140.0,8.42,1.18,-0.4,1.5,-2.8,0.0,0.0,0.0,8.5,8.42,0,0,0,0,0,0,0,0,0,0,0,0
2025-12-15 16:00:00,HAN,21.8,0.0,1,9.6,171,1015.1,55,24140.0,8.4,4.65,-0.9,0.5,-2.0,0.0,0.0,0.0,9.6,8.42,0,0,0,0,0,0,0,0,0,0,0,0
2025-12-15 17:00:00,HAN,20.1,0.0,0,6.8,151,1015.2,64,24140.0,4.46,5.13,-1.7,-3.0,-0.7,0.0,0.0,0.0,9.6,8.42,0,0,0,0,0,0,0,0,0,0,0,0
2025-12-15 18:00:00,HAN,18.9,0.0,0,10.3,155,1015.5,69,24140.0,7.28,7.28,-1.2,-3.8,0.2,0.0,0.0,0.0,10.3,8.4,0,0,0,0,0,0,0,0,0,0,0,0
2025-12-15 19:00:00,HAN,18.3,0.0,1,9.8,145,1016.1,76,24140.0,5.62,8.03,-0.6,-3.5,1.0,0.0,0.0,0.0,10.3,7.28,0,0,0,0,0,0,0,0,0,0,0,0
2025-12-15 20:00:00,HAN,18.0,0.0,0,8.4,138,1016.6,77,24140.0,3.94,7.42,-0.3,-2.1,1.4,0.0,0.0,0.0,10.3,7.28,0,0,0,0,0,0,0,0,0,0,0,0
2025-12-15 21:00:00,HAN,17.3,0.0,4,7.3,136,1017.2,80,24140.0,3.2,6.56,-0.7,-1.6,1.7,0.0,0.0,0.0,9.8,5.62,0,0,0,0,0,0,0,0,0,0,0,0
2025-12-15 22:00:00,HAN,17.0,0.0,9,9.4,130,1017.3,83,24140.0,3.21,8.83,-0.3,-1.3,1.2,0.0,0.0,0.0,9.4,3.94,0,0,0,0,0,0,0,0,0,0,0,0
2025-12-15 23:00:00,HAN,16.5,0.0,7,7.9,123,1017.4,87,24140.0,1.78,7.7,-0.5,-1.5,0.8,0.0,0.0,0.0,9.4,3.21,0,0,0,0,0,0,0,0,0,0,0,0
2025-12-16 00:00:00,HAN,15.9,0.0,23,6.6,116,1017.4,90,24140.0,0.69,6.56,-0.6,-1.4,0.2,0.0,0.0,0.0,9.4,3.21,0,0,0,0,0,0,0,0,0,0,0,0
2025-12-16 01:00:00,HAN,15.8,0.0,100,6.5,118,1017.4,92,24140.0,0.9,6.44,-0.1,-1.2,0.1,0.0,0.0,0.0,7.9,1.78,0,0,0,0,0,0,0,0,0,0,0,0
2025-12-16 02:00:00,HAN,16.7,0.0,100,5.6,105,1016.9,87,24140.0,0.49,5.58,0.9,0.2,-0.5,0.0,0.0,0.0,6.6,0.9,0,0,0,0,0,0,0,0,0,0,0,0
2025-12-16 03:00:00,HAN,16.8,0.0,100,3.5,78,1016.4,86,24140.0,1.85,2.97,0.1,0.9,-1.0,0.0,0.0,0.0,6.5,1.85,0,0,0,0,0,0,0,0,0,0,0,0
2025-12-16 04:00:00,HAN,16.8,0.0,100,3.1,28,1016.4,87,24140.0,3.07,0.43,0.0,1.0,-1.0,0.0,0.0,0.0,5.6,3.07,0,0,0,0,0,0,0,0,0,0,0,0
2025-12-16 05:00:00,HAN,17.0,0.0,100,5.9,14,1016.6,85,24140.0,5.87,-0.62,0.2,0.3,-0.3,0.0,0.0,0.0,5.9,5.87,0,0,0,0,0,0,0,0,0,0,0,0
2025-12-16 06:00:00,HAN,17.0,0.0,100,6.4,18,1016.8,83,24140.0,6.4,-0.22,0.0,0.2,0.4,0.0,0.0,0.0,6.4,6.4,0,0,0,0,0,0,0,0,0,0,0,0
2025-12-16 07:00:00,HAN,17.1,0.0,100,7.1,36,1017.5,84,24140.0,6.82,1.96,0.1,0.3,1.1,0.0,0.0,0.0,7.1,6.82,0,0,0,0,0,0,0,0,0,0,0,0
2025-12-16 08:00:00,HAN,17.9,0.0,100,5.3,35,1017.9,82,24140.0,5.12,1.37,0.8,0.9,1.3,0.0,0.0,0.0,7.1,6.82,0,0,0,0,0,0,0,0,0,0,0,0
2025-12-16 09:00:00,HAN,18.6,0.0,100,5.1,27,1018.7,78,24140.0,5.06,0.62,0.7,1.6,1.9,0.0,0.0,0.0,7.1,6.82,0,0,0,0,0,0,0,0,0,0,0,0
2025-12-16 10:00:00,HAN,19.7,0.0,100,5.1,10,1018.7,73,24140.0,5.02,-0.89,1.1,2.6,1.2,0.0,0.0,0.0,5.3,5.12,0,0,0,0,0,0,0,0,0,0,0,0
2025-12-16 11:00:00,HAN,20.3,0.0,100,4.0,350,1018.0,71,24140.0,3.46,-2.0,0.6,2.4,0.1,0.0,0.0,0.0,5.1,5.06,0,0,0,0,0,0,0,0,0,0,0,0
2025-12-16 12:00:00,HAN,21.2,0.0,99,3.2,326,1016.8,68,24140.0,1.88,-2.59,0.9,2.6,-1.9,0.0,0.0,0.0,5.1,5.02,0,0,0,0,0,0,0,0,0,0,0,0
2025-12-16 13:00:00,HAN,20.9,0.0,100,3.1,332,1016.0,70,24140.0,2.07,-2.3,-0.3,1.2,-2.7,0.0,0.0,0.0,4.0,3.46,0,0,0,0,0,0,0,0,0,0,0,0
2025-12-16 14:00:00,HAN,21.8,0.0,100,3.2,344,1015.3,67,24140.0,2.59,-1.88,0.9,1.5,-2.7,0.0,0.0,0.0,3.2,2.59,0,0,0,0,0,0,0,0,0,0,0,0
2025-12-16 15:00:00,HAN,22.0,0.0,100,2.2,346,1014.8,67,24140.0,1.82,-1.23,0.2,0.8,-2.0,0.0,0.0,0.0,3.2,2.59,0,0,0,0,0,0,0,0,0,0,0,0
2025-12-16 16:00:00,HAN,21.9,0.0,100,0.2,360,1014.8,67,24140.0,0.19,-0.07,-0.1,1.0,-1.2,0.0,0.0,0.0,3.2,2.59,0,0,0,0,0,0,0,0,0,0,0,0
2025-12-16 17:00:00,HAN,21.2,0.0,100,1.7,131,1015.5,78,24140.0,0.61,1.59,-0.7,-0.6,0.2,0.0,0.0,0.0,2.2,1.82,0,0,0,0,0,0,0,0,0,0,0,0
2025-12-16 18:00:00,HAN,20.0,0.0,100,1.9,68,1016.0,79,24140.0,1.27,1.41,-1.2,-2.0,1.2,0.0,0.0,0.0,1.9,1.27,0,0,0,0,0,0,0,0,0,0,0,0
2025-12-16 19:00:00,HAN,20.2,0.0,84,4.0,39,1016.9,80,24140.0,3.78,1.3,0.2,-1.7,2.1,0.0,0.0,0.0,4.0,3.78,0,0,0,0,0,0,0,0,0,0,0,0
2025-12-16 20:00:00,HAN,20.2,0.0,100,4.2,36,1017.5,79,24140.0,4.04,1.16,0.0,-1.0,2.0,0.0,0.0,0.0,4.2,4.04,0,0,0,0,0,0,0,0,0,0,0,0
2025-12-16 21:00:00,HAN,20.0,0.0,100,3.6,53,1018.0,80,24140.0,3.02,1.96,-0.2,0.0,2.0,0.0,0.0,0.0,4.2,4.04,0,0,0,0,0,0,0,0,0,0,0,0
2025-12-16 22:00:00,HAN,19.9,0.0,100,3.5,35,1018.5,80,24140.0,3.38,0.91,-0.1,-0.3,1.6,0.0,0.0,0.0,4.2,4.04,0,0,0,0,0,0,0,0,0,0,0,0
2025-12-16 23:00:00,HAN,19.7,0.0,100,3.5,12,1018.4,81,24140.0,3.47,-0.49,-0.2,-0.5,0.9,0.0,0.0,0.0,3.6,3.47,0,0,0,0,0,0,0,0,0,0,0,0
2025-12-17 00:00:00,HAN,19.5,0.0,100,3.1,336,1018.5,83,24140.0,2.23,-2.15,-0.2,-0.5,0.5,0.0,0.0,0.0,3.5,3.47,0,0,0,0,0,0,0,0,0,0,0,0
2025-12-17 01:00:00,HAN,19.2,0.0,100,4.6,315,1018.6,84,24140.0,1.94,-4.17,-0.3,-0.7,0.1,0.0,0.0,0.0,4.6,3.47,0,0,0,0,0,0,0,0,0,0,0,0
2025-12-17 02:00:00,HAN,19.3,0.0,100,5.4,320,1018.4,84,22720.0,2.7,-4.68,0.1,-0.4,0.0,0.0,0.0,0.0,5.4,2.7,0,0,0,0,0,0,0,0,0,0,0,0
2025-12-17 03:00:00,HAN,19.1,0.0,100,5.2,326,1018.2,85,24140.0,3.06,-4.21,-0.2,-0.4,-0.3,0.0,0.0,0.0,5.4,3.06,0,0,0,0,0,0,0,0,0,0,0,0
2025-12-17 04:00:00,HAN,18.9,0.0,100,5.0,347,1018.2,87,19040.0,4.19,-2.72,-0.2,-0.3,-0.4,0.0,0.0,0.0,5.4,4.19,0,0,0,0,0,0,0,0,0,0,0,0
2025-12-17 05:00:00,HAN,18.9,0.1,96,6.3,2,1018.5,87,23900.0,5.99,-1.95,0.0,-0.4,0.1,0.1,0.1,0.1,6.3,5.99,1,0,0,0,0,0,0,0,1,1,0,1
2025-12-17 06:00:00,HAN,18.8,0.2,86,9.2,1,1019.0,88,24140.0,8.7,-3.0,-0.1,-0.3,0.8,0.2,0.3,0.3,9.2,8.7,1,0,0,0,0,0,0,0,1,1,0,1
2025-12-17 07:00:00,HAN,18.2,0.3,66,10.2,13,1019.6,91,21560.0,10.12,-1.24,-0.6,-0.7,1.4,0.3,0.6,0.6,10.2,10.12,1,0,0,0,0,0,0,0,0,1,0,0
2025-12-17 08:00:00,HAN,19.8,0.1,49,13.8,26,1020.5,85,24140.0,13.72,1.44,1.6,0.9,2.0,0.1,0.6,0.7,13.8,13.72,1,0,0,0,0,0,0,0,0,1,0,0
2025-12-17 09:00:00,HAN,20.8,0.0,100,16.3,35,1021.2,80,24140.0,15.74,4.22,1.0,2.0,2.2,0.0,0.4,0.7,16.3,15.74,0,0,0,0,0,0,0,0,0,0,0,0
2025-12-17 10:00:00,HAN,22.0,0.0,100,14.9,42,1021.3,74,24140.0,13.82,5.58,1.2,3.8,1.7,0.0,0.1,0.7,16.3,15.74,0,0,0,0,0,0,0,0,0,0,0,0
2025-12-17 11:00:00,HAN,22.9,0.2,69,14.2,51,1020.3,69,24140.0,12.17,7.31,0.9,3.1,-0.2,0.2,0.2,0.8,16.3,15.74,1,0,0,0,0,0,0,0,0,1,0,0
2025-12-17 12:00:00,HAN,23.4,0.3,52,11.4,55,1019.0,66,24140.0,9.34,6.54,0.5,2.6,-2.2,0.3,0.5,0.9,14.9,13.82,1,0,0,0,0,0,0,0,0,1,0,0
2025-12-17 13:00:00,HAN,23.5,0.2,16,9.5,33,1018.1,67,24140.0,9.26,2.14,0.1,1.5,-3.2,0.2,0.7,0.8,14.2,12.17,1,0,0,0,0,0,0,0,0,1,0,0
2025-12-17 14:00:00,HAN,23.5,0.2,30,8.7,40,1017.2,66,24140.0,8.18,2.98,0.0,0.6,-3.1,0.2,0.7,0.9,11.4,9.34,1,0,0,0,0,0,0,0,0,1,0,0
2025-12-17 15:00:00,HAN,23.9,0.1,30,6.9,31,1017.1,64,24140.0,6.77,1.32,0.4,0.5,-1.9,0.1,0.5,1.0,9.5,9.26,1,0,0,0,0,0,0,0,0,1,0,0
2025-12-17 16:00:00,HAN,23.6,0.0,27,9.3,44,1017.1,63,18700.0,8.5,3.78,-0.3,0.1,-1.0,0.0,0.3,1.0,9.3,8.5,0,0,0,0,0,0,0,0,0,0,0,0
2025-12-17 17:00:00,HAN,22.1,0.0,21,5.6,42,1017.4,69,16800.0,5.19,2.1,-1.5,-1.4,0.2,0.0,0.1,0.8,9.3,8.5,0,0,0,0,0,0,0,0,0,0,0,0
2025-12-17 18:00:00,HAN,20.6,0.0,14,6.2,57,1017.9,74,24140.0,4.95,3.73,-1.5,-3.3,0.8,0.0,0.0,0.5,9.3,8.5,0,0,0,0,0,0,0,0,0,0,0,0
2025-12-17 19:00:00,HAN,19.5,0.0,41,7.7,31,1019.2,90,24140.0,7.56,1.47,-1.1,-4.1,2.1,0.0,0.0,0.3,7.7,7.56,0,0,0,0,0,0,0,0,0,0,0,0
2025-12-17 20:00:00,HAN,19.2,0.0,31,6.9,43,1019.5,90,24140.0,6.35,2.7,-0.3,-2.9,2.1,0.0,0.0,0.1,7.7,7.56,0,0,0,0,0,0,0,0,0,0,0,0
2025-12-17 21:00:00,HAN,18.6,0.0,35,5.4,26,1020.2,92,24140.0,5.37,0.56,-0.6,-2.0,2.3,0.0,0.0,0.0,7.7,7.56,0,0,0,0,0,0,0,0,0,0,0,0
2025-12-17 22:00:00,HAN,18.5,0.0,34,6.4,32,1020.3,91,24140.0,6.26,1.33,-0.1,-1.0,1.1,0.0,0.0,0.0,6.9,6.35,0,0,0,0,0,0,0,0,0,0,0,0
2025-12-17 23:00:00,HAN,18.2,0.0,23,8.5,36,1020.1,90,24140.0,8.17,2.34,-0.3,-1.0,0.6,0.0,0.0,0.0,8.5,8.17,0,0,0,0,0,0,0,0,0,0,0,0
2025-12-18 00:00:00,HAN,17.6,0.0,12,8.9,21,1019.7,90,24140.0,8.9,0.16,-0.6,-1.0,-0.5,0.0,0.0,0.0,8.9,8.9,0,0,0,0,0,0,0,0,0,0,0,0
2025-12-18 01:00:00,HAN,17.6,0.0,23,9.1,22,1019.2,93,24140.0,9.09,0.32,0.0,-0.9,-1.1,0.0,0.0,0.0,9.1,9.09,0,0,0,0,0,0,0,0,0,0,0,0
2025-12-18 02:00:00,HAN,17.5,0.0,97,6.7,352,1019.0,91,24140.0,5.92,-3.15,-0.1,-0.7,-1.1,0.0,0.0,0.0,9.1,9.09,0,0,0,0,0,0,0,0,0,0,0,0
2025-12-18 03:00:00,HAN,17.8,0.0,33,8.1,360,1018.6,88,24140.0,7.61,-2.77,0.3,0.2,-1.1,0.0,0.0,0.0,9.1,9.09,0,0,0,0,0,0,0,0,0,0,0,0
2025-12-18 04:00:00,HAN,17.7,0.0,96,7.7,3,1018.5,85,24140.0,7.36,-2.25,-0.1,0.1,-0.7,0.0,0.0,0.0,8.1,7.61,0,0,0,0,0,0,0,0,0,0,0,0
2025-12-18 05:00:00,HAN,17.5,0.0,98,6.2,352,1018.8,85,24140.0,5.47,-2.91,-0.2,0.0,-0.2,0.0,0.0,0.0,8.1,7.61,0,0,0,0,0,0,0,0,0,0,0,0
2025-12-18 06:00:00,HAN,17.0,0.0,80,5.2,358,1019.1,86,24140.0,4.82,-1.95,-0.5,-0.8,0.5,0.0,0.0,0.0,7.7,7.36,0,0,0,0,0,0,0,0,0,0,0,0
2025-12-18 07:00:00,HAN,16.6,0.0,2,6.1,5,1019.4,89,24140.0,5.89,-1.58,-0.4,-1.1,0.9,0.0,0.0,0.0,6.2,5.89,0,0,0,0,0,0,0,0,0,0,0,0
2025-12-18 08:00:00,HAN,18.9,0.0,5,8.5,6,1019.7,79,24140.0,8.25,-2.06,2.3,1.4,0.9,0.0,0.0,0.0,8.5,8.25,0,0,0,0,0,0,0,0,0,0,0,0
2025-12-18 09:00:00,HAN,20.8,0.0,5,11.2,15,1020.3,67,24140.0,11.16,-0.98,1.9,3.8,1.2,0.0,0.0,0.0,11.2,11.16,0,0,0,0,0,0,0,0,0,0,0,0
2025-12-18 10:00:00,HAN,22.0,0.0,1,10.0,23,1020.1,62,24140.0,9.99,0.52,1.2,5.4,0.7,0.0,0.0,0.0,11.2,11.16,0,0,0,0,0,0,0,0,0,0,0,0
2025-12-18 11:00:00,HAN,23.3,0.0,1,7.3,33,1019.1,59,24140.0,7.11,1.64,1.3,4.4,-0.6,0.0,0.0,0.0,11.2,11.16,0,0,0,0,0,0,0,0,0,0,0,0
2025-12-18 12:00:00,HAN,24.1,0.0,0,4.0,27,1017.5,56,24140.0,3.97,0.49,0.8,3.3,-2.8,0.0,0.0,0.0,10.0,9.99,0,0,0,0,0,0,0,0,0,0,0,0
2025-12-18 13:00:00,HAN,23.9,0.0,21,0.5,225,1016.6,56,24140.0,0.45,-0.21,-0.2,1.9,-3.5,0.0,0.0,0.0,7.3,7.11,0,0,0,0,0,0,0,0,0,0,0,0
2025-12-18 14:00:00,HAN,24.5,0.0,10,1.8,156,1015.5,55,24140.0,1.29,1.25,0.6,1.2,-3.6,0.0,0.0,0.0,4.0,3.97,0,0,0,0,0,0,0,0,0,0,0,0
2025-12-18 15:00:00,HAN,24.8,0.0,10,4.7,137,1014.6,53,24140.0,2.13,4.19,0.3,0.7,-2.9,0.0,0.0,0.0,4.7,2.13,0,0,0,0,0,0,0,0,0,0,0,0
2025-12-18 16:00:00,HAN,24.4,0.0,9,6.6,164,1014.2,53,24140.0,5.34,3.88,-0.4,0.5,-2.4,0.0,0.0,0.0,6.6,5.34,0,0,0,0,0,0,0,0,0,0,0,0
2025-12-18 17:00:00,HAN,22.1,0.0,27,4.8,200,1014.2,67,24140.0,4.8,0.0,-2.3,-2.4,-1.3,0.0,0.0,0.0,6.6,5.34,0,0,0,0,0,0,0,0,0,0,0,0
2025-12-18 18:00:00,HAN,20.5,0.0,13,5.4,214,1014.3,73,24140.0,5.24,-1.31,-1.6,-4.3,-0.3,0.0,0.0,0.0,6.6,5.34,0,0,0,0,0,0,0,0,0,0,0,0
2025-12-18 19:00:00,HAN,20.3,0.0,14,5.8,178,1014.9,73,24140.0,5.38,2.17,-0.2,-4.1,0.7,0.0,0.0,0.0,5.8,5.38,0,0,0,0,0,0,0,0,0,0,0,0
2025-12-18 20:00:00,HAN,19.9,0.0,16,5.7,156,1015.2,76,24140.0,4.1,3.96,-0.4,-2.2,1.0,0.0,0.0,0.0,5.8,5.38,0,0,0,0,0,0,0,0,0,0,0,0
2025-12-18 21:00:00,HAN,19.5,0.0,14,9.4,133,1015.8,79,24140.0,3.67,8.65,-0.4,-1.0,1.5,0.0,0.0,0.0,9.4,5.38,0,0,0,0,0,0,0,0,0,0,0,0
2025-12-18 22:00:00,HAN,18.6,0.0,13,9.8,142,1015.9,82,24140.0,5.19,8.31,-0.9,-1.7,1.0,0.0,0.0,0.0,9.8,5.19,0,0,0,0,0,0,0,0,0,0,0,0
2025-12-18 23:00:00,HAN,17.9,0.0,1,7.9,153,1015.8,86,24140.0,5.39,5.78,-0.7,-2.0,0.6,0.0,0.0,0.0,9.8,5.39,0,0,0,0,0,0,0,0,0,0,0,0
2025-12-19 00:00:00,HAN,17.1,0.0,0,6.4,162,1015.5,90,24140.0,5.04,3.94,-0.8,-2.4,-0.3,0.0,0.0,0.0,9.8,5.39,0,0,0,0,0,0,0,0,0,0,0,0
2025-12-19 01:00:00,HAN,16.6,0.0,0,4.6,159,1015.4,94,24140.0,3.47,3.02,-0.5,-2.0,-0.5,0.0,0.0,0.0,7.9,5.39,0,0,0,0,0,0,0,0,0,0,0,0
2025-12-19 02:00:00,HAN,16.5,0.0,0,2.7,138,1014.9,94,24140.0,1.27,2.38,-0.1,-1.4,-0.9,0.0,0.0,0.0,6.4,5.04,0,0,0,0,0,0,0,0,0,0,0,0
2025-12-19 03:00:00,HAN,16.0,0.0,0,3.1,90,1014.5,95,24140.0,1.06,2.91,-0.5,-1.1,-1.0,0.0,0.0,0.0,4.6,3.47,0,0,0,0,0,0,0,0,0,0,0,0
2025-12-19 04:00:00,HAN,15.8,0.0,1,4.0,58,1014.1,97,24140.0,3.15,2.46,-0.2,-0.8,-1.3,0.0,0.0,0.0,4.0,3.15,0,0,0,0,0,0,0,0,0,0,0,0
2025-12-19 05:00:00,HAN,15.3,0.0,66,6.4,43,1014.1,99,24140.0,5.89,2.5,-0.5,-1.2,-0.8,0.0,0.0,0.0,6.4,5.89,0,0,0,0,0,0,0,0,0,0,0,0
2025-12-19 06:00:00,HAN,15.1,0.0,100,7.0,46,1014.3,100,24140.0,6.29,3.07,-0.2,-0.9,-0.2,0.0,0.0,0.0,7.0,6.29,0,0,0,0,0,0,0,0,0,0,0,0
2025-12-19 07:00:00,HAN,15.2,0.0,100,8.6,59,1015.2,99,24140.0,6.68,5.41,0.1,-0.6,1.1,0.0,0.0,0.0,8.6,6.68,0,0,0,0,0,0,0,0,0,0,0,0
2025-12-19 08:00:00,HAN,16.9,0.0,98,5.8,64,1015.7,97,24140.0,4.17,4.03,1.7,1.6,1.6,0.0,0.0,0.0,8.6,6.68,0,0,0,0,0,0,0,0,0,0,0,0
2025-12-19 09:00:00,HAN,19.5,0.0,1,3.8,95,1016.1,85,24140.0,0.98,3.67,2.6,4.4,1.8,0.0,0.0,0.0,8.6,6.68,0,0,0,0,0,0,0,0,0,0,0,0
2025-12-19 10:00:00,HAN,21.5,0.0,2,3.2,137,1016.0,76,24140.0,1.45,2.85,2.0,6.3,0.8,0.0,0.0,0.0,5.8,4.17,0,0,0,0,0,0,0,0,0,0,0,0
2025-12-19 11:00:00,HAN,23.4,0.0,43,7.2,168,1015.1,65,24140.0,6.11,3.82,1.9,6.5,-0.6,0.0,0.0,0.0,7.2,6.11,0,0,0,0,0,0,0,0,0,0,0,0
2025-12-19 12:00:00,HAN,24.4,0.0,34,7.4,176,1013.5,59,24140.0,6.76,3.01,1.0,4.9,-2.6,0.0,0.0,0.0,7.4,6.76,0,0,0,0,0,0,0,0,0,0,0,0
2025-12-19 13:00:00,HAN,24.5,0.0,11,6.7,175,1012.2,60,24140.0,6.07,2.83,0.1,3.0,-3.8,0.0,0.0,0.0,7.4,6.76,0,0,0,0,0,0,0,0,0,0,0,0
2025-12-19 14:00:00,HAN,25.1,0.0,63,7.8,189,1011.2,56,24140.0,7.66,1.49,0.6,1.7,-3.9,0.0,0.0,0.0,7.8,7.66,0,0,0,0,0,0,0,0,0,0,0,0
2025-12-19 15:00:00,HAN,25.3,0.0,45,7.6,162,1010.4,55,24140.0,5.99,4.68,0.2,0.9,-3.1,0.0,0.0,0.0,7.8,7.66,0,0,0,0,0,0,0,0,0,0,0,0
2025-12-19 16:00:00,HAN,25.0,0.0,2,8.5,128,1010.1,55,24140.0,2.63,8.08,-0.3,0.5,-2.1,0.0,0.0,0.0,8.5,7.66,0,0,0,0,0,0,0,0,0,0,0,0
2025-12-19 17:00:00,HAN,23.0,0.0,1,6.5,122,1010.1,64,24140.0,1.35,6.36,-2.0,-2.1,-1.1,0.0,0.0,0.0,8.5,5.99,0,0,0,0,0,0,0,0,0,0,0,0
2025-12-19 18:00:00,HAN,21.2,0.0,4,8.0,152,1010.4,71,24140.0,5.35,5.95,-1.8,-4.1,0.0,0.0,0.0,0.0,8.5,5.35,0,0,0,0,0,0,0,0,0,0,0,0
2025-12-19 19:00:00,HAN,20.9,0.0,21,13.3,132,1011.1,76,24140.0,4.98,12.33,-0.3,-4.1,1.0,0.0,0.0,0.0,13.3,5.35,0,0,0,0,0,0,0,0,0,0,0,0
2025-12-19 20:00:00,HAN,20.4,0.0,9,13.3,140,1012.1,90,24140.0,6.65,11.52,-0.5,-2.6,2.0,0.0,0.0,0.0,13.3,6.65,0,0,0,0,0,0,0,0,0,0,0,0
2025-12-19 21:00:00,HAN,19.7,0.0,13,11.7,148,1012.7,95,24140.0,7.2,9.22,-0.7,-1.5,2.3,0.0,0.0,0.0,13.3,7.2,0,0,0,0,0,0,0,0,0,0,0,0
2025-12-19 22:00:00,HAN,19.3,0.0,14,8.9,148,1012.9,98,24140.0,5.48,7.01,-0.4,-1.6,1.8,0.0,0.0,0.0,13.3,7.2,0,0,0,0,0,0,0,0,0,0,0,0
2025-12-19 23:00:00,HAN,18.8,0.0,100,6.4,151,1013.1,99,24140.0,4.2,4.83,-0.5,-1.6,1.0,0.0,0.0,0.0,11.7,7.2,0,0,0,0,0,0,0,0,0,0,0,0
2025-12-20 00:00:00,HAN,19.2,0.0,100,7.2,148,1013.1,99,24140.0,4.43,5.67,0.4,-0.5,0.4,0.0,0.0,0.0,8.9,5.48,0,0,0,0,0,0,0,0,0,0,0,0
2025-12-20 01:00:00,HAN,19.6,0.0,100,12.6,152,1013.3,97,24140.0,8.43,9.36,0.4,0.3,0.4,0.0,0.0,0.0,12.6,8.43,0,0,0,0,0,0,0,0,0,0,0,0
2025-12-20 02:00:00,HAN,19.9,0.1,100,12.7,145,1012.9,94,24140.0,7.28,10.4,0.3,1.1,-0.2,0.1,0.1,0.1,12.7,8.43,1,0,0,0,0,0,0,0,1,1,0,1
2025-12-20 03:00:00,HAN,20.1,0.1,55,10.9,144,1012.8,93,24140.0,6.1,9.04,0.2,0.9,-0.3,0.1,0.2,0.2,12.7,8.43,1,0,0,0,0,0,0,0,0,1,0,0
2025-12-20 04:00:00,HAN,19.7,0.0,100,7.1,133,1012.7,97,24140.0,2.77,6.54,-0.4,0.1,-0.6,0.0,0.2,0.2,12.7,7.28,0,0,0,0,0,0,0,0,0,0,0,0
2025-12-20 05:00:00,HAN,19.5,0.0,100,6.8,130,1013.0,98,24140.0,2.33,6.39,-0.2,-0.4,0.1,0.0,0.1,0.2,10.9,6.1,0,0,0,0,0,0,0,0,0,0,0,0
2025-12-20 06:00:00,HAN,19.5,0.0,92,7.1,120,1013.4,98,24140.0,1.23,6.99,0.0,-0.6,0.6,0.0,0.0,0.2,7.1,2.77,0,0,0,0,0,0,0,0,0,0,0,0
2025-12-20 07:00:00,HAN,19.5,0.0,100,9.4,82,1014.1,98,24140.0,4.41,8.3,0.0,-0.2,1.4,0.0,0.0,0.2,9.4,4.41,0,0,0,0,0,0,0,0,0,0,0,0
2025-12-20 08:00:00,HAN,20.2,0.1,96,11.0,100,1015.1,93,24140.0,1.91,10.83,0.7,0.7,2.1,0.1,0.1,0.2,11.0,4.41,1,0,0,0,0,0,0,0,1,1,0,1
2025-12-20 09:00:00,HAN,21.3,0.1,62,7.7,127,1015.8,87,24140.0,2.25,7.36,1.1,1.8,2.4,0.1,0.2,0.2,11.0,4.41,1,0,0,0,0,0,0,0,0,1,0,0
2025-12-20 10:00:00,HAN,22.6,0.0,65,5.7,156,1016.0,80,15880.0,4.1,3.96,1.3,3.1,1.9,0.0,0.2,0.2,11.0,4.1,0,0,0,0,0,0,0,0,0,0,0,0
2025-12-20 11:00:00,HAN,23.7,0.0,100,4.8,160,1015.2,72,20040.0,3.68,3.09,1.1,3.5,0.1,0.0,0.1,0.2,7.7,4.1,0,0,0,0,0,0,0,0,0,0,0,0
2025-12-20 12:00:00,HAN,23.9,0.3,40,3.8,183,1014.2,72,24140.0,3.63,1.11,0.2,2.6,-1.6,0.3,0.3,0.5,5.7,4.1,1,0,0,0,0,0,0,0,0,1,0,0
2025-12-20 13:00:00,HAN,24.2,0.2,18,4.2,190,1013.2,67,24140.0,4.14,0.73,0.3,1.6,-2.8,0.2,0.5,0.7,4.8,4.14,1,0,0,0,0,0,0,0,0,1,0,0
2025-12-20 14:00:00,HAN,25.1,0.1,25,4.5,196,1012.3,62,24140.0,4.49,0.31,0.9,1.4,-2.9,0.1,0.6,0.7,4.5,4.49,1,0,0,0,0,0,0,0,0,1,0,0
2025-12-20 15:00:00,HAN,25.1,0.0,19,4.7,198,1012.1,61,24140.0,4.7,0.16,0.0,1.2,-2.1,0.0,0.3,0.6,4.7,4.7,0,0,0,0,0,0,0,0,0,0,0,0
2025-12-20 16:00:00,HAN,24.9,0.0,13,3.1,180,1012.5,62,20400.0,2.91,1.06,-0.2,0.7,-0.7,0.0,0.1,0.6,4.7,4.7,0,0,0,0,0,0,0,0,0,0,0,0
2025-12-20 17:00:00,HAN,23.8,0.0,20,0.9,143,1013.1,72,12020.0,0.49,0.75,-1.1,-1.3,0.8,0.0,0.0,0.6,4.7,4.7,0,0,0,0,0,0,0,0,0,0,0,0
2025-12-20 18:00:00,HAN,21.9,0.0,33,4.7,108,1014.1,76,24080.0,0.16,4.7,-1.9,-3.2,2.0,0.0,0.0,0.3,4.7,2.91,0,0,0,0,0,0,0,0,0,0,0,0
2025-12-20 19:00:00,HAN,20.8,0.0,73,5.6,84,1015.0,91,21980.0,2.45,5.03,-1.1,-4.1,2.5,0.0,0.0,0.1,5.6,2.45,0,0,0,0,0,0,0,0,0,0,0,0
2025-12-20 20:00:00,HAN,20.2,0.2,79,0.3,225,1015.7,93,22740.0,0.27,-0.13,-0.6,-3.6,2.6,0.2,0.2,0.2,5.6,2.45,1,0,0,0,0,0,0,0,0,1,0,0
2025-12-20 21:00:00,HAN,19.9,0.0,65,1.0,225,1016.2,96,21580.0,0.91,-0.42,-0.3,-2.0,2.1,0.0,0.2,0.2,5.6,2.45,0,0,0,0,0,0,0,0,0,0,0,0
2025-12-20 22:00:00,HAN,19.8,0.0,32,1.0,45,1016.3,95,17940.0,0.91,0.42,-0.1,-1.0,1.3,0.0,0.2,0.2,1.0,0.91,0,0,0,0,0,0,0,0,0,0,0,0
2025-12-20 23:00:00,HAN,19.5,0.0,17,5.0,41,1016.7,97,16560.0,4.67,1.79,-0.3,-0.7,1.0,0.0,0.0,0.2,5.0,4.67,0,0,0,0,0,0,0,0,0,0,0,0
2025-12-21 00:00:00,HAN,19.0,0.0,7,2.4,36,1016.8,97,12300.0,2.31,0.66,-0.5,-0.9,0.6,0.0,0.0,0.2,5.0,4.67,0,0,0,0,0,0,0,0,0,0,0,0
2025-12-21 01:00:00,HAN,18.7,0.0,98,5.1,287,1016.6,100,9120.0,0.27,-5.09,-0.3,-1.1,0.3,0.0,0.0,0.2,5.1,4.67,0,0,0,0,0,0,0,0,0,0,0,0
2025-12-21 02:00:00,HAN,18.6,0.4,100,8.5,328,1016.3,99,14120.0,5.23,-6.7,-0.1,-0.9,-0.4,0.4,0.4,0.4,8.5,5.23,1,0,0,0,0,0,0,0,1,1,0,1
2025-12-21 03:00:00,HAN,18.3,0.0,84,10.3,338,1016.2,96,10360.0,7.65,-6.89,-0.3,-0.7,-0.6,0.0,0.4,0.4,10.3,7.65,0,0,0,0,0,0,0,0,0,0,0,0
2025-12-21 04:00:00,HAN,18.1,0.0,84,8.1,307,1016.5,96,12380.0,2.37,-7.75,-0.2,-0.6,-0.1,0.0,0.4,0.4,10.3,7.65,0,0,0,0,0,0,0,0,0,0,0,0
2025-12-21 05:00:00,HAN,18.2,0.0,88,6.8,325,1016.8,95,24140.0,3.9,-5.57,0.1,-0.4,0.5,0.0,0.0,0.4,10.3,7.65,0,0,0,0,0,0,0,0,0,0,0,0
2025-12-21 06:00:00,HAN,18.4,0.0,81,8.1,332,1017.5,96,24140.0,5.42,-6.02,0.2,0.1,1.3,0.0,0.0,0.4,8.1,5.42,0,0,0,0,0,0,0,0,0,0,0,0
2025-12-21 07:00:00,HAN,19.0,0.0,64,9.8,308,1017.8,97,24140.0,3.03,-9.32,0.6,0.9,1.3,0.0,0.0,0.4,9.8,5.42,0,0,0,0,0,0,0,0,0,0,0,0
2025-12-21 08:00:00,HAN,19.9,0.0,34,8.7,317,1018.4,92,24140.0,3.95,-7.75,0.9,1.7,1.6,0.0,0.0,0.0,9.8,5.42,0,0,0,0,0,0,0,0,0,0,0,0
2025-12-21 09:00:00,HAN,21.5,0.0,43,7.9,340,1018.8,83,24140.0,6.05,-5.08,1.6,3.1,1.3,0.0,0.0,0.0,9.8,6.05,0,0,0,0,0,0,0,0,0,0,0,0
2025-12-21 10:00:00,HAN,23.0,0.0,88,10.0,9,1018.9,75,24140.0,9.82,-1.91,1.5,4.0,1.1,0.0,0.0,0.0,10.0,9.82,0,0,0,0,0,0,0,0,0,0,0,0
2025-12-21 11:00:00,HAN,24.2,0.0,98,9.9,25,1017.8,68,24140.0,9.86,0.86,1.2,4.3,-0.6,0.0,0.0,0.0,10.0,9.86,0,0,0,0,0,0,0,0,0,0,0,0
2025-12-21 12:00:00,HAN,24.8,0.0,99,7.7,28,1016.7,64,24140.0,7.63,1.07,0.6,3.3,-2.1,0.0,0.0,0.0,10.0,9.86,0,0,0,0,0,0,0,0,0,0,0,0
2025-12-21 13:00:00,HAN,25.1,0.0,66,5.5,343,1015.9,61,24140.0,4.39,-3.31,0.3,2.1,-3.0,0.0,0.0,0.0,9.9,9.86,0,0,0,0,0,0,0,0,0,0,0,0
2025-12-21 14:00:00,HAN,25.5,0.1,24,5.0,347,1014.9,60,24140.0,4.19,-2.72,0.4,1.3,-2.9,0.1,0.1,0.1,7.7,7.63,1,0,0,0,0,0,0,0,0,1,0,0
2025-12-21 15:00:00,HAN,25.5,0.0,20,4.5,56,1014.4,58,24140.0,3.64,2.65,0.0,0.7,-2.3,0.0,0.1,0.1,5.5,4.39,0,0,0,0,0,0,0,0,0,0,0,0
2025-12-21 16:00:00,HAN,25.1,0.0,6,4.7,62,1014.2,60,24140.0,3.49,3.14,-0.4,0.0,-1.7,0.0,0.1,0.1,5.0,4.19,0,0,0,0,0,0,0,0,0,0,0,0
2025-12-21 17:00:00,HAN,23.5,0.0,13,2.7,53,1014.2,73,24140.0,2.26,1.47,-1.6,-2.0,-0.7,0.0,0.0,0.1,4.7,3.64,0,0,0,0,0,0,0,0,0,0,0,0
2025-12-21 18:00:00,HAN,22.0,0.0,8,3.4,32,1014.7,77,24140.0,3.33,0.71,-1.5,-3.5,0.3,0.0,0.0,0.1,4.7,3.49,0,0,0,0,0,0,0,0,0,0,0,0
2025-12-21 19:00:00,HAN,21.1,0.0,50,2.2,166,1014.8,88,24140.0,1.82,1.23,-0.9,-4.0,0.6,0.0,0.0,0.1,3.4,3.33,0,0,0,0,0,0,0,0,0,0,0,0
2025-12-21 20:00:00,HAN,21.0,0.0,38,2.5,172,1015.4,90,24140.0,2.21,1.17,-0.1,-2.5,1.2,0.0,0.0,0.0,3.4,3.33,0,0,0,0,0,0,0,0,0,0,0,0
2025-12-21 21:00:00,HAN,20.5,0.0,22,1.1,81,1015.7,91,24140.0,0.53,0.96,-0.5,-1.5,1.0,0.0,0.0,0.0,2.5,2.21,0,0,0,0,0,0,0,0,0,0,0,0
2025-12-21 22:00:00,HAN,19.4,0.0,9,2.8,50,1016.0,95,24140.0,2.42,1.4,-1.1,-1.7,1.2,0.0,0.0,0.0,2.8,2.42,0,0,0,0,0,0,0,0,0,0,0,0
2025-12-21 23:00:00,HAN,18.9,0.0,9,4.7,50,1015.9,98,24140.0,4.07,2.35,-0.5,-2.1,0.5,0.0,0.0,0.0,4.7,4.07,0,0,0,0,0,0,0,0,0,0,0,0
2025-12-22 00:00:00,HAN,18.4,0.0,8,5.1,39,1015.8,98,24140.0,4.82,1.66,-0.5,-2.1,0.1,0.0,0.0,0.0,5.1,4.82,0,0,0,0,0,0,0,0,0,0,0,0
2025-12-22 01:00:00,HAN,18.6,0.0,23,3.3,36,1015.7,98,24140.0,3.17,0.91,0.2,-0.8,-0.3,0.0,0.0,0.0,5.1,4.82,0,0,0,0,0,0,0,0,0,0,0,0
2025-12-22 02:00:00,HAN,18.6,0.3,67,1.8,294,1015.7,95,24140.0,0.13,-1.8,0.0,-0.3,-0.2,0.3,0.3,0.3,5.1,4.82,1,0,0,0,0,0,0,0,0,1,0,0
2025-12-22 03:00:00,HAN,18.9,0.4,40,8.5,83,1015.6,97,24140.0,3.86,7.57,0.3,0.5,-0.2,0.4,0.7,0.7,8.5,3.86,1,0,0,0,0,0,0,0,0,1,0,0
2025-12-22 04:00:00,HAN,18.6,0.0,53,3.1,100,1015.7,98,24140.0,0.54,3.05,-0.3,0.0,0.0,0.0,0.7,0.7,8.5,3.86,0,0,0,0,0,0,0,0,0,0,0,0
2025-12-22 05:00:00,HAN,18.5,0.1,94,3.7,29,1015.7,99,24140.0,3.65,0.58,-0.1,-0.1,0.0,0.1,0.5,0.8,8.5,3.86,1,0,0,0,0,0,0,0,1,1,0,1
2025-12-22 06:00:00,HAN,18.1,0.1,100,5.4,15,1016.0,99,24140.0,5.38,-0.47,-0.4,-0.8,0.4,0.1,0.2,0.9,5.4,5.38,1,0,0,0,0,0,0,0,1,1,0,1
2025-12-22 07:00:00,HAN,18.2,0.0,100,5.3,55,1016.4,96,23260.0,4.34,3.04,0.1,-0.4,0.7,0.0,0.2,0.9,5.4,5.38,0,0,0,0,0,0,0,0,0,0,0,0
2025-12-22 08:00:00,HAN,19.5,0.0,57,4.0,63,1016.9,93,23280.0,2.93,2.73,1.3,1.0,1.2,0.0,0.1,0.6,5.4,5.38,0,0,0,0,0,0,0,0,0,0,0,0
2025-12-22 09:00:00,HAN,21.1,0.0,32,2.7,67,1017.6,85,24140.0,1.84,1.97,1.6,3.0,1.6,0.0,0.0,0.2,5.3,4.34,0,0,0,0,0,0,0,0,0,0,0,0
2025-12-22 10:00:00,HAN,22.8,0.0,64,9.4,121,1017.1,76,24140.0,1.79,9.23,1.7,4.6,0.7,0.0,0.0,0.2,9.4,2.93,0,0,0,0,0,0,0,0,0,0,0,0
2025-12-22 11:00:00,HAN,24.2,0.1,38,13.0,151,1015.8,65,24140.0,8.53,9.81,1.4,4.7,-1.1,0.1,0.1,0.2,13.0,8.53,1,0,0,0,0,0,0,0,0,1,0,0
2025-12-22 12:00:00,HAN,25.6,0.3,41,15.2,163,1014.1,59,24140.0,12.14,9.15,1.4,4.5,-3.5,0.3,0.4,0.4,15.2,12.14,1,0,0,0,0,0,0,0,0,1,0,0
2025-12-22 13:00:00,HAN,24.8,0.8,20,14.2,154,1013.0,67,24140.0,9.86,10.21,-0.8,2.0,-4.1,0.8,1.2,1.2,15.2,12.14,1,0,0,0,0,0,0,0,0,1,0,0
2025-12-22 14:00:00,HAN,25.5,0.0,19,14.3,155,1011.8,62,24140.0,10.11,10.11,0.7,1.3,-4.0,0.0,1.1,1.2,15.2,12.14,0,0,0,0,0,0,0,0,0,0,0,0
2025-12-22 15:00:00,HAN,25.4,0.0,27,16.5,158,1010.8,61,24140.0,12.26,11.04,-0.1,-0.2,-3.3,0.0,0.8,1.2,16.5,12.26,0,0,0,0,0,0,0,0,0,0,0,0
2025-12-22 16:00:00,HAN,24.0,0.0,10,14.6,153,1010.8,69,24140.0,9.96,10.68,-1.4,-0.8,-2.2,0.0,0.0,1.2,16.5,12.26,0,0,0,0,0,0,0,0,0,0,0,0
2025-12-22 17:00:00,HAN,23.4,0.0,22,11.5,148,1010.8,73,24140.0,7.08,9.06,-0.6,-2.1,-1.0,0.0,0.0,1.1,16.5,12.26,0,0,0,0,0,0,0,0,0,0,0,0
2025-12-22 18:00:00,HAN,22.2,0.0,1,14.1,136,1010.8,78,24140.0,6.18,12.67,-1.2,-3.2,0.0,0.0,0.0,0.8,14.6,9.96,0,0,0,0,0,0,0,0,0,0,0,0
2025-12-22 19:00:00,HAN,21.0,0.0,1,13.9,130,1011.2,88,24140.0,4.75,13.06,-1.2,-3.0,0.4,0.0,0.0,0.0,14.1,7.08,0,0,0,0,0,0,0,0,0,0,0,0
2025-12-22 20:00:00,HAN,20.5,0.0,11,14.8,132,1011.4,91,24140.0,5.54,13.72,-0.5,-2.9,0.6,0.0,0.0,0.0,14.8,6.18,0,0,0,0,0,0,0,0,0,0,0,0
2025-12-22 21:00:00,HAN,20.1,0.0,17,14.9,133,1011.7,94,24140.0,5.82,13.72,-0.4,-2.1,0.9,0.0,0.0,0.0,14.9,5.82,0,0,0,0,0,0,0,0,0,0,0,0
2025-12-22 22:00:00,HAN,19.8,0.0,26,13.0,133,1011.9,96,24140.0,5.08,11.97,-0.3,-1.2,0.7,0.0,0.0,0.0,14.9,5.82,0,0,0,0,0,0,0,0,0,0,0,0
2025-12-22 23:00:00,HAN,19.8,0.0,96,12.3,136,1012.1,97,24140.0,5.39,11.06,0.0,-0.7,0.7,0.0,0.0,0.0,14.9,5.82,0,0,0,0,0,0,0,0,0,0,0,0
2025-12-23 00:00:00,HAN,19.9,0.0,100,12.2,137,1012.2,97,24140.0,5.54,10.87,0.1,-0.2,0.5,0.0,0.0,0.0,13.0,5.54,0,0,0,0,0,0,0,0,0,0,0,0
2025-12-23 01:00:00,HAN,20.2,0.0,100,12.1,128,1012.3,98,24140.0,3.74,11.51,0.3,0.4,0.4,0.0,0.0,0.0,12.3,5.54,0,0,0,0,0,0,0,0,0,0,0,0
2025-12-23 02:00:00,HAN,20.6,0.0,100,14.1,125,1012.2,96,23340.0,3.65,13.62,0.4,0.8,0.1,0.0,0.0,0.0,14.1,5.54,0,0,0,0,0,0,0,0,0,0,0,0
2025-12-23 03:00:00,HAN,20.6,0.0,100,11.6,118,1011.7,95,21940.0,1.61,11.49,0.0,0.7,-0.5,0.0,0.0,0.0,14.1,3.74,0,0,0,0,0,0,0,0,0,0,0,0
2025-12-23 04:00:00,HAN,20.5,0.0,100,11.1,120,1011.7,94,24060.0,1.93,10.93,-0.1,0.3,-0.6,0.0,0.0,0.0,14.1,3.65,0,0,0,0,0,0,0,0,0,0,0,0
2025-12-23 05:00:00,HAN,20.5,0.1,100,12.4,124,1012.0,93,24140.0,3.0,12.03,0.0,-0.1,-0.2,0.1,0.1,0.1,12.4,3.0,1,0,0,0,0,0,0,0,1,1,0,1
2025-12-23 06:00:00,HAN,20.5,0.3,100,10.7,130,1012.8,93,24140.0,3.66,10.05,0.0,-0.1,1.1,0.3,0.4,0.4,12.4,3.66,1,0,0,0,0,0,0,0,1,1,0,1
2025-12-23 07:00:00,HAN,20.1,0.6,100,10.4,116,1013.5,96,24140.0,1.09,10.34,-0.4,-0.4,1.8,0.6,1.0,1.0,12.4,3.66,1,0,0,0,0,0,0,0,1,1,0,1
2025-12-23 08:00:00,HAN,20.1,2.5,99,7.7,111,1014.5,96,24140.0,0.13,7.7,0.0,-0.4,2.5,2.5,3.4,3.5,10.7,3.66,1,0,0,0,0,0,0,0,1,1,0,1
2025-12-23 09:00:00,HAN,21.4,0.4,77,13.1,133,1015.0,90,24140.0,5.12,12.06,1.3,0.9,2.2,0.4,3.5,3.9,13.1,5.12,1,0,0,0,0,0,0,0,0,1,0,0
2025-12-23 10:00:00,HAN,23.5,0.0,81,14.3,162,1014.6,78,24140.0,11.27,8.8,2.1,3.4,1.1,0.0,2.9,3.9,14.3,11.27,0,0,0,0,0,0,0,0,0,0,0,0
2025-12-23 11:00:00,HAN,24.9,0.0,95,12.6,166,1014.0,73,24140.0,10.45,7.05,1.4,4.8,-0.5,0.0,0.4,3.8,14.3,11.27,0,0,0,0,0,0,0,0,0,0,0,0
2025-12-23 12:00:00,HAN,25.8,0.0,100,14.6,171,1012.6,69,20260.0,12.77,7.08,0.9,4.4,-2.4,0.0,0.0,3.5,14.6,12.77,0,0,0,0,0,0,0,0,0,0,0,0
2025-12-23 13:00:00,HAN,25.8,0.1,100,11.4,162,1011.2,70,24140.0,8.98,7.02,0.0,2.3,-3.4,0.1,0.1,3.0,14.6,12.77,1,0,0,0,0,0,0,0,1,1,0,1
2025-12-23 14:00:00,HAN,26.5,0.1,86,14.1,182,1010.7,60,24140.0,13.41,4.36,0.7,1.6,-3.3,0.1,0.2,0.6,14.6,13.41,1,0,0,0,0,0,0,0,1,1,0,1
2025-12-23 15:00:00,HAN,26.3,0.1,55,14.9,163,1010.0,63,18560.0,11.9,8.97,-0.2,0.5,-2.6,0.1,0.3,0.3,14.9,13.41,1,0,0,0,0,0,0,0,0,1,0,0
2025-12-23 16:00:00,HAN,25.0,0.3,19,13.8,153,1010.4,71,24140.0,9.41,10.09,-1.3,-0.8,-0.8,0.3,0.5,0.6,14.9,13.41,1,0,0,0,0,0,0,0,0,1,0,0
2025-12-23 17:00:00,HAN,24.3,0.0,37,12.7,142,1010.6,72,24140.0,6.73,10.77,-0.7,-2.2,-0.1,0.0,0.4,0.6,14.9,11.9,0,0,0,0,0,0,0,0,0,0,0,0
2025-12-23 18:00:00,HAN,23.0,0.0,11,12.6,134,1011.0,77,24140.0,5.12,11.51,-1.3,-3.3,1.0,0.0,0.3,0.6,13.8,9.41,0,0,0,0,0,0,0,0,0,0,0,0
2025-12-23 19:00:00,HAN,22.0,0.0,29,9.3,133,1011.8,86,24140.0,3.63,8.56,-1.0,-3.0,1.4,0.0,0.0,0.5,12.7,6.73,0,0,0,0,0,0,0,0,0,0,0,0
2025-12-23 20:00:00,HAN,21.8,0.0,16,9.0,123,1012.3,85,24140.0,2.02,8.77,-0.2,-2.5,1.7,0.0,0.0,0.4,12.6,5.12,0,0,0,0,0,0,0,0,0,0,0,0
2025-12-23 21:00:00,HAN,20.9,0.0,15,9.4,119,1012.8,91,24140.0,1.47,9.28,-0.9,-2.1,1.8,0.0,0.0,0.3,9.4,3.63,0,0,0,0,0,0,0,0,0,0,0,0
2025-12-23 22:00:00,HAN,20.5,0.0,54,9.0,125,1012.8,97,24140.0,2.33,8.69,-0.4,-1.5,1.0,0.0,0.0,0.0,9.4,2.33,0,0,0,0,0,0,0,0,0,0,0,0
2025-12-23 23:00:00,HAN,20.4,0.0,100,8.1,121,1013.1,98,24140.0,1.55,7.95,-0.1,-1.4,0.8,0.0,0.0,0.0,9.4,2.33,0,0,0,0,0,0,0,0,0,0,0,0
2025-12-24 00:00:00,HAN,20.5,0.0,100,9.0,116,1012.8,99,24140.0,0.94,8.95,0.1,-0.4,0.0,0.0,0.0,0.0,9.0,2.33,0,0,0,0,0,0,0,0,0,0,0,0
2025-12-24 01:00:00,HAN,20.6,0.0,97,11.1,141,1012.6,99,24140.0,5.72,9.51,0.1,0.1,-0.2,0.0,0.0,0.0,11.1,5.72,0,0,0,0,0,0,0,0,0,0,0,0
2025-12-24 02:00:00,HAN,20.7,0.0,100,10.2,135,1012.0,98,24140.0,4.31,9.24,0.1,0.3,-1.1,0.0,0.0,0.0,11.1,5.72,0,0,0,0,0,0,0,0,0,0,0,0
2025-12-24 03:00:00,HAN,20.6,0.0,100,10.0,126,1011.6,97,24140.0,2.76,9.61,-0.1,0.1,-1.2,0.0,0.0,0.0,11.1,5.72,0,0,0,0,0,0,0,0,0,0,0,0
2025-12-24 04:00:00,HAN,20.7,0.1,94,9.9,122,1011.3,97,24140.0,2.06,9.68,0.1,0.1,-1.3,0.1,0.1,0.1,10.2,4.31,1,0,0,0,0,0,0,0,1,1,0,1
2025-12-24 05:00:00,HAN,20.7,0.1,80,10.8,122,1011.2,97,24140.0,2.25,10.56,0.0,0.0,-0.8,0.1,0.2,0.2,10.8,2.76,1,0,0,0,0,0,0,0,0,1,0,0
2025-12-24 06:00:00,HAN,20.6,0.0,95,10.7,127,1011.5,97,24140.0,3.13,10.23,-0.1,0.0,-0.1,0.0,0.2,0.2,10.8,3.13,0,0,0,0,0,0,0,0,0,0,0,0
2025-12-24 07:00:00,HAN,20.1,0.0,91,9.8,113,1012.2,97,24140.0,0.51,9.79,-0.5,-0.6,0.9,0.0,0.1,0.2,10.8,3.13,0,0,0,0,0,0,0,0,0,0,0,0
2025-12-24 08:00:00,HAN,21.3,0.1,97,10.9,128,1013.1,93,24140.0,3.37,10.37,1.2,0.6,1.9,0.1,0.1,0.3,10.9,3.37,1,0,0,0,0,0,0,0,1,1,0,1
2025-12-24 09:00:00,HAN,22.0,0.0,99,13.6,136,1013.6,89,24140.0,5.96,12.22,0.7,1.4,2.1,0.0,0.1,0.3,13.6,5.96,0,0,0,0,0,0,0,0,0,0,0,0
2025-12-24 10:00:00,HAN,23.6,0.1,84,11.9,158,1013.5,80,24140.0,8.84,7.96,1.6,3.5,1.3,0.1,0.2,0.3,13.6,8.84,1,0,0,0,0,0,0,0,1,1,0,1
2025-12-24 11:00:00,HAN,25.1,0.2,30,10.1,155,1012.4,73,24140.0,7.14,7.14,1.5,3.8,-0.7,0.2,0.3,0.4,13.6,8.84,1,0,0,0,0,0,0,0,0,1,0,0
2025-12-24 12:00:00,HAN,26.4,0.0,100,9.8,166,1011.2,67,24040.0,8.12,5.48,1.3,4.4,-2.4,0.0,0.3,0.4,11.9,8.84,0,0,0,0,0,0,0,0,0,0,0,0
2025-12-24 13:00:00,HAN,26.6,0.1,31,10.2,156,1009.8,65,24140.0,7.34,7.09,0.2,3.0,-3.7,0.1,0.3,0.5,10.2,8.12,1,0,0,0,0,0,0,0,0,1,0,0
2025-12-24 14:00:00,HAN,27.0,0.2,23,10.5,153,1009.1,64,24140.0,7.16,7.68,0.4,1.9,-3.3,0.2,0.3,0.6,10.5,8.12,1,0,0,0,0,0,0,0,0,1,0,0
2025-12-24 15:00:00,HAN,27.4,0.0,72,8.4,121,1008.9,62,15780.0,1.6,8.25,0.4,1.0,-2.3,0.0,0.3,0.6,10.5,7.34,0,0,0,0,0,0,0,0,0,0,0,0
2025-12-24 16:00:00,HAN,25.3,0.1,88,10.4,67,1009.7,66,19560.0,7.09,7.61,-2.1,-1.3,-0.1,0.1,0.3,0.6,10.5,7.16,1,0,0,0,0,0,0,0,1,1,0,1
2025-12-24 17:00:00,HAN,22.5,0.5,72,17.2,72,1010.7,86,24140.0,10.59,13.55,-2.8,-4.5,1.6,0.5,0.6,0.9,17.2,10.59,1,0,0,0,0,0,0,0,0,1,0,0
2025-12-24 18:00:00,HAN,21.5,0.0,100,17.9,65,1011.7,89,24140.0,12.66,12.66,-1.0,-5.9,2.8,0.0,0.6,0.9,17.9,12.66,0,0,0,0,0,0,0,0,0,0,0,0
2025-12-24 19:00:00,HAN,20.9,0.1,100,14.9,58,1012.2,94,21200.0,11.74,9.17,-0.6,-4.4,2.5,0.1,0.6,0.9,17.9,12.66,1,0,0,0,0,0,0,0,1,1,0,1
2025-12-24 20:00:00,HAN,20.5,0.2,100,17.8,47,1013.0,91,15040.0,15.86,8.08,-0.4,-2.0,2.3,0.2,0.3,0.9,17.9,15.86,1,0,0,0,0,0,0,0,1,1,0,1
2025-12-24 21:00:00,HAN,19.2,0.5,100,17.5,36,1013.6,91,24140.0,16.82,4.82,-1.3,-2.3,1.9,0.5,0.8,1.4,17.8,16.82,1,0,0,0,0,0,0,0,1,1,0,1
2025-12-24 22:00:00,HAN,18.4,0.2,100,19.9,30,1014.2,87,24140.0,19.6,3.46,-0.8,-2.5,2.0,0.2,0.9,1.5,19.9,19.6,1,0,0,0,0,0,0,0,1,1,0,1
2025-12-24 23:00:00,HAN,17.9,0.0,100,23.7,33,1014.8,82,24140.0,23.09,5.33,-0.5,-2.6,1.8,0.0,0.7,1.0,23.7,23.09,0,0,0,0,0,0,0,0,0,0,0,0
2025-12-25 00:00:00,HAN,17.5,0.0,100,25.5,36,1015.3,77,24140.0,24.51,7.03,-0.4,-1.7,1.7,0.0,0.2,1.0,25.5,24.51,0,0,0,0,0,0,0,0,0,0,0,0
2025-12-25 01:00:00,HAN,18.0,0.1,100,25.5,36,1015.2,75,24140.0,24.51,7.03,0.5,-0.4,1.0,0.1,0.1,1.0,25.5,24.51,1,0,0,0,0,0,0,0,1,1,0,1
2025-12-25 02:00:00,HAN,17.6,0.1,100,27.5,37,1015.2,75,18380.0,26.3,8.04,-0.4,-0.3,0.4,0.1,0.2,0.9,27.5,26.3,1,0,0,0,0,0,0,0,1,1,0,1
2025-12-25 03:00:00,HAN,16.6,0.8,100,27.3,34,1015.5,84,14680.0,26.49,6.6,-1.0,-0.9,0.2,0.8,1.0,1.2,27.5,26.49,1,0,0,0,0,0,0,0,1,1,0,1
2025-12-25 04:00:00,HAN,15.4,0.7,100,24.6,29,1016.5,88,12520.0,24.3,3.85,-1.2,-2.6,1.3,0.7,1.6,1.7,27.5,26.49,1,0,0,0,0,0,0,0,1,1,0,1
2025-12-25 05:00:00,HAN,14.8,0.4,100,25.3,30,1017.5,82,20540.0,24.92,4.39,-0.6,-2.8,2.3,0.4,1.9,2.1,27.3,26.49,1,0,0,0,0,0,0,0,1,1,0,1
2025-12-25 06:00:00,HAN,14.9,0.0,100,22.7,25,1018.7,76,24140.0,22.61,1.98,0.1,-1.7,3.2,0.0,1.1,2.1,25.3,24.92,0,0,0,0,0,0,0,0,0,0,0,0
2025-12-25 07:00:00,HAN,15.3,0.0,100,20.9,35,1019.5,76,24140.0,20.19,5.41,0.4,-0.1,3.0,0.0,0.4,2.0,25.3,24.92,0,0,0,0,0,0,0,0,0,0,0,0
2025-12-25 08:00:00,HAN,16.3,0.0,100,19.1,31,1020.8,66,24140.0,18.75,3.64,1.0,1.5,3.3,0.0,0.0,1.9,22.7,22.61,0,0,0,0,0,0,0,0,0,0,0,0
2025-12-25 09:00:00,HAN,16.9,0.0,100,22.7,24,1022.0,55,24140.0,22.64,1.58,0.6,2.0,3.3,0.0,0.0,1.1,22.7,22.64,0,0,0,0,0,0,0,0,0,0,0,0
2025-12-25 10:00:00,HAN,17.0,0.0,100,20.8,18,1022.1,52,24140.0,20.79,-0.73,0.1,1.7,2.6,0.0,0.0,0.4,22.7,22.64,0,0,0,0,0,0,0,0,0,0,0,0
2025-12-25 11:00:00,HAN,17.5,0.0,100,18.1,9,1021.4,50,24140.0,17.77,-3.45,0.5,1.2,0.6,0.0,0.0,0.0,22.7,22.64,0,0,0,0,0,0,0,0,0,0,0,0
2025-12-25 12:00:00,HAN,17.9,0.0,100,18.6,5,1020.4,48,24140.0,17.97,-4.81,0.4,1.0,-1.6,0.0,0.0,0.0,20.8,20.79,0,0,0,0,0,0,0,0,0,0,0,0
2025-12-25 13:00:00,HAN,19.3,0.0,94,18.8,4,1019.3,45,24140.0,18.07,-5.18,1.4,2.3,-2.8,0.0,0.0,0.0,18.8,18.07,0,0,0,0,0,0,0,0,0,0,0,0
2025-12-25 14:00:00,HAN,19.5,0.0,99,18.1,10,1018.6,44,24140.0,17.83,-3.14,0.2,2.0,-2.8,0.0,0.0,0.0,18.8,18.07,0,0,0,0,0,0,0,0,0,0,0,0
2025-12-25 15:00:00,HAN,19.8,0.0,100,17.1,11,1018.1,43,24140.0,16.89,-2.68,0.3,1.9,-2.3,0.0,0.0,0.0,18.8,18.07,0,0,0,0,0,0,0,0,0,0,0,0
2025-12-25 16:00:00,HAN,19.6,0.0,99,16.1,14,1018.2,44,24140.0,16.01,-1.68,-0.2,0.3,-1.1,0.0,0.0,0.0,18.1,17.83,0,0,0,0,0,0,0,0,0,0,0,0
2025-12-25 17:00:00,HAN,19.4,0.0,100,12.7,16,1018.4,45,24140.0,12.67,-0.89,-0.2,-0.1,-0.2,0.0,0.0,0.0,17.1,16.89,0,0,0,0,0,0,0,0,0,0,0,0
2025-12-25 18:00:00,HAN,18.4,0.0,77,12.4,31,1018.7,47,24140.0,12.17,2.37,-1.0,-1.4,0.6,0.0,0.0,0.0,16.1,16.01,0,0,0,0,0,0,0,0,0,0,0,0
2025-12-25 19:00:00,HAN,17.9,0.0,97,12.8,42,1019.8,53,24140.0,11.87,4.79,-0.5,-1.7,1.6,0.0,0.0,0.0,12.8,12.67,0,0,0,0,0,0,0,0,0,0,0,0
2025-12-25 20:00:00,HAN,17.5,0.0,85,13.8,54,1020.4,52,24140.0,11.44,7.72,-0.4,-1.9,2.0,0.0,0.0,0.0,13.8,12.17,0,0,0,0,0,0,0,0,0,0,0,0
2025-12-25 21:00:00,HAN,17.0,0.0,100,12.9,54,1020.9,49,24140.0,10.69,7.21,-0.5,-1.4,2.2,0.0,0.0,0.0,13.8,11.87,0,0,0,0,0,0,0,0,0,0,0,0
2025-12-25 22:00:00,HAN,16.6,0.0,80,12.0,51,1021.0,47,24140.0,10.29,6.18,-0.4,-1.3,1.2,0.0,0.0,0.0,13.8,11.44,0,0,0,0,0,0,0,0,0,0,0,0
2025-12-25 23:00:00,HAN,16.4,0.0,97,10.8,44,1021.3,46,24140.0,9.87,4.39,-0.2,-1.1,0.9,0.0,0.0,0.0,12.9,10.69,0,0,0,0,0,0,0,0,0,0,0,0
2025-12-26 00:00:00,HAN,15.9,0.0,100,9.8,41,1021.5,47,24140.0,9.15,3.51,-0.5,-1.1,0.6,0.0,0.0,0.0,12.0,10.29,0,0,0,0,0,0,0,0,0,0,0,0
2025-12-26 01:00:00,HAN,15.7,0.0,100,9.5,57,1021.1,50,24140.0,7.59,5.72,-0.2,-0.9,0.1,0.0,0.0,0.0,10.8,9.87,0,0,0,0,0,0,0,0,0,0,0,0
2025-12-26 02:00:00,HAN,15.2,0.0,68,9.0,59,1021.0,52,24140.0,6.99,5.66,-0.5,-1.2,-0.3,0.0,0.0,0.0,9.8,9.15,0,0,0,0,0,0,0,0,0,0,0,0
2025-12-26 03:00:00,HAN,14.8,0.0,34,8.4,59,1020.6,54,24140.0,6.53,5.29,-0.4,-1.1,-0.9,0.0,0.0,0.0,9.5,7.59,0,0,0,0,0,0,0,0,0,0,0,0
2025-12-26 04:00:00,HAN,13.7,0.0,1,7.4,51,1020.5,57,24140.0,6.34,3.81,-1.1,-2.0,-0.6,0.0,0.0,0.0,9.0,6.99,0,0,0,0,0,0,0,0,0,0,0,0
2025-12-26 05:00:00,HAN,12.6,0.0,30,6.9,43,1020.5,61,24140.0,6.35,2.7,-1.1,-2.6,-0.5,0.0,0.0,0.0,8.4,6.53,0,0,0,0,0,0,0,0,0,0,0,0
2025-12-26 06:00:00,HAN,12.6,0.0,0,10.1,31,1020.7,58,24140.0,9.91,1.93,0.0,-2.2,0.1,0.0,0.0,0.0,10.1,9.91,0,0,0,0,0,0,0,0,0,0,0,0
2025-12-26 07:00:00,HAN,12.4,0.0,28,10.0,30,1021.4,58,24140.0,9.85,1.74,-0.2,-1.3,0.9,0.0,0.0,0.0,10.1,9.91,0,0,0,0,0,0,0,0,0,0,0,0
2025-12-26 08:00:00,HAN,14.6,0.0,5,10.7,37,1022.2,54,24140.0,10.23,3.13,2.2,2.0,1.7,0.0,0.0,0.0,10.7,10.23,0,0,0,0,0,0,0,0,0,0,0,0
2025-12-26 09:00:00,HAN,16.1,0.0,0,15.7,41,1022.6,41,24140.0,14.66,5.63,1.5,3.5,1.9,0.0,0.0,0.0,15.7,14.66,0,0,0,0,0,0,0,0,0,0,0,0
2025-12-26 10:00:00,HAN,17.0,0.0,0,12.5,46,1022.2,39,24140.0,11.23,5.48,0.9,4.6,0.8,0.0,0.0,0.0,15.7,14.66,0,0,0,0,0,0,0,0,0,0,0,0
2025-12-26 11:00:00,HAN,18.0,0.0,1,9.4,55,1020.8,38,24140.0,7.7,5.39,1.0,3.4,-1.4,0.0,0.0,0.0,15.7,14.66,0,0,0,0,0,0,0,0,0,0,0,0
2025-12-26 12:00:00,HAN,18.8,0.0,0,7.4,56,1019.3,38,24140.0,5.99,4.35,0.8,2.7,-3.3,0.0,0.0,0.0,12.5,11.23,0,0,0,0,0,0,0,0,0,0,0,0
2025-12-26 13:00:00,HAN,19.1,0.0,0,6.2,52,1018.0,38,24140.0,5.26,3.29,0.3,2.1,-4.2,0.0,0.0,0.0,9.4,7.7,0,0,0,0,0,0,0,0,0,0,0,0
2025-12-26 14:00:00,HAN,19.6,0.0,0,6.0,61,1016.6,38,24140.0,4.53,3.94,0.5,1.6,-4.2,0.0,0.0,0.0,7.4,5.99,0,0,0,0,0,0,0,0,0,0,0,0
2025-12-26 15:00:00,HAN,19.7,0.0,0,5.9,76,1015.8,38,24140.0,3.3,4.89,0.1,0.9,-3.5,0.0,0.0,0.0,6.2,5.26,0,0,0,0,0,0,0,0,0,0,0,0
2025-12-26 16:00:00,HAN,19.4,0.0,0,5.4,96,1015.4,40,24140.0,1.31,5.24,-0.3,0.3,-2.6,0.0,0.0,0.0,6.0,4.53,0,0,0,0,0,0,0,0,0,0,0,0
2025-12-26 17:00:00,HAN,17.9,0.0,0,1.9,124,1015.5,56,24140.0,0.46,1.84,-1.5,-1.7,-1.1,0.0,0.0,0.0,5.9,3.3,0,0,0,0,0,0,0,0,0,0,0,0
2025-12-26 18:00:00,HAN,16.5,0.0,1,1.9,163,1016.1,55,24140.0,1.52,1.14,-1.4,-3.2,0.3,0.0,0.0,0.0,5.4,1.52,0,0,0,0,0,0,0,0,0,0,0,0
2025-12-26 19:00:00,HAN,15.8,0.0,10,1.5,135,1016.7,59,24140.0,0.63,1.36,-0.7,-3.6,1.3,0.0,0.0,0.0,1.9,1.52,0,0,0,0,0,0,0,0,0,0,0,0
2025-12-26 20:00:00,HAN,14.9,0.0,5,5.7,99,1017.5,63,24140.0,1.09,5.6,-0.9,-3.0,2.0,0.0,0.0,0.0,5.7,1.52,0,0,0,0,0,0,0,0,0,0,0,0
2025-12-26 21:00:00,HAN,14.5,0.0,2,10.9,135,1018.3,64,24140.0,4.61,9.88,-0.4,-2.0,2.2,0.0,0.0,0.0,10.9,4.61,0,0,0,0,0,0,0,0,0,0,0,0
2025-12-26 22:00:00,HAN,13.8,0.0,0,8.4,135,1018.5,68,24140.0,3.55,7.61,-0.7,-2.0,1.8,0.0,0.0,0.0,10.9,4.61,0,0,0,0,0,0,0,0,0,0,0,0
2025-12-26 23:00:00,HAN,13.2,0.0,4,6.9,141,1018.6,71,24140.0,3.55,5.91,-0.6,-1.7,1.1,0.0,0.0,0.0,10.9,4.61,0,0,0,0,0,0,0,0,0,0,0,0
2025-12-27 00:00:00,HAN,12.6,0.0,10,5.1,96,1018.6,76,24140.0,1.23,4.95,-0.6,-1.9,0.3,0.0,0.0,0.0,8.4,3.55,0,0,0,0,0,0,0,0,0,0,0,0
2025-12-27 01:00:00,HAN,12.4,0.0,3,4.7,62,1019.0,79,24140.0,3.49,3.14,-0.2,-1.4,0.5,0.0,0.0,0.0,6.9,3.55,0,0,0,0,0,0,0,0,0,0,0,0
2025-12-27 02:00:00,HAN,12.2,0.0,24,4.3,33,1018.7,81,24140.0,4.19,0.97,-0.2,-1.0,0.1,0.0,0.0,0.0,5.1,4.19,0,0,0,0,0,0,0,0,0,0,0,0
2025-12-27 03:00:00,HAN,12.0,0.0,66,6.7,27,1018.4,81,24140.0,6.65,0.82,-0.2,-0.6,-0.2,0.0,0.0,0.0,6.7,6.65,0,0,0,0,0,0,0,0,0,0,0,0
2025-12-27 04:00:00,HAN,12.3,0.0,66,8.3,30,1018.6,76,24140.0,8.17,1.44,0.3,-0.1,-0.4,0.0,0.0,0.0,8.3,8.17,0,0,0,0,0,0,0,0,0,0,0,0
2025-12-27 05:00:00,HAN,12.4,0.0,47,8.9,34,1018.7,73,24140.0,8.64,2.15,0.1,0.2,0.0,0.0,0.0,0.0,8.9,8.64,0,0,0,0,0,0,0,0,0,0,0,0
2025-12-27 06:00:00,HAN,12.2,0.0,32,9.3,29,1019.3,73,24140.0,9.19,1.45,-0.2,0.2,0.9,0.0,0.0,0.0,9.3,9.19,0,0,0,0,0,0,0,0,0,0,0,0
2025-12-27 07:00:00,HAN,12.8,0.0,47,13.7,25,1020.1,69,24140.0,13.65,1.19,0.6,0.5,1.5,0.0,0.0,0.0,13.7,13.65,0,0,0,0,0,0,0,0,0,0,0,0
2025-12-27 08:00:00,HAN,14.1,0.0,23,14.4,28,1020.6,60,24140.0,14.26,2.0,1.3,1.7,1.9,0.0,0.0,0.0,14.4,14.26,0,0,0,0,0,0,0,0,0,0,0,0
2025-12-27 09:00:00,HAN,15.4,0.0,8,14.5,28,1021.2,54,24140.0,14.36,2.02,1.3,3.2,1.9,0.0,0.0,0.0,14.5,14.36,0,0,0,0,0,0,0,0,0,0,0,0
2025-12-27 10:00:00,HAN,17.4,0.0,16,12.9,27,1021.1,49,24140.0,12.8,1.57,2.0,4.6,1.0,0.0,0.0,0.0,14.5,14.36,0,0,0,0,0,0,0,0,0,0,0,0
2025-12-27 11:00:00,HAN,18.9,0.0,19,10.7,27,1020.0,45,24140.0,10.62,1.3,1.5,4.8,-0.6,0.0,0.0,0.0,14.5,14.36,0,0,0,0,0,0,0,0,0,0,0,0
2025-12-27 12:00:00,HAN,19.8,0.0,66,7.8,22,1018.8,44,24140.0,7.8,0.27,0.9,4.4,-2.4,0.0,0.0,0.0,12.9,12.8,0,0,0,0,0,0,0,0,0,0,0,0
2025-12-27 13:00:00,HAN,19.2,0.0,76,5.6,31,1018.4,46,24140.0,5.5,1.07,-0.6,1.8,-2.7,0.0,0.0,0.0,10.7,10.62,0,0,0,0,0,0,0,0,0,0,0,0
2025-12-27 14:00:00,HAN,19.5,0.0,38,4.0,39,1017.5,47,24140.0,3.78,1.3,0.3,0.6,-2.5,0.0,0.0,0.0,7.8,7.8,0,0,0,0,0,0,0,0,0,0,0,0
2025-12-27 15:00:00,HAN,19.5,0.0,2,3.3,41,1016.7,47,24140.0,3.08,1.18,0.0,-0.3,-2.1,0.0,0.0,0.0,5.6,5.5,0,0,0,0,0,0,0,0,0,0,0,0
2025-12-27 16:00:00,HAN,19.3,0.0,30,2.8,18,1016.5,48,24140.0,2.8,-0.1,-0.2,0.1,-1.9,0.0,0.0,0.0,4.0,3.78,0,0,0,0,0,0,0,0,0,0,0,0
2025-12-27 17:00:00,HAN,18.1,0.0,41,1.3,304,1016.5,63,24140.0,0.31,-1.26,-1.2,-1.4,-1.0,0.0,0.0,0.0,3.3,3.08,0,0,0,0,0,0,0,0,0,0,0,0
2025-12-27 18:00:00,HAN,16.2,0.0,56,2.7,266,1016.9,64,24140.0,1.1,-2.47,-1.9,-3.3,0.2,0.0,0.0,0.0,2.8,2.8,0,0,0,0,0,0,0,0,0,0,0,0
2025-12-27 19:00:00,HAN,16.4,0.0,21,1.5,263,1017.6,65,24140.0,0.68,-1.34,0.2,-2.9,1.1,0.0,0.0,0.0,2.7,1.1,0,0,0,0,0,0,0,0,0,0,0,0
2025-12-27 20:00:00,HAN,16.0,0.0,16,1.6,354,1017.9,65,24140.0,1.44,-0.7,-0.4,-2.1,1.4,0.0,0.0,0.0,2.7,1.44,0,0,0,0,0,0,0,0,0,0,0,0
2025-12-27 21:00:00,HAN,15.0,0.0,8,4.0,10,1018.0,68,24140.0,3.94,-0.69,-1.0,-1.2,1.1,0.0,0.0,0.0,4.0,3.94,0,0,0,0,0,0,0,0,0,0,0,0
2025-12-27 22:00:00,HAN,14.2,0.0,19,5.2,25,1018.1,73,24140.0,5.18,0.45,-0.8,-2.2,0.5,0.0,0.0,0.0,5.2,5.18,0,0,0,0,0,0,0,0,0,0,0,0
2025-12-27 23:00:00,HAN,13.7,0.0,21,5.4,37,1018.1,76,24140.0,5.16,1.58,-0.5,-2.3,0.2,0.0,0.0,0.0,5.4,5.18,0,0,0,0,0,0,0,0,0,0,0,0
2025-12-28 00:00:00,HAN,13.5,0.0,21,6.6,41,1018.1,78,24140.0,6.16,2.37,-0.2,-1.5,0.1,0.0,0.0,0.0,6.6,6.16,0,0,0,0,0,0,0,0,0,0,0,0
2025-12-28 01:00:00,HAN,13.1,0.0,32,5.7,41,1018.2,80,24140.0,5.32,2.04,-0.4,-1.1,0.1,0.0,0.0,0.0,6.6,6.16,0,0,0,0,0,0,0,0,0,0,0,0
2025-12-28 02:00:00,HAN,13.5,0.0,36,5.9,59,1018.1,79,24140.0,4.59,3.71,0.4,-0.2,0.0,0.0,0.0,0.0,6.6,6.16,0,0,0,0,0,0,0,0,0,0,0,0
2025-12-28 03:00:00,HAN,13.6,0.0,91,6.2,41,1017.7,78,24140.0,5.79,2.22,0.1,0.1,-0.4,0.0,0.0,0.0,6.2,5.79,0,0,0,0,0,0,0,0,0,0,0,0
2025-12-28 04:00:00,HAN,14.1,0.0,100,6.5,32,1017.6,75,24140.0,6.36,1.35,0.5,1.0,-0.6,0.0,0.0,0.0,6.5,6.36,0,0,0,0,0,0,0,0,0,0,0,0
2025-12-28 05:00:00,HAN,14.2,0.0,100,5.0,19,1017.9,74,24140.0,5.0,-0.09,0.1,0.7,-0.2,0.0,0.0,0.0,6.5,6.36,0,0,0,0,0,0,0,0,0,0,0,0
2025-12-28 06:00:00,HAN,14.5,0.0,100,4.1,2,1018.5,74,24140.0,3.9,-1.27,0.3,0.9,0.8,0.0,0.0,0.0,6.5,6.36,0,0,0,0,0,0,0,0,0,0,0,0
2025-12-28 07:00:00,HAN,14.8,0.0,100,5.4,21,1018.9,76,24140.0,5.4,0.09,0.3,0.7,1.3,0.0,0.0,0.0,5.4,5.4,0,0,0,0,0,0,0,0,0,0,0,0
2025-12-28 08:00:00,HAN,16.2,0.0,100,5.2,360,1019.8,69,24140.0,4.89,-1.78,1.4,2.0,1.9,0.0,0.0,0.0,5.4,5.4,0,0,0,0,0,0,0,0,0,0,0,0
2025-12-28 09:00:00,HAN,17.6,0.0,100,4.9,6,1020.4,60,24140.0,4.75,-1.19,1.4,3.1,1.9,0.0,0.0,0.0,5.4,5.4,0,0,0,0,0,0,0,0,0,0,0,0
2025-12-28 10:00:00,HAN,18.6,0.0,99,3.8,360,1020.2,56,24140.0,3.57,-1.3,1.0,3.8,1.3,0.0,0.0,0.0,5.2,4.89,0,0,0,0,0,0,0,0,0,0,0,0
2025-12-28 11:00:00,HAN,19.5,0.0,98,2.7,340,1019.2,54,24140.0,2.07,-1.74,0.9,3.3,-0.6,0.0,0.0,0.0,4.9,4.75,0,0,0,0,0,0,0,0,0,0,0,0
2025-12-28 12:00:00,HAN,20.6,0.0,41,1.1,279,1017.5,52,24140.0,0.21,-1.08,1.1,3.0,-2.9,0.0,0.0,0.0,3.8,3.57,0,0,0,0,0,0,0,0,0,0,0,0
2025-12-28 13:00:00,HAN,21.0,0.0,100,2.3,231,1016.5,52,24140.0,1.97,-1.18,0.4,2.4,-3.7,0.0,0.0,0.0,2.7,2.07,0,0,0,0,0,0,0,0,0,0,0,0
2025-12-28 14:00:00,HAN,21.4,0.0,100,3.8,229,1015.4,51,24140.0,3.32,-1.84,0.4,1.9,-3.8,0.0,0.0,0.0,3.8,3.32,0,0,0,0,0,0,0,0,0,0,0,0
2025-12-28 15:00:00,HAN,21.2,0.0,100,4.6,222,1014.9,52,24140.0,4.27,-1.72,-0.2,0.6,-2.6,0.0,0.0,0.0,4.6,4.27,0,0,0,0,0,0,0,0,0,0,0,0
2025-12-28 16:00:00,HAN,21.0,0.0,100,5.2,214,1014.9,53,24140.0,5.05,-1.26,-0.2,0.0,-1.6,0.0,0.0,0.0,5.2,5.05,0,0,0,0,0,0,0,0,0,0,0,0
2025-12-28 17:00:00,HAN,20.2,0.0,30,5.5,212,1014.8,57,24140.0,5.38,-1.14,-0.8,-1.2,-0.6,0.0,0.0,0.0,5.5,5.38,0,0,0,0,0,0,0,0,0,0,0,0
2025-12-28 18:00:00,HAN,18.6,0.0,30,4.3,208,1015.3,66,24140.0,4.26,-0.6,-1.6,-2.6,0.4,0.0,0.0,0.0,5.5,5.38,0,0,0,0,0,0,0,0,0,0,0,0
2025-12-28 19:00:00,HAN,19.1,0.0,100,4.7,182,1015.9,66,24140.0,4.47,1.45,0.5,-1.9,1.0,0.0,0.0,0.0,5.5,5.38,0,0,0,0,0,0,0,0,0,0,0,0
2025-12-28 20:00:00,HAN,19.1,0.0,100,3.6,131,1016.3,68,24140.0,1.29,3.36,0.0,-1.1,1.5,0.0,0.0,0.0,4.7,4.47,0,0,0,0,0,0,0,0,0,0,0,0
2025-12-28 21:00:00,HAN,18.6,0.0,98,2.9,94,1016.4,72,24140.0,0.8,2.79,-0.5,0.0,1.1,0.0,0.0,0.0,4.7,4.47,0,0,0,0,0,0,0,0,0,0,0,0
2025-12-28 22:00:00,HAN,18.4,0.0,98,4.6,81,1016.1,75,24140.0,2.23,4.02,-0.2,-0.7,0.2,0.0,0.0,0.0,4.6,2.23,0,0,0,0,0,0,0,0,0,0,0,0
2025-12-28 23:00:00,HAN,18.0,0.0,100,5.4,110,1015.9,77,24140.0,0.0,5.4,-0.4,-1.1,-0.4,0.0,0.0,0.0,5.4,2.23,0,0,0,0,0,0,0,0,0,0,0,0
2025-12-29 00:00:00,HAN,18.0,0.0,100,7.2,148,1015.7,75,24140.0,4.43,5.67,0.0,-0.6,-0.7,0.0,0.0,0.0,7.2,4.43,0,0,0,0,0,0,0,0,0,0,0,0
2025-12-29 01:00:00,HAN,17.8,0.0,100,6.4,164,1015.4,77,24140.0,5.18,3.76,-0.2,-0.6,-0.7,0.0,0.0,0.0,7.2,5.18,0,0,0,0,0,0,0,0,0,0,0,0
2025-12-29 02:00:00,HAN,17.8,0.0,100,5.2,160,1014.8,78,24140.0,3.98,3.34,0.0,-0.2,-1.1,0.0,0.0,0.0,7.2,5.18,0,0,0,0,0,0,0,0,0,0,0,0
2025-12-29 03:00:00,HAN,17.6,0.0,100,3.6,153,1014.3,80,24140.0,2.46,2.63,-0.2,-0.4,-1.4,0.0,0.0,0.0,6.4,5.18,0,0,0,0,0,0,0,0,0,0,0,0
2025-12-29 04:00:00,HAN,17.6,0.0,100,3.2,128,1014.2,82,24140.0,0.99,3.04,0.0,-0.2,-1.2,0.0,0.0,0.0,5.2,3.98,0,0,0,0,0,0,0,0,0,0,0,0
2025-12-29 05:00:00,HAN,17.5,0.0,100,2.8,153,1014.3,84,24140.0,1.91,2.05,-0.1,-0.3,-0.5,0.0,0.0,0.0,3.6,2.46,0,0,0,0,0,0,0,0,0,0,0,0
2025-12-29 06:00:00,HAN,17.4,0.0,100,2.3,151,1014.7,86,24140.0,1.51,1.74,-0.1,-0.2,0.4,0.0,0.0,0.0,3.2,1.91,0,0,0,0,0,0,0,0,0,0,0,0
2025-12-29 07:00:00,HAN,17.0,0.0,92,6.3,114,1015.3,89,24140.0,0.44,6.28,-0.4,-0.6,1.1,0.0,0.0,0.0,6.3,1.91,0,0,0,0,0,0,0,0,0,0,0,0
2025-12-29 08:00:00,HAN,18.2,0.0,79,6.6,133,1016.1,82,24140.0,2.58,6.08,1.2,0.7,1.8,0.0,0.0,0.0,6.6,2.58,0,0,0,0,0,0,0,0,0,0,0,0
2025-12-29 09:00:00,HAN,19.8,0.0,48,6.3,143,1016.4,75,24140.0,3.43,5.28,1.6,2.4,1.7,0.0,0.0,0.0,6.6,3.43,0,0,0,0,0,0,0,0,0,0,0,0
2025-12-29 10:00:00,HAN,21.4,0.1,100,11.6,168,1016.2,66,24140.0,9.84,6.15,1.6,4.4,0.9,0.1,0.1,0.1,11.6,9.84,1,0,0,0,0,0,0,0,1,1,0,1
2025-12-29 11:00:00,HAN,21.9,0.0,100,11.2,176,1015.3,64,24140.0,10.23,4.56,0.5,3.7,-0.8,0.0,0.1,0.1,11.6,10.23,0,0,0,0,0,0,0,0,0,0,0,0
2025-12-29 12:00:00,HAN,22.2,0.0,100,9.9,177,1013.7,63,24140.0,9.11,3.87,0.3,2.4,-2.7,0.0,0.1,0.1,11.6,10.23,0,0,0,0,0,0,0,0,0,0,0,0
2025-12-29 13:00:00,HAN,22.5,0.1,100,7.9,183,1012.7,62,24140.0,7.55,2.31,0.3,1.1,-3.5,0.1,0.1,0.2,11.2,10.23,1,0,0,0,0,0,0,0,1,1,0,1
2025-12-29 14:00:00,HAN,22.8,0.0,99,7.7,191,1012.2,61,24140.0,7.61,1.2,0.3,0.9,-3.1,0.0,0.1,0.2,9.9,9.11,0,0,0,0,0,0,0,0,0,0,0,0
2025-12-29 15:00:00,HAN,22.9,0.0,34,6.0,163,1011.8,60,24140.0,4.79,3.61,0.1,0.7,-1.9,0.0,0.1,0.2,7.9,7.61,0,0,0,0,0,0,0,0,0,0,0,0
2025-12-29 16:00:00,HAN,23.4,0.0,48,6.0,131,1011.6,58,24140.0,2.15,5.6,0.5,0.9,-1.1,0.0,0.0,0.1,7.7,7.61,0,0,0,0,0,0,0,0,0,0,0,0
2025-12-29 17:00:00,HAN,22.1,0.0,67,8.9,98,1012.0,65,24140.0,1.85,8.71,-1.3,-0.7,-0.2,0.0,0.0,0.1,8.9,4.79,0,0,0,0,0,0,0,0,0,0,0,0
2025-12-29 18:00:00,HAN,20.5,0.0,100,14.3,107,1012.5,72,24140.0,0.75,14.28,-1.6,-2.4,0.7,0.0,0.0,0.1,14.3,2.15,0,0,0,0,0,0,0,0,0,0,0,0
2025-12-29 19:00:00,HAN,20.0,0.0,100,12.0,120,1013.3,76,24140.0,2.08,11.82,-0.5,-3.4,1.7,0.0,0.0,0.0,14.3,2.08,0,0,0,0,0,0,0,0,0,0,0,0
2025-12-29 20:00:00,HAN,19.8,0.0,100,11.0,122,1014.0,77,24140.0,2.29,10.76,-0.2,-2.3,2.0,0.0,0.0,0.0,14.3,2.29,0,0,0,0,0,0,0,0,0,0,0,0
2025-12-29 21:00:00,HAN,19.5,0.0,100,10.2,120,1014.4,80,24140.0,1.77,10.05,-0.3,-1.0,1.9,0.0,0.0,0.0,12.0,2.29,0,0,0,0,0,0,0,0,0,0,0,0
2025-12-29 22:00:00,HAN,19.2,0.0,100,9.5,117,1014.8,82,24140.0,1.16,9.43,-0.3,-0.8,1.5,0.0,0.0,0.0,11.0,2.29,0,0,0,0,0,0,0,0,0,0,0,0
2025-12-29 23:00:00,HAN,18.9,0.2,100,7.9,103,1014.7,85,24140.0,0.96,7.84,-0.3,-0.9,0.7,0.2,0.2,0.2,10.2,1.77,1,0,0,0,0,0,0,0,1,1,0,1
2025-12-30 00:00:00,HAN,18.6,0.2,100,7.4,87,1014.5,88,24140.0,2.89,6.81,-0.3,-0.9,0.1,0.2,0.4,0.4,9.5,2.89,1,0,0,0,0,0,0,0,1,1,0,1
2025-12-30 01:00:00,HAN,18.5,0.2,100,5.0,64,1014.4,89,24140.0,3.6,3.47,-0.1,-0.7,-0.4,0.2,0.6,0.6,7.9,3.6,1,0,0,0,0,0,0,0,1,1,0,1
2025-12-30 02:00:00,HAN,18.5,0.1,100,7.0,48,1014.0,90,24140.0,6.18,3.29,0.0,-0.4,-0.7,0.1,0.5,0.7,7.4,6.18,1,0,0,0,0,0,0,0,1,1,0,1
2025-12-30 03:00:00,HAN,18.2,0.0,100,8.2,52,1013.5,91,24140.0,6.95,4.35,-0.3,-0.4,-1.0,0.0,0.3,0.7,8.2,6.95,0,0,0,0,0,0,0,0,0,0,0,0
2025-12-30 04:00:00,HAN,18.1,0.0,100,8.6,49,1013.5,91,24140.0,7.52,4.17,-0.1,-0.4,-0.9,0.0,0.1,0.7,8.6,7.52,0,0,0,0,0,0,0,0,0,0,0,0
2025-12-30 05:00:00,HAN,18.0,0.1,100,9.2,48,1013.4,92,24140.0,8.12,4.32,-0.1,-0.5,-0.6,0.1,0.1,0.6,9.2,8.12,1,0,0,0,0,0,0,0,1,1,0,1
2025-12-30 06:00:00,HAN,17.7,0.2,88,9.0,61,1014.0,93,24140.0,6.79,5.9,-0.3,-0.5,0.5,0.2,0.3,0.6,9.2,8.12,1,0,0,0,0,0,0,0,1,1,0,1
2025-12-30 07:00:00,HAN,17.4,0.0,100,7.8,64,1014.8,95,24140.0,5.61,5.42,-0.3,-0.7,1.3,0.0,0.3,0.4,9.2,8.12,0,0,0,0,0,0,0,0,0,0,0,0
2025-12-30 08:00:00,HAN,18.1,0.0,94,6.8,58,1015.6,93,24140.0,5.36,4.19,0.7,0.1,2.2,0.0,0.2,0.3,9.0,6.79,0,0,0,0,0,0,0,0,0,0,0,0
2025-12-30 09:00:00,HAN,19.5,0.0,73,6.2,80,1016.2,85,24140.0,3.1,5.37,1.4,1.8,2.2,0.0,0.0,0.3,7.8,5.61,0,0,0,0,0,0,0,0,0,0,0,0
2025-12-30 10:00:00,HAN,21.3,0.0,52,10.9,114,1016.1,73,24140.0,0.76,10.87,1.8,3.9,1.3,0.0,0.0,0.3,10.9,5.36,0,0,0,0,0,0,0,0,0,0,0,0
2025-12-30 11:00:00,HAN,23.0,0.0,97,15.1,135,1015.1,64,24140.0,6.38,13.69,1.7,4.9,-0.5,0.0,0.0,0.2,15.1,6.38,0,0,0,0,0,0,0,0,0,0,0,0
2025-12-30 12:00:00,HAN,23.8,0.0,95,14.0,142,1013.5,61,24140.0,7.42,11.87,0.8,4.3,-2.7,0.0,0.0,0.0,15.1,7.42,0,0,0,0,0,0,0,0,0,0,0,0
2025-12-30 13:00:00,HAN,23.7,0.1,80,12.4,149,1012.3,62,24140.0,7.8,9.64,-0.1,2.4,-3.8,0.1,0.1,0.1,15.1,7.8,1,0,0,0,0,0,0,0,0,1,0,0
2025-12-30 14:00:00,HAN,23.7,0.1,66,12.5,148,1011.4,62,24140.0,7.7,9.85,0.0,0.7,-3.7,0.1,0.2,0.2,14.0,7.8,1,0,0,0,0,0,0,0,0,1,0,0
2025-12-30 15:00:00,HAN,23.7,0.0,85,13.1,146,1010.8,61,24140.0,7.7,10.6,0.0,-0.1,-2.7,0.0,0.2,0.2,13.1,7.8,0,0,0,0,0,0,0,0,0,0,0,0
2025-12-30 16:00:00,HAN,23.2,0.0,59,14.3,139,1010.5,64,24140.0,6.93,12.51,-0.5,-0.5,-1.8,0.0,0.1,0.2,14.3,7.7,0,0,0,0,0,0,0,0,0,0,0,0
2025-12-30 17:00:00,HAN,22.5,0.0,100,11.3,126,1010.8,66,24140.0,3.11,10.86,-0.7,-1.2,-0.6,0.0,0.0,0.2,14.3,7.7,0,0,0,0,0,0,0,0,0,0,0,0
2025-12-30 18:00:00,HAN,21.4,0.0,96,13.9,127,1010.8,70,24140.0,4.06,13.29,-1.1,-2.3,0.0,0.0,0.0,0.2,14.3,6.93,0,0,0,0,0,0,0,0,0,0,0,0
2025-12-30 19:00:00,HAN,21.0,0.0,93,14.0,135,1011.3,75,24140.0,5.92,12.69,-0.4,-2.2,0.8,0.0,0.0,0.1,14.0,5.92,0,0,0,0,0,0,0,0,0,0,0,0
2025-12-30 20:00:00,HAN,20.4,0.0,95,14.0,137,1011.8,79,24140.0,6.36,12.47,-0.6,-2.1,1.0,0.0,0.0,0.0,14.0,6.36,0,0,0,0,0,0,0,0,0,0,0,0
2025-12-30 21:00:00,HAN,19.8,0.0,80,12.5,141,1012.1,83,24140.0,6.44,10.71,-0.6,-1.6,1.3,0.0,0.0,0.0,14.0,6.44,0,0,0,0,0,0,0,0,0,0,0,0
2025-12-30 22:00:00,HAN,19.0,0.0,96,10.3,140,1012.3,90,24140.0,5.15,8.92,-0.8,-2.0,1.0,0.0,0.0,0.0,14.0,6.44,0,0,0,0,0,0,0,0,0,0,0,0
2025-12-30 23:00:00,HAN,18.5,0.0,95,8.7,142,1012.3,93,24140.0,4.61,7.38,-0.5,-1.9,0.5,0.0,0.0,0.0,12.5,6.44,0,0,0,0,0,0,0,0,0,0,0,0
2025-12-31 00:00:00,HAN,18.1,0.0,96,7.7,143,1011.8,95,24140.0,4.19,6.46,-0.4,-1.7,-0.3,0.0,0.0,0.0,10.3,5.15,0,0,0,0,0,0,0,0,0,0,0,0
2025-12-31 01:00:00,HAN,18.2,0.0,98,7.4,133,1011.5,97,24140.0,2.89,6.81,0.1,-0.8,-0.8,0.0,0.0,0.0,8.7,4.61,0,0,0,0,0,0,0,0,0,0,0,0
2025-12-31 02:00:00,HAN,18.2,0.0,95,7.6,128,1010.8,97,24140.0,2.35,7.23,0.0,-0.3,-1.5,0.0,0.0,0.0,7.7,4.19,0,0,0,0,0,0,0,0,0,0,0,0
2025-12-31 03:00:00,HAN,18.0,0.0,98,6.9,123,1010.5,97,24140.0,1.55,6.72,-0.2,-0.1,-1.3,0.0,0.0,0.0,7.6,2.89,0,0,0,0,0,0,0,0,0,0,0,0
2025-12-31 04:00:00,HAN,18.0,0.1,97,7.5,117,1010.4,98,24140.0,0.91,7.44,0.0,-0.2,-1.1,0.1,0.1,0.1,7.6,2.35,1,0,0,0,0,0,0,0,1,1,0,1
2025-12-31 05:00:00,HAN,17.8,0.0,94,7.9,110,1010.4,98,24140.0,0.0,7.9,-0.2,-0.4,-0.4,0.0,0.1,0.1,7.9,1.55,0,0,0,0,0,0,0,0,0,0,0,0
2025-12-31 06:00:00,HAN,17.5,0.0,74,8.0,108,1010.7,98,24140.0,0.28,8.0,-0.3,-0.5,0.2,0.0,0.1,0.1,8.0,0.91,0,0,0,0,0,0,0,0,0,0,0,0
2025-12-31 07:00:00,HAN,17.6,0.0,76,10.1,107,1011.5,98,24140.0,0.53,10.09,0.1,-0.4,1.1,0.0,0.0,0.1,10.1,0.53,0,0,0,0,0,0,0,0,0,0,0,0
2025-12-31 08:00:00,HAN,19.0,0.0,91,12.9,122,1012.4,93,24140.0,2.68,12.62,1.4,1.2,2.0,0.0,0.0,0.1,12.9,2.68,0,0,0,0,0,0,0,0,0,0,0,0
2025-12-31 09:00:00,HAN,20.8,0.0,100,15.4,128,1012.6,84,24140.0,4.76,14.65,1.8,3.3,1.9,0.0,0.0,0.1,15.4,4.76,0,0,0,0,0,0,0,0,0,0,0,0
2025-12-31 10:00:00,HAN,21.9,0.1,93,16.0,141,1012.5,78,24140.0,8.24,13.71,1.1,4.3,1.0,0.1,0.1,0.1,16.0,8.24,1,0,0,0,0,0,0,0,1,1,0,1
2025-12-31 11:00:00,HAN,22.9,0.3,85,15.3,152,1011.3,74,24140.0,10.24,11.37,1.0,3.9,-1.1,0.3,0.4,0.4,16.0,10.24,1,0,0,0,0,0,0,0,1,1,0,1
2025-12-31 12:00:00,HAN,23.9,0.0,100,15.8,163,1009.8,69,24140.0,12.62,9.51,1.0,3.1,-2.8,0.0,0.4,0.4,16.0,12.62,0,0,0,0,0,0,0,0,0,0,0,0
2025-12-31 13:00:00,HAN,23.8,0.1,91,14.7,165,1009.1,67,24140.0,12.04,8.43,-0.1,1.9,-3.4,0.1,0.4,0.5,15.8,12.62,1,0,0,0,0,0,0,0,1,1,0,1
2025-12-31 14:00:00,HAN,24.5,0.0,65,15.0,156,1007.9,64,24140.0,10.79,10.42,0.7,1.6,-3.4,0.0,0.1,0.5,15.8,12.62,0,0,0,0,0,0,0,0,0,0,0,0
2025-12-31 15:00:00,HAN,24.7,0.0,45,16.5,148,1007.6,64,24140.0,10.16,13.0,0.2,0.8,-2.2,0.0,0.1,0.5,16.5,12.04,0,0,0,0,0,0,0,0,0,0,0,0
2025-12-31 16:00:00,HAN,23.9,0.0,36,18.8,137,1007.6,67,24140.0,8.54,16.75,-0.8,0.1,-1.5,0.0,0.0,0.4,18.8,10.79,0,0,0,0,0,0,0,0,0,0,0,0
2025-12-31 17:00:00,HAN,22.7,0.0,53,18.0,122,1007.6,71,24140.0,3.74,17.61,-1.2,-1.8,-0.3,0.0,0.0,0.1,18.8,10.16,0,0,0,0,0,0,0,0,0,0,0,0
2025-12-31 18:00:00,HAN,21.5,0.0,23,16.7,119,1008.3,76,24140.0,2.61,16.49,-1.2,-3.2,0.7,0.0,0.0,0.1,18.8,8.54,0,0,0,0,0,0,0,0,0,0,0,0
2025-12-31 19:00:00,HAN,20.7,0.0,43,15.5,118,1008.8,80,24140.0,2.16,15.35,-0.8,-3.2,1.2,0.0,0.0,0.0,18.0,3.74,0,0,0,0,0,0,0,0,0,0,0,0
2025-12-31 20:00:00,HAN,20.4,0.0,50,14.9,121,1010.0,83,24140.0,2.84,14.63,-0.3,-2.3,2.4,0.0,0.0,0.0,16.7,2.84,0,0,0,0,0,0,0,0,0,0,0,0
2025-12-31 21:00:00,HAN,19.8,0.0,66,12.5,122,1010.8,86,24140.0,2.6,12.23,-0.6,-1.7,2.5,0.0,0.0,0.0,15.5,2.84,0,0,0,0,0,0,0,0,0,0,0,0
2025-12-31 22:00:00,HAN,19.0,0.0,70,9.9,119,1011.2,91,24140.0,1.55,9.78,-0.8,-1.7,2.4,0.0,0.0,0.0,14.9,2.84,0,0,0,0,0,0,0,0,0,0,0,0
2025-12-31 23:00:00,HAN,18.6,0.0,84,8.9,115,1011.3,94,23680.0,0.78,8.87,-0.4,-1.8,1.3,0.0,0.0,0.0,12.5,2.6,0,0,0,0,0,0,0,0,0,0,0,0
2026-01-01 00:00:00,HAN,18.6,0.1,100,9.6,110,1011.4,94,24140.0,0.0,9.6,0.0,-1.2,0.6,0.1,0.1,0.1,9.9,1.55,1,0,0,0,0,0,0,0,1,1,0,1
2026-01-01 01:00:00,HAN,18.9,0.1,91,9.8,118,1011.4,95,24140.0,1.36,9.7,0.3,-0.1,0.2,0.1,0.2,0.2,9.8,1.36,1,0,0,0,0,0,0,0,1,1,0,1
2026-01-01 02:00:00,HAN,18.9,0.2,43,9.4,126,1011.0,95,24140.0,2.59,9.04,0.0,0.3,-0.3,0.2,0.4,0.4,9.8,2.59,1,0,0,0,0,0,0,0,0,1,0,0
2026-01-01 03:00:00,HAN,18.5,1.0,97,9.5,122,1011.0,95,24140.0,1.98,9.29,-0.4,-0.1,-0.4,1.0,1.3,1.4,9.8,2.59,1,0,0,0,0,0,0,0,1,1,0,1
2026-01-01 04:00:00,HAN,17.8,3.2,89,11.3,112,1011.0,97,24140.0,0.39,11.29,-0.7,-1.1,-0.4,3.2,4.4,4.6,11.3,2.59,1,0,0,0,0,0,0,0,1,1,0,1
2026-01-01 05:00:00,HAN,17.4,6.6,100,9.4,92,1011.6,97,24140.0,2.9,8.94,-0.4,-1.5,0.6,6.6,10.8,11.2,11.3,2.9,1,1,0,0,0,0,0,0,1,2,0,2
2026-01-01 06:00:00,HAN,17.5,1.6,99,8.7,95,1012.3,98,24140.0,2.25,8.4,0.1,-1.0,1.3,1.6,11.4,12.7,11.3,2.9,1,0,0,0,0,0,0,0,1,1,0,1
2026-01-01 07:00:00,HAN,18.0,0.2,100,7.1,74,1013.4,99,24140.0,4.17,5.74,0.5,0.2,2.4,0.2,8.4,12.8,9.4,4.17,1,0,0,0,0,0,0,0,1,1,0,1
2026-01-01 08:00:00,HAN,18.8,0.2,76,11.5,98,1014.8,94,24140.0,2.39,11.25,0.8,1.4,3.2,0.2,2.0,12.8,11.5,4.17,1,0,0,0,0,0,0,0,0,1,0,0
2026-01-01 09:00:00,HAN,19.4,0.8,100,6.5,90,1015.6,90,24140.0,2.22,6.11,0.6,1.9,3.3,0.8,1.2,12.6,11.5,4.17,1,0,0,0,0,0,0,0,1,1,0,1
2026-01-01 10:00:00,HAN,19.4,1.0,100,9.8,38,1016.0,93,24140.0,9.32,3.03,0.0,1.4,2.6,1.0,2.0,10.4,11.5,9.32,1,0,0,0,0,0,0,0,1,1,0,1
2026-01-01 11:00:00,HAN,19.1,0.8,100,11.9,20,1015.7,94,24140.0,11.9,0.0,-0.3,0.3,0.9,0.8,2.6,4.6,11.9,11.9,1,0,0,0,0,0,0,0,1,1,0,1
2026-01-01 12:00:00,HAN,20.6,0.6,98,17.5,32,1014.7,82,19240.0,17.12,3.64,1.5,1.2,-0.9,0.6,2.4,3.6,17.5,17.12,1,0,0,0,0,0,0,0,1,1,0,1
2026-01-01 13:00:00,HAN,22.1,2.1,87,12.3,52,1014.0,75,24140.0,10.43,6.52,1.5,2.7,-2.0,2.1,3.5,5.5,17.5,17.12,1,0,0,0,0,0,0,0,1,1,0,1
2026-01-01 14:00:00,HAN,22.0,0.0,79,13.8,39,1013.8,75,24140.0,13.05,4.49,-0.1,2.9,-1.9,0.0,2.7,5.3,17.5,17.12,0,0,0,0,0,0,0,0,0,0,0,0
2026-01-01 15:00:00,HAN,22.1,0.0,100,20.4,39,1014.1,72,24140.0,19.29,6.64,0.1,1.5,-0.6,0.0,2.1,4.5,20.4,19.29,0,0,0,0,0,0,0,0,0,0,0,0
2026-01-01 16:00:00,HAN,21.1,0.0,56,21.1,56,1014.6,75,24140.0,17.07,12.4,-1.0,-1.0,0.6,0.0,0.0,3.5,21.1,19.29,0,0,0,0,0,0,0,0,0,0,0,0
2026-01-01 17:00:00,HAN,20.1,0.0,100,20.7,49,1015.3,76,24140.0,18.1,10.04,-1.0,-1.9,1.5,0.0,0.0,2.7,21.1,19.29,0,0,0,0,0,0,0,0,0,0,0,0
2026-01-01 18:00:00,HAN,18.6,0.1,100,22.8,47,1016.5,75,24140.0,20.31,10.35,-1.5,-3.5,2.4,0.1,0.1,2.2,22.8,20.31,1,0,0,0,0,0,0,0,1,1,0,1
2026-01-01 19:00:00,HAN,18.9,0.8,100,16.9,61,1016.3,84,24140.0,12.75,11.09,0.3,-2.2,1.7,0.8,0.9,0.9,22.8,20.31,1,0,0,0,0,0,0,0,1,1,0,1
2026-01-01 20:00:00,HAN,19.0,0.0,100,19.5,48,1016.9,77,24140.0,17.22,9.15,0.1,-1.1,1.6,0.0,0.9,0.9,22.8,20.31,0,0,0,0,0,0,0,0,0,0,0,0
2026-01-01 21:00:00,HAN,18.1,0.0,100,19.9,43,1018.0,74,24140.0,18.32,7.78,-0.9,-0.5,1.5,0.0,0.8,0.9,19.9,18.32,0,0,0,0,0,0,0,0,0,0,0,0
2026-01-01 22:00:00,HAN,17.1,0.0,100,21.4,46,1018.5,72,24140.0,19.23,9.38,-1.0,-1.8,2.2,0.0,0.0,0.9,21.4,19.23,0,0,0,0,0,0,0,0,0,0,0,0
2026-01-01 23:00:00,HAN,16.5,0.0,100,20.8,42,1018.8,72,24140.0,19.29,7.79,-0.6,-2.5,1.9,0.0,0.0,0.9,21.4,19.29,0,0,0,0,0,0,0,0,0,0,0,0
2026-01-02 00:00:00,HAN,16.4,0.0,100,19.3,44,1019.0,71,24140.0,17.63,7.85,-0.1,-1.7,1.0,0.0,0.0,0.8,21.4,19.29,0,0,0,0,0,0,0,0,0,0,0,0
2026-01-02 01:00:00,HAN,16.9,0.0,100,14.9,45,1018.6,75,24140.0,13.5,6.3,0.5,-0.2,0.1,0.0,0.0,0.0,20.8,19.29,0,0,0,0,0,0,0,0,0,0,0,0
2026-01-02 02:00:00,HAN,16.9,0.0,100,15.8,40,1018.3,74,24140.0,14.85,5.4,0.0,0.4,-0.5,0.0,0.0,0.0,19.3,17.63,0,0,0,0,0,0,0,0,0,0,0,0
2026-01-02 03:00:00,HAN,16.5,0.0,100,16.7,41,1018.5,75,24140.0,15.59,5.98,-0.4,0.1,-0.5,0.0,0.0,0.0,16.7,15.59,0,0,0,0,0,0,0,0,0,0,0,0
2026-01-02 04:00:00,HAN,15.9,0.0,100,16.5,33,1018.8,76,24140.0,16.08,3.71,-0.6,-1.0,0.2,0.0,0.0,0.0,16.7,16.08,0,0,0,0,0,0,0,0,0,0,0,0
2026-01-02 05:00:00,HAN,15.5,0.2,100,16.4,32,1019.0,77,9940.0,16.04,3.41,-0.4,-1.4,0.7,0.2,0.2,0.2,16.7,16.08,1,0,0,0,0,0,0,0,1,1,0,1
2026-01-02 06:00:00,HAN,14.4,1.0,100,16.8,35,1019.9,89,20240.0,16.23,4.35,-1.1,-2.1,1.4,1.0,1.2,1.2,16.8,16.23,1,0,0,0,0,0,0,0,1,1,0,1
2026-01-02 07:00:00,HAN,14.4,0.7,100,16.3,26,1020.8,88,24140.0,16.21,1.7,0.0,-1.5,2.0,0.7,1.9,1.9,16.8,16.23,1,0,0,0,0,0,0,0,1,1,0,1
2026-01-02 08:00:00,HAN,14.6,0.0,100,18.2,28,1021.9,84,24140.0,18.02,2.53,0.2,-0.9,2.9,0.0,1.7,1.9,18.2,18.02,0,0,0,0,0,0,0,0,0,0,0,0
2026-01-02 09:00:00,HAN,15.1,0.0,100,18.9,29,1022.9,77,24140.0,18.67,2.96,0.5,0.7,3.0,0.0,0.7,1.9,18.9,18.67,0,0,0,0,0,0,0,0,0,0,0,0
2026-01-02 10:00:00,HAN,15.9,0.0,100,18.4,27,1023.2,72,24140.0,18.26,2.24,0.8,1.5,2.4,0.0,0.0,1.9,18.9,18.67,0,0,0,0,0,0,0,0,0,0,0,0
2026-01-02 11:00:00,HAN,15.9,0.0,100,17.8,22,1022.9,68,24140.0,17.79,0.62,0.0,1.3,1.0,0.0,0.0,1.7,18.9,18.67,0,0,0,0,0,0,0,0,0,0,0,0
2026-01-02 12:00:00,HAN,16.2,0.0,100,17.2,21,1022.0,64,24140.0,17.2,0.3,0.3,1.1,-0.9,0.0,0.0,0.7,18.4,18.26,0,0,0,0,0,0,0,0,0,0,0,0
2026-01-02 13:00:00,HAN,15.9,0.0,100,17.6,22,1021.0,66,24140.0,17.59,0.61,-0.3,0.0,-2.2,0.0,0.0,0.0,17.8,17.79,0,0,0,0,0,0,0,0,0,0,0,0
2026-01-02 14:00:00,HAN,16.4,0.0,100,17.2,26,1020.3,62,24140.0,17.11,1.8,0.5,0.5,-2.6,0.0,0.0,0.0,17.6,17.59,0,0,0,0,0,0,0,0,0,0,0,0
2026-01-02 15:00:00,HAN,16.5,0.0,100,17.7,33,1020.0,60,24140.0,17.25,3.98,0.1,0.3,-2.0,0.0,0.0,0.0,17.7,17.59,0,0,0,0,0,0,0,0,0,0,0,0
2026-01-02 16:00:00,HAN,16.4,0.0,100,14.5,34,1020.0,60,24140.0,14.07,3.51,-0.1,0.5,-1.0,0.0,0.0,0.0,17.7,17.25,0,0,0,0,0,0,0,0,0,0,0,0
2026-01-02 17:00:00,HAN,16.1,0.0,100,13.4,35,1020.3,60,24140.0,12.94,3.47,-0.3,-0.3,0.0,0.0,0.0,0.0,17.7,17.25,0,0,0,0,0,0,0,0,0,0,0,0
2026-01-02 18:00:00,HAN,15.9,0.0,100,12.7,38,1020.7,60,24140.0,12.08,3.92,-0.2,-0.6,0.7,0.0,0.0,0.0,14.5,14.07,0,0,0,0,0,0,0,0,0,0,0,0
2026-01-02 19:00:00,HAN,14.6,0.0,100,14.7,24,1021.4,70,24140.0,14.66,1.03,-1.3,-1.8,1.4,0.0,0.0,0.0,14.7,14.66,0,0,0,0,0,0,0,0,0,0,0,0
2026-01-02 20:00:00,HAN,14.4,0.0,100,13.9,37,1022.0,69,24140.0,13.29,4.06,-0.2,-1.7,1.7,0.0,0.0,0.0,14.7,14.66,0,0,0,0,0,0,0,0,0,0,0,0
2026-01-02 21:00:00,HAN,14.4,0.0,100,12.6,36,1022.8,68,24140.0,12.11,3.47,0.0,-1.5,2.1,0.0,0.0,0.0,14.7,14.66,0,0,0,0,0,0,0,0,0,0,0,0
2026-01-02 22:00:00,HAN,14.3,0.0,100,12.5,25,1023.2,67,24140.0,12.45,1.09,-0.1,-0.3,1.8,0.0,0.0,0.0,13.9,13.29,0,0,0,0,0,0,0,0,0,0,0,0
2026-01-02 23:00:00,HAN,14.2,0.0,100,12.8,28,1023.2,67,24140.0,12.68,1.78,-0.1,-0.2,1.2,0.0,0.0,0.0,12.8,12.68,0,0,0,0,0,0,0,0,0,0,0,0
2026-01-03 00:00:00,HAN,14.1,0.0,100,12.5,39,1023.2,68,24140.0,11.82,4.07,-0.1,-0.3,0.4,0.0,0.0,0.0,12.8,12.68,0,0,0,0,0,0,0,0,0,0,0,0
2026-01-03 01:00:00,HAN,13.8,0.0,100,10.4,42,1022.8,74,24140.0,9.64,3.9,-0.3,-0.5,-0.4,0.0,0.0,0.0,12.8,12.68,0,0,0,0,0,0,0,0,0,0,0,0
2026-01-03 02:00:00,HAN,13.9,0.0,100,12.0,37,1022.5,72,24140.0,11.48,3.51,0.1,-0.3,-0.7,0.0,0.0,0.0,12.5,11.82,0,0,0,0,0,0,0,0,0,0,0,0
2026-01-03 03:00:00,HAN,13.8,0.0,100,11.2,38,1022.0,71,24140.0,10.65,3.46,-0.1,-0.3,-1.2,0.0,0.0,0.0,12.0,11.48,0,0,0,0,0,0,0,0,0,0,0,0
2026-01-03 04:00:00,HAN,13.7,0.0,100,11.3,39,1021.9,71,24140.0,10.68,3.68,-0.1,-0.1,-0.9,0.0,0.0,0.0,12.0,11.48,0,0,0,0,0,0,0,0,0,0,0,0
2026-01-03 05:00:00,HAN,13.6,0.0,100,12.1,42,1021.7,71,24140.0,11.22,4.53,-0.1,-0.3,-0.8,0.0,0.0,0.0,12.1,11.22,0,0,0,0,0,0,0,0,0,0,0,0
2026-01-03 06:00:00,HAN,13.6,0.0,100,12.0,41,1022.2,71,24140.0,11.2,4.3,0.0,-0.2,0.2,0.0,0.0,0.0,12.1,11.22,0,0,0,0,0,0,0,0,0,0,0,0
2026-01-03 07:00:00,HAN,13.7,0.0,100,12.1,35,1022.6,72,24140.0,11.69,3.13,0.1,0.0,0.7,0.0,0.0,0.0,12.1,11.69,0,0,0,0,0,0,0,0,0,0,0,0
2026-01-03 08:00:00,HAN,14.2,0.0,100,12.9,43,1023.5,69,24140.0,11.87,5.04,0.5,0.6,1.8,0.0,0.0,0.0,12.9,11.87,0,0,0,0,0,0,0,0,0,0,0,0
2026-01-03 09:00:00,HAN,14.9,0.0,71,13.7,44,1023.6,66,24140.0,12.52,5.57,0.7,1.3,1.4,0.0,0.0,0.0,13.7,12.52,0,0,0,0,0,0,0,0,0,0,0,0
2026-01-03 10:00:00,HAN,16.7,0.0,70,11.9,56,1023.6,59,24140.0,9.63,6.99,1.8,3.0,1.0,0.0,0.0,0.0,13.7,12.52,0,0,0,0,0,0,0,0,0,0,0,0
2026-01-03 11:00:00,HAN,17.9,0.0,26,9.8,70,1022.7,56,24140.0,6.3,7.51,1.2,3.7,-0.8,0.0,0.0,0.0,13.7,12.52,0,0,0,0,0,0,0,0,0,0,0,0
2026-01-03 12:00:00,HAN,19.0,0.0,100,6.7,84,1021.3,55,24140.0,2.94,6.02,1.1,4.1,-2.3,0.0,0.0,0.0,11.9,9.63,0,0,0,0,0,0,0,0,0,0,0,0
2026-01-03 13:00:00,HAN,18.1,0.0,100,5.9,130,1020.6,59,24140.0,2.02,5.54,-0.9,1.4,-3.0,0.0,0.0,0.0,9.8,6.3,0,0,0,0,0,0,0,0,0,0,0,0
2026-01-03 14:00:00,HAN,18.4,0.0,100,7.1,135,1019.0,60,24140.0,3.0,6.43,0.3,0.5,-3.7,0.0,0.0,0.0,7.1,3.0,0,0,0,0,0,0,0,0,0,0,0,0
2026-01-03 15:00:00,HAN,18.5,0.0,100,7.9,133,1018.4,60,24140.0,3.09,7.27,0.1,-0.5,-2.9,0.0,0.0,0.0,7.9,3.09,0,0,0,0,0,0,0,0,0,0,0,0
2026-01-03 16:00:00,HAN,18.5,0.0,100,7.8,132,1018.0,61,24140.0,2.92,7.23,0.0,0.4,-2.6,0.0,0.0,0.0,7.9,3.09,0,0,0,0,0,0,0,0,0,0,0,0
2026-01-03 17:00:00,HAN,18.1,0.0,100,5.3,142,1017.9,64,24140.0,2.81,4.49,-0.4,-0.3,-1.1,0.0,0.0,0.0,7.9,3.09,0,0,0,0,0,0,0,0,0,0,0,0
2026-01-03 18:00:00,HAN,17.5,0.0,100,5.5,144,1018.0,69,24140.0,3.08,4.56,-0.6,-1.0,-0.4,0.0,0.0,0.0,7.8,3.08,0,0,0,0,0,0,0,0,0,0,0,0
2026-01-03 19:00:00,HAN,17.0,0.0,100,4.0,93,1018.9,75,24140.0,1.17,3.83,-0.5,-1.5,0.9,0.0,0.0,0.0,5.5,3.08,0,0,0,0,0,0,0,0,0,0,0,0
2026-01-03 20:00:00,HAN,16.6,0.0,100,7.4,94,1019.6,77,24140.0,2.04,7.11,-0.4,-1.5,1.7,0.0,0.0,0.0,7.4,3.08,0,0,0,0,0,0,0,0,0,0,0,0
2026-01-03 21:00:00,HAN,16.5,0.0,100,9.6,120,1019.7,76,24140.0,1.67,9.45,-0.1,-1.0,1.7,0.0,0.0,0.0,9.6,2.04,0,0,0,0,0,0,0,0,0,0,0,0
2026-01-03 22:00:00,HAN,16.4,0.0,100,9.5,129,1020.2,75,24140.0,3.09,8.98,-0.1,-0.6,1.3,0.0,0.0,0.0,9.6,3.09,0,0,0,0,0,0,0,0,0,0,0,0
2026-01-03 23:00:00,HAN,16.0,0.0,100,9.0,119,1020.3,75,24140.0,1.41,8.89,-0.4,-0.6,0.7,0.0,0.0,0.0,9.6,3.09,0,0,0,0,0,0,0,0,0,0,0,0
2026-01-04 00:00:00,HAN,15.6,0.0,100,6.2,97,1020.2,76,24140.0,1.39,6.04,-0.4,-0.9,0.5,0.0,0.0,0.0,9.5,3.09,0,0,0,0,0,0,0,0,0,0,0,0
2026-01-04 01:00:00,HAN,15.4,0.0,100,3.2,43,1019.9,79,24140.0,2.95,1.25,-0.2,-1.0,-0.3,0.0,0.0,0.0,9.0,2.95,0,0,0,0,0,0,0,0,0,0,0,0
2026-01-04 02:00:00,HAN,15.6,0.0,100,4.6,21,1019.3,77,24140.0,4.6,0.08,0.2,-0.4,-1.0,0.0,0.0,0.0,6.2,4.6,0,0,0,0,0,0,0,0,0,0,0,0
2026-01-04 03:00:00,HAN,15.4,0.0,100,5.0,15,1018.7,79,24140.0,4.98,-0.44,-0.2,-0.2,-1.5,0.0,0.0,0.0,5.0,4.98,0,0,0,0,0,0,0,0,0,0,0,0
2026-01-04 04:00:00,HAN,15.0,0.0,88,3.4,18,1018.5,81,24140.0,3.4,-0.12,-0.4,-0.4,-1.4,0.0,0.0,0.0,5.0,4.98,0,0,0,0,0,0,0,0,0,0,0,0
2026-01-04 05:00:00,HAN,13.9,0.0,100,5.2,16,1018.7,86,24140.0,5.19,-0.36,-1.1,-1.7,-0.6,0.0,0.0,0.0,5.2,5.19,0,0,0,0,0,0,0,0,0,0,0,0
2026-01-04 06:00:00,HAN,14.2,0.0,100,7.5,20,1019.1,82,24140.0,7.5,0.0,0.3,-1.2,0.4,0.0,0.0,0.0,7.5,7.5,0,0,0,0,0,0,0,0,0,0,0,0
2026-01-04 07:00:00,HAN,14.6,0.0,66,6.8,32,1019.4,81,24140.0,6.65,1.41,0.4,-0.4,0.9,0.0,0.0,0.0,7.5,7.5,0,0,0,0,0,0,0,0,0,0,0,0
2026-01-04 08:00:00,HAN,15.8,0.0,34,7.0,48,1020.2,76,24140.0,6.18,3.29,1.2,1.9,1.5,0.0,0.0,0.0,7.5,7.5,0,0,0,0,0,0,0,0,0,0,0,0
2026-01-04 09:00:00,HAN,17.0,0.0,100,6.8,37,1021.1,72,24140.0,6.5,1.99,1.2,2.8,2.0,0.0,0.0,0.0,7.0,6.65,0,0,0,0,0,0,0,0,0,0,0,0
2026-01-04 10:00:00,HAN,17.4,0.1,100,5.6,59,1021.3,74,24140.0,4.35,3.52,0.4,2.8,1.9,0.1,0.1,0.1,7.0,6.5,1,0,0,0,0,0,0,0,1,1,0,1
2026-01-04 11:00:00,HAN,18.0,0.2,100,3.4,43,1020.2,76,24140.0,3.13,1.33,0.6,2.2,0.0,0.2,0.3,0.3,6.8,6.5,1,0,0,0,0,0,0,0,1,1,0,1
2026-01-04 12:00:00,HAN,19.5,0.0,76,3.5,66,1018.6,72,24140.0,2.43,2.52,1.5,2.5,-2.5,0.0,0.3,0.3,5.6,4.35,0,0,0,0,0,0,0,0,0,0,0,0
2026-01-04 13:00:00,HAN,20.4,0.0,99,4.2,121,1017.5,70,24140.0,0.8,4.12,0.9,3.0,-3.8,0.0,0.2,0.3,4.2,3.13,0,0,0,0,0,0,0,0,0,0,0,0
2026-01-04 14:00:00,HAN,21.8,0.0,100,3.8,188,1016.4,64,24140.0,3.72,0.79,1.4,3.8,-3.8,0.0,0.0,0.3,4.2,3.72,0,0,0,0,0,0,0,0,0,0,0,0
2026-01-04 15:00:00,HAN,21.7,0.0,61,3.6,210,1015.8,64,24140.0,3.55,-0.63,-0.1,2.2,-2.8,0.0,0.0,0.3,4.2,3.72,0,0,0,0,0,0,0,0,0,0,0,0
2026-01-04 16:00:00,HAN,21.4,0.0,96,5.0,134,1015.8,67,24140.0,2.03,4.57,-0.3,1.0,-1.7,0.0,0.0,0.2,5.0,3.72,0,0,0,0,0,0,0,0,0,0,0,0
2026-01-04 17:00:00,HAN,20.5,0.0,95,8.8,123,1015.8,73,24140.0,1.98,8.57,-0.9,-1.3,-0.6,0.0,0.0,0.0,8.8,3.55,0,0,0,0,0,0,0,0,0,0,0,0
2026-01-04 18:00:00,HAN,19.0,0.0,91,11.5,117,1016.1,82,24140.0,1.4,11.41,-1.5,-2.7,0.3,0.0,0.0,0.0,11.5,2.03,0,0,0,0,0,0,0,0,0,0,0,0
2026-01-04 19:00:00,HAN,17.6,0.0,95,10.8,92,1016.6,94,24140.0,3.34,10.27,-1.4,-3.8,0.8,0.0,0.0,0.0,11.5,3.34,0,0,0,0,0,0,0,0,0,0,0,0
2026-01-04 20:00:00,HAN,17.3,0.0,99,9.9,89,1017.6,94,24140.0,3.55,9.24,-0.3,-3.2,1.8,0.0,0.0,0.0,11.5,3.55,0,0,0,0,0,0,0,0,0,0,0,0
2026-01-04 21:00:00,HAN,17.6,0.0,100,9.2,94,1018.3,91,24140.0,2.54,8.84,0.3,-1.4,2.2,0.0,0.0,0.0,10.8,3.55,0,0,0,0,0,0,0,0,0,0,0,0
2026-01-04 22:00:00,HAN,17.6,0.0,100,7.6,91,1018.5,90,23800.0,2.47,7.19,0.0,0.0,1.9,0.0,0.0,0.0,9.9,3.55,0,0,0,0,0,0,0,0,0,0,0,0
2026-01-04 23:00:00,HAN,17.6,0.0,100,6.9,76,1018.9,90,18780.0,3.86,5.72,0.0,0.3,1.3,0.0,0.0,0.0,9.2,3.86,0,0,0,0,0,0,0,0,0,0,0,0
2026-01-05 00:00:00,HAN,17.4,0.0,100,7.4,64,1019.1,91,24140.0,5.32,5.14,-0.2,-0.2,0.8,0.0,0.0,0.0,7.6,5.32,0,0,0,0,0,0,0,0,0,0,0,0
2026-01-05 01:00:00,HAN,17.0,0.0,100,7.7,51,1018.9,95,24140.0,6.6,3.97,-0.4,-0.6,0.4,0.0,0.0,0.0,7.7,6.6,0,0,0,0,0,0,0,0,0,0,0,0
2026-01-05 02:00:00,HAN,17.0,0.1,100,8.1,47,1018.4,94,24140.0,7.22,3.68,0.0,-0.6,-0.5,0.1,0.1,0.1,8.1,7.22,1,0,0,0,0,0,0,0,1,1,0,1
2026-01-05 03:00:00,HAN,17.0,0.2,100,10.2,54,1018.2,94,24140.0,8.46,5.7,0.0,-0.4,-0.9,0.2,0.3,0.3,10.2,8.46,1,0,0,0,0,0,0,0,1,1,0,1
2026-01-05 04:00:00,HAN,16.6,0.3,100,11.3,48,1018.1,96,24140.0,9.98,5.31,-0.4,-0.4,-0.8,0.3,0.6,0.6,11.3,9.98,1,0,0,0,0,0,0,0,1,1,0,1
2026-01-05 05:00:00,HAN,16.5,0.5,100,14.5,45,1018.5,95,24140.0,13.14,6.13,-0.1,-0.5,0.1,0.5,1.0,1.1,14.5,13.14,1,0,0,0,0,0,0,0,1,1,0,1
2026-01-05 06:00:00,HAN,15.6,0.3,100,16.9,39,1019.4,94,24140.0,15.98,5.5,-0.9,-1.4,1.2,0.3,1.1,1.4,16.9,15.98,1,0,0,0,0,0,0,0,1,1,0,1
2026-01-05 07:00:00,HAN,15.5,0.4,100,19.5,45,1020.2,89,24140.0,17.67,8.24,-0.1,-1.1,2.1,0.4,1.2,1.8,19.5,17.67,1,0,0,0,0,0,0,0,1,1,0,1
2026-01-05 08:00:00,HAN,15.6,0.0,100,21.8,35,1021.1,82,21540.0,21.06,5.64,0.1,-0.9,2.6,0.0,0.7,1.7,21.8,21.06,0,0,0,0,0,0,0,0,0,0,0,0
2026-01-05 09:00:00,HAN,15.6,0.0,100,24.2,32,1022.2,76,13400.0,23.67,5.03,0.0,0.0,2.8,0.0,0.4,1.5,24.2,23.67,0,0,0,0,0,0,0,0,0,0,0,0
2026-01-05 10:00:00,HAN,15.9,0.0,100,23.8,32,1022.5,70,24000.0,23.28,4.95,0.3,0.4,2.3,0.0,0.0,1.2,24.2,23.67,0,0,0,0,0,0,0,0,0,0,0,0
2026-01-05 11:00:00,HAN,16.0,0.0,100,23.5,34,1022.2,66,24040.0,22.8,5.69,0.1,0.4,1.1,0.0,0.0,0.7,24.2,23.67,0,0,0,0,0,0,0,0,0,0,0,0
2026-01-05 12:00:00,HAN,16.4,0.0,100,22.1,35,1021.3,62,20760.0,21.35,5.72,0.4,0.8,-0.9,0.0,0.0,0.4,23.8,23.28,0,0,0,0,0,0,0,0,0,0,0,0
2026-01-05 13:00:00,HAN,15.3,0.0,100,20.0,27,1020.8,66,22660.0,19.85,2.44,-1.1,-0.6,-1.7,0.0,0.0,0.0,23.5,22.8,0,0,0,0,0,0,0,0,0,0,0,0
2026-01-05 14:00:00,HAN,15.6,0.0,100,19.4,26,1019.9,65,23320.0,19.29,2.03,0.3,-0.4,-2.3,0.0,0.0,0.0,22.1,21.35,0,0,0,0,0,0,0,0,0,0,0,0
2026-01-05 15:00:00,HAN,15.3,0.0,100,18.0,26,1020.0,66,24140.0,17.9,1.88,-0.3,-1.1,-1.3,0.0,0.0,0.0,20.0,19.85,0,0,0,0,0,0,0,0,0,0,0,0
2026-01-05 16:00:00,HAN,15.4,0.0,100,17.3,30,1019.8,65,24140.0,17.04,3.0,0.1,0.1,-1.0,0.0,0.0,0.0,19.4,19.29,0,0,0,0,0,0,0,0,0,0,0,0
2026-01-05 17:00:00,HAN,15.1,0.0,100,14.9,32,1020.0,65,24140.0,14.57,3.1,-0.3,-0.5,0.1,0.0,0.0,0.0,18.0,17.9,0,0,0,0,0,0,0,0,0,0,0,0
2026-01-05 18:00:00,HAN,15.1,0.0,100,13.4,33,1020.3,64,24140.0,13.06,3.01,0.0,-0.2,0.3,0.0,0.0,0.0,17.3,17.04,0,0,0,0,0,0,0,0,0,0,0,0
2026-01-05 19:00:00,HAN,14.6,0.0,100,13.7,32,1021.1,70,24140.0,13.4,2.85,-0.5,-0.8,1.3,0.0,0.0,0.0,14.9,14.57,0,0,0,0,0,0,0,0,0,0,0,0
2026-01-05 20:00:00,HAN,14.7,0.0,100,12.6,41,1021.8,68,24140.0,11.76,4.52,0.1,-0.4,1.8,0.0,0.0,0.0,13.7,13.4,0,0,0,0,0,0,0,0,0,0,0,0
2026-01-05 21:00:00,HAN,14.6,0.0,100,12.2,26,1022.6,67,24140.0,12.13,1.28,-0.1,-0.5,2.3,0.0,0.0,0.0,13.7,13.4,0,0,0,0,0,0,0,0,0,0,0,0
2026-01-05 22:00:00,HAN,14.5,0.0,100,14.6,19,1022.8,67,24140.0,14.6,-0.25,-0.1,-0.1,1.7,0.0,0.0,0.0,14.6,14.6,0,0,0,0,0,0,0,0,0,0,0,0
2026-01-05 23:00:00,HAN,14.2,0.0,100,15.7,22,1022.5,68,24140.0,15.69,0.55,-0.3,-0.5,0.7,0.0,0.0,0.0,15.7,15.69,0,0,0,0,0,0,0,0,0,0,0,0
2026-01-06 00:00:00,HAN,14.0,0.0,100,14.8,22,1022.8,70,24140.0,14.79,0.52,-0.2,-0.6,0.2,0.0,0.0,0.0,15.7,15.69,0,0,0,0,0,0,0,0,0,0,0,0
2026-01-06 01:00:00,HAN,14.1,0.1,100,14.9,15,1022.7,72,24140.0,14.84,-1.3,0.1,-0.4,-0.1,0.1,0.1,0.1,15.7,15.69,1,0,0,0,0,0,0,0,1,1,0,1
2026-01-06 02:00:00,HAN,13.6,0.0,100,15.8,14,1022.3,74,24140.0,15.71,-1.65,-0.5,-0.6,-0.2,0.0,0.1,0.1,15.8,15.71,0,0,0,0,0,0,0,0,0,0,0,0
2026-01-06 03:00:00,HAN,13.4,0.0,100,16.5,14,1022.4,74,24140.0,16.41,-1.72,-0.2,-0.6,-0.4,0.0,0.1,0.1,16.5,16.41,0,0,0,0,0,0,0,0,0,0,0,0
2026-01-06 04:00:00,HAN,13.1,0.0,100,16.4,9,1022.7,73,24140.0,16.1,-3.13,-0.3,-1.0,0.0,0.0,0.0,0.1,16.5,16.41,0,0,0,0,0,0,0,0,0,0,0,0
2026-01-06 05:00:00,HAN,13.1,0.0,100,16.2,13,1023.3,72,24140.0,16.08,-1.97,0.0,-0.5,1.0,0.0,0.0,0.1,16.5,16.41,0,0,0,0,0,0,0,0,0,0,0,0
2026-01-06 06:00:00,HAN,13.3,0.0,100,17.2,11,1023.8,70,24140.0,16.99,-2.69,0.2,-0.1,1.4,0.0,0.0,0.1,17.2,16.99,0,0,0,0,0,0,0,0,0,0,0,0
2026-01-06 07:00:00,HAN,13.2,0.0,100,17.2,24,1024.9,73,24140.0,17.16,1.2,-0.1,0.1,2.2,0.0,0.0,0.0,17.2,17.16,0,0,0,0,0,0,0,0,0,0,0,0
2026-01-06 08:00:00,HAN,13.5,0.0,100,19.1,26,1026.0,66,24140.0,19.0,2.0,0.3,0.4,2.7,0.0,0.0,0.0,19.1,19.0,0,0,0,0,0,0,0,0,0,0,0,0
2026-01-06 09:00:00,HAN,14.1,0.0,100,18.9,30,1027.1,61,24140.0,18.61,3.28,0.6,0.8,3.3,0.0,0.0,0.0,19.1,19.0,0,0,0,0,0,0,0,0,0,0,0,0
2026-01-06 10:00:00,HAN,14.8,0.0,100,20.2,29,1027.3,57,24140.0,19.95,3.16,0.7,1.6,2.4,0.0,0.0,0.0,20.2,19.95,0,0,0,0,0,0,0,0,0,0,0,0
2026-01-06 11:00:00,HAN,15.1,0.0,100,18.7,29,1027.2,56,24140.0,18.47,2.93,0.3,1.6,1.2,0.0,0.0,0.0,20.2,19.95,0,0,0,0,0,0,0,0,0,0,0,0
2026-01-06 12:00:00,HAN,14.6,0.0,100,17.7,19,1026.1,58,24140.0,17.7,-0.31,-0.5,0.5,-1.0,0.0,0.0,0.0,20.2,19.95,0,0,0,0,0,0,0,0,0,0,0,0
2026-01-06 13:00:00,HAN,14.4,0.0,100,18.1,17,1025.4,56,24140.0,18.08,-0.95,-0.2,-0.4,-1.9,0.0,0.0,0.0,18.7,18.47,0,0,0,0,0,0,0,0,0,0,0,0
2026-01-06 14:00:00,HAN,14.5,0.0,100,17.1,15,1024.5,55,24140.0,17.03,-1.49,0.1,-0.6,-2.7,0.0,0.0,0.0,18.1,18.08,0,0,0,0,0,0,0,0,0,0,0,0
2026-01-06 15:00:00,HAN,14.7,0.0,100,14.8,9,1024.2,55,24140.0,14.53,-2.82,0.2,0.1,-1.9,0.0,0.0,0.0,18.1,18.08,0,0,0,0,0,0,0,0,0,0,0,0
2026-01-06 16:00:00,HAN,14.9,0.0,100,13.8,9,1024.0,54,24140.0,13.55,-2.63,0.2,0.5,-1.4,0.0,0.0,0.0,17.1,17.03,0,0,0,0,0,0,0,0,0,0,0,0
2026-01-06 17:00:00,HAN,14.9,0.0,100,10.5,7,1024.2,55,24140.0,10.23,-2.36,0.0,0.4,-0.3,0.0,0.0,0.0,14.8,14.53,0,0,0,0,0,0,0,0,0,0,0,0
2026-01-06 18:00:00,HAN,14.4,0.0,93,5.4,4,1024.5,58,24140.0,5.19,-1.49,-0.5,-0.3,0.3,0.0,0.0,0.0,13.8,13.55,0,0,0,0,0,0,0,0,0,0,0,0
2026-01-06 19:00:00,HAN,14.1,0.0,100,3.9,37,1025.6,66,24140.0,3.73,1.14,-0.3,-0.8,1.6,0.0,0.0,0.0,10.5,10.23,0,0,0,0,0,0,0,0,0,0,0,0
2026-01-06 20:00:00,HAN,13.9,0.0,100,3.2,27,1025.9,70,24140.0,3.18,0.39,-0.2,-1.0,1.7,0.0,0.0,0.0,5.4,5.19,0,0,0,0,0,0,0,0,0,0,0,0
2026-01-06 21:00:00,HAN,13.8,0.0,96,3.8,19,1026.3,71,24140.0,3.8,-0.07,-0.1,-0.6,1.8,0.0,0.0,0.0,3.9,3.8,0,0,0,0,0,0,0,0,0,0,0,0
2026-01-06 22:00:00,HAN,13.8,0.0,73,3.4,16,1025.8,72,24140.0,3.39,-0.24,0.0,-0.3,0.2,0.0,0.0,0.0,3.8,3.8,0,0,0,0,0,0,0,0,0,0,0,0
2026-01-06 23:00:00,HAN,13.1,0.0,66,4.6,296,1025.6,76,24140.0,0.48,-4.57,-0.7,-0.8,-0.3,0.0,0.0,0.0,4.6,3.8,0,0,0,0,0,0,0,0,0,0,0,0
2026-01-07 00:00:00,HAN,12.5,0.0,73,7.1,294,1025.5,83,24140.0,0.5,-7.08,-0.6,-1.3,-0.8,0.0,0.0,0.0,7.1,3.39,0,0,0,0,0,0,0,0,0,0,0,0
2026-01-07 01:00:00,HAN,11.2,0.0,59,7.8,293,1026.0,95,24140.0,0.41,-7.79,-1.3,-2.6,0.2,0.0,0.0,0.0,7.8,0.5,0,0,0,0,0,0,0,0,0,0,0,0
2026-01-07 02:00:00,HAN,10.6,0.0,17,7.0,296,1025.6,96,24140.0,0.73,-6.96,-0.6,-2.5,0.0,0.0,0.0,0.0,7.8,0.73,0,0,0,0,0,0,0,0,0,0,0,0
2026-01-07 03:00:00,HAN,10.4,0.0,10,6.0,321,1025.7,95,24140.0,3.09,-5.14,-0.2,-2.1,0.2,0.0,0.0,0.0,7.8,3.09,0,0,0,0,0,0,0,0,0,0,0,0
2026-01-07 04:00:00,HAN,9.8,0.0,2,5.5,341,1025.5,94,24140.0,4.27,-3.46,-0.6,-1.4,-0.5,0.0,0.0,0.0,7.0,4.27,0,0,0,0,0,0,0,0,0,0,0,0
2026-01-07 05:00:00,HAN,9.2,0.0,2,4.8,345,1025.5,93,24140.0,3.93,-2.75,-0.6,-1.4,-0.1,0.0,0.0,0.0,6.0,4.27,0,0,0,0,0,0,0,0,0,0,0,0
2026-01-07 06:00:00,HAN,8.8,0.0,0,3.1,357,1025.7,94,24140.0,2.85,-1.21,-0.4,-1.6,0.0,0.0,0.0,0.0,5.5,4.27,0,0,0,0,0,0,0,0,0,0,0,0
2026-01-07 07:00:00,HAN,9.9,0.0,0,6.1,2,1026.1,88,24140.0,5.8,-1.89,1.1,0.1,0.6,0.0,0.0,0.0,6.1,5.8,0,0,0,0,0,0,0,0,0,0,0,0
2026-01-07 08:00:00,HAN,13.7,0.0,1,8.9,8,1026.9,70,24140.0,8.71,-1.85,3.8,4.5,1.4,0.0,0.0,0.0,8.9,8.71,0,0,0,0,0,0,0,0,0,0,0,0
2026-01-07 09:00:00,HAN,15.7,0.0,5,15.5,28,1027.9,47,24140.0,15.35,2.16,2.0,6.9,2.2,0.0,0.0,0.0,15.5,15.35,0,0,0,0,0,0,0,0,0,0,0,0
2026-01-07 10:00:00,HAN,16.6,0.0,4,12.9,41,1027.7,42,24140.0,12.04,4.62,0.9,6.7,1.6,0.0,0.0,0.0,15.5,15.35,0,0,0,0,0,0,0,0,0,0,0,0
2026-01-07 11:00:00,HAN,17.6,0.0,0,10.6,50,1026.5,39,24140.0,9.18,5.3,1.0,3.9,-0.4,0.0,0.0,0.0,15.5,15.35,0,0,0,0,0,0,0,0,0,0,0,0
2026-01-07 12:00:00,HAN,18.3,0.0,0,9.1,38,1025.0,41,24140.0,8.65,2.81,0.7,2.6,-2.9,0.0,0.0,0.0,12.9,12.04,0,0,0,0,0,0,0,0,0,0,0,0
2026-01-07 13:00:00,HAN,18.6,0.0,0,7.6,22,1023.9,43,24140.0,7.6,0.27,0.3,2.0,-3.8,0.0,0.0,0.0,10.6,9.18,0,0,0,0,0,0,0,0,0,0,0,0
2026-01-07 14:00:00,HAN,19.1,0.0,0,6.4,16,1022.6,42,24140.0,6.38,-0.45,0.5,1.5,-3.9,0.0,0.0,0.0,9.1,8.65,0,0,0,0,0,0,0,0,0,0,0,0
2026-01-07 15:00:00,HAN,19.3,0.0,0,5.4,21,1021.7,41,24140.0,5.4,0.09,0.2,1.0,-3.3,0.0,0.0,0.0,7.6,7.6,0,0,0,0,0,0,0,0,0,0,0,0
2026-01-07 16:00:00,HAN,19.0,0.0,0,5.1,17,1021.7,40,24140.0,5.09,-0.27,-0.3,0.4,-2.2,0.0,0.0,0.0,6.4,6.38,0,0,0,0,0,0,0,0,0,0,0,0
2026-01-07 17:00:00,HAN,17.5,0.0,0,3.3,338,1022.0,56,24140.0,2.45,-2.21,-1.5,-1.6,-0.6,0.0,0.0,0.0,5.4,5.4,0,0,0,0,0,0,0,0,0,0,0,0
2026-01-07 18:00:00,HAN,15.7,0.0,0,2.1,301,1022.4,55,24140.0,0.4,-2.06,-1.8,-3.6,0.7,0.0,0.0,0.0,5.1,5.09,0,0,0,0,0,0,0,0,0,0,0,0
2026-01-07 19:00:00,HAN,14.7,0.0,0,0.9,191,1023.1,60,24140.0,0.89,0.14,-1.0,-4.3,1.4,0.0,0.0,0.0,3.3,2.45,0,0,0,0,0,0,0,0,0,0,0,0
2026-01-07 20:00:00,HAN,14.2,0.0,0,1.3,236,1024.0,63,24140.0,1.05,-0.76,-0.5,-3.3,2.0,0.0,0.0,0.0,2.1,1.05,0,0,0,0,0,0,0,0,0,0,0,0
2026-01-07 21:00:00,HAN,13.5,0.0,0,2.4,297,1024.5,65,24140.0,0.29,-2.38,-0.7,-2.2,2.1,0.0,0.0,0.0,2.4,1.05,0,0,0,0,0,0,0,0,0,0,0,0
2026-01-07 22:00:00,HAN,12.5,0.0,0,3.4,16,1024.9,70,24140.0,3.39,-0.24,-1.0,-2.2,1.8,0.0,0.0,0.0,3.4,3.39,0,0,0,0,0,0,0,0,0,0,0,0
2026-01-07 23:00:00,HAN,11.9,0.0,1,9.3,71,1025.3,75,24140.0,5.85,7.23,-0.6,-2.3,1.3,0.0,0.0,0.0,9.3,5.85,0,0,0,0,0,0,0,0,0,0,0,0
2026-01-08 00:00:00,HAN,11.3,0.0,0,7.1,63,1025.1,75,24140.0,5.19,4.84,-0.6,-2.2,0.6,0.0,0.0,0.0,9.3,5.85,0,0,0,0,0,0,0,0,0,0,0,0
2026-01-08 01:00:00,HAN,10.6,0.0,0,7.1,34,1025.5,80,24140.0,6.89,1.72,-0.7,-1.9,0.6,0.0,0.0,0.0,9.3,6.89,0,0,0,0,0,0,0,0,0,0,0,0
2026-01-08 02:00:00,HAN,10.4,0.0,4,7.9,24,1025.3,78,24140.0,7.88,0.55,-0.2,-1.5,0.0,0.0,0.0,0.0,7.9,7.88,0,0,0,0,0,0,0,0,0,0,0,0
2026-01-08 03:00:00,HAN,10.4,0.0,4,9.0,26,1025.5,75,24140.0,8.95,0.94,0.0,-0.9,0.4,0.0,0.0,0.0,9.0,8.95,0,0,0,0,0,0,0,0,0,0,0,0
2026-01-08 04:00:00,HAN,10.5,0.0,4,9.1,25,1025.6,73,24140.0,9.07,0.79,0.1,-0.1,0.1,0.0,0.0,0.0,9.1,9.07,0,0,0,0,0,0,0,0,0,0,0,0
2026-01-08 05:00:00,HAN,10.1,0.0,0,8.3,41,1025.7,76,24140.0,7.75,2.97,-0.4,-0.3,0.4,0.0,0.0,0.0,9.1,9.07,0,0,0,0,0,0,0,0,0,0,0,0
2026-01-08 06:00:00,HAN,9.2,0.0,0,7.2,28,1026.0,82,24140.0,7.13,1.0,-0.9,-1.2,0.5,0.0,0.0,0.0,9.1,9.07,0,0,0,0,0,0,0,0,0,0,0,0
2026-01-08 07:00:00,HAN,9.0,0.0,0,5.0,347,1027.0,89,24140.0,4.19,-2.72,-0.2,-1.5,1.4,0.0,0.0,0.0,8.3,7.75,0,0,0,0,0,0,0,0,0,0,0,0
2026-01-08 08:00:00,HAN,11.9,0.0,2,5.1,324,1027.9,75,24140.0,2.85,-4.23,2.9,1.8,2.2,0.0,0.0,0.0,7.2,7.13,0,0,0,0,0,0,0,0,0,0,0,0
2026-01-08 09:00:00,HAN,14.9,0.0,1,4.4,348,1028.6,63,24140.0,3.73,-2.33,3.0,5.7,2.6,0.0,0.0,0.0,5.1,4.19,0,0,0,0,0,0,0,0,0,0,0,0
2026-01-08 10:00:00,HAN,17.3,0.0,0,8.2,19,1028.3,49,24140.0,8.2,-0.14,2.4,8.3,1.3,0.0,0.0,0.0,8.2,8.2,0,0,0,0,0,0,0,0,0,0,0,0
2026-01-08 11:00:00,HAN,18.8,0.0,0,10.0,30,1026.9,39,24140.0,9.85,1.74,1.5,6.9,-1.0,0.0,0.0,0.0,10.0,9.85,0,0,0,0,0,0,0,0,0,0,0,0
2026-01-08 12:00:00,HAN,19.6,0.0,1,8.7,47,1025.3,37,24140.0,7.75,3.95,0.8,4.7,-3.3,0.0,0.0,0.0,10.0,9.85,0,0,0,0,0,0,0,0,0,0,0,0
2026-01-08 13:00:00,HAN,19.8,0.0,1,7.7,39,1024.1,39,24140.0,7.28,2.51,0.2,2.5,-4.2,0.0,0.0,0.0,10.0,9.85,0,0,0,0,0,0,0,0,0,0,0,0
2026-01-08 14:00:00,HAN,20.0,0.0,0,5.4,30,1022.7,41,24140.0,5.32,0.94,0.2,1.2,-4.2,0.0,0.0,0.0,8.7,7.75,0,0,0,0,0,0,0,0,0,0,0,0
2026-01-08 15:00:00,HAN,19.9,0.0,0,3.3,13,1022.2,41,24140.0,3.28,-0.4,-0.1,0.3,-3.1,0.0,0.0,0.0,7.7,7.28,0,0,0,0,0,0,0,0,0,0,0,0
2026-01-08 16:00:00,HAN,19.5,0.0,0,1.3,360,1021.7,42,24140.0,1.22,-0.44,-0.4,-0.3,-2.4,0.0,0.0,0.0,5.4,5.32,0,0,0,0,0,0,0,0,0,0,0,0
2026-01-08 17:00:00,HAN,18.4,0.0,0,1.1,189,1021.7,57,24140.0,1.08,0.21,-1.1,-1.6,-1.0,0.0,0.0,0.0,3.3,3.28,0,0,0,0,0,0,0,0,0,0,0,0
2026-01-08 18:00:00,HAN,15.6,0.0,0,4.9,176,1021.8,58,24140.0,4.48,1.99,-2.8,-4.3,-0.4,0.0,0.0,0.0,4.9,4.48,0,0,0,0,0,0,0,0,0,0,0,0
2026-01-08 19:00:00,HAN,14.4,0.0,49,5.9,191,1022.2,67,24140.0,5.83,0.92,-1.2,-5.1,0.5,0.0,0.0,0.0,5.9,5.83,0,0,0,0,0,0,0,0,0,0,0,0
2026-01-08 20:00:00,HAN,14.0,0.0,84,4.9,234,1022.6,71,24140.0,4.06,-2.74,-0.4,-4.4,0.9,0.0,0.0,0.0,5.9,5.83,0,0,0,0,0,0,0,0,0,0,0,0
2026-01-08 21:00:00,HAN,13.8,0.0,98,2.7,278,1022.9,72,24140.0,0.56,-2.64,-0.2,-1.8,1.1,0.0,0.0,0.0,5.9,5.83,0,0,0,0,0,0,0,0,0,0,0,0
2026-01-08 22:00:00,HAN,13.1,0.0,92,3.0,287,1022.8,74,24140.0,0.16,-3.0,-0.7,-1.3,0.6,0.0,0.0,0.0,4.9,4.06,0,0,0,0,0,0,0,0,0,0,0,0
2026-01-08 23:00:00,HAN,13.1,0.0,97,1.3,254,1022.5,72,24140.0,0.76,-1.05,0.0,-0.9,-0.1,0.0,0.0,0.0,3.0,0.76,0,0,0,0,0,0,0,0,0,0,0,0
2026-01-09 00:00:00,HAN,11.6,0.0,98,6.9,107,1022.4,81,24140.0,0.36,6.89,-1.5,-2.2,-0.5,0.0,0.0,0.0,6.9,0.76,0,0,0,0,0,0,0,0,0,0,0,0
2026-01-09 01:00:00,HAN,10.6,0.0,95,5.6,105,1022.6,86,24140.0,0.49,5.58,-1.0,-2.5,-0.2,0.0,0.0,0.0,6.9,0.76,0,0,0,0,0,0,0,0,0,0,0,0
2026-01-09 02:00:00,HAN,10.2,0.0,96,4.6,72,1022.2,87,24140.0,2.83,3.62,-0.4,-2.9,-0.3,0.0,0.0,0.0,6.9,2.83,0,0,0,0,0,0,0,0,0,0,0,0
2026-01-09 03:00:00,HAN,9.6,0.0,84,4.1,41,1021.9,91,24140.0,3.83,1.47,-0.6,-2.0,-0.5,0.0,0.0,0.0,5.6,3.83,0,0,0,0,0,0,0,0,0,0,0,0
2026-01-09 04:00:00,HAN,9.1,0.0,73,4.1,34,1021.8,94,24140.0,3.98,0.99,-0.5,-1.5,-0.8,0.0,0.0,0.0,4.6,3.98,0,0,0,0,0,0,0,0,0,0,0,0
2026-01-09 05:00:00,HAN,8.8,0.0,27,4.4,35,1021.7,94,24140.0,4.25,1.14,-0.3,-1.4,-0.5,0.0,0.0,0.0,4.4,4.25,0,0,0,0,0,0,0,0,0,0,0,0
2026-01-09 06:00:00,HAN,8.6,0.0,2,5.1,36,1022.0,93,24140.0,4.9,1.41,-0.2,-1.0,0.1,0.0,0.0,0.0,5.1,4.9,0,0,0,0,0,0,0,0,0,0,0,0
2026-01-09 07:00:00,HAN,8.6,0.0,52,3.8,41,1023.5,97,24140.0,3.55,1.36,0.0,-0.5,1.7,0.0,0.0,0.0,5.1,4.9,0,0,0,0,0,0,0,0,0,0,0,0
2026-01-09 08:00:00,HAN,11.7,0.0,76,5.2,44,1024.0,82,24140.0,4.75,2.12,3.1,2.9,2.3,0.0,0.0,0.0,5.2,4.9,0,0,0,0,0,0,0,0,0,0,0,0
2026-01-09 09:00:00,HAN,14.9,0.0,39,4.6,39,1024.7,66,24140.0,4.35,1.5,3.2,6.3,2.7,0.0,0.0,0.0,5.2,4.75,0,0,0,0,0,0,0,0,0,0,0,0
2026-01-09 10:00:00,HAN,17.1,0.0,13,3.0,52,1024.2,56,24140.0,2.54,1.59,2.2,8.5,0.7,0.0,0.0,0.0,5.2,4.75,0,0,0,0,0,0,0,0,0,0,0,0
2026-01-09 11:00:00,HAN,18.6,0.0,77,1.8,127,1023.3,50,24140.0,0.53,1.72,1.5,6.9,-0.7,0.0,0.0,0.0,4.6,4.35,0,0,0,0,0,0,0,0,0,0,0,0
2026-01-09 12:00:00,HAN,19.6,0.0,86,3.1,152,1022.0,46,24140.0,2.07,2.3,1.0,4.7,-2.7,0.0,0.0,0.0,3.1,2.54,0,0,0,0,0,0,0,0,0,0,0,0
2026-01-09 13:00:00,HAN,20.0,0.0,89,2.5,150,1020.8,44,24140.0,1.61,1.92,0.4,2.9,-3.4,0.0,0.0,0.0,3.1,2.07,0,0,0,0,0,0,0,0,0,0,0,0
2026-01-09 14:00:00,HAN,20.6,0.0,98,2.9,137,1019.6,42,24140.0,1.32,2.58,0.6,2.0,-3.7,0.0,0.0,0.0,3.1,2.07,0,0,0,0,0,0,0,0,0,0,0,0
2026-01-09 15:00:00,HAN,20.8,0.0,98,1.7,131,1018.8,41,24140.0,0.61,1.59,0.2,1.2,-3.2,0.0,0.0,0.0,2.9,1.61,0,0,0,0,0,0,0,0,0,0,0,0
2026-01-09 16:00:00,HAN,20.5,0.0,62,1.2,153,1018.4,41,24140.0,0.82,0.88,-0.3,0.5,-2.4,0.0,0.0,0.0,2.9,1.32,0,0,0,0,0,0,0,0,0,0,0,0
2026-01-09 17:00:00,HAN,19.1,0.0,57,1.5,150,1018.5,57,24140.0,0.96,1.15,-1.4,-1.5,-1.1,0.0,0.0,0.0,1.7,0.96,0,0,0,0,0,0,0,0,0,0,0,0
2026-01-09 18:00:00,HAN,17.0,0.0,77,0.8,117,1018.7,57,24140.0,0.1,0.79,-2.1,-3.8,-0.1,0.0,0.0,0.0,1.5,0.96,0,0,0,0,0,0,0,0,0,0,0,0
2026-01-09 19:00:00,HAN,15.8,0.0,63,1.7,108,1019.3,63,24140.0,0.06,1.7,-1.2,-4.7,0.9,0.0,0.0,0.0,1.7,0.96,0,0,0,0,0,0,0,0,0,0,0,0
2026-01-09 20:00:00,HAN,14.6,0.0,40,4.3,92,1019.5,66,24140.0,1.33,4.09,-1.2,-4.5,1.0,0.0,0.0,0.0,4.3,1.33,0,0,0,0,0,0,0,0,0,0,0,0
2026-01-09 21:00:00,HAN,14.1,0.0,26,10.2,118,1019.9,68,24140.0,1.42,10.1,-0.5,-2.9,1.2,0.0,0.0,0.0,10.2,1.42,0,0,0,0,0,0,0,0,0,0,0,0
2026-01-09 22:00:00,HAN,13.3,0.0,34,10.1,147,1020.1,73,24140.0,6.08,8.07,-0.8,-2.5,0.8,0.0,0.0,0.0,10.2,6.08,0,0,0,0,0,0,0,0,0,0,0,0
2026-01-09 23:00:00,HAN,12.6,0.0,12,8.1,151,1019.9,79,24140.0,5.31,6.11,-0.7,-2.0,0.4,0.0,0.0,0.0,10.2,6.08,0,0,0,0,0,0,0,0,0,0,0,0
2026-01-10 00:00:00,HAN,11.9,0.0,9,6.8,151,1019.6,85,24140.0,4.46,5.13,-0.7,-2.2,-0.3,0.0,0.0,0.0,10.1,6.08,0,0,0,0,0,0,0,0,0,0,0,0
2026-01-10 01:00:00,HAN,11.4,0.0,0,3.8,121,1019.2,89,24140.0,0.73,3.73,-0.5,-1.9,-0.9,0.0,0.0,0.0,8.1,5.31,0,0,0,0,0,0,0,0,0,0,0,0
2026-01-10 02:00:00,HAN,10.8,0.0,45,4.1,52,1018.7,93,24140.0,3.48,2.17,-0.6,-1.8,-1.2,0.0,0.0,0.0,6.8,4.46,0,0,0,0,0,0,0,0,0,0,0,0
2026-01-10 03:00:00,HAN,10.0,0.0,77,5.2,41,1018.1,96,24140.0,4.85,1.86,-0.8,-1.9,-1.5,0.0,0.0,0.0,5.2,4.85,0,0,0,0,0,0,0,0,0,0,0,0
2026-01-10 04:00:00,HAN,9.6,0.0,70,5.5,36,1018.2,96,24140.0,5.29,1.52,-0.4,-1.8,-1.0,0.0,0.0,0.0,5.5,5.29,0,0,0,0,0,0,0,0,0,0,0,0
2026-01-10 05:00:00,HAN,9.4,0.0,59,5.8,36,1018.1,95,24140.0,5.58,1.6,-0.2,-1.4,-0.6,0.0,0.0,0.0,5.8,5.58,0,0,0,0,0,0,0,0,0,0,0,0
2026-01-10 06:00:00,HAN,9.2,0.0,34,5.7,41,1018.5,93,24140.0,5.32,2.04,-0.2,-0.8,0.4,0.0,0.0,0.0,5.8,5.58,0,0,0,0,0,0,0,0,0,0,0,0
2026-01-10 07:00:00,HAN,9.3,0.0,57,7.3,50,1019.4,94,24140.0,6.32,3.65,0.1,-0.3,1.2,0.0,0.0,0.0,7.3,6.32,0,0,0,0,0,0,0,0,0,0,0,0
2026-01-10 08:00:00,HAN,11.9,0.0,6,7.3,46,1020.0,84,24140.0,6.56,3.2,2.6,2.5,1.9,0.0,0.0,0.0,7.3,6.56,0,0,0,0,0,0,0,0,0,0,0,0
2026-01-10 09:00:00,HAN,15.4,0.0,0,5.5,52,1020.8,69,24140.0,4.66,2.91,3.5,6.2,2.3,0.0,0.0,0.0,7.3,6.56,0,0,0,0,0,0,0,0,0,0,0,0
2026-01-10 10:00:00,HAN,17.6,0.0,0,4.5,76,1020.9,61,24140.0,2.52,3.73,2.2,8.3,1.5,0.0,0.0,0.0,7.3,6.56,0,0,0,0,0,0,0,0,0,0,0,0
2026-01-10 11:00:00,HAN,19.3,0.0,0,4.6,116,1020.2,53,24140.0,0.48,4.57,1.7,7.4,0.2,0.0,0.0,0.0,5.5,4.66,0,0,0,0,0,0,0,0,0,0,0,0
2026-01-10 12:00:00,HAN,20.5,0.0,18,6.1,133,1019.2,46,24140.0,2.38,5.62,1.2,5.1,-1.6,0.0,0.0,0.0,6.1,2.52,0,0,0,0,0,0,0,0,0,0,0,0
2026-01-10 13:00:00,HAN,21.1,0.0,0,7.0,134,1018.4,42,24140.0,2.85,6.39,0.6,3.5,-2.5,0.0,0.0,0.0,7.0,2.85,0,0,0,0,0,0,0,0,0,0,0,0
2026-01-10 14:00:00,HAN,21.6,0.0,0,6.1,135,1017.7,40,24140.0,2.58,5.53,0.5,2.3,-2.5,0.0,0.0,0.0,7.0,2.85,0,0,0,0,0,0,0,0,0,0,0,0
2026-01-10 15:00:00,HAN,21.7,0.0,0,3.7,145,1017.4,40,24140.0,2.12,3.03,0.1,1.2,-1.8,0.0,0.0,0.0,7.0,2.85,0,0,0,0,0,0,0,0,0,0,0,0
2026-01-10 16:00:00,HAN,21.5,0.0,0,2.4,126,1017.6,40,24140.0,0.66,2.31,-0.2,0.4,-0.8,0.0,0.0,0.0,6.1,2.58,0,0,0,0,0,0,0,0,0,0,0,0
2026-01-10 17:00:00,HAN,20.0,0.0,0,1.9,29,1018.0,55,24140.0,1.88,0.3,-1.5,-1.6,0.3,0.0,0.0,0.0,3.7,2.12,0,0,0,0,0,0,0,0,0,0,0,0
2026-01-10 18:00:00,HAN,17.0,0.0,0,5.9,27,1018.4,57,24140.0,5.86,0.72,-3.0,-4.7,1.0,0.0,0.0,0.0,5.9,5.86,0,0,0,0,0,0,0,0,0,0,0,0
2026-01-10 19:00:00,HAN,16.0,0.0,1,7.5,27,1019.4,66,24140.0,7.44,0.91,-1.0,-5.5,1.8,0.0,0.0,0.0,7.5,7.44,0,0,0,0,0,0,0,0,0,0,0,0
2026-01-10 20:00:00,HAN,15.4,0.0,2,5.8,54,1020.3,68,24140.0,4.81,3.24,-0.6,-4.6,2.3,0.0,0.0,0.0,7.5,7.44,0,0,0,0,0,0,0,0,0,0,0,0
2026-01-10 21:00:00,HAN,14.5,0.0,2,5.6,111,1021.1,75,24140.0,0.1,5.6,-0.9,-2.5,2.7,0.0,0.0,0.0,7.5,7.44,0,0,0,0,0,0,0,0,0,0,0,0
2026-01-10 22:00:00,HAN,13.8,0.0,73,5.9,104,1021.8,82,24140.0,0.62,5.87,-0.7,-2.2,2.4,0.0,0.0,0.0,5.9,4.81,0,0,0,0,0,0,0,0,0,0,0,0
2026-01-10 23:00:00,HAN,13.2,0.0,60,3.8,135,1022.0,85,24140.0,1.61,3.44,-0.6,-2.2,1.7,0.0,0.0,0.0,5.9,1.61,0,0,0,0,0,0,0,0,0,0,0,0
2026-01-11 00:00:00,HAN,13.3,0.0,79,1.0,68,1022.4,84,24140.0,0.67,0.74,0.1,-1.2,1.3,0.0,0.0,0.0,5.9,1.61,0,0,0,0,0,0,0,0,0,0,0,0
2026-01-11 01:00:00,HAN,12.4,0.0,84,3.3,22,1022.7,90,24140.0,3.3,0.12,-0.9,-1.4,0.9,0.0,0.0,0.0,3.8,3.3,0,0,0,0,0,0,0,0,0,0,0,0
2026-01-11 02:00:00,HAN,11.8,0.0,95,2.9,11,1022.3,93,24140.0,2.86,-0.45,-0.6,-1.4,0.3,0.0,0.0,0.0,3.3,3.3,0,0,0,0,0,0,0,0,0,0,0,0
2026-01-11 03:00:00,HAN,11.8,0.0,91,4.8,25,1022.4,92,24140.0,4.78,0.42,0.0,-1.5,0.0,0.0,0.0,0.0,4.8,4.78,0,0,0,0,0,0,0,0,0,0,0,0
2026-01-11 04:00:00,HAN,12.2,0.0,58,6.6,33,1022.4,85,24140.0,6.43,1.48,0.4,-0.2,-0.3,0.0,0.0,0.0,6.6,6.43,0,0,0,0,0,0,0,0,0,0,0,0
2026-01-11 05:00:00,HAN,12.2,0.0,55,8.2,14,1022.7,80,24140.0,8.16,-0.86,0.0,0.4,0.4,0.0,0.0,0.0,8.2,8.16,0,0,0,0,0,0,0,0,0,0,0,0
2026-01-11 06:00:00,HAN,11.9,0.0,50,8.9,14,1023.1,80,24140.0,8.85,-0.93,-0.3,0.1,0.7,0.0,0.0,0.0,8.9,8.85,0,0,0,0,0,0,0,0,0,0,0,0
2026-01-11 07:00:00,HAN,11.3,0.0,51,6.7,5,1023.7,88,24140.0,6.47,-1.73,-0.6,-0.9,1.3,0.0,0.0,0.0,8.9,8.85,0,0,0,0,0,0,0,0,0,0,0,0
2026-01-11 08:00:00,HAN,14.4,0.0,22,8.3,24,1024.1,72,24140.0,8.28,0.58,3.1,2.2,1.4,0.0,0.0,0.0,8.9,8.85,0,0,0,0,0,0,0,0,0,0,0,0
2026-01-11 09:00:00,HAN,17.5,0.0,0,8.1,24,1024.7,58,24140.0,8.08,0.57,3.1,5.6,1.6,0.0,0.0,0.0,8.3,8.28,0,0,0,0,0,0,0,0,0,0,0,0
2026-01-11 10:00:00,HAN,19.5,0.0,10,11.6,19,1024.5,47,24140.0,11.6,-0.2,2.0,8.2,0.8,0.0,0.0,0.0,11.6,11.6,0,0,0,0,0,0,0,0,0,0,0,0
2026-01-11 11:00:00,HAN,20.8,0.0,25,9.7,31,1023.9,41,24140.0,9.52,1.85,1.3,6.4,-0.2,0.0,0.0,0.0,11.6,11.6,0,0,0,0,0,0,0,0,0,0,0,0
2026-01-11 12:00:00,HAN,21.7,0.0,0,7.6,56,1022.3,40,24140.0,6.15,4.47,0.9,4.2,-2.4,0.0,0.0,0.0,11.6,11.6,0,0,0,0,0,0,0,0,0,0,0,0
2026-01-11 13:00:00,HAN,22.3,0.0,0,5.1,86,1021.0,37,24140.0,2.07,4.66,0.6,2.8,-3.5,0.0,0.0,0.0,9.7,9.52,0,0,0,0,0,0,0,0,0,0,0,0
2026-01-11 14:00:00,HAN,22.8,0.0,0,4.4,117,1020.0,36,24140.0,0.54,4.37,0.5,2.0,-3.9,0.0,0.0,0.0,7.6,6.15,0,0,0,0,0,0,0,0,0,0,0,0
2026-01-11 15:00:00,HAN,22.6,0.0,0,4.0,126,1019.4,36,24140.0,1.1,3.85,-0.2,0.9,-2.9,0.0,0.0,0.0,5.1,2.07,0,0,0,0,0,0,0,0,0,0,0,0
2026-01-11 16:00:00,HAN,22.3,0.0,1,3.1,135,1019.0,37,24140.0,1.31,2.81,-0.3,0.0,-2.0,0.0,0.0,0.0,4.4,1.31,0,0,0,0,0,0,0,0,0,0,0,0
2026-01-11 17:00:00,HAN,20.6,0.0,1,1.5,210,1018.6,54,24140.0,1.48,-0.26,-1.7,-2.2,-1.4,0.0,0.0,0.0,4.0,1.48,0,0,0,0,0,0,0,0,0,0,0,0
2026-01-11 18:00:00,HAN,18.3,0.0,0,2.2,235,1018.5,54,24140.0,1.8,-1.26,-2.3,-4.3,-0.9,0.0,0.0,0.0,3.1,1.8,0,0,0,0,0,0,0,0,0,0,0,0
2026-01-11 19:00:00,HAN,18.0,0.0,6,2.1,239,1018.9,53,24140.0,1.63,-1.32,-0.3,-4.3,-0.1,0.0,0.0,0.0,2.2,1.8,0,0,0,0,0,0,0,0,0,0,0,0
2026-01-11 20:00:00,HAN,16.4,0.0,23,6.9,110,1019.4,60,24140.0,0.0,6.9,-1.6,-4.2,0.8,0.0,0.0,0.0,6.9,1.8,0,0,0,0,0,0,0,0,0,0,0,0
2026-01-11 21:00:00,HAN,15.2,0.0,0,10.7,135,1019.8,67,24140.0,4.52,9.7,-1.2,-3.1,1.3,0.0,0.0,0.0,10.7,4.52,0,0,0,0,0,0,0,0,0,0,0,0
2026-01-11 22:00:00,HAN,14.4,0.0,0,10.3,153,1019.9,74,24140.0,7.02,7.53,-0.8,-3.6,1.0,0.0,0.0,0.0,10.7,7.02,0,0,0,0,0,0,0,0,0,0,0,0
2026-01-11 23:00:00,HAN,13.8,0.0,0,9.7,152,1019.5,80,24140.0,6.49,7.21,-0.6,-2.6,0.1,0.0,0.0,0.0,10.7,7.02,0,0,0,0,0,0,0,0,0,0,0,0
2026-01-12 00:00:00,HAN,13.4,0.0,0,9.2,159,1019.2,85,24140.0,6.94,6.04,-0.4,-1.8,-0.6,0.0,0.0,0.0,10.3,7.02,0,0,0,0,0,0,0,0,0,0,0,0
2026-01-12 01:00:00,HAN,12.4,0.0,0,5.7,145,1019.3,92,24140.0,3.27,4.67,-1.0,-2.0,-0.6,0.0,0.0,0.0,9.7,6.94,0,0,0,0,0,0,0,0,0,0,0,0
2026-01-12 02:00:00,HAN,12.2,0.0,0,3.1,100,1019.0,92,24140.0,0.54,3.05,-0.2,-1.6,-0.5,0.0,0.0,0.0,9.2,6.94,0,0,0,0,0,0,0,0,0,0,0,0
2026-01-12 03:00:00,HAN,11.7,0.0,0,4.2,83,1018.6,94,24140.0,1.91,3.74,-0.5,-1.7,-0.6,0.0,0.0,0.0,5.7,3.27,0,0,0,0,0,0,0,0,0,0,0,0
2026-01-12 04:00:00,HAN,11.6,0.0,0,5.5,81,1018.4,96,24140.0,2.67,4.81,-0.1,-0.8,-0.9,0.0,0.0,0.0,5.5,2.67,0,0,0,0,0,0,0,0,0,0,0,0
2026-01-12 05:00:00,HAN,11.4,0.0,0,6.4,82,1018.3,97,24140.0,3.0,5.65,-0.2,-0.8,-0.7,0.0,0.0,0.0,6.4,3.0,0,0,0,0,0,0,0,0,0,0,0,0
2026-01-12 06:00:00,HAN,11.2,0.0,0,5.9,79,1018.8,97,24140.0,3.04,5.06,-0.2,-0.5,0.2,0.0,0.0,0.0,6.4,3.04,0,0,0,0,0,0,0,0,0,0,0,0
2026-01-12 07:00:00,HAN,11.2,0.0,5,7.9,69,1020.1,98,24140.0,5.18,5.96,0.0,-0.4,1.7,0.0,0.0,0.0,7.9,5.18,0,0,0,0,0,0,0,0,0,0,0,0
2026-01-12 08:00:00,HAN,13.4,0.0,31,7.4,49,1020.9,89,24140.0,6.47,3.59,2.2,2.0,2.6,0.0,0.0,0.0,7.9,6.47,0,0,0,0,0,0,0,0,0,0,0,0
2026-01-12 09:00:00,HAN,16.0,0.0,46,6.5,62,1021.7,77,24140.0,4.83,4.35,2.6,4.8,2.9,0.0,0.0,0.0,7.9,6.47,0,0,0,0,0,0,0,0,0,0,0,0
2026-01-12 10:00:00,HAN,18.4,0.0,30,5.4,84,1021.6,69,24140.0,2.37,4.85,2.4,7.2,1.5,0.0,0.0,0.0,7.4,6.47,0,0,0,0,0,0,0,0,0,0,0,0
2026-01-12 11:00:00,HAN,20.5,0.0,80,8.5,153,1020.5,61,24140.0,5.8,6.22,2.1,7.1,-0.4,0.0,0.0,0.0,8.5,5.8,0,0,0,0,0,0,0,0,0,0,0,0
2026-01-12 12:00:00,HAN,21.3,0.0,62,8.1,163,1019.3,55,24140.0,6.47,4.87,0.8,5.3,-2.4,0.0,0.0,0.0,8.5,6.47,0,0,0,0,0,0,0,0,0,0,0,0
2026-01-12 13:00:00,HAN,22.1,0.0,77,7.6,165,1018.1,50,24140.0,6.23,4.36,0.8,3.7,-3.5,0.0,0.0,0.0,8.5,6.47,0,0,0,0,0,0,0,0,0,0,0,0
2026-01-12 14:00:00,HAN,22.6,0.0,73,5.6,158,1017.2,49,24140.0,4.16,3.75,0.5,2.1,-3.3,0.0,0.0,0.0,8.1,6.47,0,0,0,0,0,0,0,0,0,0,0,0
2026-01-12 15:00:00,HAN,22.6,0.0,98,2.8,145,1016.3,48,24140.0,1.61,2.29,0.0,1.3,-3.0,0.0,0.0,0.0,7.6,6.23,0,0,0,0,0,0,0,0,0,0,0,0
2026-01-12 16:00:00,HAN,22.7,0.0,80,2.4,63,1016.5,47,24140.0,1.76,1.64,0.1,0.6,-1.6,0.0,0.0,0.0,5.6,4.16,0,0,0,0,0,0,0,0,0,0,0,0
2026-01-12 17:00:00,HAN,21.7,0.0,21,3.6,20,1016.9,55,24140.0,3.6,0.0,-1.0,-0.9,-0.3,0.0,0.0,0.0,3.6,3.6,0,0,0,0,0,0,0,0,0,0,0,0
2026-01-12 18:00:00,HAN,19.2,0.0,7,6.9,14,1017.4,62,24140.0,6.86,-0.72,-2.5,-3.4,1.1,0.0,0.0,0.0,6.9,6.86,0,0,0,0,0,0,0,0,0,0,0,0
2026-01-12 19:00:00,HAN,18.1,0.0,13,9.2,3,1018.0,68,24140.0,8.8,-2.69,-1.1,-4.6,1.5,0.0,0.0,0.0,9.2,8.8,0,0,0,0,0,0,0,0,0,0,0,0
2026-01-12 20:00:00,HAN,17.1,0.0,15,4.8,53,1019.0,72,24140.0,4.03,2.61,-1.0,-4.6,2.1,0.0,0.0,0.0,9.2,8.8,0,0,0,0,0,0,0,0,0,0,0,0
2026-01-12 21:00:00,HAN,16.6,0.0,6,7.1,100,1019.7,79,24140.0,1.23,6.99,-0.5,-2.6,2.3,0.0,0.0,0.0,9.2,8.8,0,0,0,0,0,0,0,0,0,0,0,0
2026-01-12 22:00:00,HAN,16.2,0.0,0,3.4,96,1019.9,83,24140.0,0.82,3.3,-0.4,-1.9,1.9,0.0,0.0,0.0,7.1,4.03,0,0,0,0,0,0,0,0,0,0,0,0
2026-01-12 23:00:00,HAN,15.9,0.0,4,1.5,36,1019.8,84,24140.0,1.44,0.41,-0.3,-1.2,0.8,0.0,0.0,0.0,7.1,1.44,0,0,0,0,0,0,0,0,0,0,0,0
2026-01-13 00:00:00,HAN,15.2,0.0,1,0.4,360,1019.8,86,24140.0,0.38,-0.14,-0.7,-1.4,0.1,0.0,0.0,0.0,3.4,1.44,0,0,0,0,0,0,0,0,0,0,0,0
2026-01-13 01:00:00,HAN,13.6,0.0,0,4.8,301,1019.5,95,24140.0,0.92,-4.71,-1.6,-2.6,-0.4,0.0,0.0,0.0,4.8,1.44,0,0,0,0,0,0,0,0,0,0,0,0
2026-01-13 02:00:00,HAN,13.1,0.0,0,4.5,307,1019.0,97,24140.0,1.32,-4.3,-0.5,-2.8,-0.8,0.0,0.0,0.0,4.8,1.32,0,0,0,0,0,0,0,0,0,0,0,0
2026-01-13 03:00:00,HAN,12.8,0.0,2,3.9,326,1019.0,98,24140.0,2.29,-3.16,-0.3,-2.4,-0.8,0.0,0.0,0.0,4.8,2.29,0,0,0,0,0,0,0,0,0,0,0,0
2026-01-13 04:00:00,HAN,12.5,0.0,2,2.9,360,1019.0,98,24140.0,2.73,-0.99,-0.3,-1.1,-0.5,0.0,0.0,0.0,4.5,2.73,0,0,0,0,0,0,0,0,0,0,0,0
2026-01-13 05:00:00,HAN,12.2,0.0,0,2.3,356,1019.1,97,24140.0,2.1,-0.94,-0.3,-0.9,0.1,0.0,0.0,0.0,3.9,2.73,0,0,0,0,0,0,0,0,0,0,0,0
2026-01-13 06:00:00,HAN,11.9,0.0,0,2.3,321,1019.6,97,24140.0,1.18,-1.97,-0.3,-0.9,0.6,0.0,0.0,0.0,2.9,2.73,0,0,0,0,0,0,0,0,0,0,0,0
2026-01-13 07:00:00,HAN,11.7,0.0,83,3.5,351,1020.2,100,24140.0,3.06,-1.7,-0.2,-0.8,1.2,0.0,0.0,0.0,3.5,3.06,0,0,0,0,0,0,0,0,0,0,0,0
2026-01-13 08:00:00,HAN,14.3,0.0,0,3.6,351,1020.7,88,24140.0,3.15,-1.75,2.6,2.1,1.6,0.0,0.0,0.0,3.6,3.15,0,0,0,0,0,0,0,0,0,0,0,0
2026-01-13 09:00:00,HAN,17.3,0.0,0,4.2,320,1021.4,75,24140.0,2.1,-3.64,3.0,5.4,1.8,0.0,0.0,0.0,4.2,3.15,0,0,0,0,0,0,0,0,0,0,0,0
2026-01-13 10:00:00,HAN,19.9,0.0,0,5.1,333,1021.3,63,24140.0,3.48,-3.73,2.6,8.2,1.1,0.0,0.0,0.0,5.1,3.48,0,0,0,0,0,0,0,0,0,0,0,0
2026-01-13 11:00:00,HAN,21.6,0.0,0,4.9,358,1020.4,52,24140.0,4.54,-1.84,1.7,7.3,-0.3,0.0,0.0,0.0,5.1,4.54,0,0,0,0,0,0,0,0,0,0,0,0
2026-01-13 12:00:00,HAN,22.8,0.0,0,3.4,360,1018.7,46,24140.0,3.19,-1.16,1.2,5.5,-2.7,0.0,0.0,0.0,5.1,4.54,0,0,0,0,0,0,0,0,0,0,0,0
2026-01-13 13:00:00,HAN,23.1,0.0,0,2.4,343,1017.1,44,24140.0,1.92,-1.44,0.3,3.2,-4.2,0.0,0.0,0.0,4.9,4.54,0,0,0,0,0,0,0,0,0,0,0,0
2026-01-13 14:00:00,HAN,23.6,0.0,0,1.8,307,1015.8,43,24140.0,0.53,-1.72,0.5,2.0,-4.6,0.0,0.0,0.0,3.4,3.19,0,0,0,0,0,0,0,0,0,0,0,0
2026-01-13 15:00:00,HAN,23.5,0.0,1,1.8,259,1015.0,43,24140.0,0.93,-1.54,-0.1,0.7,-3.7,0.0,0.0,0.0,2.4,1.92,0,0,0,0,0,0,0,0,0,0,0,0
2026-01-13 16:00:00,HAN,23.3,0.0,0,2.8,230,1014.5,44,24140.0,2.42,-1.4,-0.2,0.2,-2.6,0.0,0.0,0.0,2.8,2.42,0,0,0,0,0,0,0,0,0,0,0,0
2026-01-13 17:00:00,HAN,22.1,0.0,0,1.3,225,1014.4,59,24140.0,1.18,-0.55,-1.2,-1.5,-1.4,0.0,0.0,0.0,2.8,2.42,0,0,0,0,0,0,0,0,0,0,0,0
2026-01-13 18:00:00,HAN,20.0,0.0,1,0.9,127,1014.6,57,24140.0,0.26,0.86,-2.1,-3.5,-0.4,0.0,0.0,0.0,2.8,2.42,0,0,0,0,0,0,0,0,0,0,0,0
2026-01-13 19:00:00,HAN,18.1,0.0,0,5.4,110,1014.7,66,24140.0,0.0,5.4,-1.9,-5.2,0.2,0.0,0.0,0.0,5.4,1.18,0,0,0,0,0,0,0,0,0,0,0,0
2026-01-13 20:00:00,HAN,17.6,0.0,0,6.0,131,1015.0,70,24140.0,2.15,5.6,-0.5,-4.5,0.6,0.0,0.0,0.0,6.0,2.15,0,0,0,0,0,0,0,0,0,0,0,0
2026-01-13 21:00:00,HAN,17.5,0.0,3,14.3,134,1015.2,68,24140.0,5.82,13.06,-0.1,-2.5,0.6,0.0,0.0,0.0,14.3,5.82,0,0,0,0,0,0,0,0,0,0,0,0
2026-01-13 22:00:00,HAN,16.5,0.0,0,12.0,148,1015.6,75,24140.0,7.39,9.46,-1.0,-1.6,0.9,0.0,0.0,0.0,14.3,7.39,0,0,0,0,0,0,0,0,0,0,0,0
2026-01-13 23:00:00,HAN,15.6,0.0,0,10.6,154,1015.6,81,24140.0,7.36,7.63,-0.9,-2.0,0.6,0.0,0.0,0.0,14.3,7.39,0,0,0,0,0,0,0,0,0,0,0,0
2026-01-14 00:00:00,HAN,15.0,0.0,0,8.8,152,1015.4,86,24140.0,5.89,6.54,-0.6,-2.5,0.2,0.0,0.0,0.0,12.0,7.39,0,0,0,0,0,0,0,0,0,0,0,0
2026-01-14 01:00:00,HAN,14.4,0.0,2,6.9,131,1015.2,91,24140.0,2.47,6.44,-0.6,-2.1,-0.4,0.0,0.0,0.0,10.6,7.36,0,0,0,0,0,0,0,0,0,0,0,0
2026-01-14 02:00:00,HAN,14.1,0.0,0,6.5,109,1014.7,93,24140.0,0.11,6.5,-0.3,-1.5,-0.9,0.0,0.0,0.0,8.8,5.89,0,0,0,0,0,0,0,0,0,0,0,0
2026-01-14 03:00:00,HAN,13.8,0.0,0,7.2,93,1014.3,95,24140.0,2.11,6.89,-0.3,-1.2,-1.1,0.0,0.0,0.0,7.2,2.47,0,0,0,0,0,0,0,0,0,0,0,0
2026-01-14 04:00:00,HAN,13.6,0.0,1,8.5,88,1014.2,96,24140.0,3.18,7.88,-0.2,-0.8,-1.0,0.0,0.0,0.0,8.5,3.18,0,0,0,0,0,0,0,0,0,0,0,0
2026-01-14 05:00:00,HAN,13.4,0.0,5,7.9,78,1014.1,98,24140.0,4.19,6.7,-0.2,-0.7,-0.6,0.0,0.0,0.0,8.5,4.19,0,0,0,0,0,0,0,0,0,0,0,0
2026-01-14 06:00:00,HAN,13.2,0.0,13,7.7,69,1014.6,98,24140.0,5.05,5.81,-0.2,-0.6,0.3,0.0,0.0,0.0,8.5,5.05,0,0,0,0,0,0,0,0,0,0,0,0
2026-01-14 07:00:00,HAN,13.9,0.0,88,8.6,59,1015.6,97,24140.0,6.68,5.41,0.7,0.3,1.4,0.0,0.0,0.0,8.6,6.68,0,0,0,0,0,0,0,0,0,0,0,0
2026-01-14 08:00:00,HAN,15.6,0.0,80,7.3,54,1016.2,87,24140.0,6.05,4.08,1.7,2.2,2.1,0.0,0.0,0.0,8.6,6.68,0,0,0,0,0,0,0,0,0,0,0,0
2026-01-14 09:00:00,HAN,18.0,0.0,37,7.2,71,1016.7,78,24140.0,4.53,5.6,2.4,4.8,2.1,0.0,0.0,0.0,8.6,6.68,0,0,0,0,0,0,0,0,0,0,0,0
2026-01-14 10:00:00,HAN,20.1,0.0,100,9.8,142,1016.9,72,24140.0,5.19,8.31,2.1,6.2,1.3,0.0,0.0,0.0,9.8,6.05,0,0,0,0,0,0,0,0,0,0,0,0
2026-01-14 11:00:00,HAN,22.2,0.0,56,11.1,166,1016.1,60,24140.0,9.2,6.21,2.1,6.6,-0.1,0.0,0.0,0.0,11.1,9.2,0,0,0,0,0,0,0,0,0,0,0,0
2026-01-14 12:00:00,HAN,23.4,0.0,97,10.8,165,1014.5,55,24140.0,8.85,6.19,1.2,5.4,-2.2,0.0,0.0,0.0,11.1,9.2,0,0,0,0,0,0,0,0,0,0,0,0
2026-01-14 13:00:00,HAN,24.0,0.0,95,9.7,158,1013.2,53,24140.0,7.21,6.49,0.6,3.9,-3.7,0.0,0.0,0.0,11.1,9.2,0,0,0,0,0,0,0,0,0,0,0,0
2026-01-14 14:00:00,HAN,24.6,0.0,88,10.3,142,1012.2,51,24140.0,5.46,8.73,0.6,2.4,-3.9,0.0,0.0,0.0,10.8,8.85,0,0,0,0,0,0,0,0,0,0,0,0
2026-01-14 15:00:00,HAN,24.5,0.0,23,13.0,114,1011.5,52,24140.0,0.91,12.97,-0.1,1.1,-3.0,0.0,0.0,0.0,13.0,7.21,0,0,0,0,0,0,0,0,0,0,0,0
2026-01-14 16:00:00,HAN,24.3,0.0,20,12.5,108,1011.4,53,24140.0,0.44,12.49,-0.2,0.3,-1.8,0.0,0.0,0.0,13.0,5.46,0,0,0,0,0,0,0,0,0,0,0,0
2026-01-14 17:00:00,HAN,23.1,0.0,1,6.3,103,1011.8,58,24140.0,0.77,6.25,-1.2,-1.5,-0.4,0.0,0.0,0.0,13.0,0.91,0,0,0,0,0,0,0,0,0,0,0,0
2026-01-14 18:00:00,HAN,20.5,0.0,20,7.5,98,1012.4,69,24140.0,1.56,7.34,-2.6,-4.0,0.9,0.0,0.0,0.0,12.5,1.56,0,0,0,0,0,0,0,0,0,0,0,0
2026-01-14 19:00:00,HAN,20.4,0.0,100,12.2,116,1013.8,72,24140.0,1.28,12.13,-0.1,-3.9,2.4,0.0,0.0,0.0,12.2,1.56,0,0,0,0,0,0,0,0,0,0,0,0
2026-01-14 20:00:00,HAN,20.4,0.0,88,14.1,129,1014.5,72,24140.0,4.59,13.33,0.0,-2.7,2.7,0.0,0.0,0.0,14.1,4.59,0,0,0,0,0,0,0,0,0,0,0,0
2026-01-14 21:00:00,HAN,19.4,0.0,5,11.7,137,1015.1,76,24140.0,5.31,10.42,-1.0,-1.1,2.7,0.0,0.0,0.0,14.1,5.31,0,0,0,0,0,0,0,0,0,0,0,0
2026-01-14 22:00:00,HAN,18.2,0.0,11,8.4,135,1015.9,83,24140.0,3.55,7.61,-1.2,-2.2,2.1,0.0,0.0,0.0,14.1,5.31,0,0,0,0,0,0,0,0,0,0,0,0
2026-01-14 23:00:00,HAN,17.5,0.0,28,5.1,126,1016.1,87,24140.0,1.41,4.9,-0.7,-2.9,1.6,0.0,0.0,0.0,11.7,5.31,0,0,0,0,0,0,0,0,0,0,0,0
2026-01-15 00:00:00,HAN,16.5,0.0,35,4.0,95,1016.3,92,24140.0,1.04,3.86,-1.0,-2.9,1.2,0.0,0.0,0.0,8.4,3.55,0,0,0,0,0,0,0,0,0,0,0,0
2026-01-15 01:00:00,HAN,16.8,0.0,100,4.6,79,1016.2,92,24140.0,2.37,3.94,0.3,-1.4,0.3,0.0,0.0,0.0,5.1,2.37,0,0,0,0,0,0,0,0,0,0,0,0
2026-01-15 02:00:00,HAN,17.3,0.0,100,6.0,53,1015.7,89,24140.0,5.03,3.27,0.5,-0.2,-0.4,0.0,0.0,0.0,6.0,5.03,0,0,0,0,0,0,0,0,0,0,0,0
2026-01-15 03:00:00,HAN,17.4,0.0,100,5.1,42,1015.4,89,24140.0,4.73,1.91,0.1,0.9,-0.9,0.0,0.0,0.0,6.0,5.03,0,0,0,0,0,0,0,0,0,0,0,0
2026-01-15 04:00:00,HAN,17.4,0.0,100,5.0,49,1015.3,88,24140.0,4.37,2.42,0.0,0.6,-0.9,0.0,0.0,0.0,6.0,5.03,0,0,0,0,0,0,0,0,0,0,0,0
2026-01-15 05:00:00,HAN,17.3,0.0,100,5.6,59,1015.3,87,24140.0,4.35,3.52,-0.1,0.0,-0.4,0.0,0.0,0.0,5.6,4.73,0,0,0,0,0,0,0,0,0,0,0,0
2026-01-15 06:00:00,HAN,17.2,0.0,100,6.4,54,1016.0,87,24140.0,5.31,3.58,-0.1,-0.2,0.6,0.0,0.0,0.0,6.4,5.31,0,0,0,0,0,0,0,0,0,0,0,0
2026-01-15 07:00:00,HAN,17.0,0.0,100,5.8,54,1016.4,90,24140.0,4.81,3.24,-0.2,-0.4,1.1,0.0,0.0,0.0,6.4,5.31,0,0,0,0,0,0,0,0,0,0,0,0
2026-01-15 08:00:00,HAN,17.4,0.8,100,3.2,56,1016.9,94,24140.0,2.59,1.88,0.4,0.1,1.6,0.8,0.8,0.8,6.4,5.31,1,0,0,0,0,0,0,0,1,1,0,1
2026-01-15 09:00:00,HAN,17.9,0.3,100,3.8,19,1017.3,92,24140.0,3.8,-0.07,0.5,0.7,1.3,0.3,1.1,1.1,5.8,4.81,1,0,0,0,0,0,0,0,1,1,0,1
2026-01-15 10:00:00,HAN,19.0,0.0,95,4.3,17,1017.4,85,24140.0,4.29,-0.23,1.1,2.0,1.0,0.0,1.1,1.1,4.3,4.29,0,0,0,0,0,0,0,0,0,0,0,0
2026-01-15 11:00:00,HAN,20.5,0.0,86,4.4,63,1016.7,77,24140.0,3.22,3.0,1.5,3.1,-0.2,0.0,0.3,1.1,4.4,4.29,0,0,0,0,0,0,0,0,0,0,0,0
2026-01-15 12:00:00,HAN,22.5,0.0,100,4.7,108,1015.2,69,24140.0,0.16,4.7,2.0,4.6,-2.1,0.0,0.0,1.1,4.7,4.29,0,0,0,0,0,0,0,0,0,0,0,0
2026-01-15 13:00:00,HAN,22.2,0.0,100,5.2,119,1014.3,68,24140.0,0.81,5.14,-0.3,3.2,-3.1,0.0,0.0,1.1,5.2,3.22,0,0,0,0,0,0,0,0,0,0,0,0
2026-01-15 14:00:00,HAN,22.4,0.0,100,6.1,109,1013.0,67,24140.0,0.11,6.1,0.2,1.9,-3.7,0.0,0.0,0.3,6.1,0.81,0,0,0,0,0,0,0,0,0,0,0,0
2026-01-15 15:00:00,HAN,22.4,0.0,100,8.0,113,1012.2,67,24140.0,0.42,7.99,0.0,-0.1,-3.0,0.0,0.0,0.0,8.0,0.81,0,0,0,0,0,0,0,0,0,0,0,0
2026-01-15 16:00:00,HAN,22.2,0.0,100,9.9,117,1012.0,69,24140.0,1.21,9.83,-0.2,0.0,-2.3,0.0,0.0,0.0,9.9,1.21,0,0,0,0,0,0,0,0,0,0,0,0
2026-01-15 17:00:00,HAN,21.8,0.0,100,8.3,123,1012.0,72,24140.0,1.87,8.09,-0.4,-0.6,-1.0,0.0,0.0,0.0,9.9,1.87,0,0,0,0,0,0,0,0,0,0,0,0
2026-01-15 18:00:00,HAN,20.8,0.0,100,3.6,117,1012.0,78,24140.0,0.44,3.57,-1.0,-1.6,-0.2,0.0,0.0,0.0,9.9,1.87,0,0,0,0,0,0,0,0,0,0,0,0
2026-01-15 19:00:00,HAN,20.2,0.0,98,4.3,92,1012.5,83,24140.0,1.33,4.09,-0.6,-2.0,0.5,0.0,0.0,0.0,8.3,1.87,0,0,0,0,0,0,0,0,0,0,0,0
2026-01-15 20:00:00,HAN,19.7,0.0,23,3.8,85,1012.7,86,24140.0,1.61,3.44,-0.5,-2.1,0.7,0.0,0.0,0.0,4.3,1.61,0,0,0,0,0,0,0,0,0,0,0,0
2026-01-15 21:00:00,HAN,19.0,0.0,34,3.9,118,1012.8,89,24140.0,0.54,3.86,-0.7,-1.8,0.8,0.0,0.0,0.0,4.3,1.61,0,0,0,0,0,0,0,0,0,0,0,0
2026-01-15 22:00:00,HAN,18.2,0.0,100,5.1,144,1012.8,93,24140.0,2.85,4.23,-0.8,-2.0,0.3,0.0,0.0,0.0,5.1,2.85,0,0,0,0,0,0,0,0,0,0,0,0
2026-01-15 23:00:00,HAN,18.4,0.0,99,5.9,157,1012.7,92,24140.0,4.31,4.02,0.2,-1.3,0.0,0.0,0.0,0.0,5.9,4.31,0,0,0,0,0,0,0,0,0,0,0,0
2026-01-16 00:00:00,HAN,17.9,0.0,90,5.9,153,1012.6,95,24140.0,4.02,4.31,-0.5,-1.1,-0.2,0.0,0.0,0.0,5.9,4.31,0,0,0,0,0,0,0,0,0,0,0,0
2026-01-16 01:00:00,HAN,17.6,0.0,70,6.9,149,1012.5,97,24140.0,4.34,5.36,-0.3,-0.6,-0.3,0.0,0.0,0.0,6.9,4.34,0,0,0,0,0,0,0,0,0,0,0,0
2026-01-16 02:00:00,HAN,17.3,0.0,95,7.3,149,1011.7,99,24140.0,4.59,5.67,-0.3,-1.1,-1.0,0.0,0.0,0.0,7.3,4.59,0,0,0,0,0,0,0,0,0,0,0,0
2026-01-16 03:00:00,HAN,17.5,0.0,100,8.9,144,1011.4,100,24140.0,4.98,7.38,0.2,-0.4,-1.2,0.0,0.0,0.0,8.9,4.98,0,0,0,0,0,0,0,0,0,0,0,0
2026-01-16 04:00:00,HAN,17.6,0.0,100,10.2,143,1011.3,100,24140.0,5.56,8.55,0.1,0.0,-1.2,0.0,0.0,0.0,10.2,5.56,0,0,0,0,0,0,0,0,0,0,0,0
2026-01-16 05:00:00,HAN,17.7,0.0,100,9.0,150,1011.4,99,24140.0,5.79,6.89,0.1,0.4,-0.3,0.0,0.0,0.0,10.2,5.79,0,0,0,0,0,0,0,0,0,0,0,0
2026-01-16 06:00:00,HAN,17.8,0.0,100,7.1,144,1011.7,100,24140.0,3.97,5.89,0.1,0.3,0.3,0.0,0.0,0.0,10.2,5.79,0,0,0,0,0,0,0,0,0,0,0,0
2026-01-16 07:00:00,HAN,18.0,0.0,100,8.3,141,1012.3,99,24140.0,4.27,7.11,0.2,0.4,1.0,0.0,0.0,0.0,9.0,5.79,0,0,0,0,0,0,0,0,0,0,0,0
2026-01-16 08:00:00,HAN,19.2,0.0,84,10.5,153,1012.7,92,24140.0,7.16,7.68,1.2,1.5,1.3,0.0,0.0,0.0,10.5,7.16,0,0,0,0,0,0,0,0,0,0,0,0
2026-01-16 09:00:00,HAN,20.2,0.0,100,13.2,169,1013.6,86,24140.0,11.31,6.8,1.0,2.4,1.9,0.0,0.0,0.0,13.2,11.31,0,0,0,0,0,0,0,0,0,0,0,0
2026-01-16 10:00:00,HAN,21.6,0.2,100,13.4,173,1013.3,79,24140.0,11.94,6.08,1.4,3.6,1.0,0.2,0.2,0.2,13.4,11.94,1,0,0,0,0,0,0,0,1,1,0,1
2026-01-16 11:00:00,HAN,23.1,0.2,100,12.8,176,1012.5,70,24140.0,11.69,5.21,1.5,3.9,-0.2,0.2,0.4,0.4,13.4,11.94,1,0,0,0,0,0,0,0,1,1,0,1
2026-01-16 12:00:00,HAN,24.0,0.1,99,12.3,183,1011.2,66,24140.0,11.76,3.6,0.9,3.8,-2.4,0.1,0.5,0.5,13.4,11.94,1,0,0,0,0,0,0,0,1,1,0,1
2026-01-16 13:00:00,HAN,24.2,0.0,98,10.5,199,1010.2,64,24140.0,10.5,0.18,0.2,2.6,-3.1,0.0,0.3,0.5,12.8,11.76,0,0,0,0,0,0,0,0,0,0,0,0
2026-01-16 14:00:00,HAN,25.1,0.0,62,9.2,179,1009.0,60,24140.0,8.59,3.3,0.9,2.0,-3.5,0.0,0.1,0.5,12.3,11.76,0,0,0,0,0,0,0,0,0,0,0,0
2026-01-16 15:00:00,HAN,26.0,0.0,100,8.5,181,1008.4,57,24140.0,8.04,2.77,0.9,2.0,-2.8,0.0,0.0,0.5,10.5,10.5,0,0,0,0,0,0,0,0,0,0,0,0
2026-01-16 16:00:00,HAN,25.9,0.0,17,9.3,134,1007.9,58,24140.0,3.78,8.5,-0.1,1.7,-2.3,0.0,0.0,0.3,9.3,8.59,0,0,0,0,0,0,0,0,0,0,0,0
2026-01-16 17:00:00,HAN,24.8,0.0,18,9.4,103,1008.0,62,24140.0,1.15,9.33,-1.1,-0.3,-1.0,0.0,0.0,0.1,9.4,8.04,0,0,0,0,0,0,0,0,0,0,0,0
2026-01-16 18:00:00,HAN,22.4,0.0,15,7.8,95,1008.6,71,24140.0,2.02,7.53,-2.4,-3.6,0.2,0.0,0.0,0.0,9.4,3.78,0,0,0,0,0,0,0,0,0,0,0,0
2026-01-16 19:00:00,HAN,22.0,0.0,63,8.0,124,1009.4,79,24140.0,1.94,7.76,-0.4,-3.9,1.5,0.0,0.0,0.0,9.4,2.02,0,0,0,0,0,0,0,0,0,0,0,0
2026-01-16 20:00:00,HAN,21.9,0.0,30,10.9,134,1010.3,79,24140.0,4.43,9.96,-0.1,-2.9,2.3,0.0,0.0,0.0,10.9,4.43,0,0,0,0,0,0,0,0,0,0,0,0
2026-01-16 21:00:00,HAN,20.8,0.0,23,11.0,139,1010.8,82,24140.0,5.33,9.62,-1.1,-1.6,2.2,0.0,0.0,0.0,11.0,5.33,0,0,0,0,0,0,0,0,0,0,0,0
2026-01-16 22:00:00,HAN,19.4,0.0,16,9.3,139,1011.1,90,24140.0,4.51,8.13,-1.4,-2.6,1.7,0.0,0.0,0.0,11.0,5.33,0,0,0,0,0,0,0,0,0,0,0,0
2026-01-16 23:00:00,HAN,18.9,0.0,66,7.0,122,1011.3,95,24140.0,1.46,6.85,-0.5,-3.0,1.0,0.0,0.0,0.0,11.0,5.33,0,0,0,0,0,0,0,0,0,0,0,0
2026-01-17 00:00:00,HAN,18.8,0.0,100,6.8,112,1011.3,98,24140.0,0.24,6.8,-0.1,-2.0,0.5,0.0,0.0,0.0,9.3,4.51,0,0,0,0,0,0,0,0,0,0,0,0
2026-01-17 01:00:00,HAN,19.6,0.0,100,10.5,128,1011.1,99,24140.0,3.24,9.99,0.8,0.2,0.0,0.0,0.0,0.0,10.5,3.24,0,0,0,0,0,0,0,0,0,0,0,0
2026-01-17 02:00:00,HAN,19.9,0.0,100,12.1,133,1010.7,95,24140.0,4.73,11.14,0.3,1.0,-0.6,0.0,0.0,0.0,12.1,4.73,0,0,0,0,0,0,0,0,0,0,0,0
2026-01-17 03:00:00,HAN,19.9,0.0,100,11.4,128,1010.4,95,24140.0,3.52,10.84,0.0,1.1,-0.9,0.0,0.0,0.0,12.1,4.73,0,0,0,0,0,0,0,0,0,0,0,0
2026-01-17 04:00:00,HAN,19.9,0.0,100,10.4,124,1010.2,94,24140.0,2.52,10.09,0.0,0.3,-0.9,0.0,0.0,0.0,12.1,4.73,0,0,0,0,0,0,0,0,0,0,0,0
2026-01-17 05:00:00,HAN,19.6,0.0,100,9.0,119,1010.5,96,24140.0,1.41,8.89,-0.3,-0.3,-0.2,0.0,0.0,0.0,11.4,3.52,0,0,0,0,0,0,0,0,0,0,0,0
2026-01-17 06:00:00,HAN,19.4,0.2,100,10.0,118,1010.7,96,24140.0,1.39,9.9,-0.2,-0.5,0.3,0.2,0.2,0.2,10.4,2.52,1,0,0,0,0,0,0,0,1,1,0,1
2026-01-17 07:00:00,HAN,19.0,0.6,100,8.3,112,1011.2,99,24140.0,0.29,8.29,-0.4,-0.9,1.0,0.6,0.8,0.8,10.0,1.41,1,0,0,0,0,0,0,0,1,1,0,1
2026-01-17 08:00:00,HAN,19.5,0.2,100,6.2,120,1012.3,97,24140.0,1.08,6.11,0.5,-0.1,1.8,0.2,1.0,1.0,10.0,1.39,1,0,0,0,0,0,0,0,1,1,0,1
2026-01-17 09:00:00,HAN,20.1,0.3,100,10.4,113,1013.2,93,24140.0,0.54,10.39,0.6,0.7,2.5,0.3,1.1,1.3,10.4,1.08,1,0,0,0,0,0,0,0,1,1,0,1
2026-01-17 10:00:00,HAN,20.4,0.3,100,11.9,105,1013.3,88,24140.0,1.04,11.85,0.3,1.4,2.1,0.3,0.8,1.6,11.9,1.08,1,0,0,0,0,0,0,0,1,1,0,1
2026-01-17 11:00:00,HAN,22.0,0.0,100,10.6,113,1012.8,76,24140.0,0.55,10.59,1.6,2.5,0.5,0.0,0.6,1.6,11.9,1.04,0,0,0,0,0,0,0,0,0,0,0,0
2026-01-17 12:00:00,HAN,22.5,0.1,61,8.8,121,1011.3,74,24140.0,1.68,8.64,0.5,2.4,-1.9,0.1,0.4,1.5,11.9,1.68,1,0,0,0,0,0,0,0,0,1,0,0
2026-01-17 13:00:00,HAN,22.3,0.1,60,10.1,100,1010.6,75,24140.0,1.75,9.95,-0.2,1.9,-2.7,0.1,0.2,1.0,10.6,1.75,1,0,0,0,0,0,0,0,0,1,0,0
2026-01-17 14:00:00,HAN,23.1,0.0,53,11.5,104,1009.6,71,24140.0,1.2,11.44,0.8,1.1,-3.2,0.0,0.2,0.8,11.5,1.75,0,0,0,0,0,0,0,0,0,0,0,0
2026-01-17 15:00:00,HAN,23.7,0.0,49,13.6,113,1008.5,69,24140.0,0.71,13.58,0.6,1.2,-2.8,0.0,0.1,0.5,13.6,1.75,0,0,0,0,0,0,0,0,0,0,0,0
2026-01-17 16:00:00,HAN,23.0,0.0,100,15.3,124,1008.4,73,24140.0,3.7,14.85,-0.7,0.7,-2.2,0.0,0.0,0.2,15.3,3.7,0,0,0,0,0,0,0,0,0,0,0,0
2026-01-17 17:00:00,HAN,21.9,0.0,77,14.0,127,1008.8,77,24140.0,4.09,13.39,-1.1,-1.2,-0.8,0.0,0.0,0.2,15.3,4.09,0,0,0,0,0,0,0,0,0,0,0,0
2026-01-17 18:00:00,HAN,20.6,0.0,27,10.1,121,1009.6,84,24140.0,1.93,9.91,-1.3,-3.1,1.1,0.0,0.0,0.1,15.3,4.09,0,0,0,0,0,0,0,0,0,0,0,0
2026-01-17 19:00:00,HAN,20.1,0.0,28,9.4,135,1009.9,91,24140.0,3.97,8.52,-0.5,-2.9,1.5,0.0,0.0,0.0,14.0,4.09,0,0,0,0,0,0,0,0,0,0,0,0
2026-01-17 20:00:00,HAN,19.5,0.0,20,9.4,140,1010.0,93,24140.0,4.7,8.14,-0.6,-2.4,1.2,0.0,0.0,0.0,10.1,4.7,0,0,0,0,0,0,0,0,0,0,0,0
2026-01-17 21:00:00,HAN,18.9,0.0,16,7.5,138,1010.4,95,24140.0,3.52,6.62,-0.6,-1.7,0.8,0.0,0.0,0.0,9.4,4.7,0,0,0,0,0,0,0,0,0,0,0,0
2026-01-17 22:00:00,HAN,18.5,0.0,88,6.0,129,1010.6,95,24140.0,1.95,5.67,-0.4,-1.6,0.7,0.0,0.0,0.0,9.4,4.7,0,0,0,0,0,0,0,0,0,0,0,0
2026-01-17 23:00:00,HAN,18.2,0.0,100,5.2,124,1010.5,95,24140.0,1.26,5.05,-0.3,-1.3,0.5,0.0,0.0,0.0,7.5,3.52,0,0,0,0,0,0,0,0,0,0,0,0
2026-01-18 00:00:00,HAN,18.0,0.0,100,5.1,117,1010.6,96,24140.0,0.62,5.06,-0.2,-0.9,0.2,0.0,0.0,0.0,6.0,1.95,0,0,0,0,0,0,0,0,0,0,0,0
2026-01-18 01:00:00,HAN,18.5,0.0,68,5.4,98,1010.6,96,24140.0,1.12,5.28,0.5,0.0,0.0,0.0,0.0,0.0,5.4,1.26,0,0,0,0,0,0,0,0,0,0,0,0
2026-01-18 02:00:00,HAN,18.0,0.3,94,6.2,73,1010.1,98,24140.0,3.73,4.95,-0.5,-0.2,-0.4,0.3,0.3,0.3,6.2,3.73,1,0,0,0,0,0,0,0,1,1,0,1
2026-01-18 03:00:00,HAN,18.0,0.0,100,7.3,73,1009.8,98,24140.0,4.39,5.83,0.0,0.0,-0.8,0.0,0.3,0.3,7.3,4.39,0,0,0,0,0,0,0,0,0,0,0,0
2026-01-18 04:00:00,HAN,18.1,0.1,100,7.5,70,1009.6,99,24140.0,4.82,5.75,0.1,-0.4,-1.0,0.1,0.4,0.4,7.5,4.82,1,0,0,0,0,0,0,0,1,1,0,1
2026-01-18 05:00:00,HAN,18.0,1.4,100,5.9,72,1009.5,99,24140.0,3.63,4.65,-0.1,0.0,-0.6,1.4,1.5,1.8,7.5,4.82,1,0,0,0,0,0,0,0,1,1,0,1
2026-01-18 06:00:00,HAN,17.8,1.0,100,6.5,48,1010.2,99,24140.0,5.74,3.05,-0.2,-0.2,0.4,1.0,2.5,2.8,7.5,5.74,1,0,0,0,0,0,0,0,1,1,0,1
2026-01-18 07:00:00,HAN,17.8,0.3,100,5.3,57,1011.1,98,24140.0,4.23,3.19,0.0,-0.3,1.5,0.3,2.7,3.1,6.5,5.74,1,0,0,0,0,0,0,0,1,1,0,1
2026-01-18 08:00:00,HAN,18.6,0.1,100,7.8,86,1011.6,93,24140.0,3.17,7.13,0.8,0.6,2.1,0.1,1.4,2.9,7.8,5.74,1,0,0,0,0,0,0,0,1,1,0,1
2026-01-18 09:00:00,HAN,19.5,0.2,100,6.5,109,1012.1,89,24140.0,0.11,6.5,0.9,1.7,1.9,0.2,0.6,3.1,7.8,4.23,1,0,0,0,0,0,0,0,1,1,0,1
2026-01-18 10:00:00,HAN,21.3,0.0,100,5.6,149,1012.4,82,24140.0,3.52,4.35,1.8,3.5,1.3,0.0,0.3,3.0,7.8,3.52,0,0,0,0,0,0,0,0,0,0,0,0
2026-01-18 11:00:00,HAN,22.0,0.0,100,7.2,152,1011.7,80,24140.0,4.82,5.35,0.7,3.4,0.1,0.0,0.2,1.6,7.2,4.82,0,0,0,0,0,0,0,0,0,0,0,0
2026-01-18 12:00:00,HAN,23.2,0.2,100,5.5,169,1010.5,74,24140.0,4.71,2.83,1.2,3.7,-1.6,0.2,0.2,0.8,7.2,4.82,1,0,0,0,0,0,0,0,1,1,0,1
2026-01-18 13:00:00,HAN,24.4,0.0,62,4.7,252,1009.4,66,24140.0,2.89,-3.7,1.2,3.1,-3.0,0.0,0.2,0.5,7.2,4.82,0,0,0,0,0,0,0,0,0,0,0,0
2026-01-18 14:00:00,HAN,25.5,0.0,74,3.7,235,1008.3,62,24140.0,3.03,-2.12,1.1,3.5,-3.4,0.0,0.2,0.4,5.5,4.71,0,0,0,0,0,0,0,0,0,0,0,0
2026-01-18 15:00:00,HAN,26.4,0.0,76,3.9,196,1007.5,58,24140.0,3.89,0.27,0.9,3.2,-3.0,0.0,0.0,0.2,4.7,3.89,0,0,0,0,0,0,0,0,0,0,0,0
2026-01-18 16:00:00,HAN,26.4,0.0,35,10.3,147,1007.2,56,24140.0,6.2,8.23,0.0,2.0,-2.2,0.0,0.0,0.2,10.3,6.2,0,0,0,0,0,0,0,0,0,0,0,0
2026-01-18 17:00:00,HAN,23.8,0.0,73,18.0,132,1007.7,71,24140.0,6.74,16.69,-2.6,-1.7,-0.6,0.0,0.0,0.2,18.0,6.74,0,0,0,0,0,0,0,0,0,0,0,0
2026-01-18 18:00:00,HAN,22.2,0.0,61,16.1,125,1007.9,75,24140.0,4.17,15.55,-1.6,-4.2,0.4,0.0,0.0,0.0,18.0,6.74,0,0,0,0,0,0,0,0,0,0,0,0
2026-01-18 19:00:00,HAN,21.1,0.0,12,14.8,131,1008.7,78,24140.0,5.3,13.82,-1.1,-5.3,1.5,0.0,0.0,0.0,18.0,6.74,0,0,0,0,0,0,0,0,0,0,0,0
2026-01-18 20:00:00,HAN,20.4,0.0,2,15.2,137,1009.5,81,24140.0,6.9,13.54,-0.7,-3.4,1.8,0.0,0.0,0.0,16.1,6.9,0,0,0,0,0,0,0,0,0,0,0,0
2026-01-18 21:00:00,HAN,19.5,0.0,4,12.9,137,1009.9,88,24140.0,5.86,11.49,-0.9,-2.7,2.0,0.0,0.0,0.0,15.2,6.9,0,0,0,0,0,0,0,0,0,0,0,0
2026-01-18 22:00:00,HAN,18.9,0.0,16,11.2,135,1010.5,94,24140.0,4.73,10.15,-0.6,-2.2,1.8,0.0,0.0,0.0,15.2,6.9,0,0,0,0,0,0,0,0,0,0,0,0
2026-01-18 23:00:00,HAN,18.5,0.0,73,10.3,130,1010.5,97,24140.0,3.52,9.68,-0.4,-1.9,1.0,0.0,0.0,0.0,12.9,5.86,0,0,0,0,0,0,0,0,0,0,0,0
2026-01-19 00:00:00,HAN,18.5,0.0,52,10.8,127,1010.3,97,24140.0,3.16,10.33,0.0,-1.0,0.4,0.0,0.0,0.0,11.2,4.73,0,0,0,0,0,0,0,0,0,0,0,0
2026-01-19 01:00:00,HAN,19.8,0.0,100,12.1,134,1009.9,95,24140.0,4.92,11.05,1.3,0.9,-0.6,0.0,0.0,0.0,12.1,4.92,0,0,0,0,0,0,0,0,0,0,0,0
2026-01-19 02:00:00,HAN,19.3,0.0,100,10.0,128,1009.3,98,24140.0,3.09,9.51,-0.5,0.8,-1.2,0.0,0.0,0.0,12.1,4.92,0,0,0,0,0,0,0,0,0,0,0,0
2026-01-19 03:00:00,HAN,19.1,0.0,100,9.8,120,1009.1,98,24140.0,1.7,9.65,-0.2,0.6,-1.2,0.0,0.0,0.0,12.1,4.92,0,0,0,0,0,0,0,0,0,0,0,0
2026-01-19 04:00:00,HAN,19.0,0.0,100,9.6,106,1009.0,98,24140.0,0.67,9.58,-0.1,-0.8,-0.9,0.0,0.0,0.0,10.0,3.09,0,0,0,0,0,0,0,0,0,0,0,0
2026-01-19 05:00:00,HAN,19.2,0.0,100,10.4,111,1009.2,96,24140.0,0.18,10.4,0.2,-0.1,-0.1,0.0,0.0,0.0,10.4,1.7,0,0,0,0,0,0,0,0,0,0,0,0
2026-01-19 06:00:00,HAN,19.2,0.0,100,9.4,108,1010.0,97,24140.0,0.33,9.39,0.0,0.1,0.9,0.0,0.0,0.0,10.4,0.67,0,0,0,0,0,0,0,0,0,0,0,0
2026-01-19 07:00:00,HAN,18.6,0.0,100,10.1,114,1011.3,97,24140.0,0.7,10.08,-0.6,-0.4,2.3,0.0,0.0,0.0,10.4,0.7,0,0,0,0,0,0,0,0,0,0,0,0
2026-01-19 08:00:00,HAN,19.5,0.0,100,12.0,122,1012.3,93,24140.0,2.49,11.74,0.9,0.3,3.1,0.0,0.0,0.0,12.0,2.49,0,0,0,0,0,0,0,0,0,0,0,0
2026-01-19 09:00:00,HAN,20.4,0.0,100,12.6,132,1012.9,90,24140.0,4.72,11.68,0.9,1.2,2.9,0.0,0.0,0.0,12.6,4.72,0,0,0,0,0,0,0,0,0,0,0,0
2026-01-19 10:00:00,HAN,21.3,0.3,100,14.6,142,1013.2,85,24140.0,7.74,12.38,0.9,2.7,1.9,0.3,0.3,0.3,14.6,7.74,1,0,0,0,0,0,0,0,1,1,0,1
2026-01-19 11:00:00,HAN,22.5,0.1,98,14.7,152,1012.4,76,24140.0,9.84,10.92,1.2,3.0,0.1,0.1,0.4,0.4,14.7,9.84,1,0,0,0,0,0,0,0,1,1,0,1
2026-01-19 12:00:00,HAN,24.7,0.2,99,14.5,169,1011.1,65,24140.0,12.43,7.47,2.2,4.3,-1.8,0.2,0.6,0.6,14.7,12.43,1,0,0,0,0,0,0,0,1,1,0,1
2026-01-19 13:00:00,HAN,24.6,0.1,57,15.5,177,1010.2,65,24140.0,14.27,6.06,-0.1,3.3,-3.0,0.1,0.4,0.7,15.5,14.27,1,0,0,0,0,0,0,0,0,1,0,0
2026-01-19 14:00:00,HAN,26.0,0.0,71,15.0,175,1009.2,59,24140.0,13.59,6.34,1.4,3.5,-3.2,0.0,0.3,0.7,15.5,14.27,0,0,0,0,0,0,0,0,0,0,0,0
2026-01-19 15:00:00,HAN,26.5,0.0,38,16.8,170,1008.4,56,21920.0,14.55,8.4,0.5,1.8,-2.7,0.0,0.1,0.7,16.8,14.55,0,0,0,0,0,0,0,0,0,0,0,0
2026-01-19 16:00:00,HAN,26.0,0.0,39,18.5,159,1008.2,57,22380.0,13.96,12.14,-0.5,1.4,-2.0,0.0,0.0,0.4,18.5,14.55,0,0,0,0,0,0,0,0,0,0,0,0
2026-01-19 17:00:00,HAN,24.8,0.0,11,17.9,141,1008.4,62,24140.0,9.22,15.34,-1.2,-1.2,-0.8,0.0,0.0,0.3,18.5,14.55,0,0,0,0,0,0,0,0,0,0,0,0
2026-01-19 18:00:00,HAN,22.8,0.0,9,16.6,133,1009.0,72,24140.0,6.49,15.28,-2.0,-3.7,0.6,0.0,0.0,0.1,18.5,13.96,0,0,0,0,0,0,0,0,0,0,0,0
2026-01-19 19:00:00,HAN,22.3,0.0,39,14.5,142,1009.7,77,24140.0,7.68,12.3,-0.5,-3.7,1.5,0.0,0.0,0.0,17.9,9.22,0,0,0,0,0,0,0,0,0,0,0,0
2026-01-19 20:00:00,HAN,21.5,0.0,63,14.1,140,1010.1,82,24140.0,7.05,12.21,-0.8,-3.3,1.7,0.0,0.0,0.0,16.6,7.68,0,0,0,0,0,0,0,0,0,0,0,0
2026-01-19 21:00:00,HAN,20.5,0.0,87,11.3,138,1010.6,89,24140.0,5.31,9.98,-1.0,-2.3,1.6,0.0,0.0,0.0,14.5,7.68,0,0,0,0,0,0,0,0,0,0,0,0
2026-01-19 22:00:00,HAN,19.8,0.0,81,9.8,139,1011.3,94,24140.0,4.75,8.57,-0.7,-2.5,1.6,0.0,0.0,0.0,14.1,7.05,0,0,0,0,0,0,0,0,0,0,0,0
2026-01-19 23:00:00,HAN,19.4,0.0,65,9.4,133,1011.3,97,24140.0,3.67,8.65,-0.4,-2.1,1.2,0.0,0.0,0.0,11.3,5.31,0,0,0,0,0,0,0,0,0,0,0,0
2026-01-20 00:00:00,HAN,19.1,0.0,100,9.0,125,1011.4,98,24140.0,2.33,8.69,-0.3,-1.4,0.8,0.0,0.0,0.0,9.8,4.75,0,0,0,0,0,0,0,0,0,0,0,0
2026-01-20 01:00:00,HAN,20.2,0.0,100,10.6,134,1011.1,99,24140.0,4.31,9.68,1.1,0.4,-0.2,0.0,0.0,0.0,10.6,4.31,0,0,0,0,0,0,0,0,0,0,0,0
2026-01-20 02:00:00,HAN,20.4,0.0,100,11.5,140,1010.4,98,24140.0,5.75,9.96,0.2,1.0,-0.9,0.0,0.0,0.0,11.5,5.75,0,0,0,0,0,0,0,0,0,0,0,0
2026-01-20 03:00:00,HAN,20.5,0.0,100,9.8,139,1010.2,98,24140.0,4.75,8.57,0.1,1.4,-1.2,0.0,0.0,0.0,11.5,5.75,0,0,0,0,0,0,0,0,0,0,0,0
2026-01-20 04:00:00,HAN,20.4,0.0,100,7.6,137,1010.4,98,24140.0,3.45,6.77,-0.1,0.2,-0.7,0.0,0.0,0.0,11.5,5.75,0,0,0,0,0,0,0,0,0,0,0,0
2026-01-20 05:00:00,HAN,20.5,0.1,100,8.7,135,1010.8,98,24140.0,3.68,7.88,0.1,0.1,0.4,0.1,0.1,0.1,9.8,4.75,1,0,0,0,0,0,0,0,1,1,0,1
2026-01-20 06:00:00,HAN,20.4,0.5,100,11.1,151,1011.6,96,24140.0,7.28,8.38,-0.1,-0.1,1.4,0.5,0.6,0.6,11.1,7.28,1,0,0,0,0,0,0,0,1,1,0,1
2026-01-20 07:00:00,HAN,19.9,0.7,100,8.4,137,1013.0,98,23740.0,3.81,7.48,-0.5,-0.5,2.6,0.7,1.3,1.3,11.1,7.28,1,0,0,0,0,0,0,0,1,1,0,1
2026-01-20 08:00:00,HAN,21.0,0.2,98,12.5,143,1013.8,92,16360.0,6.81,10.48,1.1,0.5,3.0,0.2,1.4,1.5,12.5,7.28,1,0,0,0,0,0,0,0,1,1,0,1
2026-01-20 09:00:00,HAN,22.0,0.6,56,12.3,143,1014.7,83,24140.0,6.7,10.32,1.0,1.6,3.1,0.6,1.5,2.1,12.5,6.81,1,0,0,0,0,0,0,0,0,1,0,0
2026-01-20 10:00:00,HAN,23.2,0.4,66,14.1,141,1015.1,75,19960.0,7.26,12.09,1.2,3.3,2.1,0.4,1.2,2.5,14.1,7.26,1,0,0,0,0,0,0,0,0,1,0,0
2026-01-20 11:00:00,HAN,24.0,0.2,78,12.2,154,1014.7,71,21700.0,8.47,8.78,0.8,3.0,0.9,0.2,1.2,2.6,14.1,8.47,1,0,0,0,0,0,0,0,0,1,0,0
2026-01-20 12:00:00,HAN,24.6,0.2,44,13.0,152,1013.8,69,22260.0,8.7,9.66,0.6,2.6,-0.9,0.2,0.8,2.3,14.1,8.7,1,0,0,0,0,0,0,0,0,1,0,0
2026-01-20 13:00:00,HAN,25.5,0.2,38,15.5,147,1013.2,63,24140.0,9.33,12.38,0.9,2.3,-1.9,0.2,0.6,1.8,15.5,9.33,1,0,0,0,0,0,0,0,0,1,0,0
2026-01-20 14:00:00,HAN,25.9,0.1,27,13.9,146,1012.0,59,24060.0,8.17,11.25,0.4,1.9,-2.7,0.1,0.5,1.7,15.5,9.33,1,0,0,0,0,0,0,0,0,1,0,0
2026-01-20 15:00:00,HAN,25.6,0.2,48,16.6,151,1011.3,59,23960.0,10.89,12.53,-0.3,1.0,-2.5,0.2,0.5,1.3,16.6,10.89,1,0,0,0,0,0,0,0,0,1,0,0
2026-01-20 16:00:00,HAN,24.4,0.3,75,16.7,147,1011.6,66,24140.0,10.05,13.34,-1.2,-1.1,-1.6,0.3,0.6,1.2,16.7,10.89,1,0,0,0,0,0,0,0,0,1,0,0
2026-01-20 17:00:00,HAN,23.4,0.0,30,17.3,138,1012.1,71,24140.0,8.12,15.27,-1.0,-2.5,0.1,0.0,0.5,1.0,17.3,10.89,0,0,0,0,0,0,0,0,0,0,0,0
2026-01-20 18:00:00,HAN,21.8,0.0,40,15.8,131,1012.7,79,23160.0,5.66,14.75,-1.6,-3.8,1.4,0.0,0.3,0.8,17.3,10.05,0,0,0,0,0,0,0,0,0,0,0,0
2026-01-20 19:00:00,HAN,21.2,0.0,31,16.5,130,1013.1,87,24140.0,5.64,15.5,-0.6,-3.2,1.5,0.0,0.0,0.6,17.3,8.12,0,0,0,0,0,0,0,0,0,0,0,0
2026-01-20 20:00:00,HAN,20.7,0.0,18,15.1,128,1013.9,90,24140.0,4.67,14.36,-0.5,-2.7,1.8,0.0,0.0,0.5,16.5,5.66,0,0,0,0,0,0,0,0,0,0,0,0
2026-01-20 21:00:00,HAN,20.0,0.0,13,12.5,120,1014.4,93,24140.0,2.17,12.31,-0.7,-1.8,1.7,0.0,0.0,0.3,16.5,5.64,0,0,0,0,0,0,0,0,0,0,0,0
2026-01-20 22:00:00,HAN,19.5,0.0,32,9.0,110,1014.9,95,24140.0,0.0,9.0,-0.5,-1.7,1.8,0.0,0.0,0.0,15.1,4.67,0,0,0,0,0,0,0,0,0,0,0,0
2026-01-20 23:00:00,HAN,19.1,0.0,28,8.6,101,1015.2,97,24140.0,1.35,8.49,-0.4,-1.6,1.3,0.0,0.0,0.0,12.5,2.17,0,0,0,0,0,0,0,0,0,0,0,0
2026-01-21 00:00:00,HAN,19.0,0.3,100,9.2,91,1015.4,95,24140.0,3.0,8.7,-0.1,-1.0,1.0,0.3,0.3,0.3,9.2,3.0,1,0,0,0,0,0,0,0,1,1,0,1
2026-01-21 01:00:00,HAN,19.2,0.1,88,10.2,129,1015.1,97,24140.0,3.32,9.64,0.2,-0.3,0.2,0.1,0.4,0.4,10.2,3.32,1,0,0,0,0,0,0,0,1,1,0,1
2026-01-21 02:00:00,HAN,19.2,0.2,100,8.7,104,1014.7,96,24140.0,0.91,8.65,0.0,0.1,-0.5,0.2,0.6,0.6,10.2,3.32,1,0,0,0,0,0,0,0,1,1,0,1
2026-01-21 03:00:00,HAN,19.4,0.4,100,14.1,120,1014.8,96,24140.0,2.45,13.89,0.2,0.4,-0.6,0.4,0.7,1.0,14.1,3.32,1,0,0,0,0,0,0,0,1,1,0,1
2026-01-21 04:00:00,HAN,18.7,1.3,100,13.9,65,1015.1,97,24140.0,9.83,9.83,-0.7,-0.5,0.0,1.3,1.9,2.3,14.1,9.83,1,0,0,0,0,0,0,0,1,1,0,1
2026-01-21 05:00:00,HAN,16.3,2.1,100,17.3,33,1015.6,91,24140.0,16.86,3.89,-2.4,-2.9,0.9,2.1,3.8,4.4,17.3,16.86,1,0,0,0,0,0,0,0,1,1,0,1
2026-01-21 06:00:00,HAN,15.1,1.4,100,18.6,33,1016.8,91,24140.0,18.12,4.18,-1.2,-4.3,2.0,1.4,4.8,5.5,18.6,18.12,1,0,0,0,0,0,0,0,1,1,0,1
2026-01-21 07:00:00,HAN,16.1,0.2,100,19.8,34,1017.1,78,24140.0,19.21,4.79,1.0,-2.6,2.0,0.2,3.7,5.6,19.8,19.21,1,0,0,0,0,0,0,0,1,1,0,1
2026-01-21 08:00:00,HAN,15.9,0.0,100,21.8,36,1018.1,72,24140.0,20.96,6.01,-0.2,-0.4,2.5,0.0,1.6,5.4,21.8,20.96,0,0,0,0,0,0,0,0,0,0,0,0
2026-01-21 09:00:00,HAN,16.0,0.0,100,21.9,38,1019.6,68,24140.0,20.83,6.77,0.1,0.9,2.8,0.0,0.2,5.0,21.9,20.96,0,0,0,0,0,0,0,0,0,0,0,0
2026-01-21 10:00:00,HAN,16.4,0.0,100,22.0,38,1020.1,65,24140.0,20.92,6.8,0.4,0.3,3.0,0.0,0.0,3.7,22.0,20.96,0,0,0,0,0,0,0,0,0,0,0,0
2026-01-21 11:00:00,HAN,16.6,0.0,100,22.3,38,1020.4,62,24140.0,21.21,6.89,0.2,0.7,2.3,0.0,0.0,1.6,22.3,21.21,0,0,0,0,0,0,0,0,0,0,0,0
2026-01-21 12:00:00,HAN,16.9,0.0,100,23.5,42,1019.5,59,24140.0,21.79,8.8,0.3,0.9,-0.1,0.0,0.0,0.2,23.5,21.79,0,0,0,0,0,0,0,0,0,0,0,0
2026-01-21 13:00:00,HAN,15.7,0.0,100,22.9,37,1018.7,62,24140.0,21.9,6.7,-1.2,-0.7,-1.4,0.0,0.0,0.0,23.5,21.9,0,0,0,0,0,0,0,0,0,0,0,0
2026-01-21 14:00:00,HAN,16.1,0.0,100,21.9,39,1018.0,60,24140.0,20.71,7.13,0.4,-0.5,-2.4,0.0,0.0,0.0,23.5,21.9,0,0,0,0,0,0,0,0,0,0,0,0
2026-01-21 15:00:00,HAN,15.9,0.0,100,20.9,39,1017.6,59,24140.0,19.76,6.8,-0.2,-1.0,-1.9,0.0,0.0,0.0,22.9,21.9,0,0,0,0,0,0,0,0,0,0,0,0
2026-01-21 16:00:00,HAN,15.4,0.0,100,19.8,40,1017.9,60,24140.0,18.61,6.77,-0.5,-0.3,-0.8,0.0,0.0,0.0,21.9,20.71,0,0,0,0,0,0,0,0,0,0,0,0
2026-01-21 17:00:00,HAN,14.7,0.0,100,18.0,37,1018.2,61,24140.0,17.21,5.26,-0.7,-1.4,0.2,0.0,0.0,0.0,20.9,19.76,0,0,0,0,0,0,0,0,0,0,0,0
2026-01-21 18:00:00,HAN,13.9,0.0,100,17.6,37,1018.5,64,24140.0,16.83,5.15,-0.8,-2.0,0.9,0.0,0.0,0.0,19.8,18.61,0,0,0,0,0,0,0,0,0,0,0,0
2026-01-21 19:00:00,HAN,13.8,0.0,100,17.7,31,1018.8,69,24140.0,17.37,3.38,-0.1,-1.6,0.9,0.0,0.0,0.0,18.0,17.37,0,0,0,0,0,0,0,0,0,0,0,0
2026-01-21 20:00:00,HAN,13.4,0.0,100,16.1,32,1019.4,69,24140.0,15.75,3.35,-0.4,-1.3,1.2,0.0,0.0,0.0,17.7,17.37,0,0,0,0,0,0,0,0,0,0,0,0
2026-01-21 21:00:00,HAN,13.1,0.0,100,16.0,29,1019.9,69,24140.0,15.8,2.5,-0.3,-0.8,1.4,0.0,0.0,0.0,17.7,17.37,0,0,0,0,0,0,0,0,0,0,0,0
2026-01-21 22:00:00,HAN,12.9,0.0,100,16.2,30,1020.3,69,24140.0,15.95,2.81,-0.2,-0.9,1.5,0.0,0.0,0.0,16.2,15.95,0,0,0,0,0,0,0,0,0,0,0,0
2026-01-21 23:00:00,HAN,12.4,0.0,100,16.9,31,1020.4,72,23920.0,16.59,3.22,-0.5,-1.0,1.0,0.0,0.0,0.0,16.9,16.59,0,0,0,0,0,0,0,0,0,0,0,0
2026-01-22 00:00:00,HAN,11.7,0.2,100,15.8,34,1020.9,78,24140.0,15.33,3.82,-0.7,-1.4,1.0,0.2,0.2,0.2,16.9,16.59,1,0,0,0,0,0,0,0,1,1,0,1
2026-01-22 01:00:00,HAN,11.6,0.2,100,16.2,34,1020.8,83,24140.0,15.72,3.92,-0.1,-1.3,0.5,0.2,0.4,0.4,16.9,16.59,1,0,0,0,0,0,0,0,1,1,0,1
2026-01-22 02:00:00,HAN,11.3,0.1,100,16.9,35,1020.6,83,18980.0,16.32,4.37,-0.3,-1.1,0.2,0.1,0.5,0.5,16.9,16.32,1,0,0,0,0,0,0,0,1,1,0,1
2026-01-22 03:00:00,HAN,10.9,0.1,100,17.5,34,1020.8,84,15720.0,16.98,4.23,-0.4,-0.8,-0.1,0.1,0.4,0.6,17.5,16.98,1,0,0,0,0,0,0,0,1,1,0,1
2026-01-22 04:00:00,HAN,10.2,0.1,100,18.3,33,1021.0,85,24060.0,17.83,4.12,-0.7,-1.4,0.2,0.1,0.3,0.7,18.3,17.83,1,0,0,0,0,0,0,0,1,1,0,1
2026-01-22 05:00:00,HAN,9.8,0.1,100,18.8,32,1021.7,86,15200.0,18.39,3.91,-0.4,-1.5,1.1,0.1,0.3,0.8,18.8,18.39,1,0,0,0,0,0,0,0,1,1,0,1
2026-01-22 06:00:00,HAN,9.2,0.2,100,20.5,32,1022.5,86,19500.0,20.05,4.26,-0.6,-1.7,1.7,0.2,0.4,0.8,20.5,20.05,1,0,0,0,0,0,0,0,1,1,0,1
2026-01-22 07:00:00,HAN,9.1,0.3,100,21.5,28,1023.6,83,24140.0,21.29,2.99,-0.1,-1.1,2.6,0.3,0.6,0.9,21.5,21.29,1,0,0,0,0,0,0,0,1,1,0,1
2026-01-22 08:00:00,HAN,9.1,0.1,100,22.0,29,1024.6,79,21020.0,21.73,3.44,0.0,-0.7,2.9,0.1,0.6,0.9,22.0,21.73,1,0,0,0,0,0,0,0,1,1,0,1
2026-01-22 09:00:00,HAN,9.2,0.3,100,21.2,29,1025.7,81,24000.0,20.94,3.32,0.1,0.0,3.2,0.3,0.7,1.1,22.0,21.73,1,0,0,0,0,0,0,0,1,1,0,1
2026-01-22 10:00:00,HAN,9.5,0.5,100,19.3,28,1026.3,83,24140.0,19.11,2.69,0.3,0.4,2.7,0.5,0.9,1.5,22.0,21.73,1,0,0,0,0,0,0,0,1,1,0,1
2026-01-22 11:00:00,HAN,10.1,0.4,100,18.3,25,1026.0,80,24140.0,18.23,1.59,0.6,1.0,1.4,0.4,1.2,1.8,21.2,20.94,1,0,0,0,0,0,0,0,1,1,0,1
2026-01-22 12:00:00,HAN,10.8,0.2,100,16.3,25,1025.1,72,24140.0,16.24,1.42,0.7,1.6,-0.6,0.2,1.1,1.8,19.3,19.11,1,0,0,0,0,0,0,0,1,1,0,1
2026-01-22 13:00:00,HAN,11.0,0.2,100,15.0,23,1023.8,68,24140.0,14.98,0.79,0.2,1.5,-2.5,0.2,0.8,1.7,18.3,18.23,1,0,0,0,0,0,0,0,1,1,0,1
2026-01-22 14:00:00,HAN,11.8,0.0,100,13.3,32,1022.9,64,24140.0,13.01,2.77,0.8,1.7,-3.1,0.0,0.4,1.6,16.3,16.24,0,0,0,0,0,0,0,0,0,0,0,0
2026-01-22 15:00:00,HAN,12.4,0.0,100,13.9,36,1022.0,61,24140.0,13.36,3.83,0.6,1.6,-3.1,0.0,0.2,1.3,15.0,14.98,0,0,0,0,0,0,0,0,0,0,0,0
2026-01-22 16:00:00,HAN,12.6,0.0,100,13.1,37,1021.8,60,24140.0,12.53,3.83,0.2,1.6,-2.0,0.0,0.0,0.8,13.9,13.36,0,0,0,0,0,0,0,0,0,0,0,0
2026-01-22 17:00:00,HAN,12.6,0.0,100,12.4,36,1022.0,60,24140.0,11.92,3.42,0.0,0.8,-0.9,0.0,0.0,0.4,13.9,13.36,0,0,0,0,0,0,0,0,0,0,0,0
2026-01-22 18:00:00,HAN,12.5,0.0,100,10.6,35,1022.4,60,24140.0,10.24,2.74,-0.1,0.1,0.4,0.0,0.0,0.2,13.1,12.53,0,0,0,0,0,0,0,0,0,0,0,0
2026-01-22 19:00:00,HAN,11.8,0.0,100,11.9,41,1023.0,66,24140.0,11.11,4.26,-0.7,-0.8,1.2,0.0,0.0,0.0,12.4,11.92,0,0,0,0,0,0,0,0,0,0,0,0
2026-01-22 20:00:00,HAN,11.6,0.0,100,12.5,47,1023.7,66,24140.0,11.14,5.67,-0.2,-1.0,1.7,0.0,0.0,0.0,12.5,11.14,0,0,0,0,0,0,0,0,0,0,0,0
2026-01-22 21:00:00,HAN,11.3,0.0,100,11.7,41,1023.9,65,24140.0,10.92,4.19,-0.3,-1.2,1.5,0.0,0.0,0.0,12.5,11.14,0,0,0,0,0,0,0,0,0,0,0,0
2026-01-22 22:00:00,HAN,11.1,0.0,100,11.7,36,1024.3,65,24140.0,11.25,3.22,-0.2,-0.7,1.3,0.0,0.0,0.0,12.5,11.25,0,0,0,0,0,0,0,0,0,0,0,0
2026-01-22 23:00:00,HAN,10.8,0.0,100,11.9,29,1024.1,66,24140.0,11.75,1.86,-0.3,-0.8,0.4,0.0,0.0,0.0,11.9,11.75,0,0,0,0,0,0,0,0,0,0,0,0
2026-01-23 00:00:00,HAN,10.6,0.0,100,12.4,30,1024.0,66,24140.0,12.21,2.15,-0.2,-0.7,0.1,0.0,0.0,0.0,12.4,12.21,0,0,0,0,0,0,0,0,0,0,0,0
2026-01-23 01:00:00,HAN,10.1,0.0,100,12.5,27,1024.2,71,24140.0,12.41,1.52,-0.5,-1.0,-0.1,0.0,0.0,0.0,12.5,12.41,0,0,0,0,0,0,0,0,0,0,0,0
2026-01-23 02:00:00,HAN,10.1,0.0,100,12.4,28,1023.7,69,24140.0,12.28,1.73,0.0,-0.7,-0.4,0.0,0.0,0.0,12.5,12.41,0,0,0,0,0,0,0,0,0,0,0,0
2026-01-23 03:00:00,HAN,10.1,0.0,100,12.1,21,1023.5,68,24140.0,12.1,0.21,0.0,-0.5,-0.5,0.0,0.0,0.0,12.5,12.41,0,0,0,0,0,0,0,0,0,0,0,0
2026-01-23 04:00:00,HAN,10.1,0.0,100,13.0,18,1023.3,67,24140.0,12.99,-0.45,0.0,0.0,-0.9,0.0,0.0,0.0,13.0,12.99,0,0,0,0,0,0,0,0,0,0,0,0
2026-01-23 05:00:00,HAN,9.9,0.0,100,12.3,23,1023.3,68,24140.0,12.28,0.64,-0.2,-0.2,-0.4,0.0,0.0,0.0,13.0,12.99,0,0,0,0,0,0,0,0,0,0,0,0
2026-01-23 06:00:00,HAN,9.9,0.0,100,11.1,23,1023.8,69,24140.0,11.08,0.58,0.0,-0.2,0.3,0.0,0.0,0.0,13.0,12.99,0,0,0,0,0,0,0,0,0,0,0,0
2026-01-23 07:00:00,HAN,9.9,0.0,100,9.8,24,1024.5,70,24140.0,9.78,0.68,0.0,-0.2,1.2,0.0,0.0,0.0,12.3,12.28,0,0,0,0,0,0,0,0,0,0,0,0
2026-01-23 08:00:00,HAN,10.4,0.0,100,9.4,26,1025.0,69,24140.0,9.35,0.98,0.5,0.5,1.7,0.0,0.0,0.0,11.1,11.08,0,0,0,0,0,0,0,0,0,0,0,0
2026-01-23 09:00:00,HAN,11.1,0.0,100,9.5,27,1025.5,66,24140.0,9.43,1.16,0.7,1.2,1.7,0.0,0.0,0.0,9.8,9.78,0,0,0,0,0,0,0,0,0,0,0,0
2026-01-23 10:00:00,HAN,11.9,0.0,100,8.7,32,1025.8,64,24140.0,8.51,1.81,0.8,2.0,1.3,0.0,0.0,0.0,9.5,9.43,0,0,0,0,0,0,0,0,0,0,0,0
2026-01-23 11:00:00,HAN,12.7,0.0,100,7.2,39,1025.0,62,24140.0,6.81,2.34,0.8,2.3,0.0,0.0,0.0,0.0,9.5,9.43,0,0,0,0,0,0,0,0,0,0,0,0
2026-01-23 12:00:00,HAN,13.8,0.0,100,6.7,34,1023.8,60,24140.0,6.5,1.62,1.1,2.7,-1.7,0.0,0.0,0.0,8.7,8.51,0,0,0,0,0,0,0,0,0,0,0,0
2026-01-23 13:00:00,HAN,13.7,0.0,100,7.5,42,1023.0,62,24140.0,6.95,2.81,-0.1,1.8,-2.8,0.0,0.0,0.0,7.5,6.95,0,0,0,0,0,0,0,0,0,0,0,0
2026-01-23 14:00:00,HAN,15.4,0.0,27,6.6,68,1021.7,59,24140.0,4.42,4.9,1.7,2.7,-3.3,0.0,0.0,0.0,7.5,6.95,0,0,0,0,0,0,0,0,0,0,0,0
2026-01-23 15:00:00,HAN,16.0,0.0,100,2.8,135,1020.9,59,24140.0,1.18,2.54,0.6,2.2,-2.9,0.0,0.0,0.0,7.5,6.95,0,0,0,0,0,0,0,0,0,0,0,0
2026-01-23 16:00:00,HAN,16.1,0.0,100,5.1,170,1020.7,60,24140.0,4.42,2.55,0.1,2.4,-2.3,0.0,0.0,0.0,6.6,4.42,0,0,0,0,0,0,0,0,0,0,0,0
2026-01-23 17:00:00,HAN,15.8,0.0,100,6.5,152,1020.3,61,24140.0,4.35,4.83,-0.3,0.4,-1.4,0.0,0.0,0.0,6.5,4.42,0,0,0,0,0,0,0,0,0,0,0,0
2026-01-23 18:00:00,HAN,14.9,0.0,100,5.4,127,1020.2,66,24140.0,1.58,5.16,-0.9,-1.1,-0.7,0.0,0.0,0.0,6.5,4.42,0,0,0,0,0,0,0,0,0,0,0,0
2026-01-23 19:00:00,HAN,13.4,0.0,34,10.2,36,1021.2,72,24140.0,9.8,2.81,-1.5,-2.7,0.5,0.0,0.0,0.0,10.2,9.8,0,0,0,0,0,0,0,0,0,0,0,0
2026-01-23 20:00:00,HAN,12.2,0.0,50,10.1,35,1021.6,77,24140.0,9.76,2.61,-1.2,-3.6,1.3,0.0,0.0,0.0,10.2,9.8,0,0,0,0,0,0,0,0,0,0,0,0
2026-01-23 21:00:00,HAN,12.5,0.0,100,11.2,35,1021.9,76,24140.0,10.82,2.9,0.3,-2.4,1.7,0.0,0.0,0.0,11.2,10.82,0,0,0,0,0,0,0,0,0,0,0,0
2026-01-23 22:00:00,HAN,13.1,0.0,100,11.3,33,1022.3,74,24140.0,11.01,2.54,0.6,-0.3,1.1,0.0,0.0,0.0,11.3,11.01,0,0,0,0,0,0,0,0,0,0,0,0
2026-01-23 23:00:00,HAN,13.3,0.0,100,9.5,32,1022.3,73,24140.0,9.29,1.98,0.2,1.1,0.7,0.0,0.0,0.0,11.3,11.01,0,0,0,0,0,0,0,0,0,0,0,0
2026-01-24 00:00:00,HAN,13.4,0.0,100,8.9,28,1022.2,73,24140.0,8.81,1.24,0.1,0.9,0.3,0.0,0.0,0.0,11.3,11.01,0,0,0,0,0,0,0,0,0,0,0,0
2026-01-24 01:00:00,HAN,12.1,0.0,100,11.2,4,1022.5,79,24140.0,10.77,-3.09,-1.3,-1.0,0.2,0.0,0.0,0.0,11.2,10.77,0,0,0,0,0,0,0,0,0,0,0,0
2026-01-24 02:00:00,HAN,11.9,0.0,100,9.2,354,1021.7,79,24140.0,8.27,-4.03,-0.2,-1.4,-0.6,0.0,0.0,0.0,11.2,10.77,0,0,0,0,0,0,0,0,0,0,0,0
2026-01-24 03:00:00,HAN,12.1,0.0,100,8.0,346,1021.5,78,24140.0,6.63,-4.47,0.2,-1.3,-0.7,0.0,0.0,0.0,11.2,10.77,0,0,0,0,0,0,0,0,0,0,0,0
2026-01-24 04:00:00,HAN,12.1,0.0,100,7.9,344,1021.3,77,24140.0,6.39,-4.64,0.0,0.0,-1.2,0.0,0.0,0.0,9.2,8.27,0,0,0,0,0,0,0,0,0,0,0,0
2026-01-24 05:00:00,HAN,12.1,0.0,100,6.6,351,1021.5,79,24140.0,5.77,-3.2,0.0,0.2,-0.2,0.0,0.0,0.0,8.0,6.63,0,0,0,0,0,0,0,0,0,0,0,0
2026-01-24 06:00:00,HAN,12.1,0.0,100,6.5,3,1022.0,78,24140.0,6.22,-1.9,0.0,0.0,0.5,0.0,0.0,0.0,7.9,6.39,0,0,0,0,0,0,0,0,0,0,0,0
2026-01-24 07:00:00,HAN,11.4,0.0,100,7.6,8,1022.6,81,24140.0,7.43,-1.58,-0.7,-0.7,1.3,0.0,0.0,0.0,7.6,7.43,0,0,0,0,0,0,0,0,0,0,0,0
2026-01-24 08:00:00,HAN,11.9,0.0,100,6.8,12,1022.9,78,24140.0,6.73,-0.95,0.5,-0.2,1.4,0.0,0.0,0.0,7.6,7.43,0,0,0,0,0,0,0,0,0,0,0,0
2026-01-24 09:00:00,HAN,12.6,0.0,100,6.6,17,1023.5,74,24140.0,6.59,-0.35,0.7,0.5,1.5,0.0,0.0,0.0,7.6,7.43,0,0,0,0,0,0,0,0,0,0,0,0
2026-01-24 10:00:00,HAN,13.4,0.0,100,6.5,6,1023.9,71,24140.0,6.31,-1.57,0.8,2.0,1.3,0.0,0.0,0.0,6.8,6.73,0,0,0,0,0,0,0,0,0,0,0,0
2026-01-24 11:00:00,HAN,14.4,0.0,100,6.3,13,1023.1,67,24140.0,6.25,-0.77,1.0,2.5,0.2,0.0,0.0,0.0,6.6,6.59,0,0,0,0,0,0,0,0,0,0,0,0
2026-01-24 12:00:00,HAN,14.7,0.0,100,5.4,20,1021.9,67,24140.0,5.4,0.0,0.3,2.1,-1.6,0.0,0.0,0.0,6.5,6.31,0,0,0,0,0,0,0,0,0,0,0,0
2026-01-24 13:00:00,HAN,14.1,0.0,100,4.6,21,1021.0,72,24140.0,4.6,0.08,-0.6,0.7,-2.9,0.0,0.0,0.0,6.3,6.25,0,0,0,0,0,0,0,0,0,0,0,0
2026-01-24 14:00:00,HAN,14.9,0.0,100,4.9,51,1019.5,70,24140.0,4.2,2.52,0.8,0.5,-3.6,0.0,0.0,0.0,5.4,5.4,0,0,0,0,0,0,0,0,0,0,0,0
2026-01-24 15:00:00,HAN,15.3,0.0,100,4.7,50,1018.7,69,24140.0,4.07,2.35,0.4,0.6,-3.2,0.0,0.0,0.0,4.9,4.6,0,0,0,0,0,0,0,0,0,0,0,0
2026-01-24 16:00:00,HAN,15.6,0.0,100,4.7,108,1018.3,69,24140.0,0.16,4.7,0.3,1.5,-2.7,0.0,0.0,0.0,4.9,4.2,0,0,0,0,0,0,0,0,0,0,0,0
2026-01-24 17:00:00,HAN,15.9,0.0,100,5.4,130,1018.2,70,24140.0,1.85,5.07,0.3,1.0,-1.3,0.0,0.0,0.0,5.4,4.07,0,0,0,0,0,0,0,0,0,0,0,0
2026-01-24 18:00:00,HAN,15.5,0.0,55,3.9,106,1017.8,74,24140.0,0.27,3.89,-0.4,0.2,-0.9,0.0,0.0,0.0,5.4,1.85,0,0,0,0,0,0,0,0,0,0,0,0
2026-01-24 19:00:00,HAN,14.4,0.0,96,8.3,42,1018.0,79,24140.0,7.7,3.11,-1.1,-1.2,-0.3,0.0,0.0,0.0,8.3,7.7,0,0,0,0,0,0,0,0,0,0,0,0
2026-01-24 20:00:00,HAN,13.6,0.0,100,5.7,24,1018.4,84,24140.0,5.69,0.4,-0.8,-2.3,0.2,0.0,0.0,0.0,8.3,7.7,0,0,0,0,0,0,0,0,0,0,0,0
2026-01-24 21:00:00,HAN,14.0,0.0,100,6.9,30,1018.3,82,24140.0,6.8,1.2,0.4,-1.5,0.5,0.0,0.0,0.0,8.3,7.7,0,0,0,0,0,0,0,0,0,0,0,0
2026-01-24 22:00:00,HAN,14.1,0.0,100,6.2,38,1018.0,81,24140.0,5.9,1.92,0.1,-0.3,0.0,0.0,0.0,0.0,6.9,6.8,0,0,0,0,0,0,0,0,0,0,0,0
2026-01-24 23:00:00,HAN,14.2,0.0,100,5.1,45,1017.8,81,24140.0,4.62,2.16,0.1,0.6,-0.6,0.0,0.0,0.0,6.9,6.8,0,0,0,0,0,0,0,0,0,0,0,0
2026-01-25 00:00:00,HAN,14.2,0.0,100,5.4,53,1017.3,82,24140.0,4.53,2.94,0.0,0.2,-1.0,0.0,0.0,0.0,6.2,5.9,0,0,0,0,0,0,0,0,0,0,0,0
2026-01-25 01:00:00,HAN,13.6,0.0,100,4.8,56,1017.0,85,24140.0,3.88,2.82,-0.6,-0.5,-1.0,0.0,0.0,0.0,5.4,4.62,0,0,0,0,0,0,0,0,0,0,0,0
2026-01-25 02:00:00,HAN,13.6,0.0,100,5.6,61,1016.1,87,24140.0,4.23,3.67,0.0,-0.6,-1.7,0.0,0.0,0.0,5.6,4.53,0,0,0,0,0,0,0,0,0,0,0,0
2026-01-25 03:00:00,HAN,13.7,0.0,100,5.7,55,1015.3,87,24140.0,4.67,3.27,0.1,-0.5,-2.0,0.0,0.0,0.0,5.7,4.67,0,0,0,0,0,0,0,0,0,0,0,0
2026-01-25 04:00:00,HAN,13.8,0.0,100,6.1,50,1015.0,88,24140.0,5.28,3.05,0.1,0.2,-2.0,0.0,0.0,0.0,6.1,5.28,0,0,0,0,0,0,0,0,0,0,0,0
2026-01-25 05:00:00,HAN,13.9,0.0,100,5.5,49,1015.0,89,24140.0,4.81,2.67,0.1,0.3,-1.1,0.0,0.0,0.0,6.1,5.28,0,0,0,0,0,0,0,0,0,0,0,0
2026-01-25 06:00:00,HAN,14.0,0.0,100,5.0,49,1015.6,89,24140.0,4.37,2.42,0.1,0.3,0.3,0.0,0.0,0.0,6.1,5.28,0,0,0,0,0,0,0,0,0,0,0,0
2026-01-25 07:00:00,HAN,14.1,0.0,100,5.0,38,1016.6,90,24140.0,4.76,1.55,0.1,0.3,1.6,0.0,0.0,0.0,5.5,4.81,0,0,0,0,0,0,0,0,0,0,0,0
2026-01-25 08:00:00,HAN,14.6,0.0,100,2.4,42,1017.3,89,24140.0,2.23,0.9,0.5,0.7,2.3,0.0,0.0,0.0,5.0,4.76,0,0,0,0,0,0,0,0,0,0,0,0
2026-01-25 09:00:00,HAN,15.8,0.0,100,1.9,107,1017.9,86,24140.0,0.1,1.9,1.2,1.8,2.3,0.0,0.0,0.0,5.0,4.76,0,0,0,0,0,0,0,0,0,0,0,0
2026-01-25 10:00:00,HAN,16.8,0.0,100,1.0,112,1018.0,84,24140.0,0.03,1.0,1.0,2.7,1.4,0.0,0.0,0.0,2.4,2.23,0,0,0,0,0,0,0,0,0,0,0,0
2026-01-25 11:00:00,HAN,18.4,0.0,100,2.0,170,1017.4,79,24140.0,1.73,1.0,1.6,3.8,0.1,0.0,0.0,0.0,2.0,1.73,0,0,0,0,0,0,0,0,0,0,0,0
2026-01-25 12:00:00,HAN,19.7,0.0,100,10.3,180,1016.5,74,24140.0,9.68,3.52,1.3,3.9,-1.4,0.0,0.0,0.0,10.3,9.68,0,0,0,0,0,0,0,0,0,0,0,0
2026-01-25 13:00:00,HAN,19.5,0.0,100,7.9,179,1015.9,75,24140.0,7.38,2.83,-0.2,2.7,-2.1,0.0,0.0,0.0,10.3,9.68,0,0,0,0,0,0,0,0,0,0,0,0
2026-01-25 14:00:00,HAN,19.8,0.0,100,0.4,360,1015.0,75,24140.0,0.38,-0.14,0.3,1.4,-2.4,0.0,0.0,0.0,10.3,9.68,0,0,0,0,0,0,0,0,0,0,0,0
2026-01-25 15:00:00,HAN,20.7,0.0,100,4.4,12,1014.3,72,24140.0,4.36,-0.61,0.9,1.0,-2.2,0.0,0.0,0.0,7.9,7.38,0,0,0,0,0,0,0,0,0,0,0,0
2026-01-25 16:00:00,HAN,22.0,0.0,13,6.0,136,1014.1,68,24140.0,2.63,5.39,1.3,2.5,-1.8,0.0,0.0,0.0,6.0,4.36,0,0,0,0,0,0,0,0,0,0,0,0
2026-01-25 17:00:00,HAN,22.0,0.0,27,4.5,119,1014.1,70,24140.0,0.7,4.44,0.0,2.2,-0.9,0.0,0.0,0.0,6.0,4.36,0,0,0,0,0,0,0,0,0,0,0,0
2026-01-25 18:00:00,HAN,19.2,0.0,42,6.2,68,1014.7,83,24140.0,4.15,4.61,-2.8,-1.5,0.4,0.0,0.0,0.0,6.2,4.15,0,0,0,0,0,0,0,0,0,0,0,0
2026-01-25 19:00:00,HAN,17.8,0.1,59,5.3,78,1015.2,87,24140.0,2.81,4.49,-1.4,-4.2,1.1,0.1,0.1,0.1,6.2,4.15,1,0,0,0,0,0,0,0,0,1,0,0
2026-01-25 20:00:00,HAN,17.5,0.0,29,6.1,92,1016.2,88,24140.0,1.89,5.8,-0.3,-4.5,2.1,0.0,0.1,0.1,6.2,4.15,0,0,0,0,0,0,0,0,0,0,0,0
2026-01-25 21:00:00,HAN,16.5,0.0,19,4.6,77,1016.8,93,24140.0,2.51,3.86,-1.0,-2.7,2.1,0.0,0.1,0.1,6.1,2.81,0,0,0,0,0,0,0,0,0,0,0,0
2026-01-25 22:00:00,HAN,16.0,0.0,30,2.6,74,1016.9,95,24140.0,1.53,2.1,-0.5,-1.8,1.7,0.0,0.0,0.1,6.1,2.51,0,0,0,0,0,0,0,0,0,0,0,0
2026-01-25 23:00:00,HAN,15.8,0.0,100,2.9,86,1017.0,97,24140.0,1.18,2.65,-0.2,-1.7,0.8,0.0,0.0,0.1,4.6,2.51,0,0,0,0,0,0,0,0,0,0,0,0
2026-01-26 00:00:00,HAN,16.2,0.0,100,2.4,77,1016.9,98,24140.0,1.31,2.01,0.4,-0.3,0.1,0.0,0.0,0.1,2.9,1.53,0,0,0,0,0,0,0,0,0,0,0,0
2026-01-26 01:00:00,HAN,16.1,0.0,100,2.8,75,1016.9,99,24140.0,1.61,2.29,-0.1,0.1,0.0,0.0,0.0,0.0,2.9,1.61,0,0,0,0,0,0,0,0,0,0,0,0
2026-01-26 02:00:00,HAN,16.0,0.0,100,2.4,48,1016.6,99,24140.0,2.12,1.13,-0.1,0.2,-0.4,0.0,0.0,0.0,2.8,2.12,0,0,0,0,0,0,0,0,0,0,0,0
2026-01-26 03:00:00,HAN,16.5,0.0,100,4.4,30,1016.5,98,24140.0,4.33,0.76,0.5,0.3,-0.4,0.0,0.0,0.0,4.4,4.33,0,0,0,0,0,0,0,0,0,0,0,0
2026-01-26 04:00:00,HAN,16.6,0.0,100,4.4,38,1016.5,97,24140.0,4.18,1.36,0.1,0.5,-0.4,0.0,0.0,0.0,4.4,4.33,0,0,0,0,0,0,0,0,0,0,0,0
2026-01-26 05:00:00,HAN,16.7,0.2,100,3.9,37,1016.8,98,24140.0,3.73,1.14,0.1,0.7,0.2,0.2,0.2,0.2,4.4,4.33,1,0,0,0,0,0,0,0,1,1,0,1
2026-01-26 06:00:00,HAN,16.6,0.3,100,4.2,18,1017.4,99,24140.0,4.2,-0.15,-0.1,0.1,0.9,0.3,0.5,0.5,4.4,4.2,1,0,0,0,0,0,0,0,1,1,0,1
2026-01-26 07:00:00,HAN,16.8,0.3,100,4.5,53,1018.3,99,24140.0,3.77,2.45,0.2,0.2,1.8,0.3,0.8,0.8,4.5,4.2,1,0,0,0,0,0,0,0,1,1,0,1
2026-01-26 08:00:00,HAN,17.2,0.2,100,2.9,79,1019.4,98,24140.0,1.49,2.49,0.4,0.5,2.6,0.2,0.8,1.0,4.5,4.2,1,0,0,0,0,0,0,0,1,1,0,1
2026-01-26 09:00:00,HAN,17.9,0.3,100,1.7,18,1020.3,96,24140.0,1.7,-0.06,0.7,1.3,2.9,0.3,0.8,1.3,4.5,3.77,1,0,0,0,0,0,0,0,1,1,0,1
2026-01-26 10:00:00,HAN,18.0,1.0,100,2.0,360,1020.6,96,24140.0,1.88,-0.68,0.1,1.2,2.3,1.0,1.5,2.3,2.9,1.88,1,0,0,0,0,0,0,0,1,1,0,1
2026-01-26 11:00:00,HAN,18.4,1.0,100,2.9,330,1020.2,94,24140.0,1.86,-2.22,0.4,1.2,0.8,1.0,2.3,3.1,2.9,1.88,1,0,0,0,0,0,0,0,1,1,0,1
2026-01-26 12:00:00,HAN,18.8,0.7,100,5.6,329,1018.9,93,24140.0,3.52,-4.35,0.4,0.9,-1.4,0.7,2.7,3.5,5.6,3.52,1,0,0,0,0,0,0,0,1,1,0,1
2026-01-26 13:00:00,HAN,19.2,0.1,95,4.8,338,1018.2,87,24140.0,3.57,-3.21,0.4,1.2,-2.4,0.1,1.8,3.3,5.6,3.57,1,0,0,0,0,0,0,0,1,1,0,1
2026-01-26 14:00:00,HAN,21.0,0.0,60,2.5,330,1016.9,78,24140.0,1.61,-1.92,1.8,2.6,-3.3,0.0,0.8,3.1,5.6,3.57,0,0,0,0,0,0,0,0,0,0,0,0
2026-01-26 15:00:00,HAN,22.1,0.0,99,2.2,185,1016.1,73,24140.0,2.13,0.57,1.1,3.3,-2.8,0.0,0.1,2.8,4.8,3.57,0,0,0,0,0,0,0,0,0,0,0,0
2026-01-26 16:00:00,HAN,22.2,0.1,54,2.8,198,1016.0,72,24140.0,2.8,0.1,0.1,3.0,-2.2,0.1,0.1,1.9,2.8,2.8,1,0,0,0,0,0,0,0,0,1,0,0
2026-01-26 17:00:00,HAN,21.6,0.1,94,5.5,171,1016.3,75,24140.0,4.81,2.67,-0.6,0.6,-0.6,0.1,0.2,1.0,5.5,4.81,1,0,0,0,0,0,0,0,1,1,0,1
2026-01-26 18:00:00,HAN,19.8,0.0,61,5.2,151,1016.8,86,24140.0,3.41,3.92,-1.8,-2.3,0.7,0.0,0.2,0.3,5.5,4.81,0,0,0,0,0,0,0,0,0,0,0,0
2026-01-26 19:00:00,HAN,19.2,0.0,38,6.2,128,1017.3,92,24140.0,1.92,5.9,-0.6,-3.0,1.3,0.0,0.1,0.2,6.2,4.81,0,0,0,0,0,0,0,0,0,0,0,0
2026-01-26 20:00:00,HAN,19.0,0.0,32,8.4,127,1017.7,92,24140.0,2.46,8.03,-0.2,-2.6,1.4,0.0,0.0,0.2,8.4,3.41,0,0,0,0,0,0,0,0,0,0,0,0
2026-01-26 21:00:00,HAN,18.4,0.0,25,6.2,131,1018.0,95,24140.0,2.22,5.79,-0.6,-1.4,1.2,0.0,0.0,0.2,8.4,2.46,0,0,0,0,0,0,0,0,0,0,0,0
2026-01-26 22:00:00,HAN,17.7,0.0,26,5.4,127,1018.1,96,24140.0,1.58,5.16,-0.7,-1.5,0.8,0.0,0.0,0.1,8.4,2.46,0,0,0,0,0,0,0,0,0,0,0,0
2026-01-26 23:00:00,HAN,17.5,0.0,36,4.0,129,1018.0,97,24140.0,1.3,3.78,-0.2,-1.5,0.3,0.0,0.0,0.0,6.2,2.22,0,0,0,0,0,0,0,0,0,0,0,0
2026-01-27 00:00:00,HAN,17.1,0.0,54,3.4,122,1017.8,99,24140.0,0.71,3.33,-0.4,-1.3,-0.2,0.0,0.0,0.0,5.4,1.58,0,0,0,0,0,0,0,0,0,0,0,0
2026-01-27 01:00:00,HAN,17.5,0.0,29,4.0,144,1017.3,98,24140.0,2.24,3.32,0.4,-0.2,-0.8,0.0,0.0,0.0,4.0,2.24,0,0,0,0,0,0,0,0,0,0,0,0
2026-01-27 02:00:00,HAN,17.1,0.0,100,2.4,107,1017.2,100,24140.0,0.13,2.4,-0.4,-0.4,-0.8,0.0,0.0,0.0,4.0,2.24,0,0,0,0,0,0,0,0,0,0,0,0
2026-01-27 03:00:00,HAN,17.2,0.0,100,4.8,68,1017.2,100,24140.0,3.21,3.57,0.1,0.1,-0.6,0.0,0.0,0.0,4.8,3.21,0,0,0,0,0,0,0,0,0,0,0,0
2026-01-27 04:00:00,HAN,17.5,0.0,100,7.8,67,1017.4,100,24140.0,5.32,5.7,0.3,0.0,0.1,0.0,0.0,0.0,7.8,5.32,0,0,0,0,0,0,0,0,0,0,0,0
2026-01-27 05:00:00,HAN,17.3,0.1,100,7.4,77,1017.6,100,24140.0,4.03,6.21,-0.2,0.2,0.4,0.1,0.1,0.1,7.8,5.32,1,0,0,0,0,0,0,0,1,1,0,1
2026-01-27 06:00:00,HAN,17.2,0.1,100,7.6,85,1018.3,100,24140.0,3.21,6.89,-0.1,0.0,1.1,0.1,0.2,0.2,7.8,5.32,1,0,0,0,0,0,0,0,1,1,0,1
2026-01-27 07:00:00,HAN,16.2,0.0,98,9.6,74,1019.0,98,24140.0,5.64,7.77,-1.0,-1.3,1.6,0.0,0.2,0.2,9.6,5.64,0,0,0,0,0,0,0,0,0,0,0,0
2026-01-27 08:00:00,HAN,17.1,0.0,100,8.3,89,1019.6,93,24140.0,2.97,7.75,0.9,-0.2,2.0,0.0,0.1,0.2,9.6,5.64,0,0,0,0,0,0,0,0,0,0,0,0
2026-01-27 09:00:00,HAN,18.8,0.0,100,6.9,96,1020.5,89,24140.0,1.67,6.7,1.7,1.6,2.2,0.0,0.0,0.2,9.6,5.64,0,0,0,0,0,0,0,0,0,0,0,0
2026-01-27 10:00:00,HAN,20.1,0.2,100,7.6,115,1020.8,81,24140.0,0.66,7.57,1.3,3.9,1.8,0.2,0.2,0.4,8.3,2.97,1,0,0,0,0,0,0,0,1,1,0,1
2026-01-27 11:00:00,HAN,21.8,0.1,99,8.0,132,1020.1,71,24140.0,3.0,7.42,1.7,4.7,0.5,0.1,0.3,0.4,8.0,3.0,1,0,0,0,0,0,0,0,1,1,0,1
2026-01-27 12:00:00,HAN,23.0,0.1,100,7.9,153,1018.7,63,24140.0,5.39,5.78,1.2,4.2,-1.8,0.1,0.4,0.4,8.0,5.39,1,0,0,0,0,0,0,0,1,1,0,1
2026-01-27 13:00:00,HAN,23.6,0.1,100,7.7,155,1017.6,60,24140.0,5.44,5.44,0.6,3.5,-3.2,0.1,0.3,0.5,8.0,5.44,1,0,0,0,0,0,0,0,1,1,0,1
2026-01-27 14:00:00,HAN,23.9,0.0,100,7.1,150,1016.9,59,24140.0,4.56,5.44,0.3,2.1,-3.2,0.0,0.2,0.5,7.9,5.44,0,0,0,0,0,0,0,0,0,0,0,0
2026-01-27 15:00:00,HAN,24.0,0.0,95,7.1,133,1016.6,57,24140.0,2.77,6.54,0.1,1.0,-2.1,0.0,0.1,0.5,7.7,5.44,0,0,0,0,0,0,0,0,0,0,0,0
2026-01-27 16:00:00,HAN,24.0,0.0,93,8.3,114,1016.6,57,24140.0,0.58,8.28,0.0,0.4,-1.0,0.0,0.0,0.3,8.3,4.56,0,0,0,0,0,0,0,0,0,0,0,0
2026-01-27 17:00:00,HAN,23.3,0.0,5,8.4,97,1016.9,60,24140.0,1.89,8.18,-0.7,-0.6,0.0,0.0,0.0,0.2,8.4,2.77,0,0,0,0,0,0,0,0,0,0,0,0
2026-01-27 18:00:00,HAN,20.8,0.0,8,6.9,73,1017.3,71,24140.0,4.15,5.51,-2.5,-3.2,0.7,0.0,0.0,0.1,8.4,4.15,0,0,0,0,0,0,0,0,0,0,0,0
2026-01-27 19:00:00,HAN,20.4,0.0,21,7.2,62,1018.0,75,24140.0,5.35,4.82,-0.4,-3.6,1.4,0.0,0.0,0.0,8.4,5.35,0,0,0,0,0,0,0,0,0,0,0,0
2026-01-27 20:00:00,HAN,20.2,0.0,78,6.9,76,1018.5,75,24140.0,3.86,5.72,-0.2,-3.1,1.6,0.0,0.0,0.0,7.2,5.35,0,0,0,0,0,0,0,0,0,0,0,0
2026-01-27 21:00:00,HAN,19.7,0.0,33,8.6,102,1019.4,78,24140.0,1.2,8.52,-0.5,-1.1,2.1,0.0,0.0,0.0,8.6,5.35,0,0,0,0,0,0,0,0,0,0,0,0
2026-01-27 22:00:00,HAN,17.7,0.0,7,5.9,92,1019.5,88,24140.0,1.82,5.61,-2.0,-2.7,1.5,0.0,0.0,0.0,8.6,3.86,0,0,0,0,0,0,0,0,0,0,0,0
2026-01-27 23:00:00,HAN,16.7,0.0,29,5.2,56,1019.5,92,24140.0,4.21,3.06,-1.0,-3.5,1.0,0.0,0.0,0.0,8.6,4.21,0,0,0,0,0,0,0,0,0,0,0,0
2026-01-28 00:00:00,HAN,16.3,0.0,30,2.6,51,1019.5,94,24140.0,2.23,1.34,-0.4,-3.4,0.1,0.0,0.0,0.0,5.9,4.21,0,0,0,0,0,0,0,0,0,0,0,0
2026-01-28 01:00:00,HAN,16.8,0.0,45,0.4,27,1019.0,94,24140.0,0.4,0.05,0.5,-0.9,-0.5,0.0,0.0,0.0,5.2,4.21,0,0,0,0,0,0,0,0,0,0,0,0
2026-01-28 02:00:00,HAN,16.5,0.0,28,6.5,24,1018.5,97,24140.0,6.48,0.45,-0.3,-0.2,-1.0,0.0,0.0,0.0,6.5,6.48,0,0,0,0,0,0,0,0,0,0,0,0
2026-01-28 03:00:00,HAN,16.5,0.0,100,10.1,33,1018.5,92,24140.0,9.84,2.27,0.0,0.2,-1.0,0.0,0.0,0.0,10.1,9.84,0,0,0,0,0,0,0,0,0,0,0,0
2026-01-28 04:00:00,HAN,16.0,0.0,95,9.1,34,1018.6,89,24140.0,8.83,2.2,-0.5,-0.8,-0.4,0.0,0.0,0.0,10.1,9.84,0,0,0,0,0,0,0,0,0,0,0,0
2026-01-28 05:00:00,HAN,15.5,0.0,89,8.4,45,1018.9,90,24140.0,7.61,3.55,-0.5,-1.0,0.4,0.0,0.0,0.0,10.1,9.84,0,0,0,0,0,0,0,0,0,0,0,0
2026-01-28 06:00:00,HAN,15.5,0.0,66,9.4,50,1019.5,88,24140.0,8.14,4.7,0.0,-1.0,1.0,0.0,0.0,0.0,9.4,8.83,0,0,0,0,0,0,0,0,0,0,0,0
2026-01-28 07:00:00,HAN,15.3,0.0,24,11.3,51,1020.1,85,24140.0,9.69,5.82,-0.2,-0.7,1.5,0.0,0.0,0.0,11.3,9.69,0,0,0,0,0,0,0,0,0,0,0,0
2026-01-28 08:00:00,HAN,16.9,0.0,20,12.6,52,1020.8,75,24140.0,10.69,6.68,1.6,1.4,1.9,0.0,0.0,0.0,12.6,10.69,0,0,0,0,0,0,0,0,0,0,0,0
2026-01-28 09:00:00,HAN,18.5,0.0,19,12.1,57,1021.3,69,24140.0,9.66,7.28,1.6,3.0,1.8,0.0,0.0,0.0,12.6,10.69,0,0,0,0,0,0,0,0,0,0,0,0
2026-01-28 10:00:00,HAN,20.4,0.0,13,9.3,68,1021.0,64,24140.0,6.22,6.91,1.9,5.1,0.9,0.0,0.0,0.0,12.6,10.69,0,0,0,0,0,0,0,0,0,0,0,0
2026-01-28 11:00:00,HAN,22.1,0.0,62,6.7,109,1020.0,62,24140.0,0.12,6.7,1.7,5.2,-0.8,0.0,0.0,0.0,12.1,9.66,0,0,0,0,0,0,0,0,0,0,0,0
2026-01-28 12:00:00,HAN,23.8,0.0,100,9.6,166,1018.5,56,24140.0,7.96,5.37,1.7,5.3,-2.8,0.0,0.0,0.0,9.6,7.96,0,0,0,0,0,0,0,0,0,0,0,0
2026-01-28 13:00:00,HAN,23.2,0.0,76,11.7,179,1017.7,58,24140.0,10.92,4.19,-0.6,2.8,-3.3,0.0,0.0,0.0,11.7,10.92,0,0,0,0,0,0,0,0,0,0,0,0
2026-01-28 14:00:00,HAN,24.0,0.0,38,11.5,176,1016.5,54,24140.0,10.51,4.68,0.8,1.9,-3.5,0.0,0.0,0.0,11.7,10.92,0,0,0,0,0,0,0,0,0,0,0,0
2026-01-28 15:00:00,HAN,24.2,0.0,41,12.8,179,1015.7,53,24140.0,11.95,4.59,0.2,0.4,-2.8,0.0,0.0,0.0,12.8,11.95,0,0,0,0,0,0,0,0,0,0,0,0
2026-01-28 16:00:00,HAN,24.2,0.0,38,13.8,173,1015.3,52,24140.0,12.3,6.27,0.0,1.0,-2.4,0.0,0.0,0.0,13.8,12.3,0,0,0,0,0,0,0,0,0,0,0,0
2026-01-28 17:00:00,HAN,23.3,0.0,17,12.0,156,1015.2,55,24140.0,8.63,8.34,-0.9,-0.7,-1.3,0.0,0.0,0.0,13.8,12.3,0,0,0,0,0,0,0,0,0,0,0,0
2026-01-28 18:00:00,HAN,21.0,0.0,4,15.3,139,1015.2,62,24140.0,7.42,13.38,-2.3,-3.2,-0.5,0.0,0.0,0.0,15.3,12.3,0,0,0,0,0,0,0,0,0,0,0,0
2026-01-28 19:00:00,HAN,19.7,0.0,2,17.1,139,1015.9,71,24140.0,8.29,14.96,-1.3,-4.5,0.6,0.0,0.0,0.0,17.1,8.63,0,0,0,0,0,0,0,0,0,0,0,0
2026-01-28 20:00:00,HAN,18.8,0.0,0,15.8,142,1016.5,74,24140.0,8.37,13.4,-0.9,-4.5,1.3,0.0,0.0,0.0,17.1,8.37,0,0,0,0,0,0,0,0,0,0,0,0
2026-01-28 21:00:00,HAN,17.8,0.0,0,12.7,144,1016.8,78,24140.0,7.1,10.53,-1.0,-3.2,1.6,0.0,0.0,0.0,17.1,8.37,0,0,0,0,0,0,0,0,0,0,0,0
2026-01-28 22:00:00,HAN,16.7,0.0,3,7.4,158,1017.0,83,24140.0,5.5,4.95,-1.1,-3.0,1.1,0.0,0.0,0.0,15.8,8.37,0,0,0,0,0,0,0,0,0,0,0,0
2026-01-28 23:00:00,HAN,15.6,0.0,0,5.8,154,1016.8,90,24140.0,4.03,4.17,-1.1,-3.2,0.3,0.0,0.0,0.0,12.7,7.1,0,0,0,0,0,0,0,0,0,0,0,0
2026-01-29 00:00:00,HAN,15.3,0.0,0,6.4,137,1016.6,93,24140.0,2.91,5.7,-0.3,-2.5,-0.2,0.0,0.0,0.0,7.4,5.5,0,0,0,0,0,0,0,0,0,0,0,0
2026-01-29 01:00:00,HAN,15.4,0.0,7,9.0,125,1016.2,95,24140.0,2.33,8.69,0.1,-1.3,-0.8,0.0,0.0,0.0,9.0,4.03,0,0,0,0,0,0,0,0,0,0,0,0
2026-01-29 02:00:00,HAN,15.5,0.0,100,10.9,124,1015.6,97,24140.0,2.64,10.58,0.1,-0.1,-1.2,0.0,0.0,0.0,10.9,2.91,0,0,0,0,0,0,0,0,0,0,0,0
2026-01-29 03:00:00,HAN,16.0,0.0,100,9.8,121,1015.1,97,24140.0,1.87,9.62,0.5,0.7,-1.5,0.0,0.0,0.0,10.9,2.64,0,0,0,0,0,0,0,0,0,0,0,0
2026-01-29 04:00:00,HAN,16.6,0.0,100,10.7,119,1014.7,96,24140.0,1.67,10.57,0.6,1.2,-1.5,0.0,0.0,0.0,10.9,2.64,0,0,0,0,0,0,0,0,0,0,0,0
2026-01-29 05:00:00,HAN,16.9,0.0,100,10.4,113,1014.8,96,24140.0,0.54,10.39,0.3,1.4,-0.8,0.0,0.0,0.0,10.7,1.87,0,0,0,0,0,0,0,0,0,0,0,0
2026-01-29 06:00:00,HAN,17.1,0.0,100,8.9,117,1015.4,95,24140.0,1.08,8.83,0.2,1.1,0.3,0.0,0.0,0.0,10.7,1.67,0,0,0,0,0,0,0,0,0,0,0,0
2026-01-29 07:00:00,HAN,17.0,0.0,100,9.7,121,1016.3,95,24140.0,1.85,9.52,-0.1,0.4,1.6,0.0,0.0,0.0,10.4,1.85,0,0,0,0,0,0,0,0,0,0,0,0
2026-01-29 08:00:00,HAN,18.0,0.0,100,10.2,135,1017.0,91,24140.0,4.31,9.24,1.0,1.1,2.2,0.0,0.0,0.0,10.2,4.31,0,0,0,0,0,0,0,0,0,0,0,0
2026-01-29 09:00:00,HAN,18.8,0.0,100,10.9,151,1017.7,89,24140.0,7.15,8.23,0.8,1.7,2.3,0.0,0.0,0.0,10.9,7.15,0,0,0,0,0,0,0,0,0,0,0,0
2026-01-29 10:00:00,HAN,19.7,0.0,100,11.1,158,1017.7,85,24140.0,8.25,7.43,0.9,2.7,1.4,0.0,0.0,0.0,11.1,8.25,0,0,0,0,0,0,0,0,0,0,0,0
2026-01-29 11:00:00,HAN,21.2,0.2,93,14.3,165,1017.1,75,24140.0,11.71,8.2,1.5,3.2,0.1,0.2,0.2,0.2,14.3,11.71,1,0,0,0,0,0,0,0,1,1,0,1
2026-01-29 12:00:00,HAN,23.3,0.2,100,16.4,176,1015.5,65,24140.0,14.98,6.67,2.1,4.5,-2.2,0.2,0.4,0.4,16.4,14.98,1,0,0,0,0,0,0,0,1,1,0,1
2026-01-29 13:00:00,HAN,24.0,0.0,93,18.0,177,1014.2,61,24140.0,16.57,7.03,0.7,4.3,-3.5,0.0,0.4,0.4,18.0,16.57,0,0,0,0,0,0,0,0,0,0,0,0
2026-01-29 14:00:00,HAN,24.7,0.0,73,17.1,179,1013.1,57,24140.0,15.96,6.13,0.7,3.5,-4.0,0.0,0.2,0.4,18.0,16.57,0,0,0,0,0,0,0,0,0,0,0,0
2026-01-29 15:00:00,HAN,24.8,0.0,67,16.7,179,1012.6,57,24140.0,15.59,5.98,0.1,1.5,-2.9,0.0,0.0,0.4,18.0,16.57,0,0,0,0,0,0,0,0,0,0,0,0
2026-01-29 16:00:00,HAN,25.2,0.0,16,16.5,162,1012.3,56,24140.0,13.0,10.16,0.4,1.2,-1.9,0.0,0.0,0.4,17.1,15.96,0,0,0,0,0,0,0,0,0,0,0,0
2026-01-29 17:00:00,HAN,24.2,0.0,29,14.0,145,1012.3,62,24140.0,8.03,11.47,-1.0,-0.5,-0.8,0.0,0.0,0.2,16.7,15.59,0,0,0,0,0,0,0,0,0,0,0,0
2026-01-29 18:00:00,HAN,22.2,0.0,37,15.4,143,1012.4,69,24140.0,8.39,12.92,-2.0,-2.6,-0.2,0.0,0.0,0.0,16.5,13.0,0,0,0,0,0,0,0,0,0,0,0,0
2026-01-29 19:00:00,HAN,21.1,0.0,15,16.4,154,1013.4,78,24140.0,11.39,11.8,-1.1,-4.1,1.1,0.0,0.0,0.0,16.4,11.39,0,0,0,0,0,0,0,0,0,0,0,0
2026-01-29 20:00:00,HAN,20.4,0.0,20,14.1,155,1014.2,85,24140.0,9.97,9.97,-0.7,-3.8,1.9,0.0,0.0,0.0,16.4,11.39,0,0,0,0,0,0,0,0,0,0,0,0
2026-01-29 21:00:00,HAN,19.6,0.0,20,13.4,153,1015.0,91,24140.0,9.14,9.8,-0.8,-2.6,2.6,0.0,0.0,0.0,16.4,11.39,0,0,0,0,0,0,0,0,0,0,0,0
2026-01-29 22:00:00,HAN,19.1,0.0,91,11.5,155,1015.5,95,24140.0,8.13,8.13,-0.5,-2.0,2.1,0.0,0.0,0.0,14.1,9.97,0,0,0,0,0,0,0,0,0,0,0,0
2026-01-29 23:00:00,HAN,19.2,0.0,100,10.6,159,1015.3,95,24140.0,8.0,6.95,0.1,-1.2,1.1,0.0,0.0,0.0,13.4,9.14,0,0,0,0,0,0,0,0,0,0,0,0
2026-01-30 00:00:00,HAN,19.1,0.0,100,8.9,156,1015.2,96,24140.0,6.4,6.18,-0.1,-0.5,0.2,0.0,0.0,0.0,11.5,8.13,0,0,0,0,0,0,0,0,0,0,0,0
2026-01-30 01:00:00,HAN,18.9,0.0,100,7.8,148,1014.7,97,24140.0,4.8,6.15,-0.2,-0.2,-0.8,0.0,0.0,0.0,10.6,8.0,0,0,0,0,0,0,0,0,0,0,0,0
2026-01-30 02:00:00,HAN,18.9,0.0,100,6.6,131,1014.3,97,24140.0,2.37,6.16,0.0,-0.3,-1.0,0.0,0.0,0.0,8.9,6.4,0,0,0,0,0,0,0,0,0,0,0,0
2026-01-30 03:00:00,HAN,18.8,0.0,100,7.4,113,1014.1,97,24140.0,0.39,7.39,-0.1,-0.3,-1.1,0.0,0.0,0.0,7.8,4.8,0,0,0,0,0,0,0,0,0,0,0,0
2026-01-30 04:00:00,HAN,18.7,0.0,100,8.4,113,1014.5,98,24140.0,0.44,8.39,-0.1,-0.2,-0.2,0.0,0.0,0.0,8.4,2.37,0,0,0,0,0,0,0,0,0,0,0,0
2026-01-30 05:00:00,HAN,18.7,0.0,100,8.7,120,1014.8,98,24140.0,1.51,8.57,0.0,-0.2,0.5,0.0,0.0,0.0,8.7,1.51,0,0,0,0,0,0,0,0,0,0,0,0
2026-01-30 06:00:00,HAN,18.7,0.0,100,8.5,126,1015.5,98,24140.0,2.34,8.17,0.0,-0.1,1.4,0.0,0.0,0.0,8.7,2.34,0,0,0,0,0,0,0,0,0,0,0,0
2026-01-30 07:00:00,HAN,19.4,0.0,100,6.8,138,1016.4,99,24140.0,3.19,6.0,0.7,0.7,1.9,0.0,0.0,0.0,8.7,3.19,0,0,0,0,0,0,0,0,0,0,0,0
2026-01-30 08:00:00,HAN,20.1,0.2,100,8.7,148,1017.4,95,24140.0,5.36,6.86,0.7,1.4,2.6,0.2,0.2,0.2,8.7,5.36,1,0,0,0,0,0,0,0,1,1,0,1
2026-01-30 09:00:00,HAN,20.7,0.5,100,9.4,160,1018.3,95,24100.0,7.2,6.04,0.6,2.0,2.8,0.5,0.7,0.7,9.4,7.2,1,0,0,0,0,0,0,0,1,1,0,1
2026-01-30 10:00:00,HAN,22.6,0.2,100,12.5,168,1018.5,81,24140.0,10.6,6.62,1.9,3.2,2.1,0.2,0.9,0.9,12.5,10.6,1,0,0,0,0,0,0,0,1,1,0,1
2026-01-30 11:00:00,HAN,23.5,0.3,59,12.4,171,1017.8,74,20180.0,10.85,6.01,0.9,3.4,0.4,0.3,1.0,1.2,12.5,10.85,1,0,0,0,0,0,0,0,0,1,0,0
2026-01-30 12:00:00,HAN,24.5,0.3,42,13.5,176,1016.4,67,24100.0,12.33,5.49,1.0,3.8,-1.9,0.3,0.8,1.5,13.5,12.33,1,0,0,0,0,0,0,0,0,1,0,0
2026-01-30 13:00:00,HAN,25.2,0.2,49,14.7,174,1015.2,63,24140.0,13.21,6.44,0.7,2.6,-3.3,0.2,0.8,1.7,14.7,13.21,1,0,0,0,0,0,0,0,0,1,0,0
2026-01-30 14:00:00,HAN,25.6,0.3,69,14.4,167,1014.2,62,24140.0,12.08,7.84,0.4,2.1,-3.6,0.3,0.8,1.8,14.7,13.21,1,0,0,0,0,0,0,0,0,1,0,0
2026-01-30 15:00:00,HAN,25.5,0.3,57,15.3,164,1013.5,63,24140.0,12.38,8.99,-0.1,1.0,-2.9,0.3,0.8,1.6,15.3,13.21,1,0,0,0,0,0,0,0,0,1,0,0
2026-01-30 16:00:00,HAN,24.9,0.0,70,16.1,158,1013.6,65,24140.0,11.96,10.77,-0.6,-0.3,-1.6,0.0,0.6,1.4,16.1,12.38,0,0,0,0,0,0,0,0,0,0,0,0
2026-01-30 17:00:00,HAN,24.3,0.0,71,15.2,147,1013.9,67,24140.0,9.15,12.14,-0.6,-1.3,-0.3,0.0,0.3,1.1,16.1,12.38,0,0,0,0,0,0,0,0,0,0,0,0
2026-01-30 18:00:00,HAN,22.7,0.0,33,14.5,126,1014.4,74,24140.0,4.0,13.94,-1.6,-2.8,0.9,0.0,0.0,0.8,16.1,11.96,0,0,0,0,0,0,0,0,0,0,0,0
2026-01-30 19:00:00,HAN,21.0,0.0,55,12.6,107,1015.0,88,24140.0,0.66,12.58,-1.7,-3.9,1.4,0.0,0.0,0.6,15.2,9.15,0,0,0,0,0,0,0,0,0,0,0,0
2026-01-30 20:00:00,HAN,20.5,0.0,22,11.9,117,1016.0,89,24140.0,1.45,11.81,-0.5,-3.8,2.1,0.0,0.0,0.3,14.5,4.0,0,0,0,0,0,0,0,0,0,0,0,0
2026-01-30 21:00:00,HAN,19.9,0.0,8,10.7,125,1016.6,92,24140.0,2.77,10.34,-0.6,-2.8,2.2,0.0,0.0,0.0,12.6,2.77,0,0,0,0,0,0,0,0,0,0,0,0
2026-01-30 22:00:00,HAN,19.4,0.0,15,9.7,129,1017.2,95,24140.0,3.16,9.17,-0.5,-1.6,2.2,0.0,0.0,0.0,11.9,3.16,0,0,0,0,0,0,0,0,0,0,0,0
2026-01-30 23:00:00,HAN,18.9,0.0,12,6.5,122,1017.4,96,24140.0,1.35,6.36,-0.5,-1.6,1.4,0.0,0.0,0.0,10.7,3.16,0,0,0,0,0,0,0,0,0,0,0,0
2026-01-31 00:00:00,HAN,18.1,0.0,14,4.7,113,1017.5,97,24140.0,0.25,4.69,-0.8,-1.8,0.9,0.0,0.0,0.0,9.7,3.16,0,0,0,0,0,0,0,0,0,0,0,0
2026-01-31 01:00:00,HAN,18.9,0.0,36,5.7,131,1016.9,98,24140.0,2.04,5.32,0.8,-0.5,-0.3,0.0,0.0,0.0,6.5,2.04,0,0,0,0,0,0,0,0,0,0,0,0
2026-01-31 02:00:00,HAN,18.5,0.0,27,4.2,85,1016.9,98,24140.0,1.77,3.81,-0.4,-0.4,-0.5,0.0,0.0,0.0,5.7,2.04,0,0,0,0,0,0,0,0,0,0,0,0
2026-01-31 03:00:00,HAN,18.2,0.0,33,6.4,72,1017.0,99,24140.0,3.94,5.04,-0.3,0.1,-0.5,0.0,0.0,0.0,6.4,3.94,0,0,0,0,0,0,0,0,0,0,0,0
2026-01-31 04:00:00,HAN,18.0,0.0,46,8.3,72,1017.5,98,24140.0,5.11,6.54,-0.2,-0.9,0.6,0.0,0.0,0.0,8.3,5.11,0,0,0,0,0,0,0,0,0,0,0,0
2026-01-31 05:00:00,HAN,18.1,0.1,56,9.8,73,1018.1,98,24140.0,5.9,7.83,0.1,-0.4,1.2,0.1,0.1,0.1,9.8,5.9,1,0,0,0,0,0,0,0,0,1,0,0
2026-01-31 06:00:00,HAN,18.2,0.0,100,13.9,56,1019.3,96,24140.0,11.25,8.17,0.1,0.0,2.3,0.0,0.1,0.1,13.9,11.25,0,0,0,0,0,0,0,0,0,0,0,0
2026-01-31 07:00:00,HAN,18.5,0.1,100,14.6,44,1019.7,96,24140.0,13.34,5.94,0.3,0.5,2.2,0.1,0.2,0.2,14.6,13.34,1,0,0,0,0,0,0,0,1,1,0,1
2026-01-31 08:00:00,HAN,18.6,0.1,100,21.5,44,1020.9,84,20540.0,19.64,8.74,0.1,0.5,2.8,0.1,0.2,0.3,21.5,19.64,1,0,0,0,0,0,0,0,1,1,0,1
2026-01-31 09:00:00,HAN,19.0,0.0,100,21.0,44,1021.7,70,24140.0,19.18,8.54,0.4,0.8,2.4,0.0,0.2,0.3,21.5,19.64,0,0,0,0,0,0,0,0,0,0,0,0
2026-01-31 10:00:00,HAN,19.4,0.0,100,23.8,43,1022.1,63,24140.0,21.91,9.3,0.4,0.9,2.4,0.0,0.1,0.3,23.8,21.91,0,0,0,0,0,0,0,0,0,0,0,0
2026-01-31 11:00:00,HAN,19.2,0.0,100,21.3,43,1022.0,58,24140.0,19.61,8.32,-0.2,0.6,1.1,0.0,0.0,0.2,23.8,21.91,0,0,0,0,0,0,0,0,0,0,0,0
2026-01-31 12:00:00,HAN,20.0,0.0,100,17.9,45,1021.0,55,24140.0,16.22,7.56,0.8,1.0,-0.7,0.0,0.0,0.2,23.8,21.91,0,0,0,0,0,0,0,0,0,0,0,0
2026-01-31 13:00:00,HAN,20.1,0.0,95,17.4,37,1019.8,56,24140.0,16.64,5.09,0.1,0.7,-2.3,0.0,0.0,0.1,21.3,19.61,0,0,0,0,0,0,0,0,0,0,0,0
2026-01-31 14:00:00,HAN,21.0,0.0,95,16.0,34,1018.9,53,24140.0,15.52,3.87,0.9,1.8,-3.1,0.0,0.0,0.0,17.9,16.64,0,0,0,0,0,0,0,0,0,0,0,0
2026-01-31 15:00:00,HAN,21.1,0.0,100,13.9,31,1018.4,52,24140.0,13.64,2.65,0.1,1.1,-2.6,0.0,0.0,0.0,17.4,16.64,0,0,0,0,0,0,0,0,0,0,0,0
2026-01-31 16:00:00,HAN,21.0,0.0,99,12.2,25,1018.4,53,24140.0,12.15,1.06,-0.1,0.9,-1.4,0.0,0.0,0.0,16.0,15.52,0,0,0,0,0,0,0,0,0,0,0,0
2026-01-31 17:00:00,HAN,20.6,0.0,60,9.6,13,1018.7,55,24140.0,9.53,-1.17,-0.4,-0.4,-0.2,0.0,0.0,0.0,13.9,13.64,0,0,0,0,0,0,0,0,0,0,0,0
2026-01-31 18:00:00,HAN,19.0,0.0,23,9.6,355,1018.8,61,24140.0,8.7,-4.06,-1.6,-2.1,0.4,0.0,0.0,0.0,12.2,12.15,0,0,0,0,0,0,0,0,0,0,0,0
2026-01-31 19:00:00,HAN,18.3,0.0,34,13.3,8,1018.9,66,24140.0,13.01,-2.77,-0.7,-2.7,0.5,0.0,0.0,0.0,13.3,13.01,0,0,0,0,0,0,0,0,0,0,0,0
2026-01-31 20:00:00,HAN,18.1,0.0,11,15.2,26,1019.6,65,24140.0,15.12,1.59,-0.2,-2.5,0.9,0.0,0.0,0.0,15.2,15.12,0,0,0,0,0,0,0,0,0,0,0,0
2026-01-31 21:00:00,HAN,17.2,0.0,13,13.5,31,1020.0,68,24140.0,13.25,2.58,-0.9,-1.8,1.2,0.0,0.0,0.0,15.2,15.12,0,0,0,0,0,0,0,0,0,0,0,0
2026-01-31 22:00:00,HAN,16.5,0.0,100,10.9,44,1020.6,72,24140.0,9.96,4.43,-0.7,-1.8,1.7,0.0,0.0,0.0,15.2,15.12,0,0,0,0,0,0,0,0,0,0,0,0
2026-01-31 23:00:00,HAN,16.6,0.0,99,10.7,49,1020.6,72,24140.0,9.36,5.19,0.1,-1.5,1.0,0.0,0.0,0.0,13.5,13.25,0,0,0,0,0,0,0,0,0,0,0,0
2026-02-01 00:00:00,HAN,16.5,0.0,100,11.5,49,1020.2,71,24140.0,10.06,5.58,-0.1,-0.7,0.2,0.0,0.0,0.0,11.5,10.06,0,0,0,0,0,0,0,0,0,0,0,0
2026-02-01 01:00:00,HAN,16.9,0.0,100,11.7,52,1020.1,70,24140.0,9.92,6.2,0.4,0.4,-0.5,0.0,0.0,0.0,11.7,10.06,0,0,0,0,0,0,0,0,0,0,0,0
2026-02-01 02:00:00,HAN,17.0,0.0,100,12.1,49,1019.6,68,24140.0,10.58,5.87,0.1,0.4,-1.0,0.0,0.0,0.0,12.1,10.58,0,0,0,0,0,0,0,0,0,0,0,0
2026-02-01 03:00:00,HAN,17.0,0.0,100,12.2,47,1019.6,65,24140.0,10.87,5.54,0.0,0.5,-0.6,0.0,0.0,0.0,12.2,10.87,0,0,0,0,0,0,0,0,0,0,0,0
2026-02-01 04:00:00,HAN,16.8,0.0,100,13.6,44,1019.7,63,24140.0,12.42,5.53,-0.2,-0.1,-0.4,0.0,0.0,0.0,13.6,12.42,0,0,0,0,0,0,0,0,0,0,0,0
2026-02-01 05:00:00,HAN,16.6,0.0,100,15.4,45,1020.0,61,24140.0,13.96,6.51,-0.2,-0.4,0.4,0.0,0.0,0.0,15.4,13.96,0,0,0,0,0,0,0,0,0,0,0,0
2026-02-01 06:00:00,HAN,16.5,0.0,100,16.3,43,1021.0,60,24140.0,15.0,6.37,-0.1,-0.5,1.4,0.0,0.0,0.0,16.3,15.0,0,0,0,0,0,0,0,0,0,0,0,0
2026-02-01 07:00:00,HAN,16.2,0.0,100,12.9,46,1021.8,62,24140.0,11.59,5.65,-0.3,-0.6,2.1,0.0,0.0,0.0,16.3,15.0,0,0,0,0,0,0,0,0,0,0,0,0
2026-02-01 08:00:00,HAN,16.4,0.0,100,13.1,49,1022.6,59,24140.0,11.46,6.35,0.2,-0.2,2.6,0.0,0.0,0.0,16.3,15.0,0,0,0,0,0,0,0,0,0,0,0,0
2026-02-01 09:00:00,HAN,16.8,0.0,100,13.0,48,1023.5,57,24140.0,11.48,6.1,0.4,0.3,2.5,0.0,0.0,0.0,13.1,11.59,0,0,0,0,0,0,0,0,0,0,0,0
2026-02-01 10:00:00,HAN,17.2,0.0,100,11.6,46,1023.9,57,24140.0,10.43,5.09,0.4,1.0,2.1,0.0,0.0,0.0,13.1,11.48,0,0,0,0,0,0,0,0,0,0,0,0
2026-02-01 11:00:00,HAN,17.8,0.0,100,9.9,37,1023.3,56,24140.0,9.47,2.89,0.6,1.4,0.7,0.0,0.0,0.0,13.0,11.48,0,0,0,0,0,0,0,0,0,0,0,0
2026-02-01 12:00:00,HAN,18.9,0.0,100,9.4,32,1022.2,55,24140.0,9.19,1.95,1.1,2.1,-1.3,0.0,0.0,0.0,11.6,10.43,0,0,0,0,0,0,0,0,0,0,0,0
2026-02-01 13:00:00,HAN,19.8,0.0,92,9.0,22,1020.9,55,24140.0,8.99,0.31,0.9,2.6,-3.0,0.0,0.0,0.0,9.9,9.47,0,0,0,0,0,0,0,0,0,0,0,0
2026-02-01 14:00:00,HAN,20.6,0.0,68,7.9,21,1019.8,53,24140.0,7.9,0.14,0.8,2.8,-3.5,0.0,0.0,0.0,9.4,9.19,0,0,0,0,0,0,0,0,0,0,0,0
2026-02-01 15:00:00,HAN,21.0,0.0,50,7.2,18,1019.4,53,24140.0,7.2,-0.25,0.4,2.1,-2.8,0.0,0.0,0.0,9.0,8.99,0,0,0,0,0,0,0,0,0,0,0,0
2026-02-01 16:00:00,HAN,20.9,0.0,22,7.0,21,1019.2,53,24140.0,7.0,0.12,-0.1,1.1,-1.7,0.0,0.0,0.0,7.9,7.9,0,0,0,0,0,0,0,0,0,0,0,0
2026-02-01 17:00:00,HAN,20.2,0.0,13,6.5,30,1019.4,56,24140.0,6.4,1.13,-0.7,-0.4,-0.4,0.0,0.0,0.0,7.2,7.2,0,0,0,0,0,0,0,0,0,0,0,0
2026-02-01 18:00:00,HAN,17.8,0.0,15,5.5,32,1019.6,67,24140.0,5.38,1.14,-2.4,-3.2,0.2,0.0,0.0,0.0,7.0,7.0,0,0,0,0,0,0,0,0,0,0,0,0
2026-02-01 19:00:00,HAN,17.5,0.0,10,3.9,28,1019.8,70,24140.0,3.86,0.54,-0.3,-3.4,0.6,0.0,0.0,0.0,6.5,6.4,0,0,0,0,0,0,0,0,0,0,0,0
2026-02-01 20:00:00,HAN,16.6,0.0,0,6.3,31,1020.3,75,24140.0,6.18,1.2,-0.9,-3.6,0.9,0.0,0.0,0.0,6.3,6.18,0,0,0,0,0,0,0,0,0,0,0,0
2026-02-01 21:00:00,HAN,16.1,0.0,2,8.4,34,1020.6,75,24140.0,8.15,2.03,-0.5,-1.7,1.0,0.0,0.0,0.0,8.4,8.15,0,0,0,0,0,0,0,0,0,0,0,0
2026-02-01 22:00:00,HAN,15.3,0.0,5,6.3,66,1020.9,80,24140.0,4.38,4.53,-0.8,-2.2,1.1,0.0,0.0,0.0,8.4,8.15,0,0,0,0,0,0,0,0,0,0,0,0
2026-02-01 23:00:00,HAN,14.4,0.0,21,4.8,68,1021.3,87,24140.0,3.21,3.57,-0.9,-2.2,1.0,0.0,0.0,0.0,8.4,8.15,0,0,0,0,0,0,0,0,0,0,0,0
2026-02-02 00:00:00,HAN,14.4,0.0,47,6.0,44,1021.3,89,24140.0,5.48,2.44,0.0,-1.7,0.7,0.0,0.0,0.0,6.3,5.48,0,0,0,0,0,0,0,0,0,0,0,0
2026-02-02 01:00:00,HAN,14.6,0.0,100,6.8,50,1021.2,92,24140.0,5.89,3.4,0.2,-0.7,0.3,0.0,0.0,0.0,6.8,5.89,0,0,0,0,0,0,0,0,0,0,0,0
2026-02-02 02:00:00,HAN,15.1,0.0,100,10.1,43,1021.2,82,24140.0,9.3,3.95,0.5,0.7,-0.1,0.0,0.0,0.0,10.1,9.3,0,0,0,0,0,0,0,0,0,0,0,0
2026-02-02 03:00:00,HAN,15.6,0.0,100,12.6,38,1021.4,70,24140.0,11.98,3.89,0.5,1.2,0.1,0.0,0.0,0.0,12.6,11.98,0,0,0,0,0,0,0,0,0,0,0,0
2026-02-02 04:00:00,HAN,15.9,0.0,100,15.2,35,1021.5,65,24140.0,14.68,3.93,0.3,1.3,0.3,0.0,0.0,0.0,15.2,14.68,0,0,0,0,0,0,0,0,0,0,0,0
2026-02-02 05:00:00,HAN,16.0,0.0,100,16.4,39,1022.0,61,24140.0,15.51,5.34,0.1,0.9,0.8,0.0,0.0,0.0,16.4,15.51,0,0,0,0,0,0,0,0,0,0,0,0
2026-02-02 06:00:00,HAN,15.9,0.0,100,14.9,43,1022.8,60,24140.0,13.72,5.82,-0.1,0.3,1.4,0.0,0.0,0.0,16.4,15.51,0,0,0,0,0,0,0,0,0,0,0,0
2026-02-02 07:00:00,HAN,15.8,0.0,100,13.8,40,1023.6,62,24140.0,12.97,4.72,-0.1,-0.1,2.1,0.0,0.0,0.0,16.4,15.51,0,0,0,0,0,0,0,0,0,0,0,0
2026-02-02 08:00:00,HAN,16.1,0.0,100,14.5,43,1024.7,58,24140.0,13.35,5.67,0.3,0.1,2.7,0.0,0.0,0.0,14.9,13.72,0,0,0,0,0,0,0,0,0,0,0,0
2026-02-02 09:00:00,HAN,16.2,0.0,100,14.1,42,1025.5,59,24140.0,13.07,5.28,0.1,0.3,2.7,0.0,0.0,0.0,14.5,13.35,0,0,0,0,0,0,0,0,0,0,0,0
2026-02-02 10:00:00,HAN,16.1,0.0,100,12.9,36,1025.8,60,24140.0,12.4,3.56,-0.1,0.3,2.2,0.0,0.0,0.0,14.5,13.35,0,0,0,0,0,0,0,0,0,0,0,0
2026-02-02 11:00:00,HAN,16.5,0.0,100,11.9,30,1025.3,61,24140.0,11.72,2.07,0.4,0.4,0.6,0.0,0.0,0.0,14.1,13.07,0,0,0,0,0,0,0,0,0,0,0,0
2026-02-02 12:00:00,HAN,17.1,0.0,100,10.8,26,1024.2,58,24140.0,10.74,1.13,0.6,0.9,-1.3,0.0,0.0,0.0,12.9,12.4,0,0,0,0,0,0,0,0,0,0,0,0
2026-02-02 13:00:00,HAN,17.6,0.0,100,9.9,15,1023.2,58,24140.0,9.86,-0.86,0.5,1.5,-2.6,0.0,0.0,0.0,11.9,11.72,0,0,0,0,0,0,0,0,0,0,0,0
2026-02-02 14:00:00,HAN,18.4,0.0,100,10.6,14,1022.1,56,24140.0,10.54,-1.11,0.8,1.9,-3.2,0.0,0.0,0.0,10.8,10.74,0,0,0,0,0,0,0,0,0,0,0,0
2026-02-02 15:00:00,HAN,18.0,0.0,100,11.3,7,1021.5,57,24140.0,11.01,-2.54,-0.4,0.9,-2.7,0.0,0.0,0.0,11.3,11.01,0,0,0,0,0,0,0,0,0,0,0,0
2026-02-02 16:00:00,HAN,18.1,0.0,49,10.1,2,1021.2,57,24140.0,9.61,-3.12,0.1,0.5,-2.0,0.0,0.0,0.0,11.3,11.01,0,0,0,0,0,0,0,0,0,0,0,0
2026-02-02 17:00:00,HAN,17.7,0.0,24,8.6,2,1021.3,59,24140.0,8.18,-2.66,-0.4,-0.7,-0.8,0.0,0.0,0.0,11.3,11.01,0,0,0,0,0,0,0,0,0,0,0,0
2026-02-02 18:00:00,HAN,15.9,0.0,8,4.1,347,1021.4,70,24140.0,3.44,-2.23,-1.8,-2.1,-0.1,0.0,0.0,0.0,10.1,9.61,0,0,0,0,0,0,0,0,0,0,0,0
2026-02-02 19:00:00,HAN,15.4,0.0,42,4.5,7,1022.2,75,24140.0,4.38,-1.01,-0.5,-2.7,1.0,0.0,0.0,0.0,8.6,8.18,0,0,0,0,0,0,0,0,0,0,0,0
2026-02-02 20:00:00,HAN,14.9,0.0,26,3.7,346,1022.9,78,24140.0,3.07,-2.07,-0.5,-2.8,1.6,0.0,0.0,0.0,4.5,4.38,0,0,0,0,0,0,0,0,0,0,0,0
2026-02-02 21:00:00,HAN,14.4,0.0,13,4.3,318,1023.1,81,24140.0,2.02,-3.8,-0.5,-1.5,1.7,0.0,0.0,0.0,4.5,4.38,0,0,0,0,0,0,0,0,0,0,0,0
2026-02-02 22:00:00,HAN,13.9,0.0,9,4.0,328,1023.0,84,24140.0,2.46,-3.15,-0.5,-1.5,0.8,0.0,0.0,0.0,4.3,3.07,0,0,0,0,0,0,0,0,0,0,0,0
2026-02-02 23:00:00,HAN,13.1,0.0,10,3.5,351,1022.8,89,24140.0,3.06,-1.7,-0.8,-1.8,-0.1,0.0,0.0,0.0,4.3,3.06,0,0,0,0,0,0,0,0,0,0,0,0
2026-02-03 00:00:00,HAN,12.6,0.0,0,2.7,8,1022.4,91,24140.0,2.64,-0.56,-0.5,-1.8,-0.7,0.0,0.0,0.0,4.0,3.06,0,0,0,0,0,0,0,0,0,0,0,0
2026-02-03 01:00:00,HAN,12.4,0.0,2,4.4,27,1022.3,94,24140.0,4.37,0.54,-0.2,-1.5,-0.7,0.0,0.0,0.0,4.4,4.37,0,0,0,0,0,0,0,0,0,0,0,0
2026-02-03 02:00:00,HAN,12.6,0.0,16,7.6,22,1022.0,93,24140.0,7.6,0.27,0.2,-0.5,-0.8,0.0,0.0,0.0,7.6,7.6,0,0,0,0,0,0,0,0,0,0,0,0
2026-02-03 03:00:00,HAN,12.4,0.0,68,6.8,17,1021.8,93,24140.0,6.79,-0.36,-0.2,-0.2,-0.6,0.0,0.0,0.0,7.6,7.6,0,0,0,0,0,0,0,0,0,0,0,0
2026-02-03 04:00:00,HAN,12.1,0.0,86,5.9,12,1021.6,93,24140.0,5.84,-0.82,-0.3,-0.3,-0.7,0.0,0.0,0.0,7.6,7.6,0,0,0,0,0,0,0,0,0,0,0,0
2026-02-03 05:00:00,HAN,11.6,0.0,48,5.1,8,1021.7,95,24140.0,4.99,-1.06,-0.5,-1.0,-0.3,0.0,0.0,0.0,6.8,6.79,0,0,0,0,0,0,0,0,0,0,0,0
2026-02-03 06:00:00,HAN,11.1,0.0,95,4.4,12,1022.5,96,24140.0,4.36,-0.61,-0.5,-1.3,0.7,0.0,0.0,0.0,5.9,5.84,0,0,0,0,0,0,0,0,0,0,0,0
2026-02-03 07:00:00,HAN,12.9,0.0,100,5.9,23,1023.2,89,24140.0,5.89,0.31,1.8,0.8,1.6,0.0,0.0,0.0,5.9,5.89,0,0,0,0,0,0,0,0,0,0,0,0
2026-02-03 08:00:00,HAN,14.6,0.0,100,6.3,13,1023.6,78,24140.0,6.25,-0.77,1.7,3.0,1.9,0.0,0.0,0.0,6.3,6.25,0,0,0,0,0,0,0,0,0,0,0,0
2026-02-03 09:00:00,HAN,16.4,0.0,98,6.1,23,1024.3,67,24140.0,6.09,0.32,1.8,5.3,1.8,0.0,0.0,0.0,6.3,6.25,0,0,0,0,0,0,0,0,0,0,0,0
2026-02-03 10:00:00,HAN,18.1,0.0,91,5.1,39,1024.5,59,24140.0,4.82,1.66,1.7,5.2,1.3,0.0,0.0,0.0,6.3,6.25,0,0,0,0,0,0,0,0,0,0,0,0
2026-02-03 11:00:00,HAN,19.0,0.0,77,3.3,61,1023.7,57,24140.0,2.49,2.16,0.9,4.4,0.1,0.0,0.0,0.0,6.1,6.09,0,0,0,0,0,0,0,0,0,0,0,0
2026-02-03 12:00:00,HAN,20.0,0.0,100,2.9,86,1022.6,55,24140.0,1.18,2.65,1.0,3.6,-1.7,0.0,0.0,0.0,5.1,4.82,0,0,0,0,0,0,0,0,0,0,0,0
2026-02-03 13:00:00,HAN,20.9,0.0,70,5.8,150,1021.5,53,24140.0,3.73,4.44,0.9,2.8,-3.0,0.0,0.0,0.0,5.8,3.73,0,0,0,0,0,0,0,0,0,0,0,0
2026-02-03 14:00:00,HAN,21.7,0.0,100,7.7,180,1020.0,51,24140.0,7.24,2.63,0.8,2.7,-3.7,0.0,0.0,0.0,7.7,7.24,0,0,0,0,0,0,0,0,0,0,0,0
2026-02-03 15:00:00,HAN,21.8,0.0,98,8.5,182,1019.3,51,24140.0,8.08,2.63,0.1,1.8,-3.3,0.0,0.0,0.0,8.5,8.08,0,0,0,0,0,0,0,0,0,0,0,0
2026-02-03 16:00:00,HAN,21.9,0.0,99,8.5,176,1018.8,51,24140.0,7.77,3.46,0.1,1.0,-2.7,0.0,0.0,0.0,8.5,8.08,0,0,0,0,0,0,0,0,0,0,0,0
2026-02-03 17:00:00,HAN,21.2,0.0,83,7.2,168,1018.6,55,24140.0,6.11,3.82,-0.7,-0.5,-1.4,0.0,0.0,0.0,8.5,8.08,0,0,0,0,0,0,0,0,0,0,0,0
2026-02-03 18:00:00,HAN,19.0,0.0,13,4.5,157,1018.6,67,24140.0,3.29,3.07,-2.2,-2.8,-0.7,0.0,0.0,0.0,8.5,7.77,0,0,0,0,0,0,0,0,0,0,0,0
2026-02-03 19:00:00,HAN,18.9,0.0,24,0.8,45,1018.7,67,24140.0,0.73,0.34,-0.1,-3.0,-0.1,0.0,0.0,0.0,7.2,6.11,0,0,0,0,0,0,0,0,0,0,0,0
2026-02-03 20:00:00,HAN,17.6,0.0,21,5.2,102,1019.1,73,24140.0,0.72,5.15,-1.3,-3.6,0.5,0.0,0.0,0.0,5.2,3.29,0,0,0,0,0,0,0,0,0,0,0,0
2026-02-03 21:00:00,HAN,16.9,0.0,36,6.9,137,1019.6,82,24140.0,3.13,6.15,-0.7,-2.1,1.0,0.0,0.0,0.0,6.9,3.13,0,0,0,0,0,0,0,0,0,0,0,0
2026-02-03 22:00:00,HAN,16.4,0.0,53,7.4,146,1019.7,86,24140.0,4.35,5.99,-0.5,-2.5,1.0,0.0,0.0,0.0,7.4,4.35,0,0,0,0,0,0,0,0,0,0,0,0
2026-02-03 23:00:00,HAN,15.9,0.0,88,7.1,156,1019.2,89,24140.0,5.11,4.93,-0.5,-1.7,0.1,0.0,0.0,0.0,7.4,5.11,0,0,0,0,0,0,0,0,0,0,0,0
2026-02-04 00:00:00,HAN,15.2,0.0,41,6.1,156,1018.8,93,24140.0,4.39,4.24,-0.7,-1.7,-0.8,0.0,0.0,0.0,7.4,5.11,0,0,0,0,0,0,0,0,0,0,0,0
2026-02-04 01:00:00,HAN,15.1,0.0,1,6.3,149,1017.9,93,24140.0,3.96,4.9,-0.1,-1.3,-1.8,0.0,0.0,0.0,7.1,5.11,0,0,0,0,0,0,0,0,0,0,0,0
2026-02-04 02:00:00,HAN,14.9,0.0,2,5.0,145,1017.2,95,24140.0,2.87,4.1,-0.2,-1.0,-2.0,0.0,0.0,0.0,6.3,4.39,0,0,0,0,0,0,0,0,0,0,0,0
2026-02-04 03:00:00,HAN,14.6,0.0,2,4.4,122,1017.0,96,24140.0,0.91,4.3,-0.3,-0.6,-1.8,0.0,0.0,0.0,6.3,3.96,0,0,0,0,0,0,0,0,0,0,0,0
2026-02-04 04:00:00,HAN,14.2,0.0,4,4.5,97,1016.9,97,24140.0,1.01,4.38,-0.4,-0.9,-1.0,0.0,0.0,0.0,5.0,2.87,0,0,0,0,0,0,0,0,0,0,0,0
2026-02-04 05:00:00,HAN,13.9,0.0,16,4.9,90,1017.2,98,24140.0,1.68,4.6,-0.3,-1.0,0.0,0.0,0.0,0.0,4.9,1.68,0,0,0,0,0,0,0,0,0,0,0,0
2026-02-04 06:00:00,HAN,13.8,0.0,100,5.4,94,1017.6,99,24140.0,1.49,5.19,-0.1,-0.8,0.6,0.0,0.0,0.0,5.4,1.68,0,0,0,0,0,0,0,0,0,0,0,0
2026-02-04 07:00:00,HAN,14.9,0.0,100,7.7,87,1018.0,99,24140.0,3.01,7.09,1.1,0.7,1.1,0.0,0.0,0.0,7.7,3.01,0,0,0,0,0,0,0,0,0,0,0,0
2026-02-04 08:00:00,HAN,16.5,0.1,100,8.4,130,1018.6,93,24140.0,2.87,7.89,1.6,2.6,1.4,0.1,0.1,0.1,8.4,3.01,1,0,0,0,0,0,0,0,1,1,0,1
2026-02-04 09:00:00,HAN,17.5,0.1,100,8.8,149,1019.3,90,24140.0,5.54,6.84,1.0,3.7,1.7,0.1,0.2,0.2,8.8,5.54,1,0,0,0,0,0,0,0,1,1,0,1
2026-02-04 10:00:00,HAN,18.3,0.3,100,8.4,146,1019.3,88,24140.0,4.94,6.8,0.8,3.4,1.3,0.3,0.5,0.5,8.8,5.54,1,0,0,0,0,0,0,0,1,1,0,1
2026-02-04 11:00:00,HAN,19.6,0.1,100,8.1,163,1018.5,79,24140.0,6.47,4.87,1.3,3.1,-0.1,0.1,0.5,0.6,8.8,6.47,1,0,0,0,0,0,0,0,1,1,0,1
2026-02-04 12:00:00,HAN,21.6,0.2,100,10.7,188,1016.7,69,24140.0,10.47,2.22,2.0,4.1,-2.6,0.2,0.6,0.8,10.7,10.47,1,0,0,0,0,0,0,0,1,1,0,1
2026-02-04 13:00:00,HAN,22.4,0.0,100,11.1,187,1015.5,64,24140.0,10.82,2.5,0.8,4.1,-3.8,0.0,0.3,0.8,11.1,10.82,0,0,0,0,0,0,0,0,0,0,0,0
2026-02-04 14:00:00,HAN,23.0,0.0,100,11.2,180,1014.3,61,24140.0,10.52,3.83,0.6,3.4,-4.2,0.0,0.2,0.7,11.2,10.82,0,0,0,0,0,0,0,0,0,0,0,0
2026-02-04 15:00:00,HAN,23.8,0.0,100,10.2,172,1013.2,58,24140.0,9.01,4.79,0.8,2.2,-3.5,0.0,0.0,0.6,11.2,10.82,0,0,0,0,0,0,0,0,0,0,0,0
2026-02-04 16:00:00,HAN,23.8,0.0,100,11.0,159,1012.7,59,24140.0,8.3,7.22,0.0,1.4,-2.8,0.0,0.0,0.3,11.2,10.52,0,0,0,0,0,0,0,0,0,0,0,0
2026-02-04 17:00:00,HAN,23.0,0.0,2,11.0,139,1012.6,63,24140.0,5.33,9.62,-0.8,0.0,-1.7,0.0,0.0,0.2,11.0,9.01,0,0,0,0,0,0,0,0,0,0,0,0
2026-02-04 18:00:00,HAN,20.1,0.0,3,6.2,128,1012.9,77,24140.0,1.92,5.9,-2.9,-3.7,-0.3,0.0,0.0,0.0,11.0,8.3,0,0,0,0,0,0,0,0,0,0,0,0
2026-02-04 19:00:00,HAN,19.1,0.0,8,6.4,117,1014.0,83,24140.0,0.78,6.35,-1.0,-4.7,1.3,0.0,0.0,0.0,11.0,5.33,0,0,0,0,0,0,0,0,0,0,0,0
2026-02-04 20:00:00,HAN,19.5,0.0,26,12.4,132,1014.5,81,24140.0,4.65,11.5,0.4,-3.5,1.9,0.0,0.0,0.0,12.4,4.65,0,0,0,0,0,0,0,0,0,0,0,0
2026-02-04 21:00:00,HAN,18.9,0.0,4,10.7,147,1015.1,85,24140.0,6.44,8.55,-0.6,-1.2,2.2,0.0,0.0,0.0,12.4,6.44,0,0,0,0,0,0,0,0,0,0,0,0
2026-02-04 22:00:00,HAN,17.8,0.0,5,9.0,150,1015.1,93,24140.0,5.79,6.89,-1.1,-1.3,1.1,0.0,0.0,0.0,12.4,6.44,0,0,0,0,0,0,0,0,0,0,0,0
2026-02-04 23:00:00,HAN,17.4,0.0,18,9.0,145,1014.9,95,24140.0,5.16,7.37,-0.4,-2.1,0.4,0.0,0.0,0.0,10.7,6.44,0,0,0,0,0,0,0,0,0,0,0,0
2026-02-05 00:00:00,HAN,16.9,0.0,79,6.7,136,1014.7,97,24140.0,2.94,6.02,-0.5,-2.0,-0.4,0.0,0.0,0.0,9.0,5.79,0,0,0,0,0,0,0,0,0,0,0,0
2026-02-05 01:00:00,HAN,17.9,0.0,100,6.8,138,1014.4,98,24140.0,3.19,6.0,1.0,0.1,-0.7,0.0,0.0,0.0,9.0,5.16,0,0,0,0,0,0,0,0,0,0,0,0
2026-02-05 02:00:00,HAN,18.5,0.0,100,7.1,144,1013.8,97,24140.0,3.97,5.89,0.6,1.1,-1.1,0.0,0.0,0.0,7.1,3.97,0,0,0,0,0,0,0,0,0,0,0,0
2026-02-05 03:00:00,HAN,18.4,0.0,100,5.9,142,1013.3,98,24140.0,3.13,5.0,-0.1,1.5,-1.4,0.0,0.0,0.0,7.1,3.97,0,0,0,0,0,0,0,0,0,0,0,0
2026-02-05 04:00:00,HAN,18.5,0.0,100,6.2,147,1013.0,97,24140.0,3.73,4.95,0.1,0.6,-1.4,0.0,0.0,0.0,7.1,3.97,0,0,0,0,0,0,0,0,0,0,0,0
2026-02-05 05:00:00,HAN,18.4,0.0,100,5.6,135,1013.0,98,24140.0,2.37,5.08,-0.1,-0.1,-0.8,0.0,0.0,0.0,6.2,3.73,0,0,0,0,0,0,0,0,0,0,0,0
2026-02-05 06:00:00,HAN,18.5,0.0,100,5.6,132,1013.5,97,24140.0,2.1,5.19,0.1,0.1,0.2,0.0,0.0,0.0,6.2,3.73,0,0,0,0,0,0,0,0,0,0,0,0
2026-02-05 07:00:00,HAN,18.4,0.0,100,4.9,126,1014.1,97,24140.0,1.35,4.71,-0.1,-0.1,1.1,0.0,0.0,0.0,5.6,2.37,0,0,0,0,0,0,0,0,0,0,0,0
2026-02-05 08:00:00,HAN,19.0,0.0,100,5.3,152,1014.8,94,24140.0,3.55,3.94,0.6,0.6,1.8,0.0,0.0,0.0,5.6,3.55,0,0,0,0,0,0,0,0,0,0,0,0
2026-02-05 09:00:00,HAN,19.6,0.0,100,4.6,171,1015.2,90,24140.0,4.02,2.23,0.6,1.1,1.7,0.0,0.0,0.0,5.3,4.02,0,0,0,0,0,0,0,0,0,0,0,0
2026-02-05 10:00:00,HAN,20.3,0.1,100,5.6,201,1015.5,87,24140.0,5.6,-0.1,0.7,1.9,1.4,0.1,0.1,0.1,5.6,5.6,1,0,0,0,0,0,0,0,1,1,0,1
2026-02-05 11:00:00,HAN,21.0,0.1,100,5.4,201,1014.5,84,24140.0,5.4,-0.09,0.7,2.0,-0.3,0.1,0.2,0.2,5.6,5.6,1,0,0,0,0,0,0,0,1,1,0,1
2026-02-05 12:00:00,HAN,21.9,0.1,100,7.8,195,1013.4,80,24140.0,7.77,0.68,0.9,2.3,-1.8,0.1,0.3,0.3,7.8,7.77,1,0,0,0,0,0,0,0,1,1,0,1
2026-02-05 13:00:00,HAN,23.0,0.1,99,7.9,200,1012.1,73,24140.0,7.9,0.0,1.1,2.7,-3.4,0.1,0.3,0.4,7.9,7.9,1,0,0,0,0,0,0,0,1,1,0,1
2026-02-05 14:00:00,HAN,24.0,0.1,100,6.8,191,1011.0,69,24140.0,6.72,1.06,1.0,3.0,-3.5,0.1,0.3,0.5,7.9,7.9,1,0,0,0,0,0,0,0,1,1,0,1
2026-02-05 15:00:00,HAN,25.0,0.0,92,5.3,198,1010.3,64,24140.0,5.3,0.18,1.0,3.1,-3.1,0.0,0.2,0.5,7.9,7.9,0,0,0,0,0,0,0,0,0,0,0,0
2026-02-05 16:00:00,HAN,25.9,0.0,95,5.4,178,1010.1,60,24140.0,5.01,2.02,0.9,2.9,-2.0,0.0,0.1,0.4,6.8,6.72,0,0,0,0,0,0,0,0,0,0,0,0
2026-02-05 17:00:00,HAN,25.4,0.0,9,6.6,112,1010.0,63,24140.0,0.23,6.6,-0.5,1.4,-1.0,0.0,0.0,0.3,6.6,5.3,0,0,0,0,0,0,0,0,0,0,0,0
2026-02-05 18:00:00,HAN,22.3,0.0,14,6.3,125,1010.3,76,24140.0,1.63,6.09,-3.1,-2.7,0.0,0.0,0.0,0.2,6.6,5.01,0,0,0,0,0,0,0,0,0,0,0,0
2026-02-05 19:00:00,HAN,21.1,0.0,38,7.3,101,1011.3,82,24140.0,1.14,7.21,-1.2,-4.8,1.2,0.0,0.0,0.1,7.3,1.63,0,0,0,0,0,0,0,0,0,0,0,0
2026-02-05 20:00:00,HAN,21.1,0.0,27,9.3,133,1012.2,86,24140.0,3.63,8.56,0.0,-4.3,2.2,0.0,0.0,0.0,9.3,3.63,0,0,0,0,0,0,0,0,0,0,0,0
2026-02-05 21:00:00,HAN,20.6,0.0,26,10.5,145,1012.8,91,24140.0,6.02,8.6,-0.5,-1.7,2.5,0.0,0.0,0.0,10.5,6.02,0,0,0,0,0,0,0,0,0,0,0,0
2026-02-05 22:00:00,HAN,19.8,0.0,100,11.0,148,1013.1,96,24140.0,6.77,8.67,-0.8,-1.3,1.8,0.0,0.0,0.0,11.0,6.77,0,0,0,0,0,0,0,0,0,0,0,0
2026-02-05 23:00:00,HAN,20.0,0.0,100,11.1,151,1012.9,98,24140.0,7.28,8.38,0.2,-1.1,0.7,0.0,0.0,0.0,11.1,7.28,0,0,0,0,0,0,0,0,0,0,0,0
2026-02-06 00:00:00,HAN,20.5,0.0,100,9.8,154,1012.6,96,24140.0,6.81,7.05,0.5,-0.1,-0.2,0.0,0.0,0.0,11.1,7.28,0,0,0,0,0,0,0,0,0,0,0,0
2026-02-06 01:00:00,HAN,20.5,0.0,100,7.6,153,1012.4,97,24140.0,5.18,5.56,0.0,0.7,-0.7,0.0,0.0,0.0,11.1,7.28,0,0,0,0,0,0,0,0,0,0,0,0
2026-02-06 02:00:00,HAN,20.6,0.0,100,7.7,155,1011.9,97,24140.0,5.44,5.44,0.1,0.6,-1.0,0.0,0.0,0.0,9.8,6.81,0,0,0,0,0,0,0,0,0,0,0,0
2026-02-06 03:00:00,HAN,20.5,0.0,100,7.1,161,1011.3,97,24140.0,5.52,4.47,-0.1,0.0,-1.3,0.0,0.0,0.0,7.7,5.52,0,0,0,0,0,0,0,0,0,0,0,0
2026-02-06 04:00:00,HAN,20.5,0.0,100,7.5,156,1011.2,97,24140.0,5.4,5.21,0.0,0.0,-1.2,0.0,0.0,0.0,7.7,5.52,0,0,0,0,0,0,0,0,0,0,0,0
2026-02-06 05:00:00,HAN,20.5,0.0,100,6.8,153,1011.4,98,24140.0,4.64,4.97,0.0,-0.1,-0.5,0.0,0.0,0.0,7.5,5.52,0,0,0,0,0,0,0,0,0,0,0,0
2026-02-06 06:00:00,HAN,20.4,0.0,100,7.2,141,1011.8,98,24140.0,3.71,6.17,-0.1,-0.1,0.5,0.0,0.0,0.0,7.5,5.4,0,0,0,0,0,0,0,0,0,0,0,0
2026-02-06 07:00:00,HAN,20.5,0.0,100,7.8,142,1012.6,98,24140.0,4.13,6.61,0.1,0.0,1.4,0.0,0.0,0.0,7.8,4.64,0,0,0,0,0,0,0,0,0,0,0,0
2026-02-06 08:00:00,HAN,21.1,0.1,100,7.8,158,1013.2,94,24140.0,5.8,5.22,0.6,0.6,1.8,0.1,0.1,0.1,7.8,5.8,1,0,0,0,0,0,0,0,1,1,0,1
2026-02-06 09:00:00,HAN,22.1,0.0,84,5.7,162,1013.9,87,24140.0,4.49,3.51,1.0,1.7,2.1,0.0,0.1,0.1,7.8,5.8,0,0,0,0,0,0,0,0,0,0,0,0
2026-02-06 10:00:00,HAN,23.5,0.0,97,1.8,135,1014.0,78,24140.0,0.76,1.63,1.4,3.0,1.4,0.0,0.1,0.1,7.8,5.8,0,0,0,0,0,0,0,0,0,0,0,0
2026-02-06 11:00:00,HAN,24.9,0.2,100,1.9,17,1013.5,70,24140.0,1.9,-0.1,1.4,3.8,0.3,0.2,0.2,0.3,5.7,4.49,1,0,0,0,0,0,0,0,1,1,0,1
2026-02-06 12:00:00,HAN,25.2,0.1,100,2.1,38,1012.7,69,24140.0,2.0,0.65,0.3,3.1,-1.2,0.1,0.3,0.4,2.1,2.0,1,0,0,0,0,0,0,0,1,1,0,1
2026-02-06 13:00:00,HAN,25.9,0.2,67,5.0,77,1011.5,66,24140.0,2.72,4.19,0.7,2.4,-2.5,0.2,0.5,0.6,5.0,2.72,1,0,0,0,0,0,0,0,0,1,0,0
2026-02-06 14:00:00,HAN,26.4,0.0,99,6.0,97,1010.5,63,24140.0,1.35,5.85,0.5,1.5,-3.0,0.0,0.3,0.5,6.0,2.72,0,0,0,0,0,0,0,0,0,0,0,0
2026-02-06 15:00:00,HAN,26.6,0.0,100,8.4,125,1010.0,62,24140.0,2.17,8.11,0.2,1.4,-2.7,0.0,0.2,0.5,8.4,2.72,0,0,0,0,0,0,0,0,0,0,0,0
2026-02-06 16:00:00,HAN,26.4,0.0,76,9.7,133,1009.9,63,24140.0,3.79,8.93,-0.2,0.5,-1.6,0.0,0.0,0.5,9.7,3.79,0,0,0,0,0,0,0,0,0,0,0,0
2026-02-06 17:00:00,HAN,25.8,0.0,34,13.2,122,1010.1,66,24140.0,2.74,12.91,-0.6,-0.6,-0.4,0.0,0.0,0.3,13.2,3.79,0,0,0,0,0,0,0,0,0,0,0,0
2026-02-06 18:00:00,HAN,23.2,0.0,21,14.5,126,1011.0,80,24140.0,4.0,13.94,-2.6,-3.4,1.0,0.0,0.0,0.2,14.5,4.0,0,0,0,0,0,0,0,0,0,0,0,0
2026-02-06 19:00:00,HAN,22.2,0.0,3,15.1,135,1011.8,88,24140.0,6.38,13.69,-1.0,-4.2,1.9,0.0,0.0,0.0,15.1,6.38,0,0,0,0,0,0,0,0,0,0,0,0
2026-02-06 20:00:00,HAN,21.4,0.0,5,11.9,139,1012.7,93,24140.0,5.77,10.41,-0.8,-4.4,2.6,0.0,0.0,0.0,15.1,6.38,0,0,0,0,0,0,0,0,0,0,0,0
2026-02-06 21:00:00,HAN,20.8,0.0,64,10.2,129,1013.4,96,24140.0,3.32,9.64,-0.6,-2.4,2.4,0.0,0.0,0.0,15.1,6.38,0,0,0,0,0,0,0,0,0,0,0,0
2026-02-06 22:00:00,HAN,20.8,0.0,100,9.1,126,1013.8,98,24140.0,2.51,8.75,0.0,-1.4,2.0,0.0,0.0,0.0,11.9,5.77,0,0,0,0,0,0,0,0,0,0,0,0
2026-02-06 23:00:00,HAN,21.0,0.0,100,10.4,127,1013.8,96,24140.0,3.04,9.95,0.2,-0.4,1.1,0.0,0.0,0.0,10.4,3.32,0,0,0,0,0,0,0,0,0,0,0,0
2026-02-07 00:00:00,HAN,21.0,0.0,100,10.2,129,1013.9,95,24140.0,3.32,9.64,0.0,0.2,0.5,0.0,0.0,0.0,10.4,3.32,0,0,0,0,0,0,0,0,0,0,0,0
2026-02-07 01:00:00,HAN,21.0,0.0,93,12.0,140,1013.2,98,24140.0,6.0,10.39,0.0,0.2,-0.6,0.0,0.0,0.0,12.0,6.0,0,0,0,0,0,0,0,0,0,0,0,0
2026-02-07 02:00:00,HAN,21.0,0.1,88,12.1,143,1012.9,98,24140.0,6.59,10.15,0.0,0.0,-0.9,0.1,0.1,0.1,12.1,6.59,1,0,0,0,0,0,0,0,1,1,0,1
2026-02-07 03:00:00,HAN,20.7,0.0,100,8.8,139,1012.9,98,24140.0,4.27,7.7,-0.3,-0.3,-1.0,0.0,0.1,0.1,12.1,6.59,0,0,0,0,0,0,0,0,0,0,0,0
2026-02-07 04:00:00,HAN,20.4,0.0,100,9.2,130,1013.0,100,24140.0,3.15,8.65,-0.3,-0.6,-0.2,0.0,0.1,0.1,12.1,6.59,0,0,0,0,0,0,0,0,0,0,0,0
2026-02-07 05:00:00,HAN,20.4,0.0,100,9.7,125,1013.3,100,24140.0,2.51,9.37,0.0,-0.6,0.4,0.0,0.0,0.1,9.7,4.27,0,0,0,0,0,0,0,0,0,0,0,0
2026-02-07 06:00:00,HAN,20.3,0.0,100,11.1,124,1014.1,99,24140.0,2.69,10.77,-0.1,-0.4,1.2,0.0,0.0,0.1,11.1,3.15,0,0,0,0,0,0,0,0,0,0,0,0
2026-02-07 07:00:00,HAN,20.2,0.0,100,11.0,130,1014.7,97,24140.0,3.76,10.34,-0.1,-0.2,1.7,0.0,0.0,0.1,11.1,3.76,0,0,0,0,0,0,0,0,0,0,0,0
2026-02-07 08:00:00,HAN,21.0,0.0,65,12.4,132,1015.7,94,24140.0,4.65,11.5,0.8,0.6,2.4,0.0,0.0,0.0,12.4,4.65,0,0,0,0,0,0,0,0,0,0,0,0
2026-02-07 09:00:00,HAN,22.0,0.1,96,11.8,130,1016.4,87,24140.0,4.04,11.09,1.0,1.7,2.3,0.1,0.1,0.1,12.4,4.65,1,0,0,0,0,0,0,0,1,1,0,1
2026-02-07 10:00:00,HAN,23.2,0.1,95,11.9,122,1016.5,78,24140.0,2.47,11.64,1.2,3.0,1.8,0.1,0.2,0.2,12.4,4.65,1,0,0,0,0,0,0,0,1,1,0,1
2026-02-07 11:00:00,HAN,24.2,0.2,100,14.6,135,1015.8,72,24140.0,6.17,13.23,1.0,3.2,0.1,0.2,0.4,0.4,14.6,6.17,1,0,0,0,0,0,0,0,1,1,0,1
2026-02-07 12:00:00,HAN,24.1,0.1,100,16.0,139,1015.0,72,24140.0,7.76,13.99,-0.1,2.1,-1.4,0.1,0.4,0.5,16.0,7.76,1,0,0,0,0,0,0,0,1,1,0,1
2026-02-07 13:00:00,HAN,23.9,0.1,97,17.1,147,1014.1,71,24140.0,10.29,13.66,-0.2,0.7,-2.4,0.1,0.4,0.6,17.1,10.29,1,0,0,0,0,0,0,0,1,1,0,1
2026-02-07 14:00:00,HAN,24.5,0.0,99,16.2,136,1013.0,68,24140.0,7.1,14.56,0.6,0.3,-2.8,0.0,0.2,0.6,17.1,10.29,0,0,0,0,0,0,0,0,0,0,0,0
2026-02-07 15:00:00,HAN,25.0,0.0,93,16.0,133,1012.4,64,24140.0,6.25,14.73,0.5,0.9,-2.6,0.0,0.1,0.5,17.1,10.29,0,0,0,0,0,0,0,0,0,0,0,0
2026-02-07 16:00:00,HAN,25.1,0.0,43,15.3,127,1012.0,62,24140.0,4.47,14.63,0.1,1.2,-2.1,0.0,0.0,0.4,16.2,7.1,0,0,0,0,0,0,0,0,0,0,0,0
2026-02-07 17:00:00,HAN,24.9,0.0,100,13.5,124,1012.6,62,24140.0,3.27,13.1,-0.2,0.4,-0.4,0.0,0.0,0.2,16.0,6.25,0,0,0,0,0,0,0,0,0,0,0,0
2026-02-07 18:00:00,HAN,23.8,0.0,100,13.7,120,1013.3,65,24140.0,2.38,13.49,-1.1,-1.2,0.9,0.0,0.0,0.1,15.3,4.47,0,0,0,0,0,0,0,0,0,0,0,0
2026-02-07 19:00:00,HAN,22.0,0.0,31,13.5,124,1014.3,76,24140.0,3.27,13.1,-1.8,-3.1,2.3,0.0,0.0,0.0,13.7,3.27,0,0,0,0,0,0,0,0,0,0,0,0
2026-02-07 20:00:00,HAN,21.4,0.0,95,12.5,123,1015.3,79,24140.0,2.81,12.18,-0.6,-3.5,2.7,0.0,0.0,0.0,13.7,3.27,0,0,0,0,0,0,0,0,0,0,0,0
2026-02-07 21:00:00,HAN,21.0,0.0,100,12.7,117,1016.0,82,24140.0,1.55,12.61,-0.4,-2.8,2.7,0.0,0.0,0.0,13.5,3.27,0,0,0,0,0,0,0,0,0,0,0,0
2026-02-07 22:00:00,HAN,20.6,0.0,100,11.6,108,1016.3,83,24140.0,0.4,11.59,-0.4,-1.4,2.0,0.0,0.0,0.0,12.7,2.81,0,0,0,0,0,0,0,0,0,0,0,0
2026-02-07 23:00:00,HAN,20.5,0.0,100,8.3,86,1016.5,84,24140.0,3.38,7.58,-0.1,-0.9,1.2,0.0,0.0,0.0,12.7,3.38,0,0,0,0,0,0,0,0,0,0,0,0
2026-02-08 00:00:00,HAN,20.0,0.6,100,8.0,67,1016.9,92,22780.0,5.46,5.85,-0.5,-1.0,0.9,0.6,0.6,0.6,11.6,5.46,1,0,0,0,0,0,0,0,1,1,0,1
2026-02-08 01:00:00,HAN,20.0,0.7,100,8.3,74,1016.9,93,18960.0,4.88,6.71,0.0,-0.6,0.6,0.7,1.3,1.3,8.3,5.46,1,0,0,0,0,0,0,0,1,1,0,1
2026-02-08 02:00:00,HAN,19.2,1.0,100,14.0,49,1016.8,95,10120.0,12.24,6.79,-0.8,-1.3,0.3,1.0,2.3,2.3,14.0,12.24,1,0,0,0,0,0,0,0,1,1,0,1
2026-02-08 03:00:00,HAN,18.0,0.7,100,18.2,43,1017.0,92,24140.0,16.75,7.11,-1.2,-2.0,0.1,0.7,2.4,3.0,18.2,16.75,1,0,0,0,0,0,0,0,1,1,0,1
2026-02-08 04:00:00,HAN,17.5,0.3,100,20.8,43,1017.2,88,21860.0,19.15,8.13,-0.5,-2.5,0.3,0.3,2.0,3.3,20.8,19.15,1,0,0,0,0,0,0,0,1,1,0,1
2026-02-08 05:00:00,HAN,17.0,0.2,100,22.6,42,1018.1,85,24140.0,20.95,8.47,-0.5,-2.2,1.3,0.2,1.2,3.5,22.6,20.95,1,0,0,0,0,0,0,0,1,1,0,1
2026-02-08 06:00:00,HAN,15.9,0.6,100,23.0,44,1019.3,91,17800.0,21.01,9.35,-1.1,-2.1,2.3,0.6,1.1,3.5,23.0,21.01,1,0,0,0,0,0,0,0,1,1,0,1
2026-02-08 07:00:00,HAN,15.6,1.5,100,25.7,37,1020.1,92,21240.0,24.58,7.51,-0.3,-1.9,2.9,1.5,2.3,4.3,25.7,24.58,1,0,0,0,0,0,0,0,1,1,0,1
2026-02-08 08:00:00,HAN,14.8,1.5,100,25.3,38,1021.2,91,12080.0,24.06,7.82,-0.8,-2.2,3.1,1.5,3.6,4.8,25.7,24.58,1,0,0,0,0,0,0,0,1,1,0,1
2026-02-08 09:00:00,HAN,14.4,1.2,100,24.2,35,1022.6,90,14420.0,23.38,6.26,-0.4,-1.5,3.3,1.2,4.2,5.3,25.7,24.58,1,0,0,0,0,0,0,0,1,1,0,1
2026-02-08 10:00:00,HAN,14.1,1.3,100,22.8,30,1024.0,90,24140.0,22.45,3.96,-0.3,-1.5,3.9,1.3,4.0,6.3,25.3,24.06,1,0,0,0,0,0,0,0,1,1,0,1
2026-02-08 11:00:00,HAN,14.3,1.0,100,18.0,22,1023.9,90,17700.0,17.99,0.63,0.2,-0.5,2.7,1.0,3.5,7.1,24.2,23.38,1,0,0,0,0,0,0,0,1,1,0,1
2026-02-08 12:00:00,HAN,14.1,0.7,100,18.7,13,1023.4,89,24060.0,18.56,-2.28,-0.2,-0.3,0.8,0.7,3.0,7.2,22.8,22.45,1,0,0,0,0,0,0,0,1,1,0,1
2026-02-08 13:00:00,HAN,13.9,0.6,100,20.2,23,1022.5,90,14600.0,20.17,1.06,-0.2,-0.2,-1.5,0.6,2.3,6.3,20.2,20.17,1,0,0,0,0,0,0,0,1,1,0,1
2026-02-08 14:00:00,HAN,14.1,0.3,100,21.7,24,1021.9,82,24140.0,21.65,1.51,0.2,-0.2,-2.0,0.3,1.6,5.1,21.7,21.65,1,0,0,0,0,0,0,0,1,1,0,1
2026-02-08 15:00:00,HAN,13.8,0.3,100,19.5,31,1021.4,80,24140.0,19.14,3.72,-0.3,-0.3,-2.0,0.3,1.2,4.2,21.7,21.65,1,0,0,0,0,0,0,0,1,1,0,1
2026-02-08 16:00:00,HAN,12.8,0.6,100,18.9,39,1021.5,90,24140.0,17.87,6.15,-1.0,-1.1,-1.0,0.6,1.2,3.5,21.7,21.65,1,0,0,0,0,0,0,0,1,1,0,1
2026-02-08 17:00:00,HAN,12.4,1.1,100,18.6,41,1021.9,91,23600.0,17.36,6.67,-0.4,-1.7,0.0,1.1,2.0,3.6,19.5,19.14,1,0,0,0,0,0,0,0,1,1,0,1
2026-02-08 18:00:00,HAN,12.1,0.7,100,17.9,39,1022.0,91,24140.0,16.92,5.83,-0.3,-1.7,0.6,0.7,2.4,3.6,18.9,17.87,1,0,0,0,0,0,0,0,1,1,0,1
2026-02-08 19:00:00,HAN,12.4,0.3,100,17.9,36,1022.4,90,24140.0,17.21,4.93,0.3,-0.4,0.9,0.3,2.1,3.3,18.6,17.36,1,0,0,0,0,0,0,0,1,1,0,1
2026-02-08 20:00:00,HAN,12.1,0.3,100,18.2,46,1022.4,90,24140.0,16.36,7.98,-0.3,-0.3,0.5,0.3,1.3,3.3,18.2,17.21,1,0,0,0,0,0,0,0,1,1,0,1
2026-02-08 21:00:00,HAN,12.2,0.1,100,14.2,30,1023.0,88,24140.0,13.98,2.47,0.1,0.1,1.0,0.1,0.7,3.1,18.2,17.21,1,0,0,0,0,0,0,0,1,1,0,1
2026-02-08 22:00:00,HAN,12.0,1.1,100,12.8,29,1023.3,92,24140.0,12.64,2.0,-0.2,-0.4,0.9,1.1,1.5,3.6,18.2,16.36,1,0,0,0,0,0,0,0,1,1,0,1
2026-02-08 23:00:00,HAN,11.9,0.5,100,14.2,32,1022.9,93,24140.0,13.89,2.95,-0.1,-0.2,0.5,0.5,1.7,3.0,14.2,13.98,1,0,0,0,0,0,0,0,1,1,0,1
2026-02-09 00:00:00,HAN,11.8,0.2,100,14.8,30,1022.4,93,19760.0,14.58,2.57,-0.1,-0.4,-0.6,0.2,1.8,2.5,14.8,14.58,1,0,0,0,0,0,0,0,1,1,0,1
2026-02-09 01:00:00,HAN,12.0,0.4,100,12.8,22,1022.0,92,17720.0,12.79,0.45,0.2,0.0,-1.3,0.4,1.1,2.6,14.8,14.58,1,0,0,0,0,0,0,0,1,1,0,1
2026-02-09 02:00:00,HAN,11.9,0.6,100,13.1,23,1021.1,94,24120.0,13.08,0.69,-0.1,0.0,-1.8,0.6,1.2,2.9,14.8,14.58,1,0,0,0,0,0,0,0,1,1,0,1
2026-02-09 03:00:00,HAN,11.7,0.4,100,12.5,30,1020.7,94,23980.0,12.31,2.17,-0.2,-0.1,-1.7,0.4,1.4,3.2,13.1,13.08,1,0,0,0,0,0,0,0,1,1,0,1
2026-02-09 04:00:00,HAN,11.6,0.2,100,12.5,23,1020.4,94,24140.0,12.48,0.65,-0.1,-0.4,-1.6,0.2,1.2,2.3,13.1,13.08,1,0,0,0,0,0,0,0,1,1,0,1
2026-02-09 05:00:00,HAN,11.5,0.4,100,11.9,20,1020.2,94,24140.0,11.9,0.0,-0.1,-0.4,-0.9,0.4,1.0,2.2,12.5,12.48,1,0,0,0,0,0,0,0,1,1,0,1
2026-02-09 06:00:00,HAN,11.4,0.3,100,11.7,18,1020.7,95,24140.0,11.69,-0.41,-0.1,-0.3,0.0,0.3,0.9,2.3,12.5,12.48,1,0,0,0,0,0,0,0,1,1,0,1
2026-02-09 07:00:00,HAN,11.5,0.3,100,12.3,22,1021.0,94,23080.0,12.29,0.43,0.1,-0.1,0.6,0.3,1.0,2.2,12.3,12.29,1,0,0,0,0,0,0,0,1,1,0,1
2026-02-09 08:00:00,HAN,11.7,1.1,100,10.3,11,1021.7,94,24140.0,10.17,-1.61,0.2,0.2,1.5,1.1,1.7,2.7,12.3,12.29,1,0,0,0,0,0,0,0,1,1,0,1
2026-02-09 09:00:00,HAN,12.0,0.9,100,8.5,21,1022.4,95,24140.0,8.5,0.15,0.3,0.6,1.7,0.9,2.3,3.2,12.3,12.29,1,0,0,0,0,0,0,0,1,1,0,1
2026-02-09 10:00:00,HAN,12.6,0.9,100,6.9,14,1022.4,93,24140.0,6.86,-0.72,0.6,1.1,1.4,0.9,2.9,3.9,10.3,10.17,1,0,0,0,0,0,0,0,1,1,0,1
2026-02-09 11:00:00,HAN,14.6,0.2,100,5.4,356,1021.3,80,24140.0,4.93,-2.2,2.0,2.9,-0.4,0.2,2.0,3.7,8.5,8.5,1,0,0,0,0,0,0,0,1,1,0,1
2026-02-09 12:00:00,HAN,15.4,0.0,100,4.8,333,1019.8,75,24140.0,3.27,-3.51,0.8,3.4,-2.6,0.0,1.1,3.4,6.9,6.86,0,0,0,0,0,0,0,0,0,0,0,0
2026-02-09 13:00:00,HAN,15.1,0.0,100,2.7,4,1018.7,76,24140.0,2.6,-0.74,-0.3,2.5,-3.7,0.0,0.2,3.1,5.4,4.93,0,0,0,0,0,0,0,0,0,0,0,0
2026-02-09 14:00:00,HAN,15.9,0.0,100,2.2,55,1017.6,73,24140.0,1.8,1.26,0.8,1.3,-3.7,0.0,0.0,2.0,4.8,3.27,0,0,0,0,0,0,0,0,0,0,0,0
2026-02-09 15:00:00,HAN,16.5,0.0,100,3.4,72,1016.8,71,24140.0,2.09,2.68,0.6,1.1,-3.0,0.0,0.0,1.1,3.4,2.6,0,0,0,0,0,0,0,0,0,0,0,0
2026-02-09 16:00:00,HAN,16.8,0.0,62,6.1,87,1016.4,70,24140.0,2.38,5.62,0.3,1.7,-2.3,0.0,0.0,0.2,6.1,2.38,0,0,0,0,0,0,0,0,0,0,0,0
2026-02-09 17:00:00,HAN,16.3,0.0,51,7.2,93,1016.3,72,24140.0,2.11,6.89,-0.5,0.4,-1.3,0.0,0.0,0.0,7.2,2.38,0,0,0,0,0,0,0,0,0,0,0,0
2026-02-09 18:00:00,HAN,15.1,0.0,21,3.8,98,1016.4,79,24140.0,0.79,3.72,-1.2,-1.4,-0.4,0.0,0.0,0.0,7.2,2.38,0,0,0,0,0,0,0,0,0,0,0,0
2026-02-09 19:00:00,HAN,13.8,0.0,87,6.0,97,1017.0,83,24140.0,1.35,5.85,-1.3,-3.0,0.6,0.0,0.0,0.0,7.2,2.11,0,0,0,0,0,0,0,0,0,0,0,0
2026-02-09 20:00:00,HAN,13.6,0.0,100,6.4,82,1017.8,85,24140.0,3.0,5.65,-0.2,-2.7,1.5,0.0,0.0,0.0,6.4,3.0,0,0,0,0,0,0,0,0,0,0,0,0
2026-02-09 21:00:00,HAN,13.1,0.0,52,4.5,56,1017.9,88,24140.0,3.64,2.65,-0.5,-2.0,1.5,0.0,0.0,0.0,6.4,3.64,0,0,0,0,0,0,0,0,0,0,0,0
2026-02-09 22:00:00,HAN,12.6,0.0,97,4.0,32,1017.9,92,24140.0,3.91,0.83,-0.5,-1.2,0.9,0.0,0.0,0.0,6.4,3.91,0,0,0,0,0,0,0,0,0,0,0,0
2026-02-09 23:00:00,HAN,12.9,0.0,100,3.8,19,1017.7,91,24140.0,3.8,-0.07,0.3,-0.7,-0.1,0.0,0.0,0.0,4.5,3.91,0,0,0,0,0,0,0,0,0,0,0,0
2026-02-10 00:00:00,HAN,13.1,0.0,100,4.6,13,1017.5,90,24140.0,4.57,-0.56,0.2,0.0,-0.4,0.0,0.0,0.0,4.6,4.57,0,0,0,0,0,0,0,0,0,0,0,0
2026-02-10 01:00:00,HAN,13.6,0.0,100,5.4,14,1017.3,90,24140.0,5.37,-0.56,0.5,1.0,-0.6,0.0,0.0,0.0,5.4,5.37,0,0,0,0,0,0,0,0,0,0,0,0
2026-02-10 02:00:00,HAN,13.9,0.0,100,4.8,11,1016.8,89,24140.0,4.74,-0.75,0.3,1.0,-0.9,0.0,0.0,0.0,5.4,5.37,0,0,0,0,0,0,0,0,0,0,0,0
2026-02-10 03:00:00,HAN,13.9,0.0,100,5.2,2,1016.5,88,24140.0,4.95,-1.61,0.0,0.8,-1.0,0.0,0.0,0.0,5.4,5.37,0,0,0,0,0,0,0,0,0,0,0,0
2026-02-10 04:00:00,HAN,13.9,0.0,100,5.4,352,1016.3,88,24140.0,4.77,-2.54,0.0,0.3,-1.0,0.0,0.0,0.0,5.4,4.95,0,0,0,0,0,0,0,0,0,0,0,0
2026-02-10 05:00:00,HAN,14.0,0.0,100,4.6,339,1016.5,87,24140.0,3.47,-3.02,0.1,0.1,-0.3,0.0,0.0,0.0,5.4,4.95,0,0,0,0,0,0,0,0,0,0,0,0
2026-02-10 06:00:00,HAN,14.1,0.0,100,4.2,320,1017.1,88,24140.0,2.1,-3.64,0.1,0.2,0.6,0.0,0.0,0.0,5.4,4.77,0,0,0,0,0,0,0,0,0,0,0,0
2026-02-10 07:00:00,HAN,13.9,0.0,100,4.3,265,1018.0,88,24140.0,1.82,-3.9,-0.2,0.0,1.7,0.0,0.0,0.0,4.6,3.47,0,0,0,0,0,0,0,0,0,0,0,0
2026-02-10 08:00:00,HAN,14.5,0.0,100,4.3,268,1018.5,86,24140.0,1.61,-3.99,0.6,0.5,2.0,0.0,0.0,0.0,4.3,2.1,0,0,0,0,0,0,0,0,0,0,0,0
2026-02-10 09:00:00,HAN,15.6,0.0,100,4.5,263,1019.0,83,24140.0,2.04,-4.01,1.1,1.5,1.9,0.0,0.0,0.0,4.5,2.04,0,0,0,0,0,0,0,0,0,0,0,0
2026-02-10 10:00:00,HAN,16.7,0.0,100,3.8,265,1019.0,79,24140.0,1.61,-3.44,1.1,2.8,1.0,0.0,0.0,0.0,4.5,2.04,0,0,0,0,0,0,0,0,0,0,0,0
2026-02-10 11:00:00,HAN,18.2,0.0,100,2.9,259,1018.5,74,24140.0,1.49,-2.49,1.5,3.7,0.0,0.0,0.0,0.0,4.5,2.04,0,0,0,0,0,0,0,0,0,0,0,0
2026-02-10 12:00:00,HAN,20.1,0.0,100,1.6,186,1017.4,69,24140.0,1.55,0.39,1.9,4.5,-1.6,0.0,0.0,0.0,3.8,1.61,0,0,0,0,0,0,0,0,0,0,0,0
2026-02-10 13:00:00,HAN,20.5,0.0,100,5.0,134,1016.2,69,24140.0,2.03,4.57,0.4,3.8,-2.8,0.0,0.0,0.0,5.0,2.03,0,0,0,0,0,0,0,0,0,0,0,0
2026-02-10 14:00:00,HAN,21.6,0.0,99,7.0,167,1015.1,66,24140.0,5.87,3.81,1.1,3.4,-3.4,0.0,0.0,0.0,7.0,5.87,0,0,0,0,0,0,0,0,0,0,0,0
2026-02-10 15:00:00,HAN,22.4,0.0,100,13.4,184,1014.4,65,24140.0,12.88,3.69,0.8,2.3,-3.0,0.0,0.0,0.0,13.4,12.88,0,0,0,0,0,0,0,0,0,0,0,0
2026-02-10 16:00:00,HAN,22.2,0.0,100,11.8,164,1014.6,65,24140.0,9.55,6.94,-0.2,1.7,-1.6,0.0,0.0,0.0,13.4,12.88,0,0,0,0,0,0,0,0,0,0,0,0
2026-02-10 17:00:00,HAN,21.9,0.0,16,7.5,114,1014.6,67,24140.0,0.52,7.48,-0.3,0.3,-0.5,0.0,0.0,0.0,13.4,12.88,0,0,0,0,0,0,0,0,0,0,0,0
2026-02-10 18:00:00,HAN,20.1,0.0,98,6.9,76,1015.0,76,24140.0,3.86,5.72,-1.8,-2.3,0.6,0.0,0.0,0.0,11.8,9.55,0,0,0,0,0,0,0,0,0,0,0,0
2026-02-10 19:00:00,HAN,19.3,0.0,45,8.9,56,1016.0,82,24140.0,7.2,5.23,-0.8,-2.9,1.4,0.0,0.0,0.0,8.9,7.2,0,0,0,0,0,0,0,0,0,0,0,0
2026-02-10 20:00:00,HAN,18.4,0.0,100,8.5,48,1016.9,87,24140.0,7.51,3.99,-0.9,-3.5,2.3,0.0,0.0,0.0,8.9,7.51,0,0,0,0,0,0,0,0,0,0,0,0
2026-02-10 21:00:00,HAN,18.9,0.0,100,9.0,43,1017.9,84,24140.0,8.28,3.52,0.5,-1.2,2.9,0.0,0.0,0.0,9.0,8.28,0,0,0,0,0,0,0,0,0,0,0,0
2026-02-10 22:00:00,HAN,18.9,0.0,100,9.9,44,1018.1,84,24140.0,9.04,4.03,0.0,-0.4,2.1,0.0,0.0,0.0,9.9,9.04,0,0,0,0,0,0,0,0,0,0,0,0
2026-02-10 23:00:00,HAN,18.7,0.0,100,8.9,45,1018.0,86,24140.0,8.07,3.76,-0.2,0.3,1.1,0.0,0.0,0.0,9.9,9.04,0,0,0,0,0,0,0,0,0,0,0,0
2026-02-11 00:00:00,HAN,18.5,0.0,100,6.6,55,1018.1,87,24140.0,5.41,3.79,-0.2,-0.4,0.2,0.0,0.0,0.0,9.9,9.04,0,0,0,0,0,0,0,0,0,0,0,0
2026-02-11 01:00:00,HAN,18.1,0.1,100,5.7,55,1018.3,89,24140.0,4.67,3.27,-0.4,-0.8,0.2,0.1,0.1,0.1,8.9,8.07,1,0,0,0,0,0,0,0,1,1,0,1
2026-02-11 02:00:00,HAN,18.0,0.1,100,3.6,60,1018.0,91,24140.0,2.76,2.31,-0.1,-0.7,0.0,0.1,0.2,0.2,6.6,5.41,1,0,0,0,0,0,0,0,1,1,0,1
2026-02-11 03:00:00,HAN,18.0,0.1,100,3.5,24,1017.9,92,24100.0,3.49,0.24,0.0,-0.5,-0.2,0.1,0.3,0.3,5.7,4.67,1,0,0,0,0,0,0,0,1,1,0,1
2026-02-11 04:00:00,HAN,17.9,0.0,100,6.5,28,1018.1,93,24140.0,6.44,0.9,-0.1,-0.2,-0.2,0.0,0.2,0.3,6.5,6.44,0,0,0,0,0,0,0,0,0,0,0,0
2026-02-11 05:00:00,HAN,17.8,0.2,100,7.8,26,1018.3,96,15320.0,7.76,0.82,-0.1,-0.2,0.3,0.2,0.3,0.5,7.8,7.76,1,0,0,0,0,0,0,0,1,1,0,1
2026-02-11 06:00:00,HAN,17.9,0.7,100,8.9,36,1019.0,96,18840.0,8.56,2.45,0.1,-0.1,1.1,0.7,0.9,1.2,8.9,8.56,1,0,0,0,0,0,0,0,1,1,0,1
2026-02-11 07:00:00,HAN,17.4,0.8,100,13.5,38,1020.1,96,20580.0,12.84,4.17,-0.5,-0.5,2.0,0.8,1.7,1.9,13.5,12.84,1,0,0,0,0,0,0,0,1,1,0,1
2026-02-11 08:00:00,HAN,16.8,0.3,100,14.6,38,1020.7,95,19820.0,13.89,4.51,-0.6,-1.0,2.4,0.3,1.8,2.1,14.6,13.89,1,0,0,0,0,0,0,0,1,1,0,1
2026-02-11 09:00:00,HAN,17.0,0.2,100,13.2,38,1021.6,89,20440.0,12.55,4.08,0.2,-0.9,2.6,0.2,1.3,2.2,14.6,13.89,1,0,0,0,0,0,0,0,1,1,0,1
2026-02-11 10:00:00,HAN,17.5,0.1,100,12.4,28,1022.1,82,24140.0,12.28,1.73,0.5,0.1,2.0,0.1,0.6,2.3,14.6,13.89,1,0,0,0,0,0,0,0,1,1,0,1
2026-02-11 11:00:00,HAN,18.0,0.0,100,12.3,34,1021.2,77,24140.0,11.93,2.98,0.5,1.2,0.5,0.0,0.3,2.1,13.2,12.55,0,0,0,0,0,0,0,0,0,0,0,0
2026-02-11 12:00:00,HAN,20.0,0.0,100,12.2,44,1019.9,69,24140.0,11.15,4.96,2.0,3.0,-1.7,0.0,0.1,1.4,12.4,12.28,0,0,0,0,0,0,0,0,0,0,0,0
2026-02-11 13:00:00,HAN,19.2,0.0,100,13.3,28,1019.0,74,24140.0,13.17,1.85,-0.8,1.7,-3.1,0.0,0.0,0.6,13.3,13.17,0,0,0,0,0,0,0,0,0,0,0,0
2026-02-11 14:00:00,HAN,19.7,0.0,100,13.3,30,1018.0,71,24140.0,13.1,2.31,0.5,1.7,-3.2,0.0,0.0,0.3,13.3,13.17,0,0,0,0,0,0,0,0,0,0,0,0
2026-02-11 15:00:00,HAN,19.9,0.0,100,12.7,38,1017.2,70,24140.0,12.08,3.92,0.2,-0.1,-2.7,0.0,0.0,0.1,13.3,13.17,0,0,0,0,0,0,0,0,0,0,0,0
2026-02-11 16:00:00,HAN,19.8,0.0,100,11.8,36,1016.9,69,24140.0,11.34,3.25,-0.1,0.6,-2.1,0.0,0.0,0.0,13.3,13.1,0,0,0,0,0,0,0,0,0,0,0,0
2026-02-11 17:00:00,HAN,19.5,0.0,100,9.9,29,1016.8,70,24140.0,9.78,1.55,-0.3,-0.2,-1.2,0.0,0.0,0.0,12.7,12.08,0,0,0,0,0,0,0,0,0,0,0,0
2026-02-11 18:00:00,HAN,19.0,0.0,100,6.5,30,1016.8,71,24140.0,6.4,1.13,-0.5,-0.9,-0.4,0.0,0.0,0.0,11.8,11.34,0,0,0,0,0,0,0,0,0,0,0,0
2026-02-11 19:00:00,HAN,18.4,0.0,100,7.7,39,1016.8,78,24140.0,7.28,2.51,-0.6,-1.4,-0.1,0.0,0.0,0.0,9.9,9.78,0,0,0,0,0,0,0,0,0,0,0,0
2026-02-11 20:00:00,HAN,18.0,0.0,100,6.9,23,1017.1,79,24140.0,6.89,0.36,-0.4,-1.5,0.3,0.0,0.0,0.0,7.7,7.28,0,0,0,0,0,0,0,0,0,0,0,0
2026-02-11 21:00:00,HAN,18.0,0.0,100,7.8,26,1017.4,78,24140.0,7.76,0.82,0.0,-1.0,0.6,0.0,0.0,0.0,7.8,7.76,0,0,0,0,0,0,0,0,0,0,0,0
2026-02-11 22:00:00,HAN,18.0,0.0,100,7.6,22,1017.6,77,24140.0,7.6,0.27,0.0,-0.4,0.8,0.0,0.0,0.0,7.8,7.76,0,0,0,0,0,0,0,0,0,0,0,0
2026-02-11 23:00:00,HAN,18.0,0.0,100,7.8,38,1017.7,76,24140.0,7.42,2.41,0.0,0.0,0.6,0.0,0.0,0.0,7.8,7.76,0,0,0,0,0,0,0,0,0,0,0,0
2026-02-12 00:00:00,HAN,18.0,0.0,100,8.3,57,1017.5,77,24140.0,6.63,5.0,0.0,0.0,0.1,0.0,0.0,0.0,8.3,7.6,0,0,0,0,0,0,0,0,0,0,0,0
2026-02-12 01:00:00,HAN,17.1,0.0,100,6.5,44,1017.3,83,24140.0,5.94,2.64,-0.9,-0.9,-0.3,0.0,0.0,0.0,8.3,7.42,0,0,0,0,0,0,0,0,0,0,0,0
2026-02-12 02:00:00,HAN,17.0,0.0,100,6.1,34,1016.8,83,24140.0,5.92,1.48,-0.1,-1.0,-0.9,0.0,0.0,0.0,8.3,6.63,0,0,0,0,0,0,0,0,0,0,0,0
2026-02-12 03:00:00,HAN,17.0,0.0,100,6.3,37,1016.2,84,24140.0,6.02,1.84,0.0,-1.0,-1.3,0.0,0.0,0.0,6.5,6.02,0,0,0,0,0,0,0,0,0,0,0,0
2026-02-12 04:00:00,HAN,17.1,0.0,100,6.7,71,1016.0,84,24140.0,4.22,5.21,0.1,0.0,-1.3,0.0,0.0,0.0,6.7,6.02,0,0,0,0,0,0,0,0,0,0,0,0
2026-02-12 05:00:00,HAN,17.0,0.0,100,5.5,67,1016.0,86,24140.0,3.75,4.02,-0.1,0.0,-0.8,0.0,0.0,0.0,6.7,6.02,0,0,0,0,0,0,0,0,0,0,0,0
2026-02-12 06:00:00,HAN,17.1,0.0,100,3.6,360,1016.5,86,24140.0,3.38,-1.23,0.1,0.1,0.3,0.0,0.0,0.0,6.7,4.22,0,0,0,0,0,0,0,0,0,0,0,0
2026-02-12 07:00:00,HAN,17.2,0.2,100,4.7,50,1017.5,87,24140.0,4.07,2.35,0.1,0.1,1.5,0.2,0.2,0.2,5.5,4.07,1,0,0,0,0,0,0,0,1,1,0,1
2026-02-12 08:00:00,HAN,17.6,0.0,100,5.9,70,1018.0,87,24140.0,3.79,4.52,0.4,0.6,2.0,0.0,0.2,0.2,5.9,4.07,0,0,0,0,0,0,0,0,0,0,0,0
2026-02-12 09:00:00,HAN,18.3,0.0,100,5.6,61,1018.5,84,24140.0,4.23,3.67,0.7,1.2,2.0,0.0,0.2,0.2,5.9,4.23,0,0,0,0,0,0,0,0,0,0,0,0
2026-02-12 10:00:00,HAN,19.4,0.0,100,9.3,108,1018.9,81,24140.0,0.32,9.29,1.1,2.2,1.4,0.0,0.0,0.2,9.3,4.23,0,0,0,0,0,0,0,0,0,0,0,0
2026-02-12 11:00:00,HAN,20.5,0.0,100,10.8,128,1018.0,79,24140.0,3.34,10.27,1.1,2.9,0.0,0.0,0.0,0.2,10.8,4.23,0,0,0,0,0,0,0,0,0,0,0,0
2026-02-12 12:00:00,HAN,21.0,0.0,100,10.0,150,1016.8,78,24140.0,6.43,7.66,0.5,2.7,-1.7,0.0,0.0,0.2,10.8,6.43,0,0,0,0,0,0,0,0,0,0,0,0
2026-02-12 13:00:00,HAN,21.8,0.0,100,9.8,166,1015.7,75,24140.0,8.12,5.48,0.8,2.4,-3.2,0.0,0.0,0.0,10.8,8.12,0,0,0,0,0,0,0,0,0,0,0,0
2026-02-12 14:00:00,HAN,23.1,0.1,100,11.2,184,1014.6,71,24140.0,10.77,3.09,1.3,2.6,-3.4,0.1,0.1,0.1,11.2,10.77,1,0,0,0,0,0,0,0,1,1,0,1
2026-02-12 15:00:00,HAN,23.7,0.1,100,14.0,171,1013.6,69,24140.0,12.24,6.79,0.6,2.7,-3.2,0.1,0.2,0.2,14.0,12.24,1,0,0,0,0,0,0,0,1,1,0,1
2026-02-12 16:00:00,HAN,23.7,0.0,73,13.5,155,1013.2,70,24140.0,9.55,9.55,0.0,1.9,-2.5,0.0,0.2,0.2,14.0,12.24,0,0,0,0,0,0,0,0,0,0,0,0
2026-02-12 17:00:00,HAN,22.9,0.0,100,12.6,147,1013.1,74,24140.0,7.58,10.06,-0.8,-0.2,-1.5,0.0,0.1,0.2,14.0,12.24,0,0,0,0,0,0,0,0,0,0,0,0
2026-02-12 18:00:00,HAN,22.0,0.0,100,9.5,141,1013.6,79,24140.0,4.89,8.14,-0.9,-1.7,0.0,0.0,0.0,0.2,13.5,9.55,0,0,0,0,0,0,0,0,0,0,0,0
2026-02-12 19:00:00,HAN,21.0,0.0,35,12.2,126,1013.9,85,24140.0,3.36,11.73,-1.0,-2.7,0.7,0.0,0.0,0.2,12.6,7.58,0,0,0,0,0,0,0,0,0,0,0,0
2026-02-12 20:00:00,HAN,20.1,0.0,89,13.1,127,1014.5,88,24140.0,3.83,12.53,-0.9,-2.8,1.4,0.0,0.0,0.1,13.1,4.89,0,0,0,0,0,0,0,0,0,0,0,0
2026-02-12 21:00:00,HAN,19.5,0.0,55,11.7,134,1014.9,92,24140.0,4.76,10.69,-0.6,-2.5,1.3,0.0,0.0,0.0,13.1,4.76,0,0,0,0,0,0,0,0,0,0,0,0
2026-02-12 22:00:00,HAN,18.6,0.0,16,9.8,140,1014.9,97,24140.0,4.9,8.49,-0.9,-2.4,1.0,0.0,0.0,0.0,13.1,4.9,0,0,0,0,0,0,0,0,0,0,0,0
2026-02-12 23:00:00,HAN,18.2,0.0,13,9.1,144,1014.7,98,24140.0,5.09,7.54,-0.4,-1.9,0.2,0.0,0.0,0.0,11.7,5.09,0,0,0,0,0,0,0,0,0,0,0,0
2026-02-13 00:00:00,HAN,18.2,0.0,100,7.3,136,1014.3,98,24140.0,3.2,6.56,0.0,-1.3,-0.6,0.0,0.0,0.0,9.8,5.09,0,0,0,0,0,0,0,0,0,0,0,0
2026-02-13 01:00:00,HAN,18.9,0.0,100,8.6,116,1013.8,99,24140.0,0.9,8.55,0.7,0.3,-1.1,0.0,0.0,0.0,9.1,5.09,0,0,0,0,0,0,0,0,0,0,0,0
2026-02-13 02:00:00,HAN,19.0,0.0,100,10.5,117,1013.4,98,24140.0,1.28,10.42,0.1,0.8,-1.3,0.0,0.0,0.0,10.5,3.2,0,0,0,0,0,0,0,0,0,0,0,0
2026-02-13 03:00:00,HAN,19.2,0.0,100,10.8,122,1013.0,98,24140.0,2.25,10.56,0.2,1.0,-1.3,0.0,0.0,0.0,10.8,2.25,0,0,0,0,0,0,0,0,0,0,0,0
2026-02-13 04:00:00,HAN,19.4,0.2,100,6.5,124,1013.2,98,24140.0,1.57,6.31,0.2,0.5,-0.6,0.2,0.2,0.2,10.8,2.25,1,0,0,0,0,0,0,0,1,1,0,1
2026-02-13 05:00:00,HAN,19.4,1.0,100,5.5,153,1013.3,99,24140.0,3.75,4.02,0.0,0.4,-0.1,1.0,1.2,1.2,10.8,3.75,1,0,0,0,0,0,0,0,1,1,0,1
2026-02-13 06:00:00,HAN,19.6,0.5,100,10.7,145,1013.8,98,24140.0,6.14,8.76,0.2,0.4,0.8,0.5,1.7,1.7,10.7,6.14,1,0,0,0,0,0,0,0,1,1,0,1
2026-02-13 07:00:00,HAN,19.7,0.0,100,10.6,124,1014.6,98,24140.0,2.56,10.29,0.1,0.3,1.4,0.0,1.5,1.7,10.7,6.14,0,0,0,0,0,0,0,0,0,0,0,0
2026-02-13 08:00:00,HAN,20.0,0.0,100,12.4,124,1015.1,97,24140.0,3.0,12.03,0.3,0.6,1.8,0.0,0.5,1.7,12.4,6.14,0,0,0,0,0,0,0,0,0,0,0,0
2026-02-13 09:00:00,HAN,20.7,0.0,100,14.9,139,1015.9,94,24140.0,7.22,13.03,0.7,1.1,2.1,0.0,0.0,1.7,14.9,7.22,0,0,0,0,0,0,0,0,0,0,0,0
2026-02-13 10:00:00,HAN,22.3,0.1,100,15.5,160,1016.4,83,24140.0,11.87,9.96,1.6,2.6,1.8,0.1,0.1,1.6,15.5,11.87,1,0,0,0,0,0,0,0,1,1,0,1
2026-02-13 11:00:00,HAN,23.9,0.0,100,14.0,165,1015.4,73,24140.0,11.47,8.03,1.6,3.9,0.3,0.0,0.1,0.6,15.5,11.87,0,0,0,0,0,0,0,0,0,0,0,0
2026-02-13 12:00:00,HAN,25.3,0.0,100,14.4,172,1013.8,65,24140.0,12.71,6.76,1.4,4.6,-2.1,0.0,0.1,0.1,15.5,12.71,0,0,0,0,0,0,0,0,0,0,0,0
2026-02-13 13:00:00,HAN,24.8,0.0,100,13.5,164,1013.3,66,24140.0,10.92,7.94,-0.5,2.5,-3.1,0.0,0.0,0.1,14.4,12.71,0,0,0,0,0,0,0,0,0,0,0,0
2026-02-13 14:00:00,HAN,25.0,0.0,100,13.4,165,1012.3,66,24140.0,10.98,7.69,0.2,1.1,-3.1,0.0,0.0,0.1,14.4,12.71,0,0,0,0,0,0,0,0,0,0,0,0
2026-02-13 15:00:00,HAN,25.4,0.0,100,13.1,167,1011.5,64,24140.0,10.99,7.13,0.4,0.1,-2.3,0.0,0.0,0.1,13.5,10.99,0,0,0,0,0,0,0,0,0,0,0,0
2026-02-13 16:00:00,HAN,24.9,0.0,95,13.5,157,1011.2,66,24140.0,9.87,9.21,-0.5,0.1,-2.1,0.0,0.0,0.0,13.5,10.99,0,0,0,0,0,0,0,0,0,0,0,0
2026-02-13 17:00:00,HAN,24.6,0.0,34,12.1,150,1011.2,68,24140.0,7.78,9.27,-0.3,-0.4,-1.1,0.0,0.0,0.0,13.5,10.99,0,0,0,0,0,0,0,0,0,0,0,0
2026-02-13 18:00:00,HAN,23.5,0.0,19,11.7,146,1011.6,71,24140.0,6.88,9.47,-1.1,-1.9,0.1,0.0,0.0,0.0,13.5,9.87,0,0,0,0,0,0,0,0,0,0,0,0
2026-02-13 19:00:00,HAN,22.3,0.0,3,14.1,150,1012.0,77,24140.0,9.06,10.8,-1.2,-2.6,0.8,0.0,0.0,0.0,14.1,9.06,0,0,0,0,0,0,0,0,0,0,0,0
2026-02-13 20:00:00,HAN,21.8,0.0,5,13.2,152,1013.3,79,24140.0,8.83,9.81,-0.5,-2.8,2.1,0.0,0.0,0.0,14.1,9.06,0,0,0,0,0,0,0,0,0,0,0,0
2026-02-13 21:00:00,HAN,21.0,0.0,5,12.3,148,1014.1,84,24140.0,7.57,9.69,-0.8,-2.5,2.5,0.0,0.0,0.0,14.1,9.06,0,0,0,0,0,0,0,0,0,0,0,0
2026-02-13 22:00:00,HAN,20.2,0.0,70,11.8,142,1014.6,93,24140.0,6.25,10.01,-0.8,-2.1,2.6,0.0,0.0,0.0,13.2,8.83,0,0,0,0,0,0,0,0,0,0,0,0
2026-02-13 23:00:00,HAN,20.0,0.0,100,11.1,141,1014.8,97,24140.0,5.72,9.51,-0.2,-1.8,1.5,0.0,0.0,0.0,12.3,7.57,0,0,0,0,0,0,0,0,0,0,0,0
2026-02-14 00:00:00,HAN,20.1,0.0,62,9.7,137,1014.7,97,24140.0,4.4,8.64,0.1,-0.9,0.6,0.0,0.0,0.0,11.8,6.25,0,0,0,0,0,0,0,0,0,0,0,0
2026-02-14 01:00:00,HAN,20.7,0.0,35,10.1,139,1014.4,97,24140.0,4.9,8.83,0.6,0.5,-0.2,0.0,0.0,0.0,11.1,5.72,0,0,0,0,0,0,0,0,0,0,0,0
2026-02-14 02:00:00,HAN,20.2,0.0,100,8.5,128,1013.9,98,24140.0,2.63,8.08,-0.5,0.2,-0.9,0.0,0.0,0.0,10.1,4.9,0,0,0,0,0,0,0,0,0,0,0,0
2026-02-14 03:00:00,HAN,20.2,0.0,100,8.5,115,1013.4,99,24140.0,0.74,8.47,0.0,0.1,-1.3,0.0,0.0,0.0,10.1,4.9,0,0,0,0,0,0,0,0,0,0,0,0
2026-02-14 04:00:00,HAN,20.3,0.0,100,10.1,119,1013.2,98,24140.0,1.58,9.98,0.1,-0.4,-1.2,0.0,0.0,0.0,10.1,2.63,0,0,0,0,0,0,0,0,0,0,0,0
2026-02-14 05:00:00,HAN,20.2,0.0,100,10.6,118,1013.3,98,24140.0,1.48,10.5,-0.1,0.0,-0.6,0.0,0.0,0.0,10.6,1.58,0,0,0,0,0,0,0,0,0,0,0,0
2026-02-14 06:00:00,HAN,20.0,0.0,100,10.7,117,1013.8,98,24140.0,1.3,10.62,-0.2,-0.2,0.4,0.0,0.0,0.0,10.7,1.58,0,0,0,0,0,0,0,0,0,0,0,0
2026-02-14 07:00:00,HAN,20.0,0.0,99,9.9,111,1014.9,95,24140.0,0.17,9.9,0.0,-0.3,1.7,0.0,0.0,0.0,10.7,1.48,0,0,0,0,0,0,0,0,0,0,0,0
2026-02-14 08:00:00,HAN,21.0,0.0,97,12.2,139,1015.3,88,24140.0,5.91,10.67,1.0,0.8,2.0,0.0,0.0,0.0,12.2,5.91,0,0,0,0,0,0,0,0,0,0,0,0
2026-02-14 09:00:00,HAN,22.0,0.1,61,13.0,154,1015.8,81,24140.0,9.03,9.35,1.0,2.0,2.0,0.1,0.1,0.1,13.0,9.03,1,0,0,0,0,0,0,0,0,1,0,0
2026-02-14 10:00:00,HAN,23.9,0.1,84,11.3,160,1015.5,70,24140.0,8.66,7.26,1.9,3.9,0.6,0.1,0.2,0.2,13.0,9.03,1,0,0,0,0,0,0,0,1,1,0,1
2026-02-14 11:00:00,HAN,25.4,0.0,99,11.1,171,1014.8,62,24140.0,9.71,5.38,1.5,4.4,-0.5,0.0,0.2,0.2,13.0,9.71,0,0,0,0,0,0,0,0,0,0,0,0
2026-02-14 12:00:00,HAN,25.8,0.0,100,11.5,171,1013.5,61,24140.0,10.06,5.58,0.4,3.8,-2.3,0.0,0.1,0.2,11.5,10.06,0,0,0,0,0,0,0,0,0,0,0,0
2026-02-14 13:00:00,HAN,25.1,0.0,99,10.6,169,1012.8,63,24140.0,9.09,5.46,-0.7,1.2,-2.7,0.0,0.0,0.2,11.5,10.06,0,0,0,0,0,0,0,0,0,0,0,0
2026-02-14 14:00:00,HAN,25.9,0.0,100,11.9,174,1011.8,60,24140.0,10.7,5.22,0.8,0.5,-3.0,0.0,0.0,0.2,11.9,10.7,0,0,0,0,0,0,0,0,0,0,0,0
2026-02-14 15:00:00,HAN,25.9,0.0,100,11.7,165,1010.7,60,24140.0,9.58,6.71,0.0,0.1,-2.8,0.0,0.0,0.1,11.9,10.7,0,0,0,0,0,0,0,0,0,0,0,0
2026-02-14 16:00:00,HAN,25.9,0.0,100,12.6,156,1010.4,61,24140.0,9.06,8.75,0.0,0.8,-2.4,0.0,0.0,0.0,12.6,10.7,0,0,0,0,0,0,0,0,0,0,0,0
2026-02-14 17:00:00,HAN,25.9,0.0,98,12.1,159,1010.5,61,24140.0,9.13,7.94,0.0,0.0,-1.3,0.0,0.0,0.0,12.6,9.58,0,0,0,0,0,0,0,0,0,0,0,0
2026-02-14 18:00:00,HAN,24.0,0.0,36,15.0,124,1011.0,71,24140.0,3.63,14.55,-1.9,-1.9,0.3,0.0,0.0,0.0,15.0,9.13,0,0,0,0,0,0,0,0,0,0,0,0
2026-02-14 19:00:00,HAN,22.6,0.0,9,15.7,138,1011.9,79,24140.0,7.37,13.86,-1.4,-3.3,1.5,0.0,0.0,0.0,15.7,9.13,0,0,0,0,0,0,0,0,0,0,0,0
2026-02-14 20:00:00,HAN,21.9,0.0,3,15.0,141,1012.6,82,24140.0,7.73,12.86,-0.7,-4.0,2.1,0.0,0.0,0.0,15.7,7.73,0,0,0,0,0,0,0,0,0,0,0,0
2026-02-14 21:00:00,HAN,21.0,0.0,6,14.0,139,1013.0,86,24140.0,6.79,12.24,-0.9,-3.0,2.0,0.0,0.0,0.0,15.7,7.73,0,0,0,0,0,0,0,0,0,0,0,0
2026-02-14 22:00:00,HAN,20.2,0.0,4,13.2,143,1013.3,91,24140.0,7.19,11.07,-0.8,-2.4,1.4,0.0,0.0,0.0,15.0,7.73,0,0,0,0,0,0,0,0,0,0,0,0
2026-02-14 23:00:00,HAN,19.8,0.0,15,11.5,148,1013.4,95,24140.0,7.08,9.06,-0.4,-2.1,0.8,0.0,0.0,0.0,14.0,7.19,0,0,0,0,0,0,0,0,0,0,0,0
2026-02-15 00:00:00,HAN,19.6,0.0,100,9.8,149,1013.3,97,24140.0,6.17,7.62,-0.2,-1.4,0.3,0.0,0.0,0.0,13.2,7.19,0,0,0,0,0,0,0,0,0,0,0,0
2026-02-15 01:00:00,HAN,20.5,0.0,100,9.7,141,1013.2,98,24140.0,5.0,8.31,0.9,0.3,-0.1,0.0,0.0,0.0,11.5,7.08,0,0,0,0,0,0,0,0,0,0,0,0
2026-02-15 02:00:00,HAN,21.0,0.0,47,13.4,153,1012.6,94,24140.0,9.14,9.8,0.5,1.2,-0.8,0.0,0.0,0.0,13.4,9.14,0,0,0,0,0,0,0,0,0,0,0,0
2026-02-15 03:00:00,HAN,20.9,0.0,97,11.1,148,1012.1,93,24140.0,6.83,8.75,-0.1,1.3,-1.2,0.0,0.0,0.0,13.4,9.14,0,0,0,0,0,0,0,0,0,0,0,0
2026-02-15 04:00:00,HAN,20.5,0.0,100,10.9,146,1011.8,95,24140.0,6.41,8.82,-0.4,0.0,-1.4,0.0,0.0,0.0,13.4,9.14,0,0,0,0,0,0,0,0,0,0,0,0
2026-02-15 05:00:00,HAN,20.5,0.0,100,10.8,144,1011.9,95,24140.0,6.04,8.95,0.0,-0.5,-0.7,0.0,0.0,0.0,11.1,6.83,0,0,0,0,0,0,0,0,0,0,0,0
2026-02-15 06:00:00,HAN,20.5,0.0,100,11.3,144,1012.4,96,24140.0,6.32,9.37,0.0,-0.4,0.3,0.0,0.0,0.0,11.3,6.41,0,0,0,0,0,0,0,0,0,0,0,0
2026-02-15 07:00:00,HAN,20.5,0.0,100,11.5,146,1013.1,94,24140.0,6.76,9.3,0.0,0.0,1.3,0.0,0.0,0.0,11.5,6.76,0,0,0,0,0,0,0,0,0,0,0,0
2026-02-15 08:00:00,HAN,21.0,0.0,95,13.5,159,1013.8,89,24140.0,10.19,8.86,0.5,0.5,1.9,0.0,0.0,0.0,13.5,10.19,0,0,0,0,0,0,0,0,0,0,0,0
2026-02-15 09:00:00,HAN,22.8,0.1,100,14.7,172,1014.4,77,24140.0,12.98,6.9,1.8,2.3,2.0,0.1,0.1,0.1,14.7,12.98,1,0,0,0,0,0,0,0,1,1,0,1
2026-02-15 10:00:00,HAN,24.4,0.0,95,14.9,178,1014.5,69,24140.0,13.82,5.58,1.6,3.9,1.4,0.0,0.1,0.1,14.9,13.82,0,0,0,0,0,0,0,0,0,0,0,0
2026-02-15 11:00:00,HAN,25.8,0.0,80,15.3,182,1014.1,62,24140.0,14.55,4.73,1.4,4.8,0.3,0.0,0.1,0.1,15.3,14.55,0,0,0,0,0,0,0,0,0,0,0,0
2026-02-15 12:00:00,HAN,27.0,0.0,55,15.2,184,1012.5,56,24140.0,14.61,4.19,1.2,4.2,-1.9,0.0,0.0,0.1,15.3,14.61,0,0,0,0,0,0,0,0,0,0,0,0
2026-02-15 13:00:00,HAN,27.8,0.0,64,13.6,185,1011.4,51,24140.0,13.14,3.52,0.8,3.4,-3.1,0.0,0.0,0.1,15.3,14.61,0,0,0,0,0,0,0,0,0,0,0,0
2026-02-15 14:00:00,HAN,28.5,0.0,7,12.0,171,1010.2,50,24140.0,10.5,5.82,0.7,2.7,-3.9,0.0,0.0,0.1,15.2,14.61,0,0,0,0,0,0,0,0,0,0,0,0
2026-02-15 15:00:00,HAN,28.7,0.0,13,13.7,158,1009.2,51,24140.0,10.18,9.17,0.2,1.7,-3.3,0.0,0.0,0.0,13.7,13.14,0,0,0,0,0,0,0,0,0,0,0,0
2026-02-15 16:00:00,HAN,27.8,0.0,17,16.9,149,1009.2,55,24140.0,10.64,13.13,-0.9,0.0,-2.2,0.0,0.0,0.0,16.9,10.64,0,0,0,0,0,0,0,0,0,0,0,0
2026-02-15 17:00:00,HAN,26.4,0.0,13,18.1,149,1009.3,59,24140.0,11.39,14.07,-1.4,-2.1,-0.9,0.0,0.0,0.0,18.1,11.39,0,0,0,0,0,0,0,0,0,0,0,0
2026-02-15 18:00:00,HAN,24.0,0.0,6,17.9,146,1010.0,67,24140.0,10.52,14.48,-2.4,-4.7,0.8,0.0,0.0,0.0,18.1,11.39,0,0,0,0,0,0,0,0,0,0,0,0
2026-02-15 19:00:00,HAN,23.1,0.0,7,16.2,149,1010.7,75,24140.0,10.19,12.59,-0.9,-4.7,1.5,0.0,0.0,0.0,18.1,11.39,0,0,0,0,0,0,0,0,0,0,0,0
2026-02-15 20:00:00,HAN,22.5,0.0,5,13.8,147,1011.6,79,24140.0,8.31,11.02,-0.6,-3.9,2.3,0.0,0.0,0.0,17.9,10.52,0,0,0,0,0,0,0,0,0,0,0,0
2026-02-15 21:00:00,HAN,21.5,0.0,9,10.3,144,1012.3,85,24140.0,5.76,8.54,-1.0,-2.5,2.3,0.0,0.0,0.0,16.2,10.19,0,0,0,0,0,0,0,0,0,0,0,0
2026-02-15 22:00:00,HAN,20.9,0.0,100,9.4,133,1012.5,90,24140.0,3.67,8.65,-0.6,-2.2,1.8,0.0,0.0,0.0,13.8,8.31,0,0,0,0,0,0,0,0,0,0,0,0
2026-02-15 23:00:00,HAN,21.0,0.0,100,9.1,131,1012.4,92,24140.0,3.26,8.5,0.1,-1.5,0.8,0.0,0.0,0.0,10.3,5.76,0,0,0,0,0,0,0,0,0,0,0,0
2026-02-16 00:00:00,HAN,21.1,0.0,100,9.9,136,1012.1,93,24140.0,4.34,8.9,0.1,-0.4,-0.2,0.0,0.0,0.0,9.9,4.34,0,0,0,0,0,0,0,0,0,0,0,0
2026-02-16 01:00:00,HAN,21.2,0.0,100,11.6,137,1012.1,94,24140.0,5.27,10.34,0.1,0.3,-0.4,0.0,0.0,0.0,11.6,5.27,0,0,0,0,0,0,0,0,0,0,0,0
2026-02-16 02:00:00,HAN,21.3,0.0,100,11.6,139,1011.9,92,24140.0,5.62,10.15,0.1,0.3,-0.5,0.0,0.0,0.0,11.6,5.62,0,0,0,0,0,0,0,0,0,0,0,0
2026-02-16 03:00:00,HAN,21.0,0.0,100,9.9,135,1011.6,93,24140.0,4.18,8.97,-0.3,-0.1,-0.5,0.0,0.0,0.0,11.6,5.62,0,0,0,0,0,0,0,0,0,0,0,0
2026-02-16 04:00:00,HAN,20.9,0.0,100,8.4,133,1011.7,93,24140.0,3.28,7.73,-0.1,-0.3,-0.4,0.0,0.0,0.0,11.6,5.62,0,0,0,0,0,0,0,0,0,0,0,0
2026-02-16 05:00:00,HAN,21.1,0.0,100,8.7,142,1012.0,91,24140.0,4.61,7.38,0.2,-0.2,0.1,0.0,0.0,0.0,9.9,4.61,0,0,0,0,0,0,0,0,0,0,0,0
2026-02-16 06:00:00,HAN,20.9,0.0,100,5.7,134,1012.5,93,24140.0,2.32,5.21,-0.2,-0.1,0.9,0.0,0.0,0.0,8.7,4.61,0,0,0,0,0,0,0,0,0,0,0,0
2026-02-16 07:00:00,HAN,21.0,0.1,100,7.5,136,1013.6,94,24140.0,3.29,6.74,0.1,0.1,1.9,0.1,0.1,0.1,8.7,4.61,1,0,0,0,0,0,0,0,1,1,0,1
2026-02-16 08:00:00,HAN,21.6,0.1,47,8.8,161,1014.1,89,24140.0,6.84,5.54,0.6,0.5,2.1,0.1,0.2,0.2,8.8,6.84,1,0,0,0,0,0,0,0,0,1,0,0
2026-02-16 09:00:00,HAN,23.0,0.1,44,11.0,179,1014.8,79,24140.0,10.27,3.94,1.4,2.1,2.3,0.1,0.3,0.3,11.0,10.27,1,0,0,0,0,0,0,0,0,1,0,0
2026-02-16 10:00:00,HAN,24.2,0.0,79,10.8,184,1014.8,71,24140.0,10.38,2.98,1.2,3.2,1.2,0.0,0.2,0.3,11.0,10.38,0,0,0,0,0,0,0,0,0,0,0,0
2026-02-16 11:00:00,HAN,25.8,0.0,100,11.0,184,1014.3,62,24140.0,10.57,3.03,1.6,4.2,0.2,0.0,0.1,0.3,11.0,10.57,0,0,0,0,0,0,0,0,0,0,0,0
2026-02-16 12:00:00,HAN,26.6,0.0,100,10.6,181,1013.3,58,24140.0,10.02,3.45,0.8,3.6,-1.5,0.0,0.0,0.3,11.0,10.57,0,0,0,0,0,0,0,0,0,0,0,0
2026-02-16 13:00:00,HAN,27.0,0.0,92,9.0,180,1012.0,56,24140.0,8.46,3.08,0.4,2.8,-2.8,0.0,0.0,0.2,11.0,10.57,0,0,0,0,0,0,0,0,0,0,0,0
2026-02-16 14:00:00,HAN,27.6,0.0,96,8.3,174,1010.9,54,24140.0,7.46,3.64,0.6,1.8,-3.4,0.0,0.0,0.1,10.6,10.02,0,0,0,0,0,0,0,0,0,0,0,0
2026-02-16 15:00:00,HAN,27.8,0.0,99,8.6,160,1010.2,54,24140.0,6.59,5.53,0.2,1.2,-3.1,0.0,0.0,0.0,9.0,8.46,0,0,0,0,0,0,0,0,0,0,0,0
2026-02-16 16:00:00,HAN,28.2,0.0,77,8.9,144,1009.9,52,24140.0,4.98,7.38,0.4,1.2,-2.1,0.0,0.0,0.0,8.9,7.46,0,0,0,0,0,0,0,0,0,0,0,0
2026-02-16 17:00:00,HAN,27.4,0.0,17,8.7,143,1010.0,54,24140.0,4.74,7.3,-0.8,-0.2,-0.9,0.0,0.0,0.0,8.9,6.59,0,0,0,0,0,0,0,0,0,0,0,0
2026-02-16 18:00:00,HAN,24.5,0.0,9,6.2,136,1010.4,66,24140.0,2.72,5.57,-2.9,-3.3,0.2,0.0,0.0,0.0,8.9,4.98,0,0,0,0,0,0,0,0,0,0,0,0
2026-02-16 19:00:00,HAN,24.0,0.0,27,12.2,136,1010.8,70,24140.0,5.35,10.97,-0.5,-4.2,0.9,0.0,0.0,0.0,12.2,5.35,0,0,0,0,0,0,0,0,0,0,0,0
2026-02-16 20:00:00,HAN,23.1,0.0,5,15.0,134,1011.9,75,24140.0,6.1,13.7,-0.9,-4.3,1.9,0.0,0.0,0.0,15.0,6.1,0,0,0,0,0,0,0,0,0,0,0,0
2026-02-16 21:00:00,HAN,22.1,0.0,5,13.4,145,1012.4,81,24140.0,7.69,10.98,-1.0,-2.4,2.0,0.0,0.0,0.0,15.0,7.69,0,0,0,0,0,0,0,0,0,0,0,0
2026-02-16 22:00:00,HAN,21.2,0.0,1,11.8,147,1012.8,87,24140.0,7.1,9.42,-0.9,-2.8,2.0,0.0,0.0,0.0,15.0,7.69,0,0,0,0,0,0,0,0,0,0,0,0
2026-02-16 23:00:00,HAN,20.4,0.0,0,10.9,151,1013.0,93,24140.0,7.15,8.23,-0.8,-2.7,1.1,0.0,0.0,0.0,13.4,7.69,0,0,0,0,0,0,0,0,0,0,0,0
2026-02-17 00:00:00,HAN,19.9,0.0,0,7.4,146,1013.4,96,24140.0,4.35,5.99,-0.5,-2.2,1.0,0.0,0.0,0.0,11.8,7.15,0,0,0,0,0,0,0,0,0,0,0,0
2026-02-17 01:00:00,HAN,20.5,0.0,8,8.7,140,1013.2,98,24140.0,4.35,7.53,0.6,-0.7,0.4,0.0,0.0,0.0,10.9,7.15,0,0,0,0,0,0,0,0,0,0,0,0
2026-02-17 02:00:00,HAN,20.5,0.0,100,6.5,114,1012.9,99,24140.0,0.45,6.48,0.0,0.1,-0.1,0.0,0.0,0.0,8.7,4.35,0,0,0,0,0,0,0,0,0,0,0,0
2026-02-17 03:00:00,HAN,20.9,0.0,100,8.9,111,1012.9,97,24140.0,0.16,8.9,0.4,1.0,-0.5,0.0,0.0,0.0,8.9,4.35,0,0,0,0,0,0,0,0,0,0,0,0
2026-02-17 04:00:00,HAN,21.0,0.0,100,9.0,110,1013.1,95,24140.0,0.0,9.0,0.1,0.5,-0.1,0.0,0.0,0.0,9.0,0.45,0,0,0,0,0,0,0,0,0,0,0,0
2026-02-17 05:00:00,HAN,21.0,0.0,100,6.4,98,1013.3,96,24140.0,1.33,6.26,0.0,0.5,0.4,0.0,0.0,0.0,9.0,1.33,0,0,0,0,0,0,0,0,0,0,0,0
2026-02-17 06:00:00,HAN,20.6,0.0,100,4.6,69,1014.4,98,24140.0,3.02,3.47,-0.4,-0.3,1.5,0.0,0.0,0.0,9.0,3.02,0,0,0,0,0,0,0,0,0,0,0,0
2026-02-17 07:00:00,HAN,20.9,0.0,78,6.0,99,1015.4,95,24140.0,1.14,5.89,0.3,-0.1,2.3,0.0,0.0,0.0,6.4,3.02,0,0,0,0,0,0,0,0,0,0,0,0
2026-02-17 08:00:00,HAN,22.4,0.0,99,5.6,61,1016.3,88,24140.0,4.23,3.67,1.5,1.4,3.0,0.0,0.0,0.0,6.0,4.23,0,0,0,0,0,0,0,0,0,0,0,0
2026-02-17 09:00:00,HAN,22.6,0.2,95,7.7,72,1017.3,84,24020.0,4.74,6.07,0.2,2.0,2.9,0.2,0.2,0.2,7.7,4.74,1,0,0,0,0,0,0,0,1,1,0,1
2026-02-17 10:00:00,HAN,22.9,0.3,47,12.6,66,1018.0,83,20380.0,8.75,9.06,0.3,2.0,2.6,0.3,0.5,0.5,12.6,8.75,1,0,0,0,0,0,0,0,0,1,0,0
2026-02-17 11:00:00,HAN,24.0,0.1,86,14.4,60,1017.6,69,20920.0,11.03,9.26,1.1,1.6,1.3,0.1,0.6,0.6,14.4,11.03,1,0,0,0,0,0,0,0,1,1,0,1
2026-02-17 12:00:00,HAN,24.5,0.0,100,15.3,53,1016.6,64,24140.0,12.83,8.33,0.5,1.9,-0.7,0.0,0.4,0.6,15.3,12.83,0,0,0,0,0,0,0,0,0,0,0,0
2026-02-17 13:00:00,HAN,25.2,0.0,77,14.8,57,1015.6,62,15340.0,11.82,8.91,0.7,2.3,-2.4,0.0,0.1,0.6,15.3,12.83,0,0,0,0,0,0,0,0,0,0,0,0
2026-02-17 14:00:00,HAN,25.7,0.0,89,15.0,56,1014.6,60,16400.0,12.14,8.82,0.5,1.7,-3.0,0.0,0.0,0.6,15.3,12.83,0,0,0,0,0,0,0,0,0,0,0,0
2026-02-17 15:00:00,HAN,25.8,0.0,49,15.5,64,1013.9,58,20400.0,11.15,10.77,0.1,1.3,-2.7,0.0,0.0,0.4,15.5,12.14,0,0,0,0,0,0,0,0,0,0,0,0
2026-02-17 16:00:00,HAN,25.5,0.0,91,15.4,72,1014.1,57,24140.0,9.48,12.14,-0.3,0.3,-1.5,0.0,0.0,0.1,15.5,12.14,0,0,0,0,0,0,0,0,0,0,0,0
2026-02-17 17:00:00,HAN,24.4,0.0,94,16.1,83,1014.3,64,24140.0,7.31,14.35,-1.1,-1.3,-0.3,0.0,0.0,0.0,16.1,11.15,0,0,0,0,0,0,0,0,0,0,0,0
2026-02-17 18:00:00,HAN,23.3,0.0,72,16.6,73,1015.1,60,24140.0,9.99,13.26,-1.1,-2.5,1.2,0.0,0.0,0.0,16.6,9.99,0,0,0,0,0,0,0,0,0,0,0,0
2026-02-17 19:00:00,HAN,22.0,0.0,99,12.4,81,1015.5,67,24140.0,6.01,10.85,-1.3,-3.5,1.4,0.0,0.0,0.0,16.6,9.99,0,0,0,0,0,0,0,0,0,0,0,0
2026-02-17 20:00:00,HAN,21.9,0.0,100,12.9,67,1016.2,63,24140.0,8.8,9.43,-0.1,-2.5,1.9,0.0,0.0,0.0,16.6,9.99,0,0,0,0,0,0,0,0,0,0,0,0
2026-02-17 21:00:00,HAN,21.1,0.0,100,13.6,62,1017.1,63,24140.0,10.11,9.1,-0.8,-2.2,2.0,0.0,0.0,0.0,13.6,10.11,0,0,0,0,0,0,0,0,0,0,0,0
2026-02-17 22:00:00,HAN,20.3,0.0,100,13.4,57,1017.6,65,24140.0,10.7,8.06,-0.8,-1.7,2.1,0.0,0.0,0.0,13.6,10.7,0,0,0,0,0,0,0,0,0,0,0,0
2026-02-17 23:00:00,HAN,19.9,0.0,100,13.1,47,1017.8,66,24140.0,11.67,5.95,-0.4,-2.0,1.6,0.0,0.0,0.0,13.6,11.67,0,0,0,0,0,0,0,0,0,0,0,0
2026-02-18 00:00:00,HAN,19.2,0.0,100,14.7,37,1018.0,67,24140.0,14.06,4.3,-0.7,-1.9,0.9,0.0,0.0,0.0,14.7,14.06,0,0,0,0,0,0,0,0,0,0,0,0
2026-02-18 01:00:00,HAN,19.2,0.1,100,12.9,36,1017.6,76,24140.0,12.4,3.56,0.0,-1.1,0.0,0.1,0.1,0.1,14.7,14.06,1,0,0,0,0,0,0,0,1,1,0,1
2026-02-18 02:00:00,HAN,18.4,0.3,100,15.8,41,1017.5,82,24140.0,14.75,5.66,-0.8,-1.5,-0.3,0.3,0.4,0.4,15.8,14.75,1,0,0,0,0,0,0,0,1,1,0,1
2026-02-18 03:00:00,HAN,17.6,0.3,100,15.8,40,1017.7,85,23460.0,14.85,5.4,-0.8,-1.6,-0.3,0.3,0.7,0.7,15.8,14.85,1,0,0,0,0,0,0,0,1,1,0,1
2026-02-18 04:00:00,HAN,17.3,0.1,100,14.2,38,1017.9,85,14840.0,13.51,4.39,-0.3,-1.9,0.3,0.1,0.7,0.8,15.8,14.85,1,0,0,0,0,0,0,0,1,1,0,1
2026-02-18 05:00:00,HAN,17.1,0.0,100,13.9,38,1017.9,83,20560.0,13.22,4.3,-0.2,-1.3,0.4,0.0,0.4,0.8,15.8,14.85,0,0,0,0,0,0,0,0,0,0,0,0
2026-02-18 06:00:00,HAN,17.1,0.0,100,14.4,37,1018.7,81,24140.0,13.77,4.21,0.0,-0.5,1.0,0.0,0.1,0.8,14.4,13.77,0,0,0,0,0,0,0,0,0,0,0,0
2026-02-18 07:00:00,HAN,17.1,0.0,100,13.7,35,1019.8,80,24140.0,13.23,3.55,0.0,-0.2,1.9,0.0,0.0,0.7,14.4,13.77,0,0,0,0,0,0,0,0,0,0,0,0
2026-02-18 08:00:00,HAN,17.6,0.0,100,14.4,31,1020.3,75,24140.0,14.14,2.75,0.5,0.5,2.4,0.0,0.0,0.4,14.4,14.14,0,0,0,0,0,0,0,0,0,0,0,0
2026-02-18 09:00:00,HAN,18.2,0.0,100,13.4,32,1021.1,72,24140.0,13.11,2.79,0.6,1.1,2.4,0.0,0.0,0.1,14.4,14.14,0,0,0,0,0,0,0,0,0,0,0,0
2026-02-18 10:00:00,HAN,19.8,0.0,100,11.5,41,1021.5,66,24140.0,10.74,4.12,1.6,2.7,1.7,0.0,0.0,0.0,14.4,14.14,0,0,0,0,0,0,0,0,0,0,0,0
2026-02-18 11:00:00,HAN,20.6,0.0,100,9.8,41,1021.0,64,23860.0,9.15,3.51,0.8,3.0,0.7,0.0,0.0,0.0,13.4,13.11,0,0,0,0,0,0,0,0,0,0,0,0
2026-02-18 12:00:00,HAN,21.5,0.0,100,9.9,61,1020.1,62,24140.0,7.47,6.49,0.9,3.3,-1.0,0.0,0.0,0.0,11.5,10.74,0,0,0,0,0,0,0,0,0,0,0,0
2026-02-18 13:00:00,HAN,20.6,0.0,100,7.5,73,1019.8,67,24140.0,4.51,5.99,-0.9,0.8,-1.7,0.0,0.0,0.0,9.9,9.15,0,0,0,0,0,0,0,0,0,0,0,0
2026-02-18 14:00:00,HAN,21.3,0.0,100,6.7,93,1018.8,66,24140.0,1.96,6.41,0.7,0.7,-2.2,0.0,0.0,0.0,9.9,7.47,0,0,0,0,0,0,0,0,0,0,0,0
2026-02-18 15:00:00,HAN,21.5,0.0,100,7.2,104,1017.8,67,24140.0,0.75,7.16,0.2,0.0,-2.3,0.0,0.0,0.0,7.5,4.51,0,0,0,0,0,0,0,0,0,0,0,0
2026-02-18 16:00:00,HAN,21.5,0.0,100,8.6,120,1017.6,69,24140.0,1.49,8.47,0.0,0.9,-2.2,0.0,0.0,0.0,8.6,1.96,0,0,0,0,0,0,0,0,0,0,0,0
2026-02-18 17:00:00,HAN,21.1,0.0,100,6.8,145,1017.3,71,24140.0,3.9,5.57,-0.4,-0.2,-1.5,0.0,0.0,0.0,8.6,3.9,0,0,0,0,0,0,0,0,0,0,0,0
2026-02-18 18:00:00,HAN,20.8,0.0,100,4.3,185,1017.7,75,24140.0,4.15,1.11,-0.3,-0.7,-0.1,0.0,0.0,0.0,8.6,4.15,0,0,0,0,0,0,0,0,0,0,0,0
2026-02-18 19:00:00,HAN,19.0,0.0,100,0.3,315,1018.6,84,24140.0,0.13,-0.27,-1.8,-2.5,1.0,0.0,0.0,0.0,6.8,4.15,0,0,0,0,0,0,0,0,0,0,0,0
2026-02-18 20:00:00,HAN,18.9,0.0,100,2.3,72,1018.8,85,24140.0,1.42,1.81,-0.1,-2.2,1.5,0.0,0.0,0.0,4.3,4.15,0,0,0,0,0,0,0,0,0,0,0,0
2026-02-18 21:00:00,HAN,18.6,0.0,100,2.9,79,1019.0,87,24140.0,1.49,2.49,-0.3,-2.2,1.3,0.0,0.0,0.0,2.9,1.49,0,0,0,0,0,0,0,0,0,0,0,0
2026-02-18 22:00:00,HAN,18.4,0.0,100,2.3,51,1019.1,88,24140.0,1.97,1.18,-0.2,-0.6,0.5,0.0,0.0,0.0,2.9,1.97,0,0,0,0,0,0,0,0,0,0,0,0
2026-02-18 23:00:00,HAN,18.4,0.0,100,3.1,353,1019.3,87,24140.0,2.76,-1.41,0.0,-0.5,0.5,0.0,0.0,0.0,3.1,2.76,0,0,0,0,0,0,0,0,0,0,0,0
2026-02-19 00:00:00,HAN,18.3,0.0,100,2.2,318,1019.5,87,24140.0,1.03,-1.94,-0.1,-0.3,0.5,0.0,0.0,0.0,3.1,2.76,0,0,0,0,0,0,0,0,0,0,0,0
2026-02-19 01:00:00,HAN,18.0,0.0,100,3.3,315,1019.6,89,24140.0,1.39,-2.99,-0.3,-0.4,0.5,0.0,0.0,0.0,3.3,2.76,0,0,0,0,0,0,0,0,0,0,0,0
2026-02-19 02:00:00,HAN,17.9,0.0,100,5.1,350,1019.4,88,24140.0,4.42,-2.55,-0.1,-0.5,0.1,0.0,0.0,0.0,5.1,4.42,0,0,0,0,0,0,0,0,0,0,0,0
2026-02-19 03:00:00,HAN,17.8,0.0,100,6.7,6,1019.1,88,24140.0,6.5,-1.62,-0.1,-0.5,-0.4,0.0,0.0,0.0,6.7,6.5,0,0,0,0,0,0,0,0,0,0,0,0
2026-02-19 04:00:00,HAN,17.8,0.1,100,7.4,22,1018.9,89,24140.0,7.4,0.26,0.0,-0.2,-0.7,0.1,0.1,0.1,7.4,7.4,1,0,0,0,0,0,0,0,1,1,0,1
2026-02-19 05:00:00,HAN,17.6,0.2,100,10.2,28,1019.3,88,24140.0,10.1,1.42,-0.2,-0.3,-0.1,0.2,0.3,0.3,10.2,10.1,1,0,0,0,0,0,0,0,1,1,0,1
2026-02-19 06:00:00,HAN,17.2,0.1,100,10.8,26,1019.9,88,24140.0,10.74,1.13,-0.4,-0.6,0.8,0.1,0.4,0.4,10.8,10.74,1,0,0,0,0,0,0,0,1,1,0,1
2026-02-19 07:00:00,HAN,17.1,0.4,100,9.5,36,1020.8,87,24140.0,9.13,2.62,-0.1,-0.7,1.9,0.4,0.7,0.8,10.8,10.74,1,0,0,0,0,0,0,0,1,1,0,1
2026-02-19 08:00:00,HAN,17.5,0.2,100,12.1,43,1021.2,87,24140.0,11.14,4.73,0.4,-0.1,1.9,0.2,0.7,1.0,12.1,11.14,1,0,0,0,0,0,0,0,1,1,0,1
2026-02-19 09:00:00,HAN,18.3,0.0,100,10.0,28,1022.0,82,24140.0,9.9,1.39,0.8,1.1,2.1,0.0,0.6,1.0,12.1,11.14,0,0,0,0,0,0,0,0,0,0,0,0
2026-02-19 10:00:00,HAN,19.5,0.0,100,10.2,21,1022.4,74,24140.0,10.2,0.18,1.2,2.4,1.6,0.0,0.2,0.9,12.1,11.14,0,0,0,0,0,0,0,0,0,0,0,0
2026-02-19 11:00:00,HAN,20.2,0.0,100,9.0,15,1021.9,70,24140.0,8.97,-0.78,0.7,2.7,0.7,0.0,0.0,0.7,10.2,10.2,0,0,0,0,0,0,0,0,0,0,0,0
2026-02-19 12:00:00,HAN,21.3,0.0,100,7.9,51,1020.9,67,24140.0,6.77,4.07,1.1,3.0,-1.1,0.0,0.0,0.6,10.2,10.2,0,0,0,0,0,0,0,0,0,0,0,0
2026-02-19 13:00:00,HAN,21.5,0.0,100,5.7,53,1020.2,67,24140.0,4.78,3.1,0.2,2.0,-2.2,0.0,0.0,0.2,9.0,8.97,0,0,0,0,0,0,0,0,0,0,0,0
2026-02-19 14:00:00,HAN,22.0,0.0,100,4.0,39,1019.5,65,24140.0,3.78,1.3,0.5,1.8,-2.4,0.0,0.0,0.0,7.9,6.77,0,0,0,0,0,0,0,0,0,0,0,0
2026-02-19 15:00:00,HAN,22.3,0.0,100,3.4,43,1018.9,64,24140.0,3.13,1.33,0.3,1.0,-2.0,0.0,0.0,0.0,5.7,4.78,0,0,0,0,0,0,0,0,0,0,0,0
2026-02-19 16:00:00,HAN,22.5,0.0,100,3.4,47,1018.4,64,24140.0,3.03,1.54,0.2,1.0,-1.8,0.0,0.0,0.0,4.0,3.78,0,0,0,0,0,0,0,0,0,0,0,0
2026-02-19 17:00:00,HAN,22.5,0.0,99,2.7,37,1018.3,64,24140.0,2.58,0.79,0.0,0.5,-1.2,0.0,0.0,0.0,3.4,3.13,0,0,0,0,0,0,0,0,0,0,0,0
2026-02-19 18:00:00,HAN,21.2,0.0,100,2.2,284,1018.6,73,24140.0,0.23,-2.19,-1.3,-1.1,-0.3,0.0,0.0,0.0,3.4,3.03,0,0,0,0,0,0,0,0,0,0,0,0
2026-02-19 19:00:00,HAN,20.1,0.0,100,9.3,10,1019.5,74,24140.0,9.16,-1.61,-1.1,-2.4,1.1,0.0,0.0,0.0,9.3,9.16,0,0,0,0,0,0,0,0,0,0,0,0
2026-02-19 20:00:00,HAN,20.0,0.0,100,13.0,18,1020.2,71,24140.0,12.99,-0.45,-0.1,-2.5,1.9,0.0,0.0,0.0,13.0,12.99,0,0,0,0,0,0,0,0,0,0,0,0
2026-02-19 21:00:00,HAN,19.7,0.0,100,13.7,46,1020.5,70,24140.0,12.31,6.01,-0.3,-1.5,1.9,0.0,0.0,0.0,13.7,12.99,0,0,0,0,0,0,0,0,0,0,0,0
2026-02-19 22:00:00,HAN,19.5,0.0,100,11.9,35,1020.9,68,24140.0,11.49,3.08,-0.2,-0.6,1.4,0.0,0.0,0.0,13.7,12.99,0,0,0,0,0,0,0,0,0,0,0,0
2026-02-19 23:00:00,HAN,18.9,0.0,100,12.3,31,1020.9,71,24140.0,12.07,2.35,-0.6,-1.1,0.7,0.0,0.0,0.0,13.7,12.31,0,0,0,0,0,0,0,0,0,0,0,0
2026-02-20 00:00:00,HAN,18.0,0.2,100,14.7,28,1021.4,76,24140.0,14.56,2.05,-0.9,-1.7,0.9,0.2,0.2,0.2,14.7,14.56,1,0,0,0,0,0,0,0,1,1,0,1
2026-02-20 01:00:00,HAN,17.0,0.1,100,15.3,15,1021.7,87,24140.0,15.24,-1.33,-1.0,-2.5,0.8,0.1,0.3,0.3,15.3,15.24,1,0,0,0,0,0,0,0,1,1,0,1
2026-02-20 02:00:00,HAN,17.0,0.2,100,15.7,19,1021.4,88,24140.0,15.7,-0.27,0.0,-1.9,0.5,0.2,0.5,0.5,15.7,15.7,1,0,0,0,0,0,0,0,1,1,0,1
2026-02-20 03:00:00,HAN,16.7,0.2,100,14.3,18,1021.0,89,24140.0,14.29,-0.5,-0.3,-1.3,-0.4,0.2,0.5,0.7,15.7,15.7,1,0,0,0,0,0,0,0,1,1,0,1
2026-02-20 04:00:00,HAN,16.6,0.0,100,13.7,17,1020.5,88,24140.0,13.68,-0.72,-0.1,-0.4,-1.2,0.0,0.4,0.7,15.7,15.7,0,0,0,0,0,0,0,0,0,0,0,0
2026-02-20 05:00:00,HAN,16.6,0.0,100,12.8,17,1020.3,86,24140.0,12.78,-0.67,0.0,-0.4,-1.1,0.0,0.2,0.7,14.3,14.29,0,0,0,0,0,0,0,0,0,0,0,0
2026-02-20 06:00:00,HAN,16.6,0.0,100,12.7,13,1020.5,83,24140.0,12.61,-1.55,0.0,-0.1,-0.5,0.0,0.0,0.5,13.7,13.68,0,0,0,0,0,0,0,0,0,0,0,0
2026-02-20 07:00:00,HAN,16.6,0.0,100,9.6,17,1020.8,80,24140.0,9.59,-0.5,0.0,0.0,0.3,0.0,0.0,0.4,12.8,12.78,0,0,0,0,0,0,0,0,0,0,0,0
2026-02-20 08:00:00,HAN,17.5,0.0,100,8.4,19,1021.2,75,24140.0,8.4,-0.15,0.9,0.9,0.9,0.0,0.0,0.2,12.7,12.61,0,0,0,0,0,0,0,0,0,0,0,0
2026-02-20 09:00:00,HAN,18.6,0.0,100,8.7,14,1021.5,71,24140.0,8.65,-0.91,1.1,2.0,1.0,0.0,0.0,0.0,9.6,9.59,0,0,0,0,0,0,0,0,0,0,0,0
2026-02-20 10:00:00,HAN,20.4,0.0,60,8.3,5,1021.6,65,24140.0,8.02,-2.15,1.8,3.8,0.8,0.0,0.0,0.0,8.7,8.65,0,0,0,0,0,0,0,0,0,0,0,0
2026-02-20 11:00:00,HAN,22.3,0.0,2,6.3,3,1020.5,59,24140.0,6.02,-1.84,1.9,4.8,-0.7,0.0,0.0,0.0,8.7,8.65,0,0,0,0,0,0,0,0,0,0,0,0
2026-02-20 12:00:00,HAN,23.6,0.0,55,1.5,69,1018.6,57,24140.0,0.98,1.13,1.3,5.0,-2.9,0.0,0.0,0.0,8.3,8.02,0,0,0,0,0,0,0,0,0,0,0,0
2026-02-20 13:00:00,HAN,23.5,0.0,98,5.4,206,1017.6,57,24140.0,5.37,-0.56,-0.1,3.1,-4.0,0.0,0.0,0.0,6.3,6.02,0,0,0,0,0,0,0,0,0,0,0,0
2026-02-20 14:00:00,HAN,24.0,0.0,55,6.7,211,1016.1,56,24140.0,6.58,-1.28,0.5,1.7,-4.4,0.0,0.0,0.0,6.7,6.58,0,0,0,0,0,0,0,0,0,0,0,0
2026-02-20 15:00:00,HAN,24.4,0.0,61,9.1,205,1014.7,56,24140.0,9.07,-0.79,0.4,0.8,-3.9,0.0,0.0,0.0,9.1,9.07,0,0,0,0,0,0,0,0,0,0,0,0
2026-02-20 16:00:00,HAN,23.9,0.0,57,9.9,196,1013.8,58,24140.0,9.88,0.69,-0.5,0.4,-3.8,0.0,0.0,0.0,9.9,9.88,0,0,0,0,0,0,0,0,0,0,0,0
2026-02-20 17:00:00,HAN,23.6,0.0,59,9.4,178,1013.3,59,24140.0,8.72,3.52,-0.3,-0.4,-2.8,0.0,0.0,0.0,9.9,9.88,0,0,0,0,0,0,0,0,0,0,0,0
2026-02-20 18:00:00,HAN,22.0,0.0,59,9.1,131,1013.0,67,24140.0,3.26,8.5,-1.6,-2.4,-1.7,0.0,0.0,0.0,9.9,9.88,0,0,0,0,0,0,0,0,0,0,0,0
2026-02-20 19:00:00,HAN,21.8,0.0,91,11.6,129,1013.0,69,24140.0,3.78,10.97,-0.2,-2.1,-0.8,0.0,0.0,0.0,11.6,8.72,0,0,0,0,0,0,0,0,0,0,0,0
2026-02-20 20:00:00,HAN,21.5,0.0,9,13.4,138,1013.1,72,24140.0,6.29,11.83,-0.3,-2.1,-0.2,0.0,0.0,0.0,13.4,6.29,0,0,0,0,0,0,0,0,0,0,0,0
2026-02-20 21:00:00,HAN,20.0,0.0,2,14.4,149,1013.5,78,24140.0,9.06,11.19,-1.5,-2.0,0.5,0.0,0.0,0.0,14.4,9.06,0,0,0,0,0,0,0,0,0,0,0,0
2026-02-20 22:00:00,HAN,18.9,0.0,3,12.6,146,1013.6,83,24140.0,7.41,10.19,-1.1,-2.9,0.6,0.0,0.0,0.0,14.4,9.06,0,0,0,0,0,0,0,0,0,0,0,0
2026-02-20 23:00:00,HAN,18.0,0.0,5,10.3,151,1013.3,89,24140.0,6.76,7.77,-0.9,-3.5,0.2,0.0,0.0,0.0,14.4,9.06,0,0,0,0,0,0,0,0,0,0,0,0
2026-02-21 00:00:00,HAN,17.6,0.0,5,9.4,145,1013.1,93,24140.0,5.39,7.7,-0.4,-2.4,-0.4,0.0,0.0,0.0,12.6,7.41,0,0,0,0,0,0,0,0,0,0,0,0
2026-02-21 01:00:00,HAN,17.5,0.0,20,8.3,134,1012.9,96,24140.0,3.38,7.58,-0.1,-1.4,-0.7,0.0,0.0,0.0,10.3,6.76,0,0,0,0,0,0,0,0,0,0,0,0
2026-02-21 02:00:00,HAN,17.5,0.0,52,8.4,135,1012.1,98,24140.0,3.55,7.61,0.0,-0.5,-1.2,0.0,0.0,0.0,9.4,5.39,0,0,0,0,0,0,0,0,0,0,0,0
2026-02-21 03:00:00,HAN,17.5,0.0,79,7.6,135,1011.5,98,24140.0,3.21,6.89,0.0,-0.1,-1.6,0.0,0.0,0.0,8.4,3.55,0,0,0,0,0,0,0,0,0,0,0,0
2026-02-21 04:00:00,HAN,17.8,0.0,100,7.9,133,1010.8,98,24140.0,3.09,7.27,0.3,0.3,-2.1,0.0,0.0,0.0,8.4,3.55,0,0,0,0,0,0,0,0,0,0,0,0
2026-02-21 05:00:00,HAN,17.9,0.0,100,8.6,131,1010.5,97,24140.0,3.08,8.03,0.1,0.4,-1.6,0.0,0.0,0.0,8.6,3.21,0,0,0,0,0,0,0,0,0,0,0,0
2026-02-21 06:00:00,HAN,18.0,0.0,100,9.2,137,1010.3,97,24140.0,4.18,8.2,0.1,0.5,-1.2,0.0,0.0,0.0,9.2,4.18,0,0,0,0,0,0,0,0,0,0,0,0
2026-02-21 07:00:00,HAN,18.2,0.0,100,8.6,149,1011.1,96,24140.0,5.41,6.68,0.2,0.4,0.3,0.0,0.0,0.0,9.2,5.41,0,0,0,0,0,0,0,0,0,0,0,0
2026-02-21 08:00:00,HAN,19.0,0.0,100,11.8,172,1011.6,90,24140.0,10.42,5.54,0.8,1.1,1.1,0.0,0.0,0.0,11.8,10.42,0,0,0,0,0,0,0,0,0,0,0,0
2026-02-21 09:00:00,HAN,20.3,0.0,100,14.2,178,1011.4,83,24140.0,13.17,5.32,1.3,2.3,1.1,0.0,0.0,0.0,14.2,13.17,0,0,0,0,0,0,0,0,0,0,0,0
2026-02-21 10:00:00,HAN,21.9,0.1,100,14.5,187,1011.4,75,24140.0,14.13,3.26,1.6,3.7,0.3,0.1,0.1,0.1,14.5,14.13,1,0,0,0,0,0,0,0,1,1,0,1
2026-02-21 11:00:00,HAN,23.0,0.0,100,14.6,190,1010.2,71,24140.0,14.38,2.54,1.1,4.0,-1.4,0.0,0.1,0.1,14.6,14.38,0,0,0,0,0,0,0,0,0,0,0,0
2026-02-21 12:00:00,HAN,24.5,0.0,99,12.9,189,1008.5,65,24140.0,12.66,2.46,1.5,4.2,-2.9,0.0,0.1,0.1,14.6,14.38,0,0,0,0,0,0,0,0,0,0,0,0
2026-02-21 13:00:00,HAN,24.6,0.0,100,11.0,195,1007.8,67,24140.0,10.96,0.96,0.1,2.7,-3.6,0.0,0.0,0.1,14.6,14.38,0,0,0,0,0,0,0,0,0,0,0,0
2026-02-21 14:00:00,HAN,25.9,0.0,47,11.6,188,1006.2,63,24140.0,11.35,2.41,1.3,2.9,-4.0,0.0,0.0,0.1,12.9,12.66,0,0,0,0,0,0,0,0,0,0,0,0
2026-02-21 15:00:00,HAN,27.4,0.0,67,8.4,173,1004.7,58,24140.0,7.48,3.81,1.5,2.9,-3.8,0.0,0.0,0.1,11.6,11.35,0,0,0,0,0,0,0,0,0,0,0,0
2026-02-21 16:00:00,HAN,28.5,0.0,50,9.7,181,1003.8,53,24140.0,9.17,3.16,1.1,3.9,-4.0,0.0,0.0,0.0,11.6,11.35,0,0,0,0,0,0,0,0,0,0,0,0
2026-02-21 17:00:00,HAN,26.3,0.0,11,16.6,139,1003.9,63,24140.0,8.05,14.52,-2.2,0.4,-2.3,0.0,0.0,0.0,16.6,9.17,0,0,0,0,0,0,0,0,0,0,0,0
2026-02-21 18:00:00,HAN,23.8,0.0,2,14.7,143,1004.5,73,24140.0,8.01,12.33,-2.5,-3.6,-0.2,0.0,0.0,0.0,16.6,9.17,0,0,0,0,0,0,0,0,0,0,0,0
2026-02-21 19:00:00,HAN,22.8,0.0,0,16.3,148,1004.9,78,24140.0,10.04,12.84,-1.0,-5.7,1.1,0.0,0.0,0.0,16.6,10.04,0,0,0,0,0,0,0,0,0,0,0,0
2026-02-21 20:00:00,HAN,21.8,0.0,0,15.2,149,1005.6,83,24140.0,9.57,11.81,-1.0,-4.5,1.7,0.0,0.0,0.0,16.3,10.04,0,0,0,0,0,0,0,0,0,0,0,0
2026-02-21 21:00:00,HAN,21.0,0.0,5,12.6,144,1006.4,87,24140.0,7.05,10.45,-0.8,-2.8,1.9,0.0,0.0,0.0,16.3,10.04,0,0,0,0,0,0,0,0,0,0,0,0
2026-02-21 22:00:00,HAN,20.4,0.0,13,10.8,133,1007.1,91,24140.0,4.22,9.94,-0.6,-2.4,2.2,0.0,0.0,0.0,15.2,9.57,0,0,0,0,0,0,0,0,0,0,0,0
2026-02-21 23:00:00,HAN,19.9,0.0,21,10.6,122,1007.1,94,24140.0,2.2,10.37,-0.5,-1.9,1.5,0.0,0.0,0.0,12.6,7.05,0,0,0,0,0,0,0,0,0,0,0,0
2026-02-22 00:00:00,HAN,19.5,0.0,98,10.3,113,1007.2,96,24140.0,0.54,10.29,-0.4,-1.5,0.8,0.0,0.0,0.0,10.8,4.22,0,0,0,0,0,0,0,0,0,0,0,0
2026-02-22 01:00:00,HAN,20.9,0.0,100,11.6,118,1007.1,96,24140.0,1.61,11.49,1.4,0.5,0.0,0.0,0.0,0.0,11.6,2.2,0,0,0,0,0,0,0,0,0,0,0,0
2026-02-22 02:00:00,HAN,21.0,0.0,100,11.8,119,1006.6,95,24140.0,1.85,11.65,0.1,1.1,-0.5,0.0,0.0,0.0,11.8,1.85,0,0,0,0,0,0,0,0,0,0,0,0
2026-02-22 03:00:00,HAN,21.0,0.0,100,10.4,122,1006.8,96,24140.0,2.16,10.17,0.0,1.5,-0.4,0.0,0.0,0.0,11.8,2.16,0,0,0,0,0,0,0,0,0,0,0,0
2026-02-22 04:00:00,HAN,21.2,0.0,100,9.3,122,1007.0,96,24140.0,1.93,9.1,0.2,0.3,-0.1,0.0,0.0,0.0,11.8,2.16,0,0,0,0,0,0,0,0,0,0,0,0
2026-02-22 05:00:00,HAN,21.2,0.0,100,7.8,109,1007.2,96,24140.0,0.14,7.8,0.0,0.2,0.6,0.0,0.0,0.0,10.4,2.16,0,0,0,0,0,0,0,0,0,0,0,0
2026-02-22 06:00:00,HAN,21.2,0.1,100,8.3,103,1007.6,97,24140.0,1.01,8.24,0.0,0.2,0.8,0.1,0.1,0.1,9.3,1.93,1,0,0,0,0,0,0,0,1,1,0,1
2026-02-22 07:00:00,HAN,21.0,0.1,100,9.2,96,1008.7,96,24140.0,2.23,8.93,-0.2,-0.2,1.7,0.1,0.2,0.2,9.2,2.23,1,0,0,0,0,0,0,0,1,1,0,1
2026-02-22 08:00:00,HAN,21.4,0.1,100,10.4,104,1009.4,95,22240.0,1.09,10.34,0.4,0.2,2.2,0.1,0.3,0.3,10.4,2.23,1,0,0,0,0,0,0,0,1,1,0,1
2026-02-22 09:00:00,HAN,22.0,0.0,100,11.1,106,1010.0,91,24140.0,0.77,11.07,0.6,0.8,2.4,0.0,0.2,0.3,11.1,2.23,0,0,0,0,0,0,0,0,0,0,0,0
2026-02-22 10:00:00,HAN,23.0,0.0,100,13.4,125,1010.3,86,24140.0,3.47,12.94,1.0,2.0,1.6,0.0,0.1,0.3,13.4,3.47,0,0,0,0,0,0,0,0,0,0,0,0
2026-02-22 11:00:00,HAN,24.7,0.0,100,12.3,142,1009.7,77,23840.0,6.52,10.43,1.7,3.3,0.3,0.0,0.0,0.3,13.4,6.52,0,0,0,0,0,0,0,0,0,0,0,0
2026-02-22 12:00:00,HAN,26.0,0.1,100,10.8,162,1008.7,71,24140.0,8.51,6.65,1.3,4.0,-1.3,0.1,0.1,0.3,13.4,8.51,1,0,0,0,0,0,0,0,1,1,0,1
2026-02-22 13:00:00,HAN,24.8,0.1,100,12.8,142,1007.9,77,22540.0,6.78,10.86,-1.2,1.8,-2.4,0.1,0.2,0.3,12.8,8.51,1,0,0,0,0,0,0,0,1,1,0,1
2026-02-22 14:00:00,HAN,24.4,0.2,100,16.6,132,1007.0,79,23900.0,6.22,15.39,-0.4,-0.3,-2.7,0.2,0.4,0.4,16.6,8.51,1,0,0,0,0,0,0,0,1,1,0,1
2026-02-22 15:00:00,HAN,23.5,0.1,100,16.5,130,1006.9,80,22180.0,5.64,15.5,-0.9,-2.5,-1.8,0.1,0.4,0.5,16.6,6.78,1,0,0,0,0,0,0,0,1,1,0,1
2026-02-22 16:00:00,HAN,23.0,0.0,100,15.8,135,1006.9,80,24140.0,6.68,14.32,-0.5,-1.8,-1.0,0.0,0.3,0.5,16.6,6.68,0,0,0,0,0,0,0,0,0,0,0,0
2026-02-22 17:00:00,HAN,22.7,0.0,100,14.0,134,1007.0,81,24140.0,5.69,12.79,-0.3,-1.7,0.0,0.0,0.1,0.5,16.5,6.68,0,0,0,0,0,0,0,0,0,0,0,0
2026-02-22 18:00:00,HAN,22.3,0.0,100,11.8,140,1007.4,82,24140.0,5.9,10.22,-0.4,-1.2,0.5,0.0,0.0,0.4,15.8,6.68,0,0,0,0,0,0,0,0,0,0,0,0
2026-02-22 19:00:00,HAN,22.6,0.0,100,14.7,133,1007.7,79,13660.0,5.74,13.53,0.3,-0.4,0.8,0.0,0.0,0.3,14.7,5.9,0,0,0,0,0,0,0,0,0,0,0,0
2026-02-22 20:00:00,HAN,22.2,0.0,100,14.7,131,1008.3,82,22960.0,5.27,13.72,-0.4,-0.5,1.3,0.0,0.0,0.1,14.7,5.9,0,0,0,0,0,0,0,0,0,0,0,0
2026-02-22 21:00:00,HAN,21.6,0.1,100,12.9,127,1008.9,87,24140.0,3.77,12.34,-0.6,-0.7,1.5,0.1,0.1,0.1,14.7,5.74,1,0,0,0,0,0,0,0,1,1,0,1
2026-02-22 22:00:00,HAN,21.2,0.1,100,9.7,137,1009.5,89,24140.0,4.4,8.64,-0.4,-1.4,1.8,0.1,0.2,0.2,14.7,5.27,1,0,0,0,0,0,0,0,1,1,0,1
2026-02-22 23:00:00,HAN,21.2,0.0,100,8.4,143,1009.7,88,24140.0,4.57,7.04,0.0,-1.0,1.4,0.0,0.2,0.2,12.9,4.57,0,0,0,0,0,0,0,0,0,0,0,0
2026-02-23 00:00:00,HAN,21.1,0.0,100,8.0,138,1009.5,88,23320.0,3.76,7.06,-0.1,-0.5,0.6,0.0,0.1,0.2,9.7,4.57,0,0,0,0,0,0,0,0,0,0,0,0
2026-02-23 01:00:00,HAN,21.6,0.0,100,8.6,131,1008.9,89,5040.0,3.08,8.03,0.5,0.4,-0.6,0.0,0.0,0.2,8.6,4.57,0,0,0,0,0,0,0,0,0,0,0,0
2026-02-23 02:00:00,HAN,21.5,0.1,99,10.3,133,1008.3,89,23180.0,4.02,9.48,-0.1,0.3,-1.4,0.1,0.1,0.3,10.3,4.02,1,0,0,0,0,0,0,0,1,1,0,1
2026-02-23 03:00:00,HAN,21.4,0.0,97,11.8,133,1007.7,89,24140.0,4.61,10.86,-0.1,0.3,-1.8,0.0,0.1,0.2,11.8,4.61,0,0,0,0,0,0,0,0,0,0,0,0
2026-02-23 04:00:00,HAN,21.3,0.0,100,12.2,135,1007.4,89,23760.0,5.16,11.06,-0.1,-0.3,-1.5,0.0,0.1,0.1,12.2,5.16,0,0,0,0,0,0,0,0,0,0,0,0
2026-02-23 05:00:00,HAN,21.2,0.0,100,11.5,136,1007.6,89,24140.0,5.04,10.34,-0.1,-0.3,-0.7,0.0,0.0,0.1,12.2,5.16,0,0,0,0,0,0,0,0,0,0,0,0
2026-02-23 06:00:00,HAN,21.3,0.0,100,10.9,130,1008.2,89,23140.0,3.73,10.24,0.1,-0.1,0.5,0.0,0.0,0.1,12.2,5.16,0,0,0,0,0,0,0,0,0,0,0,0
2026-02-23 07:00:00,HAN,21.3,0.4,66,9.9,132,1009.4,90,24140.0,3.71,9.18,0.0,0.0,2.0,0.4,0.4,0.5,11.5,5.04,1,0,0,0,0,0,0,0,0,1,0,0
2026-02-23 08:00:00,HAN,22.6,0.0,95,12.5,143,1009.9,86,24140.0,6.81,10.48,1.3,1.4,2.3,0.0,0.4,0.4,12.5,6.81,0,0,0,0,0,0,0,0,0,0,0,0
2026-02-23 09:00:00,HAN,23.6,0.0,53,16.0,159,1010.4,84,24140.0,12.08,10.5,1.0,2.3,2.2,0.0,0.4,0.4,16.0,12.08,0,0,0,0,0,0,0,0,0,0,0,0
2026-02-23 10:00:00,HAN,25.2,0.1,100,18.3,173,1010.8,76,24140.0,16.31,8.31,1.6,3.9,1.4,0.1,0.1,0.5,18.3,16.31,1,0,0,0,0,0,0,0,1,1,0,1
2026-02-23 11:00:00,HAN,25.1,0.0,100,16.9,168,1010.2,77,24140.0,14.33,8.96,-0.1,2.5,0.3,0.0,0.1,0.5,18.3,16.31,0,0,0,0,0,0,0,0,0,0,0,0
2026-02-23 12:00:00,HAN,25.3,0.1,100,19.1,166,1009.1,76,24140.0,15.83,10.68,0.2,1.7,-1.3,0.1,0.2,0.6,19.1,16.31,1,0,0,0,0,0,0,0,1,1,0,1
2026-02-23 13:00:00,HAN,25.5,0.1,87,17.3,168,1008.6,74,24140.0,14.67,9.17,0.2,0.3,-2.2,0.1,0.2,0.3,19.1,15.83,1,0,0,0,0,0,0,0,1,1,0,1
2026-02-23 14:00:00,HAN,26.6,0.0,37,18.4,163,1007.4,68,24140.0,14.69,11.07,1.1,1.5,-2.8,0.0,0.2,0.3,19.1,15.83,0,0,0,0,0,0,0,0,0,0,0,0
2026-02-23 15:00:00,HAN,26.6,0.0,92,19.0,162,1006.6,67,24140.0,14.97,11.7,0.0,1.3,-2.5,0.0,0.1,0.3,19.0,14.97,0,0,0,0,0,0,0,0,0,0,0,0
2026-02-23 16:00:00,HAN,26.0,0.0,66,17.4,159,1006.4,69,14780.0,13.13,11.42,-0.6,0.5,-2.2,0.0,0.0,0.2,19.0,14.97,0,0,0,0,0,0,0,0,0,0,0,0
2026-02-23 17:00:00,HAN,26.0,0.0,75,15.4,163,1006.3,68,24140.0,12.3,9.27,0.0,-0.6,-1.1,0.0,0.0,0.2,19.0,14.97,0,0,0,0,0,0,0,0,0,0,0,0
2026-02-23 18:00:00,HAN,24.4,0.0,100,12.8,165,1006.7,76,24140.0,10.49,7.34,-1.6,-2.2,0.1,0.0,0.0,0.1,17.4,13.13,0,0,0,0,0,0,0,0,0,0,0,0
2026-02-23 19:00:00,HAN,24.0,0.0,100,12.9,147,1007.0,79,23060.0,7.76,10.3,-0.4,-2.0,0.6,0.0,0.0,0.0,15.4,12.3,0,0,0,0,0,0,0,0,0,0,0,0
2026-02-23 20:00:00,HAN,23.8,0.0,100,14.3,146,1007.9,80,24140.0,8.41,11.57,-0.2,-2.2,1.6,0.0,0.0,0.0,14.3,10.49,0,0,0,0,0,0,0,0,0,0,0,0
2026-02-23 21:00:00,HAN,23.2,0.0,34,13.1,146,1008.6,83,24140.0,7.7,10.6,-0.6,-1.2,1.9,0.0,0.0,0.0,14.3,8.41,0,0,0,0,0,0,0,0,0,0,0,0
2026-02-23 22:00:00,HAN,22.5,0.0,98,12.6,152,1009.1,88,24140.0,8.43,9.36,-0.7,-1.5,2.1,0.0,0.0,0.0,14.3,8.43,0,0,0,0,0,0,0,0,0,0,0,0
2026-02-23 23:00:00,HAN,22.5,0.0,100,13.0,152,1008.8,90,24140.0,8.7,9.66,0.0,-1.3,0.9,0.0,0.0,0.0,13.1,8.7,0,0,0,0,0,0,0,0,0,0,0,0
2026-02-24 00:00:00,HAN,22.4,0.0,100,12.4,152,1008.5,91,24140.0,8.3,9.21,-0.1,-0.8,-0.1,0.0,0.0,0.0,13.0,8.7,0,0,0,0,0,0,0,0,0,0,0,0
2026-02-24 01:00:00,HAN,22.7,0.0,91,11.9,146,1008.2,93,24140.0,6.99,9.63,0.3,0.2,-0.9,0.0,0.0,0.0,13.0,8.7,0,0,0,0,0,0,0,0,0,0,0,0
2026-02-24 02:00:00,HAN,22.4,0.0,97,11.0,140,1007.9,94,24140.0,5.5,9.53,-0.3,-0.1,-0.9,0.0,0.0,0.0,12.4,8.3,0,0,0,0,0,0,0,0,0,0,0,0
2026-02-24 03:00:00,HAN,22.2,0.0,99,10.6,134,1007.6,94,24140.0,4.31,9.68,-0.2,-0.2,-0.9,0.0,0.0,0.0,11.9,6.99,0,0,0,0,0,0,0,0,0,0,0,0
2026-02-24 04:00:00,HAN,22.1,0.0,100,10.2,135,1007.7,95,24140.0,4.31,9.24,-0.1,-0.6,-0.5,0.0,0.0,0.0,11.0,5.5,0,0,0,0,0,0,0,0,0,0,0,0
2026-02-24 05:00:00,HAN,22.0,0.0,100,7.8,127,1008.4,96,24140.0,2.28,7.46,-0.1,-0.4,0.5,0.0,0.0,0.0,10.6,4.31,0,0,0,0,0,0,0,0,0,0,0,0
2026-02-24 06:00:00,HAN,22.0,0.0,100,7.5,120,1009.3,95,24140.0,1.3,7.39,0.0,-0.2,1.7,0.0,0.0,0.0,10.2,4.31,0,0,0,0,0,0,0,0,0,0,0,0
2026-02-24 07:00:00,HAN,21.9,0.0,100,10.3,119,1010.5,93,24140.0,1.61,10.17,-0.1,-0.2,2.8,0.0,0.0,0.0,10.3,2.28,0,0,0,0,0,0,0,0,0,0,0,0
2026-02-24 08:00:00,HAN,22.5,0.0,100,12.3,140,1011.0,90,24140.0,6.15,10.65,0.6,0.5,2.6,0.0,0.0,0.0,12.3,6.15,0,0,0,0,0,0,0,0,0,0,0,0
2026-02-24 09:00:00,HAN,23.0,0.1,100,13.2,152,1011.8,88,24140.0,8.83,9.81,0.5,1.0,2.5,0.1,0.1,0.1,13.2,8.83,1,0,0,0,0,0,0,0,1,1,0,1
2026-02-24 10:00:00,HAN,23.5,0.0,100,13.3,161,1012.4,86,24140.0,10.34,8.37,0.5,1.6,1.9,0.0,0.1,0.1,13.3,10.34,0,0,0,0,0,0,0,0,0,0,0,0
2026-02-24 11:00:00,HAN,24.6,0.1,100,12.2,164,1012.0,80,24140.0,9.87,7.17,1.1,2.1,1.0,0.1,0.2,0.2,13.3,10.34,1,0,0,0,0,0,0,0,1,1,0,1
2026-02-24 12:00:00,HAN,25.0,0.1,100,12.1,157,1010.9,78,24140.0,8.85,8.25,0.4,2.0,-0.9,0.1,0.2,0.3,13.3,10.34,1,0,0,0,0,0,0,0,1,1,0,1
2026-02-24 13:00:00,HAN,24.5,0.1,100,10.5,161,1010.8,79,24140.0,8.16,6.61,-0.5,1.0,-1.6,0.1,0.3,0.4,12.2,9.87,1,0,0,0,0,0,0,0,1,1,0,1
2026-02-24 14:00:00,HAN,24.2,0.0,100,10.1,161,1009.7,80,24140.0,7.85,6.36,-0.3,-0.4,-2.3,0.0,0.2,0.4,12.1,8.85,0,0,0,0,0,0,0,0,0,0,0,0
2026-02-24 15:00:00,HAN,24.6,0.0,100,9.7,156,1009.3,78,24140.0,6.98,6.74,0.4,-0.4,-1.6,0.0,0.1,0.3,10.5,8.16,0,0,0,0,0,0,0,0,0,0,0,0
2026-02-24 16:00:00,HAN,24.3,0.0,100,8.4,149,1009.2,80,24140.0,5.29,6.53,-0.3,-0.2,-1.6,0.0,0.0,0.3,10.1,7.85,0,0,0,0,0,0,0,0,0,0,0,0
2026-02-24 17:00:00,HAN,24.0,0.0,100,9.0,121,1009.0,83,24140.0,1.72,8.83,-0.3,-0.2,-0.7,0.0,0.0,0.2,9.7,6.98,0,0,0,0,0,0,0,0,0,0,0,0
2026-02-24 18:00:00,HAN,23.5,0.0,100,9.0,110,1009.3,85,24140.0,0.0,9.0,-0.5,-1.1,0.0,0.0,0.0,0.1,9.0,5.29,0,0,0,0,0,0,0,0,0,0,0,0
2026-02-24 19:00:00,HAN,23.1,0.0,100,12.6,116,1009.3,90,24140.0,1.32,12.53,-0.4,-1.2,0.1,0.0,0.0,0.0,12.6,1.72,0,0,0,0,0,0,0,0,0,0,0,0
2026-02-24 20:00:00,HAN,22.7,0.3,56,13.8,131,1010.0,90,24140.0,4.95,12.88,-0.4,-1.3,1.0,0.3,0.3,0.3,13.8,4.95,1,0,0,0,0,0,0,0,0,1,0,0
2026-02-24 21:00:00,HAN,22.0,0.0,98,12.4,139,1010.9,92,24140.0,6.01,10.85,-0.7,-1.5,1.6,0.0,0.3,0.3,13.8,6.01,0,0,0,0,0,0,0,0,0,0,0,0
2026-02-24 22:00:00,HAN,22.0,0.0,100,9.8,150,1011.8,92,24140.0,6.3,7.51,0.0,-1.1,2.5,0.0,0.3,0.3,13.8,6.3,0,0,0,0,0,0,0,0,0,0,0,0
2026-02-24 23:00:00,HAN,22.1,0.0,100,10.6,140,1011.5,92,24140.0,5.3,9.18,0.1,-0.6,1.5,0.0,0.0,0.3,12.4,6.3,0,0,0,0,0,0,0,0,0,0,0,0
2026-02-25 00:00:00,HAN,21.9,0.0,100,7.8,136,1011.5,94,24140.0,3.42,7.01,-0.2,-0.1,0.6,0.0,0.0,0.3,10.6,6.3,0,0,0,0,0,0,0,0,0,0,0,0
2026-02-25 01:00:00,HAN,22.1,0.0,100,9.1,126,1010.7,96,24140.0,2.51,8.75,0.2,0.1,-1.1,0.0,0.0,0.3,10.6,5.3,0,0,0,0,0,0,0,0,0,0,0,0
2026-02-25 02:00:00,HAN,22.0,0.0,100,9.4,121,1010.3,96,22320.0,1.79,9.23,-0.1,-0.1,-1.2,0.0,0.0,0.0,9.4,3.42,0,0,0,0,0,0,0,0,0,0,0,0
2026-02-25 03:00:00,HAN,21.8,0.0,100,9.9,127,1010.3,97,13660.0,2.89,9.47,-0.2,-0.1,-1.2,0.0,0.0,0.0,9.9,2.89,0,0,0,0,0,0,0,0,0,0,0,0
2026-02-25 04:00:00,HAN,21.5,0.1,100,9.3,130,1010.5,97,23160.0,3.18,8.74,-0.3,-0.6,-0.2,0.1,0.1,0.1,9.9,3.18,1,0,0,0,0,0,0,0,1,1,0,1
2026-02-25 05:00:00,HAN,21.5,0.7,100,5.6,132,1010.8,98,10720.0,2.1,5.19,0.0,-0.5,0.5,0.7,0.8,0.8,9.9,3.18,1,0,0,0,0,0,0,0,1,1,0,1
2026-02-25 06:00:00,HAN,21.4,1.6,100,8.7,138,1011.4,98,24140.0,4.08,7.68,-0.1,-0.4,1.1,1.6,2.4,2.4,9.3,4.08,1,0,0,0,0,0,0,0,1,1,0,1
2026-02-25 07:00:00,HAN,21.0,2.8,100,9.2,138,1011.9,98,24140.0,4.32,8.12,-0.4,-0.5,1.4,2.8,5.1,5.2,9.2,4.32,1,0,0,0,0,0,0,0,1,1,0,1
2026-02-25 08:00:00,HAN,21.3,0.2,100,10.4,138,1012.1,97,24140.0,4.88,9.18,0.3,-0.2,1.3,0.2,4.6,5.4,10.4,4.88,1,0,0,0,0,0,0,0,1,1,0,1
2026-02-25 09:00:00,HAN,22.6,0.6,100,13.5,153,1012.4,90,24140.0,9.21,9.87,1.3,1.2,1.0,0.6,3.6,6.0,13.5,9.21,1,0,0,0,0,0,0,0,1,1,0,1
2026-02-25 10:00:00,HAN,24.1,0.1,100,12.2,164,1012.5,81,24140.0,9.87,7.17,1.5,3.1,0.6,0.1,0.9,6.0,13.5,9.87,1,0,0,0,0,0,0,0,1,1,0,1
2026-02-25 11:00:00,HAN,24.1,0.4,100,9.5,151,1011.9,82,23540.0,6.23,7.17,0.0,2.8,-0.2,0.4,1.1,5.7,13.5,9.87,1,0,0,0,0,0,0,0,1,1,0,1
2026-02-25 12:00:00,HAN,24.1,0.5,100,10.5,155,1011.1,83,24140.0,7.42,7.42,0.0,1.5,-1.3,0.5,1.0,4.6,12.2,9.87,1,0,0,0,0,0,0,0,1,1,0,1
2026-02-25 13:00:00,HAN,23.8,0.2,100,6.3,177,1011.0,81,24140.0,5.8,2.46,-0.3,-0.3,-1.5,0.2,1.1,2.0,10.5,7.42,1,0,0,0,0,0,0,0,1,1,0,1
2026-02-25 14:00:00,HAN,24.8,0.2,45,5.2,174,1009.6,75,24140.0,4.67,2.28,1.0,0.7,-2.3,0.2,0.9,2.0,10.5,7.42,1,0,0,0,0,0,0,0,0,1,0,0
2026-02-25 15:00:00,HAN,26.3,0.1,52,6.4,158,1008.7,67,24140.0,4.76,4.28,1.5,2.2,-2.4,0.1,0.5,1.5,6.4,5.8,1,0,0,0,0,0,0,0,0,1,0,0
2026-02-25 16:00:00,HAN,26.8,0.0,27,9.4,142,1008.2,64,24140.0,4.98,7.97,0.5,3.0,-2.8,0.0,0.3,1.4,9.4,4.98,0,0,0,0,0,0,0,0,0,0,0,0
2026-02-25 17:00:00,HAN,26.0,0.0,45,14.0,139,1008.3,67,24140.0,6.79,12.24,-0.8,1.2,-1.3,0.0,0.1,1.0,14.0,6.79,0,0,0,0,0,0,0,0,0,0,0,0
2026-02-25 18:00:00,HAN,24.0,0.0,54,12.6,132,1009.0,79,24140.0,4.72,11.68,-2.0,-2.3,0.3,0.0,0.0,0.5,14.0,6.79,0,0,0,0,0,0,0,0,0,0,0,0
2026-02-25 19:00:00,HAN,23.1,0.0,49,11.2,122,1009.5,88,24140.0,2.33,10.96,-0.9,-3.7,1.3,0.0,0.0,0.3,14.0,6.79,0,0,0,0,0,0,0,0,0,0,0,0
2026-02-25 20:00:00,HAN,22.6,0.0,100,11.0,130,1010.5,88,22860.0,3.76,10.34,-0.5,-3.4,2.2,0.0,0.0,0.1,12.6,4.72,0,0,0,0,0,0,0,0,0,0,0,0
2026-02-25 21:00:00,HAN,22.1,1.6,97,14.0,134,1010.9,91,24080.0,5.69,12.79,-0.5,-1.9,1.9,1.6,1.6,1.6,14.0,5.69,1,0,0,0,0,0,0,0,1,1,0,1
2026-02-25 22:00:00,HAN,21.5,0.1,39,17.2,128,1011.3,92,23800.0,5.32,16.36,-0.6,-1.6,1.8,0.1,1.7,1.7,17.2,5.69,1,0,0,0,0,0,0,0,0,1,0,0
2026-02-25 23:00:00,HAN,21.1,0.0,23,13.8,144,1010.6,94,24140.0,7.72,11.44,-0.4,-1.5,0.1,0.0,1.7,1.7,17.2,7.72,0,0,0,0,0,0,0,0,0,0,0,0
2026-02-26 00:00:00,HAN,20.9,0.0,25,10.8,136,1010.3,94,24140.0,4.73,9.71,-0.2,-1.2,-0.6,0.0,0.1,1.7,17.2,7.72,0,0,0,0,0,0,0,0,0,0,0,0
2026-02-26 01:00:00,HAN,21.3,0.0,99,11.9,119,1010.0,96,24140.0,1.86,11.75,0.4,-0.2,-1.3,0.0,0.0,1.7,13.8,7.72,0,0,0,0,0,0,0,0,0,0,0,0
2026-02-26 02:00:00,HAN,21.2,0.0,92,9.8,130,1009.5,95,24140.0,3.35,9.21,-0.1,0.1,-1.1,0.0,0.0,1.7,11.9,4.73,0,0,0,0,0,0,0,0,0,0,0,0
2026-02-26 03:00:00,HAN,20.9,0.0,96,7.8,142,1009.1,96,24140.0,4.13,6.61,-0.3,0.0,-1.2,0.0,0.0,0.1,11.9,4.13,0,0,0,0,0,0,0,0,0,0,0,0
2026-02-26 04:00:00,HAN,20.8,0.0,76,8.4,140,1008.9,96,24140.0,4.2,7.27,-0.1,-0.5,-1.1,0.0,0.0,0.0,9.8,4.2,0,0,0,0,0,0,0,0,0,0,0,0
2026-02-26 05:00:00,HAN,20.5,0.0,59,7.4,141,1009.3,96,24140.0,3.81,6.34,-0.3,-0.7,-0.2,0.0,0.0,0.0,8.4,4.2,0,0,0,0,0,0,0,0,0,0,0,0
2026-02-26 06:00:00,HAN,20.4,0.0,100,7.6,135,1009.8,96,24140.0,3.21,6.89,-0.1,-0.5,0.7,0.0,0.0,0.0,8.4,4.2,0,0,0,0,0,0,0,0,0,0,0,0
2026-02-26 07:00:00,HAN,20.5,0.0,100,8.6,116,1010.5,96,24140.0,0.9,8.55,0.1,-0.3,1.6,0.0,0.0,0.0,8.6,3.81,0,0,0,0,0,0,0,0,0,0,0,0
2026-02-26 08:00:00,HAN,21.0,0.2,100,10.4,138,1010.9,93,24140.0,4.88,9.18,0.5,0.5,1.6,0.2,0.2,0.2,10.4,4.88,1,0,0,0,0,0,0,0,1,1,0,1
2026-02-26 09:00:00,HAN,21.5,0.1,100,10.3,145,1011.1,92,19160.0,5.91,8.44,0.5,1.1,1.3,0.1,0.3,0.3,10.4,5.91,1,0,0,0,0,0,0,0,1,1,0,1
2026-02-26 10:00:00,HAN,22.7,0.4,100,13.6,160,1011.0,84,24140.0,10.42,8.74,1.2,2.2,0.5,0.4,0.7,0.7,13.6,10.42,1,0,0,0,0,0,0,0,1,1,0,1
2026-02-26 11:00:00,HAN,22.2,0.5,100,10.1,168,1010.3,89,22260.0,8.57,5.35,-0.5,1.2,-0.6,0.5,1.0,1.2,13.6,10.42,1,0,0,0,0,0,0,0,1,1,0,1
2026-02-26 12:00:00,HAN,22.7,0.5,100,11.0,183,1009.1,90,24140.0,10.52,3.22,0.5,1.2,-2.0,0.5,1.4,1.7,13.6,10.52,1,0,0,0,0,0,0,0,1,1,0,1
2026-02-26 13:00:00,HAN,22.3,0.6,100,9.2,169,1008.4,89,24140.0,7.89,4.74,-0.4,-0.4,-2.6,0.6,1.6,2.3,11.0,10.52,1,0,0,0,0,0,0,0,1,1,0,1
2026-02-26 14:00:00,HAN,23.3,0.1,100,10.9,164,1006.7,82,24140.0,8.82,6.41,1.0,1.1,-3.6,0.1,1.2,2.2,11.0,10.52,1,0,0,0,0,0,0,0,1,1,0,1
2026-02-26 15:00:00,HAN,24.5,0.1,99,12.1,169,1005.7,75,24140.0,10.37,6.23,1.2,1.8,-3.4,0.1,0.8,2.2,12.1,10.37,1,0,0,0,0,0,0,0,1,1,0,1
2026-02-26 16:00:00,HAN,25.0,0.1,100,12.9,167,1005.0,71,24140.0,10.82,7.03,0.5,2.7,-3.4,0.1,0.3,1.9,12.9,10.82,1,0,0,0,0,0,0,0,1,1,0,1
2026-02-26 17:00:00,HAN,24.0,0.0,47,14.3,151,1004.6,76,24140.0,9.38,10.79,-1.0,0.7,-2.1,0.0,0.2,1.4,14.3,10.82,0,0,0,0,0,0,0,0,0,0,0,0
2026-02-26 18:00:00,HAN,22.4,0.0,81,12.4,138,1004.8,85,24140.0,5.82,10.95,-1.6,-2.1,-0.9,0.0,0.1,0.9,14.3,10.82,0,0,0,0,0,0,0,0,0,0,0,0
2026-02-26 19:00:00,HAN,22.4,0.0,80,10.1,131,1004.7,91,24140.0,3.62,9.43,0.0,-2.6,-0.3,0.0,0.0,0.3,14.3,9.38,0,0,0,0,0,0,0,0,0,0,0,0
2026-02-26 20:00:00,HAN,22.0,0.0,78,11.0,128,1005.3,92,24140.0,3.4,10.46,-0.4,-2.0,0.7,0.0,0.0,0.2,12.4,5.82,0,0,0,0,0,0,0,0,0,0,0,0
2026-02-26 21:00:00,HAN,21.5,0.0,74,11.6,133,1005.8,93,24140.0,4.53,10.68,-0.5,-0.9,1.0,0.0,0.0,0.1,11.6,4.53,0,0,0,0,0,0,0,0,0,0,0,0
2026-02-26 22:00:00,HAN,21.2,0.0,75,9.9,136,1006.4,92,24140.0,4.34,8.9,-0.3,-1.2,1.7,0.0,0.0,0.0,11.6,4.53,0,0,0,0,0,0,0,0,0,0,0,0
2026-02-26 23:00:00,HAN,20.6,0.0,31,9.2,133,1006.7,94,24140.0,3.59,8.47,-0.6,-1.4,1.4,0.0,0.0,0.0,11.6,4.53,0,0,0,0,0,0,0,0,0,0,0,0
2026-02-27 00:00:00,HAN,20.4,0.0,48,8.2,122,1006.5,95,24140.0,1.7,8.02,-0.2,-1.1,0.7,0.0,0.0,0.0,9.9,4.34,0,0,0,0,0,0,0,0,0,0,0,0
2026-02-27 01:00:00,HAN,21.0,0.0,37,7.8,127,1006.0,95,24140.0,2.28,7.46,0.6,-0.2,-0.4,0.0,0.0,0.0,9.2,3.59,0,0,0,0,0,0,0,0,0,0,0,0
2026-02-27 02:00:00,HAN,20.6,0.0,1,6.8,125,1005.5,94,24140.0,1.76,6.57,-0.4,0.0,-1.2,0.0,0.0,0.0,8.2,2.28,0,0,0,0,0,0,0,0,0,0,0,0
2026-02-27 03:00:00,HAN,20.2,0.0,29,6.6,119,1005.3,94,24140.0,1.03,6.52,-0.4,-0.2,-1.2,0.0,0.0,0.0,7.8,2.28,0,0,0,0,0,0,0,0,0,0,0,0
2026-02-27 04:00:00,HAN,20.1,0.0,2,7.8,122,1005.4,94,24140.0,1.62,7.63,-0.1,-0.9,-0.6,0.0,0.0,0.0,7.8,1.76,0,0,0,0,0,0,0,0,0,0,0,0
2026-02-27 05:00:00,HAN,19.9,0.0,4,7.5,127,1005.7,95,24140.0,2.19,7.17,-0.2,-0.7,0.2,0.0,0.0,0.0,7.8,2.19,0,0,0,0,0,0,0,0,0,0,0,0
2026-02-27 06:00:00,HAN,19.2,0.0,1,4.9,126,1006.4,95,24140.0,1.35,4.71,-0.7,-1.0,1.1,0.0,0.0,0.0,7.8,2.19,0,0,0,0,0,0,0,0,0,0,0,0
2026-02-27 07:00:00,HAN,19.2,0.0,4,5.4,56,1006.9,95,24140.0,4.37,3.17,0.0,-0.9,1.5,0.0,0.0,0.0,7.5,4.37,0,0,0,0,0,0,0,0,0,0,0,0
2026-02-27 08:00:00,HAN,21.3,0.0,13,3.4,72,1007.8,88,24140.0,2.09,2.68,2.1,1.4,2.1,0.0,0.0,0.0,5.4,4.37,0,0,0,0,0,0,0,0,0,0,0,0
2026-02-27 09:00:00,HAN,23.4,0.0,48,1.3,74,1007.9,79,24140.0,0.76,1.05,2.1,4.2,1.5,0.0,0.0,0.0,5.4,4.37,0,0,0,0,0,0,0,0,0,0,0,0
2026-02-27 10:00:00,HAN,25.2,0.0,98,1.1,270,1008.3,73,24140.0,0.38,-1.03,1.8,6.0,1.4,0.0,0.0,0.0,3.4,2.09,0,0,0,0,0,0,0,0,0,0,0,0
2026-02-27 11:00:00,HAN,26.1,0.0,95,2.7,200,1007.3,70,24140.0,2.7,0.0,0.9,4.8,-0.5,0.0,0.0,0.0,2.7,2.7,0,0,0,0,0,0,0,0,0,0,0,0
2026-02-27 12:00:00,HAN,27.5,0.0,95,6.9,195,1006.3,65,24140.0,6.87,0.6,1.4,4.1,-1.6,0.0,0.0,0.0,6.9,6.87,0,0,0,0,0,0,0,0,0,0,0,0
2026-02-27 13:00:00,HAN,27.1,0.0,88,8.1,201,1005.5,65,24140.0,8.1,-0.14,-0.4,1.9,-2.8,0.0,0.0,0.0,8.1,8.1,0,0,0,0,0,0,0,0,0,0,0,0
2026-02-27 14:00:00,HAN,28.1,0.0,69,8.3,191,1003.7,60,24140.0,8.2,1.3,1.0,2.0,-3.6,0.0,0.0,0.0,8.3,8.2,0,0,0,0,0,0,0,0,0,0,0,0
2026-02-27 15:00:00,HAN,28.6,0.0,77,8.5,179,1002.5,59,24140.0,7.94,3.05,0.5,1.1,-3.8,0.0,0.0,0.0,8.5,8.2,0,0,0,0,0,0,0,0,0,0,0,0
2026-02-27 16:00:00,HAN,28.0,0.0,14,17.8,157,1002.1,62,24140.0,13.02,12.14,-0.6,0.9,-3.4,0.0,0.0,0.0,17.8,13.02,0,0,0,0,0,0,0,0,0,0,0,0
2026-02-27 17:00:00,HAN,26.9,0.0,30,16.0,155,1002.4,70,24140.0,11.31,11.31,-1.1,-1.2,-1.3,0.0,0.0,0.0,17.8,13.02,0,0,0,0,0,0,0,0,0,0,0,0
2026-02-27 18:00:00,HAN,25.3,0.0,12,14.9,144,1002.8,78,24140.0,8.33,12.35,-1.6,-3.3,0.3,0.0,0.0,0.0,17.8,13.02,0,0,0,0,0,0,0,0,0,0,0,0
2026-02-27 19:00:00,HAN,24.1,0.0,48,15.2,141,1003.2,84,24140.0,7.83,13.03,-1.2,-3.9,1.1,0.0,0.0,0.0,16.0,11.31,0,0,0,0,0,0,0,0,0,0,0,0
2026-02-27 20:00:00,HAN,23.9,0.0,11,15.4,142,1004.0,88,24140.0,8.16,13.06,-0.2,-3.0,1.6,0.0,0.0,0.0,15.4,8.33,0,0,0,0,0,0,0,0,0,0,0,0
2026-02-27 21:00:00,HAN,23.3,0.0,100,14.0,142,1004.5,95,24140.0,7.42,11.87,-0.6,-2.0,1.7,0.0,0.0,0.0,15.4,8.16,0,0,0,0,0,0,0,0,0,0,0,0
2026-02-27 22:00:00,HAN,23.4,0.0,100,13.5,146,1004.9,96,24140.0,7.94,10.92,0.1,-0.7,1.7,0.0,0.0,0.0,15.4,8.16,0,0,0,0,0,0,0,0,0,0,0,0
2026-02-27 23:00:00,HAN,23.4,0.1,100,13.6,145,1004.9,97,24140.0,7.8,11.14,0.0,-0.5,0.9,0.1,0.1,0.1,14.0,7.94,1,0,0,0,0,0,0,0,1,1,0,1
2026-02-28 00:00:00,HAN,23.4,0.1,100,13.3,140,1004.7,97,24140.0,6.65,11.52,0.0,0.1,0.2,0.1,0.2,0.2,13.6,7.94,1,0,0,0,0,0,0,0,1,1,0,1
2026-02-28 01:00:00,HAN,23.5,0.0,100,12.6,138,1004.3,99,24140.0,5.92,11.13,0.1,0.1,-0.6,0.0,0.2,0.2,13.6,7.8,0,0,0,0,0,0,0,0,0,0,0,0
2026-02-28 02:00:00,HAN,23.4,0.1,100,11.6,132,1004.0,98,24140.0,4.35,10.76,-0.1,0.0,-0.9,0.1,0.2,0.3,13.3,6.65,1,0,0,0,0,0,0,0,1,1,0,1
2026-02-28 03:00:00,HAN,23.1,0.1,100,12.2,126,1003.4,98,24140.0,3.36,11.73,-0.3,-0.3,-1.3,0.1,0.2,0.4,12.6,5.92,1,0,0,0,0,0,0,0,1,1,0,1
2026-02-28 04:00:00,HAN,23.0,0.1,100,13.9,133,1003.1,98,24140.0,5.43,12.8,-0.1,-0.5,-1.2,0.1,0.3,0.5,13.9,5.43,1,0,0,0,0,0,0,0,1,1,0,1
2026-02-28 05:00:00,HAN,22.9,0.1,100,12.7,137,1003.7,99,24140.0,5.77,11.32,-0.1,-0.5,-0.3,0.1,0.3,0.5,13.9,5.77,1,0,0,0,0,0,0,0,1,1,0,1
2026-02-28 06:00:00,HAN,22.9,0.1,100,12.6,137,1004.3,98,24140.0,5.72,11.23,0.0,-0.2,0.9,0.1,0.3,0.5,13.9,5.77,1,0,0,0,0,0,0,0,1,1,0,1
2026-02-28 07:00:00,HAN,23.2,0.0,100,12.4,131,1004.8,97,24140.0,4.44,11.58,0.3,0.2,1.7,0.0,0.2,0.5,12.7,5.77,0,0,0,0,0,0,0,0,0,0,0,0
2026-02-28 08:00:00,HAN,23.7,0.1,100,14.0,151,1005.4,94,24140.0,9.18,10.57,0.5,0.8,1.7,0.1,0.2,0.5,14.0,9.18,1,0,0,0,0,0,0,0,1,1,0,1
2026-02-28 09:00:00,HAN,24.5,0.1,100,15.1,163,1006.0,88,24140.0,12.06,9.09,0.8,1.6,1.7,0.1,0.2,0.5,15.1,12.06,1,0,0,0,0,0,0,0,1,1,0,1
2026-02-28 10:00:00,HAN,26.0,0.2,100,14.8,166,1006.4,81,17080.0,12.27,8.28,1.5,2.8,1.6,0.2,0.4,0.6,15.1,12.27,1,0,0,0,0,0,0,0,1,1,0,1
2026-02-28 11:00:00,HAN,28.0,0.2,93,17.4,173,1005.4,70,24140.0,15.5,7.9,2.0,4.3,0.0,0.2,0.5,0.7,17.4,15.5,1,0,0,0,0,0,0,0,1,1,0,1
2026-02-28 12:00:00,HAN,29.2,0.0,97,17.7,177,1004.0,66,24140.0,16.29,6.92,1.2,4.7,-2.0,0.0,0.4,0.6,17.7,16.29,0,0,0,0,0,0,0,0,0,0,0,0
2026-02-28 13:00:00,HAN,29.7,0.0,64,16.1,175,1003.0,65,24140.0,14.59,6.8,0.5,3.7,-3.4,0.0,0.2,0.6,17.7,16.29,0,0,0,0,0,0,0,0,0,0,0,0
2026-02-28 14:00:00,HAN,30.2,0.0,48,17.0,170,1001.9,63,24140.0,14.72,8.5,0.5,2.2,-3.5,0.0,0.0,0.5,17.7,16.29,0,0,0,0,0,0,0,0,0,0,0,0
2026-02-28 15:00:00,HAN,28.6,0.3,37,15.4,154,1001.2,70,24140.0,10.7,11.08,-1.6,-0.6,-2.8,0.3,0.3,0.7,17.0,14.72,1,0,0,0,0,0,0,0,0,1,0,0
2026-02-28 16:00:00,HAN,29.0,0.5,66,17.3,163,1000.9,68,24140.0,13.82,10.41,0.4,-0.7,-2.1,0.5,0.8,1.0,17.3,14.72,1,0,0,0,0,0,0,0,0,1,0,0
2026-02-28 17:00:00,HAN,27.8,0.9,80,13.1,157,1001.1,77,24140.0,9.58,8.93,-1.2,-2.4,-0.8,0.9,1.7,1.7,17.3,13.82,1,0,0,0,0,0,0,0,0,1,0,0
2026-02-28 18:00:00,HAN,26.4,0.0,64,15.6,145,1001.6,80,24140.0,8.95,12.78,-1.4,-2.2,0.4,0.0,1.4,1.7,17.3,13.82,0,0,0,0,0,0,0,0,0,0,0,0
2026-02-28 19:00:00,HAN,25.5,0.0,61,16.1,138,1002.2,85,24140.0,7.56,14.22,-0.9,-3.5,1.3,0.0,0.9,1.7,16.1,9.58,0,0,0,0,0,0,0,0,0,0,0,0
2026-02-28 20:00:00,HAN,24.9,0.0,20,15.2,139,1002.9,87,24140.0,7.37,13.29,-0.6,-2.9,1.8,0.0,0.0,1.7,16.1,8.95,0,0,0,0,0,0,0,0,0,0,0,0
2026-02-28 21:00:00,HAN,24.1,0.0,48,13.8,144,1003.3,91,24140.0,7.72,11.44,-0.8,-2.3,1.7,0.0,0.0,1.4,16.1,7.72,0,0,0,0,0,0,0,0,0,0,0,0
2026-02-28 22:00:00,HAN,23.5,0.0,59,12.2,146,1003.7,95,24140.0,7.17,9.87,-0.6,-2.0,1.5,0.0,0.0,0.9,15.2,7.72,0,0,0,0,0,0,0,0,0,0,0,0
2026-02-28 23:00:00,HAN,23.2,0.0,80,11.7,142,1004.0,96,24140.0,6.2,9.92,-0.3,-1.7,1.1,0.0,0.0,0.0,13.8,7.72,0,0,0,0,0,0,0,0,0,0,0,0
2026-03-01 00:00:00,HAN,23.0,0.0,79,11.2,127,1003.6,96,24140.0,3.27,10.71,-0.2,-1.1,0.3,0.0,0.0,0.0,12.2,7.17,0,0,0,0,0,0,0,0,0,0,0,0
2026-03-01 01:00:00,HAN,23.5,0.0,88,13.4,126,1003.3,97,24140.0,3.69,12.88,0.5,0.0,-0.4,0.0,0.0,0.0,13.4,6.2,0,0,0,0,0,0,0,0,0,0,0,0
2026-03-01 02:00:00,HAN,23.4,0.0,77,12.0,129,1002.7,97,24140.0,3.91,11.35,-0.1,0.2,-1.3,0.0,0.0,0.0,13.4,3.91,0,0,0,0,0,0,0,0,0,0,0,0
2026-03-01 03:00:00,HAN,23.0,0.0,81,9.5,129,1002.5,98,24140.0,3.09,8.98,-0.4,0.0,-1.1,0.0,0.0,0.0,13.4,3.91,0,0,0,0,0,0,0,0,0,0,0,0
2026-03-01 04:00:00,HAN,22.8,0.0,100,9.5,126,1002.7,98,24140.0,2.62,9.13,-0.2,-0.7,-0.6,0.0,0.0,0.0,12.0,3.91,0,0,0,0,0,0,0,0,0,0,0,0
2026-03-01 05:00:00,HAN,23.0,0.0,100,11.3,133,1003.1,97,24140.0,4.42,10.4,0.2,-0.4,0.4,0.0,0.0,0.0,11.3,4.42,0,0,0,0,0,0,0,0,0,0,0,0
2026-03-01 06:00:00,HAN,22.9,0.0,100,11.1,130,1003.7,97,24140.0,3.8,10.43,-0.1,-0.1,1.2,0.0,0.0,0.0,11.3,4.42,0,0,0,0,0,0,0,0,0,0,0,0
2026-03-01 07:00:00,HAN,22.4,0.0,100,10.4,113,1004.7,98,24140.0,0.54,10.39,-0.5,-0.4,2.0,0.0,0.0,0.0,11.3,4.42,0,0,0,0,0,0,0,0,0,0,0,0
2026-03-01 08:00:00,HAN,23.7,0.0,100,11.5,136,1005.6,91,24140.0,5.04,10.34,1.3,0.7,2.5,0.0,0.0,0.0,11.5,5.04,0,0,0,0,0,0,0,0,0,0,0,0
2026-03-01 09:00:00,HAN,24.6,0.0,100,10.4,146,1006.2,87,24140.0,6.11,8.41,0.9,1.7,2.5,0.0,0.0,0.0,11.5,6.11,0,0,0,0,0,0,0,0,0,0,0,0
2026-03-01 10:00:00,HAN,26.4,0.1,100,9.7,158,1006.3,79,24140.0,7.21,6.49,1.8,4.0,1.6,0.1,0.1,0.1,11.5,7.21,1,0,0,0,0,0,0,0,1,1,0,1
2026-03-01 11:00:00,HAN,27.9,0.0,92,8.7,172,1005.8,72,24140.0,7.68,4.08,1.5,4.2,0.2,0.0,0.1,0.1,10.4,7.68,0,0,0,0,0,0,0,0,0,0,0,0
2026-03-01 12:00:00,HAN,29.5,0.0,22,4.6,193,1004.4,67,24140.0,4.57,0.56,1.6,4.9,-1.8,0.0,0.1,0.1,9.7,7.68,0,0,0,0,0,0,0,0,0,0,0,0
2026-03-01 13:00:00,HAN,29.7,0.0,16,4.3,182,1003.6,66,24140.0,4.09,1.33,0.2,3.3,-2.7,0.0,0.0,0.1,8.7,7.68,0,0,0,0,0,0,0,0,0,0,0,0
2026-03-01 14:00:00,HAN,30.7,0.0,61,7.4,154,1002.2,63,24140.0,5.14,5.32,1.0,2.8,-3.6,0.0,0.0,0.1,7.4,5.14,0,0,0,0,0,0,0,0,0,0,0,0
2026-03-01 15:00:00,HAN,31.1,0.0,80,8.9,153,1001.4,60,24140.0,6.07,6.51,0.4,1.6,-3.0,0.0,0.0,0.1,8.9,6.07,0,0,0,0,0,0,0,0,0,0,0,0
2026-03-01 16:00:00,HAN,31.1,0.0,70,13.3,152,1001.0,57,24140.0,8.9,9.88,0.0,1.4,-2.6,0.0,0.0,0.0,13.3,8.9,0,0,0,0,0,0,0,0,0,0,0,0
2026-03-01 17:00:00,HAN,29.9,0.0,77,17.1,139,1001.2,65,12880.0,8.29,14.96,-1.2,-0.8,-1.0,0.0,0.0,0.0,17.1,8.9,0,0,0,0,0,0,0,0,0,0,0,0
2026-03-01 18:00:00,HAN,27.5,0.0,21,17.3,136,1001.8,76,24140.0,7.58,15.55,-2.4,-3.6,0.4,0.0,0.0,0.0,17.3,8.9,0,0,0,0,0,0,0,0,0,0,0,0
2026-03-01 19:00:00,HAN,27.0,0.0,10,17.2,134,1002.0,85,24140.0,7.0,15.71,-0.5,-4.1,1.0,0.0,0.0,0.0,17.3,8.29,0,0,0,0,0,0,0,0,0,0,0,0
2026-03-01 20:00:00,HAN,26.1,0.0,64,18.4,143,1002.8,87,24140.0,10.02,15.43,-0.9,-3.8,1.6,0.0,0.0,0.0,18.4,10.02,0,0,0,0,0,0,0,0,0,0,0,0
2026-03-01 21:00:00,HAN,25.5,0.0,84,8.7,138,1003.9,90,24140.0,4.08,7.68,-0.6,-2.0,2.1,0.0,0.0,0.0,18.4,10.02,0,0,0,0,0,0,0,0,0,0,0,0
2026-03-01 22:00:00,HAN,24.0,0.3,100,18.5,359,1005.6,93,24140.0,17.27,-6.63,-1.5,-3.0,3.6,0.3,0.3,0.3,18.5,17.27,1,0,0,0,0,0,0,0,1,1,0,1
2026-03-01 23:00:00,HAN,24.0,0.1,81,12.1,105,1005.1,94,24140.0,1.05,12.05,0.0,-2.1,2.3,0.1,0.4,0.4,18.5,17.27,1,0,0,0,0,0,0,0,1,1,0,1
2026-03-02 00:00:00,HAN,23.7,0.0,33,12.1,101,1004.9,97,24140.0,1.89,11.95,-0.3,-1.8,1.0,0.0,0.4,0.4,18.5,17.27,0,0,0,0,0,0,0,0,0,0,0,0
2026-03-02 01:00:00,HAN,24.1,0.0,39,12.5,98,1004.5,98,24140.0,2.6,12.23,0.4,0.1,-1.1,0.0,0.1,0.4,12.5,2.6,0,0,0,0,0,0,0,0,0,0,0,0
2026-03-02 02:00:00,HAN,23.8,0.0,85,8.5,96,1004.3,99,24140.0,2.06,8.25,-0.3,-0.2,-0.8,0.0,0.0,0.4,12.5,2.6,0,0,0,0,0,0,0,0,0,0,0,0
2026-03-02 03:00:00,HAN,23.6,0.0,100,7.4,91,1004.3,99,24140.0,2.41,7.0,-0.2,-0.1,-0.6,0.0,0.0,0.4,12.5,2.6,0,0,0,0,0,0,0,0,0,0,0,0
2026-03-02 04:00:00,HAN,23.9,0.0,100,9.2,111,1004.3,97,24140.0,0.16,9.2,0.3,-0.2,-0.2,0.0,0.0,0.1,9.2,2.41,0,0,0,0,0,0,0,0,0,0,0,0
2026-03-02 05:00:00,HAN,23.9,0.0,100,9.6,118,1004.9,96,24140.0,1.34,9.51,0.0,0.1,0.6,0.0,0.0,0.0,9.6,2.41,0,0,0,0,0,0,0,0,0,0,0,0
2026-03-02 06:00:00,HAN,23.8,0.0,100,8.1,121,1005.5,96,24140.0,1.55,7.95,-0.1,0.2,1.2,0.0,0.0,0.0,9.6,1.55,0,0,0,0,0,0,0,0,0,0,0,0
2026-03-02 07:00:00,HAN,23.9,0.0,100,9.8,104,1006.5,96,24140.0,1.02,9.75,0.1,0.0,2.2,0.0,0.0,0.0,9.8,1.55,0,0,0,0,0,0,0,0,0,0,0,0
2026-03-02 08:00:00,HAN,24.6,0.0,100,10.9,124,1007.4,92,24140.0,2.64,10.58,0.7,0.7,2.5,0.0,0.0,0.0,10.9,2.64,0,0,0,0,0,0,0,0,0,0,0,0
2026-03-02 09:00:00,HAN,25.4,0.0,100,9.3,137,1008.0,89,24140.0,4.22,8.29,0.8,1.6,2.5,0.0,0.0,0.0,10.9,4.22,0,0,0,0,0,0,0,0,0,0,0,0
2026-03-02 10:00:00,HAN,26.0,0.0,100,2.7,138,1008.3,86,24140.0,1.27,2.38,0.6,2.1,1.8,0.0,0.0,0.0,10.9,4.22,0,0,0,0,0,0,0,0,0,0,0,0
2026-03-02 11:00:00,HAN,27.5,0.1,90,2.3,122,1007.9,76,24140.0,0.48,2.25,1.5,2.9,0.5,0.1,0.1,0.1,9.3,4.22,1,0,0,0,0,0,0,0,1,1,0,1
2026-03-02 12:00:00,HAN,28.9,0.1,100,5.7,122,1006.9,70,24140.0,1.19,5.58,1.4,3.5,-1.1,0.1,0.2,0.2,5.7,1.27,1,0,0,0,0,0,0,0,1,1,0,1
2026-03-02 13:00:00,HAN,30.8,0.0,70,7.8,151,1005.6,60,24140.0,5.12,5.89,1.9,4.8,-2.7,0.0,0.2,0.2,7.8,5.12,0,0,0,0,0,0,0,0,0,0,0,0
2026-03-02 14:00:00,HAN,31.1,0.0,26,10.4,146,1004.5,60,24140.0,6.11,8.41,0.3,3.6,-3.4,0.0,0.1,0.2,10.4,6.11,0,0,0,0,0,0,0,0,0,0,0,0
2026-03-02 15:00:00,HAN,31.2,0.0,45,11.2,134,1003.6,60,24140.0,4.56,10.23,0.1,2.3,-3.3,0.0,0.0,0.2,11.2,6.11,0,0,0,0,0,0,0,0,0,0,0,0
2026-03-02 16:00:00,HAN,30.8,0.0,23,12.1,127,1003.3,61,24140.0,3.54,11.57,-0.4,0.0,-2.3,0.0,0.0,0.2,12.1,6.11,0,0,0,0,0,0,0,0,0,0,0,0
2026-03-02 17:00:00,HAN,30.2,0.0,4,12.4,126,1003.6,63,24140.0,3.42,11.92,-0.6,-0.9,-0.9,0.0,0.0,0.1,12.4,4.56,0,0,0,0,0,0,0,0,0,0,0,0
2026-03-02 18:00:00,HAN,28.2,0.0,2,15.3,124,1004.1,73,16580.0,3.7,14.85,-2.0,-3.0,0.5,0.0,0.0,0.0,15.3,3.7,0,0,0,0,0,0,0,0,0,0,0,0
2026-03-02 19:00:00,HAN,26.3,0.0,20,11.1,122,1004.3,78,24140.0,2.31,10.86,-1.9,-4.5,1.0,0.0,0.0,0.0,15.3,3.7,0,0,0,0,0,0,0,0,0,0,0,0
2026-03-02 20:00:00,HAN,25.9,0.0,34,11.5,129,1005.2,88,24140.0,3.74,10.87,-0.4,-4.3,1.6,0.0,0.0,0.0,15.3,3.74,0,0,0,0,0,0,0,0,0,0,0,0
2026-03-02 21:00:00,HAN,25.2,0.0,41,10.8,75,1006.6,95,24140.0,6.19,8.85,-0.7,-3.0,2.5,0.0,0.0,0.0,11.5,6.19,0,0,0,0,0,0,0,0,0,0,0,0
2026-03-02 22:00:00,HAN,23.6,0.0,100,19.6,20,1007.7,89,23180.0,19.6,0.0,-1.6,-2.7,3.4,0.0,0.0,0.0,19.6,19.6,0,0,0,0,0,0,0,0,0,0,0,0
2026-03-02 23:00:00,HAN,22.4,0.1,100,15.5,42,1008.0,87,23180.0,14.37,5.81,-1.2,-3.5,2.8,0.1,0.1,0.1,19.6,19.6,1,0,0,0,0,0,0,0,1,1,0,1
2026-03-03 00:00:00,HAN,22.7,0.0,100,14.3,55,1008.4,87,24140.0,11.71,8.2,0.3,-2.5,1.8,0.0,0.1,0.1,19.6,19.6,0,0,0,0,0,0,0,0,0,0,0,0
2026-03-03 01:00:00,HAN,21.9,0.3,98,8.0,59,1008.2,93,23200.0,6.22,5.03,-0.8,-1.7,0.5,0.3,0.4,0.4,15.5,14.37,1,0,0,0,0,0,0,0,1,1,0,1
2026-03-03 02:00:00,HAN,21.5,3.2,100,12.9,41,1008.3,96,11160.0,12.04,4.62,-0.4,-0.9,0.3,3.2,3.5,3.6,14.3,12.04,1,0,0,0,0,0,0,0,1,1,0,1
2026-03-03 03:00:00,HAN,21.5,1.1,100,15.5,9,1008.9,95,24140.0,15.22,-2.96,0.0,-1.2,0.5,1.1,4.6,4.7,15.5,15.22,1,0,0,0,0,0,0,0,1,1,0,1
2026-03-03 04:00:00,HAN,20.4,0.3,77,20.2,37,1008.8,89,22860.0,19.32,5.91,-1.1,-1.5,0.6,0.3,4.6,5.0,20.2,19.32,1,0,0,0,0,0,0,0,0,1,0,0
2026-03-03 05:00:00,HAN,19.8,0.0,100,20.7,31,1009.9,84,24140.0,20.32,3.95,-0.6,-1.7,1.6,0.0,1.4,4.9,20.7,20.32,0,0,0,0,0,0,0,0,0,0,0,0
2026-03-03 06:00:00,HAN,19.0,1.3,95,20.9,31,1010.9,82,24140.0,20.52,3.99,-0.8,-2.5,2.0,1.3,1.6,6.2,20.9,20.52,1,0,0,0,0,0,0,0,1,1,0,1
2026-03-03 07:00:00,HAN,18.5,0.0,91,19.8,31,1011.2,85,24140.0,19.44,3.78,-0.5,-1.9,2.4,0.0,1.3,5.9,20.9,20.52,0,0,0,0,0,0,0,0,0,0,0,0
2026-03-03 08:00:00,HAN,19.4,0.7,86,20.2,45,1012.0,81,24140.0,18.31,8.54,0.9,-0.4,2.1,0.7,2.0,3.4,20.9,20.52,1,0,0,0,0,0,0,0,1,1,0,1
2026-03-03 09:00:00,HAN,20.7,0.0,52,23.0,43,1012.9,70,24140.0,21.17,8.99,1.3,1.7,2.0,0.0,0.7,2.3,23.0,21.17,0,0,0,0,0,0,0,0,0,0,0,0
2026-03-03 10:00:00,HAN,22.3,0.0,100,18.4,53,1013.6,65,24140.0,15.43,10.02,1.6,3.8,2.4,0.0,0.7,2.0,23.0,21.17,0,0,0,0,0,0,0,0,0,0,0,0
2026-03-03 11:00:00,HAN,22.5,0.0,100,15.7,43,1013.6,63,24140.0,14.45,6.13,0.2,3.1,1.6,0.0,0.0,2.0,23.0,21.17,0,0,0,0,0,0,0,0,0,0,0,0
2026-03-03 12:00:00,HAN,23.9,0.0,100,14.2,41,1012.4,58,24140.0,13.26,5.09,1.4,3.2,-0.5,0.0,0.0,0.7,18.4,15.43,0,0,0,0,0,0,0,0,0,0,0,0
2026-03-03 13:00:00,HAN,24.9,0.0,100,12.9,50,1011.4,57,24140.0,11.17,6.45,1.0,2.6,-2.2,0.0,0.0,0.7,15.7,14.45,0,0,0,0,0,0,0,0,0,0,0,0
2026-03-03 14:00:00,HAN,25.5,0.0,100,11.9,65,1010.6,55,24140.0,8.41,8.41,0.6,3.0,-3.0,0.0,0.0,0.0,14.2,13.26,0,0,0,0,0,0,0,0,0,0,0,0
2026-03-03 15:00:00,HAN,25.4,0.0,100,14.5,71,1009.9,52,24140.0,9.13,11.27,-0.1,1.5,-2.5,0.0,0.0,0.0,14.5,11.17,0,0,0,0,0,0,0,0,0,0,0,0
2026-03-03 16:00:00,HAN,24.5,0.0,100,15.2,68,1010.3,52,24140.0,10.17,11.3,-0.9,-0.4,-1.1,0.0,0.0,0.0,15.2,10.17,0,0,0,0,0,0,0,0,0,0,0,0
2026-03-03 17:00:00,HAN,23.9,0.0,99,13.8,63,1010.9,55,24140.0,10.09,9.41,-0.6,-1.6,0.3,0.0,0.0,0.0,15.2,10.17,0,0,0,0,0,0,0,0,0,0,0,0
2026-03-03 18:00:00,HAN,23.1,0.0,96,11.9,61,1011.8,56,24140.0,8.98,7.81,-0.8,-2.3,1.9,0.0,0.0,0.0,15.2,10.17,0,0,0,0,0,0,0,0,0,0,0,0
2026-03-03 19:00:00,HAN,21.6,0.0,100,17.3,56,1012.6,58,24140.0,14.0,10.17,-1.5,-2.9,2.3,0.0,0.0,0.0,17.3,14.0,0,0,0,0,0,0,0,0,0,0,0,0
2026-03-03 20:00:00,HAN,21.3,0.0,100,17.5,54,1013.8,58,24140.0,14.51,9.79,-0.3,-2.6,2.9,0.0,0.0,0.0,17.5,14.51,0,0,0,0,0,0,0,0,0,0,0,0
2026-03-03 21:00:00,HAN,21.0,0.0,100,18.2,56,1014.8,58,24140.0,14.72,10.7,-0.3,-2.1,3.0,0.0,0.0,0.0,18.2,14.72,0,0,0,0,0,0,0,0,0,0,0,0
2026-03-03 22:00:00,HAN,20.6,0.0,100,17.5,50,1015.5,59,24140.0,15.16,8.75,-0.4,-1.0,2.9,0.0,0.0,0.0,18.2,15.16,0,0,0,0,0,0,0,0,0,0,0,0
2026-03-03 23:00:00,HAN,20.4,0.0,100,16.2,47,1015.7,60,24140.0,14.43,7.35,-0.2,-0.9,1.9,0.0,0.0,0.0,18.2,15.16,0,0,0,0,0,0,0,0,0,0,0,0
2026-03-04 00:00:00,HAN,20.0,0.0,100,16.4,46,1016.2,61,24140.0,14.74,7.19,-0.4,-1.0,1.4,0.0,0.0,0.0,17.5,15.16,0,0,0,0,0,0,0,0,0,0,0,0
2026-03-04 01:00:00,HAN,19.5,0.1,100,16.8,41,1016.0,63,24140.0,15.68,6.02,-0.5,-1.1,0.5,0.1,0.1,0.1,16.8,15.68,1,0,0,0,0,0,0,0,1,1,0,1
2026-03-04 02:00:00,HAN,19.2,0.0,99,17.2,37,1015.5,61,24140.0,16.45,5.03,-0.3,-1.2,-0.2,0.0,0.1,0.1,17.2,16.45,0,0,0,0,0,0,0,0,0,0,0,0
2026-03-04 03:00:00,HAN,18.9,0.0,100,14.7,36,1015.5,62,24140.0,14.13,4.05,-0.3,-1.1,-0.7,0.0,0.1,0.1,17.2,16.45,0,0,0,0,0,0,0,0,0,0,0,0
2026-03-04 04:00:00,HAN,18.6,0.0,100,13.4,36,1015.9,62,24140.0,12.88,3.69,-0.3,-0.9,-0.1,0.0,0.0,0.1,17.2,16.45,0,0,0,0,0,0,0,0,0,0,0,0
2026-03-04 05:00:00,HAN,18.4,0.0,100,14.1,35,1016.4,62,24140.0,13.62,3.65,-0.2,-0.8,0.9,0.0,0.0,0.1,14.7,14.13,0,0,0,0,0,0,0,0,0,0,0,0
2026-03-04 06:00:00,HAN,18.2,0.0,100,15.2,35,1016.5,61,24140.0,14.68,3.93,-0.2,-0.7,1.0,0.0,0.0,0.1,15.2,14.68,0,0,0,0,0,0,0,0,0,0,0,0
2026-03-04 07:00:00,HAN,18.2,0.0,100,13.1,33,1016.9,63,24140.0,12.76,2.95,0.0,-0.4,1.0,0.0,0.0,0.0,15.2,14.68,0,0,0,0,0,0,0,0,0,0,0,0
2026-03-04 08:00:00,HAN,18.5,0.0,100,15.1,28,1017.5,59,24140.0,14.95,2.1,0.3,0.1,1.1,0.0,0.0,0.0,15.2,14.95,0,0,0,0,0,0,0,0,0,0,0,0
2026-03-04 09:00:00,HAN,18.8,0.0,99,14.7,28,1017.7,57,24140.0,14.56,2.05,0.3,0.6,1.2,0.0,0.0,0.0,15.1,14.95,0,0,0,0,0,0,0,0,0,0,0,0
2026-03-04 10:00:00,HAN,19.9,0.0,80,12.0,22,1017.8,54,24140.0,11.99,0.42,1.1,1.7,0.9,0.0,0.0,0.0,15.1,14.95,0,0,0,0,0,0,0,0,0,0,0,0
2026-03-04 11:00:00,HAN,21.0,0.0,66,10.7,22,1017.4,53,24140.0,10.69,0.37,1.1,2.5,-0.1,0.0,0.0,0.0,14.7,14.56,0,0,0,0,0,0,0,0,0,0,0,0
2026-03-04 12:00:00,HAN,22.0,0.0,93,8.9,24,1016.0,52,24140.0,8.88,0.62,1.0,3.2,-1.7,0.0,0.0,0.0,12.0,11.99,0,0,0,0,0,0,0,0,0,0,0,0
2026-03-04 13:00:00,HAN,21.9,0.0,100,6.0,41,1014.9,54,24140.0,5.6,2.15,-0.1,2.0,-2.9,0.0,0.0,0.0,10.7,10.69,0,0,0,0,0,0,0,0,0,0,0,0
2026-03-04 14:00:00,HAN,22.5,0.0,95,4.1,88,1013.4,53,24140.0,1.54,3.8,0.6,1.5,-4.0,0.0,0.0,0.0,8.9,8.88,0,0,0,0,0,0,0,0,0,0,0,0
2026-03-04 15:00:00,HAN,23.1,0.0,26,5.3,125,1012.3,52,24140.0,1.37,5.12,0.6,1.1,-3.7,0.0,0.0,0.0,6.0,5.6,0,0,0,0,0,0,0,0,0,0,0,0
2026-03-04 16:00:00,HAN,22.9,0.0,0,5.7,136,1011.7,53,24140.0,2.5,5.12,-0.2,1.0,-3.2,0.0,0.0,0.0,5.7,2.5,0,0,0,0,0,0,0,0,0,0,0,0
2026-03-04 17:00:00,HAN,22.4,0.0,2,6.6,143,1011.9,54,24140.0,3.59,5.54,-0.5,-0.1,-1.5,0.0,0.0,0.0,6.6,3.59,0,0,0,0,0,0,0,0,0,0,0,0
2026-03-04 18:00:00,HAN,20.6,0.0,2,7.1,171,1011.9,64,24140.0,6.21,3.44,-1.8,-2.5,-0.4,0.0,0.0,0.0,7.1,6.21,0,0,0,0,0,0,0,0,0,0,0,0
2026-03-04 19:00:00,HAN,19.6,0.0,4,8.7,167,1012.2,69,24140.0,7.3,4.74,-1.0,-3.3,0.5,0.0,0.0,0.0,8.7,7.3,0,0,0,0,0,0,0,0,0,0,0,0
2026-03-04 20:00:00,HAN,19.3,0.0,0,8.7,159,1012.9,73,24140.0,6.57,5.71,-0.3,-3.1,1.0,0.0,0.0,0.0,8.7,7.3,0,0,0,0,0,0,0,0,0,0,0,0
2026-03-04 21:00:00,HAN,18.8,0.0,2,9.6,139,1013.6,77,24140.0,4.65,8.4,-0.5,-1.8,1.7,0.0,0.0,0.0,9.6,7.3,0,0,0,0,0,0,0,0,0,0,0,0
2026-03-04 22:00:00,HAN,17.9,0.0,0,12.1,145,1014.5,83,24140.0,6.94,9.91,-0.9,-1.7,2.3,0.0,0.0,0.0,12.1,6.94,0,0,0,0,0,0,0,0,0,0,0,0
2026-03-04 23:00:00,HAN,17.2,0.0,5,9.1,142,1014.6,87,24140.0,4.82,7.72,-0.7,-2.1,1.7,0.0,0.0,0.0,12.1,6.94,0,0,0,0,0,0,0,0,0,0,0,0
2026-03-05 00:00:00,HAN,16.8,0.0,3,6.7,146,1014.5,90,24140.0,3.94,5.42,-0.4,-2.0,0.9,0.0,0.0,0.0,12.1,6.94,0,0,0,0,0,0,0,0,0,0,0,0
2026-03-05 01:00:00,HAN,16.5,0.0,7,5.1,135,1014.3,94,24140.0,2.16,4.62,-0.3,-1.4,-0.2,0.0,0.0,0.0,9.1,4.82,0,0,0,0,0,0,0,0,0,0,0,0
2026-03-05 02:00:00,HAN,16.5,0.0,15,4.1,139,1014.0,95,24140.0,1.99,3.59,0.0,-0.7,-0.6,0.0,0.0,0.0,6.7,3.94,0,0,0,0,0,0,0,0,0,0,0,0
2026-03-05 03:00:00,HAN,16.4,0.0,19,2.8,165,1013.7,96,24140.0,2.29,1.61,-0.1,-0.4,-0.8,0.0,0.0,0.0,5.1,2.29,0,0,0,0,0,0,0,0,0,0,0,0
2026-03-05 04:00:00,HAN,16.1,0.0,12,1.7,72,1013.5,97,24140.0,1.05,1.34,-0.3,-0.4,-0.8,0.0,0.0,0.0,4.1,2.29,0,0,0,0,0,0,0,0,0,0,0,0
2026-03-05 05:00:00,HAN,15.8,0.0,33,3.2,52,1013.8,97,24140.0,2.71,1.7,-0.3,-0.7,-0.2,0.0,0.0,0.0,3.2,2.71,0,0,0,0,0,0,0,0,0,0,0,0
2026-03-05 06:00:00,HAN,15.6,0.0,64,3.4,65,1014.4,98,24140.0,2.4,2.4,-0.2,-0.8,0.7,0.0,0.0,0.0,3.4,2.71,0,0,0,0,0,0,0,0,0,0,0,0
2026-03-05 07:00:00,HAN,17.0,0.0,100,6.2,80,1014.8,95,24140.0,3.1,5.37,1.4,0.9,1.3,0.0,0.0,0.0,6.2,3.1,0,0,0,0,0,0,0,0,0,0,0,0
2026-03-05 08:00:00,HAN,18.4,0.0,100,7.2,62,1015.5,85,24140.0,5.35,4.82,1.4,2.6,1.7,0.0,0.0,0.0,7.2,5.35,0,0,0,0,0,0,0,0,0,0,0,0
2026-03-05 09:00:00,HAN,19.9,0.0,100,8.1,59,1016.1,76,24140.0,6.29,5.1,1.5,4.3,1.7,0.0,0.0,0.0,8.1,6.29,0,0,0,0,0,0,0,0,0,0,0,0
2026-03-05 10:00:00,HAN,21.5,0.0,75,8.7,69,1016.0,67,24140.0,5.71,6.57,1.6,4.5,1.2,0.0,0.0,0.0,8.7,6.29,0,0,0,0,0,0,0,0,0,0,0,0
2026-03-05 11:00:00,HAN,23.0,0.0,100,5.6,88,1015.7,61,24140.0,2.1,5.19,1.5,4.6,0.2,0.0,0.0,0.0,8.7,6.29,0,0,0,0,0,0,0,0,0,0,0,0
2026-03-05 12:00:00,HAN,23.4,0.0,100,4.8,132,1014.6,60,24140.0,1.8,4.45,0.4,3.5,-1.5,0.0,0.0,0.0,8.7,5.71,0,0,0,0,0,0,0,0,0,0,0,0
2026-03-05 13:00:00,HAN,22.5,0.0,100,4.9,147,1014.3,62,24140.0,2.95,3.91,-0.9,1.0,-1.7,0.0,0.0,0.0,5.6,2.95,0,0,0,0,0,0,0,0,0,0,0,0
2026-03-05 14:00:00,HAN,23.1,0.0,100,3.3,144,1013.3,60,24140.0,1.85,2.74,0.6,0.1,-2.4,0.0,0.0,0.0,4.9,2.95,0,0,0,0,0,0,0,0,0,0,0,0
2026-03-05 15:00:00,HAN,23.2,0.0,100,4.0,95,1012.6,60,24140.0,1.04,3.86,0.1,-0.2,-2.0,0.0,0.0,0.0,4.9,2.95,0,0,0,0,0,0,0,0,0,0,0,0
2026-03-05 16:00:00,HAN,23.1,0.0,100,4.9,92,1012.2,60,24140.0,1.51,4.66,-0.1,0.6,-2.1,0.0,0.0,0.0,4.9,1.85,0,0,0,0,0,0,0,0,0,0,0,0
2026-03-05 17:00:00,HAN,23.1,0.0,100,4.9,98,1012.4,60,24140.0,1.02,4.79,0.0,0.0,-0.9,0.0,0.0,0.0,4.9,1.51,0,0,0,0,0,0,0,0,0,0,0,0
2026-03-05 18:00:00,HAN,22.1,0.0,100,3.3,68,1012.9,69,24140.0,2.21,2.45,-1.0,-1.1,0.3,0.0,0.0,0.0,4.9,2.21,0,0,0,0,0,0,0,0,0,0,0,0
2026-03-05 19:00:00,HAN,21.3,0.0,100,5.8,14,1013.7,70,24140.0,5.77,-0.61,-0.8,-1.8,1.5,0.0,0.0,0.0,5.8,5.77,0,0,0,0,0,0,0,0,0,0,0,0
2026-03-05 20:00:00,HAN,21.0,0.0,100,4.7,4,1014.6,72,24140.0,4.52,-1.3,-0.3,-2.1,2.2,0.0,0.0,0.0,5.8,5.77,0,0,0,0,0,0,0,0,0,0,0,0
2026-03-05 21:00:00,HAN,20.8,0.0,100,4.5,346,1015.3,72,24140.0,3.73,-2.52,-0.2,-1.3,2.4,0.0,0.0,0.0,5.8,5.77,0,0,0,0,0,0,0,0,0,0,0,0
2026-03-05 22:00:00,HAN,20.6,0.0,100,5.9,2,1015.8,73,24140.0,5.61,-1.82,-0.2,-0.7,2.1,0.0,0.0,0.0,5.9,5.61,0,0,0,0,0,0,0,0,0,0,0,0
2026-03-05 23:00:00,HAN,20.5,0.0,100,6.5,28,1016.0,73,24140.0,6.44,0.9,-0.1,-0.5,1.4,0.0,0.0,0.0,6.5,6.44,0,0,0,0,0,0,0,0,0,0,0,0
2026-03-06 00:00:00,HAN,20.2,0.0,100,7.6,14,1016.1,76,24140.0,7.56,-0.79,-0.3,-0.6,0.8,0.0,0.0,0.0,7.6,7.56,0,0,0,0,0,0,0,0,0,0,0,0
2026-03-06 01:00:00,HAN,19.6,0.0,100,3.6,6,1016.3,87,24140.0,3.49,-0.87,-0.6,-1.0,0.5,0.0,0.0,0.0,7.6,7.56,0,0,0,0,0,0,0,0,0,0,0,0
2026-03-06 02:00:00,HAN,19.4,0.0,100,3.8,357,1015.8,90,24040.0,3.5,-1.48,-0.2,-1.1,-0.2,0.0,0.0,0.0,7.6,7.56,0,0,0,0,0,0,0,0,0,0,0,0
2026-03-06 03:00:00,HAN,19.5,0.0,100,2.5,330,1015.4,91,24000.0,1.61,-1.92,0.1,-0.7,-0.7,0.0,0.0,0.0,3.8,3.5,0,0,0,0,0,0,0,0,0,0,0,0
2026-03-06 04:00:00,HAN,19.4,0.1,100,4.0,300,1015.0,92,24140.0,0.69,-3.94,-0.1,-0.2,-1.3,0.1,0.1,0.1,4.0,3.5,1,0,0,0,0,0,0,0,1,1,0,1
2026-03-06 05:00:00,HAN,19.3,0.0,100,6.8,295,1015.1,93,24140.0,0.59,-6.77,-0.1,-0.1,-0.7,0.0,0.1,0.1,6.8,1.61,0,0,0,0,0,0,0,0,0,0,0,0
2026-03-06 06:00:00,HAN,19.3,0.0,100,6.3,307,1015.7,93,24140.0,1.84,-6.02,0.0,-0.2,0.3,0.0,0.1,0.1,6.8,1.84,0,0,0,0,0,0,0,0,0,0,0,0
2026-03-06 07:00:00,HAN,19.6,0.1,100,7.2,295,1016.9,90,22440.0,0.63,-7.17,0.3,0.2,1.9,0.1,0.1,0.2,7.2,1.84,1,0,0,0,0,0,0,0,1,1,0,1
2026-03-06 08:00:00,HAN,20.2,0.0,100,3.9,298,1017.7,88,24140.0,0.54,-3.86,0.6,0.9,2.6,0.0,0.1,0.2,7.2,1.84,0,0,0,0,0,0,0,0,0,0,0,0
2026-03-06 09:00:00,HAN,21.1,0.0,99,4.1,319,1018.0,78,24140.0,1.99,-3.59,0.9,1.8,2.3,0.0,0.1,0.2,7.2,1.99,0,0,0,0,0,0,0,0,0,0,0,0
2026-03-06 10:00:00,HAN,22.6,0.0,2,2.9,11,1017.9,64,24140.0,2.86,-0.45,1.5,3.0,1.0,0.0,0.0,0.1,4.1,2.86,0,0,0,0,0,0,0,0,0,0,0,0
2026-03-06 11:00:00,HAN,24.4,0.0,59,3.2,74,1017.1,58,24140.0,1.88,2.59,1.8,4.2,-0.6,0.0,0.0,0.1,4.1,2.86,0,0,0,0,0,0,0,0,0,0,0,0
2026-03-06 12:00:00,HAN,25.4,0.0,100,5.3,125,1015.9,54,24140.0,1.37,5.12,1.0,4.3,-2.1,0.0,0.0,0.1,5.3,2.86,0,0,0,0,0,0,0,0,0,0,0,0
2026-03-06 13:00:00,HAN,24.6,0.0,100,7.9,183,1014.7,58,24140.0,7.55,2.31,-0.8,2.0,-3.2,0.0,0.0,0.0,7.9,7.55,0,0,0,0,0,0,0,0,0,0,0,0
2026-03-06 14:00:00,HAN,24.6,0.0,100,8.1,181,1013.3,59,24140.0,7.66,2.64,0.0,0.2,-3.8,0.0,0.0,0.0,8.1,7.66,0,0,0,0,0,0,0,0,0,0,0,0
2026-03-06 15:00:00,HAN,24.6,0.0,100,8.8,160,1012.8,59,24140.0,6.74,5.66,0.0,-0.8,-3.1,0.0,0.0,0.0,8.8,7.66,0,0,0,0,0,0,0,0,0,0,0,0
2026-03-06 16:00:00,HAN,24.1,0.0,100,10.0,154,1012.9,61,24140.0,6.95,7.19,-0.5,-0.5,-1.8,0.0,0.0,0.0,10.0,7.66,0,0,0,0,0,0,0,0,0,0,0,0
2026-03-06 17:00:00,HAN,23.7,0.0,100,9.8,157,1012.7,63,24140.0,7.17,6.68,-0.4,-0.9,-0.6,0.0,0.0,0.0,10.0,7.17,0,0,0,0,0,0,0,0,0,0,0,0
2026-03-06 18:00:00,HAN,23.0,0.0,98,8.6,144,1012.6,68,24140.0,4.81,7.13,-0.7,-1.6,-0.2,0.0,0.0,0.0,10.0,7.17,0,0,0,0,0,0,0,0,0,0,0,0
2026-03-06 19:00:00,HAN,22.6,0.0,100,6.0,127,1013.6,72,24140.0,1.75,5.74,-0.4,-1.5,0.7,0.0,0.0,0.0,9.8,7.17,0,0,0,0,0,0,0,0,0,0,0,0
2026-03-06 20:00:00,HAN,22.2,0.0,5,15.1,135,1013.8,73,24140.0,6.38,13.69,-0.4,-1.5,1.1,0.0,0.0,0.0,15.1,6.38,0,0,0,0,0,0,0,0,0,0,0,0
2026-03-06 21:00:00,HAN,20.7,0.0,2,11.1,138,1014.6,80,24140.0,5.21,9.8,-1.5,-2.3,2.0,0.0,0.0,0.0,15.1,6.38,0,0,0,0,0,0,0,0,0,0,0,0
2026-03-06 22:00:00,HAN,20.0,0.0,12,9.6,142,1015.4,84,24140.0,5.09,8.14,-0.7,-2.6,1.8,0.0,0.0,0.0,15.1,6.38,0,0,0,0,0,0,0,0,0,0,0,0
2026-03-06 23:00:00,HAN,19.4,0.0,16,8.5,136,1015.4,89,24140.0,3.73,7.64,-0.6,-2.8,1.6,0.0,0.0,0.0,11.1,5.21,0,0,0,0,0,0,0,0,0,0,0,0
2026-03-07 00:00:00,HAN,19.0,0.0,22,6.9,143,1015.7,92,24140.0,3.76,5.79,-0.4,-1.7,1.1,0.0,0.0,0.0,9.6,5.09,0,0,0,0,0,0,0,0,0,0,0,0
2026-03-07 01:00:00,HAN,18.5,0.0,30,4.2,130,1015.8,95,24140.0,1.44,3.95,-0.5,-1.5,0.4,0.0,0.0,0.0,8.5,3.76,0,0,0,0,0,0,0,0,0,0,0,0
2026-03-07 02:00:00,HAN,19.0,0.0,100,3.2,137,1015.6,94,24140.0,1.45,2.85,0.5,-0.4,0.2,0.0,0.0,0.0,6.9,3.76,0,0,0,0,0,0,0,0,0,0,0,0
2026-03-07 03:00:00,HAN,19.4,0.0,100,3.1,111,1015.3,92,24140.0,0.05,3.1,0.4,0.4,-0.4,0.0,0.0,0.0,4.2,1.45,0,0,0,0,0,0,0,0,0,0,0,0
2026-03-07 04:00:00,HAN,19.4,0.0,100,4.4,99,1015.1,92,24140.0,0.84,4.32,0.0,0.9,-0.7,0.0,0.0,0.0,4.4,1.45,0,0,0,0,0,0,0,0,0,0,0,0
2026-03-07 05:00:00,HAN,19.4,0.0,100,5.1,94,1015.2,92,24140.0,1.41,4.9,0.0,0.4,-0.4,0.0,0.0,0.0,5.1,1.41,0,0,0,0,0,0,0,0,0,0,0,0
2026-03-07 06:00:00,HAN,19.1,0.0,98,3.2,87,1016.1,93,24140.0,1.25,2.95,-0.3,-0.3,0.8,0.0,0.0,0.0,5.1,1.41,0,0,0,0,0,0,0,0,0,0,0,0
2026-03-07 07:00:00,HAN,19.9,0.0,77,5.8,110,1016.8,87,24140.0,0.0,5.8,0.8,0.5,1.7,0.0,0.0,0.0,5.8,1.41,0,0,0,0,0,0,0,0,0,0,0,0
2026-03-07 08:00:00,HAN,20.8,0.0,99,7.8,116,1017.4,80,24140.0,0.82,7.76,0.9,1.4,2.2,0.0,0.0,0.0,7.8,1.25,0,0,0,0,0,0,0,0,0,0,0,0
2026-03-07 09:00:00,HAN,22.1,0.0,98,12.4,120,1017.8,71,24140.0,2.15,12.21,1.3,3.0,1.7,0.0,0.0,0.0,12.4,2.15,0,0,0,0,0,0,0,0,0,0,0,0
2026-03-07 10:00:00,HAN,22.8,0.0,78,17.5,131,1017.6,71,24140.0,6.27,16.34,0.7,2.9,0.8,0.0,0.0,0.0,17.5,6.27,0,0,0,0,0,0,0,0,0,0,0,0
2026-03-07 11:00:00,HAN,24.1,0.0,82,16.7,137,1016.8,67,24140.0,7.58,14.88,1.3,3.3,-0.6,0.0,0.0,0.0,17.5,7.58,0,0,0,0,0,0,0,0,0,0,0,0
2026-03-07 12:00:00,HAN,24.8,0.0,84,15.5,144,1015.6,64,24140.0,8.67,12.85,0.7,2.7,-2.2,0.0,0.0,0.0,17.5,8.67,0,0,0,0,0,0,0,0,0,0,0,0
2026-03-07 13:00:00,HAN,24.5,0.0,100,14.6,153,1015.0,61,24140.0,9.96,10.68,-0.3,1.7,-2.6,0.0,0.0,0.0,16.7,9.96,0,0,0,0,0,0,0,0,0,0,0,0
2026-03-07 14:00:00,HAN,24.5,0.0,100,16.0,154,1014.0,62,24140.0,11.11,11.51,0.0,0.4,-2.8,0.0,0.0,0.0,16.0,11.11,0,0,0,0,0,0,0,0,0,0,0,0
2026-03-07 15:00:00,HAN,24.5,0.0,100,15.7,152,1013.2,61,24140.0,10.51,11.67,0.0,-0.3,-2.4,0.0,0.0,0.0,16.0,11.11,0,0,0,0,0,0,0,0,0,0,0,0
2026-03-07 16:00:00,HAN,23.9,0.0,100,17.4,145,1012.9,63,24140.0,9.98,14.25,-0.6,-0.6,-2.1,0.0,0.0,0.0,17.4,11.11,0,0,0,0,0,0,0,0,0,0,0,0
2026-03-07 17:00:00,HAN,23.5,0.0,20,17.7,139,1012.9,65,24140.0,8.58,15.48,-0.4,-1.0,-1.1,0.0,0.0,0.0,17.7,10.51,0,0,0,0,0,0,0,0,0,0,0,0
2026-03-07 18:00:00,HAN,22.5,0.0,7,13.9,132,1013.2,69,24140.0,5.21,12.89,-1.0,-2.0,0.0,0.0,0.0,0.0,17.7,9.98,0,0,0,0,0,0,0,0,0,0,0,0
2026-03-07 19:00:00,HAN,21.4,0.0,10,12.9,127,1014.1,76,24140.0,3.77,12.34,-1.1,-2.5,1.2,0.0,0.0,0.0,17.7,8.58,0,0,0,0,0,0,0,0,0,0,0,0
2026-03-07 20:00:00,HAN,21.0,0.0,13,14.6,124,1014.9,78,24140.0,3.53,14.17,-0.4,-2.5,2.0,0.0,0.0,0.0,14.6,5.21,0,0,0,0,0,0,0,0,0,0,0,0
2026-03-07 21:00:00,HAN,20.5,0.0,16,12.6,128,1015.9,80,24140.0,3.89,11.98,-0.5,-2.0,2.7,0.0,0.0,0.0,14.6,3.89,0,0,0,0,0,0,0,0,0,0,0,0
2026-03-07 22:00:00,HAN,20.0,0.0,1,12.8,128,1016.2,82,24140.0,3.96,12.17,-0.5,-1.4,2.1,0.0,0.0,0.0,14.6,3.96,0,0,0,0,0,0,0,0,0,0,0,0
2026-03-07 23:00:00,HAN,19.4,0.0,20,7.2,129,1016.6,86,24140.0,2.34,6.81,-0.6,-1.6,1.7,0.0,0.0,0.0,12.8,3.96,0,0,0,0,0,0,0,0,0,0,0,0
2026-03-08 00:00:00,HAN,18.8,0.0,100,4.8,132,1017.0,90,24140.0,1.8,4.45,-0.6,-1.7,1.1,0.0,0.0,0.0,12.8,3.96,0,0,0,0,0,0,0,0,0,0,0,0
2026-03-08 01:00:00,HAN,19.3,0.0,100,4.8,127,1016.6,91,24140.0,1.4,4.59,0.5,-0.7,0.4,0.0,0.0,0.0,7.2,2.34,0,0,0,0,0,0,0,0,0,0,0,0
2026-03-08 02:00:00,HAN,19.8,0.0,100,5.3,108,1015.8,89,24140.0,0.18,5.3,0.5,0.4,-0.8,0.0,0.0,0.0,5.3,1.8,0,0,0,0,0,0,0,0,0,0,0,0
2026-03-08 03:00:00,HAN,20.4,0.0,100,7.4,97,1015.4,86,24140.0,1.66,7.21,0.6,1.6,-1.6,0.0,0.0,0.0,7.4,1.66,0,0,0,0,0,0,0,0,0,0,0,0
2026-03-08 04:00:00,HAN,20.3,0.2,100,7.6,104,1015.2,87,24140.0,0.79,7.56,-0.1,1.0,-1.4,0.2,0.2,0.2,7.6,1.66,1,0,0,0,0,0,0,0,1,1,0,1
2026-03-08 05:00:00,HAN,20.0,0.4,100,7.0,94,1015.4,94,24140.0,1.93,6.73,-0.3,0.2,-0.4,0.4,0.6,0.6,7.6,1.93,1,0,0,0,0,0,0,0,1,1,0,1
2026-03-08 06:00:00,HAN,20.0,0.5,100,7.3,74,1015.8,95,24040.0,4.29,5.91,0.0,-0.4,0.4,0.5,1.1,1.1,7.6,4.29,1,0,0,0,0,0,0,0,1,1,0,1
2026-03-08 07:00:00,HAN,20.0,0.3,100,12.5,72,1016.2,92,24140.0,7.7,9.85,0.0,-0.3,1.0,0.3,1.2,1.4,12.5,7.7,1,0,0,0,0,0,0,0,1,1,0,1
2026-03-08 08:00:00,HAN,20.3,0.0,100,12.3,76,1016.8,91,22060.0,6.88,10.2,0.3,0.3,1.4,0.0,0.8,1.4,12.5,7.7,0,0,0,0,0,0,0,0,0,0,0,0
2026-03-08 09:00:00,HAN,21.0,0.0,100,12.1,93,1017.0,88,24140.0,3.54,11.57,0.7,1.0,1.2,0.0,0.3,1.4,12.5,7.7,0,0,0,0,0,0,0,0,0,0,0,0
2026-03-08 10:00:00,HAN,22.5,0.1,100,19.6,122,1017.1,80,23440.0,4.08,19.17,1.5,2.5,0.9,0.1,0.1,1.3,19.6,6.88,1,0,0,0,0,0,0,0,1,1,0,1
2026-03-08 11:00:00,HAN,24.0,0.3,100,18.3,136,1016.3,75,24140.0,8.02,16.45,1.5,3.7,-0.5,0.3,0.4,1.2,19.6,8.02,1,0,0,0,0,0,0,0,1,1,0,1
2026-03-08 12:00:00,HAN,24.5,0.1,100,18.5,147,1015.2,71,24140.0,11.13,14.77,0.5,3.5,-1.8,0.1,0.5,0.8,19.6,11.13,1,0,0,0,0,0,0,0,1,1,0,1
2026-03-08 13:00:00,HAN,24.4,0.0,95,16.1,151,1014.3,68,24080.0,10.56,12.15,-0.1,1.9,-2.8,0.0,0.4,0.5,18.5,11.13,0,0,0,0,0,0,0,0,0,0,0,0
2026-03-08 14:00:00,HAN,24.8,0.0,100,17.2,140,1013.3,67,24140.0,8.6,14.9,0.4,0.8,-3.0,0.0,0.1,0.5,18.5,11.13,0,0,0,0,0,0,0,0,0,0,0,0
2026-03-08 15:00:00,HAN,24.5,0.0,100,18.3,135,1012.6,69,24140.0,7.73,16.59,-0.3,0.0,-2.6,0.0,0.0,0.5,18.3,10.56,0,0,0,0,0,0,0,0,0,0,0,0
2026-03-08 16:00:00,HAN,24.3,0.0,100,18.6,133,1012.3,70,24140.0,7.27,17.12,-0.2,-0.1,-2.0,0.0,0.0,0.4,18.6,8.6,0,0,0,0,0,0,0,0,0,0,0,0
2026-03-08 17:00:00,HAN,23.2,0.0,100,18.3,128,1012.7,76,24140.0,5.66,17.4,-1.1,-1.6,-0.6,0.0,0.0,0.1,18.6,7.73,0,0,0,0,0,0,0,0,0,0,0,0
2026-03-08 18:00:00,HAN,22.4,0.0,80,16.9,121,1013.0,79,24140.0,3.22,16.59,-0.8,-2.1,0.4,0.0,0.0,0.0,18.6,7.27,0,0,0,0,0,0,0,0,0,0,0,0
2026-03-08 19:00:00,HAN,22.0,0.0,100,15.2,117,1014.2,80,24140.0,1.85,15.09,-0.4,-2.3,1.9,0.0,0.0,0.0,18.3,5.66,0,0,0,0,0,0,0,0,0,0,0,0
2026-03-08 20:00:00,HAN,21.8,0.0,100,16.8,121,1015.0,81,24140.0,3.21,16.49,-0.2,-1.4,2.3,0.0,0.0,0.0,16.9,3.22,0,0,0,0,0,0,0,0,0,0,0,0
2026-03-08 21:00:00,HAN,21.4,0.0,100,15.2,119,1016.0,82,24140.0,2.38,15.01,-0.4,-1.0,3.0,0.0,0.0,0.0,16.8,3.21,0,0,0,0,0,0,0,0,0,0,0,0
2026-03-08 22:00:00,HAN,21.2,0.0,100,12.8,118,1016.6,81,24140.0,1.78,12.68,-0.2,-0.8,2.4,0.0,0.0,0.0,16.8,3.21,0,0,0,0,0,0,0,0,0,0,0,0
2026-03-08 23:00:00,HAN,21.1,0.0,100,11.7,121,1017.0,80,24140.0,2.23,11.49,-0.1,-0.7,2.0,0.0,0.0,0.0,15.2,2.38,0,0,0,0,0,0,0,0,0,0,0,0
2026-03-09 00:00:00,HAN,20.9,0.0,100,10.8,127,1017.3,82,24140.0,3.16,10.33,-0.2,-0.5,1.3,0.0,0.0,0.0,12.8,3.16,0,0,0,0,0,0,0,0,0,0,0,0
2026-03-09 01:00:00,HAN,21.0,0.0,100,8.4,127,1017.0,86,24140.0,2.46,8.03,0.1,-0.2,0.4,0.0,0.0,0.0,11.7,3.16,0,0,0,0,0,0,0,0,0,0,0,0
2026-03-09 02:00:00,HAN,21.0,0.1,100,9.7,121,1016.5,87,24140.0,1.85,9.52,0.0,-0.1,-0.5,0.1,0.1,0.1,10.8,3.16,1,0,0,0,0,0,0,0,1,1,0,1
2026-03-09 03:00:00,HAN,20.8,0.1,100,9.1,117,1016.3,89,23320.0,1.11,9.03,-0.2,-0.1,-1.0,0.1,0.2,0.2,9.7,2.46,1,0,0,0,0,0,0,0,1,1,0,1
2026-03-09 04:00:00,HAN,20.6,0.1,100,9.4,119,1016.2,90,24060.0,1.47,9.28,-0.2,-0.4,-0.8,0.1,0.3,0.3,9.7,1.85,1,0,0,0,0,0,0,0,1,1,0,1
2026-03-09 05:00:00,HAN,20.6,0.0,100,9.2,107,1016.7,91,24140.0,0.48,9.19,0.0,-0.4,0.2,0.0,0.2,0.3,9.4,1.47,0,0,0,0,0,0,0,0,0,0,0,0
2026-03-09 06:00:00,HAN,20.3,0.0,100,7.3,81,1017.2,92,24140.0,3.54,6.38,-0.3,-0.5,0.9,0.0,0.1,0.3,9.4,3.54,0,0,0,0,0,0,0,0,0,0,0,0
2026-03-09 07:00:00,HAN,20.5,0.0,100,8.8,67,1017.9,91,24140.0,6.0,6.44,0.2,-0.1,1.7,0.0,0.0,0.3,9.2,6.0,0,0,0,0,0,0,0,0,0,0,0,0
2026-03-09 08:00:00,HAN,21.1,0.0,100,8.1,62,1019.0,87,24140.0,6.02,5.42,0.6,0.5,2.3,0.0,0.0,0.2,8.8,6.02,0,0,0,0,0,0,0,0,0,0,0,0
2026-03-09 09:00:00,HAN,21.7,0.0,100,10.7,55,1019.9,85,24000.0,8.76,6.14,0.6,1.4,2.7,0.0,0.0,0.1,10.7,8.76,0,0,0,0,0,0,0,0,0,0,0,0
2026-03-09 10:00:00,HAN,22.4,0.1,96,13.0,66,1020.5,81,24140.0,9.03,9.35,0.7,1.9,2.6,0.1,0.1,0.1,13.0,9.03,1,0,0,0,0,0,0,0,1,1,0,1
2026-03-09 11:00:00,HAN,23.6,0.3,100,14.8,64,1020.3,75,24140.0,10.65,10.28,1.2,2.5,1.3,0.3,0.4,0.4,14.8,10.65,1,0,0,0,0,0,0,0,1,1,0,1
2026-03-09 12:00:00,HAN,20.5,1.2,100,26.3,31,1020.2,89,24140.0,25.82,5.02,-3.1,-1.2,0.3,1.2,1.6,1.6,26.3,25.82,1,0,0,0,0,0,0,0,1,1,0,1
2026-03-09 13:00:00,HAN,18.6,0.6,100,24.2,28,1020.0,87,13940.0,23.96,3.37,-1.9,-3.8,-0.5,0.6,2.1,2.2,26.3,25.82,1,0,0,0,0,0,0,0,1,1,0,1
2026-03-09 14:00:00,HAN,18.8,0.7,100,27.5,34,1019.6,82,22860.0,26.68,6.65,0.2,-4.8,-0.7,0.7,2.5,2.9,27.5,26.68,1,0,0,0,0,0,0,0,1,1,0,1
2026-03-09 15:00:00,HAN,18.4,0.4,100,26.6,36,1019.4,84,24140.0,25.57,7.33,-0.4,-2.1,-0.8,0.4,1.7,3.3,27.5,26.68,1,0,0,0,0,0,0,0,1,1,0,1
2026-03-09 16:00:00,HAN,18.6,0.0,100,24.2,33,1019.9,73,24140.0,23.58,5.44,0.2,0.0,-0.1,0.0,1.1,3.2,27.5,26.68,0,0,0,0,0,0,0,0,0,0,0,0
2026-03-09 17:00:00,HAN,18.5,0.0,100,21.5,25,1020.6,68,24140.0,21.42,1.87,-0.1,-0.3,1.0,0.0,0.4,2.9,26.6,25.57,0,0,0,0,0,0,0,0,0,0,0,0
2026-03-09 18:00:00,HAN,17.9,0.1,100,19.2,23,1021.1,68,24120.0,19.17,1.0,-0.6,-0.5,1.7,0.1,0.1,1.8,24.2,23.58,1,0,0,0,0,0,0,0,1,1,0,1
2026-03-09 19:00:00,HAN,19.1,0.0,100,17.3,31,1021.3,62,24140.0,16.98,3.3,1.2,0.5,1.4,0.0,0.1,1.2,21.5,21.42,0,0,0,0,0,0,0,0,0,0,0,0
2026-03-09 20:00:00,HAN,19.0,0.0,100,17.4,24,1022.0,62,24140.0,17.36,1.21,-0.1,0.5,1.4,0.0,0.1,0.5,19.2,19.17,0,0,0,0,0,0,0,0,0,0,0,0
2026-03-09 21:00:00,HAN,18.7,0.0,100,14.8,21,1022.7,63,24140.0,14.8,0.26,-0.3,0.8,1.6,0.0,0.0,0.1,17.4,17.36,0,0,0,0,0,0,0,0,0,0,0,0
2026-03-09 22:00:00,HAN,18.7,0.0,100,15.7,22,1023.5,62,24140.0,15.69,0.55,0.0,-0.4,2.2,0.0,0.0,0.1,17.4,17.36,0,0,0,0,0,0,0,0,0,0,0,0
2026-03-09 23:00:00,HAN,18.5,0.0,100,16.0,24,1023.8,60,24140.0,15.96,1.12,-0.2,-0.5,1.8,0.0,0.0,0.1,16.0,15.96,0,0,0,0,0,0,0,0,0,0,0,0
2026-03-10 00:00:00,HAN,18.2,0.0,100,17.1,24,1023.9,58,24140.0,17.06,1.19,-0.3,-0.5,1.2,0.0,0.0,0.0,17.1,17.06,0,0,0,0,0,0,0,0,0,0,0,0
2026-03-10 01:00:00,HAN,18.2,0.0,100,18.0,21,1023.4,58,24140.0,18.0,0.31,0.0,-0.5,-0.1,0.0,0.0,0.0,18.0,18.0,0,0,0,0,0,0,0,0,0,0,0,0
2026-03-10 02:00:00,HAN,18.0,0.0,100,18.4,24,1022.9,58,24140.0,18.36,1.28,-0.2,-0.5,-0.9,0.0,0.0,0.0,18.4,18.36,0,0,0,0,0,0,0,0,0,0,0,0
2026-03-10 03:00:00,HAN,17.7,0.0,92,16.3,26,1022.5,58,24140.0,16.21,1.7,-0.3,-0.5,-1.4,0.0,0.0,0.0,18.4,18.36,0,0,0,0,0,0,0,0,0,0,0,0
2026-03-10 04:00:00,HAN,17.1,0.0,98,15.1,20,1022.5,60,24140.0,15.1,0.0,-0.6,-1.1,-0.9,0.0,0.0,0.0,18.4,18.36,0,0,0,0,0,0,0,0,0,0,0,0
2026-03-10 05:00:00,HAN,16.9,0.0,99,17.5,19,1022.8,59,24140.0,17.5,-0.31,-0.2,-1.1,-0.1,0.0,0.0,0.0,17.5,17.5,0,0,0,0,0,0,0,0,0,0,0,0
2026-03-10 06:00:00,HAN,16.4,0.0,40,17.7,19,1023.0,60,24140.0,17.7,-0.31,-0.5,-1.3,0.5,0.0,0.0,0.0,17.7,17.7,0,0,0,0,0,0,0,0,0,0,0,0
2026-03-10 07:00:00,HAN,16.5,0.0,57,16.2,24,1023.9,60,24140.0,16.16,1.13,0.1,-0.6,1.4,0.0,0.0,0.0,17.7,17.7,0,0,0,0,0,0,0,0,0,0,0,0
2026-03-10 08:00:00,HAN,17.0,0.0,26,17.8,32,1024.3,57,24140.0,17.41,3.7,0.5,0.1,1.5,0.0,0.0,0.0,17.8,17.7,0,0,0,0,0,0,0,0,0,0,0,0
2026-03-10 09:00:00,HAN,18.0,0.0,1,15.3,32,1024.5,54,24140.0,14.97,3.18,1.0,1.6,1.5,0.0,0.0,0.0,17.8,17.41,0,0,0,0,0,0,0,0,0,0,0,0
2026-03-10 10:00:00,HAN,19.5,0.0,0,13.1,23,1024.2,51,24140.0,13.08,0.69,1.5,3.0,0.3,0.0,0.0,0.0,17.8,17.41,0,0,0,0,0,0,0,0,0,0,0,0
2026-03-10 11:00:00,HAN,20.6,0.0,0,12.5,23,1023.0,51,24140.0,12.48,0.65,1.1,3.6,-1.3,0.0,0.0,0.0,15.3,14.97,0,0,0,0,0,0,0,0,0,0,0,0
2026-03-10 12:00:00,HAN,21.7,0.0,0,10.6,19,1021.3,50,24140.0,10.6,-0.18,1.1,3.7,-3.2,0.0,0.0,0.0,13.1,13.08,0,0,0,0,0,0,0,0,0,0,0,0
2026-03-10 13:00:00,HAN,21.9,0.0,0,10.1,17,1020.5,50,24140.0,10.09,-0.53,0.2,2.4,-3.7,0.0,0.0,0.0,12.5,12.48,0,0,0,0,0,0,0,0,0,0,0,0
2026-03-10 14:00:00,HAN,22.4,0.0,1,10.4,23,1019.3,48,24140.0,10.39,0.54,0.5,1.8,-3.7,0.0,0.0,0.0,10.6,10.6,0,0,0,0,0,0,0,0,0,0,0,0
2026-03-10 15:00:00,HAN,22.6,0.0,2,11.4,49,1018.3,47,24140.0,9.97,5.53,0.2,0.9,-3.0,0.0,0.0,0.0,11.4,10.39,0,0,0,0,0,0,0,0,0,0,0,0
2026-03-10 16:00:00,HAN,23.4,0.0,9,9.2,88,1017.4,43,24140.0,3.45,8.53,0.8,1.5,-3.1,0.0,0.0,0.0,11.4,10.39,0,0,0,0,0,0,0,0,0,0,0,0
2026-03-10 17:00:00,HAN,22.6,0.0,43,10.9,112,1016.9,49,24140.0,0.38,10.89,-0.8,0.2,-2.4,0.0,0.0,0.0,11.4,9.97,0,0,0,0,0,0,0,0,0,0,0,0
2026-03-10 18:00:00,HAN,20.0,0.0,30,4.3,132,1017.0,62,24140.0,1.61,3.99,-2.6,-2.6,-1.3,0.0,0.0,0.0,10.9,3.45,0,0,0,0,0,0,0,0,0,0,0,0
2026-03-10 19:00:00,HAN,19.0,0.0,65,9.8,150,1018.4,65,24140.0,6.3,7.51,-1.0,-4.4,1.0,0.0,0.0,0.0,10.9,6.3,0,0,0,0,0,0,0,0,0,0,0,0
2026-03-10 20:00:00,HAN,18.7,0.0,98,9.6,128,1018.5,63,24140.0,2.97,9.13,-0.3,-3.9,1.6,0.0,0.0,0.0,9.8,6.3,0,0,0,0,0,0,0,0,0,0,0,0
2026-03-10 21:00:00,HAN,18.6,0.0,57,14.8,120,1018.9,65,24140.0,2.57,14.58,-0.1,-1.4,1.9,0.0,0.0,0.0,14.8,6.3,0,0,0,0,0,0,0,0,0,0,0,0
2026-03-10 22:00:00,HAN,17.5,0.0,21,12.5,141,1019.6,78,24140.0,6.44,10.71,-1.1,-1.5,1.2,0.0,0.0,0.0,14.8,6.44,0,0,0,0,0,0,0,0,0,0,0,0
2026-03-10 23:00:00,HAN,16.5,0.0,5,9.1,146,1019.8,84,24140.0,5.35,7.36,-1.0,-2.2,1.3,0.0,0.0,0.0,14.8,6.44,0,0,0,0,0,0,0,0,0,0,0,0
2026-03-11 00:00:00,HAN,15.8,0.0,1,5.2,146,1019.5,89,24140.0,3.06,4.21,-0.7,-2.8,0.6,0.0,0.0,0.0,12.5,6.44,0,0,0,0,0,0,0,0,0,0,0,0
2026-03-11 01:00:00,HAN,15.5,0.0,24,2.3,151,1019.5,92,24140.0,1.51,1.74,-0.3,-2.0,-0.1,0.0,0.0,0.0,9.1,5.35,0,0,0,0,0,0,0,0,0,0,0,0
2026-03-11 02:00:00,HAN,15.7,0.0,66,0.2,360,1019.0,91,24140.0,0.19,-0.07,0.2,-0.8,-0.8,0.0,0.0,0.0,5.2,3.06,0,0,0,0,0,0,0,0,0,0,0,0
2026-03-11 03:00:00,HAN,15.9,0.0,86,1.9,29,1018.8,90,24140.0,1.88,0.3,0.2,0.1,-0.7,0.0,0.0,0.0,2.3,1.88,0,0,0,0,0,0,0,0,0,0,0,0
2026-03-11 04:00:00,HAN,16.0,0.0,94,2.2,42,1018.4,90,24140.0,2.04,0.82,0.1,0.5,-1.1,0.0,0.0,0.0,2.2,2.04,0,0,0,0,0,0,0,0,0,0,0,0
2026-03-11 05:00:00,HAN,15.7,0.0,100,2.6,34,1018.4,93,24140.0,2.52,0.63,-0.3,0.0,-0.6,0.0,0.0,0.0,2.6,2.52,0,0,0,0,0,0,0,0,0,0,0,0
2026-03-11 06:00:00,HAN,15.5,0.0,98,3.6,33,1018.6,94,24140.0,3.51,0.81,-0.2,-0.4,-0.2,0.0,0.0,0.0,3.6,3.51,0,0,0,0,0,0,0,0,0,0,0,0
2026-03-11 07:00:00,HAN,16.3,0.0,100,5.8,30,1019.1,90,24140.0,5.71,1.01,0.8,0.3,0.7,0.0,0.0,0.0,5.8,5.71,0,0,0,0,0,0,0,0,0,0,0,0
2026-03-11 08:00:00,HAN,17.6,0.0,99,6.0,27,1019.7,80,24140.0,5.96,0.73,1.3,1.9,1.3,0.0,0.0,0.0,6.0,5.96,0,0,0,0,0,0,0,0,0,0,0,0
2026-03-11 09:00:00,HAN,19.0,0.0,87,5.5,49,1019.8,72,24140.0,4.81,2.67,1.4,3.5,1.2,0.0,0.0,0.0,6.0,5.96,0,0,0,0,0,0,0,0,0,0,0,0
2026-03-11 10:00:00,HAN,20.1,0.0,100,4.4,81,1019.8,68,24140.0,2.13,3.85,1.1,3.8,0.7,0.0,0.0,0.0,6.0,5.96,0,0,0,0,0,0,0,0,0,0,0,0
2026-03-11 11:00:00,HAN,21.2,0.0,100,4.6,132,1018.9,65,24140.0,1.72,4.27,1.1,3.6,-0.8,0.0,0.0,0.0,5.5,4.81,0,0,0,0,0,0,0,0,0,0,0,0
2026-03-11 12:00:00,HAN,21.5,0.0,100,4.2,149,1017.5,64,24140.0,2.64,3.26,0.3,2.5,-2.3,0.0,0.0,0.0,4.6,2.64,0,0,0,0,0,0,0,0,0,0,0,0
2026-03-11 13:00:00,HAN,21.1,0.0,100,2.7,110,1016.9,63,24140.0,0.0,2.7,-0.4,1.0,-2.9,0.0,0.0,0.0,4.6,2.64,0,0,0,0,0,0,0,0,0,0,0,0
2026-03-11 14:00:00,HAN,21.8,0.0,100,1.9,107,1015.5,60,24140.0,0.1,1.9,0.7,0.6,-3.4,0.0,0.0,0.0,4.2,2.64,0,0,0,0,0,0,0,0,0,0,0,0
2026-03-11 15:00:00,HAN,22.2,0.0,99,1.9,119,1014.8,59,24140.0,0.3,1.88,0.4,0.7,-2.7,0.0,0.0,0.0,2.7,0.3,0,0,0,0,0,0,0,0,0,0,0,0
2026-03-11 16:00:00,HAN,22.0,0.0,100,3.5,99,1014.4,59,24140.0,0.67,3.44,-0.2,0.9,-2.5,0.0,0.0,0.0,3.5,0.67,0,0,0,0,0,0,0,0,0,0,0,0
2026-03-11 17:00:00,HAN,21.9,0.0,100,3.9,74,1014.3,58,24140.0,2.29,3.16,-0.1,0.1,-1.2,0.0,0.0,0.0,3.9,2.29,0,0,0,0,0,0,0,0,0,0,0,0
2026-03-11 18:00:00,HAN,21.1,0.0,100,1.7,41,1014.5,70,24140.0,1.59,0.61,-0.8,-1.1,-0.3,0.0,0.0,0.0,3.9,2.29,0,0,0,0,0,0,0,0,0,0,0,0
2026-03-11 19:00:00,HAN,20.8,0.0,87,3.8,191,1015.2,71,24140.0,3.75,0.59,-0.3,-1.2,0.8,0.0,0.0,0.0,3.9,3.75,0,0,0,0,0,0,0,0,0,0,0,0
2026-03-11 20:00:00,HAN,20.3,0.0,16,6.5,222,1015.8,74,24140.0,6.03,-2.43,-0.5,-1.6,1.5,0.0,0.0,0.0,6.5,6.03,0,0,0,0,0,0,0,0,0,0,0,0
2026-03-11 21:00:00,HAN,18.5,0.0,65,3.5,231,1016.6,84,24140.0,3.0,-1.8,-1.8,-2.6,2.1,0.0,0.0,0.0,6.5,6.03,0,0,0,0,0,0,0,0,0,0,0,0
2026-03-11 22:00:00,HAN,18.4,0.0,77,2.2,265,1017.1,85,24140.0,0.93,-1.99,-0.1,-2.4,1.9,0.0,0.0,0.0,6.5,6.03,0,0,0,0,0,0,0,0,0,0,0,0
2026-03-11 23:00:00,HAN,18.2,0.0,20,0.4,117,1016.9,84,24140.0,0.05,0.4,-0.2,-2.1,1.1,0.0,0.0,0.0,3.5,3.0,0,0,0,0,0,0,0,0,0,0,0,0
2026-03-12 00:00:00,HAN,17.2,0.0,47,6.5,104,1016.9,91,24140.0,0.68,6.46,-1.0,-1.3,0.3,0.0,0.0,0.0,6.5,0.93,0,0,0,0,0,0,0,0,0,0,0,0
2026-03-12 01:00:00,HAN,17.4,0.0,100,7.0,116,1017.1,91,24140.0,0.73,6.96,0.2,-1.0,0.0,0.0,0.0,0.0,7.0,0.73,0,0,0,0,0,0,0,0,0,0,0,0
2026-03-12 02:00:00,HAN,17.8,0.0,100,7.4,112,1016.5,89,24140.0,0.26,7.4,0.4,-0.4,-0.4,0.0,0.0,0.0,7.4,0.73,0,0,0,0,0,0,0,0,0,0,0,0
2026-03-12 03:00:00,HAN,18.0,0.0,100,5.4,111,1016.3,86,24140.0,0.09,5.4,0.2,0.8,-0.6,0.0,0.0,0.0,7.4,0.73,0,0,0,0,0,0,0,0,0,0,0,0
2026-03-12 04:00:00,HAN,18.0,0.0,100,4.2,95,1016.4,85,24140.0,1.09,4.06,0.0,0.6,-0.7,0.0,0.0,0.0,7.4,1.09,0,0,0,0,0,0,0,0,0,0,0,0
2026-03-12 05:00:00,HAN,17.9,0.0,100,3.3,36,1016.9,87,24140.0,3.17,0.91,-0.1,0.1,0.4,0.0,0.0,0.0,5.4,3.17,0,0,0,0,0,0,0,0,0,0,0,0
2026-03-12 06:00:00,HAN,17.8,0.0,100,4.8,22,1017.5,88,24140.0,4.8,0.17,-0.1,-0.2,1.2,0.0,0.0,0.0,4.8,4.8,0,0,0,0,0,0,0,0,0,0,0,0
2026-03-12 07:00:00,HAN,17.8,0.0,100,5.9,23,1018.3,91,24140.0,5.89,0.31,0.0,-0.2,1.9,0.0,0.0,0.0,5.9,5.89,0,0,0,0,0,0,0,0,0,0,0,0
2026-03-12 08:00:00,HAN,19.3,0.0,100,5.0,19,1019.1,82,24140.0,5.0,-0.09,1.5,1.4,2.2,0.0,0.0,0.0,5.9,5.89,0,0,0,0,0,0,0,0,0,0,0,0
2026-03-12 09:00:00,HAN,20.5,0.0,100,5.6,29,1019.7,75,24140.0,5.53,0.88,1.2,2.7,2.2,0.0,0.0,0.0,5.9,5.89,0,0,0,0,0,0,0,0,0,0,0,0
2026-03-12 10:00:00,HAN,22.0,0.0,100,7.0,32,1019.7,68,24140.0,6.85,1.46,1.5,4.2,1.4,0.0,0.0,0.0,7.0,6.85,0,0,0,0,0,0,0,0,0,0,0,0
2026-03-12 11:00:00,HAN,22.8,0.0,100,8.8,47,1018.9,62,24140.0,7.84,4.0,0.8,3.5,-0.2,0.0,0.0,0.0,8.8,7.84,0,0,0,0,0,0,0,0,0,0,0,0
2026-03-12 12:00:00,HAN,24.4,0.0,98,10.7,63,1017.5,54,24140.0,7.83,7.3,1.6,3.9,-2.2,0.0,0.0,0.0,10.7,7.84,0,0,0,0,0,0,0,0,0,0,0,0
2026-03-12 13:00:00,HAN,24.2,0.0,23,9.5,75,1016.6,51,24140.0,5.45,7.78,-0.2,2.2,-3.1,0.0,0.0,0.0,10.7,7.84,0,0,0,0,0,0,0,0,0,0,0,0
2026-03-12 14:00:00,HAN,24.9,0.0,71,6.9,67,1015.4,47,24140.0,4.71,5.05,0.7,2.1,-3.5,0.0,0.0,0.0,10.7,7.83,0,0,0,0,0,0,0,0,0,0,0,0
2026-03-12 15:00:00,HAN,25.0,0.0,90,7.6,63,1014.7,44,24140.0,5.56,5.18,0.1,0.6,-2.8,0.0,0.0,0.0,9.5,5.56,0,0,0,0,0,0,0,0,0,0,0,0
2026-03-12 16:00:00,HAN,24.9,0.0,52,7.1,83,1014.2,45,24140.0,3.22,6.33,-0.1,0.7,-2.4,0.0,0.0,0.0,7.6,5.56,0,0,0,0,0,0,0,0,0,0,0,0
2026-03-12 17:00:00,HAN,24.5,0.0,67,2.7,127,1013.8,48,24140.0,0.79,2.58,-0.4,-0.4,-1.6,0.0,0.0,0.0,7.6,5.56,0,0,0,0,0,0,0,0,0,0,0,0
2026-03-12 18:00:00,HAN,21.8,0.0,46,5.3,188,1014.1,62,24140.0,5.18,1.1,-2.7,-3.2,-0.6,0.0,0.0,0.0,7.1,5.18,0,0,0,0,0,0,0,0,0,0,0,0
2026-03-12 19:00:00,HAN,20.5,0.0,35,5.5,189,1015.7,71,24140.0,5.4,1.05,-1.3,-4.4,1.5,0.0,0.0,0.0,5.5,5.4,0,0,0,0,0,0,0,0,0,0,0,0
2026-03-12 20:00:00,HAN,20.0,0.0,14,10.8,144,1016.5,75,24140.0,6.04,8.95,-0.5,-4.5,2.7,0.0,0.0,0.0,10.8,6.04,0,0,0,0,0,0,0,0,0,0,0,0
2026-03-12 21:00:00,HAN,19.5,0.0,3,12.5,150,1017.0,77,24140.0,8.03,9.58,-0.5,-2.3,2.9,0.0,0.0,0.0,12.5,8.03,0,0,0,0,0,0,0,0,0,0,0,0
2026-03-12 22:00:00,HAN,18.8,0.0,9,8.2,140,1017.7,77,24140.0,4.1,7.1,-0.7,-1.7,2.0,0.0,0.0,0.0,12.5,8.03,0,0,0,0,0,0,0,0,0,0,0,0
2026-03-12 23:00:00,HAN,17.8,0.0,40,5.3,162,1018.1,81,24140.0,4.18,3.26,-1.0,-2.2,1.6,0.0,0.0,0.0,12.5,8.03,0,0,0,0,0,0,0,0,0,0,0,0
2026-03-13 00:00:00,HAN,17.5,0.0,47,4.2,175,1018.3,83,24140.0,3.81,1.77,-0.3,-2.0,1.3,0.0,0.0,0.0,8.2,4.18,0,0,0,0,0,0,0,0,0,0,0,0
2026-03-13 01:00:00,HAN,18.4,0.1,99,3.3,174,1018.2,83,24140.0,2.97,1.45,0.9,-0.4,0.5,0.1,0.1,0.1,5.3,4.18,1,0,0,0,0,0,0,0,1,1,0,1
2026-03-13 02:00:00,HAN,18.4,0.1,100,2.2,228,1017.9,83,24140.0,1.94,-1.03,0.0,0.6,-0.2,0.1,0.2,0.2,4.2,3.81,1,0,0,0,0,0,0,0,1,1,0,1
2026-03-13 03:00:00,HAN,18.4,0.0,98,2.3,315,1017.6,84,24140.0,0.97,-2.08,0.0,0.9,-0.7,0.0,0.2,0.2,3.3,2.97,0,0,0,0,0,0,0,0,0,0,0,0
2026-03-13 04:00:00,HAN,17.8,0.0,55,3.2,38,1017.6,88,24140.0,3.04,0.99,-0.6,-0.6,-0.6,0.0,0.1,0.2,3.2,3.04,0,0,0,0,0,0,0,0,0,0,0,0
2026-03-13 05:00:00,HAN,17.0,0.0,69,4.7,43,1018.1,91,24140.0,4.33,1.84,-0.8,-1.4,0.2,0.0,0.0,0.2,4.7,4.33,0,0,0,0,0,0,0,0,0,0,0,0
2026-03-13 06:00:00,HAN,16.5,0.0,70,4.0,10,1018.7,92,24140.0,3.94,-0.69,-0.5,-1.9,1.1,0.0,0.0,0.2,4.7,4.33,0,0,0,0,0,0,0,0,0,0,0,0
2026-03-13 07:00:00,HAN,17.5,0.0,98,4.0,360,1019.4,89,24140.0,3.76,-1.37,1.0,-0.3,1.8,0.0,0.0,0.1,4.7,4.33,0,0,0,0,0,0,0,0,0,0,0,0
2026-03-13 08:00:00,HAN,18.9,0.0,31,5.2,358,1020.1,83,24140.0,4.82,-1.95,1.4,1.9,2.0,0.0,0.0,0.0,5.2,4.82,0,0,0,0,0,0,0,0,0,0,0,0
2026-03-13 09:00:00,HAN,21.2,0.0,9,6.2,12,1020.8,69,24140.0,6.14,-0.86,2.3,4.7,2.1,0.0,0.0,0.0,6.2,6.14,0,0,0,0,0,0,0,0,0,0,0,0
2026-03-13 10:00:00,HAN,23.0,0.0,16,6.0,29,1020.7,60,24140.0,5.93,0.94,1.8,5.5,1.3,0.0,0.0,0.0,6.2,6.14,0,0,0,0,0,0,0,0,0,0,0,0
2026-03-13 11:00:00,HAN,24.4,0.0,8,6.5,66,1019.9,48,24140.0,4.52,4.68,1.4,5.5,-0.2,0.0,0.0,0.0,6.5,6.14,0,0,0,0,0,0,0,0,0,0,0,0
2026-03-13 12:00:00,HAN,25.5,0.0,38,12.4,104,1018.5,43,24140.0,1.3,12.33,1.1,4.3,-2.3,0.0,0.0,0.0,12.4,5.93,0,0,0,0,0,0,0,0,0,0,0,0
2026-03-13 13:00:00,HAN,25.4,0.0,77,15.8,122,1017.9,41,24140.0,3.29,15.45,-0.1,2.4,-2.8,0.0,0.0,0.0,15.8,4.52,0,0,0,0,0,0,0,0,0,0,0,0
2026-03-13 14:00:00,HAN,25.4,0.0,94,14.4,128,1016.5,40,24140.0,4.45,13.7,0.0,1.0,-3.4,0.0,0.0,0.0,15.8,4.45,0,0,0,0,0,0,0,0,0,0,0,0
2026-03-13 15:00:00,HAN,25.3,0.0,95,15.8,125,1015.7,40,24140.0,4.09,15.26,-0.1,-0.2,-2.8,0.0,0.0,0.0,15.8,4.45,0,0,0,0,0,0,0,0,0,0,0,0
2026-03-13 16:00:00,HAN,24.7,0.0,11,13.1,134,1015.7,42,24140.0,5.33,11.97,-0.6,-0.7,-2.2,0.0,0.0,0.0,15.8,5.33,0,0,0,0,0,0,0,0,0,0,0,0
2026-03-13 17:00:00,HAN,23.6,0.0,51,11.6,123,1015.6,50,24140.0,2.61,11.3,-1.1,-1.8,-0.9,0.0,0.0,0.0,15.8,5.33,0,0,0,0,0,0,0,0,0,0,0,0
2026-03-13 18:00:00,HAN,21.6,0.0,39,11.0,125,1016.1,60,24140.0,2.85,10.63,-2.0,-3.7,0.4,0.0,0.0,0.0,13.1,5.33,0,0,0,0,0,0,0,0,0,0,0,0
2026-03-13 19:00:00,HAN,20.6,0.0,39,8.2,128,1017.4,69,24140.0,2.53,7.8,-1.0,-4.1,1.7,0.0,0.0,0.0,11.6,2.85,0,0,0,0,0,0,0,0,0,0,0,0
2026-03-13 20:00:00,HAN,19.4,0.0,20,5.9,130,1018.2,76,24140.0,2.02,5.54,-1.2,-4.2,2.6,0.0,0.0,0.0,11.0,2.85,0,0,0,0,0,0,0,0,0,0,0,0
2026-03-13 21:00:00,HAN,18.9,0.0,64,6.3,141,1018.9,79,24140.0,3.24,5.4,-0.5,-2.7,2.8,0.0,0.0,0.0,8.2,3.24,0,0,0,0,0,0,0,0,0,0,0,0
2026-03-13 22:00:00,HAN,19.0,0.0,98,7.1,139,1019.0,78,24140.0,3.44,6.21,0.1,-1.6,1.6,0.0,0.0,0.0,7.1,3.44,0,0,0,0,0,0,0,0,0,0,0,0
2026-03-13 23:00:00,HAN,19.8,0.0,100,8.0,118,1018.9,73,24140.0,1.11,7.92,0.8,0.4,0.7,0.0,0.0,0.0,8.0,3.44,0,0,0,0,0,0,0,0,0,0,0,0
2026-03-14 00:00:00,HAN,19.6,0.0,100,5.3,114,1018.9,74,24140.0,0.37,5.29,-0.2,0.7,0.0,0.0,0.0,0.0,8.0,3.44,0,0,0,0,0,0,0,0,0,0,0,0
2026-03-14 01:00:00,HAN,19.6,0.0,100,5.1,117,1018.7,77,24140.0,0.62,5.06,0.0,0.6,-0.3,0.0,0.0,0.0,8.0,1.11,0,0,0,0,0,0,0,0,0,0,0,0
2026-03-14 02:00:00,HAN,19.5,0.0,100,6.6,107,1018.0,79,24140.0,0.35,6.59,-0.1,-0.3,-0.9,0.0,0.0,0.0,6.6,0.62,0,0,0,0,0,0,0,0,0,0,0,0
2026-03-14 03:00:00,HAN,19.2,0.0,100,5.4,120,1017.7,81,24140.0,0.94,5.32,-0.3,-0.4,-1.2,0.0,0.0,0.0,6.6,0.94,0,0,0,0,0,0,0,0,0,0,0,0
2026-03-14 04:00:00,HAN,19.0,0.0,99,5.6,123,1017.7,84,24140.0,1.26,5.46,-0.2,-0.6,-1.0,0.0,0.0,0.0,6.6,1.26,0,0,0,0,0,0,0,0,0,0,0,0
2026-03-14 05:00:00,HAN,18.8,0.0,100,5.9,110,1017.8,87,24140.0,0.0,5.9,-0.2,-0.7,-0.2,0.0,0.0,0.0,5.9,1.26,0,0,0,0,0,0,0,0,0,0,0,0
2026-03-14 06:00:00,HAN,19.0,0.0,81,3.1,97,1018.8,87,23840.0,0.7,3.02,0.2,-0.2,1.1,0.0,0.0,0.0,5.9,1.26,0,0,0,0,0,0,0,0,0,0,0,0
2026-03-14 07:00:00,HAN,18.9,0.0,100,5.6,21,1019.4,83,20260.0,5.6,0.1,-0.1,-0.1,1.7,0.0,0.0,0.0,5.9,5.6,0,0,0,0,0,0,0,0,0,0,0,0
2026-03-14 08:00:00,HAN,20.0,0.0,99,5.1,32,1020.2,77,16340.0,4.99,1.06,1.1,1.2,2.4,0.0,0.0,0.0,5.6,5.6,0,0,0,0,0,0,0,0,0,0,0,0
2026-03-14 09:00:00,HAN,21.1,0.0,74,8.0,81,1020.7,71,24140.0,3.88,7.0,1.1,2.1,1.9,0.0,0.0,0.0,8.0,5.6,0,0,0,0,0,0,0,0,0,0,0,0
2026-03-14 10:00:00,HAN,22.4,0.1,98,13.4,112,1020.6,66,24140.0,0.47,13.39,1.3,3.5,1.2,0.1,0.1,0.1,13.4,4.99,1,0,0,0,0,0,0,0,1,1,0,1
2026-03-14 11:00:00,HAN,23.0,0.0,100,14.8,122,1020.0,65,24140.0,3.08,14.48,0.6,3.0,-0.2,0.0,0.1,0.1,14.8,3.88,0,0,0,0,0,0,0,0,0,0,0,0
2026-03-14 12:00:00,HAN,23.5,0.0,80,15.5,130,1018.7,63,24140.0,5.3,14.57,0.5,2.4,-2.0,0.0,0.1,0.1,15.5,5.3,0,0,0,0,0,0,0,0,0,0,0,0
2026-03-14 13:00:00,HAN,23.6,0.0,98,13.1,134,1018.5,60,24140.0,5.33,11.97,0.1,1.2,-2.1,0.0,0.0,0.1,15.5,5.33,0,0,0,0,0,0,0,0,0,0,0,0
2026-03-14 14:00:00,HAN,23.5,0.0,100,14.1,136,1017.6,61,24140.0,6.18,12.67,-0.1,0.5,-2.4,0.0,0.0,0.1,15.5,6.18,0,0,0,0,0,0,0,0,0,0,0,0
2026-03-14 15:00:00,HAN,23.4,0.0,100,14.0,137,1016.8,61,24140.0,6.36,12.47,-0.1,-0.1,-1.9,0.0,0.0,0.1,14.1,6.36,0,0,0,0,0,0,0,0,0,0,0,0
2026-03-14 16:00:00,HAN,23.2,0.0,100,14.2,142,1016.1,60,24140.0,7.52,12.04,-0.2,-0.4,-2.4,0.0,0.0,0.0,14.2,7.52,0,0,0,0,0,0,0,0,0,0,0,0
2026-03-14 17:00:00,HAN,23.0,0.0,100,12.9,137,1015.7,62,24140.0,5.86,11.49,-0.2,-0.5,-1.9,0.0,0.0,0.0,14.2,7.52,0,0,0,0,0,0,0,0,0,0,0,0
2026-03-14 18:00:00,HAN,22.1,0.0,60,10.9,141,1016.4,66,24140.0,5.61,9.34,-0.9,-1.3,-0.4,0.0,0.0,0.0,14.2,7.52,0,0,0,0,0,0,0,0,0,0,0,0
2026-03-14 19:00:00,HAN,21.1,0.0,44,9.3,137,1017.6,74,24140.0,4.22,8.29,-1.0,-2.1,1.5,0.0,0.0,0.0,12.9,5.86,0,0,0,0,0,0,0,0,0,0,0,0
2026-03-14 20:00:00,HAN,20.6,0.0,34,10.4,144,1018.2,76,24140.0,5.82,8.62,-0.5,-2.4,2.5,0.0,0.0,0.0,10.9,5.82,0,0,0,0,0,0,0,0,0,0,0,0
2026-03-14 21:00:00,HAN,20.3,0.0,26,8.8,152,1018.8,78,24140.0,5.89,6.54,-0.3,-1.8,2.4,0.0,0.0,0.0,10.4,5.89,0,0,0,0,0,0,0,0,0,0,0,0
2026-03-14 22:00:00,HAN,19.9,0.0,100,8.2,161,1019.1,80,24140.0,6.37,5.16,-0.4,-1.2,1.5,0.0,0.0,0.0,10.4,6.37,0,0,0,0,0,0,0,0,0,0,0,0
2026-03-14 23:00:00,HAN,20.0,0.0,18,8.9,146,1018.7,80,24140.0,5.23,7.2,0.1,-0.6,0.5,0.0,0.0,0.0,8.9,6.37,0,0,0,0,0,0,0,0,0,0,0,0
2026-03-15 00:00:00,HAN,19.4,0.0,97,6.8,140,1018.3,83,24140.0,3.4,5.89,-0.6,-0.9,-0.5,0.0,0.0,0.0,8.9,6.37,0,0,0,0,0,0,0,0,0,0,0,0
2026-03-15 01:00:00,HAN,19.6,0.0,100,2.5,176,1018.2,86,24140.0,2.28,1.02,0.2,-0.3,-0.9,0.0,0.0,0.0,8.9,5.23,0,0,0,0,0,0,0,0,0,0,0,0
2026-03-15 02:00:00,HAN,20.1,0.0,100,2.2,114,1017.5,85,24140.0,0.15,2.19,0.5,0.1,-1.2,0.0,0.0,0.0,6.8,3.4,0,0,0,0,0,0,0,0,0,0,0,0
2026-03-15 03:00:00,HAN,20.0,0.0,100,3.0,147,1017.4,84,24140.0,1.81,2.4,-0.1,0.6,-0.9,0.0,0.0,0.0,3.0,2.28,0,0,0,0,0,0,0,0,0,0,0,0
2026-03-15 04:00:00,HAN,19.9,0.1,100,3.3,131,1017.4,86,24140.0,1.18,3.08,-0.1,0.3,-0.8,0.1,0.1,0.1,3.3,1.81,1,0,0,0,0,0,0,0,1,1,0,1
2026-03-15 05:00:00,HAN,19.5,0.0,97,4.0,93,1017.9,88,24140.0,1.17,3.83,-0.4,-0.6,0.4,0.0,0.1,0.1,4.0,1.81,0,0,0,0,0,0,0,0,0,0,0,0
2026-03-15 06:00:00,HAN,19.1,0.0,95,4.8,79,1018.3,90,24140.0,2.47,4.11,-0.4,-0.9,0.9,0.0,0.1,0.1,4.8,2.47,0,0,0,0,0,0,0,0,0,0,0,0
2026-03-15 07:00:00,HAN,19.1,0.0,77,7.7,60,1018.6,93,24140.0,5.9,4.95,0.0,-0.8,1.2,0.0,0.0,0.1,7.7,5.9,0,0,0,0,0,0,0,0,0,0,0,0
2026-03-15 08:00:00,HAN,20.7,0.0,100,5.9,55,1019.4,84,24140.0,4.83,3.38,1.6,1.2,1.5,0.0,0.0,0.1,7.7,5.9,0,0,0,0,0,0,0,0,0,0,0,0
2026-03-15 09:00:00,HAN,22.1,0.0,81,5.5,101,1020.2,77,24140.0,0.86,5.43,1.4,3.0,1.9,0.0,0.0,0.1,7.7,5.9,0,0,0,0,0,0,0,0,0,0,0,0
2026-03-15 10:00:00,HAN,23.3,0.2,98,12.1,133,1020.0,71,23780.0,4.73,11.14,1.2,4.2,1.4,0.2,0.2,0.2,12.1,4.83,1,0,0,0,0,0,0,0,1,1,0,1
2026-03-15 11:00:00,HAN,24.4,0.0,77,13.2,136,1018.9,67,15380.0,5.79,11.86,1.1,3.7,-0.5,0.0,0.2,0.2,13.2,5.79,0,0,0,0,0,0,0,0,0,0,0,0
2026-03-15 12:00:00,HAN,25.0,0.1,100,12.5,147,1017.4,65,24140.0,7.52,9.98,0.6,2.9,-2.8,0.1,0.3,0.3,13.2,7.52,1,0,0,0,0,0,0,0,1,1,0,1
2026-03-15 13:00:00,HAN,24.4,0.3,99,11.5,148,1017.3,65,22920.0,7.08,9.06,-0.6,1.1,-2.7,0.3,0.4,0.6,13.2,7.52,1,0,0,0,0,0,0,0,1,1,0,1
2026-03-15 14:00:00,HAN,24.5,0.1,88,12.4,137,1016.1,63,11300.0,5.63,11.05,0.1,0.1,-2.8,0.1,0.5,0.7,12.5,7.52,1,0,0,0,0,0,0,0,1,1,0,1
2026-03-15 15:00:00,HAN,23.8,0.0,45,16.4,130,1015.0,67,24140.0,5.61,15.41,-0.7,-1.2,-2.4,0.0,0.4,0.7,16.4,7.08,0,0,0,0,0,0,0,0,0,0,0,0
2026-03-15 16:00:00,HAN,24.0,0.0,19,16.8,134,1014.6,67,16580.0,6.83,15.35,0.2,-0.4,-2.7,0.0,0.1,0.5,16.8,6.83,0,0,0,0,0,0,0,0,0,0,0,0
2026-03-15 17:00:00,HAN,23.5,0.0,31,16.0,130,1014.3,68,24140.0,5.47,15.04,-0.5,-1.0,-1.8,0.0,0.0,0.5,16.8,6.83,0,0,0,0,0,0,0,0,0,0,0,0
2026-03-15 18:00:00,HAN,22.2,0.0,69,11.3,137,1014.9,74,24140.0,5.13,10.07,-1.3,-1.6,-0.1,0.0,0.0,0.4,16.8,6.83,0,0,0,0,0,0,0,0,0,0,0,0
2026-03-15 19:00:00,HAN,21.6,0.0,47,11.2,142,1015.3,81,24140.0,5.94,9.5,-0.6,-2.4,0.7,0.0,0.0,0.1,16.0,5.94,0,0,0,0,0,0,0,0,0,0,0,0
2026-03-15 20:00:00,HAN,21.0,0.0,19,11.6,144,1015.8,84,24140.0,6.49,9.62,-0.6,-2.5,1.5,0.0,0.0,0.0,11.6,6.49,0,0,0,0,0,0,0,0,0,0,0,0
2026-03-15 21:00:00,HAN,20.2,0.0,25,8.8,149,1016.9,88,24140.0,5.54,6.84,-0.8,-2.0,2.0,0.0,0.0,0.0,11.6,6.49,0,0,0,0,0,0,0,0,0,0,0,0
2026-03-15 22:00:00,HAN,19.9,0.0,55,8.6,147,1017.0,92,24140.0,5.18,6.87,-0.3,-1.7,1.7,0.0,0.0,0.0,11.6,6.49,0,0,0,0,0,0,0,0,0,0,0,0
2026-03-15 23:00:00,HAN,19.5,0.0,39,9.1,139,1016.8,95,24140.0,4.41,7.96,-0.4,-1.5,1.0,0.0,0.0,0.0,9.1,5.54,0,0,0,0,0,0,0,0,0,0,0,0
2026-03-16 00:00:00,HAN,19.5,0.0,48,9.8,140,1016.5,95,24140.0,4.9,8.49,0.0,-0.7,-0.4,0.0,0.0,0.0,9.8,5.18,0,0,0,0,0,0,0,0,0,0,0,0
2026-03-16 01:00:00,HAN,20.0,0.0,30,10.6,125,1015.6,96,24140.0,2.74,10.24,0.5,0.1,-1.4,0.0,0.0,0.0,10.6,4.9,0,0,0,0,0,0,0,0,0,0,0,0
2026-03-16 02:00:00,HAN,19.8,0.0,36,9.4,126,1014.9,97,24140.0,2.59,9.04,-0.2,0.3,-1.9,0.0,0.0,0.0,10.6,4.9,0,0,0,0,0,0,0,0,0,0,0,0
2026-03-16 03:00:00,HAN,19.5,0.0,28,8.8,123,1014.2,97,24140.0,1.98,8.57,-0.3,0.0,-2.3,0.0,0.0,0.0,10.6,2.74,0,0,0,0,0,0,0,0,0,0,0,0
2026-03-16 04:00:00,HAN,19.2,0.0,27,10.2,126,1013.8,98,24140.0,2.81,9.8,-0.3,-0.8,-1.8,0.0,0.0,0.0,10.2,2.81,0,0,0,0,0,0,0,0,0,0,0,0
2026-03-16 05:00:00,HAN,19.0,0.0,48,10.7,127,1013.8,98,24140.0,3.13,10.23,-0.2,-0.8,-1.1,0.0,0.0,0.0,10.7,3.13,0,0,0,0,0,0,0,0,0,0,0,0
2026-03-16 06:00:00,HAN,18.9,0.0,94,9.0,128,1014.5,98,24140.0,2.78,8.56,-0.1,-0.6,0.3,0.0,0.0,0.0,10.7,3.13,0,0,0,0,0,0,0,0,0,0,0,0
2026-03-16 07:00:00,HAN,19.5,0.0,30,10.8,126,1015.4,97,24140.0,2.98,10.38,0.6,0.3,1.6,0.0,0.0,0.0,10.8,3.13,0,0,0,0,0,0,0,0,0,0,0,0
2026-03-16 08:00:00,HAN,21.4,0.0,48,14.1,141,1016.2,87,24140.0,7.26,12.09,1.9,2.4,2.4,0.0,0.0,0.0,14.1,7.26,0,0,0,0,0,0,0,0,0,0,0,0
2026-03-16 09:00:00,HAN,23.1,0.2,43,15.3,162,1016.7,76,24140.0,12.06,9.42,1.7,4.2,2.2,0.2,0.2,0.2,15.3,12.06,1,0,0,0,0,0,0,0,0,1,0,0
2026-03-16 10:00:00,HAN,24.3,0.1,69,16.3,170,1016.5,69,24140.0,14.12,8.15,1.2,4.8,1.1,0.1,0.3,0.3,16.3,14.12,1,0,0,0,0,0,0,0,0,1,0,0
2026-03-16 11:00:00,HAN,25.6,0.0,88,17.2,174,1015.7,62,24140.0,15.46,7.54,1.3,4.2,-0.5,0.0,0.3,0.3,17.2,15.46,0,0,0,0,0,0,0,0,0,0,0,0
2026-03-16 12:00:00,HAN,26.1,0.2,38,16.8,175,1014.3,61,24140.0,15.23,7.1,0.5,3.0,-2.4,0.2,0.3,0.5,17.2,15.46,1,0,0,0,0,0,0,0,0,1,0,0
2026-03-16 13:00:00,HAN,25.9,0.3,53,16.9,177,1013.8,59,24140.0,15.56,6.6,-0.2,1.6,-2.7,0.3,0.5,0.8,17.2,15.56,1,0,0,0,0,0,0,0,0,1,0,0
2026-03-16 14:00:00,HAN,26.5,0.2,46,18.0,171,1012.6,56,24140.0,15.74,8.73,0.6,0.9,-3.1,0.2,0.7,1.0,18.0,15.74,1,0,0,0,0,0,0,0,0,1,0,0
2026-03-16 15:00:00,HAN,26.0,0.1,38,18.7,164,1011.3,60,24140.0,15.13,10.99,-0.5,-0.1,-3.0,0.1,0.6,0.9,18.7,15.74,1,0,0,0,0,0,0,0,0,1,0,0
2026-03-16 16:00:00,HAN,25.8,0.0,100,19.6,165,1010.7,62,24140.0,16.06,11.24,-0.2,-0.1,-3.1,0.0,0.3,0.8,19.6,16.06,0,0,0,0,0,0,0,0,0,0,0,0
2026-03-16 17:00:00,HAN,24.8,0.0,1,18.4,152,1010.4,66,24140.0,12.31,13.67,-1.0,-1.7,-2.2,0.0,0.1,0.8,19.6,16.06,0,0,0,0,0,0,0,0,0,0,0,0
2026-03-16 18:00:00,HAN,23.6,0.0,6,17.7,143,1010.6,70,24140.0,9.64,14.84,-1.2,-2.4,-0.7,0.0,0.0,0.6,19.6,16.06,0,0,0,0,0,0,0,0,0,0,0,0
2026-03-16 19:00:00,HAN,22.8,0.0,11,15.8,144,1010.9,76,24140.0,8.84,13.1,-0.8,-3.0,0.2,0.0,0.0,0.3,18.4,12.31,0,0,0,0,0,0,0,0,0,0,0,0
2026-03-16 20:00:00,HAN,22.3,0.0,13,15.6,146,1012.2,78,24140.0,9.17,12.62,-0.5,-2.5,1.8,0.0,0.0,0.1,17.7,9.64,0,0,0,0,0,0,0,0,0,0,0,0
2026-03-16 21:00:00,HAN,21.6,0.0,4,14.8,143,1012.9,81,24140.0,8.06,12.41,-0.7,-2.0,2.3,0.0,0.0,0.0,15.8,9.17,0,0,0,0,0,0,0,0,0,0,0,0
2026-03-16 22:00:00,HAN,21.0,0.0,4,12.8,146,1013.5,85,24140.0,7.52,10.36,-0.6,-1.8,2.6,0.0,0.0,0.0,15.6,9.17,0,0,0,0,0,0,0,0,0,0,0,0
2026-03-16 23:00:00,HAN,20.6,0.0,6,12.2,146,1013.6,87,24140.0,7.17,9.87,-0.4,-1.7,1.4,0.0,0.0,0.0,14.8,8.06,0,0,0,0,0,0,0,0,0,0,0,0
2025-12-15 00:00:00,SGN,25.5,0.0,100,5.9,340,1010.4,93,24140.0,5.9,0.0,N/A,N/A,N/A,0.0,0.0,0.0,5.9,5.9,0,0,0,0,0,0,0,0,0,0,0,0
2025-12-15 01:00:00,SGN,25.3,0.0,59,0.8,315,1010.1,96,24140.0,0.73,0.34,-0.2,N/A,N/A,0.0,0.0,0.0,5.9,5.9,0,0,0,0,0,0,0,0,0,0,0,0
2025-12-15 02:00:00,SGN,25.3,0.0,91,0.9,323,1009.5,96,24140.0,0.86,0.26,0.0,N/A,N/A,0.0,0.0,0.0,5.9,5.9,0,0,0,0,0,0,0,0,0,0,0,0
2025-12-15 03:00:00,SGN,24.9,0.0,100,1.3,360,1009.3,97,24140.0,1.22,-0.44,-0.4,-0.6,-1.1,0.0,0.0,0.0,1.3,1.22,0,0,0,0,0,0,0,0,0,0,0,0
2025-12-15 04:00:00,SGN,24.6,0.0,100,3.1,332,1009.3,95,24140.0,3.07,0.43,-0.3,-0.7,-0.8,0.0,0.0,0.0,3.1,3.07,0,0,0,0,0,0,0,0,0,0,0,0
2025-12-15 05:00:00,SGN,24.1,0.0,100,5.0,341,1009.7,92,24140.0,5.0,-0.09,-0.5,-1.2,0.2,0.0,0.0,0.0,5.0,5.0,0,0,0,0,0,0,0,0,0,0,0,0
2025-12-15 06:00:00,SGN,23.7,0.0,100,4.6,351,1010.0,86,24140.0,4.52,-0.88,-0.4,-1.2,0.7,0.0,0.0,0.0,5.0,5.0,0,0,0,0,0,0,0,0,0,0,0,0
2025-12-15 07:00:00,SGN,24.5,0.0,100,5.2,4,1010.7,79,24140.0,4.75,-2.12,0.8,-0.1,1.4,0.0,0.0,0.0,5.2,5.0,0,0,0,0,0,0,0,0,0,0,0,0
2025-12-15 08:00:00,SGN,26.4,0.0,100,4.7,23,1011.7,69,24140.0,3.44,-3.21,1.9,2.3,2.0,0.0,0.0,0.0,5.2,4.75,0,0,0,0,0,0,0,0,0,0,0,0
2025-12-15 09:00:00,SGN,28.0,0.0,100,4.0,36,1011.9,61,24140.0,2.24,-3.32,1.6,4.3,1.9,0.0,0.0,0.0,5.2,4.75,0,0,0,0,0,0,0,0,0,0,0,0
2025-12-15 10:00:00,SGN,29.5,0.0,100,1.1,72,1011.8,58,24140.0,0.04,-1.1,1.5,5.0,1.1,0.0,0.0,0.0,4.7,3.44,0,0,0,0,0,0,0,0,0,0,0,0
2025-12-15 11:00:00,SGN,30.7,0.0,100,0.2,90,1011.6,56,24140.0,0.07,-0.19,1.2,4.3,-0.1,0.0,0.0,0.0,4.0,2.24,0,0,0,0,0,0,0,0,0,0,0,0
2025-12-15 12:00:00,SGN,31.8,0.0,100,0.3,45,1010.2,51,24140.0,0.13,-0.27,1.1,3.8,-1.7,0.0,0.0,0.0,1.1,0.13,0,0,0,0,0,0,0,0,0,0,0,0
2025-12-15 13:00:00,SGN,32.2,0.0,66,1.5,126,1009.0,47,24140.0,1.24,-0.84,0.4,2.7,-2.8,0.0,0.0,0.0,1.5,1.24,0,0,0,0,0,0,0,0,0,0,0,0
2025-12-15 14:00:00,SGN,33.1,0.0,62,3.2,74,1008.3,44,24140.0,0.22,-3.19,0.9,2.4,-3.3,0.0,0.0,0.0,3.2,1.24,0,0,0,0,0,0,0,0,0,0,0,0
2025-12-15 15:00:00,SGN,33.0,0.0,83,2.2,9,1007.9,45,24140.0,1.92,-1.07,-0.1,1.2,-2.3,0.0,0.0,0.0,3.2,1.92,0,0,0,0,0,0,0,0,0,0,0,0
2025-12-15 16:00:00,SGN,32.5,0.0,97,5.4,354,1008.0,46,24140.0,5.24,-1.31,-0.5,0.3,-1.0,0.0,0.0,0.0,5.4,5.24,0,0,0,0,0,0,0,0,0,0,0,0
2025-12-15 17:00:00,SGN,31.1,0.0,98,9.3,345,1008.3,50,24140.0,9.26,-0.81,-1.4,-2.0,0.0,0.0,0.0,0.0,9.3,9.26,0,0,0,0,0,0,0,0,0,0,0,0
2025-12-15 18:00:00,SGN,29.8,0.0,100,6.2,330,1009.0,56,24140.0,6.11,1.08,-1.3,-3.2,1.1,0.0,0.0,0.0,9.3,9.26,0,0,0,0,0,0,0,0,0,0,0,0
2025-12-15 19:00:00,SGN,28.5,0.0,88,7.4,187,1010.3,70,24140.0,6.59,3.36,-1.3,-4.0,2.3,0.0,0.0,0.0,9.3,9.26,0,0,0,0,0,0,0,0,0,0,0,0
2025-12-15 20:00:00,SGN,27.0,0.0,98,6.4,170,1011.2,82,24140.0,6.3,1.11,-1.5,-4.1,2.9,0.0,0.0,0.0,7.4,6.59,0,0,0,0,0,0,0,0,0,0,0,0
2025-12-15 21:00:00,SGN,26.4,0.0,99,6.9,173,1011.7,85,24140.0,6.72,1.55,-0.6,-3.4,2.7,0.0,0.0,0.0,7.4,6.72,0,0,0,0,0,0,0,0,0,0,0,0
2025-12-15 22:00:00,SGN,26.0,0.0,100,7.1,165,1011.6,87,24140.0,7.07,0.62,-0.4,-2.5,1.3,0.0,0.0,0.0,7.1,7.07,0,0,0,0,0,0,0,0,0,0,0,0
2025-12-15 23:00:00,SGN,25.7,0.0,100,6.7,146,1011.3,88,24140.0,6.5,-1.62,-0.3,-1.3,0.1,0.0,0.0,0.0,7.1,7.07,0,0,0,0,0,0,0,0,0,0,0,0
2025-12-16 00:00:00,SGN,25.5,0.0,100,4.3,138,1010.8,89,24140.0,3.99,-1.61,-0.2,-0.9,-0.9,0.0,0.0,0.0,7.1,7.07,0,0,0,0,0,0,0,0,0,0,0,0
2025-12-16 01:00:00,SGN,25.1,0.0,100,1.8,37,1010.7,91,24140.0,0.98,-1.51,-0.4,-0.9,-0.9,0.0,0.0,0.0,6.7,6.5,0,0,0,0,0,0,0,0,0,0,0,0
2025-12-16 02:00:00,SGN,25.2,0.0,64,2.8,75,1010.2,87,24140.0,0.24,-2.79,0.1,-0.5,-1.1,0.0,0.0,0.0,4.3,3.99,0,0,0,0,0,0,0,0,0,0,0,0
2025-12-16 03:00:00,SGN,25.0,0.0,100,3.4,84,1009.8,88,24140.0,0.82,-3.3,-0.2,-0.5,-1.0,0.0,0.0,0.0,3.4,0.98,0,0,0,0,0,0,0,0,0,0,0,0
2025-12-16 04:00:00,SGN,24.6,0.0,100,4.0,21,1009.6,90,24140.0,3.02,-2.62,-0.4,-0.5,-1.1,0.0,0.0,0.0,4.0,3.02,0,0,0,0,0,0,0,0,0,0,0,0
2025-12-16 05:00:00,SGN,24.4,0.0,100,5.3,12,1009.7,93,24140.0,4.49,-2.81,-0.2,-0.8,-0.5,0.0,0.0,0.0,5.3,4.49,0,0,0,0,0,0,0,0,0,0,0,0
2025-12-16 06:00:00,SGN,23.9,0.0,100,5.8,9,1009.7,96,24140.0,5.07,-2.81,-0.5,-1.1,-0.1,0.0,0.0,0.0,5.8,5.07,0,0,0,0,0,0,0,0,0,0,0,0
2025-12-16 07:00:00,SGN,24.5,0.0,95,5.1,356,1010.2,93,24140.0,4.9,-1.41,0.6,-0.1,0.6,0.0,0.0,0.0,5.8,5.07,0,0,0,0,0,0,0,0,0,0,0,0
2025-12-16 08:00:00,SGN,26.5,0.0,73,4.2,12,1011.0,81,24140.0,3.56,-2.23,2.0,2.1,1.3,0.0,0.0,0.0,5.8,5.07,0,0,0,0,0,0,0,0,0,0,0,0
2025-12-16 09:00:00,SGN,28.5,0.0,70,4.0,27,1011.1,68,24140.0,2.73,-2.93,2.0,4.6,1.4,0.0,0.0,0.0,5.1,4.9,0,0,0,0,0,0,0,0,0,0,0,0
2025-12-16 10:00:00,SGN,30.3,0.0,65,2.7,20,1010.9,59,24140.0,2.07,-1.74,1.8,5.8,0.7,0.0,0.0,0.0,4.2,3.56,0,0,0,0,0,0,0,0,0,0,0,0
2025-12-16 11:00:00,SGN,31.9,0.0,76,1.9,41,1010.4,52,24140.0,0.92,-1.66,1.6,5.4,-0.6,0.0,0.0,0.0,4.0,2.73,0,0,0,0,0,0,0,0,0,0,0,0
2025-12-16 12:00:00,SGN,33.0,0.0,71,2.8,79,1009.4,46,24140.0,0.44,-2.77,1.1,4.5,-1.7,0.0,0.0,0.0,2.8,2.07,0,0,0,0,0,0,0,0,0,0,0,0
2025-12-16 13:00:00,SGN,33.2,0.0,66,2.2,90,1008.6,45,24140.0,0.75,-2.07,0.2,2.9,-2.3,0.0,0.0,0.0,2.8,0.92,0,0,0,0,0,0,0,0,0,0,0,0
2025-12-16 14:00:00,SGN,34.0,0.0,27,2.2,81,1007.9,42,24140.0,0.42,-2.16,0.8,2.1,-2.5,0.0,0.0,0.0,2.8,0.75,0,0,0,0,0,0,0,0,0,0,0,0
2025-12-16 15:00:00,SGN,33.8,0.0,16,2.8,72,1007.5,42,24140.0,0.1,-2.8,-0.2,0.8,-1.9,0.0,0.0,0.0,2.8,0.75,0,0,0,0,0,0,0,0,0,0,0,0
2025-12-16 16:00:00,SGN,32.2,0.1,52,5.6,163,1008.1,46,24140.0,5.59,0.29,-1.6,-1.0,-0.5,0.1,0.1,0.1,5.6,5.59,1,0,0,0,0,0,0,0,0,1,0,0
2025-12-16 17:00:00,SGN,29.9,0.2,64,2.4,216,1008.9,60,24140.0,1.34,1.99,-2.3,-4.1,1.0,0.2,0.3,0.3,5.6,5.59,1,0,0,0,0,0,0,0,0,1,0,0
2025-12-16 18:00:00,SGN,29.1,0.0,100,6.4,350,1009.5,60,24140.0,6.3,-1.11,-0.8,-4.7,2.0,0.0,0.3,0.3,6.4,6.3,0,0,0,0,0,0,0,0,0,0,0,0
2025-12-16 19:00:00,SGN,26.6,0.0,96,5.5,257,1010.5,78,18440.0,0.67,5.46,-2.5,-5.6,2.4,0.0,0.2,0.3,6.4,6.3,0,0,0,0,0,0,0,0,0,0,0,0
2025-12-16 20:00:00,SGN,26.5,0.0,99,1.7,288,1011.3,80,23240.0,1.05,1.34,-0.1,-3.4,2.4,0.0,0.0,0.3,6.4,6.3,0,0,0,0,0,0,0,0,0,0,0,0
2025-12-16 21:00:00,SGN,26.3,0.0,98,2.0,355,1011.3,81,24140.0,1.93,-0.52,-0.2,-2.8,1.8,0.0,0.0,0.3,5.5,1.93,0,0,0,0,0,0,0,0,0,0,0,0
2025-12-16 22:00:00,SGN,26.1,0.0,100,3.4,344,1010.9,83,24140.0,3.39,-0.24,-0.2,-0.5,0.4,0.0,0.0,0.2,3.4,3.39,0,0,0,0,0,0,0,0,0,0,0,0
2025-12-16 23:00:00,SGN,25.6,0.0,100,2.3,328,1010.8,86,24140.0,2.25,0.48,-0.5,-0.9,-0.5,0.0,0.0,0.0,3.4,3.39,0,0,0,0,0,0,0,0,0,0,0,0
2025-12-17 00:00:00,SGN,25.1,0.0,100,3.9,336,1010.5,89,24140.0,3.89,0.27,-0.5,-1.2,-0.8,0.0,0.0,0.0,3.9,3.89,0,0,0,0,0,0,0,0,0,0,0,0
2025-12-17 01:00:00,SGN,24.7,0.0,100,4.7,342,1010.0,93,24140.0,4.7,-0.16,-0.4,-1.4,-0.9,0.0,0.0,0.0,4.7,4.7,0,0,0,0,0,0,0,0,0,0,0,0
2025-12-17 02:00:00,SGN,24.6,0.0,99,4.1,358,1009.5,92,24140.0,3.9,-1.27,-0.1,-1.0,-1.3,0.0,0.0,0.0,4.7,4.7,0,0,0,0,0,0,0,0,0,0,0,0
2025-12-17 03:00:00,SGN,24.5,0.0,68,3.2,16,1009.3,91,24140.0,2.59,-1.88,-0.1,-0.6,-1.2,0.0,0.0,0.0,4.7,4.7,0,0,0,0,0,0,0,0,0,0,0,0
2025-12-17 04:00:00,SGN,24.1,0.0,2,3.4,360,1009.1,92,24140.0,3.19,-1.16,-0.4,-0.6,-0.9,0.0,0.0,0.0,4.1,3.9,0,0,0,0,0,0,0,0,0,0,0,0
2025-12-17 05:00:00,SGN,23.8,0.0,1,4.1,347,1009.2,94,24140.0,4.07,-0.5,-0.3,-0.8,-0.3,0.0,0.0,0.0,4.1,4.07,0,0,0,0,0,0,0,0,0,0,0,0
2025-12-17 06:00:00,SGN,23.5,0.0,7,3.5,332,1010.0,96,24140.0,3.47,0.49,-0.3,-1.0,0.7,0.0,0.0,0.0,4.1,4.07,0,0,0,0,0,0,0,0,0,0,0,0
2025-12-17 07:00:00,SGN,24.3,0.0,95,4.1,331,1011.1,93,24140.0,4.05,0.64,0.8,0.2,2.0,0.0,0.0,0.0,4.1,4.07,0,0,0,0,0,0,0,0,0,0,0,0
2025-12-17 08:00:00,SGN,26.1,0.0,59,2.5,356,1011.9,82,24140.0,2.4,-0.69,1.8,2.3,2.7,0.0,0.0,0.0,4.1,4.05,0,0,0,0,0,0,0,0,0,0,0,0
2025-12-17 09:00:00,SGN,28.4,0.0,94,1.4,130,1012.5,70,24140.0,1.21,-0.7,2.3,4.9,2.5,0.0,0.0,0.0,4.1,4.05,0,0,0,0,0,0,0,0,0,0,0,0
2025-12-17 10:00:00,SGN,30.4,0.0,95,2.3,151,1012.5,60,24140.0,2.27,-0.36,2.0,6.1,1.4,0.0,0.0,0.0,2.5,2.4,0,0,0,0,0,0,0,0,0,0,0,0
2025-12-17 11:00:00,SGN,31.9,0.0,100,1.8,90,1011.4,53,24140.0,0.62,-1.69,1.5,5.8,-0.5,0.0,0.0,0.0,2.3,2.27,0,0,0,0,0,0,0,0,0,0,0,0
2025-12-17 12:00:00,SGN,33.2,0.0,31,2.7,58,1010.0,46,24140.0,0.56,-2.64,1.3,4.8,-2.5,0.0,0.0,0.0,2.7,2.27,0,0,0,0,0,0,0,0,0,0,0,0
2025-12-17 13:00:00,SGN,33.4,0.0,99,4.4,58,1009.0,43,24140.0,0.91,-4.3,0.2,3.0,-3.5,0.0,0.0,0.0,4.4,0.91,0,0,0,0,0,0,0,0,0,0,0,0
2025-12-17 14:00:00,SGN,33.7,0.1,34,4.6,45,1008.0,41,24140.0,1.94,-4.17,0.3,1.8,-3.4,0.1,0.1,0.1,4.6,1.94,1,0,0,0,0,0,0,0,0,1,0,0
2025-12-17 15:00:00,SGN,33.5,0.2,27,5.8,34,1007.6,41,24140.0,3.41,-4.69,-0.2,0.3,-2.4,0.2,0.3,0.3,5.8,3.41,1,0,0,0,0,0,0,0,0,1,0,0
2025-12-17 16:00:00,SGN,31.4,0.1,64,9.1,97,1008.3,48,24140.0,4.13,-8.11,-2.1,-2.0,-0.7,0.1,0.4,0.4,9.1,4.13,1,0,0,0,0,0,0,0,0,1,0,0
2025-12-17 17:00:00,SGN,28.8,0.1,22,6.0,115,1008.6,67,24140.0,4.24,-4.24,-2.6,-4.9,0.6,0.1,0.4,0.5,9.1,4.24,1,0,0,0,0,0,0,0,0,1,0,0
2025-12-17 18:00:00,SGN,28.0,0.0,26,2.4,77,1009.7,71,7120.0,0.29,-2.38,-0.8,-5.5,2.1,0.0,0.2,0.5,9.1,4.24,0,0,0,0,0,0,0,0,0,0,0,0
2025-12-17 19:00:00,SGN,27.5,0.0,43,8.5,142,1010.1,83,24140.0,8.08,-2.63,-0.5,-3.9,1.8,0.0,0.1,0.5,8.5,8.08,0,0,0,0,0,0,0,0,0,0,0,0
2025-12-17 20:00:00,SGN,27.6,0.0,29,3.5,118,1011.0,78,23780.0,2.6,-2.34,0.1,-1.2,2.4,0.0,0.0,0.4,8.5,8.08,0,0,0,0,0,0,0,0,0,0,0,0
2025-12-17 21:00:00,SGN,27.5,0.0,10,2.7,148,1011.1,78,5900.0,2.64,-0.56,-0.1,-0.5,1.4,0.0,0.0,0.2,8.5,8.08,0,0,0,0,0,0,0,0,0,0,0,0
2025-12-17 22:00:00,SGN,26.7,0.2,37,4.8,34,1011.2,81,24140.0,2.82,-3.88,-0.8,-0.8,1.1,0.2,0.2,0.3,4.8,2.82,1,0,0,0,0,0,0,0,0,1,0,0
2025-12-17 23:00:00,SGN,25.9,0.0,46,3.7,43,1011.3,86,24140.0,1.68,-3.3,-0.8,-1.7,0.3,0.0,0.2,0.2,4.8,2.82,0,0,0,0,0,0,0,0,0,0,0,0
2025-12-18 00:00:00,SGN,25.3,0.1,77,6.0,61,1011.1,87,24140.0,0.94,-5.93,-0.6,-2.2,0.0,0.1,0.3,0.3,6.0,2.82,1,0,0,0,0,0,0,0,0,1,0,0
2025-12-18 01:00:00,SGN,24.8,0.1,33,0.8,243,1010.2,86,24140.0,0.1,0.79,-0.5,-1.9,-1.0,0.1,0.2,0.4,6.0,1.68,1,0,0,0,0,0,0,0,0,1,0,0
2025-12-18 02:00:00,SGN,24.4,0.0,94,7.7,258,1009.5,88,24140.0,1.07,7.63,-0.4,-1.5,-1.8,0.0,0.2,0.4,7.7,1.07,0,0,0,0,0,0,0,0,0,0,0,0
2025-12-18 03:00:00,SGN,24.2,0.0,98,2.6,295,1009.3,88,24140.0,1.84,1.84,-0.2,-1.1,-1.8,0.0,0.1,0.4,7.7,1.84,0,0,0,0,0,0,0,0,0,0,0,0
2025-12-18 04:00:00,SGN,24.1,0.0,98,4.0,342,1009.4,90,24140.0,4.0,-0.14,-0.1,-0.7,-0.8,0.0,0.0,0.2,7.7,4.0,0,0,0,0,0,0,0,0,0,0,0,0
2025-12-18 05:00:00,SGN,23.8,0.0,100,3.7,331,1009.5,92,24140.0,3.65,0.58,-0.3,-0.6,0.0,0.0,0.0,0.2,4.0,4.0,0,0,0,0,0,0,0,0,0,0,0,0
2025-12-18 06:00:00,SGN,23.5,0.0,99,5.0,305,1009.8,94,24140.0,4.1,2.87,-0.3,-0.7,0.5,0.0,0.0,0.1,5.0,4.1,0,0,0,0,0,0,0,0,0,0,0,0
2025-12-18 07:00:00,SGN,24.2,0.0,99,3.9,338,1010.5,91,24140.0,3.9,0.14,0.7,0.1,1.1,0.0,0.0,0.0,5.0,4.1,0,0,0,0,0,0,0,0,0,0,0,0
2025-12-18 08:00:00,SGN,25.9,0.0,100,4.4,353,1011.3,76,24140.0,4.29,-0.99,1.7,2.1,1.8,0.0,0.0,0.0,5.0,4.29,0,0,0,0,0,0,0,0,0,0,0,0
2025-12-18 09:00:00,SGN,27.6,0.0,100,3.8,357,1012.0,66,24140.0,3.63,-1.11,1.7,4.1,2.2,0.0,0.0,0.0,4.4,4.29,0,0,0,0,0,0,0,0,0,0,0,0
2025-12-18 10:00:00,SGN,29.2,0.0,76,2.7,360,1011.8,60,24140.0,2.54,-0.92,1.6,5.0,1.3,0.0,0.0,0.0,4.4,4.29,0,0,0,0,0,0,0,0,0,0,0,0
2025-12-18 11:00:00,SGN,30.9,0.0,86,2.2,14,1011.1,55,24140.0,1.82,-1.23,1.7,5.0,-0.2,0.0,0.0,0.0,3.8,3.63,0,0,0,0,0,0,0,0,0,0,0,0
2025-12-18 12:00:00,SGN,32.1,0.0,41,2.5,21,1009.9,49,24140.0,1.89,-1.64,1.2,4.5,-2.1,0.0,0.0,0.0,2.7,2.54,0,0,0,0,0,0,0,0,0,0,0,0
2025-12-18 13:00:00,SGN,32.2,0.0,47,3.3,9,1009.0,46,24140.0,2.89,-1.6,0.1,3.0,-2.8,0.0,0.0,0.0,3.3,2.89,0,0,0,0,0,0,0,0,0,0,0,0
2025-12-18 14:00:00,SGN,32.7,0.0,84,4.8,335,1008.0,45,24140.0,4.78,0.42,0.5,1.8,-3.1,0.0,0.0,0.0,4.8,4.78,0,0,0,0,0,0,0,0,0,0,0,0
2025-12-18 15:00:00,SGN,32.2,0.0,98,5.9,333,1007.4,46,24140.0,5.86,0.72,-0.5,0.1,-2.5,0.0,0.0,0.0,5.9,5.86,0,0,0,0,0,0,0,0,0,0,0,0
2025-12-18 16:00:00,SGN,31.6,0.0,93,7.1,333,1007.5,50,24140.0,7.05,0.87,-0.6,-0.6,-1.5,0.0,0.0,0.0,7.1,7.05,0,0,0,0,0,0,0,0,0,0,0,0
2025-12-18 17:00:00,SGN,31.0,0.0,100,7.3,330,1007.5,52,24140.0,7.19,1.27,-0.6,-1.7,-0.5,0.0,0.0,0.0,7.3,7.19,0,0,0,0,0,0,0,0,0,0,0,0
2025-12-18 18:00:00,SGN,30.2,0.0,100,6.6,334,1008.3,56,24140.0,6.56,0.69,-0.8,-2.0,0.9,0.0,0.0,0.0,7.3,7.19,0,0,0,0,0,0,0,0,0,0,0,0
2025-12-18 19:00:00,SGN,29.5,0.0,100,7.4,193,1009.0,61,24140.0,6.21,4.03,-0.7,-2.1,1.5,0.0,0.0,0.0,7.4,7.19,0,0,0,0,0,0,0,0,0,0,0,0
2025-12-18 20:00:00,SGN,27.7,0.2,100,4.6,72,1010.5,71,19340.0,0.16,-4.6,-1.8,-3.3,3.0,0.2,0.2,0.2,7.4,6.56,1,0,0,0,0,0,0,0,1,1,0,1
2025-12-18 21:00:00,SGN,27.2,0.1,81,3.2,218,1010.6,74,24140.0,1.7,2.71,-0.5,-3.0,2.3,0.1,0.3,0.3,7.4,6.21,1,0,0,0,0,0,0,0,1,1,0,1
2025-12-18 22:00:00,SGN,26.7,0.0,98,5.7,204,1010.2,78,24140.0,4.1,3.96,-0.5,-2.8,1.2,0.0,0.3,0.3,5.7,4.1,0,0,0,0,0,0,0,0,0,0,0,0
2025-12-18 23:00:00,SGN,26.4,0.0,70,4.0,201,1009.7,80,24140.0,3.02,2.62,-0.3,-1.3,-0.8,0.0,0.1,0.3,5.7,4.1,0,0,0,0,0,0,0,0,0,0,0,0
2025-12-19 00:00:00,SGN,26.0,0.0,30,2.3,238,1009.3,84,24140.0,0.48,2.25,-0.4,-1.2,-1.3,0.0,0.0,0.3,5.7,4.1,0,0,0,0,0,0,0,0,0,0,0,0
2025-12-19 01:00:00,SGN,25.1,0.0,100,4.7,317,1008.9,88,24140.0,4.33,1.84,-0.9,-1.6,-1.3,0.0,0.0,0.3,4.7,4.33,0,0,0,0,0,0,0,0,0,0,0,0
2025-12-19 02:00:00,SGN,24.5,0.0,100,3.9,323,1008.3,91,24140.0,3.73,1.14,-0.6,-1.9,-1.4,0.0,0.0,0.1,4.7,4.33,0,0,0,0,0,0,0,0,0,0,0,0
2025-12-19 03:00:00,SGN,24.1,0.0,50,4.8,347,1007.9,93,24140.0,4.76,-0.58,-0.4,-1.9,-1.4,0.0,0.0,0.0,4.8,4.76,0,0,0,0,0,0,0,0,0,0,0,0
2025-12-19 04:00:00,SGN,23.8,0.0,38,7.2,356,1007.7,94,24140.0,6.92,-1.98,-0.3,-1.3,-1.2,0.0,0.0,0.0,7.2,6.92,0,0,0,0,0,0,0,0,0,0,0,0
2025-12-19 05:00:00,SGN,23.4,0.0,91,8.5,360,1008.1,88,24140.0,7.99,-2.91,-0.4,-1.1,-0.2,0.0,0.0,0.0,8.5,7.99,0,0,0,0,0,0,0,0,0,0,0,0
2025-12-19 06:00:00,SGN,23.1,0.0,91,7.9,3,1008.4,82,24140.0,7.27,-3.09,-0.3,-1.0,0.5,0.0,0.0,0.0,8.5,7.99,0,0,0,0,0,0,0,0,0,0,0,0
2025-12-19 07:00:00,SGN,24.4,0.0,72,4.6,39,1008.8,75,24140.0,2.37,-3.94,1.3,0.6,1.1,0.0,0.0,0.0,8.5,7.99,0,0,0,0,0,0,0,0,0,0,0,0
2025-12-19 08:00:00,SGN,26.4,0.0,91,3.1,31,1009.7,66,24140.0,1.95,-2.41,2.0,3.0,1.6,0.0,0.0,0.0,7.9,7.27,0,0,0,0,0,0,0,0,0,0,0,0
2025-12-19 09:00:00,SGN,28.6,0.0,39,2.3,18,1010.0,59,24140.0,1.81,-1.42,2.2,5.5,1.6,0.0,0.0,0.0,4.6,2.37,0,0,0,0,0,0,0,0,0,0,0,0
2025-12-19 10:00:00,SGN,30.8,0.0,13,0.3,315,1009.9,53,24140.0,0.27,0.13,2.2,6.4,1.1,0.0,0.0,0.0,3.1,1.95,0,0,0,0,0,0,0,0,0,0,0,0
2025-12-19 11:00:00,SGN,32.2,0.0,64,2.7,238,1009.8,48,24140.0,0.56,2.64,1.4,5.8,0.1,0.0,0.0,0.0,2.7,1.81,0,0,0,0,0,0,0,0,0,0,0,0
2025-12-19 12:00:00,SGN,33.3,0.0,98,3.1,270,1008.6,45,24140.0,1.06,2.91,1.1,4.7,-1.4,0.0,0.0,0.0,3.1,1.06,0,0,0,0,0,0,0,0,0,0,0,0
2025-12-19 13:00:00,SGN,32.5,0.0,95,1.9,241,1007.5,43,24140.0,0.3,1.88,-0.8,1.7,-2.4,0.0,0.0,0.0,3.1,1.06,0,0,0,0,0,0,0,0,0,0,0,0
2025-12-19 14:00:00,SGN,33.7,0.1,100,3.9,242,1006.2,41,24140.0,0.54,3.86,1.2,1.5,-3.6,0.1,0.1,0.1,3.9,1.06,1,0,0,0,0,0,0,0,1,1,0,1
2025-12-19 15:00:00,SGN,33.5,0.1,98,2.2,261,1006.0,40,24140.0,0.42,2.16,-0.2,0.2,-2.6,0.1,0.2,0.2,3.9,0.54,1,0,0,0,0,0,0,0,1,1,0,1
2025-12-19 16:00:00,SGN,32.8,0.0,99,2.6,309,1006.0,43,24140.0,2.23,1.34,-0.7,0.3,-1.5,0.0,0.2,0.2,3.9,2.23,0,0,0,0,0,0,0,0,0,0,0,0
2025-12-19 17:00:00,SGN,31.1,0.0,92,5.0,145,1006.5,48,24140.0,4.83,-1.29,-1.7,-2.6,0.3,0.0,0.1,0.2,5.0,4.83,0,0,0,0,0,0,0,0,0,0,0,0
2025-12-19 18:00:00,SGN,28.6,0.1,91,10.1,145,1007.3,69,24140.0,9.76,-2.61,-2.5,-4.9,1.3,0.1,0.1,0.3,10.1,9.76,1,0,0,0,0,0,0,0,1,1,0,1
2025-12-19 19:00:00,SGN,28.5,0.0,98,9.0,164,1008.0,73,24140.0,8.98,0.63,-0.1,-4.3,2.0,0.0,0.1,0.3,10.1,9.76,0,0,0,0,0,0,0,0,0,0,0,0
2025-12-19 20:00:00,SGN,27.6,0.0,100,7.3,171,1008.5,77,24140.0,7.17,1.39,-0.9,-3.5,2.0,0.0,0.1,0.2,10.1,9.76,0,0,0,0,0,0,0,0,0,0,0,0
2025-12-19 21:00:00,SGN,27.0,0.0,98,5.4,186,1008.7,80,24140.0,4.85,2.37,-0.6,-1.6,1.4,0.0,0.0,0.1,9.0,8.98,0,0,0,0,0,0,0,0,0,0,0,0
2025-12-19 22:00:00,SGN,26.8,0.0,100,4.2,192,1008.6,82,24140.0,3.56,2.23,-0.2,-1.7,0.6,0.0,0.0,0.1,7.3,7.17,0,0,0,0,0,0,0,0,0,0,0,0
2025-12-19 23:00:00,SGN,26.2,0.0,99,2.8,285,1008.5,85,24140.0,1.61,2.29,-0.6,-1.4,0.0,0.0,0.0,0.1,5.4,4.85,0,0,0,0,0,0,0,0,0,0,0,0
2025-12-20 00:00:00,SGN,25.7,0.0,79,4.0,252,1008.5,88,24140.0,0.14,4.0,-0.5,-1.3,-0.2,0.0,0.0,0.0,4.2,3.56,0,0,0,0,0,0,0,0,0,0,0,0
2025-12-20 01:00:00,SGN,25.2,0.0,94,5.8,236,1008.0,92,24140.0,1.4,5.63,-0.5,-1.6,-0.6,0.0,0.0,0.0,5.8,1.61,0,0,0,0,0,0,0,0,0,0,0,0
2025-12-20 02:00:00,SGN,25.0,0.0,77,4.8,241,1007.6,93,24140.0,0.75,4.74,-0.2,-1.2,-0.9,0.0,0.0,0.0,5.8,1.4,0,0,0,0,0,0,0,0,0,0,0,0
2025-12-20 03:00:00,SGN,24.6,0.0,38,3.1,263,1007.2,94,24140.0,0.7,3.02,-0.4,-1.1,-1.3,0.0,0.0,0.0,5.8,1.4,0,0,0,0,0,0,0,0,0,0,0,0
2025-12-20 04:00:00,SGN,24.2,0.0,81,3.5,309,1007.4,96,24140.0,3.0,1.8,-0.4,-1.0,-0.6,0.0,0.0,0.0,4.8,3.0,0,0,0,0,0,0,0,0,0,0,0,0
2025-12-20 05:00:00,SGN,23.9,0.0,95,3.9,292,1007.8,97,24140.0,2.61,2.9,-0.3,-1.1,0.2,0.0,0.0,0.0,3.9,3.0,0,0,0,0,0,0,0,0,0,0,0,0
2025-12-20 06:00:00,SGN,23.7,0.0,98,4.7,268,1008.3,98,24140.0,1.45,4.47,-0.2,-0.9,1.1,0.0,0.0,0.0,4.7,3.0,0,0,0,0,0,0,0,0,0,0,0,0
2025-12-20 07:00:00,SGN,24.4,0.0,77,5.3,280,1008.9,94,24140.0,2.65,4.59,0.7,0.2,1.5,0.0,0.0,0.0,5.3,2.65,0,0,0,0,0,0,0,0,0,0,0,0
2025-12-20 08:00:00,SGN,26.5,0.0,97,5.3,294,1009.8,80,24140.0,3.68,3.81,2.1,2.6,2.0,0.0,0.0,0.0,5.3,3.68,0,0,0,0,0,0,0,0,0,0,0,0
2025-12-20 09:00:00,SGN,28.4,0.0,100,5.8,296,1010.0,70,24140.0,4.17,4.03,1.9,4.7,1.7,0.0,0.0,0.0,5.8,4.17,0,0,0,0,0,0,0,0,0,0,0,0
2025-12-20 10:00:00,SGN,30.1,0.1,98,5.2,314,1009.5,62,24140.0,4.67,2.28,1.7,5.7,0.6,0.1,0.1,0.1,5.8,4.67,1,0,0,0,0,0,0,0,1,1,0,1
2025-12-20 11:00:00,SGN,31.4,0.1,99,5.2,338,1009.0,55,24140.0,5.2,0.18,1.3,4.9,-0.8,0.1,0.2,0.2,5.8,5.2,1,0,0,0,0,0,0,0,1,1,0,1
2025-12-20 12:00:00,SGN,32.5,0.1,100,5.8,340,1007.9,50,24140.0,5.8,0.0,1.1,4.1,-2.1,0.1,0.3,0.3,5.8,5.8,1,0,0,0,0,0,0,0,1,1,0,1
2025-12-20 13:00:00,SGN,32.8,0.1,100,6.7,344,1006.8,49,24140.0,6.68,-0.47,0.3,2.7,-2.7,0.1,0.3,0.4,6.7,6.68,1,0,0,0,0,0,0,0,1,1,0,1
2025-12-20 14:00:00,SGN,33.2,0.0,100,5.6,354,1005.8,47,24140.0,5.43,-1.35,0.4,1.8,-3.2,0.0,0.2,0.4,6.7,6.68,0,0,0,0,0,0,0,0,0,0,0,0
2025-12-20 15:00:00,SGN,33.4,0.0,100,6.3,13,1005.3,45,9420.0,5.28,-3.43,0.2,0.9,-2.6,0.0,0.1,0.4,6.7,6.68,0,0,0,0,0,0,0,0,0,0,0,0
2025-12-20 16:00:00,SGN,32.5,0.0,100,9.0,23,1005.3,47,24140.0,6.58,-6.14,-0.9,-0.3,-1.5,0.0,0.0,0.3,9.0,6.58,0,0,0,0,0,0,0,0,0,0,0,0
2025-12-20 17:00:00,SGN,31.8,0.0,100,7.8,34,1005.9,49,24140.0,4.58,-6.31,-0.7,-1.4,0.1,0.0,0.0,0.2,9.0,6.58,0,0,0,0,0,0,0,0,0,0,0,0
2025-12-20 18:00:00,SGN,30.2,0.0,100,7.5,145,1006.8,56,24140.0,7.24,-1.94,-1.6,-3.2,1.5,0.0,0.0,0.1,9.0,7.24,0,0,0,0,0,0,0,0,0,0,0,0
2025-12-20 19:00:00,SGN,28.9,0.0,100,10.3,153,1007.2,71,24140.0,10.22,-1.26,-1.3,-3.6,1.9,0.0,0.0,0.0,10.3,10.22,0,0,0,0,0,0,0,0,0,0,0,0
2025-12-20 20:00:00,SGN,27.8,0.0,100,6.9,163,1008.4,81,24140.0,6.89,0.36,-1.1,-4.0,2.5,0.0,0.0,0.0,10.3,10.22,0,0,0,0,0,0,0,0,0,0,0,0
2025-12-20 21:00:00,SGN,27.0,0.0,100,8.5,167,1008.6,86,24140.0,8.44,1.04,-0.8,-3.2,1.8,0.0,0.0,0.0,10.3,10.22,0,0,0,0,0,0,0,0,0,0,0,0
2025-12-20 22:00:00,SGN,26.5,0.0,100,4.6,169,1008.6,88,24140.0,4.54,0.72,-0.5,-2.4,1.4,0.0,0.0,0.0,8.5,8.44,0,0,0,0,0,0,0,0,0,0,0,0
2025-12-20 23:00:00,SGN,26.4,0.0,100,4.0,153,1008.6,89,24140.0,3.97,-0.49,-0.1,-1.4,0.2,0.0,0.0,0.0,8.5,8.44,0,0,0,0,0,0,0,0,0,0,0,0
2025-12-21 00:00:00,SGN,26.1,0.0,100,2.1,211,1009.0,90,24140.0,1.32,1.63,-0.3,-0.9,0.4,0.0,0.0,0.0,4.6,4.54,0,0,0,0,0,0,0,0,0,0,0,0
2025-12-21 01:00:00,SGN,25.3,0.0,99,5.8,275,1008.6,93,24140.0,2.45,5.26,-0.8,-1.2,0.0,0.0,0.0,0.0,5.8,3.97,0,0,0,0,0,0,0,0,0,0,0,0
2025-12-21 02:00:00,SGN,24.8,0.0,99,5.6,292,1008.1,95,24140.0,3.75,4.16,-0.5,-1.6,-0.5,0.0,0.0,0.0,5.8,3.75,0,0,0,0,0,0,0,0,0,0,0,0
2025-12-21 03:00:00,SGN,24.3,0.0,99,6.1,294,1007.6,96,24140.0,4.24,4.39,-0.5,-1.8,-1.4,0.0,0.0,0.0,6.1,4.24,0,0,0,0,0,0,0,0,0,0,0,0
2025-12-21 04:00:00,SGN,23.9,0.0,9,5.9,297,1007.4,97,24140.0,4.31,4.02,-0.4,-1.4,-1.2,0.0,0.0,0.0,6.1,4.31,0,0,0,0,0,0,0,0,0,0,0,0
2025-12-21 05:00:00,SGN,23.8,0.0,5,5.6,318,1007.4,95,24140.0,5.19,2.1,-0.1,-1.0,-0.7,0.0,0.0,0.0,6.1,5.19,0,0,0,0,0,0,0,0,0,0,0,0
2025-12-21 06:00:00,SGN,23.9,0.0,0,5.1,342,1008.0,87,24140.0,5.1,-0.18,0.1,-0.4,0.4,0.0,0.0,0.0,5.9,5.19,0,0,0,0,0,0,0,0,0,0,0,0
2025-12-21 07:00:00,SGN,24.7,0.0,97,4.8,331,1009.2,86,24140.0,4.74,0.75,0.8,0.8,1.8,0.0,0.0,0.0,5.6,5.19,0,0,0,0,0,0,0,0,0,0,0,0
2025-12-21 08:00:00,SGN,27.0,0.0,79,5.3,10,1009.9,68,24140.0,4.59,-2.65,2.3,3.2,2.5,0.0,0.0,0.0,5.3,5.1,0,0,0,0,0,0,0,0,0,0,0,0
2025-12-21 09:00:00,SGN,29.0,0.0,91,5.7,24,1010.1,60,24140.0,4.1,-3.96,2.0,5.1,2.1,0.0,0.0,0.0,5.7,4.74,0,0,0,0,0,0,0,0,0,0,0,0
2025-12-21 10:00:00,SGN,30.9,0.0,89,2.9,22,1009.8,54,24140.0,2.16,-1.94,1.9,6.2,0.6,0.0,0.0,0.0,5.7,4.59,0,0,0,0,0,0,0,0,0,0,0,0
2025-12-21 11:00:00,SGN,32.5,0.0,93,1.7,77,1009.2,49,24140.0,0.21,-1.69,1.6,5.5,-0.7,0.0,0.0,0.0,5.7,4.1,0,0,0,0,0,0,0,0,0,0,0,0
2025-12-21 12:00:00,SGN,33.8,0.0,93,1.5,126,1008.1,45,24140.0,1.24,-0.84,1.3,4.8,-2.0,0.0,0.0,0.0,2.9,2.16,0,0,0,0,0,0,0,0,0,0,0,0
2025-12-21 13:00:00,SGN,33.5,0.0,70,2.4,189,1007.4,43,24140.0,2.1,1.16,-0.3,2.6,-2.4,0.0,0.0,0.0,2.4,2.1,0,0,0,0,0,0,0,0,0,0,0,0
2025-12-21 14:00:00,SGN,34.5,0.0,64,1.8,191,1006.4,40,24140.0,1.54,0.93,1.0,2.0,-2.8,0.0,0.0,0.0,2.4,2.1,0,0,0,0,0,0,0,0,0,0,0,0
2025-12-21 15:00:00,SGN,34.2,0.0,54,1.8,270,1005.8,41,11360.0,0.62,1.69,-0.3,0.4,-2.3,0.0,0.0,0.0,2.4,2.1,0,0,0,0,0,0,0,0,0,0,0,0
2025-12-21 16:00:00,SGN,32.1,0.1,80,8.5,118,1006.5,47,24140.0,6.32,-5.69,-2.1,-1.4,-0.9,0.1,0.1,0.1,8.5,6.32,1,0,0,0,0,0,0,0,0,1,0,0
2025-12-21 17:00:00,SGN,29.3,0.1,96,7.3,132,1007.0,66,24140.0,6.45,-3.43,-2.8,-5.2,0.6,0.1,0.2,0.2,8.5,6.45,1,0,0,0,0,0,0,0,1,1,0,1
2025-12-21 18:00:00,SGN,28.6,0.0,99,6.0,115,1007.4,69,24140.0,4.24,-4.24,-0.7,-5.6,1.6,0.0,0.2,0.2,8.5,6.45,0,0,0,0,0,0,0,0,0,0,0,0
2025-12-21 19:00:00,SGN,28.8,0.0,88,6.0,164,1008.1,67,6500.0,5.99,0.42,0.2,-3.3,1.6,0.0,0.1,0.2,7.3,6.45,0,0,0,0,0,0,0,0,0,0,0,0
2025-12-21 20:00:00,SGN,28.4,0.0,98,4.6,257,1008.9,70,23820.0,0.56,4.57,-0.4,-0.9,1.9,0.0,0.0,0.2,6.0,5.99,0,0,0,0,0,0,0,0,0,0,0,0
2025-12-21 21:00:00,SGN,27.4,0.0,99,6.2,229,1009.0,77,24140.0,2.22,5.79,-1.0,-1.2,1.6,0.0,0.0,0.2,6.2,5.99,0,0,0,0,0,0,0,0,0,0,0,0
2025-12-21 22:00:00,SGN,26.7,0.0,97,6.1,247,1008.9,82,24140.0,0.32,6.09,-0.7,-2.1,0.8,0.0,0.0,0.1,6.2,2.22,0,0,0,0,0,0,0,0,0,0,0,0
2025-12-21 23:00:00,SGN,26.2,0.0,100,6.3,265,1009.2,84,24140.0,1.63,6.09,-0.5,-2.2,0.3,0.0,0.0,0.0,6.3,2.22,0,0,0,0,0,0,0,0,0,0,0,0
2025-12-22 00:00:00,SGN,26.0,0.0,100,6.3,252,1009.1,85,24140.0,0.22,6.3,-0.2,-1.4,0.1,0.0,0.0,0.0,6.3,1.63,0,0,0,0,0,0,0,0,0,0,0,0
2025-12-22 01:00:00,SGN,26.0,0.0,92,6.6,253,1008.7,88,24140.0,0.35,6.59,0.0,-0.7,-0.2,0.0,0.0,0.0,6.6,1.63,0,0,0,0,0,0,0,0,0,0,0,0
2025-12-22 02:00:00,SGN,25.8,0.0,95,6.6,248,1008.4,86,24140.0,0.23,6.6,-0.2,-0.4,-0.8,0.0,0.0,0.0,6.6,0.35,0,0,0,0,0,0,0,0,0,0,0,0
2025-12-22 03:00:00,SGN,25.4,0.0,99,5.8,261,1007.9,87,24140.0,1.11,5.69,-0.4,-0.6,-1.2,0.0,0.0,0.0,6.6,1.11,0,0,0,0,0,0,0,0,0,0,0,0
2025-12-22 04:00:00,SGN,24.9,0.0,98,6.3,250,1008.2,88,24140.0,0.0,6.3,-0.5,-1.1,-0.5,0.0,0.0,0.0,6.6,1.11,0,0,0,0,0,0,0,0,0,0,0,0
2025-12-22 05:00:00,SGN,24.5,0.0,99,5.7,257,1008.5,89,24140.0,0.69,5.66,-0.4,-1.3,0.1,0.0,0.0,0.0,6.3,1.11,0,0,0,0,0,0,0,0,0,0,0,0
2025-12-22 06:00:00,SGN,24.2,0.0,99,4.9,274,1008.8,90,24140.0,1.99,4.48,-0.3,-1.2,0.9,0.0,0.0,0.0,6.3,1.99,0,0,0,0,0,0,0,0,0,0,0,0
2025-12-22 07:00:00,SGN,24.9,0.0,98,2.4,312,1009.4,91,24140.0,2.12,1.13,0.7,0.0,1.2,0.0,0.0,0.0,5.7,2.12,0,0,0,0,0,0,0,0,0,0,0,0
2025-12-22 08:00:00,SGN,27.0,0.0,99,2.2,346,1010.3,78,24140.0,2.19,-0.23,2.1,2.5,1.8,0.0,0.0,0.0,4.9,2.19,0,0,0,0,0,0,0,0,0,0,0,0
2025-12-22 09:00:00,SGN,29.3,0.0,96,3.8,11,1010.5,65,24140.0,3.26,-1.96,2.3,5.1,1.7,0.0,0.0,0.0,3.8,3.26,0,0,0,0,0,0,0,0,0,0,0,0
2025-12-22 10:00:00,SGN,31.2,0.0,100,3.8,17,1010.1,56,24140.0,3.03,-2.29,1.9,6.3,0.7,0.0,0.0,0.0,3.8,3.26,0,0,0,0,0,0,0,0,0,0,0,0
2025-12-22 11:00:00,SGN,32.5,0.0,99,5.4,21,1009.4,50,24140.0,4.08,-3.54,1.3,5.5,-0.9,0.0,0.0,0.0,5.4,4.08,0,0,0,0,0,0,0,0,0,0,0,0
2025-12-22 12:00:00,SGN,33.5,0.0,100,7.5,15,1007.9,46,24140.0,6.14,-4.3,1.0,4.2,-2.6,0.0,0.0,0.0,7.5,6.14,0,0,0,0,0,0,0,0,0,0,0,0
2025-12-22 13:00:00,SGN,33.2,0.1,95,7.8,15,1007.2,47,24140.0,6.39,-4.47,-0.3,2.0,-2.9,0.1,0.1,0.1,7.8,6.39,1,0,0,0,0,0,0,0,1,1,0,1
2025-12-22 14:00:00,SGN,33.8,0.2,100,6.2,348,1006.0,45,24140.0,6.14,-0.86,0.6,1.3,-3.4,0.2,0.3,0.3,7.8,6.39,1,0,0,0,0,0,0,0,1,1,0,1
2025-12-22 15:00:00,SGN,33.9,0.1,93,5.4,334,1005.3,43,24140.0,5.37,0.56,0.1,0.4,-2.6,0.1,0.4,0.4,7.8,6.39,1,0,0,0,0,0,0,0,1,1,0,1
2025-12-22 16:00:00,SGN,33.3,0.0,84,4.3,343,1005.2,44,24140.0,4.29,-0.23,-0.6,0.1,-2.0,0.0,0.3,0.4,6.2,6.14,0,0,0,0,0,0,0,0,0,0,0,0
2025-12-22 17:00:00,SGN,32.7,0.0,83,4.2,36,1006.0,45,24140.0,2.35,-3.48,-0.6,-1.1,0.0,0.0,0.1,0.4,5.4,5.37,0,0,0,0,0,0,0,0,0,0,0,0
2025-12-22 18:00:00,SGN,29.5,0.5,64,11.3,141,1006.9,64,24140.0,10.68,-3.68,-3.2,-4.4,1.6,0.5,0.5,0.9,11.3,10.68,1,0,0,0,0,0,0,0,0,1,0,0
2025-12-22 19:00:00,SGN,27.5,0.1,96,4.5,178,1007.7,79,24140.0,4.28,1.39,-2.0,-5.8,2.5,0.1,0.6,0.9,11.3,10.68,1,0,0,0,0,0,0,0,1,1,0,1
2025-12-22 20:00:00,SGN,27.4,0.0,96,7.0,183,1008.2,79,24140.0,6.44,2.74,-0.1,-5.3,2.2,0.0,0.6,0.7,11.3,10.68,0,0,0,0,0,0,0,0,0,0,0,0
2025-12-22 21:00:00,SGN,26.9,0.0,76,6.5,193,1008.3,81,24140.0,5.45,3.54,-0.5,-2.6,1.4,0.0,0.1,0.6,7.0,6.44,0,0,0,0,0,0,0,0,0,0,0,0
2025-12-22 22:00:00,SGN,26.4,0.0,95,5.0,224,1008.2,83,24140.0,2.19,4.49,-0.5,-1.1,0.5,0.0,0.0,0.6,7.0,6.44,0,0,0,0,0,0,0,0,0,0,0,0
2025-12-22 23:00:00,SGN,26.0,0.0,99,3.7,256,1008.0,86,24140.0,0.39,3.68,-0.4,-1.4,-0.2,0.0,0.0,0.6,6.5,5.45,0,0,0,0,0,0,0,0,0,0,0,0
2025-12-23 00:00:00,SGN,25.6,0.0,100,4.5,277,1008.2,88,24140.0,2.04,4.01,-0.4,-1.3,-0.1,0.0,0.0,0.1,5.0,2.19,0,0,0,0,0,0,0,0,0,0,0,0
2025-12-23 01:00:00,SGN,25.6,0.0,100,6.4,292,1007.8,90,24140.0,4.28,4.76,0.0,-0.8,-0.4,0.0,0.0,0.0,6.4,4.28,0,0,0,0,0,0,0,0,0,0,0,0
2025-12-23 02:00:00,SGN,25.5,0.0,100,6.3,268,1007.2,91,24140.0,1.95,5.99,-0.1,-0.5,-0.8,0.0,0.0,0.0,6.4,4.28,0,0,0,0,0,0,0,0,0,0,0,0
2025-12-23 03:00:00,SGN,25.1,0.0,100,6.4,278,1006.9,93,24140.0,3.0,5.65,-0.4,-0.5,-1.3,0.0,0.0,0.0,6.4,4.28,0,0,0,0,0,0,0,0,0,0,0,0
2025-12-23 04:00:00,SGN,24.9,0.0,100,6.2,300,1007.0,94,24140.0,4.75,3.99,-0.2,-0.7,-0.8,0.0,0.0,0.0,6.4,4.75,0,0,0,0,0,0,0,0,0,0,0,0
2025-12-23 05:00:00,SGN,24.8,0.0,99,7.0,314,1007.4,94,24140.0,6.29,3.07,-0.1,-0.7,0.2,0.0,0.0,0.0,7.0,6.29,0,0,0,0,0,0,0,0,0,0,0,0
2025-12-23 06:00:00,SGN,24.7,0.0,98,6.4,299,1008.0,94,24140.0,4.83,4.2,-0.1,-0.4,1.1,0.0,0.0,0.0,7.0,6.29,0,0,0,0,0,0,0,0,0,0,0,0
2025-12-23 07:00:00,SGN,24.8,0.0,98,4.6,306,1008.8,94,24140.0,3.81,2.57,0.1,-0.1,1.8,0.0,0.0,0.0,7.0,6.29,0,0,0,0,0,0,0,0,0,0,0,0
2025-12-23 08:00:00,SGN,26.6,0.0,100,4.9,321,1009.6,78,24140.0,4.63,1.6,1.8,1.8,2.2,0.0,0.0,0.0,6.4,4.83,0,0,0,0,0,0,0,0,0,0,0,0
2025-12-23 09:00:00,SGN,28.5,0.0,98,4.5,313,1009.9,65,24140.0,4.01,2.04,1.9,3.8,1.9,0.0,0.0,0.0,4.9,4.63,0,0,0,0,0,0,0,0,0,0,0,0
2025-12-23 10:00:00,SGN,30.4,0.0,100,4.6,288,1009.8,58,24140.0,2.83,3.62,1.9,5.6,1.0,0.0,0.0,0.0,4.9,4.63,0,0,0,0,0,0,0,0,0,0,0,0
2025-12-23 11:00:00,SGN,31.9,0.0,99,4.5,284,1009.2,53,24140.0,2.52,3.73,1.5,5.3,-0.4,0.0,0.0,0.0,4.6,4.01,0,0,0,0,0,0,0,0,0,0,0,0
2025-12-23 12:00:00,SGN,32.9,0.0,94,2.6,286,1008.3,48,24140.0,1.53,2.1,1.0,4.4,-1.6,0.0,0.0,0.0,4.6,2.83,0,0,0,0,0,0,0,0,0,0,0,0
2025-12-23 13:00:00,SGN,32.7,0.1,96,1.3,286,1007.2,46,24140.0,0.76,1.05,-0.2,2.3,-2.6,0.1,0.1,0.1,4.5,2.52,1,0,0,0,0,0,0,0,1,1,0,1
2025-12-23 14:00:00,SGN,33.2,0.1,52,4.6,281,1006.3,45,24140.0,2.37,3.94,0.5,1.3,-2.9,0.1,0.2,0.2,4.6,2.37,1,0,0,0,0,0,0,0,0,1,0,0
2025-12-23 15:00:00,SGN,33.2,0.2,40,5.9,315,1006.0,44,24140.0,5.35,2.49,0.0,0.3,-2.3,0.2,0.4,0.4,5.9,5.35,1,0,0,0,0,0,0,0,0,1,0,0
2025-12-23 16:00:00,SGN,31.5,0.3,98,5.6,155,1006.3,48,13620.0,5.58,-0.49,-1.7,-1.2,-0.9,0.3,0.6,0.7,5.9,5.58,1,0,0,0,0,0,0,0,1,1,0,1
2025-12-23 17:00:00,SGN,27.1,0.1,100,9.0,178,1007.2,75,24140.0,8.56,2.78,-4.4,-6.1,0.9,0.1,0.6,0.8,9.0,8.56,1,0,0,0,0,0,0,0,1,1,0,1
2025-12-23 18:00:00,SGN,27.2,0.0,79,3.3,151,1007.6,75,24140.0,3.26,-0.52,0.1,-6.0,1.6,0.0,0.4,0.8,9.0,8.56,0,0,0,0,0,0,0,0,0,0,0,0
2025-12-23 19:00:00,SGN,27.4,0.0,80,7.6,165,1008.3,79,24140.0,7.57,0.66,0.2,-4.1,2.0,0.0,0.1,0.7,9.0,8.56,0,0,0,0,0,0,0,0,0,0,0,0
2025-12-23 20:00:00,SGN,27.2,0.0,77,6.9,174,1008.8,81,24140.0,6.7,1.67,-0.2,0.1,1.6,0.0,0.0,0.6,7.6,7.57,0,0,0,0,0,0,0,0,0,0,0,0
2025-12-23 21:00:00,SGN,26.9,0.0,100,7.4,194,1008.8,83,24140.0,6.13,4.14,-0.3,-0.3,1.2,0.0,0.0,0.4,7.6,7.57,0,0,0,0,0,0,0,0,0,0,0,0
2025-12-23 22:00:00,SGN,26.6,0.0,100,4.0,210,1008.4,83,12680.0,2.57,3.06,-0.3,-0.8,0.1,0.0,0.0,0.1,7.4,6.7,0,0,0,0,0,0,0,0,0,0,0,0
2025-12-23 23:00:00,SGN,26.5,0.0,100,2.5,262,1008.1,83,24140.0,0.52,2.45,-0.1,-0.7,-0.7,0.0,0.0,0.0,7.4,6.13,0,0,0,0,0,0,0,0,0,0,0,0
2025-12-24 00:00:00,SGN,26.2,0.0,100,2.3,274,1008.0,85,24140.0,0.94,2.1,-0.3,-0.7,-0.8,0.0,0.0,0.0,4.0,2.57,0,0,0,0,0,0,0,0,0,0,0,0
2025-12-24 01:00:00,SGN,25.8,0.0,100,3.5,309,1007.4,89,24140.0,3.0,1.8,-0.4,-0.8,-1.0,0.0,0.0,0.0,3.5,3.0,0,0,0,0,0,0,0,0,0,0,0,0
2025-12-24 02:00:00,SGN,25.5,0.0,100,5.6,312,1006.8,91,24140.0,4.94,2.63,-0.3,-1.0,-1.3,0.0,0.0,0.0,5.6,4.94,0,0,0,0,0,0,0,0,0,0,0,0
2025-12-24 03:00:00,SGN,25.1,0.0,100,6.0,321,1006.5,94,24140.0,5.67,1.95,-0.4,-1.1,-1.5,0.0,0.0,0.0,6.0,5.67,0,0,0,0,0,0,0,0,0,0,0,0
2025-12-24 04:00:00,SGN,24.9,0.0,100,4.5,331,1006.7,95,24140.0,4.44,0.7,-0.2,-0.9,-0.7,0.0,0.0,0.0,6.0,5.67,0,0,0,0,0,0,0,0,0,0,0,0
2025-12-24 05:00:00,SGN,24.8,0.0,100,5.2,340,1007.0,95,24140.0,5.2,0.0,-0.1,-0.7,0.2,0.0,0.0,0.0,6.0,5.67,0,0,0,0,0,0,0,0,0,0,0,0
2025-12-24 06:00:00,SGN,24.6,0.0,99,4.6,351,1007.3,95,24140.0,4.52,-0.88,-0.2,-0.5,0.8,0.0,0.0,0.0,5.2,5.2,0,0,0,0,0,0,0,0,0,0,0,0
2025-12-24 07:00:00,SGN,25.5,0.0,61,4.6,349,1008.2,87,24140.0,4.54,-0.72,0.9,0.6,1.5,0.0,0.0,0.0,5.2,5.2,0,0,0,0,0,0,0,0,0,0,0,0
2025-12-24 08:00:00,SGN,27.8,0.0,89,3.8,360,1009.2,66,24140.0,3.57,-1.3,2.3,3.0,2.2,0.0,0.0,0.0,4.6,4.54,0,0,0,0,0,0,0,0,0,0,0,0
2025-12-24 09:00:00,SGN,29.8,0.0,96,1.0,329,1009.1,57,24140.0,0.98,0.19,2.0,5.2,1.8,0.0,0.0,0.0,4.6,4.54,0,0,0,0,0,0,0,0,0,0,0,0
2025-12-24 10:00:00,SGN,31.5,0.0,97,1.4,180,1008.7,52,24140.0,1.32,0.48,1.7,6.0,0.5,0.0,0.0,0.0,3.8,3.57,0,0,0,0,0,0,0,0,0,0,0,0
2025-12-24 11:00:00,SGN,32.8,0.0,95,4.7,157,1008.3,48,24140.0,4.69,-0.25,1.3,5.0,-0.9,0.0,0.0,0.0,4.7,4.69,0,0,0,0,0,0,0,0,0,0,0,0
2025-12-24 12:00:00,SGN,33.3,0.3,52,7.0,148,1007.4,47,24140.0,6.85,-1.46,0.5,3.5,-1.7,0.3,0.3,0.3,7.0,6.85,1,0,0,0,0,0,0,0,0,1,0,0
2025-12-24 13:00:00,SGN,32.4,0.4,88,7.4,139,1006.5,50,23180.0,6.91,-2.65,-0.9,0.9,-2.2,0.4,0.7,0.7,7.4,6.91,1,0,0,0,0,0,0,0,1,1,0,1
2025-12-24 14:00:00,SGN,31.0,1.6,99,1.5,144,1005.9,60,18120.0,1.44,-0.41,-1.4,-1.8,-2.4,1.6,2.3,2.3,7.4,6.91,1,0,0,0,0,0,0,0,1,1,0,1
2025-12-24 15:00:00,SGN,30.0,0.1,98,6.8,217,1005.6,65,19060.0,3.7,5.7,-1.0,-3.3,-1.8,0.1,2.1,2.4,7.4,6.91,1,0,0,0,0,0,0,0,1,1,0,1
2025-12-24 16:00:00,SGN,29.0,0.1,99,8.3,180,1006.0,72,4160.0,7.8,2.84,-1.0,-3.4,-0.5,0.1,1.8,2.5,8.3,7.8,1,0,0,0,1,0,0,0,1,1,0,2
2025-12-24 17:00:00,SGN,27.0,0.7,100,8.3,162,1007.1,80,23220.0,8.29,0.29,-2.0,-4.0,1.2,0.7,0.9,3.2,8.3,8.29,1,0,0,0,0,0,0,0,1,1,0,1
2025-12-24 18:00:00,SGN,26.0,1.6,100,6.2,139,1007.7,86,24140.0,5.79,-2.22,-1.0,-4.0,2.1,1.6,2.4,4.5,8.3,8.29,1,0,0,0,0,0,0,0,1,1,0,1
2025-12-24 19:00:00,SGN,27.5,2.2,98,6.5,134,1007.9,77,9580.0,5.84,-2.85,1.5,-1.5,1.9,2.2,4.5,6.3,8.3,8.29,1,0,0,0,0,0,0,0,1,1,0,1
2025-12-24 20:00:00,SGN,27.4,0.1,95,0.9,79,1008.5,78,7380.0,0.14,-0.89,-0.1,0.4,1.4,0.1,3.9,4.8,6.5,5.84,1,0,0,0,0,0,0,0,1,1,0,1
2025-12-24 21:00:00,SGN,27.2,0.0,98,1.7,221,1008.3,79,24140.0,0.82,1.49,-0.2,1.2,0.6,0.0,2.3,4.7,6.5,5.84,0,0,0,0,0,0,0,0,0,0,0,0
2025-12-24 22:00:00,SGN,27.0,0.0,99,0.6,326,1008.3,81,24140.0,0.58,0.15,-0.2,-0.5,0.4,0.0,0.1,4.6,1.7,0.82,0,0,0,0,0,0,0,0,0,0,0,0
2025-12-24 23:00:00,SGN,26.8,0.0,91,1.1,9,1008.1,83,24140.0,0.96,-0.53,-0.2,-0.6,-0.4,0.0,0.0,3.9,1.7,0.96,0,0,0,0,0,0,0,0,0,0,0,0
2025-12-25 00:00:00,SGN,26.5,0.0,100,1.5,330,1008.3,86,24140.0,1.48,0.26,-0.3,-0.7,0.0,0.0,0.0,2.3,1.5,1.48,0,0,0,0,0,0,0,0,0,0,0,0
2025-12-25 01:00:00,SGN,26.1,0.0,100,3.6,297,1007.8,90,12000.0,2.63,2.46,-0.4,-0.9,-0.5,0.0,0.0,0.1,3.6,2.63,0,0,0,0,0,0,0,0,0,0,0,0
2025-12-25 02:00:00,SGN,25.9,0.0,37,3.3,324,1007.2,92,18480.0,3.17,0.91,-0.2,-0.9,-0.9,0.0,0.0,0.0,3.6,3.17,0,0,0,0,0,0,0,0,0,0,0,0
2025-12-25 03:00:00,SGN,25.5,0.0,20,4.4,328,1006.9,94,16500.0,4.3,0.91,-0.4,-1.0,-1.4,0.0,0.0,0.0,4.4,4.3,0,0,0,0,0,0,0,0,0,0,0,0
2025-12-25 04:00:00,SGN,25.4,0.0,51,3.9,326,1007.2,95,24140.0,3.78,0.94,-0.1,-0.7,-0.6,0.0,0.0,0.0,4.4,4.3,0,0,0,0,0,0,0,0,0,0,0,0
2025-12-25 05:00:00,SGN,25.2,0.0,84,3.6,340,1007.5,96,24140.0,3.6,0.0,-0.2,-0.7,0.3,0.0,0.0,0.0,4.4,4.3,0,0,0,0,0,0,0,0,0,0,0,0
2025-12-25 06:00:00,SGN,25.1,0.0,100,2.6,344,1008.1,96,24140.0,2.59,-0.18,-0.1,-0.4,1.2,0.0,0.0,0.0,3.9,3.78,0,0,0,0,0,0,0,0,0,0,0,0
2025-12-25 07:00:00,SGN,25.6,0.0,91,3.4,357,1008.9,92,24140.0,3.25,-0.99,0.5,0.2,1.7,0.0,0.0,0.0,3.6,3.6,0,0,0,0,0,0,0,0,0,0,0,0
2025-12-25 08:00:00,SGN,27.0,0.0,82,3.5,21,1009.8,83,24140.0,2.64,-2.3,1.4,1.8,2.3,0.0,0.0,0.0,3.5,3.25,0,0,0,0,0,0,0,0,0,0,0,0
2025-12-25 09:00:00,SGN,28.5,0.0,52,5.0,26,1009.8,74,24140.0,3.47,-3.6,1.5,3.4,1.7,0.0,0.0,0.0,5.0,3.47,0,0,0,0,0,0,0,0,0,0,0,0
2025-12-25 10:00:00,SGN,30.0,0.1,95,3.9,56,1009.8,67,24140.0,0.94,-3.78,1.5,4.4,0.9,0.1,0.1,0.1,5.0,3.47,1,0,0,0,0,0,0,0,1,1,0,1
2025-12-25 11:00:00,SGN,30.3,0.1,100,4.4,78,1009.3,67,24140.0,0.61,-4.36,0.3,3.3,-0.5,0.1,0.2,0.2,5.0,3.47,1,0,0,0,0,0,0,0,1,1,0,1
2025-12-25 12:00:00,SGN,30.6,0.1,100,6.9,83,1008.2,65,24140.0,1.55,-6.72,0.3,2.1,-1.6,0.1,0.3,0.3,6.9,1.55,1,0,0,0,0,0,0,0,1,1,0,1
2025-12-25 13:00:00,SGN,31.3,0.1,98,2.3,135,1006.8,62,24140.0,2.08,-0.97,0.7,1.3,-3.0,0.1,0.3,0.4,6.9,2.08,1,0,0,0,0,0,0,0,1,1,0,1
2025-12-25 14:00:00,SGN,25.9,6.1,100,18.2,136,1007.4,87,24140.0,16.63,-7.4,-5.4,-4.4,-1.9,6.1,6.3,6.5,18.2,16.63,1,1,0,0,0,0,0,0,1,2,0,2
2025-12-25 15:00:00,SGN,26.5,0.3,100,3.8,82,1006.7,85,18960.0,0.79,-3.72,0.6,-4.1,-1.5,0.3,6.5,6.8,18.2,16.63,1,0,0,0,0,0,0,0,1,1,0,1
2025-12-25 16:00:00,SGN,27.3,0.1,100,1.7,58,1007.0,84,4560.0,0.35,-1.66,0.8,-4.0,0.2,0.1,6.5,6.8,18.2,16.63,1,0,0,0,1,0,0,0,1,1,0,2
2025-12-25 17:00:00,SGN,26.8,3.0,100,4.7,72,1008.1,85,17900.0,0.16,-4.7,-0.5,0.9,0.7,3.0,3.4,9.7,4.7,0.79,1,0,0,0,0,0,0,0,1,1,0,1
2025-12-25 18:00:00,SGN,24.9,13.9,100,5.0,35,1009.3,95,4400.0,2.87,-4.1,-1.9,-1.6,2.6,13.9,17.0,23.5,5.0,2.87,1,1,0,0,1,0,0,0,1,2,0,3
2025-12-25 19:00:00,SGN,24.8,1.7,100,4.5,247,1009.3,97,10480.0,0.24,4.49,-0.1,-2.5,2.3,1.7,18.6,25.1,5.0,2.87,1,0,0,0,0,0,0,0,1,1,0,1
2025-12-25 20:00:00,SGN,25.0,0.5,100,5.2,258,1009.8,96,24140.0,0.72,5.15,0.2,-1.8,1.7,0.5,16.1,19.5,5.2,2.87,1,0,0,0,0,0,0,0,1,1,0,1
2025-12-25 21:00:00,SGN,24.5,0.7,100,8.3,304,1009.8,97,19300.0,6.71,4.88,-0.5,-0.4,0.5,0.7,2.9,19.9,8.3,6.71,1,0,0,0,0,0,0,0,1,1,0,1
2025-12-25 22:00:00,SGN,24.4,0.0,87,2.3,288,1009.7,97,23820.0,1.42,1.81,-0.1,-0.4,0.4,0.0,1.2,19.8,8.3,6.71,0,0,0,0,0,0,0,0,0,0,0,0
2025-12-25 23:00:00,SGN,24.2,0.0,98,2.0,297,1009.8,99,24140.0,1.46,1.36,-0.2,-0.8,0.0,0.0,0.7,16.8,8.3,6.71,0,0,0,0,0,0,0,0,0,0,0,0
2025-12-26 00:00:00,SGN,24.1,0.0,73,2.7,307,1009.8,99,24140.0,2.26,1.47,-0.1,-0.4,0.0,0.0,0.0,2.9,2.7,2.26,0,0,0,0,0,0,0,0,0,0,0,0
2025-12-26 01:00:00,SGN,24.4,0.0,90,7.8,275,1009.4,98,24140.0,3.3,7.07,0.3,0.0,-0.3,0.0,0.0,1.2,7.8,3.3,0,0,0,0,0,0,0,0,0,0,0,0
2025-12-26 02:00:00,SGN,24.0,0.0,79,6.3,309,1008.8,97,24140.0,5.4,3.24,-0.4,-0.2,-1.0,0.0,0.0,0.7,7.8,5.4,0,0,0,0,0,0,0,0,0,0,0,0
2025-12-26 03:00:00,SGN,24.0,0.0,94,6.4,308,1008.6,97,24140.0,5.43,3.39,0.0,-0.1,-1.2,0.0,0.0,0.0,7.8,5.43,0,0,0,0,0,0,0,0,0,0,0,0
2025-12-26 04:00:00,SGN,23.9,0.0,95,6.9,323,1008.5,97,24140.0,6.6,2.02,-0.1,-0.5,-0.9,0.0,0.0,0.0,6.9,6.6,0,0,0,0,0,0,0,0,0,0,0,0
2025-12-26 05:00:00,SGN,23.6,0.0,51,6.9,353,1008.9,94,24140.0,6.72,-1.55,-0.3,-0.4,0.1,0.0,0.0,0.0,6.9,6.72,0,0,0,0,0,0,0,0,0,0,0,0
2025-12-26 06:00:00,SGN,23.2,0.0,29,7.3,7,1009.2,91,24140.0,6.5,-3.31,-0.4,-0.8,0.6,0.0,0.0,0.0,7.3,6.72,0,0,0,0,0,0,0,0,0,0,0,0
2025-12-26 07:00:00,SGN,23.9,0.0,49,7.4,3,1010.2,92,24140.0,6.81,-2.89,0.7,0.0,1.7,0.0,0.0,0.0,7.4,6.81,0,0,0,0,0,0,0,0,0,0,0,0
2025-12-26 08:00:00,SGN,25.2,0.0,57,7.0,18,1011.3,83,24140.0,5.52,-4.31,1.3,1.6,2.4,0.0,0.0,0.0,7.4,6.81,0,0,0,0,0,0,0,0,0,0,0,0
2025-12-26 09:00:00,SGN,26.5,0.0,38,6.9,30,1011.4,78,24140.0,4.44,-5.29,1.3,3.3,2.2,0.0,0.0,0.0,7.4,6.81,0,0,0,0,0,0,0,0,0,0,0,0
2025-12-26 10:00:00,SGN,28.0,0.0,98,4.8,53,1011.4,74,24140.0,1.4,-4.59,1.5,4.1,1.2,0.0,0.0,0.0,7.0,5.52,0,0,0,0,0,0,0,0,0,0,0,0
2025-12-26 11:00:00,SGN,28.9,0.0,88,3.8,95,1010.6,70,24140.0,1.61,-3.44,0.9,3.7,-0.7,0.0,0.0,0.0,6.9,4.44,0,0,0,0,0,0,0,0,0,0,0,0
2025-12-26 12:00:00,SGN,29.7,0.1,63,3.1,83,1009.4,67,24140.0,0.7,-3.02,0.8,3.2,-2.0,0.1,0.1,0.1,4.8,1.61,1,0,0,0,0,0,0,0,0,1,0,0
2025-12-26 13:00:00,SGN,30.5,0.0,98,4.3,22,1008.4,64,24140.0,3.2,-2.88,0.8,2.5,-3.0,0.0,0.1,0.1,4.3,3.2,0,0,0,0,0,0,0,0,0,0,0,0
2025-12-26 14:00:00,SGN,30.6,0.0,100,4.8,27,1007.7,65,24140.0,3.27,-3.51,0.1,1.7,-2.9,0.0,0.1,0.1,4.8,3.27,0,0,0,0,0,0,0,0,0,0,0,0
2025-12-26 15:00:00,SGN,29.6,0.7,96,7.6,25,1007.3,66,24140.0,5.37,-5.37,-1.0,-0.1,-2.1,0.7,0.7,0.8,7.6,5.37,1,0,0,0,0,0,0,0,1,1,0,1
2025-12-26 16:00:00,SGN,29.5,0.7,100,3.8,131,1007.6,67,11200.0,3.32,-1.84,-0.1,-1.0,-0.8,0.7,1.4,1.5,7.6,5.37,1,0,0,0,0,0,0,0,1,1,0,1
2025-12-26 17:00:00,SGN,27.1,0.1,100,9.7,178,1008.0,83,19680.0,9.23,3.0,-2.4,-3.5,0.3,0.1,1.5,1.6,9.7,9.23,1,0,0,0,0,0,0,0,1,1,0,1
2025-12-26 18:00:00,SGN,25.5,0.0,100,8.1,192,1008.8,92,24140.0,6.87,4.29,-1.6,-4.1,1.5,0.0,0.8,1.5,9.7,9.23,0,0,0,0,0,0,0,0,0,0,0,0
2025-12-26 19:00:00,SGN,25.6,0.0,100,5.2,196,1009.3,92,24140.0,4.21,3.06,0.1,-3.9,1.7,0.0,0.1,1.5,9.7,9.23,0,0,0,0,0,0,0,0,0,0,0,0
2025-12-26 20:00:00,SGN,25.5,0.0,100,3.7,227,1010.0,93,24140.0,1.45,3.41,-0.1,-1.6,2.0,0.0,0.0,1.5,8.1,6.87,0,0,0,0,0,0,0,0,0,0,0,0
2025-12-26 21:00:00,SGN,25.0,0.0,100,3.0,245,1010.2,95,24140.0,0.26,2.99,-0.5,-0.5,1.4,0.0,0.0,0.8,5.2,4.21,0,0,0,0,0,0,0,0,0,0,0,0
2025-12-26 22:00:00,SGN,24.6,0.0,100,2.7,274,1010.1,96,24140.0,1.1,2.47,-0.4,-1.0,0.8,0.0,0.0,0.1,3.7,1.45,0,0,0,0,0,0,0,0,0,0,0,0
2025-12-26 23:00:00,SGN,24.2,0.0,100,3.8,259,1009.7,98,24140.0,0.59,3.75,-0.4,-1.3,-0.3,0.0,0.0,0.0,3.8,1.1,0,0,0,0,0,0,0,0,0,0,0,0
2025-12-27 00:00:00,SGN,24.1,0.0,100,4.2,282,1009.3,98,24140.0,2.23,3.56,-0.1,-0.9,-0.9,0.0,0.0,0.0,4.2,2.23,0,0,0,0,0,0,0,0,0,0,0,0
2025-12-27 01:00:00,SGN,24.0,0.0,100,7.0,283,1008.9,100,24140.0,3.81,5.87,-0.1,-0.6,-1.2,0.0,0.0,0.0,7.0,3.81,0,0,0,0,0,0,0,0,0,0,0,0
2025-12-27 02:00:00,SGN,23.9,0.0,100,6.2,314,1008.5,96,24140.0,5.57,2.72,-0.1,-0.3,-1.2,0.0,0.0,0.0,7.0,5.57,0,0,0,0,0,0,0,0,0,0,0,0
2025-12-27 03:00:00,SGN,23.5,0.0,100,6.3,342,1008.3,87,24140.0,6.3,-0.22,-0.4,-0.6,-1.0,0.0,0.0,0.0,7.0,6.3,0,0,0,0,0,0,0,0,0,0,0,0
2025-12-27 04:00:00,SGN,22.9,0.0,100,5.9,349,1008.5,82,24140.0,5.83,-0.92,-0.6,-1.1,-0.4,0.0,0.0,0.0,6.3,6.3,0,0,0,0,0,0,0,0,0,0,0,0
2025-12-27 05:00:00,SGN,22.5,0.0,100,5.2,354,1009.0,82,24140.0,5.05,-1.26,-0.4,-1.4,0.5,0.0,0.0,0.0,6.3,6.3,0,0,0,0,0,0,0,0,0,0,0,0
2025-12-27 06:00:00,SGN,22.3,0.0,94,4.9,2,1009.4,83,24140.0,4.54,-1.84,-0.2,-1.2,1.1,0.0,0.0,0.0,5.9,5.83,0,0,0,0,0,0,0,0,0,0,0,0
2025-12-27 07:00:00,SGN,23.2,0.0,85,2.7,352,1010.3,84,24140.0,2.64,-0.56,0.9,0.3,1.8,0.0,0.0,0.0,5.2,5.05,0,0,0,0,0,0,0,0,0,0,0,0
2025-12-27 08:00:00,SGN,24.7,0.0,97,1.7,311,1011.6,82,24140.0,1.49,0.82,1.5,2.2,2.6,0.0,0.0,0.0,4.9,4.54,0,0,0,0,0,0,0,0,0,0,0,0
2025-12-27 09:00:00,SGN,26.3,0.0,100,3.0,253,1012.2,79,24140.0,0.16,3.0,1.6,4.0,2.8,0.0,0.0,0.0,3.0,2.64,0,0,0,0,0,0,0,0,0,0,0,0
2025-12-27 10:00:00,SGN,27.5,0.1,100,4.2,258,1011.9,74,24140.0,0.58,4.16,1.2,4.3,1.6,0.1,0.1,0.1,4.2,1.49,1,0,0,0,0,0,0,0,1,1,0,1
2025-12-27 11:00:00,SGN,28.1,0.0,100,4.0,267,1012.0,71,24140.0,1.17,3.83,0.6,3.4,0.4,0.0,0.1,0.1,4.2,1.17,0,0,0,0,0,0,0,0,0,0,0,0
2025-12-27 12:00:00,SGN,29.5,0.0,99,3.1,277,1011.1,65,24140.0,1.41,2.76,1.4,3.2,-1.1,0.0,0.1,0.1,4.2,1.41,0,0,0,0,0,0,0,0,0,0,0,0
2025-12-27 13:00:00,SGN,29.9,0.1,99,4.5,317,1010.3,62,24140.0,4.14,1.76,0.4,2.4,-1.6,0.1,0.1,0.2,4.5,4.14,1,0,0,0,0,0,0,0,1,1,0,1
2025-12-27 14:00:00,SGN,30.2,0.1,99,2.9,313,1009.5,61,24140.0,2.58,1.32,0.3,2.1,-2.5,0.1,0.2,0.3,4.5,4.14,1,0,0,0,0,0,0,0,1,1,0,1
2025-12-27 15:00:00,SGN,30.1,0.0,100,3.2,326,1008.7,59,18800.0,3.1,0.77,-0.1,0.6,-2.4,0.0,0.2,0.3,4.5,4.14,0,0,0,0,0,0,0,0,0,0,0,0
2025-12-27 16:00:00,SGN,27.3,0.2,100,9.7,129,1009.4,75,3600.0,8.31,-5.0,-2.8,-2.6,-0.9,0.2,0.3,0.4,9.7,8.31,1,0,0,0,1,0,0,0,1,1,0,2
2025-12-27 17:00:00,SGN,25.5,0.2,100,8.6,168,1010.2,86,18800.0,8.52,1.2,-1.8,-4.7,0.7,0.2,0.4,0.6,9.7,8.52,1,0,0,0,0,0,0,0,1,1,0,1
2025-12-27 18:00:00,SGN,25.1,0.0,75,7.4,198,1010.8,87,12040.0,5.83,4.56,-0.4,-5.0,2.1,0.0,0.4,0.6,9.7,8.52,0,0,0,0,0,0,0,0,0,0,0,0
2025-12-27 19:00:00,SGN,24.9,0.0,77,7.3,191,1011.1,88,24140.0,6.26,3.76,-0.2,-2.4,1.7,0.0,0.2,0.5,8.6,8.52,0,0,0,0,0,0,0,0,0,0,0,0
2025-12-27 20:00:00,SGN,24.9,0.0,91,5.2,214,1011.9,89,24140.0,3.06,4.21,0.0,-0.6,1.7,0.0,0.0,0.4,7.4,6.26,0,0,0,0,0,0,0,0,0,0,0,0
2025-12-27 21:00:00,SGN,24.8,0.0,100,6.2,187,1012.0,90,24140.0,5.52,2.81,-0.1,-0.3,1.2,0.0,0.0,0.4,7.3,6.26,0,0,0,0,0,0,0,0,0,0,0,0
2025-12-27 22:00:00,SGN,24.8,0.0,100,3.0,128,1012.0,92,24140.0,2.54,-1.59,0.0,-0.1,0.9,0.0,0.0,0.2,6.2,5.52,0,0,0,0,0,0,0,0,0,0,0,0
2025-12-27 23:00:00,SGN,24.5,0.0,100,2.1,31,1011.8,94,24140.0,1.32,-1.63,-0.3,-0.4,-0.1,0.0,0.0,0.0,6.2,5.52,0,0,0,0,0,0,0,0,0,0,0,0
2025-12-28 00:00:00,SGN,24.2,0.0,100,1.5,339,1011.5,95,24140.0,1.5,0.03,-0.3,-0.6,-0.5,0.0,0.0,0.0,3.0,2.54,0,0,0,0,0,0,0,0,0,0,0,0
2025-12-28 01:00:00,SGN,24.1,0.0,100,0.5,270,1011.1,94,24140.0,0.17,0.47,-0.1,-0.7,-0.9,0.0,0.0,0.0,2.1,1.5,0,0,0,0,0,0,0,0,0,0,0,0
2025-12-28 02:00:00,SGN,23.9,0.0,100,4.2,317,1010.7,97,24140.0,3.87,1.64,-0.2,-0.6,-1.1,0.0,0.0,0.0,4.2,3.87,0,0,0,0,0,0,0,0,0,0,0,0
2025-12-28 03:00:00,SGN,23.4,0.0,0,6.7,324,1010.3,98,24140.0,6.44,1.85,-0.5,-0.8,-1.2,0.0,0.0,0.0,6.7,6.44,0,0,0,0,0,0,0,0,0,0,0,0
2025-12-28 04:00:00,SGN,23.0,0.0,26,6.2,334,1010.4,98,24140.0,6.17,0.65,-0.4,-1.1,-0.7,0.0,0.0,0.0,6.7,6.44,0,0,0,0,0,0,0,0,0,0,0,0
2025-12-28 05:00:00,SGN,22.7,0.0,37,5.9,342,1010.8,98,24140.0,5.9,-0.21,-0.3,-1.2,0.1,0.0,0.0,0.0,6.7,6.44,0,0,0,0,0,0,0,0,0,0,0,0
2025-12-28 06:00:00,SGN,22.2,0.0,0,5.8,351,1011.1,95,24140.0,5.69,-1.11,-0.5,-1.2,0.8,0.0,0.0,0.0,6.2,6.17,0,0,0,0,0,0,0,0,0,0,0,0
2025-12-28 07:00:00,SGN,23.0,0.0,0,3.2,357,1011.9,93,24140.0,3.06,-0.94,0.8,0.0,1.5,0.0,0.0,0.0,5.9,5.9,0,0,0,0,0,0,0,0,0,0,0,0
2025-12-28 08:00:00,SGN,24.3,0.0,0,3.1,10,1012.6,78,24140.0,2.68,-1.55,1.3,1.6,1.8,0.0,0.0,0.0,5.8,5.69,0,0,0,0,0,0,0,0,0,0,0,0
2025-12-28 09:00:00,SGN,25.7,0.0,6,2.1,20,1012.7,71,24140.0,1.61,-1.35,1.4,3.5,1.6,0.0,0.0,0.0,3.2,3.06,0,0,0,0,0,0,0,0,0,0,0,0
2025-12-28 10:00:00,SGN,27.1,0.0,19,0.6,56,1012.5,67,24140.0,0.15,-0.58,1.4,4.1,0.6,0.0,0.0,0.0,3.1,2.68,0,0,0,0,0,0,0,0,0,0,0,0
2025-12-28 11:00:00,SGN,28.2,0.0,34,1.3,74,1011.9,65,24140.0,0.09,-1.3,1.1,3.9,-0.7,0.0,0.0,0.0,2.1,1.61,0,0,0,0,0,0,0,0,0,0,0,0
2025-12-28 12:00:00,SGN,29.1,0.0,61,3.0,128,1010.9,63,24140.0,2.54,-1.59,0.9,3.4,-1.8,0.0,0.0,0.0,3.0,2.54,0,0,0,0,0,0,0,0,0,0,0,0
2025-12-28 13:00:00,SGN,30.0,0.0,13,1.5,194,1009.8,58,24140.0,1.24,0.84,0.9,2.9,-2.7,0.0,0.0,0.0,3.0,2.54,0,0,0,0,0,0,0,0,0,0,0,0
2025-12-28 14:00:00,SGN,30.6,0.0,1,1.5,210,1009.0,56,24140.0,0.96,1.15,0.6,2.4,-2.9,0.0,0.0,0.0,3.0,2.54,0,0,0,0,0,0,0,0,0,0,0,0
2025-12-28 15:00:00,SGN,30.9,0.0,10,0.7,194,1008.9,55,24140.0,0.58,0.39,0.3,1.8,-2.0,0.0,0.0,0.0,1.5,1.24,0,0,0,0,0,0,0,0,0,0,0,0
2025-12-28 16:00:00,SGN,31.0,0.0,61,0.8,117,1008.9,53,24140.0,0.59,-0.55,0.1,1.0,-0.9,0.0,0.0,0.0,1.5,0.96,0,0,0,0,0,0,0,0,0,0,0,0
2025-12-28 17:00:00,SGN,29.5,0.0,62,5.9,157,1009.6,60,24140.0,5.89,-0.31,-1.5,-1.1,0.6,0.0,0.0,0.0,5.9,5.89,0,0,0,0,0,0,0,0,0,0,0,0
2025-12-28 18:00:00,SGN,26.5,0.0,84,10.7,166,1010.3,80,24140.0,10.64,1.12,-3.0,-4.4,1.4,0.0,0.0,0.0,10.7,10.64,0,0,0,0,0,0,0,0,0,0,0,0
2025-12-28 19:00:00,SGN,26.0,0.0,28,8.2,157,1011.3,83,24140.0,8.19,-0.43,-0.5,-5.0,2.4,0.0,0.0,0.0,10.7,10.64,0,0,0,0,0,0,0,0,0,0,0,0
2025-12-28 20:00:00,SGN,25.6,0.0,23,8.8,160,1012.0,83,24140.0,8.8,0.0,-0.4,-3.9,2.4,0.0,0.0,0.0,10.7,10.64,0,0,0,0,0,0,0,0,0,0,0,0
2025-12-28 21:00:00,SGN,25.2,0.0,21,9.5,161,1012.2,86,24140.0,9.5,0.17,-0.4,-1.3,1.9,0.0,0.0,0.0,9.5,9.5,0,0,0,0,0,0,0,0,0,0,0,0
2025-12-28 22:00:00,SGN,24.8,0.0,50,9.7,151,1011.7,89,24140.0,9.58,-1.52,-0.4,-1.2,0.4,0.0,0.0,0.0,9.7,9.58,0,0,0,0,0,0,0,0,0,0,0,0
2025-12-28 23:00:00,SGN,24.3,0.0,98,5.5,139,1011.6,92,24140.0,5.13,-1.97,-0.5,-1.3,-0.4,0.0,0.0,0.0,9.7,9.58,0,0,0,0,0,0,0,0,0,0,0,0
2025-12-29 00:00:00,SGN,24.0,0.0,45,2.4,54,1011.4,94,24140.0,0.66,-2.31,-0.3,-1.2,-0.8,0.0,0.0,0.0,9.7,9.58,0,0,0,0,0,0,0,0,0,0,0,0
2025-12-29 01:00:00,SGN,23.9,0.0,19,1.8,349,1011.1,96,24140.0,1.78,-0.28,-0.1,-0.9,-0.6,0.0,0.0,0.0,5.5,5.13,0,0,0,0,0,0,0,0,0,0,0,0
2025-12-29 02:00:00,SGN,23.8,0.0,5,3.5,309,1010.4,97,24140.0,3.0,1.8,-0.1,-0.5,-1.2,0.0,0.0,0.0,3.5,3.0,0,0,0,0,0,0,0,0,0,0,0,0
2025-12-29 03:00:00,SGN,23.4,0.0,5,4.0,291,1009.9,99,24140.0,2.62,3.02,-0.4,-0.6,-1.5,0.0,0.0,0.0,4.0,3.0,0,0,0,0,0,0,0,0,0,0,0,0
2025-12-29 04:00:00,SGN,23.0,0.0,27,3.7,331,1010.0,99,24140.0,3.65,0.58,-0.4,-0.9,-1.1,0.0,0.0,0.0,4.0,3.65,0,0,0,0,0,0,0,0,0,0,0,0
2025-12-29 05:00:00,SGN,22.9,0.0,83,5.7,342,1010.7,99,24140.0,5.7,-0.2,-0.1,-0.9,0.3,0.0,0.0,0.0,5.7,5.7,0,0,0,0,0,0,0,0,0,0,0,0
2025-12-29 06:00:00,SGN,22.8,0.0,97,5.8,338,1011.2,99,24140.0,5.8,0.2,-0.1,-0.6,1.3,0.0,0.0,0.0,5.8,5.8,0,0,0,0,0,0,0,0,0,0,0,0
2025-12-29 07:00:00,SGN,22.9,0.0,100,6.9,337,1011.6,99,24140.0,6.89,0.36,0.1,-0.1,1.6,0.0,0.0,0.0,6.9,6.89,0,0,0,0,0,0,0,0,0,0,0,0
2025-12-29 08:00:00,SGN,24.2,0.0,20,7.7,342,1012.3,91,24140.0,7.7,-0.27,1.3,1.3,1.6,0.0,0.0,0.0,7.7,7.7,0,0,0,0,0,0,0,0,0,0,0,0
2025-12-29 09:00:00,SGN,26.0,0.0,13,6.9,335,1012.6,82,24140.0,6.87,0.6,1.8,3.2,1.4,0.0,0.0,0.0,7.7,7.7,0,0,0,0,0,0,0,0,0,0,0,0
2025-12-29 10:00:00,SGN,27.5,0.0,5,6.4,331,1012.3,72,24140.0,6.32,1.0,1.5,4.6,0.7,0.0,0.0,0.0,7.7,7.7,0,0,0,0,0,0,0,0,0,0,0,0
2025-12-29 11:00:00,SGN,28.9,0.0,88,5.9,342,1011.7,62,24140.0,5.9,-0.21,1.4,4.7,-0.6,0.0,0.0,0.0,6.9,6.87,0,0,0,0,0,0,0,0,0,0,0,0
2025-12-29 12:00:00,SGN,30.0,0.0,98,5.2,348,1010.6,53,24140.0,5.15,-0.72,1.1,4.0,-2.0,0.0,0.0,0.0,6.4,6.32,0,0,0,0,0,0,0,0,0,0,0,0
2025-12-29 13:00:00,SGN,30.9,0.0,79,6.0,343,1009.6,46,24140.0,5.99,-0.31,0.9,3.4,-2.7,0.0,0.0,0.0,6.0,5.99,0,0,0,0,0,0,0,0,0,0,0,0
2025-12-29 14:00:00,SGN,31.1,0.0,100,5.6,345,1008.6,42,24140.0,5.58,-0.49,0.2,2.2,-3.1,0.0,0.0,0.0,6.0,5.99,0,0,0,0,0,0,0,0,0,0,0,0
2025-12-29 15:00:00,SGN,31.1,0.0,99,4.1,347,1008.4,41,24140.0,4.07,-0.5,0.0,1.1,-2.2,0.0,0.0,0.0,6.0,5.99,0,0,0,0,0,0,0,0,0,0,0,0
2025-12-29 16:00:00,SGN,30.6,0.0,99,3.1,336,1008.7,42,24140.0,3.09,0.22,-0.5,-0.3,-0.9,0.0,0.0,0.0,5.6,5.58,0,0,0,0,0,0,0,0,0,0,0,0
2025-12-29 17:00:00,SGN,29.1,0.0,100,4.6,324,1009.2,54,24140.0,4.42,1.27,-1.5,-2.0,0.6,0.0,0.0,0.0,4.6,4.42,0,0,0,0,0,0,0,0,0,0,0,0
2025-12-29 18:00:00,SGN,27.1,0.0,100,1.9,311,1009.8,68,24140.0,1.66,0.92,-2.0,-4.0,1.4,0.0,0.0,0.0,4.6,4.42,0,0,0,0,0,0,0,0,0,0,0,0
2025-12-29 19:00:00,SGN,25.9,0.0,100,7.2,155,1010.4,76,24140.0,7.17,-0.63,-1.2,-4.7,1.7,0.0,0.0,0.0,7.2,7.17,0,0,0,0,0,0,0,0,0,0,0,0
2025-12-29 20:00:00,SGN,24.6,0.0,100,10.1,145,1010.8,89,24140.0,9.76,-2.61,-1.3,-4.5,1.6,0.0,0.0,0.0,10.1,9.76,0,0,0,0,0,0,0,0,0,0,0,0
2025-12-29 21:00:00,SGN,24.4,0.0,100,10.2,136,1010.8,88,24140.0,9.32,-4.15,-0.2,-2.7,1.0,0.0,0.0,0.0,10.2,9.76,0,0,0,0,0,0,0,0,0,0,0,0
2025-12-29 22:00:00,SGN,23.9,0.0,100,9.3,126,1010.5,88,24140.0,7.71,-5.2,-0.5,-2.0,0.1,0.0,0.0,0.0,10.2,9.76,0,0,0,0,0,0,0,0,0,0,0,0
2025-12-29 23:00:00,SGN,23.6,0.0,100,8.6,123,1010.7,89,24140.0,6.87,-5.18,-0.3,-1.0,-0.1,0.0,0.0,0.0,10.2,9.32,0,0,0,0,0,0,0,0,0,0,0,0
2025-12-30 00:00:00,SGN,23.3,0.0,100,6.0,119,1010.3,90,24140.0,4.53,-3.94,-0.3,-1.1,-0.5,0.0,0.0,0.0,9.3,7.71,0,0,0,0,0,0,0,0,0,0,0,0
2025-12-30 01:00:00,SGN,23.0,0.0,100,4.5,130,1009.9,92,24140.0,3.9,-2.25,-0.3,-0.9,-0.6,0.0,0.0,0.0,8.6,6.87,0,0,0,0,0,0,0,0,0,0,0,0
2025-12-30 02:00:00,SGN,23.0,0.0,100,3.7,133,1009.6,92,24140.0,3.3,-1.68,0.0,-0.6,-1.1,0.0,0.0,0.0,6.0,4.53,0,0,0,0,0,0,0,0,0,0,0,0
2025-12-30 03:00:00,SGN,22.6,0.0,100,2.6,146,1009.1,93,24140.0,2.52,-0.63,-0.4,-0.7,-1.2,0.0,0.0,0.0,4.5,3.9,0,0,0,0,0,0,0,0,0,0,0,0
2025-12-30 04:00:00,SGN,22.3,0.0,100,1.4,157,1009.3,94,24140.0,1.4,-0.07,-0.3,-0.7,-0.6,0.0,0.0,0.0,3.7,3.3,0,0,0,0,0,0,0,0,0,0,0,0
2025-12-30 05:00:00,SGN,22.0,0.0,99,0.6,34,1009.8,95,24140.0,0.35,-0.49,-0.3,-1.0,0.2,0.0,0.0,0.0,2.6,2.52,0,0,0,0,0,0,0,0,0,0,0,0
2025-12-30 06:00:00,SGN,21.5,0.0,100,1.1,18,1010.6,96,24140.0,0.87,-0.68,-0.5,-1.1,1.5,0.0,0.0,0.0,1.4,1.4,0,0,0,0,0,0,0,0,0,0,0,0
2025-12-30 07:00:00,SGN,22.4,0.0,99,3.2,19,1011.3,95,24140.0,2.49,-2.01,0.9,0.1,2.0,0.0,0.0,0.0,3.2,2.49,0,0,0,0,0,0,0,0,0,0,0,0
2025-12-30 08:00:00,SGN,23.9,0.0,30,2.2,5,1012.3,88,24140.0,1.99,-0.93,1.5,1.9,2.5,0.0,0.0,0.0,3.2,2.49,0,0,0,0,0,0,0,0,0,0,0,0
2025-12-30 09:00:00,SGN,25.5,0.0,96,2.0,5,1012.4,81,24140.0,1.81,-0.85,1.6,4.0,1.8,0.0,0.0,0.0,3.2,2.49,0,0,0,0,0,0,0,0,0,0,0,0
2025-12-30 10:00:00,SGN,27.1,0.0,84,1.1,351,1012.2,72,24140.0,1.08,-0.21,1.6,4.7,0.9,0.0,0.0,0.0,2.2,1.99,0,0,0,0,0,0,0,0,0,0,0,0
2025-12-30 11:00:00,SGN,28.5,0.0,84,2.2,336,1011.3,63,24140.0,2.19,0.15,1.4,4.6,-1.0,0.0,0.0,0.0,2.2,2.19,0,0,0,0,0,0,0,0,0,0,0,0
2025-12-30 12:00:00,SGN,29.5,0.0,71,0.9,349,1010.3,57,24140.0,0.89,-0.14,1.0,4.0,-2.1,0.0,0.0,0.0,2.2,2.19,0,0,0,0,0,0,0,0,0,0,0,0
2025-12-30 13:00:00,SGN,30.0,0.0,5,3.2,313,1009.1,47,24140.0,2.85,1.45,0.5,2.9,-3.1,0.0,0.0,0.0,3.2,2.85,0,0,0,0,0,0,0,0,0,0,0,0
2025-12-30 14:00:00,SGN,30.5,0.0,49,2.8,297,1008.1,45,24140.0,2.05,1.91,0.5,2.0,-3.2,0.0,0.0,0.0,3.2,2.85,0,0,0,0,0,0,0,0,0,0,0,0
2025-12-30 15:00:00,SGN,30.2,0.0,13,3.6,311,1007.6,44,24140.0,3.15,1.75,-0.3,0.7,-2.7,0.0,0.0,0.0,3.6,3.15,0,0,0,0,0,0,0,0,0,0,0,0
2025-12-30 16:00:00,SGN,29.8,0.0,43,5.2,316,1007.5,44,24140.0,4.75,2.12,-0.4,-0.2,-1.6,0.0,0.0,0.0,5.2,4.75,0,0,0,0,0,0,0,0,0,0,0,0
2025-12-30 17:00:00,SGN,28.5,0.0,99,6.3,307,1007.9,52,24140.0,5.28,3.43,-1.3,-2.0,-0.2,0.0,0.0,0.0,6.3,5.28,0,0,0,0,0,0,0,0,0,0,0,0
2025-12-30 18:00:00,SGN,26.2,0.0,98,3.0,295,1008.3,70,24140.0,2.12,2.12,-2.3,-4.0,0.7,0.0,0.0,0.0,6.3,5.28,0,0,0,0,0,0,0,0,0,0,0,0
2025-12-30 19:00:00,SGN,25.4,0.0,91,8.9,152,1009.2,75,24140.0,8.81,-1.24,-0.8,-4.4,1.7,0.0,0.0,0.0,8.9,8.81,0,0,0,0,0,0,0,0,0,0,0,0
2025-12-30 20:00:00,SGN,24.6,0.0,16,7.6,152,1009.5,77,24140.0,7.53,-1.06,-0.8,-3.9,1.6,0.0,0.0,0.0,8.9,8.81,0,0,0,0,0,0,0,0,0,0,0,0
2025-12-30 21:00:00,SGN,24.0,0.0,5,9.3,140,1009.4,81,24140.0,8.74,-3.18,-0.6,-2.2,1.1,0.0,0.0,0.0,9.3,8.81,0,0,0,0,0,0,0,0,0,0,0,0
2025-12-30 22:00:00,SGN,23.5,0.0,0,8.9,144,1009.3,83,24140.0,8.56,-2.45,-0.5,-1.9,0.1,0.0,0.0,0.0,9.3,8.74,0,0,0,0,0,0,0,0,0,0,0,0
2025-12-30 23:00:00,SGN,23.1,0.0,23,8.6,150,1009.7,84,24140.0,8.47,-1.49,-0.4,-1.5,0.2,0.0,0.0,0.0,9.3,8.74,0,0,0,0,0,0,0,0,0,0,0,0
2025-12-31 00:00:00,SGN,22.8,0.0,100,7.3,138,1009.7,87,24140.0,6.77,-2.73,-0.3,-1.2,0.3,0.0,0.0,0.0,8.9,8.56,0,0,0,0,0,0,0,0,0,0,0,0
2025-12-31 01:00:00,SGN,22.6,0.0,100,7.8,140,1009.3,91,24140.0,7.33,-2.67,-0.2,-0.9,0.0,0.0,0.0,0.0,8.6,8.47,0,0,0,0,0,0,0,0,0,0,0,0
2025-12-31 02:00:00,SGN,22.6,0.0,100,5.8,141,1009.0,91,24140.0,5.48,-1.89,0.0,-0.5,-0.7,0.0,0.0,0.0,7.8,7.33,0,0,0,0,0,0,0,0,0,0,0,0
2025-12-31 03:00:00,SGN,22.1,0.0,100,3.5,141,1008.5,93,24140.0,3.31,-1.14,-0.5,-0.7,-1.2,0.0,0.0,0.0,7.8,7.33,0,0,0,0,0,0,0,0,0,0,0,0
2025-12-31 04:00:00,SGN,21.9,0.0,100,0.5,360,1008.6,93,24140.0,0.47,-0.17,-0.2,-0.7,-0.7,0.0,0.0,0.0,5.8,5.48,0,0,0,0,0,0,0,0,0,0,0,0
2025-12-31 05:00:00,SGN,21.4,0.0,45,2.2,14,1009.4,95,24140.0,1.82,-1.23,-0.5,-1.2,0.4,0.0,0.0,0.0,3.5,3.31,0,0,0,0,0,0,0,0,0,0,0,0
2025-12-31 06:00:00,SGN,21.0,0.0,0,3.1,45,1009.6,97,24140.0,1.31,-2.81,-0.4,-1.1,1.1,0.0,0.0,0.0,3.1,1.82,0,0,0,0,0,0,0,0,0,0,0,0
2025-12-31 07:00:00,SGN,21.9,0.0,88,4.4,12,1010.1,97,24140.0,3.73,-2.33,0.9,0.0,1.5,0.0,0.0,0.0,4.4,3.73,0,0,0,0,0,0,0,0,0,0,0,0
2025-12-31 08:00:00,SGN,23.9,0.0,97,2.5,30,1010.8,84,24140.0,1.61,-1.92,2.0,2.5,1.4,0.0,0.0,0.0,4.4,3.73,0,0,0,0,0,0,0,0,0,0,0,0
2025-12-31 09:00:00,SGN,25.8,0.0,96,1.3,45,1011.0,74,24140.0,0.55,-1.18,1.9,4.8,1.4,0.0,0.0,0.0,4.4,3.73,0,0,0,0,0,0,0,0,0,0,0,0
2025-12-31 10:00:00,SGN,27.5,0.0,2,1.1,99,1010.8,64,24140.0,0.53,-0.96,1.7,5.6,0.7,0.0,0.0,0.0,2.5,1.61,0,0,0,0,0,0,0,0,0,0,0,0
2025-12-31 11:00:00,SGN,28.9,0.0,19,2.9,30,1009.8,57,24140.0,1.86,-2.22,1.4,5.0,-1.0,0.0,0.0,0.0,2.9,1.86,0,0,0,0,0,0,0,0,0,0,0,0
2025-12-31 12:00:00,SGN,29.9,0.0,18,3.9,13,1008.4,52,24140.0,3.27,-2.12,1.0,4.1,-2.6,0.0,0.0,0.0,3.9,3.27,0,0,0,0,0,0,0,0,0,0,0,0
2025-12-31 13:00:00,SGN,30.5,0.0,38,2.3,4,1007.4,48,24140.0,2.1,-0.94,0.6,3.0,-3.4,0.0,0.0,0.0,3.9,3.27,0,0,0,0,0,0,0,0,0,0,0,0
2025-12-31 14:00:00,SGN,31.1,0.0,61,2.3,337,1006.3,45,24140.0,2.3,0.12,0.6,2.2,-3.5,0.0,0.0,0.0,3.9,3.27,0,0,0,0,0,0,0,0,0,0,0,0
2025-12-31 15:00:00,SGN,31.1,0.0,81,2.2,336,1005.8,43,24140.0,2.19,0.15,0.0,1.2,-2.6,0.0,0.0,0.0,2.3,2.3,0,0,0,0,0,0,0,0,0,0,0,0
2025-12-31 16:00:00,SGN,30.7,0.0,63,3.4,335,1005.8,43,24140.0,3.39,0.3,-0.4,0.2,-1.6,0.0,0.0,0.0,3.4,3.39,0,0,0,0,0,0,0,0,0,0,0,0
2025-12-31 17:00:00,SGN,29.5,0.0,78,6.4,333,1006.1,49,24140.0,6.35,0.78,-1.2,-1.6,-0.2,0.0,0.0,0.0,6.4,6.35,0,0,0,0,0,0,0,0,0,0,0,0
2025-12-31 18:00:00,SGN,27.1,0.0,55,1.8,6,1007.2,71,24140.0,1.62,-0.79,-2.4,-4.0,1.4,0.0,0.0,0.0,6.4,6.35,0,0,0,0,0,0,0,0,0,0,0,0
2025-12-31 19:00:00,SGN,25.7,0.0,82,10.4,146,1008.0,73,24140.0,10.09,-2.52,-1.4,-5.0,2.2,0.0,0.0,0.0,10.4,10.09,0,0,0,0,0,0,0,0,0,0,0,0
2025-12-31 20:00:00,SGN,24.6,0.0,94,10.1,130,1009.0,74,24140.0,8.75,-5.05,-1.1,-4.9,2.9,0.0,0.0,0.0,10.4,10.09,0,0,0,0,0,0,0,0,0,0,0,0
2025-12-31 21:00:00,SGN,23.9,0.0,94,11.7,128,1009.1,76,24140.0,9.92,-6.2,-0.7,-3.2,1.9,0.0,0.0,0.0,11.7,10.09,0,0,0,0,0,0,0,0,0,0,0,0
2025-12-31 22:00:00,SGN,23.3,0.0,13,11.8,137,1008.8,82,24140.0,10.86,-4.61,-0.6,-2.4,0.8,0.0,0.0,0.0,11.8,10.86,0,0,0,0,0,0,0,0,0,0,0,0
2025-12-31 23:00:00,SGN,23.0,0.0,0,11.3,133,1009.0,85,24140.0,10.07,-5.13,-0.3,-1.6,0.0,0.0,0.0,0.0,11.8,10.86,0,0,0,0,0,0,0,0,0,0,0,0
2026-01-01 00:00:00,SGN,22.8,0.0,5,10.6,134,1008.9,84,24140.0,9.53,-4.65,-0.2,-1.1,-0.2,0.0,0.0,0.0,11.8,10.86,0,0,0,0,0,0,0,0,0,0,0,0
2026-01-01 01:00:00,SGN,22.6,0.0,77,6.9,141,1008.4,84,24140.0,6.52,-2.25,-0.2,-0.7,-0.4,0.0,0.0,0.0,11.3,10.07,0,0,0,0,0,0,0,0,0,0,0,0
2026-01-01 02:00:00,SGN,22.4,0.0,100,5.0,142,1008.0,86,24140.0,4.76,-1.55,-0.2,-0.6,-1.0,0.0,0.0,0.0,10.6,9.53,0,0,0,0,0,0,0,0,0,0,0,0
2026-01-01 03:00:00,SGN,22.0,0.0,100,3.8,121,1007.6,88,24140.0,2.95,-2.39,-0.4,-0.8,-1.3,0.0,0.0,0.0,6.9,6.52,0,0,0,0,0,0,0,0,0,0,0,0
2026-01-01 04:00:00,SGN,21.8,0.0,95,3.9,118,1007.7,89,24140.0,2.9,-2.61,-0.2,-0.8,-0.7,0.0,0.0,0.0,5.0,4.76,0,0,0,0,0,0,0,0,0,0,0,0
2026-01-01 05:00:00,SGN,21.3,0.0,90,3.4,96,1008.4,90,24140.0,1.49,-3.06,-0.5,-1.1,0.4,0.0,0.0,0.0,3.9,2.95,0,0,0,0,0,0,0,0,0,0,0,0
2026-01-01 06:00:00,SGN,21.1,0.0,46,3.6,93,1009.1,91,24140.0,1.41,-3.31,-0.2,-0.9,1.5,0.0,0.0,0.0,3.9,2.9,0,0,0,0,0,0,0,0,0,0,0,0
2026-01-01 07:00:00,SGN,22.0,0.0,60,4.7,97,1009.9,88,24140.0,2.13,-4.19,0.9,0.2,2.2,0.0,0.0,0.0,4.7,2.13,0,0,0,0,0,0,0,0,0,0,0,0
2026-01-01 08:00:00,SGN,23.9,0.0,34,2.5,98,1011.2,77,24140.0,1.17,-2.21,1.9,2.6,2.8,0.0,0.0,0.0,4.7,2.13,0,0,0,0,0,0,0,0,0,0,0,0
2026-01-01 09:00:00,SGN,25.7,0.0,8,1.7,108,1012.0,68,24140.0,1.05,-1.34,1.8,4.6,2.9,0.0,0.0,0.0,4.7,2.13,0,0,0,0,0,0,0,0,0,0,0,0
2026-01-01 10:00:00,SGN,27.5,0.0,0,2.3,135,1012.0,59,24140.0,2.08,-0.97,1.8,5.5,2.1,0.0,0.0,0.0,2.5,2.08,0,0,0,0,0,0,0,0,0,0,0,0
2026-01-01 11:00:00,SGN,29.2,0.0,38,1.7,328,1011.7,51,24140.0,1.66,0.35,1.7,5.3,0.5,0.0,0.0,0.0,2.3,2.08,0,0,0,0,0,0,0,0,0,0,0,0
2026-01-01 12:00:00,SGN,30.0,0.0,99,3.6,327,1011.0,47,24140.0,3.51,0.81,0.8,4.3,-1.0,0.0,0.0,0.0,3.6,3.51,0,0,0,0,0,0,0,0,0,0,0,0
2026-01-01 13:00:00,SGN,30.5,0.0,76,3.8,329,1010.0,44,24140.0,3.73,0.73,0.5,3.0,-2.0,0.0,0.0,0.0,3.8,3.73,0,0,0,0,0,0,0,0,0,0,0,0
2026-01-01 14:00:00,SGN,31.2,0.0,95,6.7,329,1008.8,41,24140.0,6.58,1.28,0.7,2.0,-2.9,0.0,0.0,0.0,6.7,6.58,0,0,0,0,0,0,0,0,0,0,0,0
2026-01-01 15:00:00,SGN,30.9,0.0,98,8.2,331,1008.2,41,24140.0,8.1,1.28,-0.3,0.9,-2.8,0.0,0.0,0.0,8.2,8.1,0,0,0,0,0,0,0,0,0,0,0,0
2026-01-01 16:00:00,SGN,30.0,0.0,91,8.9,339,1008.3,45,24140.0,8.9,0.16,-0.9,-0.5,-1.7,0.0,0.0,0.0,8.9,8.9,0,0,0,0,0,0,0,0,0,0,0,0
2026-01-01 17:00:00,SGN,29.3,0.0,43,8.9,326,1008.5,47,24140.0,8.64,2.15,-0.7,-1.9,-0.3,0.0,0.0,0.0,8.9,8.9,0,0,0,0,0,0,0,0,0,0,0,0
2026-01-01 18:00:00,SGN,27.9,0.0,1,3.2,297,1009.3,58,24140.0,2.34,2.18,-1.4,-3.0,1.1,0.0,0.0,0.0,8.9,8.9,0,0,0,0,0,0,0,0,0,0,0,0
2026-01-01 19:00:00,SGN,26.5,0.0,80,11.7,148,1010.1,68,24140.0,11.44,-2.43,-1.4,-3.5,1.8,0.0,0.0,0.0,11.7,11.44,0,0,0,0,0,0,0,0,0,0,0,0
2026-01-01 20:00:00,SGN,24.5,0.0,29,10.2,138,1010.8,79,24140.0,9.46,-3.82,-2.0,-4.8,2.3,0.0,0.0,0.0,11.7,11.44,0,0,0,0,0,0,0,0,0,0,0,0
2026-01-01 21:00:00,SGN,24.1,0.0,63,11.4,131,1011.3,79,24140.0,9.97,-5.53,-0.4,-3.8,2.0,0.0,0.0,0.0,11.7,11.44,0,0,0,0,0,0,0,0,0,0,0,0
2026-01-01 22:00:00,SGN,23.8,0.0,99,10.1,123,1011.2,81,24140.0,8.07,-6.08,-0.3,-2.7,1.1,0.0,0.0,0.0,11.4,9.97,0,0,0,0,0,0,0,0,0,0,0,0
2026-01-01 23:00:00,SGN,23.5,0.0,98,7.2,122,1011.5,82,24140.0,5.67,-4.43,-0.3,-1.0,0.7,0.0,0.0,0.0,11.4,9.97,0,0,0,0,0,0,0,0,0,0,0,0
2026-01-02 00:00:00,SGN,23.2,0.0,98,6.0,100,1011.4,83,24140.0,3.0,-5.2,-0.3,-0.9,0.1,0.0,0.0,0.0,10.1,8.07,0,0,0,0,0,0,0,0,0,0,0,0
2026-01-02 01:00:00,SGN,23.1,0.0,100,7.3,115,1010.9,82,24140.0,5.16,-5.16,-0.1,-0.7,-0.3,0.0,0.0,0.0,7.3,5.67,0,0,0,0,0,0,0,0,0,0,0,0
2026-01-02 02:00:00,SGN,23.0,0.0,100,4.7,83,1010.1,82,24140.0,1.06,-4.58,-0.1,-0.5,-1.4,0.0,0.0,0.0,7.3,5.16,0,0,0,0,0,0,0,0,0,0,0,0
2026-01-02 03:00:00,SGN,22.6,0.0,100,5.2,16,1009.6,83,24140.0,4.21,-3.06,-0.4,-0.6,-1.8,0.0,0.0,0.0,7.3,5.16,0,0,0,0,0,0,0,0,0,0,0,0
2026-01-02 04:00:00,SGN,22.0,0.0,100,7.6,353,1009.8,85,24140.0,7.41,-1.71,-0.6,-1.1,-1.1,0.0,0.0,0.0,7.6,7.41,0,0,0,0,0,0,0,0,0,0,0,0
2026-01-02 05:00:00,SGN,21.4,0.0,100,7.9,349,1010.0,87,24140.0,7.8,-1.24,-0.6,-1.6,-0.1,0.0,0.0,0.0,7.9,7.8,0,0,0,0,0,0,0,0,0,0,0,0
2026-01-02 06:00:00,SGN,21.0,0.0,99,7.6,353,1010.6,88,24140.0,7.41,-1.71,-0.4,-1.6,1.0,0.0,0.0,0.0,7.9,7.8,0,0,0,0,0,0,0,0,0,0,0,0
2026-01-02 07:00:00,SGN,21.6,0.0,99,7.1,341,1011.3,84,24140.0,7.1,-0.12,0.6,-0.4,1.5,0.0,0.0,0.0,7.9,7.8,0,0,0,0,0,0,0,0,0,0,0,0
2026-01-02 08:00:00,SGN,23.8,0.0,100,6.0,350,1012.8,63,24140.0,5.91,-1.04,2.2,2.4,2.8,0.0,0.0,0.0,7.6,7.41,0,0,0,0,0,0,0,0,0,0,0,0
2026-01-02 09:00:00,SGN,25.6,0.0,100,3.6,357,1013.3,54,24140.0,3.44,-1.05,1.8,4.6,2.7,0.0,0.0,0.0,7.1,7.1,0,0,0,0,0,0,0,0,0,0,0,0
2026-01-02 10:00:00,SGN,27.5,0.0,100,0.7,284,1013.0,48,24140.0,0.39,0.58,1.9,5.9,1.7,0.0,0.0,0.0,6.0,5.91,0,0,0,0,0,0,0,0,0,0,0,0
2026-01-02 11:00:00,SGN,29.2,0.0,52,3.4,180,1012.7,44,24140.0,3.19,1.16,1.7,5.4,-0.1,0.0,0.0,0.0,3.6,3.44,0,0,0,0,0,0,0,0,0,0,0,0
2026-01-02 12:00:00,SGN,30.3,0.0,82,6.9,171,1011.7,44,24140.0,6.77,1.32,1.1,4.7,-1.6,0.0,0.0,0.0,6.9,6.77,0,0,0,0,0,0,0,0,0,0,0,0
2026-01-02 13:00:00,SGN,30.8,0.0,15,9.5,195,1010.7,46,24140.0,7.78,5.45,0.5,3.3,-2.3,0.0,0.0,0.0,9.5,7.78,0,0,0,0,0,0,0,0,0,0,0,0
2026-01-02 14:00:00,SGN,31.0,0.0,12,9.5,205,1009.7,45,24140.0,6.72,6.72,0.2,1.8,-3.0,0.0,0.0,0.0,9.5,7.78,0,0,0,0,0,0,0,0,0,0,0,0
2026-01-02 15:00:00,SGN,31.2,0.0,38,7.9,196,1009.5,44,24140.0,6.39,4.64,0.2,0.9,-2.2,0.0,0.0,0.0,9.5,7.78,0,0,0,0,0,0,0,0,0,0,0,0
2026-01-02 16:00:00,SGN,30.2,0.0,33,8.3,186,1009.7,44,24140.0,7.46,3.64,-1.0,-0.6,-1.0,0.0,0.0,0.0,9.5,7.46,0,0,0,0,0,0,0,0,0,0,0,0
2026-01-02 17:00:00,SGN,28.5,0.0,4,10.4,179,1010.2,48,24140.0,9.83,3.39,-1.7,-2.5,0.5,0.0,0.0,0.0,10.4,9.83,0,0,0,0,0,0,0,0,0,0,0,0
2026-01-02 18:00:00,SGN,26.8,0.0,1,10.3,184,1010.8,54,24140.0,9.41,4.19,-1.7,-4.4,1.3,0.0,0.0,0.0,10.4,9.83,0,0,0,0,0,0,0,0,0,0,0,0
2026-01-02 19:00:00,SGN,26.1,0.0,14,8.9,205,1011.3,65,24140.0,6.29,6.29,-0.7,-4.1,1.6,0.0,0.0,0.0,10.4,9.83,0,0,0,0,0,0,0,0,0,0,0,0
2026-01-02 20:00:00,SGN,26.0,0.0,31,7.8,172,1011.9,66,24140.0,7.63,1.62,-0.1,-2.5,1.7,0.0,0.0,0.0,10.3,9.41,0,0,0,0,0,0,0,0,0,0,0,0
2026-01-02 21:00:00,SGN,25.5,0.0,15,8.0,157,1012.4,72,24140.0,7.99,-0.42,-0.5,-1.3,1.6,0.0,0.0,0.0,8.9,7.99,0,0,0,0,0,0,0,0,0,0,0,0
2026-01-02 22:00:00,SGN,25.0,0.0,49,4.4,9,1012.5,76,24140.0,3.85,-2.13,-0.5,-1.1,1.2,0.0,0.0,0.0,8.0,7.99,0,0,0,0,0,0,0,0,0,0,0,0
2026-01-02 23:00:00,SGN,25.0,0.0,31,8.3,318,1012.6,70,24140.0,7.7,3.11,0.0,-1.0,0.7,0.0,0.0,0.0,8.3,7.99,0,0,0,0,0,0,0,0,0,0,0,0
2026-01-03 00:00:00,SGN,24.5,0.0,2,10.5,344,1012.8,63,24140.0,10.47,-0.73,-0.5,-1.0,0.4,0.0,0.0,0.0,10.5,10.47,0,0,0,0,0,0,0,0,0,0,0,0
2026-01-03 01:00:00,SGN,23.8,0.0,0,7.9,343,1012.5,64,24140.0,7.89,-0.41,-0.7,-1.2,0.0,0.0,0.0,0.0,10.5,10.47,0,0,0,0,0,0,0,0,0,0,0,0
2026-01-03 02:00:00,SGN,23.0,0.0,0,6.8,338,1012.1,67,24140.0,6.8,0.24,-0.8,-2.0,-0.5,0.0,0.0,0.0,10.5,10.47,0,0,0,0,0,0,0,0,0,0,0,0
2026-01-03 03:00:00,SGN,22.2,0.0,0,8.5,333,1011.8,69,24140.0,8.44,1.04,-0.8,-2.3,-1.0,0.0,0.0,0.0,8.5,8.44,0,0,0,0,0,0,0,0,0,0,0,0
2026-01-03 04:00:00,SGN,21.6,0.0,0,8.9,347,1011.6,68,24140.0,8.83,-1.08,-0.6,-2.2,-0.9,0.0,0.0,0.0,8.9,8.83,0,0,0,0,0,0,0,0,0,0,0,0
2026-01-03 05:00:00,SGN,21.1,0.0,2,7.0,4,1012.0,69,24140.0,6.39,-2.85,-0.5,-1.9,-0.1,0.0,0.0,0.0,8.9,8.83,0,0,0,0,0,0,0,0,0,0,0,0
2026-01-03 06:00:00,SGN,20.9,0.0,5,5.1,352,1012.5,69,24140.0,4.99,-1.06,-0.2,-1.3,0.7,0.0,0.0,0.0,8.9,8.83,0,0,0,0,0,0,0,0,0,0,0,0
2026-01-03 07:00:00,SGN,21.1,0.0,6,6.3,358,1013.1,68,24140.0,5.99,-1.95,0.2,-0.5,1.5,0.0,0.0,0.0,7.0,6.39,0,0,0,0,0,0,0,0,0,0,0,0
2026-01-03 08:00:00,SGN,23.5,0.0,2,4.2,18,1014.2,58,24140.0,3.31,-2.59,2.4,2.4,2.2,0.0,0.0,0.0,6.3,5.99,0,0,0,0,0,0,0,0,0,0,0,0
2026-01-03 09:00:00,SGN,25.7,0.0,0,3.9,68,1014.5,54,24140.0,0.14,-3.9,2.2,4.8,2.0,0.0,0.0,0.0,6.3,5.99,0,0,0,0,0,0,0,0,0,0,0,0
2026-01-03 10:00:00,SGN,27.6,0.0,0,4.5,140,1014.4,50,24140.0,4.23,-1.54,1.9,6.5,1.3,0.0,0.0,0.0,4.5,4.23,0,0,0,0,0,0,0,0,0,0,0,0
2026-01-03 11:00:00,SGN,29.0,0.0,0,6.5,177,1014.0,47,24140.0,6.22,1.9,1.4,5.5,-0.2,0.0,0.0,0.0,6.5,6.22,0,0,0,0,0,0,0,0,0,0,0,0
2026-01-03 12:00:00,SGN,30.6,0.0,72,6.5,182,1012.9,43,24140.0,6.03,2.43,1.6,4.9,-1.6,0.0,0.0,0.0,6.5,6.22,0,0,0,0,0,0,0,0,0,0,0,0
2026-01-03 13:00:00,SGN,29.8,0.0,89,7.9,183,1011.9,45,24140.0,7.27,3.09,-0.8,2.2,-2.5,0.0,0.0,0.0,7.9,7.27,0,0,0,0,0,0,0,0,0,0,0,0
2026-01-03 14:00:00,SGN,30.1,0.0,97,7.2,176,1010.7,45,24140.0,6.92,1.98,0.3,1.1,-3.3,0.0,0.0,0.0,7.9,7.27,0,0,0,0,0,0,0,0,0,0,0,0
2026-01-03 15:00:00,SGN,30.0,0.0,100,5.6,173,1010.0,45,24140.0,5.46,1.26,-0.1,-0.6,-2.9,0.0,0.0,0.0,7.9,7.27,0,0,0,0,0,0,0,0,0,0,0,0
2026-01-03 16:00:00,SGN,29.7,0.0,100,5.2,182,1009.8,46,24140.0,4.82,1.95,-0.3,-0.1,-2.1,0.0,0.0,0.0,7.2,6.92,0,0,0,0,0,0,0,0,0,0,0,0
2026-01-03 17:00:00,SGN,28.9,0.0,98,9.0,174,1010.3,48,24140.0,8.73,2.18,-0.8,-1.2,-0.4,0.0,0.0,0.0,9.0,8.73,0,0,0,0,0,0,0,0,0,0,0,0
2026-01-03 18:00:00,SGN,27.1,0.0,99,11.5,172,1010.8,56,24140.0,11.25,2.39,-1.8,-2.9,0.8,0.0,0.0,0.0,11.5,11.25,0,0,0,0,0,0,0,0,0,0,0,0
2026-01-03 19:00:00,SGN,26.6,0.0,100,8.9,186,1011.1,61,24140.0,8.0,3.9,-0.5,-3.1,1.3,0.0,0.0,0.0,11.5,11.25,0,0,0,0,0,0,0,0,0,0,0,0
2026-01-03 20:00:00,SGN,26.0,0.0,100,8.7,163,1012.1,64,24140.0,8.69,0.46,-0.6,-2.9,1.8,0.0,0.0,0.0,11.5,11.25,0,0,0,0,0,0,0,0,0,0,0,0
2026-01-03 21:00:00,SGN,25.2,0.0,100,6.7,177,1012.3,66,24140.0,6.41,1.96,-0.8,-1.9,1.5,0.0,0.0,0.0,8.9,8.69,0,0,0,0,0,0,0,0,0,0,0,0
2026-01-03 22:00:00,SGN,24.6,0.0,100,3.2,227,1012.2,70,24140.0,1.25,2.95,-0.6,-2.0,1.1,0.0,0.0,0.0,8.7,8.69,0,0,0,0,0,0,0,0,0,0,0,0
2026-01-03 23:00:00,SGN,24.0,0.0,100,4.8,333,1012.7,74,24140.0,4.76,0.58,-0.6,-2.0,0.6,0.0,0.0,0.0,6.7,6.41,0,0,0,0,0,0,0,0,0,0,0,0
2026-01-04 00:00:00,SGN,23.5,0.0,100,5.4,296,1012.9,76,24140.0,3.88,3.75,-0.5,-1.7,0.6,0.0,0.0,0.0,5.4,4.76,0,0,0,0,0,0,0,0,0,0,0,0
2026-01-04 01:00:00,SGN,22.9,0.0,96,6.6,313,1012.4,81,24140.0,5.88,3.0,-0.6,-1.7,0.2,0.0,0.0,0.0,6.6,5.88,0,0,0,0,0,0,0,0,0,0,0,0
2026-01-04 02:00:00,SGN,22.4,0.0,95,7.1,339,1012.0,75,24140.0,7.1,0.12,-0.5,-1.6,-0.7,0.0,0.0,0.0,7.1,7.1,0,0,0,0,0,0,0,0,0,0,0,0
2026-01-04 03:00:00,SGN,21.8,0.0,99,8.7,333,1011.5,70,24140.0,8.64,1.06,-0.6,-1.7,-1.4,0.0,0.0,0.0,8.7,8.64,0,0,0,0,0,0,0,0,0,0,0,0
2026-01-04 04:00:00,SGN,21.1,0.0,88,8.9,335,1011.7,70,24140.0,8.87,0.78,-0.7,-1.8,-0.7,0.0,0.0,0.0,8.9,8.87,0,0,0,0,0,0,0,0,0,0,0,0
2026-01-04 05:00:00,SGN,20.5,0.0,19,8.2,341,1012.3,72,24140.0,8.2,-0.14,-0.6,-1.9,0.3,0.0,0.0,0.0,8.9,8.87,0,0,0,0,0,0,0,0,0,0,0,0
2026-01-04 06:00:00,SGN,20.0,0.0,83,8.2,338,1012.7,74,24140.0,8.2,0.29,-0.5,-1.8,1.2,0.0,0.0,0.0,8.9,8.87,0,0,0,0,0,0,0,0,0,0,0,0
2026-01-04 07:00:00,SGN,20.8,0.0,89,7.7,336,1013.3,73,24140.0,7.68,0.54,0.8,-0.3,1.6,0.0,0.0,0.0,8.2,8.2,0,0,0,0,0,0,0,0,0,0,0,0
2026-01-04 08:00:00,SGN,23.0,0.0,80,6.5,337,1014.3,64,24140.0,6.49,0.34,2.2,2.5,2.0,0.0,0.0,0.0,8.2,8.2,0,0,0,0,0,0,0,0,0,0,0,0
2026-01-04 09:00:00,SGN,25.5,0.0,68,6.7,355,1014.9,55,24140.0,6.47,-1.73,2.5,5.5,2.2,0.0,0.0,0.0,7.7,7.68,0,0,0,0,0,0,0,0,0,0,0,0
2026-01-04 10:00:00,SGN,27.9,0.0,58,6.7,3,1014.1,47,24140.0,6.17,-2.62,2.4,7.1,0.8,0.0,0.0,0.0,6.7,6.49,0,0,0,0,0,0,0,0,0,0,0,0
2026-01-04 11:00:00,SGN,29.9,0.0,97,5.7,9,1013.1,42,24140.0,4.99,-2.76,2.0,6.9,-1.2,0.0,0.0,0.0,6.7,6.47,0,0,0,0,0,0,0,0,0,0,0,0
2026-01-04 12:00:00,SGN,31.5,0.0,99,3.5,12,1011.9,36,24140.0,2.97,-1.85,1.6,6.0,-3.0,0.0,0.0,0.0,6.7,6.17,0,0,0,0,0,0,0,0,0,0,0,0
2026-01-04 13:00:00,SGN,32.1,0.0,8,3.9,16,1010.7,35,24140.0,3.16,-2.29,0.6,4.2,-3.4,0.0,0.0,0.0,5.7,4.99,0,0,0,0,0,0,0,0,0,0,0,0
2026-01-04 14:00:00,SGN,33.0,0.0,46,2.5,60,1009.5,34,24140.0,0.43,-2.46,0.9,3.1,-3.6,0.0,0.0,0.0,3.9,3.16,0,0,0,0,0,0,0,0,0,0,0,0
2026-01-04 15:00:00,SGN,33.2,0.0,100,3.8,85,1008.9,33,24140.0,0.98,-3.67,0.2,1.7,-3.0,0.0,0.0,0.0,3.9,3.16,0,0,0,0,0,0,0,0,0,0,0,0
2026-01-04 16:00:00,SGN,33.0,0.0,100,7.4,86,1008.7,35,24140.0,2.04,-7.11,-0.2,0.9,-2.0,0.0,0.0,0.0,7.4,2.04,0,0,0,0,0,0,0,0,0,0,0,0
2026-01-04 17:00:00,SGN,31.6,0.0,100,6.8,107,1009.1,38,24140.0,4.09,-5.43,-1.4,-1.4,-0.4,0.0,0.0,0.0,7.4,4.09,0,0,0,0,0,0,0,0,0,0,0,0
2026-01-04 18:00:00,SGN,30.1,0.0,100,5.6,209,1009.8,44,24140.0,3.67,4.23,-1.5,-3.1,0.9,0.0,0.0,0.0,7.4,4.09,0,0,0,0,0,0,0,0,0,0,0,0
2026-01-04 19:00:00,SGN,28.0,0.0,100,10.5,173,1011.1,58,24140.0,10.23,2.36,-2.1,-5.0,2.4,0.0,0.0,0.0,10.5,10.23,0,0,0,0,0,0,0,0,0,0,0,0
2026-01-04 20:00:00,SGN,26.1,0.0,100,10.6,141,1012.3,68,24140.0,10.02,-3.45,-1.9,-5.5,3.2,0.0,0.0,0.0,10.6,10.23,0,0,0,0,0,0,0,0,0,0,0,0
2026-01-04 21:00:00,SGN,25.3,0.0,100,8.7,138,1012.4,72,24140.0,8.07,-3.26,-0.8,-4.8,2.6,0.0,0.0,0.0,10.6,10.23,0,0,0,0,0,0,0,0,0,0,0,0
2026-01-04 22:00:00,SGN,25.0,0.0,100,6.0,164,1012.5,75,24140.0,5.99,0.42,-0.3,-3.0,1.4,0.0,0.0,0.0,10.6,10.02,0,0,0,0,0,0,0,0,0,0,0,0
2026-01-04 23:00:00,SGN,24.8,0.0,100,4.2,190,1012.3,76,24140.0,3.64,2.1,-0.2,-1.3,0.0,0.0,0.0,0.0,8.7,8.07,0,0,0,0,0,0,0,0,0,0,0,0
2026-01-05 00:00:00,SGN,24.5,0.0,100,2.5,184,1012.3,77,24140.0,2.28,1.02,-0.3,-0.8,-0.1,0.0,0.0,0.0,6.0,5.99,0,0,0,0,0,0,0,0,0,0,0,0
2026-01-05 01:00:00,SGN,24.2,0.0,100,1.8,264,1011.8,81,24140.0,0.44,1.75,-0.3,-0.8,-0.7,0.0,0.0,0.0,4.2,3.64,0,0,0,0,0,0,0,0,0,0,0,0
2026-01-05 02:00:00,SGN,24.0,0.0,100,3.6,307,1011.2,82,24140.0,3.02,1.96,-0.2,-0.8,-1.1,0.0,0.0,0.0,3.6,3.02,0,0,0,0,0,0,0,0,0,0,0,0
2026-01-05 03:00:00,SGN,24.0,0.0,100,4.6,318,1010.6,82,24140.0,4.27,1.72,0.0,-0.5,-1.7,0.0,0.0,0.0,4.6,4.27,0,0,0,0,0,0,0,0,0,0,0,0
2026-01-05 04:00:00,SGN,23.7,0.0,100,4.6,342,1010.6,84,24140.0,4.6,-0.16,-0.3,-0.5,-1.2,0.0,0.0,0.0,4.6,4.6,0,0,0,0,0,0,0,0,0,0,0,0
2026-01-05 05:00:00,SGN,23.8,0.0,100,3.4,3,1011.0,83,24140.0,3.13,-1.33,0.1,-0.2,-0.2,0.0,0.0,0.0,4.6,4.6,0,0,0,0,0,0,0,0,0,0,0,0
2026-01-05 06:00:00,SGN,23.9,0.0,100,3.7,349,1011.5,81,24140.0,3.65,-0.58,0.1,-0.1,0.9,0.0,0.0,0.0,4.6,4.6,0,0,0,0,0,0,0,0,0,0,0,0
2026-01-05 07:00:00,SGN,24.1,0.0,100,2.4,333,1012.3,83,24140.0,2.38,0.29,0.2,0.4,1.7,0.0,0.0,0.0,3.7,3.65,0,0,0,0,0,0,0,0,0,0,0,0
2026-01-05 08:00:00,SGN,25.3,0.0,100,3.0,346,1013.1,76,24140.0,2.98,-0.31,1.2,1.5,2.1,0.0,0.0,0.0,3.7,3.65,0,0,0,0,0,0,0,0,0,0,0,0
2026-01-05 09:00:00,SGN,26.9,0.0,97,2.6,335,1013.6,66,24140.0,2.59,0.23,1.6,3.0,2.1,0.0,0.0,0.0,3.0,2.98,0,0,0,0,0,0,0,0,0,0,0,0
2026-01-05 10:00:00,SGN,29.1,0.0,20,2.5,330,1013.3,56,24140.0,2.46,0.43,2.2,5.0,1.0,0.0,0.0,0.0,3.0,2.98,0,0,0,0,0,0,0,0,0,0,0,0
2026-01-05 11:00:00,SGN,30.6,0.0,87,3.1,324,1012.7,50,24140.0,2.98,0.85,1.5,5.3,-0.4,0.0,0.0,0.0,3.1,2.98,0,0,0,0,0,0,0,0,0,0,0,0
2026-01-05 12:00:00,SGN,31.4,0.0,96,1.5,315,1012.0,47,24140.0,1.36,0.63,0.8,4.5,-1.6,0.0,0.0,0.0,3.1,2.98,0,0,0,0,0,0,0,0,0,0,0,0
2026-01-05 13:00:00,SGN,31.6,0.0,95,2.6,304,1011.0,46,24140.0,2.1,1.53,0.2,2.5,-2.3,0.0,0.0,0.0,3.1,2.98,0,0,0,0,0,0,0,0,0,0,0,0
2026-01-05 14:00:00,SGN,32.0,0.0,89,4.0,291,1010.1,46,24140.0,2.62,3.02,0.4,1.4,-2.6,0.0,0.0,0.0,4.0,2.62,0,0,0,0,0,0,0,0,0,0,0,0
2026-01-05 15:00:00,SGN,31.5,0.2,95,2.9,277,1009.7,47,24140.0,1.32,2.58,-0.5,0.1,-2.3,0.2,0.2,0.2,4.0,2.62,1,0,0,0,0,0,0,0,1,1,0,1
2026-01-05 16:00:00,SGN,30.8,0.0,98,4.1,322,1009.9,50,24140.0,3.9,1.27,-0.7,-0.8,-1.1,0.0,0.2,0.2,4.1,3.9,0,0,0,0,0,0,0,0,0,0,0,0
2026-01-05 17:00:00,SGN,29.9,0.0,96,5.9,301,1010.4,53,24140.0,4.59,3.71,-0.9,-2.1,0.3,0.0,0.2,0.2,5.9,4.59,0,0,0,0,0,0,0,0,0,0,0,0
2026-01-05 18:00:00,SGN,28.6,0.0,100,1.9,311,1011.6,59,24140.0,1.66,0.92,-1.3,-2.9,1.9,0.0,0.0,0.2,5.9,4.59,0,0,0,0,0,0,0,0,0,0,0,0
2026-01-05 19:00:00,SGN,27.0,0.1,100,6.3,90,1012.2,75,24140.0,2.15,-5.92,-1.6,-3.8,2.3,0.1,0.1,0.3,6.3,4.59,1,0,0,0,0,0,0,0,1,1,0,1
2026-01-05 20:00:00,SGN,26.5,0.0,100,9.0,113,1012.8,78,24140.0,6.14,-6.58,-0.5,-3.4,2.4,0.0,0.1,0.3,9.0,6.14,0,0,0,0,0,0,0,0,0,0,0,0
2026-01-05 21:00:00,SGN,25.5,0.0,99,10.1,129,1013.2,85,24140.0,8.66,-5.2,-1.0,-3.1,1.6,0.0,0.1,0.1,10.1,8.66,0,0,0,0,0,0,0,0,0,0,0,0
2026-01-05 22:00:00,SGN,24.7,0.0,92,7.3,132,1012.9,88,24140.0,6.45,-3.43,-0.8,-2.3,0.7,0.0,0.0,0.1,10.1,8.66,0,0,0,0,0,0,0,0,0,0,0,0
2026-01-05 23:00:00,SGN,24.6,0.0,100,3.9,133,1012.6,87,24140.0,3.47,-1.77,-0.1,-1.9,-0.2,0.0,0.0,0.1,10.1,8.66,0,0,0,0,0,0,0,0,0,0,0,0
2026-01-06 00:00:00,SGN,24.5,0.0,46,2.3,135,1012.3,87,24140.0,2.08,-0.97,-0.1,-1.0,-0.9,0.0,0.0,0.1,7.3,6.45,0,0,0,0,0,0,0,0,0,0,0,0
2026-01-06 01:00:00,SGN,24.8,0.0,100,3.0,155,1011.7,87,16380.0,2.99,-0.26,0.3,0.1,-1.2,0.0,0.0,0.0,3.9,3.47,0,0,0,0,0,0,0,0,0,0,0,0
2026-01-06 02:00:00,SGN,24.7,0.0,100,4.4,189,1011.7,88,23980.0,3.85,2.13,-0.1,0.1,-0.9,0.0,0.0,0.0,4.4,3.85,0,0,0,0,0,0,0,0,0,0,0,0
2026-01-06 03:00:00,SGN,24.5,0.0,100,2.0,280,1011.3,89,24140.0,1.0,1.73,-0.2,0.0,-1.0,0.0,0.0,0.0,4.4,3.85,0,0,0,0,0,0,0,0,0,0,0,0
2026-01-06 04:00:00,SGN,24.0,0.0,99,4.1,315,1011.2,92,24140.0,3.72,1.73,-0.5,-0.8,-0.5,0.0,0.0,0.0,4.4,3.85,0,0,0,0,0,0,0,0,0,0,0,0
2026-01-06 05:00:00,SGN,23.8,0.0,100,4.5,317,1011.6,94,24140.0,4.14,1.76,-0.2,-0.9,-0.1,0.0,0.0,0.0,4.5,4.14,0,0,0,0,0,0,0,0,0,0,0,0
2026-01-06 06:00:00,SGN,23.5,0.0,100,6.6,325,1011.6,96,24140.0,6.38,1.71,-0.3,-1.0,0.3,0.0,0.0,0.0,6.6,6.38,0,0,0,0,0,0,0,0,0,0,0,0
2026-01-06 07:00:00,SGN,23.9,0.0,100,5.0,316,1012.6,94,24140.0,4.57,2.03,0.4,-0.1,1.4,0.0,0.0,0.0,6.6,6.38,0,0,0,0,0,0,0,0,0,0,0,0
2026-01-06 08:00:00,SGN,25.7,0.0,100,3.8,301,1013.4,82,24140.0,2.95,2.39,1.8,1.9,1.8,0.0,0.0,0.0,6.6,6.38,0,0,0,0,0,0,0,0,0,0,0,0
2026-01-06 09:00:00,SGN,27.3,0.1,100,2.4,283,1013.7,72,24140.0,1.31,2.01,1.6,3.8,2.1,0.1,0.1,0.1,5.0,4.57,1,0,0,0,0,0,0,0,1,1,0,1
2026-01-06 10:00:00,SGN,28.9,0.1,100,1.4,247,1013.5,63,24140.0,0.07,1.4,1.6,5.0,0.9,0.1,0.2,0.2,3.8,2.95,1,0,0,0,0,0,0,0,1,1,0,1
2026-01-06 11:00:00,SGN,29.9,0.0,100,1.8,259,1012.9,58,24140.0,0.28,1.78,1.0,4.2,-0.5,0.0,0.2,0.2,2.4,1.31,0,0,0,0,0,0,0,0,0,0,0,0
2026-01-06 12:00:00,SGN,31.1,0.1,100,2.3,203,1012.2,53,15340.0,1.68,1.57,1.2,3.8,-1.5,0.1,0.2,0.3,2.3,1.68,1,0,0,0,0,0,0,0,1,1,0,1
2026-01-06 13:00:00,SGN,29.8,0.2,100,1.6,63,1011.6,59,24140.0,0.19,-1.59,-1.3,0.9,-1.9,0.2,0.3,0.5,2.3,1.68,1,0,0,0,0,0,0,0,1,1,0,1
2026-01-06 14:00:00,SGN,29.1,0.0,100,4.5,337,1010.6,63,8520.0,4.49,0.24,-0.7,-0.8,-2.3,0.0,0.3,0.5,4.5,4.49,0,0,0,0,0,0,0,0,0,0,0,0
2026-01-06 15:00:00,SGN,26.1,12.5,100,9.8,226,1011.0,79,9180.0,3.99,8.95,-3.0,-5.0,-1.2,12.5,12.7,12.9,9.8,4.49,1,1,0,0,0,0,0,0,1,2,0,2
2026-01-06 16:00:00,SGN,25.0,1.9,100,0.9,101,1011.3,86,10300.0,0.46,-0.77,-1.1,-4.8,-0.3,1.9,14.4,14.7,9.8,4.49,1,0,0,0,0,0,0,0,1,1,0,1
2026-01-06 17:00:00,SGN,24.3,6.4,100,9.2,219,1011.8,91,23340.0,4.74,7.89,-0.7,-4.8,1.2,6.4,20.8,21.1,9.8,4.74,1,1,0,0,0,0,0,0,1,2,0,2
2026-01-06 18:00:00,SGN,24.4,0.4,100,2.3,90,1012.1,91,24140.0,0.79,-2.16,0.1,-1.7,1.1,0.4,8.7,21.4,9.2,4.74,1,0,0,0,0,0,0,0,1,1,0,1
2026-01-06 19:00:00,SGN,25.4,0.1,100,6.9,194,1012.8,83,24140.0,5.72,3.86,1.0,0.4,1.5,0.1,6.9,21.3,9.2,5.72,1,0,0,0,0,0,0,0,1,1,0,1
2026-01-06 20:00:00,SGN,25.4,0.1,100,6.0,171,1013.8,81,24140.0,5.89,1.14,0.0,1.1,2.0,0.1,0.6,21.4,6.9,5.89,1,0,0,0,0,0,0,0,1,1,0,1
2026-01-06 21:00:00,SGN,25.2,0.0,100,2.9,101,1014.3,80,24140.0,1.49,-2.49,-0.2,0.8,2.2,0.0,0.2,8.9,6.9,5.89,0,0,0,0,0,0,0,0,0,0,0,0
2026-01-06 22:00:00,SGN,24.7,0.3,100,6.2,8,1014.0,85,24140.0,5.47,-2.91,-0.5,-0.7,1.2,0.3,0.4,7.3,6.2,5.89,1,0,0,0,0,0,0,0,1,1,0,1
2026-01-06 23:00:00,SGN,24.5,0.0,100,2.3,309,1013.5,86,24140.0,1.97,1.18,-0.2,-0.9,-0.3,0.0,0.3,0.9,6.2,5.47,0,0,0,0,0,0,0,0,0,0,0,0
2026-01-07 00:00:00,SGN,24.0,0.0,99,7.1,354,1013.3,90,24140.0,6.89,-1.72,-0.5,-1.2,-1.0,0.0,0.3,0.5,7.1,6.89,0,0,0,0,0,0,0,0,0,0,0,0
2026-01-07 01:00:00,SGN,24.0,0.0,77,9.9,350,1012.7,92,24140.0,9.75,-1.72,0.0,-0.7,-1.3,0.0,0.0,0.4,9.9,9.75,0,0,0,0,0,0,0,0,0,0,0,0
2026-01-07 02:00:00,SGN,23.2,0.0,100,9.6,357,1012.2,85,24140.0,9.18,-2.81,-0.8,-1.3,-1.3,0.0,0.0,0.3,9.9,9.75,0,0,0,0,0,0,0,0,0,0,0,0
2026-01-07 03:00:00,SGN,22.5,0.0,100,9.2,348,1011.9,80,24140.0,9.11,-1.28,-0.7,-1.5,-1.4,0.0,0.0,0.3,9.9,9.75,0,0,0,0,0,0,0,0,0,0,0,0
2026-01-07 04:00:00,SGN,22.2,0.0,96,8.5,354,1011.7,74,24140.0,8.25,-2.06,-0.3,-1.8,-1.0,0.0,0.0,0.0,9.6,9.18,0,0,0,0,0,0,0,0,0,0,0,0
2026-01-07 05:00:00,SGN,22.0,0.0,100,8.3,5,1012.2,71,24140.0,7.52,-3.51,-0.2,-1.2,0.0,0.0,0.0,0.0,9.2,9.11,0,0,0,0,0,0,0,0,0,0,0,0
2026-01-07 06:00:00,SGN,21.9,0.0,100,7.5,20,1012.7,70,24140.0,5.75,-4.82,-0.1,-0.6,0.8,0.0,0.0,0.0,8.5,8.25,0,0,0,0,0,0,0,0,0,0,0,0
2026-01-07 07:00:00,SGN,22.7,0.0,99,4.4,339,1013.4,73,24140.0,4.4,0.08,0.8,0.5,1.7,0.0,0.0,0.0,8.3,7.52,0,0,0,0,0,0,0,0,0,0,0,0
2026-01-07 08:00:00,SGN,23.6,0.0,100,4.0,342,1014.4,69,24140.0,4.0,-0.14,0.9,1.6,2.2,0.0,0.0,0.0,7.5,5.75,0,0,0,0,0,0,0,0,0,0,0,0
2026-01-07 09:00:00,SGN,25.0,0.0,100,2.7,352,1015.0,68,24140.0,2.64,-0.56,1.4,3.1,2.3,0.0,0.0,0.0,4.4,4.4,0,0,0,0,0,0,0,0,0,0,0,0
2026-01-07 10:00:00,SGN,26.5,0.0,80,1.3,278,1014.9,64,24140.0,0.61,1.15,1.5,3.8,1.5,0.0,0.0,0.0,4.0,4.0,0,0,0,0,0,0,0,0,0,0,0,0
2026-01-07 11:00:00,SGN,28.1,0.0,35,2.7,270,1014.4,58,24140.0,0.92,2.54,1.6,4.5,0.0,0.0,0.0,0.0,2.7,2.64,0,0,0,0,0,0,0,0,0,0,0,0
2026-01-07 12:00:00,SGN,29.5,0.0,94,3.5,294,1013.3,53,24140.0,2.43,2.52,1.4,4.5,-1.7,0.0,0.0,0.0,3.5,2.43,0,0,0,0,0,0,0,0,0,0,0,0
2026-01-07 13:00:00,SGN,30.2,0.0,95,6.1,320,1012.2,51,24140.0,5.73,2.09,0.7,3.7,-2.7,0.0,0.0,0.0,6.1,5.73,0,0,0,0,0,0,0,0,0,0,0,0
2026-01-07 14:00:00,SGN,30.7,0.0,21,6.7,314,1011.2,49,24140.0,6.02,2.94,0.5,2.6,-3.2,0.0,0.0,0.0,6.7,6.02,0,0,0,0,0,0,0,0,0,0,0,0
2026-01-07 15:00:00,SGN,30.6,0.0,57,6.4,313,1010.7,49,24140.0,5.7,2.91,-0.1,1.1,-2.6,0.0,0.0,0.0,6.7,6.02,0,0,0,0,0,0,0,0,0,0,0,0
2026-01-07 16:00:00,SGN,30.7,0.0,19,3.1,280,1010.8,47,24140.0,1.55,2.68,0.1,0.5,-1.4,0.0,0.0,0.0,6.7,6.02,0,0,0,0,0,0,0,0,0,0,0,0
2026-01-07 17:00:00,SGN,30.2,0.0,46,5.9,211,1011.1,48,24140.0,3.71,4.59,-0.5,-0.5,-0.1,0.0,0.0,0.0,6.4,5.7,0,0,0,0,0,0,0,0,0,0,0,0
2026-01-07 18:00:00,SGN,27.5,0.0,100,12.7,169,1012.0,62,24140.0,12.54,1.99,-2.7,-3.1,1.3,0.0,0.0,0.0,12.7,12.54,0,0,0,0,0,0,0,0,0,0,0,0
2026-01-07 19:00:00,SGN,26.0,0.0,63,12.0,164,1013.0,69,24140.0,11.97,0.84,-1.5,-4.7,2.2,0.0,0.0,0.0,12.7,12.54,0,0,0,0,0,0,0,0,0,0,0,0
2026-01-07 20:00:00,SGN,25.5,0.0,43,9.7,153,1013.8,71,24140.0,9.63,-1.18,-0.5,-4.7,2.7,0.0,0.0,0.0,12.7,12.54,0,0,0,0,0,0,0,0,0,0,0,0
2026-01-07 21:00:00,SGN,25.1,0.0,98,7.2,90,1014.2,73,24140.0,2.46,-6.77,-0.4,-2.4,2.2,0.0,0.0,0.0,12.0,11.97,0,0,0,0,0,0,0,0,0,0,0,0
2026-01-07 22:00:00,SGN,24.8,0.0,100,5.0,19,1014.1,74,24140.0,3.89,-3.15,-0.3,-1.2,1.1,0.0,0.0,0.0,9.7,9.63,0,0,0,0,0,0,0,0,0,0,0,0
2026-01-07 23:00:00,SGN,24.4,0.0,96,3.4,3,1013.8,77,24140.0,3.13,-1.33,-0.4,-1.1,0.0,0.0,0.0,0.0,7.2,3.89,0,0,0,0,0,0,0,0,0,0,0,0
2026-01-08 00:00:00,SGN,23.6,0.0,98,10.8,2,1013.7,73,24140.0,10.01,-4.05,-0.8,-1.5,-0.5,0.0,0.0,0.0,10.8,10.01,0,0,0,0,0,0,0,0,0,0,0,0
2026-01-08 01:00:00,SGN,22.8,0.0,100,9.8,355,1013.3,67,24140.0,9.47,-2.54,-0.8,-2.0,-0.8,0.0,0.0,0.0,10.8,10.01,0,0,0,0,0,0,0,0,0,0,0,0
2026-01-08 02:00:00,SGN,22.1,0.0,99,8.1,339,1013.2,69,24140.0,8.1,0.14,-0.7,-2.3,-0.6,0.0,0.0,0.0,10.8,10.01,0,0,0,0,0,0,0,0,0,0,0,0
2026-01-08 03:00:00,SGN,21.6,0.0,72,6.5,326,1013.2,71,24140.0,6.31,1.57,-0.5,-2.0,-0.5,0.0,0.0,0.0,9.8,9.47,0,0,0,0,0,0,0,0,0,0,0,0
2026-01-08 04:00:00,SGN,21.1,0.0,0,5.4,320,1013.5,72,24140.0,5.07,1.85,-0.5,-1.7,0.2,0.0,0.0,0.0,8.1,8.1,0,0,0,0,0,0,0,0,0,0,0,0
2026-01-08 05:00:00,SGN,20.9,0.0,8,5.0,319,1014.0,73,24140.0,4.67,1.79,-0.2,-1.2,0.8,0.0,0.0,0.0,6.5,6.31,0,0,0,0,0,0,0,0,0,0,0,0
2026-01-08 06:00:00,SGN,20.5,0.0,2,5.8,330,1014.7,73,24140.0,5.71,1.01,-0.4,-1.1,1.5,0.0,0.0,0.0,5.8,5.71,0,0,0,0,0,0,0,0,0,0,0,0
2026-01-08 07:00:00,SGN,21.1,0.0,5,5.6,327,1015.3,72,24140.0,5.46,1.26,0.6,0.0,1.8,0.0,0.0,0.0,5.8,5.71,0,0,0,0,0,0,0,0,0,0,0,0
2026-01-08 08:00:00,SGN,23.1,0.0,52,5.7,347,1016.3,62,24140.0,5.66,-0.69,2.0,2.2,2.3,0.0,0.0,0.0,5.8,5.71,0,0,0,0,0,0,0,0,0,0,0,0
2026-01-08 09:00:00,SGN,25.0,0.0,5,5.4,360,1016.7,55,24140.0,5.07,-1.85,1.9,4.5,2.0,0.0,0.0,0.0,5.7,5.66,0,0,0,0,0,0,0,0,0,0,0,0
2026-01-08 10:00:00,SGN,26.5,0.0,41,4.7,356,1016.3,52,24140.0,4.52,-1.3,1.5,5.4,1.0,0.0,0.0,0.0,5.7,5.66,0,0,0,0,0,0,0,0,0,0,0,0
2026-01-08 11:00:00,SGN,27.9,0.0,89,2.7,360,1015.5,49,24140.0,2.54,-0.92,1.4,4.8,-0.8,0.0,0.0,0.0,5.4,5.07,0,0,0,0,0,0,0,0,0,0,0,0
2026-01-08 12:00:00,SGN,29.0,0.0,93,4.0,18,1014.6,47,24140.0,3.15,-2.46,1.1,4.0,-2.1,0.0,0.0,0.0,4.7,4.52,0,0,0,0,0,0,0,0,0,0,0,0
2026-01-08 13:00:00,SGN,30.2,0.0,99,6.7,8,1013.5,43,24140.0,5.92,-3.15,1.2,3.7,-2.8,0.0,0.0,0.0,6.7,5.92,0,0,0,0,0,0,0,0,0,0,0,0
2026-01-08 14:00:00,SGN,30.7,0.0,100,9.5,21,1012.4,40,24140.0,7.17,-6.23,0.5,2.8,-3.1,0.0,0.0,0.0,9.5,7.17,0,0,0,0,0,0,0,0,0,0,0,0
2026-01-08 15:00:00,SGN,30.7,0.0,100,10.6,32,1011.5,40,24140.0,6.53,-8.35,0.0,1.7,-3.1,0.0,0.0,0.0,10.6,7.17,0,0,0,0,0,0,0,0,0,0,0,0
2026-01-08 16:00:00,SGN,30.6,0.0,97,9.7,42,1011.4,39,24140.0,4.55,-8.56,-0.1,0.4,-2.1,0.0,0.0,0.0,10.6,7.17,0,0,0,0,0,0,0,0,0,0,0,0
2026-01-08 17:00:00,SGN,29.9,0.0,80,7.4,41,1011.8,37,24140.0,3.59,-6.47,-0.7,-0.8,-0.6,0.0,0.0,0.0,10.6,6.53,0,0,0,0,0,0,0,0,0,0,0,0
2026-01-08 18:00:00,SGN,28.8,0.0,70,8.0,6,1012.4,40,24140.0,7.19,-3.51,-1.1,-1.9,0.9,0.0,0.0,0.0,9.7,7.19,0,0,0,0,0,0,0,0,0,0,0,0
2026-01-08 19:00:00,SGN,26.0,0.0,88,10.6,152,1013.7,65,24140.0,10.5,-1.48,-2.8,-4.6,2.3,0.0,0.0,0.0,10.6,10.5,0,0,0,0,0,0,0,0,0,0,0,0
2026-01-08 20:00:00,SGN,24.8,0.0,1,5.2,131,1014.8,70,24140.0,4.55,-2.52,-1.2,-5.1,3.0,0.0,0.0,0.0,10.6,10.5,0,0,0,0,0,0,0,0,0,0,0,0
2026-01-08 21:00:00,SGN,24.1,0.0,12,5.8,83,1015.2,73,24140.0,1.3,-5.65,-0.7,-4.7,2.8,0.0,0.0,0.0,10.6,10.5,0,0,0,0,0,0,0,0,0,0,0,0
2026-01-08 22:00:00,SGN,23.5,0.0,2,6.2,17,1014.8,76,24140.0,4.95,-3.73,-0.6,-2.5,1.1,0.0,0.0,0.0,6.2,4.95,0,0,0,0,0,0,0,0,0,0,0,0
2026-01-08 23:00:00,SGN,22.6,0.0,100,10.7,5,1014.4,72,24140.0,9.7,-4.52,-0.9,-2.2,-0.4,0.0,0.0,0.0,10.7,9.7,0,0,0,0,0,0,0,0,0,0,0,0
2026-01-09 00:00:00,SGN,21.6,0.0,100,9.2,337,1014.5,60,24140.0,9.19,0.48,-1.0,-2.5,-0.7,0.0,0.0,0.0,10.7,9.7,0,0,0,0,0,0,0,0,0,0,0,0
2026-01-09 01:00:00,SGN,20.8,0.0,100,10.1,327,1014.3,60,24140.0,9.84,2.27,-0.8,-2.7,-0.5,0.0,0.0,0.0,10.7,9.84,0,0,0,0,0,0,0,0,0,0,0,0
2026-01-09 02:00:00,SGN,19.8,0.0,100,10.3,325,1013.7,63,24140.0,9.95,2.67,-1.0,-2.8,-0.7,0.0,0.0,0.0,10.3,9.95,0,0,0,0,0,0,0,0,0,0,0,0
2026-01-09 03:00:00,SGN,19.0,0.0,100,10.0,332,1013.5,64,24140.0,9.9,1.39,-0.8,-2.6,-1.0,0.0,0.0,0.0,10.3,9.95,0,0,0,0,0,0,0,0,0,0,0,0
2026-01-09 04:00:00,SGN,18.5,0.0,100,9.2,332,1013.4,64,24140.0,9.11,1.28,-0.5,-2.3,-0.9,0.0,0.0,0.0,10.3,9.95,0,0,0,0,0,0,0,0,0,0,0,0
2026-01-09 05:00:00,SGN,18.1,0.0,100,7.4,331,1014.2,64,24140.0,7.31,1.16,-0.4,-1.7,0.5,0.0,0.0,0.0,10.0,9.9,0,0,0,0,0,0,0,0,0,0,0,0
2026-01-09 06:00:00,SGN,17.9,0.0,100,7.4,338,1014.8,66,24140.0,7.4,0.26,-0.2,-1.1,1.3,0.0,0.0,0.0,9.2,9.11,0,0,0,0,0,0,0,0,0,0,0,0
2026-01-09 07:00:00,SGN,18.0,0.0,3,8.4,337,1015.4,69,24140.0,8.39,0.44,0.1,-0.5,2.0,0.0,0.0,0.0,8.4,8.39,0,0,0,0,0,0,0,0,0,0,0,0
2026-01-09 08:00:00,SGN,20.2,0.0,5,6.8,3,1016.6,61,24140.0,6.26,-2.66,2.2,2.1,2.4,0.0,0.0,0.0,8.4,8.39,0,0,0,0,0,0,0,0,0,0,0,0
2026-01-09 09:00:00,SGN,22.4,0.0,1,6.2,36,1016.9,55,24140.0,3.47,-5.14,2.2,4.5,2.1,0.0,0.0,0.0,8.4,8.39,0,0,0,0,0,0,0,0,0,0,0,0
2026-01-09 10:00:00,SGN,24.5,0.0,55,4.5,23,1016.1,49,24140.0,3.29,-3.07,2.1,6.5,0.7,0.0,0.0,0.0,6.8,6.26,0,0,0,0,0,0,0,0,0,0,0,0
2026-01-09 11:00:00,SGN,26.4,0.0,95,3.1,28,1015.2,44,24140.0,2.07,-2.3,1.9,6.2,-1.4,0.0,0.0,0.0,6.2,3.47,0,0,0,0,0,0,0,0,0,0,0,0
2026-01-09 12:00:00,SGN,27.9,0.0,31,3.1,40,1014.0,39,24140.0,1.55,-2.68,1.5,5.5,-2.9,0.0,0.0,0.0,4.5,3.29,0,0,0,0,0,0,0,0,0,0,0,0
2026-01-09 13:00:00,SGN,28.5,0.0,70,4.2,5,1012.6,37,24140.0,3.81,-1.77,0.6,4.0,-3.5,0.0,0.0,0.0,4.2,3.81,0,0,0,0,0,0,0,0,0,0,0,0
2026-01-09 14:00:00,SGN,29.5,0.0,98,6.0,16,1011.6,35,24140.0,4.85,-3.53,1.0,3.1,-3.6,0.0,0.0,0.0,6.0,4.85,0,0,0,0,0,0,0,0,0,0,0,0
2026-01-09 15:00:00,SGN,29.5,0.0,100,7.8,29,1011.2,36,24140.0,5.12,-5.89,0.0,1.6,-2.8,0.0,0.0,0.0,7.8,5.12,0,0,0,0,0,0,0,0,0,0,0,0
2026-01-09 16:00:00,SGN,28.9,0.0,98,7.6,45,1011.4,40,24140.0,3.21,-6.89,-0.6,0.4,-1.2,0.0,0.0,0.0,7.8,5.12,0,0,0,0,0,0,0,0,0,0,0,0
2026-01-09 17:00:00,SGN,28.0,0.0,99,5.2,76,1011.7,44,24140.0,0.54,-5.17,-0.9,-1.5,0.1,0.0,0.0,0.0,7.8,5.12,0,0,0,0,0,0,0,0,0,0,0,0
2026-01-09 18:00:00,SGN,27.0,0.0,96,7.9,131,1012.4,47,24140.0,6.91,-3.83,-1.0,-2.5,1.2,0.0,0.0,0.0,7.9,6.91,0,0,0,0,0,0,0,0,0,0,0,0
2026-01-09 19:00:00,SGN,26.2,0.0,100,11.1,166,1013.0,51,24140.0,11.04,1.16,-0.8,-2.7,1.6,0.0,0.0,0.0,11.1,11.04,0,0,0,0,0,0,0,0,0,0,0,0
2026-01-09 20:00:00,SGN,24.4,0.0,100,11.5,160,1014.0,66,24140.0,11.5,0.0,-1.8,-3.6,2.3,0.0,0.0,0.0,11.5,11.5,0,0,0,0,0,0,0,0,0,0,0,0
2026-01-09 21:00:00,SGN,23.9,0.0,100,10.2,159,1014.2,70,24140.0,10.2,-0.18,-0.5,-3.1,1.8,0.0,0.0,0.0,11.5,11.5,0,0,0,0,0,0,0,0,0,0,0,0
2026-01-09 22:00:00,SGN,23.6,0.0,100,8.2,147,1013.9,72,24140.0,7.99,-1.84,-0.3,-2.6,0.9,0.0,0.0,0.0,11.5,11.5,0,0,0,0,0,0,0,0,0,0,0,0
2026-01-09 23:00:00,SGN,23.4,0.0,100,3.3,81,1013.8,73,24140.0,0.63,-3.24,-0.2,-1.0,-0.2,0.0,0.0,0.0,10.2,10.2,0,0,0,0,0,0,0,0,0,0,0,0
2026-01-10 00:00:00,SGN,22.6,0.0,100,4.5,344,1014.0,77,24140.0,4.49,-0.31,-0.8,-1.3,-0.2,0.0,0.0,0.0,8.2,7.99,0,0,0,0,0,0,0,0,0,0,0,0
2026-01-10 01:00:00,SGN,21.9,0.0,100,5.3,308,1013.2,81,24140.0,4.49,2.81,-0.7,-1.7,-0.7,0.0,0.0,0.0,5.3,4.49,0,0,0,0,0,0,0,0,0,0,0,0
2026-01-10 02:00:00,SGN,21.4,0.0,100,6.5,283,1012.8,83,24140.0,3.54,5.45,-0.5,-2.0,-1.0,0.0,0.0,0.0,6.5,4.49,0,0,0,0,0,0,0,0,0,0,0,0
2026-01-10 03:00:00,SGN,20.5,0.0,100,8.3,311,1012.5,86,24140.0,7.26,4.02,-0.9,-2.1,-1.5,0.0,0.0,0.0,8.3,7.26,0,0,0,0,0,0,0,0,0,0,0,0
2026-01-10 04:00:00,SGN,19.7,0.0,42,8.4,315,1012.7,80,24140.0,7.61,3.55,-0.8,-2.2,-0.5,0.0,0.0,0.0,8.4,7.61,0,0,0,0,0,0,0,0,0,0,0,0
2026-01-10 05:00:00,SGN,19.1,0.0,0,6.9,329,1013.3,70,24140.0,6.77,1.32,-0.6,-2.3,0.5,0.0,0.0,0.0,8.4,7.61,0,0,0,0,0,0,0,0,0,0,0,0
2026-01-10 06:00:00,SGN,18.6,0.0,0,7.0,348,1013.8,68,24140.0,6.93,-0.97,-0.5,-1.9,1.3,0.0,0.0,0.0,8.4,7.61,0,0,0,0,0,0,0,0,0,0,0,0
2026-01-10 07:00:00,SGN,19.0,0.0,0,7.2,332,1014.5,68,24140.0,7.13,1.0,0.4,-0.7,1.8,0.0,0.0,0.0,7.2,7.13,0,0,0,0,0,0,0,0,0,0,0,0
2026-01-10 08:00:00,SGN,21.2,0.0,0,5.3,342,1015.2,60,24140.0,5.3,-0.18,2.2,2.1,1.9,0.0,0.0,0.0,7.2,7.13,0,0,0,0,0,0,0,0,0,0,0,0
2026-01-10 09:00:00,SGN,24.0,0.0,0,6.3,325,1015.5,55,24140.0,6.09,1.63,2.8,5.4,1.7,0.0,0.0,0.0,7.2,7.13,0,0,0,0,0,0,0,0,0,0,0,0
2026-01-10 10:00:00,SGN,26.1,0.0,2,5.7,311,1015.2,54,24140.0,4.99,2.76,2.1,7.1,0.7,0.0,0.0,0.0,6.3,6.09,0,0,0,0,0,0,0,0,0,0,0,0
2026-01-10 11:00:00,SGN,27.9,0.0,24,4.1,315,1014.3,47,24140.0,3.72,1.73,1.8,6.7,-0.9,0.0,0.0,0.0,6.3,6.09,0,0,0,0,0,0,0,0,0,0,0,0
2026-01-10 12:00:00,SGN,29.4,0.0,48,3.5,348,1013.4,39,24140.0,3.47,-0.49,1.5,5.4,-2.1,0.0,0.0,0.0,5.7,4.99,0,0,0,0,0,0,0,0,0,0,0,0
2026-01-10 13:00:00,SGN,29.2,0.0,84,2.1,52,1012.6,37,24140.0,0.65,-2.0,-0.2,3.1,-2.6,0.0,0.0,0.0,4.1,3.72,0,0,0,0,0,0,0,0,0,0,0,0
2026-01-10 14:00:00,SGN,30.5,0.0,7,1.8,84,1011.5,33,24140.0,0.44,-1.75,1.3,2.6,-2.8,0.0,0.0,0.0,3.5,3.47,0,0,0,0,0,0,0,0,0,0,0,0
2026-01-10 15:00:00,SGN,30.4,0.0,58,2.2,138,1011.1,33,24140.0,2.04,-0.82,-0.1,1.0,-2.3,0.0,0.0,0.0,2.2,2.04,0,0,0,0,0,0,0,0,0,0,0,0
2026-01-10 16:00:00,SGN,30.0,0.0,30,2.3,148,1011.0,34,24140.0,2.25,-0.48,-0.4,0.8,-1.6,0.0,0.0,0.0,2.3,2.25,0,0,0,0,0,0,0,0,0,0,0,0
2026-01-10 17:00:00,SGN,29.2,0.0,65,2.9,169,1011.5,37,24140.0,2.86,0.45,-0.8,-1.3,0.0,0.0,0.0,0.0,2.9,2.86,0,0,0,0,0,0,0,0,0,0,0,0
2026-01-10 18:00:00,SGN,27.8,0.0,20,1.6,264,1012.0,40,24140.0,0.39,1.55,-1.4,-2.6,0.9,0.0,0.0,0.0,2.9,2.86,0,0,0,0,0,0,0,0,0,0,0,0
2026-01-10 19:00:00,SGN,26.9,0.0,34,3.2,270,1012.8,48,24140.0,1.09,3.01,-0.9,-3.1,1.8,0.0,0.0,0.0,3.2,2.86,0,0,0,0,0,0,0,0,0,0,0,0
2026-01-10 20:00:00,SGN,26.2,0.0,43,4.9,219,1013.8,52,24140.0,2.52,4.2,-0.7,-3.0,2.3,0.0,0.0,0.0,4.9,2.52,0,0,0,0,0,0,0,0,0,0,0,0
2026-01-10 21:00:00,SGN,25.6,0.0,14,8.7,253,1013.9,53,24140.0,0.46,8.69,-0.6,-2.2,1.9,0.0,0.0,0.0,8.7,2.52,0,0,0,0,0,0,0,0,0,0,0,0
2026-01-10 22:00:00,SGN,24.3,0.0,97,6.3,301,1014.1,61,24140.0,4.9,3.96,-1.3,-2.6,1.3,0.0,0.0,0.0,8.7,4.9,0,0,0,0,0,0,0,0,0,0,0,0
2026-01-10 23:00:00,SGN,23.5,0.0,93,3.5,159,1014.4,64,24140.0,3.5,-0.06,-0.8,-2.7,0.6,0.0,0.0,0.0,8.7,4.9,0,0,0,0,0,0,0,0,0,0,0,0
2026-01-11 00:00:00,SGN,23.0,0.0,98,6.8,168,1014.3,68,24140.0,6.73,0.95,-0.5,-2.6,0.4,0.0,0.0,0.0,6.8,6.73,0,0,0,0,0,0,0,0,0,0,0,0
2026-01-11 01:00:00,SGN,22.6,0.0,98,5.9,157,1014.0,72,24140.0,5.89,-0.31,-0.4,-1.7,-0.1,0.0,0.0,0.0,6.8,6.73,0,0,0,0,0,0,0,0,0,0,0,0
2026-01-11 02:00:00,SGN,22.5,0.0,100,3.6,183,1013.7,76,24140.0,3.31,1.41,-0.1,-1.0,-0.7,0.0,0.0,0.0,6.8,6.73,0,0,0,0,0,0,0,0,0,0,0,0
2026-01-11 03:00:00,SGN,21.6,0.0,100,4.1,319,1013.4,79,24140.0,3.83,1.47,-0.9,-1.4,-0.9,0.0,0.0,0.0,5.9,5.89,0,0,0,0,0,0,0,0,0,0,0,0
2026-01-11 04:00:00,SGN,21.2,0.0,100,7.1,300,1013.6,78,24140.0,5.44,4.56,-0.4,-1.4,-0.4,0.0,0.0,0.0,7.1,5.44,0,0,0,0,0,0,0,0,0,0,0,0
2026-01-11 05:00:00,SGN,20.8,0.0,100,5.4,304,1014.3,78,24140.0,4.37,3.17,-0.4,-1.7,0.6,0.0,0.0,0.0,7.1,5.44,0,0,0,0,0,0,0,0,0,0,0,0
2026-01-11 06:00:00,SGN,20.6,0.0,100,4.2,329,1014.5,78,24140.0,4.12,0.8,-0.2,-1.0,1.1,0.0,0.0,0.0,7.1,5.44,0,0,0,0,0,0,0,0,0,0,0,0
2026-01-11 07:00:00,SGN,21.1,0.0,99,4.3,292,1015.0,78,24140.0,2.88,3.2,0.5,-0.1,1.4,0.0,0.0,0.0,5.4,4.37,0,0,0,0,0,0,0,0,0,0,0,0
2026-01-11 08:00:00,SGN,23.2,0.0,100,6.2,322,1016.0,68,24140.0,5.9,1.92,2.1,2.4,1.7,0.0,0.0,0.0,6.2,5.9,0,0,0,0,0,0,0,0,0,0,0,0
2026-01-11 09:00:00,SGN,25.1,0.0,92,6.8,328,1016.3,59,24140.0,6.65,1.41,1.9,4.5,1.8,0.0,0.0,0.0,6.8,6.65,0,0,0,0,0,0,0,0,0,0,0,0
2026-01-11 10:00:00,SGN,27.4,0.0,92,7.0,334,1015.9,50,24140.0,6.96,0.73,2.3,6.3,0.9,0.0,0.0,0.0,7.0,6.96,0,0,0,0,0,0,0,0,0,0,0,0
2026-01-11 11:00:00,SGN,28.8,0.0,13,4.7,337,1015.7,43,24140.0,4.69,0.25,1.4,5.6,-0.3,0.0,0.0,0.0,7.0,6.96,0,0,0,0,0,0,0,0,0,0,0,0
2026-01-11 12:00:00,SGN,30.5,0.0,52,3.4,354,1014.7,39,24140.0,3.3,-0.82,1.7,5.4,-1.6,0.0,0.0,0.0,7.0,6.96,0,0,0,0,0,0,0,0,0,0,0,0
2026-01-11 13:00:00,SGN,30.2,0.0,100,1.9,214,1013.8,40,24140.0,1.12,1.54,-0.3,2.8,-2.1,0.0,0.0,0.0,4.7,4.69,0,0,0,0,0,0,0,0,0,0,0,0
2026-01-11 14:00:00,SGN,30.9,0.0,100,2.7,262,1012.9,38,24140.0,0.56,2.64,0.7,2.1,-2.8,0.0,0.0,0.0,3.4,3.3,0,0,0,0,0,0,0,0,0,0,0,0
2026-01-11 15:00:00,SGN,30.5,0.0,100,4.5,236,1012.6,40,24140.0,1.09,4.37,-0.4,0.0,-2.1,0.0,0.0,0.0,4.5,1.12,0,0,0,0,0,0,0,0,0,0,0,0
2026-01-11 16:00:00,SGN,29.8,0.0,48,6.2,237,1012.4,43,24140.0,1.39,6.04,-0.7,-0.4,-1.4,0.0,0.0,0.0,6.2,1.39,0,0,0,0,0,0,0,0,0,0,0,0
2026-01-11 17:00:00,SGN,29.3,0.0,80,7.2,233,1012.6,45,24140.0,2.11,6.89,-0.5,-1.6,-0.3,0.0,0.0,0.0,7.2,2.11,0,0,0,0,0,0,0,0,0,0,0,0
2026-01-11 18:00:00,SGN,28.4,0.0,100,7.7,221,1012.9,48,24140.0,3.73,6.73,-0.9,-2.1,0.3,0.0,0.0,0.0,7.7,3.73,0,0,0,0,0,0,0,0,0,0,0,0
2026-01-11 19:00:00,SGN,28.0,0.0,100,6.1,148,1013.7,51,24140.0,5.97,-1.27,-0.4,-1.8,1.3,0.0,0.0,0.0,7.7,5.97,0,0,0,0,0,0,0,0,0,0,0,0
2026-01-11 20:00:00,SGN,26.6,0.0,100,10.2,146,1014.3,63,24140.0,9.9,-2.47,-1.4,-2.7,1.7,0.0,0.0,0.0,10.2,9.9,0,0,0,0,0,0,0,0,0,0,0,0
2026-01-11 21:00:00,SGN,25.7,0.0,100,8.9,152,1014.6,69,24140.0,8.81,-1.24,-0.9,-2.7,1.7,0.0,0.0,0.0,10.2,9.9,0,0,0,0,0,0,0,0,0,0,0,0
2026-01-11 22:00:00,SGN,25.2,0.0,61,7.0,154,1014.4,74,24140.0,6.96,-0.73,-0.5,-2.8,0.7,0.0,0.0,0.0,10.2,9.9,0,0,0,0,0,0,0,0,0,0,0,0
2026-01-11 23:00:00,SGN,24.8,0.0,33,6.0,155,1014.1,78,24140.0,5.98,-0.52,-0.4,-1.8,-0.2,0.0,0.0,0.0,8.9,8.81,0,0,0,0,0,0,0,0,0,0,0,0
2026-01-12 00:00:00,SGN,24.3,0.0,57,5.4,132,1013.9,82,24140.0,4.77,-2.54,-0.5,-1.4,-0.7,0.0,0.0,0.0,7.0,6.96,0,0,0,0,0,0,0,0,0,0,0,0
2026-01-12 01:00:00,SGN,24.1,0.0,98,4.1,92,1013.8,83,24140.0,1.54,-3.8,-0.2,-1.1,-0.6,0.0,0.0,0.0,6.0,5.98,0,0,0,0,0,0,0,0,0,0,0,0
2026-01-12 02:00:00,SGN,23.9,0.0,100,2.7,70,1013.5,83,24140.0,0.0,-2.7,-0.2,-0.9,-0.6,0.0,0.0,0.0,5.4,4.77,0,0,0,0,0,0,0,0,0,0,0,0
2026-01-12 03:00:00,SGN,24.0,0.0,100,0.0,270,1013.2,82,24140.0,0.0,0.0,0.1,-0.3,-0.7,0.0,0.0,0.0,4.1,1.54,0,0,0,0,0,0,0,0,0,0,0,0
2026-01-12 04:00:00,SGN,24.0,0.0,100,1.3,254,1013.2,81,24140.0,0.09,1.3,0.0,-0.1,-0.6,0.0,0.0,0.0,2.7,0.09,0,0,0,0,0,0,0,0,0,0,0,0
2026-01-12 05:00:00,SGN,24.0,0.0,88,1.7,283,1013.5,81,24140.0,0.93,1.43,0.0,0.1,0.0,0.0,0.0,0.0,1.7,0.93,0,0,0,0,0,0,0,0,0,0,0,0
2026-01-12 06:00:00,SGN,23.4,0.0,93,3.7,305,1014.0,86,24140.0,3.03,2.12,-0.6,-0.6,0.8,0.0,0.0,0.0,3.7,3.03,0,0,0,0,0,0,0,0,0,0,0,0
2026-01-12 07:00:00,SGN,23.4,0.0,20,0.9,270,1014.8,88,24140.0,0.31,0.85,0.0,-0.6,1.6,0.0,0.0,0.0,3.7,3.03,0,0,0,0,0,0,0,0,0,0,0,0
2026-01-12 08:00:00,SGN,25.5,0.0,0,2.8,145,1015.6,76,24140.0,2.7,-0.72,2.1,1.5,2.1,0.0,0.0,0.0,3.7,3.03,0,0,0,0,0,0,0,0,0,0,0,0
2026-01-12 09:00:00,SGN,27.3,0.0,0,4.7,137,1016.0,63,24140.0,4.33,-1.84,1.8,3.9,2.0,0.0,0.0,0.0,4.7,4.33,0,0,0,0,0,0,0,0,0,0,0,0
2026-01-12 10:00:00,SGN,29.2,0.0,13,2.1,149,1015.6,54,24140.0,2.06,-0.4,1.9,5.8,0.8,0.0,0.0,0.0,4.7,4.33,0,0,0,0,0,0,0,0,0,0,0,0
2026-01-12 11:00:00,SGN,30.9,0.0,23,1.5,353,1014.9,46,24140.0,1.46,-0.34,1.7,5.4,-0.7,0.0,0.0,0.0,4.7,4.33,0,0,0,0,0,0,0,0,0,0,0,0
2026-01-12 12:00:00,SGN,32.2,0.0,49,3.8,3,1013.5,40,24140.0,3.5,-1.48,1.3,4.9,-2.5,0.0,0.0,0.0,3.8,3.5,0,0,0,0,0,0,0,0,0,0,0,0
2026-01-12 13:00:00,SGN,31.9,0.0,100,3.8,349,1012.7,43,24140.0,3.75,-0.59,-0.3,2.7,-2.9,0.0,0.0,0.0,3.8,3.75,0,0,0,0,0,0,0,0,0,0,0,0
2026-01-12 14:00:00,SGN,31.5,0.0,100,7.3,330,1011.4,45,24140.0,7.19,1.27,-0.4,0.6,-3.5,0.0,0.0,0.0,7.3,7.19,0,0,0,0,0,0,0,0,0,0,0,0
2026-01-12 15:00:00,SGN,31.0,0.0,100,7.1,322,1010.9,49,24140.0,6.75,2.19,-0.5,-1.2,-2.6,0.0,0.0,0.0,7.3,7.19,0,0,0,0,0,0,0,0,0,0,0,0
2026-01-12 16:00:00,SGN,30.6,0.0,100,4.2,313,1010.9,50,24140.0,3.74,1.91,-0.4,-1.3,-1.8,0.0,0.0,0.0,7.3,7.19,0,0,0,0,0,0,0,0,0,0,0,0
2026-01-12 17:00:00,SGN,30.4,0.0,63,3.5,309,1011.3,50,24140.0,3.0,1.8,-0.2,-1.1,-0.1,0.0,0.0,0.0,7.1,6.75,0,0,0,0,0,0,0,0,0,0,0,0
2026-01-12 18:00:00,SGN,30.0,0.0,61,4.1,268,1011.6,52,24140.0,1.27,3.9,-0.4,-1.0,0.7,0.0,0.0,0.0,4.2,3.74,0,0,0,0,0,0,0,0,0,0,0,0
2026-01-12 19:00:00,SGN,28.8,0.0,21,8.3,184,1012.4,59,24140.0,7.58,3.38,-1.2,-1.8,1.5,0.0,0.0,0.0,8.3,7.58,0,0,0,0,0,0,0,0,0,0,0,0
2026-01-12 20:00:00,SGN,26.0,0.0,45,11.7,162,1013.7,75,24140.0,11.69,0.41,-2.8,-4.4,2.4,0.0,0.0,0.0,11.7,11.69,0,0,0,0,0,0,0,0,0,0,0,0
2026-01-12 21:00:00,SGN,25.2,0.0,13,10.4,160,1014.3,79,24140.0,10.4,0.0,-0.8,-4.8,2.7,0.0,0.0,0.0,11.7,11.69,0,0,0,0,0,0,0,0,0,0,0,0
2026-01-12 22:00:00,SGN,24.8,0.0,19,10.7,157,1014.1,82,24140.0,10.69,-0.56,-0.4,-4.0,1.7,0.0,0.0,0.0,11.7,11.69,0,0,0,0,0,0,0,0,0,0,0,0
2026-01-12 23:00:00,SGN,24.3,0.0,13,8.8,149,1014.2,85,24140.0,8.64,-1.68,-0.5,-1.7,0.5,0.0,0.0,0.0,10.7,10.69,0,0,0,0,0,0,0,0,0,0,0,0
2026-01-13 00:00:00,SGN,24.0,0.0,5,7.2,148,1014.0,86,24140.0,7.04,-1.5,-0.3,-1.2,-0.3,0.0,0.0,0.0,10.7,10.69,0,0,0,0,0,0,0,0,0,0,0,0
2026-01-13 01:00:00,SGN,23.7,0.0,18,4.5,146,1013.7,88,24140.0,4.37,-1.09,-0.3,-1.1,-0.4,0.0,0.0,0.0,8.8,8.64,0,0,0,0,0,0,0,0,0,0,0,0
2026-01-13 02:00:00,SGN,23.5,0.0,17,2.3,180,1013.1,87,24140.0,2.16,0.79,-0.2,-0.8,-1.1,0.0,0.0,0.0,7.2,7.04,0,0,0,0,0,0,0,0,0,0,0,0
2026-01-13 03:00:00,SGN,23.4,0.0,52,2.3,212,1012.8,88,24140.0,1.42,1.81,-0.1,-0.6,-1.2,0.0,0.0,0.0,4.5,4.37,0,0,0,0,0,0,0,0,0,0,0,0
2026-01-13 04:00:00,SGN,23.2,0.0,57,4.1,203,1012.8,88,24140.0,3.0,2.8,-0.2,-0.5,-0.9,0.0,0.0,0.0,4.1,3.0,0,0,0,0,0,0,0,0,0,0,0,0
2026-01-13 05:00:00,SGN,23.0,0.0,99,5.0,215,1013.2,90,24140.0,2.87,4.1,-0.2,-0.5,0.1,0.0,0.0,0.0,5.0,3.0,0,0,0,0,0,0,0,0,0,0,0,0
2026-01-13 06:00:00,SGN,22.5,0.0,69,4.2,234,1013.3,94,24140.0,1.16,4.04,-0.5,-0.9,0.5,0.0,0.0,0.0,5.0,3.0,0,0,0,0,0,0,0,0,0,0,0,0
2026-01-13 07:00:00,SGN,23.0,0.0,95,4.0,238,1014.1,94,24140.0,0.83,3.91,0.5,-0.2,1.3,0.0,0.0,0.0,5.0,2.87,0,0,0,0,0,0,0,0,0,0,0,0
2026-01-13 08:00:00,SGN,25.1,0.0,98,5.2,205,1015.1,80,24140.0,3.68,3.68,2.1,2.1,1.9,0.0,0.0,0.0,5.2,3.68,0,0,0,0,0,0,0,0,0,0,0,0
2026-01-13 09:00:00,SGN,27.0,0.2,92,4.5,227,1015.5,67,24140.0,1.76,4.14,1.9,4.5,2.2,0.2,0.2,0.2,5.2,3.68,1,0,0,0,0,0,0,0,1,1,0,1
2026-01-13 10:00:00,SGN,28.2,0.2,70,5.0,244,1015.3,60,24140.0,0.52,4.97,1.2,5.2,1.2,0.2,0.4,0.4,5.2,3.68,1,0,0,0,0,0,0,0,0,1,0,0
2026-01-13 11:00:00,SGN,28.9,0.1,48,4.6,244,1014.7,57,24140.0,0.48,4.57,0.7,3.8,-0.4,0.1,0.5,0.5,5.0,1.76,1,0,0,0,0,0,0,0,0,1,0,0
2026-01-13 12:00:00,SGN,29.7,0.3,51,5.2,264,1013.6,53,24140.0,1.26,5.05,0.8,2.7,-1.9,0.3,0.6,0.8,5.2,1.26,1,0,0,0,0,0,0,0,0,1,0,0
2026-01-13 13:00:00,SGN,29.5,0.6,53,5.2,282,1012.6,54,24140.0,2.76,4.41,-0.2,1.3,-2.7,0.6,1.0,1.4,5.2,2.76,1,0,0,0,0,0,0,0,0,1,0,0
2026-01-13 14:00:00,SGN,30.0,1.2,50,7.0,293,1011.5,53,24140.0,4.77,5.12,0.5,1.1,-3.2,1.2,2.1,2.6,7.0,4.77,1,0,0,0,0,0,0,0,0,1,0,0
2026-01-13 15:00:00,SGN,29.1,1.3,49,4.4,297,1010.9,57,24140.0,3.22,3.0,-0.9,-0.6,-2.7,1.3,3.1,3.7,7.0,4.77,1,0,0,0,0,0,0,0,0,1,0,0
2026-01-13 16:00:00,SGN,29.2,0.1,31,2.2,355,1010.6,56,24140.0,2.13,-0.57,0.1,-0.3,-2.0,0.1,2.6,3.6,7.0,4.77,1,0,0,0,0,0,0,0,0,1,0,0
2026-01-13 17:00:00,SGN,29.0,0.0,40,3.2,71,1010.8,57,24140.0,0.06,-3.2,-0.2,-1.0,-0.7,0.0,1.4,3.5,4.4,3.22,0,0,0,0,0,0,0,0,0,0,0,0
2026-01-13 18:00:00,SGN,27.4,0.0,32,6.3,143,1011.1,67,24140.0,6.02,-1.84,-1.6,-1.7,0.2,0.0,0.1,3.2,6.3,6.02,0,0,0,0,0,0,0,0,0,0,0,0
2026-01-13 19:00:00,SGN,26.5,0.0,23,11.4,145,1012.0,73,24140.0,11.01,-2.95,-0.9,-2.7,1.4,0.0,0.0,2.6,11.4,11.01,0,0,0,0,0,0,0,0,0,0,0,0
2026-01-13 20:00:00,SGN,25.1,0.0,9,10.9,156,1012.9,78,24140.0,10.87,-0.76,-1.4,-3.9,2.1,0.0,0.0,1.4,11.4,11.01,0,0,0,0,0,0,0,0,0,0,0,0
2026-01-13 21:00:00,SGN,24.6,0.0,2,9.8,156,1013.1,80,24140.0,9.78,-0.68,-0.5,-2.8,2.0,0.0,0.0,0.1,11.4,11.01,0,0,0,0,0,0,0,0,0,0,0,0
2026-01-13 22:00:00,SGN,24.3,0.0,0,10.8,147,1012.9,80,24140.0,10.52,-2.43,-0.3,-2.2,0.9,0.0,0.0,0.0,10.9,10.87,0,0,0,0,0,0,0,0,0,0,0,0
2026-01-13 23:00:00,SGN,23.9,0.0,0,9.9,147,1012.7,80,24140.0,9.65,-2.23,-0.4,-1.2,-0.2,0.0,0.0,0.0,10.8,10.52,0,0,0,0,0,0,0,0,0,0,0,0
2026-01-14 00:00:00,SGN,23.5,0.0,73,6.1,135,1012.5,82,24140.0,5.53,-2.58,-0.4,-1.1,-0.6,0.0,0.0,0.0,10.8,10.52,0,0,0,0,0,0,0,0,0,0,0,0
2026-01-14 01:00:00,SGN,23.2,0.0,95,6.7,146,1012.2,85,24140.0,6.5,-1.62,-0.3,-1.1,-0.7,0.0,0.0,0.0,9.9,9.65,0,0,0,0,0,0,0,0,0,0,0,0
2026-01-14 02:00:00,SGN,23.0,0.0,93,6.4,151,1011.6,87,24140.0,6.32,-1.0,-0.2,-0.9,-1.1,0.0,0.0,0.0,6.7,6.5,0,0,0,0,0,0,0,0,0,0,0,0
2026-01-14 03:00:00,SGN,22.8,0.0,100,3.8,161,1011.4,89,24140.0,3.8,0.07,-0.2,-0.7,-1.1,0.0,0.0,0.0,6.7,6.5,0,0,0,0,0,0,0,0,0,0,0,0
2026-01-14 04:00:00,SGN,22.5,0.0,88,2.4,171,1011.4,92,24140.0,2.36,0.46,-0.3,-0.7,-0.8,0.0,0.0,0.0,6.4,6.32,0,0,0,0,0,0,0,0,0,0,0,0
2026-01-14 05:00:00,SGN,22.2,0.0,99,2.2,171,1011.5,94,24140.0,2.16,0.42,-0.3,-0.8,-0.1,0.0,0.0,0.0,3.8,3.8,0,0,0,0,0,0,0,0,0,0,0,0
2026-01-14 06:00:00,SGN,22.1,0.0,100,2.3,148,1012.0,95,24140.0,2.25,-0.48,-0.1,-0.7,0.6,0.0,0.0,0.0,2.4,2.36,0,0,0,0,0,0,0,0,0,0,0,0
2026-01-14 07:00:00,SGN,22.9,0.0,2,1.8,84,1012.9,93,24140.0,0.44,-1.75,0.8,0.4,1.5,0.0,0.0,0.0,2.3,2.25,0,0,0,0,0,0,0,0,0,0,0,0
2026-01-14 08:00:00,SGN,24.6,0.0,2,1.0,112,1014.0,82,24140.0,0.67,-0.74,1.7,2.4,2.5,0.0,0.0,0.0,2.3,2.25,0,0,0,0,0,0,0,0,0,0,0,0
2026-01-14 09:00:00,SGN,26.4,0.0,2,0.9,143,1014.5,72,24140.0,0.86,-0.26,1.8,4.3,2.5,0.0,0.0,0.0,1.8,0.86,0,0,0,0,0,0,0,0,0,0,0,0
2026-01-14 10:00:00,SGN,28.2,0.0,21,1.5,150,1014.2,62,24140.0,1.48,-0.26,1.8,5.3,1.3,0.0,0.0,0.0,1.5,1.48,0,0,0,0,0,0,0,0,0,0,0,0
2026-01-14 11:00:00,SGN,30.0,0.0,30,0.9,11,1013.7,54,24140.0,0.77,-0.46,1.8,5.4,-0.3,0.0,0.0,0.0,1.5,1.48,0,0,0,0,0,0,0,0,0,0,0,0
2026-01-14 12:00:00,SGN,30.8,0.0,54,3.1,13,1012.3,49,24140.0,2.6,-1.69,0.8,4.4,-2.2,0.0,0.0,0.0,3.1,2.6,0,0,0,0,0,0,0,0,0,0,0,0
2026-01-14 13:00:00,SGN,30.7,0.0,99,4.9,309,1011.2,49,24140.0,4.2,2.52,-0.1,2.5,-3.0,0.0,0.0,0.0,4.9,4.2,0,0,0,0,0,0,0,0,0,0,0,0
2026-01-14 14:00:00,SGN,30.8,0.1,84,3.6,297,1009.9,49,24140.0,2.63,2.46,0.1,0.8,-3.8,0.1,0.1,0.1,4.9,4.2,1,0,0,0,0,0,0,0,1,1,0,1
2026-01-14 15:00:00,SGN,31.1,0.0,68,2.6,309,1009.0,48,24140.0,2.23,1.34,0.3,0.3,-3.3,0.0,0.1,0.1,4.9,4.2,0,0,0,0,0,0,0,0,0,0,0,0
2026-01-14 16:00:00,SGN,31.1,0.0,92,1.9,343,1008.8,48,24140.0,1.9,-0.1,0.0,0.4,-2.4,0.0,0.1,0.1,3.6,2.63,0,0,0,0,0,0,0,0,0,0,0,0
2026-01-14 17:00:00,SGN,30.5,0.2,63,2.8,117,1009.4,49,24140.0,2.05,-1.91,-0.6,-0.3,-0.5,0.2,0.2,0.3,2.8,2.23,1,0,0,0,0,0,0,0,0,1,0,0
2026-01-14 18:00:00,SGN,27.6,0.1,52,12.4,152,1010.2,65,24140.0,12.28,-1.73,-2.9,-3.5,1.2,0.1,0.3,0.4,12.4,12.28,1,0,0,0,0,0,0,0,0,1,0,0
2026-01-14 19:00:00,SGN,26.0,0.0,4,12.1,157,1011.0,74,24140.0,12.08,-0.63,-1.6,-5.1,2.2,0.0,0.3,0.4,12.4,12.28,0,0,0,0,0,0,0,0,0,0,0,0
2026-01-14 20:00:00,SGN,25.6,0.0,3,11.0,152,1011.9,75,24140.0,10.89,-1.53,-0.4,-4.9,2.5,0.0,0.1,0.3,12.4,12.28,0,0,0,0,0,0,0,0,0,0,0,0
2026-01-14 21:00:00,SGN,25.0,0.0,0,9.5,147,1012.4,78,24140.0,9.26,-2.14,-0.6,-2.6,2.2,0.0,0.0,0.3,12.1,12.08,0,0,0,0,0,0,0,0,0,0,0,0
2026-01-14 22:00:00,SGN,24.4,0.0,0,8.8,145,1012.3,82,24140.0,8.5,-2.28,-0.6,-1.6,1.3,0.0,0.0,0.3,11.0,10.89,0,0,0,0,0,0,0,0,0,0,0,0
2026-01-14 23:00:00,SGN,24.0,0.0,0,9.2,145,1012.6,85,24140.0,8.89,-2.38,-0.4,-1.6,0.7,0.0,0.0,0.1,9.5,9.26,0,0,0,0,0,0,0,0,0,0,0,0
2026-01-15 00:00:00,SGN,23.7,0.0,0,9.8,142,1012.6,86,24140.0,9.32,-3.03,-0.3,-1.3,0.2,0.0,0.0,0.0,9.8,9.32,0,0,0,0,0,0,0,0,0,0,0,0
2026-01-15 01:00:00,SGN,23.4,0.0,100,8.2,144,1012.2,87,24140.0,7.88,-2.26,-0.3,-1.0,-0.1,0.0,0.0,0.0,9.8,9.32,0,0,0,0,0,0,0,0,0,0,0,0
2026-01-15 02:00:00,SGN,23.2,0.0,60,7.6,149,1011.9,89,24140.0,7.46,-1.45,-0.2,-0.8,-0.7,0.0,0.0,0.0,9.8,9.32,0,0,0,0,0,0,0,0,0,0,0,0
2026-01-15 03:00:00,SGN,23.0,0.0,17,5.4,154,1011.7,90,24140.0,5.37,-0.56,-0.2,-0.7,-0.9,0.0,0.0,0.0,8.2,7.88,0,0,0,0,0,0,0,0,0,0,0,0
2026-01-15 04:00:00,SGN,22.8,0.0,2,5.6,147,1011.5,92,24140.0,5.46,-1.26,-0.2,-0.6,-0.7,0.0,0.0,0.0,7.6,7.46,0,0,0,0,0,0,0,0,0,0,0,0
2026-01-15 05:00:00,SGN,22.6,0.0,9,5.0,134,1011.8,93,24140.0,4.49,-2.19,-0.2,-0.6,-0.1,0.0,0.0,0.0,5.6,5.46,0,0,0,0,0,0,0,0,0,0,0,0
2026-01-15 06:00:00,SGN,22.4,0.0,59,1.6,84,1012.3,94,24140.0,0.39,-1.55,-0.2,-0.6,0.6,0.0,0.0,0.0,5.6,5.46,0,0,0,0,0,0,0,0,0,0,0,0
2026-01-15 07:00:00,SGN,23.1,0.0,16,2.0,355,1013.0,92,24140.0,1.93,-0.52,0.7,0.3,1.5,0.0,0.0,0.0,5.0,4.49,0,0,0,0,0,0,0,0,0,0,0,0
2026-01-15 08:00:00,SGN,24.8,0.0,10,0.4,117,1013.6,82,24140.0,0.29,-0.27,1.7,2.2,1.8,0.0,0.0,0.0,2.0,1.93,0,0,0,0,0,0,0,0,0,0,0,0
2026-01-15 09:00:00,SGN,26.9,0.0,0,0.9,349,1013.7,70,24140.0,0.89,-0.14,2.1,4.5,1.4,0.0,0.0,0.0,2.0,1.93,0,0,0,0,0,0,0,0,0,0,0,0
2026-01-15 10:00:00,SGN,29.0,0.0,2,2.9,353,1013.4,58,24140.0,2.83,-0.65,2.1,5.9,0.4,0.0,0.0,0.0,2.9,2.83,0,0,0,0,0,0,0,0,0,0,0,0
2026-01-15 11:00:00,SGN,31.0,0.0,23,8.1,348,1012.6,49,24140.0,8.02,-1.13,2.0,6.2,-1.0,0.0,0.0,0.0,8.1,8.02,0,0,0,0,0,0,0,0,0,0,0,0
2026-01-15 12:00:00,SGN,32.3,0.0,38,9.9,350,1011.3,43,24140.0,9.75,-1.72,1.3,5.4,-2.4,0.0,0.0,0.0,9.9,9.75,0,0,0,0,0,0,0,0,0,0,0,0
2026-01-15 13:00:00,SGN,32.4,0.0,32,8.4,349,1010.0,44,24140.0,8.3,-1.31,0.1,3.4,-3.4,0.0,0.0,0.0,9.9,9.75,0,0,0,0,0,0,0,0,0,0,0,0
2026-01-15 14:00:00,SGN,32.3,0.3,22,6.5,346,1008.8,44,24140.0,6.46,-0.68,-0.1,1.3,-3.8,0.3,0.3,0.3,9.9,9.75,1,0,0,0,0,0,0,0,0,1,0,0
2026-01-15 15:00:00,SGN,32.0,0.0,74,5.0,341,1008.2,45,24140.0,5.0,-0.09,-0.3,-0.3,-3.1,0.0,0.3,0.3,8.4,8.3,0,0,0,0,0,0,0,0,0,0,0,0
2026-01-15 16:00:00,SGN,31.7,0.1,85,3.5,351,1008.0,45,24140.0,3.44,-0.67,-0.3,-0.7,-2.0,0.1,0.4,0.4,6.5,6.46,1,0,0,0,0,0,0,0,1,1,0,1
2026-01-15 17:00:00,SGN,30.6,0.1,55,2.7,118,1008.3,47,24140.0,2.01,-1.81,-1.1,-1.7,-0.5,0.1,0.2,0.5,5.0,5.0,1,0,0,0,0,0,0,0,0,1,0,0
2026-01-15 18:00:00,SGN,27.5,0.0,8,13.3,162,1008.8,68,24140.0,13.29,0.46,-3.1,-4.5,0.6,0.0,0.2,0.5,13.3,13.29,0,0,0,0,0,0,0,0,0,0,0,0
2026-01-15 19:00:00,SGN,26.2,0.0,6,13.1,150,1009.4,72,24140.0,12.9,-2.27,-1.3,-5.5,1.4,0.0,0.1,0.5,13.3,13.29,0,0,0,0,0,0,0,0,0,0,0,0
2026-01-15 20:00:00,SGN,25.2,0.0,6,13.5,146,1010.5,77,24140.0,13.1,-3.27,-1.0,-5.4,2.2,0.0,0.0,0.2,13.5,13.29,0,0,0,0,0,0,0,0,0,0,0,0
2026-01-15 21:00:00,SGN,24.6,0.0,3,12.5,147,1010.8,82,24140.0,12.18,-2.81,-0.6,-2.9,2.0,0.0,0.0,0.2,13.5,13.1,0,0,0,0,0,0,0,0,0,0,0,0
2026-01-15 22:00:00,SGN,24.1,0.0,2,10.5,143,1011.0,85,24140.0,10.04,-3.07,-0.5,-2.1,1.6,0.0,0.0,0.1,13.5,13.1,0,0,0,0,0,0,0,0,0,0,0,0
2026-01-15 23:00:00,SGN,23.8,0.0,17,8.9,153,1011.2,87,24140.0,8.83,-1.08,-0.3,-1.4,0.7,0.0,0.0,0.0,12.5,12.18,0,0,0,0,0,0,0,0,0,0,0,0
2026-01-16 00:00:00,SGN,23.6,0.0,27,7.7,150,1011.0,87,24140.0,7.58,-1.34,-0.2,-1.0,0.2,0.0,0.0,0.0,10.5,10.04,0,0,0,0,0,0,0,0,0,0,0,0
2026-01-16 01:00:00,SGN,23.4,0.0,25,6.8,151,1010.5,89,24140.0,6.72,-1.06,-0.2,-0.7,-0.5,0.0,0.0,0.0,8.9,8.83,0,0,0,0,0,0,0,0,0,0,0,0
2026-01-16 02:00:00,SGN,23.3,0.0,21,6.5,150,1010.1,88,24140.0,6.4,-1.13,-0.1,-0.5,-1.1,0.0,0.0,0.0,7.7,7.58,0,0,0,0,0,0,0,0,0,0,0,0
2026-01-16 03:00:00,SGN,23.1,0.0,21,5.8,150,1009.7,89,24140.0,5.71,-1.01,-0.2,-0.5,-1.3,0.0,0.0,0.0,6.8,6.72,0,0,0,0,0,0,0,0,0,0,0,0
2026-01-16 04:00:00,SGN,22.9,0.0,19,4.6,154,1009.6,91,24140.0,4.57,-0.48,-0.2,-0.5,-0.9,0.0,0.0,0.0,6.5,6.4,0,0,0,0,0,0,0,0,0,0,0,0
2026-01-16 05:00:00,SGN,22.5,0.0,45,3.4,174,1009.9,93,24140.0,3.3,0.82,-0.4,-0.8,-0.2,0.0,0.0,0.0,5.8,5.71,0,0,0,0,0,0,0,0,0,0,0,0
2026-01-16 06:00:00,SGN,22.2,0.0,94,1.7,229,1010.6,95,24140.0,0.61,1.59,-0.3,-0.9,0.9,0.0,0.0,0.0,4.6,4.57,0,0,0,0,0,0,0,0,0,0,0,0
2026-01-16 07:00:00,SGN,23.0,0.0,93,1.6,264,1011.4,92,24140.0,0.39,1.55,0.8,0.1,1.8,0.0,0.0,0.0,3.4,3.3,0,0,0,0,0,0,0,0,0,0,0,0
2026-01-16 08:00:00,SGN,25.0,0.0,98,4.6,159,1012.5,81,24140.0,4.6,-0.08,2.0,2.5,2.6,0.0,0.0,0.0,4.6,4.6,0,0,0,0,0,0,0,0,0,0,0,0
2026-01-16 09:00:00,SGN,27.0,0.0,98,2.7,176,1012.9,68,24140.0,2.6,0.74,2.0,4.8,2.3,0.0,0.0,0.0,4.6,4.6,0,0,0,0,0,0,0,0,0,0,0,0
2026-01-16 10:00:00,SGN,29.1,0.0,100,0.6,162,1012.7,58,24140.0,0.6,0.02,2.1,6.1,1.3,0.0,0.0,0.0,4.6,4.6,0,0,0,0,0,0,0,0,0,0,0,0
2026-01-16 11:00:00,SGN,29.9,0.0,98,1.9,49,1012.2,53,24140.0,0.68,-1.77,0.8,4.9,-0.3,0.0,0.0,0.0,2.7,2.6,0,0,0,0,0,0,0,0,0,0,0,0
2026-01-16 12:00:00,SGN,31.6,0.0,100,2.5,360,1010.9,46,24140.0,2.35,-0.86,1.7,4.6,-2.0,0.0,0.0,0.0,2.5,2.35,0,0,0,0,0,0,0,0,0,0,0,0
2026-01-16 13:00:00,SGN,31.0,0.0,100,3.1,350,1009.6,50,24140.0,3.05,-0.54,-0.6,1.9,-3.1,0.0,0.0,0.0,3.1,3.05,0,0,0,0,0,0,0,0,0,0,0,0
2026-01-16 14:00:00,SGN,32.1,0.0,100,1.0,329,1008.4,45,24140.0,0.98,0.19,1.1,2.2,-3.8,0.0,0.0,0.0,3.1,3.05,0,0,0,0,0,0,0,0,0,0,0,0
2026-01-16 15:00:00,SGN,32.3,0.0,100,1.8,294,1007.5,42,24140.0,1.25,1.29,0.2,0.7,-3.4,0.0,0.0,0.0,3.1,3.05,0,0,0,0,0,0,0,0,0,0,0,0
2026-01-16 16:00:00,SGN,32.0,0.0,97,3.2,236,1007.1,42,24140.0,0.77,3.1,-0.3,1.0,-2.5,0.0,0.0,0.0,3.2,1.25,0,0,0,0,0,0,0,0,0,0,0,0
2026-01-16 17:00:00,SGN,31.2,0.0,95,6.5,212,1007.2,44,24140.0,4.0,5.12,-0.8,-0.9,-1.2,0.0,0.0,0.0,6.5,4.0,0,0,0,0,0,0,0,0,0,0,0,0
2026-01-16 18:00:00,SGN,27.6,0.0,96,13.9,163,1008.2,67,24140.0,13.88,0.73,-3.6,-4.7,0.7,0.0,0.0,0.0,13.9,13.88,0,0,0,0,0,0,0,0,0,0,0,0
2026-01-16 19:00:00,SGN,26.4,0.0,100,11.3,153,1008.8,72,24140.0,11.22,-1.38,-1.2,-5.6,1.7,0.0,0.0,0.0,13.9,13.88,0,0,0,0,0,0,0,0,0,0,0,0
2026-01-16 20:00:00,SGN,26.0,0.0,67,11.5,148,1010.0,69,24140.0,11.25,-2.39,-0.4,-5.2,2.8,0.0,0.0,0.0,13.9,13.88,0,0,0,0,0,0,0,0,0,0,0,0
2026-01-16 21:00:00,SGN,25.2,0.0,90,10.2,144,1010.4,74,24140.0,9.8,-2.81,-0.8,-2.4,2.2,0.0,0.0,0.0,11.5,11.25,0,0,0,0,0,0,0,0,0,0,0,0
2026-01-16 22:00:00,SGN,24.5,0.0,100,10.6,137,1010.4,78,24140.0,9.76,-4.14,-0.7,-1.9,1.6,0.0,0.0,0.0,11.5,11.25,0,0,0,0,0,0,0,0,0,0,0,0
2026-01-16 23:00:00,SGN,24.0,0.0,98,10.4,134,1010.5,81,24140.0,9.35,-4.56,-0.5,-2.0,0.5,0.0,0.0,0.0,10.6,9.8,0,0,0,0,0,0,0,0,0,0,0,0
2026-01-17 00:00:00,SGN,23.5,0.0,98,9.6,133,1010.3,85,24140.0,8.55,-4.36,-0.5,-1.7,-0.1,0.0,0.0,0.0,10.6,9.76,0,0,0,0,0,0,0,0,0,0,0,0
2026-01-17 01:00:00,SGN,23.3,0.0,96,9.6,130,1009.8,86,24140.0,8.31,-4.8,-0.2,-1.2,-0.6,0.0,0.0,0.0,10.4,9.35,0,0,0,0,0,0,0,0,0,0,0,0
2026-01-17 02:00:00,SGN,23.1,0.0,91,9.7,141,1009.4,87,24140.0,9.17,-3.16,-0.2,-0.9,-1.1,0.0,0.0,0.0,9.7,9.17,0,0,0,0,0,0,0,0,0,0,0,0
2026-01-17 03:00:00,SGN,23.0,0.0,95,9.3,148,1008.5,88,24140.0,9.1,-1.93,-0.1,-0.5,-1.8,0.0,0.0,0.0,9.7,9.17,0,0,0,0,0,0,0,0,0,0,0,0
2026-01-17 04:00:00,SGN,22.8,0.0,100,7.5,150,1008.7,89,24140.0,7.39,-1.3,-0.2,-0.5,-1.1,0.0,0.0,0.0,9.7,9.17,0,0,0,0,0,0,0,0,0,0,0,0
2026-01-17 05:00:00,SGN,22.6,0.0,97,5.2,160,1009.2,90,24140.0,5.2,0.0,-0.2,-0.5,-0.2,0.0,0.0,0.0,9.3,9.1,0,0,0,0,0,0,0,0,0,0,0,0
2026-01-17 06:00:00,SGN,22.2,0.0,100,1.7,193,1009.5,92,24140.0,1.43,0.93,-0.4,-0.8,1.0,0.0,0.0,0.0,7.5,7.39,0,0,0,0,0,0,0,0,0,0,0,0
2026-01-17 07:00:00,SGN,22.7,0.0,21,1.8,204,1010.0,92,24140.0,1.29,1.25,0.5,-0.1,1.3,0.0,0.0,0.0,5.2,5.2,0,0,0,0,0,0,0,0,0,0,0,0
2026-01-17 08:00:00,SGN,24.9,0.0,26,5.1,132,1011.1,79,24140.0,4.5,-2.39,2.2,2.3,1.9,0.0,0.0,0.0,5.1,4.5,0,0,0,0,0,0,0,0,0,0,0,0
2026-01-17 09:00:00,SGN,26.8,0.0,19,3.6,117,1011.3,68,24140.0,2.63,-2.46,1.9,4.6,1.8,0.0,0.0,0.0,5.1,4.5,0,0,0,0,0,0,0,0,0,0,0,0
2026-01-17 10:00:00,SGN,28.5,0.0,23,3.0,76,1010.9,59,24140.0,0.31,-2.98,1.7,5.8,0.9,0.0,0.0,0.0,5.1,4.5,0,0,0,0,0,0,0,0,0,0,0,0
2026-01-17 11:00:00,SGN,30.3,0.0,98,4.6,36,1010.0,51,24140.0,2.57,-3.81,1.8,5.4,-1.1,0.0,0.0,0.0,4.6,2.63,0,0,0,0,0,0,0,0,0,0,0,0
2026-01-17 12:00:00,SGN,32.0,0.0,96,5.2,25,1008.8,44,24140.0,3.68,-3.68,1.7,5.2,-2.5,0.0,0.0,0.0,5.2,3.68,0,0,0,0,0,0,0,0,0,0,0,0
2026-01-17 13:00:00,SGN,31.9,0.0,76,4.6,13,1007.6,43,24140.0,3.86,-2.51,-0.1,3.4,-3.3,0.0,0.0,0.0,5.2,3.86,0,0,0,0,0,0,0,0,0,0,0,0
2026-01-17 14:00:00,SGN,32.6,0.0,62,4.0,5,1006.2,39,24140.0,3.63,-1.69,0.7,2.3,-3.8,0.0,0.0,0.0,5.2,3.86,0,0,0,0,0,0,0,0,0,0,0,0
2026-01-17 15:00:00,SGN,32.8,0.0,27,4.0,8,1005.6,37,24140.0,3.53,-1.88,0.2,0.8,-3.2,0.0,0.0,0.0,4.6,3.86,0,0,0,0,0,0,0,0,0,0,0,0
2026-01-17 16:00:00,SGN,32.9,0.0,14,5.5,19,1005.3,36,24140.0,4.27,-3.46,0.1,1.0,-2.3,0.0,0.0,0.0,5.5,4.27,0,0,0,0,0,0,0,0,0,0,0,0
2026-01-17 17:00:00,SGN,30.4,0.0,27,10.3,139,1005.7,48,24140.0,9.62,-3.69,-2.5,-2.2,-0.5,0.0,0.0,0.0,10.3,9.62,0,0,0,0,0,0,0,0,0,0,0,0
2026-01-17 18:00:00,SGN,26.1,0.0,13,15.6,156,1006.6,72,24140.0,15.56,-1.09,-4.3,-6.7,1.0,0.0,0.0,0.0,15.6,15.56,0,0,0,0,0,0,0,0,0,0,0,0
2026-01-17 19:00:00,SGN,26.0,0.0,30,14.4,148,1007.3,76,24140.0,14.09,-2.99,-0.1,-6.9,2.0,0.0,0.0,0.0,15.6,15.56,0,0,0,0,0,0,0,0,0,0,0,0
2026-01-17 20:00:00,SGN,25.0,0.0,66,13.0,145,1008.1,79,24140.0,12.56,-3.36,-1.0,-5.4,2.4,0.0,0.0,0.0,15.6,15.56,0,0,0,0,0,0,0,0,0,0,0,0
2026-01-17 21:00:00,SGN,25.0,0.0,1,12.5,139,1008.5,75,24140.0,11.67,-4.48,0.0,-1.1,1.9,0.0,0.0,0.0,14.4,14.09,0,0,0,0,0,0,0,0,0,0,0,0
2026-01-17 22:00:00,SGN,24.4,0.0,16,12.1,138,1008.7,79,24140.0,11.22,-4.53,-0.6,-1.6,1.4,0.0,0.0,0.0,13.0,12.56,0,0,0,0,0,0,0,0,0,0,0,0
2026-01-17 23:00:00,SGN,24.1,0.0,22,10.1,140,1008.8,81,24140.0,9.49,-3.45,-0.3,-0.9,0.7,0.0,0.0,0.0,12.5,11.67,0,0,0,0,0,0,0,0,0,0,0,0
2026-01-18 00:00:00,SGN,23.9,0.0,22,10.3,140,1008.7,82,24140.0,9.68,-3.52,-0.2,-1.1,0.2,0.0,0.0,0.0,12.1,11.22,0,0,0,0,0,0,0,0,0,0,0,0
2026-01-18 01:00:00,SGN,23.6,0.0,40,9.6,152,1008.2,86,24140.0,9.51,-1.34,-0.3,-0.8,-0.5,0.0,0.0,0.0,10.3,9.68,0,0,0,0,0,0,0,0,0,0,0,0
2026-01-18 02:00:00,SGN,23.5,0.0,79,7.2,153,1007.8,87,24140.0,7.15,-0.88,-0.1,-0.6,-1.0,0.0,0.0,0.0,10.3,9.68,0,0,0,0,0,0,0,0,0,0,0,0
2026-01-18 03:00:00,SGN,23.4,0.0,62,6.9,143,1007.3,87,24140.0,6.6,-2.02,-0.1,-0.5,-1.4,0.0,0.0,0.0,9.6,9.51,0,0,0,0,0,0,0,0,0,0,0,0
2026-01-18 04:00:00,SGN,23.1,0.0,20,7.5,127,1007.4,89,24140.0,6.29,-4.08,-0.3,-0.5,-0.8,0.0,0.0,0.0,7.5,7.15,0,0,0,0,0,0,0,0,0,0,0,0
2026-01-18 05:00:00,SGN,22.8,0.0,91,5.3,147,1007.7,90,24140.0,5.16,-1.19,-0.3,-0.7,-0.1,0.0,0.0,0.0,7.5,6.6,0,0,0,0,0,0,0,0,0,0,0,0
2026-01-18 06:00:00,SGN,22.4,0.0,93,3.1,167,1008.3,92,24140.0,3.08,0.38,-0.4,-1.0,1.0,0.0,0.0,0.0,7.5,6.29,0,0,0,0,0,0,0,0,0,0,0,0
2026-01-18 07:00:00,SGN,23.3,0.0,100,2.6,155,1009.4,89,24140.0,2.59,-0.23,0.9,0.2,2.0,0.0,0.0,0.0,5.3,5.16,0,0,0,0,0,0,0,0,0,0,0,0
2026-01-18 08:00:00,SGN,24.8,0.1,91,4.7,130,1010.3,80,24140.0,4.07,-2.35,1.5,2.0,2.6,0.1,0.1,0.1,4.7,4.07,1,0,0,0,0,0,0,0,1,1,0,1
2026-01-18 09:00:00,SGN,26.8,0.0,94,4.1,128,1010.7,68,24140.0,3.48,-2.17,2.0,4.4,2.4,0.0,0.1,0.1,4.7,4.07,0,0,0,0,0,0,0,0,0,0,0,0
2026-01-18 10:00:00,SGN,28.8,0.0,100,3.9,133,1010.2,58,24140.0,3.47,-1.77,2.0,5.5,0.8,0.0,0.1,0.1,4.7,4.07,0,0,0,0,0,0,0,0,0,0,0,0
2026-01-18 11:00:00,SGN,30.4,0.0,98,2.0,63,1009.5,50,24140.0,0.24,-1.99,1.6,5.6,-0.8,0.0,0.0,0.1,4.1,3.48,0,0,0,0,0,0,0,0,0,0,0,0
2026-01-18 12:00:00,SGN,31.6,0.0,100,3.0,25,1008.3,44,24140.0,2.12,-2.12,1.2,4.8,-2.4,0.0,0.0,0.1,3.9,3.47,0,0,0,0,0,0,0,0,0,0,0,0
2026-01-18 13:00:00,SGN,31.1,0.1,97,2.9,22,1007.2,45,24140.0,2.16,-1.94,-0.5,2.3,-3.0,0.1,0.1,0.2,3.0,2.16,1,0,0,0,0,0,0,0,1,1,0,1
2026-01-18 14:00:00,SGN,32.4,0.0,39,2.8,11,1006.0,40,24140.0,2.4,-1.44,1.3,2.0,-3.5,0.0,0.1,0.1,3.0,2.4,0,0,0,0,0,0,0,0,0,0,0,0
2026-01-18 15:00:00,SGN,32.2,0.0,21,2.3,39,1005.3,39,24140.0,1.18,-1.97,-0.2,0.6,-3.0,0.0,0.1,0.1,2.9,2.4,0,0,0,0,0,0,0,0,0,0,0,0
2026-01-18 16:00:00,SGN,32.0,0.0,21,3.0,76,1005.3,38,24140.0,0.31,-2.98,-0.2,0.9,-1.9,0.0,0.0,0.1,3.0,2.4,0,0,0,0,0,0,0,0,0,0,0,0
2026-01-18 17:00:00,SGN,29.9,0.0,16,9.7,178,1005.8,48,24140.0,9.23,3.0,-2.1,-2.5,-0.2,0.0,0.0,0.1,9.7,9.23,0,0,0,0,0,0,0,0,0,0,0,0
2026-01-18 18:00:00,SGN,26.2,0.0,16,15.2,163,1006.7,70,24140.0,15.18,0.8,-3.7,-6.0,1.4,0.0,0.0,0.1,15.2,15.18,0,0,0,0,0,0,0,0,0,0,0,0
2026-01-18 19:00:00,SGN,25.6,0.0,100,14.8,148,1007.5,75,24140.0,14.48,-3.08,-0.6,-6.4,2.2,0.0,0.0,0.0,15.2,15.18,0,0,0,0,0,0,0,0,0,0,0,0
2026-01-18 20:00:00,SGN,25.1,0.0,91,13.4,147,1008.2,78,24140.0,13.06,-3.01,-0.5,-4.8,2.4,0.0,0.0,0.0,15.2,15.18,0,0,0,0,0,0,0,0,0,0,0,0
2026-01-18 21:00:00,SGN,24.6,0.0,10,11.7,144,1008.6,79,24140.0,11.25,-3.22,-0.5,-1.6,1.9,0.0,0.0,0.0,14.8,14.48,0,0,0,0,0,0,0,0,0,0,0,0
2026-01-18 22:00:00,SGN,24.3,0.0,1,10.3,145,1009.1,81,24140.0,9.95,-2.67,-0.3,-1.3,1.6,0.0,0.0,0.0,13.4,13.06,0,0,0,0,0,0,0,0,0,0,0,0
2026-01-18 23:00:00,SGN,24.0,0.0,2,8.8,149,1009.2,81,24140.0,8.64,-1.68,-0.3,-1.1,1.0,0.0,0.0,0.0,11.7,11.25,0,0,0,0,0,0,0,0,0,0,0,0
2026-01-19 00:00:00,SGN,23.7,0.0,7,8.3,139,1009.5,82,24140.0,7.75,-2.97,-0.3,-0.9,0.9,0.0,0.0,0.0,10.3,9.95,0,0,0,0,0,0,0,0,0,0,0,0
2026-01-19 01:00:00,SGN,23.6,0.0,39,8.0,130,1008.8,85,24140.0,6.93,-4.0,-0.1,-0.7,-0.3,0.0,0.0,0.0,8.8,8.64,0,0,0,0,0,0,0,0,0,0,0,0
2026-01-19 02:00:00,SGN,23.5,0.0,80,8.7,137,1008.2,87,24140.0,8.01,-3.4,-0.1,-0.5,-1.0,0.0,0.0,0.0,8.7,8.01,0,0,0,0,0,0,0,0,0,0,0,0
2026-01-19 03:00:00,SGN,23.2,0.0,58,7.9,147,1007.7,89,24140.0,7.7,-1.78,-0.3,-0.5,-1.8,0.0,0.0,0.0,8.7,8.01,0,0,0,0,0,0,0,0,0,0,0,0
2026-01-19 04:00:00,SGN,23.0,0.0,95,6.9,147,1007.6,90,24140.0,6.72,-1.55,-0.2,-0.6,-1.2,0.0,0.0,0.0,8.7,8.01,0,0,0,0,0,0,0,0,0,0,0,0
2026-01-19 05:00:00,SGN,22.9,0.0,51,5.7,145,1008.2,91,24140.0,5.51,-1.48,-0.1,-0.6,0.0,0.0,0.0,0.0,7.9,7.7,0,0,0,0,0,0,0,0,0,0,0,0
2026-01-19 06:00:00,SGN,22.7,0.0,66,4.0,148,1008.7,92,24140.0,3.91,-0.83,-0.2,-0.5,1.0,0.0,0.0,0.0,6.9,6.72,0,0,0,0,0,0,0,0,0,0,0,0
2026-01-19 07:00:00,SGN,23.4,0.0,88,2.7,184,1009.9,89,24140.0,2.47,1.1,0.7,0.4,2.3,0.0,0.0,0.0,5.7,5.51,0,0,0,0,0,0,0,0,0,0,0,0
2026-01-19 08:00:00,SGN,25.4,0.0,71,6.7,144,1010.9,78,24140.0,6.44,-1.85,2.0,2.5,2.7,0.0,0.0,0.0,6.7,6.44,0,0,0,0,0,0,0,0,0,0,0,0
2026-01-19 09:00:00,SGN,27.0,0.0,74,6.2,134,1011.7,69,24140.0,5.57,-2.72,1.6,4.3,3.0,0.0,0.0,0.0,6.7,6.44,0,0,0,0,0,0,0,0,0,0,0,0
2026-01-19 10:00:00,SGN,28.5,0.1,56,3.9,124,1011.3,62,24140.0,3.16,-2.29,1.5,5.1,1.4,0.1,0.1,0.1,6.7,6.44,1,0,0,0,0,0,0,0,0,1,0,0
2026-01-19 11:00:00,SGN,29.4,0.2,34,1.8,127,1010.7,57,24140.0,1.51,-0.98,0.9,4.0,-0.2,0.2,0.3,0.3,6.2,5.57,1,0,0,0,0,0,0,0,0,1,0,0
2026-01-19 12:00:00,SGN,30.9,0.0,80,0.6,72,1009.7,49,24140.0,0.02,-0.6,1.5,3.9,-2.0,0.0,0.3,0.3,3.9,3.16,0,0,0,0,0,0,0,0,0,0,0,0
2026-01-19 13:00:00,SGN,30.7,0.0,97,3.1,360,1008.5,48,24140.0,2.91,-1.06,-0.2,2.2,-2.8,0.0,0.2,0.3,3.1,2.91,0,0,0,0,0,0,0,0,0,0,0,0
2026-01-19 14:00:00,SGN,30.8,0.0,100,2.2,294,1007.5,47,24140.0,1.53,1.58,0.1,1.4,-3.2,0.0,0.0,0.3,3.1,2.91,0,0,0,0,0,0,0,0,0,0,0,0
2026-01-19 15:00:00,SGN,30.0,0.0,100,4.5,227,1007.2,48,24140.0,1.76,4.14,-0.8,-0.9,-2.5,0.0,0.0,0.3,4.5,2.91,0,0,0,0,0,0,0,0,0,0,0,0
2026-01-19 16:00:00,SGN,29.2,0.1,99,3.7,219,1007.1,50,24140.0,1.91,3.17,-0.8,-1.5,-1.4,0.1,0.1,0.3,4.5,1.91,1,0,0,0,0,0,0,0,1,1,0,1
2026-01-19 17:00:00,SGN,28.6,0.0,99,7.1,204,1007.6,53,24140.0,5.11,4.93,-0.6,-2.2,0.1,0.0,0.1,0.1,7.1,5.11,0,0,0,0,0,0,0,0,0,0,0,0
2026-01-19 18:00:00,SGN,27.2,0.0,98,11.9,190,1008.4,62,24140.0,10.31,5.95,-1.4,-2.8,1.2,0.0,0.1,0.1,11.9,10.31,0,0,0,0,0,0,0,0,0,0,0,0
2026-01-19 19:00:00,SGN,26.0,0.0,27,12.4,166,1009.1,70,24140.0,12.33,1.3,-1.2,-3.2,2.0,0.0,0.0,0.1,12.4,12.33,0,0,0,0,0,0,0,0,0,0,0,0
2026-01-19 20:00:00,SGN,25.1,0.0,20,12.3,158,1009.9,74,24140.0,12.29,-0.43,-0.9,-3.5,2.3,0.0,0.0,0.1,12.4,12.33,0,0,0,0,0,0,0,0,0,0,0,0
2026-01-19 21:00:00,SGN,25.1,0.0,13,9.2,140,1010.5,76,24140.0,8.65,-3.15,0.0,-2.1,2.1,0.0,0.0,0.1,12.4,12.33,0,0,0,0,0,0,0,0,0,0,0,0
2026-01-19 22:00:00,SGN,24.9,0.0,14,8.4,132,1010.2,76,24140.0,7.42,-3.94,-0.2,-1.1,1.1,0.0,0.0,0.0,12.3,12.29,0,0,0,0,0,0,0,0,0,0,0,0
2026-01-19 23:00:00,SGN,24.5,0.0,0,8.7,133,1010.3,77,24140.0,7.75,-3.95,-0.4,-0.6,0.4,0.0,0.0,0.0,9.2,8.65,0,0,0,0,0,0,0,0,0,0,0,0
2026-01-20 00:00:00,SGN,24.0,0.0,7,6.7,142,1010.3,80,24140.0,6.37,-2.07,-0.5,-1.1,-0.2,0.0,0.0,0.0,8.7,7.75,0,0,0,0,0,0,0,0,0,0,0,0
2026-01-20 01:00:00,SGN,23.8,0.0,8,7.5,145,1009.7,84,24140.0,7.24,-1.94,-0.2,-1.1,-0.5,0.0,0.0,0.0,8.7,7.75,0,0,0,0,0,0,0,0,0,0,0,0
2026-01-20 02:00:00,SGN,23.5,0.0,11,7.5,159,1009.0,86,24140.0,7.5,-0.13,-0.3,-1.0,-1.3,0.0,0.0,0.0,7.5,7.5,0,0,0,0,0,0,0,0,0,0,0,0
2026-01-20 03:00:00,SGN,23.1,0.0,20,5.6,174,1008.7,89,24140.0,5.43,1.35,-0.4,-0.9,-1.6,0.0,0.0,0.0,7.5,7.5,0,0,0,0,0,0,0,0,0,0,0,0
2026-01-20 04:00:00,SGN,22.9,0.0,31,4.7,189,1009.1,90,24140.0,4.11,2.28,-0.2,-0.9,-0.6,0.0,0.0,0.0,7.5,7.5,0,0,0,0,0,0,0,0,0,0,0,0
2026-01-20 05:00:00,SGN,22.7,0.0,71,3.5,192,1009.5,92,24140.0,2.97,1.85,-0.2,-0.8,0.5,0.0,0.0,0.0,5.6,5.43,0,0,0,0,0,0,0,0,0,0,0,0
2026-01-20 06:00:00,SGN,22.7,0.0,99,1.0,211,1010.0,92,24140.0,0.63,0.78,0.0,-0.4,1.3,0.0,0.0,0.0,4.7,4.11,0,0,0,0,0,0,0,0,0,0,0,0
2026-01-20 07:00:00,SGN,23.5,0.0,100,1.8,45,1011.0,90,24140.0,0.76,-1.63,0.8,0.6,1.9,0.0,0.0,0.0,3.5,2.97,0,0,0,0,0,0,0,0,0,0,0,0
2026-01-20 08:00:00,SGN,24.9,0.0,100,2.7,94,1011.9,80,24140.0,1.1,-2.47,1.4,2.2,2.4,0.0,0.0,0.0,2.7,1.1,0,0,0,0,0,0,0,0,0,0,0,0
2026-01-20 09:00:00,SGN,27.0,0.0,99,2.5,82,1012.7,68,24140.0,0.52,-2.45,2.1,4.3,2.7,0.0,0.0,0.0,2.7,1.1,0,0,0,0,0,0,0,0,0,0,0,0
2026-01-20 10:00:00,SGN,28.8,0.1,31,1.9,61,1012.4,56,24140.0,0.3,-1.88,1.8,5.3,1.4,0.1,0.1,0.1,2.7,1.1,1,0,0,0,0,0,0,0,0,1,0,0
2026-01-20 11:00:00,SGN,30.0,0.0,23,3.2,360,1012.2,48,24140.0,3.01,-1.09,1.2,5.1,0.3,0.0,0.1,0.1,3.2,3.01,0,0,0,0,0,0,0,0,0,0,0,0
2026-01-20 12:00:00,SGN,31.6,0.0,18,4.9,360,1011.3,41,24140.0,4.6,-1.68,1.6,4.6,-1.4,0.0,0.1,0.1,4.9,4.6,0,0,0,0,0,0,0,0,0,0,0,0
2026-01-20 13:00:00,SGN,31.7,0.0,16,6.0,3,1010.1,42,24140.0,5.52,-2.34,0.1,2.9,-2.3,0.0,0.0,0.1,6.0,5.52,0,0,0,0,0,0,0,0,0,0,0,0
2026-01-20 14:00:00,SGN,32.2,0.0,33,8.3,16,1008.9,39,24140.0,6.71,-4.88,0.5,2.2,-3.3,0.0,0.0,0.1,8.3,6.71,0,0,0,0,0,0,0,0,0,0,0,0
2026-01-20 15:00:00,SGN,31.9,0.0,55,10.5,27,1008.3,39,24140.0,7.16,-7.68,-0.3,0.3,-3.0,0.0,0.0,0.1,10.5,7.16,0,0,0,0,0,0,0,0,0,0,0,0
2026-01-20 16:00:00,SGN,31.5,0.0,14,8.1,29,1008.2,40,24140.0,5.31,-6.11,-0.4,-0.2,-1.9,0.0,0.0,0.0,10.5,7.16,0,0,0,0,0,0,0,0,0,0,0,0
2026-01-20 17:00:00,SGN,30.6,0.0,19,2.9,191,1008.2,40,24140.0,2.49,1.49,-0.9,-1.6,-0.7,0.0,0.0,0.0,10.5,7.16,0,0,0,0,0,0,0,0,0,0,0,0
2026-01-20 18:00:00,SGN,26.7,0.0,73,15.7,185,1008.6,64,24140.0,14.23,6.64,-3.9,-5.2,0.3,0.0,0.0,0.0,15.7,14.23,0,0,0,0,0,0,0,0,0,0,0,0
2026-01-20 19:00:00,SGN,25.9,0.0,95,13.9,163,1009.2,67,24140.0,13.88,0.73,-0.8,-5.6,1.0,0.0,0.0,0.0,15.7,14.23,0,0,0,0,0,0,0,0,0,0,0,0
2026-01-20 20:00:00,SGN,25.8,0.0,88,12.8,158,1010.4,67,24140.0,12.79,-0.45,-0.1,-4.8,2.2,0.0,0.0,0.0,15.7,14.23,0,0,0,0,0,0,0,0,0,0,0,0
2026-01-20 21:00:00,SGN,25.1,0.0,90,10.7,144,1011.0,70,24140.0,10.29,-2.95,-0.7,-1.6,2.4,0.0,0.0,0.0,13.9,13.88,0,0,0,0,0,0,0,0,0,0,0,0
2026-01-20 22:00:00,SGN,24.7,0.0,100,10.1,131,1011.2,73,24140.0,8.83,-4.9,-0.4,-1.2,2.0,0.0,0.0,0.0,12.8,12.79,0,0,0,0,0,0,0,0,0,0,0,0
2026-01-20 23:00:00,SGN,24.5,0.0,71,7.6,135,1011.1,74,24140.0,6.89,-3.21,-0.2,-1.3,0.7,0.0,0.0,0.0,10.7,10.29,0,0,0,0,0,0,0,0,0,0,0,0
2026-01-21 00:00:00,SGN,24.0,0.0,17,7.4,139,1011.1,77,24140.0,6.91,-2.65,-0.5,-1.1,0.1,0.0,0.0,0.0,10.1,8.83,0,0,0,0,0,0,0,0,0,0,0,0
2026-01-21 01:00:00,SGN,23.6,0.0,0,5.0,165,1010.6,84,24140.0,4.98,0.44,-0.4,-1.1,-0.6,0.0,0.0,0.0,7.6,6.91,0,0,0,0,0,0,0,0,0,0,0,0
2026-01-21 02:00:00,SGN,23.2,0.0,3,3.8,161,1010.5,86,24140.0,3.8,0.07,-0.4,-1.3,-0.6,0.0,0.0,0.0,7.4,6.91,0,0,0,0,0,0,0,0,0,0,0,0
2026-01-21 03:00:00,SGN,22.9,0.0,2,2.7,127,1010.1,88,24140.0,2.26,-1.47,-0.3,-1.1,-1.0,0.0,0.0,0.0,5.0,4.98,0,0,0,0,0,0,0,0,0,0,0,0
2026-01-21 04:00:00,SGN,22.5,0.0,8,2.2,48,1010.4,90,24140.0,0.82,-2.04,-0.4,-1.1,-0.2,0.0,0.0,0.0,3.8,3.8,0,0,0,0,0,0,0,0,0,0,0,0
2026-01-21 05:00:00,SGN,22.2,0.0,11,3.1,21,1010.9,92,24140.0,2.34,-2.03,-0.3,-1.0,0.4,0.0,0.0,0.0,3.1,2.34,0,0,0,0,0,0,0,0,0,0,0,0
2026-01-21 06:00:00,SGN,21.9,0.0,6,5.0,2,1011.3,94,24140.0,4.64,-1.87,-0.3,-1.0,1.2,0.0,0.0,0.0,5.0,4.64,0,0,0,0,0,0,0,0,0,0,0,0
2026-01-21 07:00:00,SGN,22.1,0.0,55,4.4,339,1011.7,92,24140.0,4.4,0.08,0.2,-0.4,1.3,0.0,0.0,0.0,5.0,4.64,0,0,0,0,0,0,0,0,0,0,0,0
2026-01-21 08:00:00,SGN,24.5,0.0,80,4.5,337,1013.1,75,24140.0,4.49,0.24,2.4,2.3,2.2,0.0,0.0,0.0,5.0,4.64,0,0,0,0,0,0,0,0,0,0,0,0
2026-01-21 09:00:00,SGN,26.8,0.0,98,6.6,349,1014.1,50,24140.0,6.52,-1.03,2.3,4.9,2.8,0.0,0.0,0.0,6.6,6.52,0,0,0,0,0,0,0,0,0,0,0,0
2026-01-21 10:00:00,SGN,28.9,0.0,56,5.7,351,1013.9,38,24140.0,5.6,-1.09,2.1,6.8,2.2,0.0,0.0,0.0,6.6,6.52,0,0,0,0,0,0,0,0,0,0,0,0
2026-01-21 11:00:00,SGN,30.9,0.0,70,3.8,360,1013.3,32,24140.0,3.57,-1.3,2.0,6.4,0.2,0.0,0.0,0.0,6.6,6.52,0,0,0,0,0,0,0,0,0,0,0,0
2026-01-21 12:00:00,SGN,32.5,0.0,89,6.8,37,1012.1,26,24140.0,3.7,-5.7,1.6,5.7,-2.0,0.0,0.0,0.0,6.8,5.6,0,0,0,0,0,0,0,0,0,0,0,0
2026-01-21 13:00:00,SGN,33.0,0.0,63,10.8,44,1010.9,22,24140.0,4.73,-9.71,0.5,4.1,-3.0,0.0,0.0,0.0,10.8,4.73,0,0,0,0,0,0,0,0,0,0,0,0
2026-01-21 14:00:00,SGN,33.3,0.0,7,8.5,54,1009.6,23,24140.0,2.34,-8.17,0.3,2.4,-3.7,0.0,0.0,0.0,10.8,4.73,0,0,0,0,0,0,0,0,0,0,0,0
2026-01-21 15:00:00,SGN,33.6,0.0,54,11.6,39,1008.8,22,24140.0,5.97,-9.94,0.3,1.1,-3.3,0.0,0.0,0.0,11.6,5.97,0,0,0,0,0,0,0,0,0,0,0,0
2026-01-21 16:00:00,SGN,32.1,0.0,88,6.3,117,1009.0,25,24140.0,4.61,-4.3,-1.5,-0.9,-1.9,0.0,0.0,0.0,11.6,5.97,0,0,0,0,0,0,0,0,0,0,0,0
2026-01-21 17:00:00,SGN,29.2,0.0,6,14.3,165,1009.3,49,24140.0,14.25,1.25,-2.9,-4.1,-0.3,0.0,0.0,0.0,14.3,14.25,0,0,0,0,0,0,0,0,0,0,0,0
2026-01-21 18:00:00,SGN,27.5,0.0,5,13.9,156,1009.6,56,24140.0,13.87,-0.97,-1.7,-6.1,0.8,0.0,0.0,0.0,14.3,14.25,0,0,0,0,0,0,0,0,0,0,0,0
2026-01-21 19:00:00,SGN,26.4,0.0,6,12.1,168,1010.6,63,24140.0,11.98,1.68,-1.1,-5.7,1.6,0.0,0.0,0.0,14.3,14.25,0,0,0,0,0,0,0,0,0,0,0,0
2026-01-21 20:00:00,SGN,25.6,0.0,9,8.5,167,1011.9,68,24140.0,8.44,1.04,-0.8,-3.6,2.6,0.0,0.0,0.0,13.9,13.87,0,0,0,0,0,0,0,0,0,0,0,0
2026-01-21 21:00:00,SGN,25.2,0.0,62,7.5,150,1012.7,72,24140.0,7.39,-1.3,-0.4,-2.3,3.1,0.0,0.0,0.0,12.1,11.98,0,0,0,0,0,0,0,0,0,0,0,0
2026-01-21 22:00:00,SGN,24.9,0.0,7,5.6,119,1012.8,75,24140.0,4.23,-3.67,-0.3,-1.5,2.2,0.0,0.0,0.0,8.5,8.44,0,0,0,0,0,0,0,0,0,0,0,0
2026-01-21 23:00:00,SGN,24.5,0.0,2,5.9,133,1012.7,77,24140.0,5.26,-2.68,-0.4,-1.1,0.8,0.0,0.0,0.0,7.5,7.39,0,0,0,0,0,0,0,0,0,0,0,0
2026-01-22 00:00:00,SGN,24.2,0.0,70,2.7,122,1012.7,79,24140.0,2.13,-1.66,-0.3,-1.0,0.0,0.0,0.0,0.0,5.9,5.26,0,0,0,0,0,0,0,0,0,0,0,0
2026-01-22 01:00:00,SGN,23.8,0.0,46,2.3,360,1012.0,82,24140.0,2.16,-0.79,-0.4,-1.1,-0.8,0.0,0.0,0.0,5.9,5.26,0,0,0,0,0,0,0,0,0,0,0,0
2026-01-22 02:00:00,SGN,23.5,0.0,85,2.1,290,1011.3,83,24140.0,1.35,1.61,-0.3,-1.0,-1.4,0.0,0.0,0.0,2.7,2.16,0,0,0,0,0,0,0,0,0,0,0,0
2026-01-22 03:00:00,SGN,22.9,0.0,91,3.4,342,1011.1,86,24140.0,3.4,-0.12,-0.6,-1.3,-1.6,0.0,0.0,0.0,3.4,3.4,0,0,0,0,0,0,0,0,0,0,0,0
2026-01-22 04:00:00,SGN,22.4,0.0,97,7.0,337,1011.4,88,24140.0,6.99,0.37,-0.5,-1.4,-0.6,0.0,0.0,0.0,7.0,6.99,0,0,0,0,0,0,0,0,0,0,0,0
2026-01-22 05:00:00,SGN,21.9,0.0,99,6.6,338,1012.0,86,24140.0,6.6,0.23,-0.5,-1.6,0.7,0.0,0.0,0.0,7.0,6.99,0,0,0,0,0,0,0,0,0,0,0,0
2026-01-22 06:00:00,SGN,21.5,0.0,91,6.7,336,1012.5,80,24140.0,6.68,0.47,-0.4,-1.4,1.4,0.0,0.0,0.0,7.0,6.99,0,0,0,0,0,0,0,0,0,0,0,0
2026-01-22 07:00:00,SGN,21.9,0.0,95,3.8,319,1013.5,81,24140.0,3.55,1.36,0.4,-0.5,2.1,0.0,0.0,0.0,6.7,6.68,0,0,0,0,0,0,0,0,0,0,0,0
2026-01-22 08:00:00,SGN,24.2,0.0,87,3.2,326,1014.3,62,24140.0,3.1,0.77,2.3,2.3,2.3,0.0,0.0,0.0,6.7,6.68,0,0,0,0,0,0,0,0,0,0,0,0
2026-01-22 09:00:00,SGN,26.5,0.0,83,3.6,351,1015.2,53,24140.0,3.53,-0.69,2.3,5.0,2.7,0.0,0.0,0.0,3.8,3.55,0,0,0,0,0,0,0,0,0,0,0,0
2026-01-22 10:00:00,SGN,28.9,0.0,74,2.2,355,1015.0,46,24140.0,2.13,-0.57,2.4,7.0,1.5,0.0,0.0,0.0,3.6,3.53,0,0,0,0,0,0,0,0,0,0,0,0
2026-01-22 11:00:00,SGN,30.9,0.0,11,0.9,349,1014.4,39,24140.0,0.89,-0.14,2.0,6.7,0.1,0.0,0.0,0.0,3.6,3.53,0,0,0,0,0,0,0,0,0,0,0,0
2026-01-22 12:00:00,SGN,32.5,0.0,2,1.0,59,1013.0,32,24140.0,0.19,-0.98,1.6,6.0,-2.2,0.0,0.0,0.0,2.2,2.13,0,0,0,0,0,0,0,0,0,0,0,0
2026-01-22 13:00:00,SGN,31.9,0.0,30,0.9,101,1011.9,33,24140.0,0.46,-0.77,-0.6,3.0,-3.1,0.0,0.0,0.0,1.0,0.89,0,0,0,0,0,0,0,0,0,0,0,0
2026-01-22 14:00:00,SGN,33.5,0.0,63,3.1,103,1010.6,28,24140.0,1.69,-2.6,1.6,2.6,-3.8,0.0,0.0,0.0,3.1,1.69,0,0,0,0,0,0,0,0,0,0,0,0
2026-01-22 15:00:00,SGN,33.4,0.0,98,5.1,86,1010.0,27,24140.0,1.41,-4.9,-0.1,0.9,-3.0,0.0,0.0,0.0,5.1,1.69,0,0,0,0,0,0,0,0,0,0,0,0
2026-01-22 16:00:00,SGN,33.0,0.0,100,6.3,66,1009.8,27,24140.0,0.44,-6.28,-0.4,1.1,-2.1,0.0,0.0,0.0,6.3,1.69,0,0,0,0,0,0,0,0,0,0,0,0
2026-01-22 17:00:00,SGN,32.2,0.0,100,4.8,42,1010.2,29,24140.0,2.25,-4.24,-0.8,-1.3,-0.4,0.0,0.0,0.0,6.3,2.25,0,0,0,0,0,0,0,0,0,0,0,0
2026-01-22 18:00:00,SGN,29.9,0.0,100,9.9,171,1010.9,41,24140.0,9.72,1.89,-2.3,-3.5,0.9,0.0,0.0,0.0,9.9,9.72,0,0,0,0,0,0,0,0,0,0,0,0
2026-01-22 19:00:00,SGN,27.1,0.0,100,10.8,176,1012.0,65,24140.0,10.38,2.98,-2.8,-5.9,2.2,0.0,0.0,0.0,10.8,10.38,0,0,0,0,0,0,0,0,0,0,0,0
2026-01-22 20:00:00,SGN,27.0,0.0,100,8.8,136,1012.8,67,24140.0,8.04,-3.58,-0.1,-5.2,2.6,0.0,0.0,0.0,10.8,10.38,0,0,0,0,0,0,0,0,0,0,0,0
2026-01-22 21:00:00,SGN,26.5,0.0,100,5.6,92,1013.6,70,24140.0,2.1,-5.19,-0.5,-3.4,2.7,0.0,0.0,0.0,10.8,10.38,0,0,0,0,0,0,0,0,0,0,0,0
2026-01-22 22:00:00,SGN,26.4,0.0,100,3.5,78,1013.5,70,24140.0,0.49,-3.47,-0.1,-0.7,1.5,0.0,0.0,0.0,8.8,8.04,0,0,0,0,0,0,0,0,0,0,0,0
2026-01-22 23:00:00,SGN,26.2,0.0,100,2.3,45,1013.4,70,24140.0,0.97,-2.08,-0.2,-0.8,0.6,0.0,0.0,0.0,5.6,2.1,0,0,0,0,0,0,0,0,0,0,0,0
2026-01-23 00:00:00,SGN,25.7,0.0,100,3.6,6,1013.3,71,24140.0,3.24,-1.58,-0.5,-0.8,-0.3,0.0,0.0,0.0,3.6,3.24,0,0,0,0,0,0,0,0,0,0,0,0
2026-01-23 01:00:00,SGN,25.0,0.0,100,6.5,5,1013.1,73,24140.0,5.89,-2.75,-0.7,-1.4,-0.4,0.0,0.0,0.0,6.5,5.89,0,0,0,0,0,0,0,0,0,0,0,0
2026-01-23 02:00:00,SGN,24.4,0.0,100,7.7,1,1012.9,68,24140.0,7.19,-2.76,-0.6,-1.8,-0.5,0.0,0.0,0.0,7.7,7.19,0,0,0,0,0,0,0,0,0,0,0,0
2026-01-23 03:00:00,SGN,24.0,0.0,100,6.9,6,1012.6,62,24140.0,6.2,-3.02,-0.4,-1.7,-0.7,0.0,0.0,0.0,7.7,7.19,0,0,0,0,0,0,0,0,0,0,0,0
2026-01-23 04:00:00,SGN,23.8,0.0,99,6.3,15,1012.8,61,24140.0,5.16,-3.61,-0.2,-1.2,-0.3,0.0,0.0,0.0,7.7,7.19,0,0,0,0,0,0,0,0,0,0,0,0
2026-01-23 05:00:00,SGN,23.5,0.0,6,6.5,23,1013.2,63,24140.0,4.75,-4.43,-0.3,-0.9,0.3,0.0,0.0,0.0,6.9,6.2,0,0,0,0,0,0,0,0,0,0,0,0
2026-01-23 06:00:00,SGN,22.9,0.0,0,5.4,20,1013.7,66,24140.0,4.14,-3.47,-0.6,-1.1,1.1,0.0,0.0,0.0,6.5,5.16,0,0,0,0,0,0,0,0,0,0,0,0
2026-01-23 07:00:00,SGN,23.4,0.0,0,3.3,22,1014.8,65,24140.0,2.45,-2.21,0.5,-0.4,2.0,0.0,0.0,0.0,6.5,4.75,0,0,0,0,0,0,0,0,0,0,0,0
2026-01-23 08:00:00,SGN,25.2,0.0,0,2.0,45,1015.9,60,24140.0,0.85,-1.81,1.8,1.7,2.7,0.0,0.0,0.0,5.4,4.14,0,0,0,0,0,0,0,0,0,0,0,0
2026-01-23 09:00:00,SGN,27.4,0.0,0,0.4,297,1016.4,53,24140.0,0.29,0.27,2.2,4.5,2.7,0.0,0.0,0.0,3.3,2.45,0,0,0,0,0,0,0,0,0,0,0,0
2026-01-23 10:00:00,SGN,29.2,0.0,0,2.5,291,1015.9,47,24140.0,1.64,1.89,1.8,5.8,1.1,0.0,0.0,0.0,2.5,1.64,0,0,0,0,0,0,0,0,0,0,0,0
2026-01-23 11:00:00,SGN,30.9,0.0,7,3.7,317,1015.1,42,24140.0,3.41,1.45,1.7,5.7,-0.8,0.0,0.0,0.0,3.7,3.41,0,0,0,0,0,0,0,0,0,0,0,0
2026-01-23 12:00:00,SGN,32.3,0.0,28,4.8,349,1014.0,37,24140.0,4.74,-0.75,1.4,4.9,-2.4,0.0,0.0,0.0,4.8,4.74,0,0,0,0,0,0,0,0,0,0,0,0
2026-01-23 13:00:00,SGN,33.0,0.0,52,6.7,358,1013.0,34,24140.0,6.37,-2.07,0.7,3.8,-2.9,0.0,0.0,0.0,6.7,6.37,0,0,0,0,0,0,0,0,0,0,0,0
2026-01-23 14:00:00,SGN,34.0,0.0,98,7.9,3,1011.8,30,24140.0,7.27,-3.09,1.0,3.1,-3.3,0.0,0.0,0.0,7.9,7.27,0,0,0,0,0,0,0,0,0,0,0,0
2026-01-23 15:00:00,SGN,33.8,0.0,100,9.5,15,1010.9,31,24140.0,7.78,-5.45,-0.2,1.5,-3.1,0.0,0.0,0.0,9.5,7.78,0,0,0,0,0,0,0,0,0,0,0,0
2026-01-23 16:00:00,SGN,33.0,0.0,76,9.5,27,1010.7,32,24140.0,6.48,-6.95,-0.8,0.0,-2.3,0.0,0.0,0.0,9.5,7.78,0,0,0,0,0,0,0,0,0,0,0,0
2026-01-23 17:00:00,SGN,32.3,0.0,48,9.3,29,1011.0,31,24140.0,6.1,-7.02,-0.7,-1.7,-0.8,0.0,0.0,0.0,9.5,7.78,0,0,0,0,0,0,0,0,0,0,0,0
2026-01-23 18:00:00,SGN,31.5,0.0,52,1.8,6,1011.6,32,24140.0,1.62,-0.79,-0.8,-2.3,0.7,0.0,0.0,0.0,9.5,6.48,0,0,0,0,0,0,0,0,0,0,0,0
2026-01-23 19:00:00,SGN,27.6,0.0,83,14.2,177,1012.9,61,24140.0,13.58,4.15,-3.9,-5.4,2.2,0.0,0.0,0.0,14.2,13.58,0,0,0,0,0,0,0,0,0,0,0,0
2026-01-23 20:00:00,SGN,26.0,0.0,38,11.4,153,1013.6,70,24140.0,11.32,-1.39,-1.6,-6.3,2.6,0.0,0.0,0.0,14.2,13.58,0,0,0,0,0,0,0,0,0,0,0,0
2026-01-23 21:00:00,SGN,25.6,0.0,28,6.6,119,1014.2,74,24140.0,4.98,-4.33,-0.4,-5.9,2.6,0.0,0.0,0.0,14.2,13.58,0,0,0,0,0,0,0,0,0,0,0,0
2026-01-23 22:00:00,SGN,25.2,0.0,98,5.1,113,1014.4,76,24140.0,3.48,-3.73,-0.4,-2.4,1.5,0.0,0.0,0.0,11.4,11.32,0,0,0,0,0,0,0,0,0,0,0,0
2026-01-23 23:00:00,SGN,25.1,0.0,48,2.3,162,1014.2,75,24140.0,2.3,0.08,-0.1,-0.9,0.6,0.0,0.0,0.0,6.6,4.98,0,0,0,0,0,0,0,0,0,0,0,0
2026-01-24 00:00:00,SGN,24.7,0.0,0,0.5,270,1014.2,77,24140.0,0.17,0.47,-0.4,-0.9,0.0,0.0,0.0,0.0,5.1,3.48,0,0,0,0,0,0,0,0,0,0,0,0
2026-01-24 01:00:00,SGN,24.2,0.0,0,4.8,299,1013.9,81,24140.0,3.62,3.15,-0.5,-1.0,-0.5,0.0,0.0,0.0,4.8,3.62,0,0,0,0,0,0,0,0,0,0,0,0
2026-01-24 02:00:00,SGN,23.8,0.0,0,2.9,259,1013.6,84,24140.0,0.45,2.86,-0.4,-1.3,-0.6,0.0,0.0,0.0,4.8,3.62,0,0,0,0,0,0,0,0,0,0,0,0
2026-01-24 03:00:00,SGN,23.2,0.0,1,3.1,249,1013.3,88,24140.0,0.05,3.1,-0.6,-1.5,-0.9,0.0,0.0,0.0,4.8,3.62,0,0,0,0,0,0,0,0,0,0,0,0
2026-01-24 04:00:00,SGN,22.8,0.0,1,2.5,266,1013.4,91,24140.0,0.69,2.4,-0.4,-1.4,-0.5,0.0,0.0,0.0,3.1,0.69,0,0,0,0,0,0,0,0,0,0,0,0
2026-01-24 05:00:00,SGN,22.3,0.0,21,3.8,275,1013.8,94,24140.0,1.61,3.44,-0.5,-1.5,0.2,0.0,0.0,0.0,3.8,1.61,0,0,0,0,0,0,0,0,0,0,0,0
2026-01-24 06:00:00,SGN,21.6,0.0,9,6.0,297,1014.2,94,24140.0,4.39,4.09,-0.7,-1.6,0.9,0.0,0.0,0.0,6.0,4.39,0,0,0,0,0,0,0,0,0,0,0,0
2026-01-24 07:00:00,SGN,22.0,0.0,7,4.5,320,1015.1,86,24140.0,4.23,1.54,0.4,-0.8,1.7,0.0,0.0,0.0,6.0,4.39,0,0,0,0,0,0,0,0,0,0,0,0
2026-01-24 08:00:00,SGN,24.6,0.0,1,2.9,11,1015.7,64,24140.0,2.49,-1.49,2.6,2.3,1.9,0.0,0.0,0.0,6.0,4.39,0,0,0,0,0,0,0,0,0,0,0,0
2026-01-24 09:00:00,SGN,27.0,0.0,67,2.0,63,1016.3,56,24140.0,0.24,-1.99,2.4,5.4,2.1,0.0,0.0,0.0,4.5,4.23,0,0,0,0,0,0,0,0,0,0,0,0
2026-01-24 10:00:00,SGN,29.0,0.0,66,0.9,11,1016.2,50,24140.0,0.77,-0.46,2.0,7.0,1.1,0.0,0.0,0.0,2.9,2.49,0,0,0,0,0,0,0,0,0,0,0,0
2026-01-24 11:00:00,SGN,30.8,0.0,52,1.9,338,1015.5,43,24140.0,1.9,0.07,1.8,6.2,-0.2,0.0,0.0,0.0,2.0,1.9,0,0,0,0,0,0,0,0,0,0,0,0
2026-01-24 12:00:00,SGN,32.4,0.0,72,4.0,10,1014.2,37,24140.0,3.46,-2.0,1.6,5.4,-2.1,0.0,0.0,0.0,4.0,3.46,0,0,0,0,0,0,0,0,0,0,0,0
2026-01-24 13:00:00,SGN,31.8,0.0,91,2.1,31,1013.3,37,24140.0,1.32,-1.63,-0.6,2.8,-2.9,0.0,0.0,0.0,4.0,3.46,0,0,0,0,0,0,0,0,0,0,0,0
2026-01-24 14:00:00,SGN,32.2,0.0,96,3.2,19,1012.6,37,24140.0,2.49,-2.01,0.4,1.4,-2.9,0.0,0.0,0.0,4.0,3.46,0,0,0,0,0,0,0,0,0,0,0,0
2026-01-24 15:00:00,SGN,31.5,0.0,74,1.8,11,1012.2,39,24140.0,1.54,-0.93,-0.7,-0.9,-2.0,0.0,0.0,0.0,3.2,2.49,0,0,0,0,0,0,0,0,0,0,0,0
2026-01-24 16:00:00,SGN,31.2,0.0,41,0.7,194,1011.8,39,24140.0,0.58,0.39,-0.3,-0.6,-1.5,0.0,0.0,0.0,3.2,2.49,0,0,0,0,0,0,0,0,0,0,0,0
2026-01-24 17:00:00,SGN,30.5,0.0,43,4.9,163,1011.9,41,24140.0,4.89,0.26,-0.7,-1.7,-0.7,0.0,0.0,0.0,4.9,4.89,0,0,0,0,0,0,0,0,0,0,0,0
2026-01-24 18:00:00,SGN,28.1,0.0,26,13.1,157,1012.1,56,24140.0,13.08,-0.69,-2.4,-3.4,-0.1,0.0,0.0,0.0,13.1,13.08,0,0,0,0,0,0,0,0,0,0,0,0
2026-01-24 19:00:00,SGN,26.5,0.0,6,12.1,150,1012.5,66,24140.0,11.92,-2.1,-1.6,-4.7,0.7,0.0,0.0,0.0,13.1,13.08,0,0,0,0,0,0,0,0,0,0,0,0
2026-01-24 20:00:00,SGN,26.0,0.0,2,12.5,150,1013.3,68,24140.0,12.31,-2.17,-0.5,-4.5,1.4,0.0,0.0,0.0,13.1,13.08,0,0,0,0,0,0,0,0,0,0,0,0
2026-01-24 21:00:00,SGN,25.1,0.0,1,12.0,147,1013.5,74,24140.0,11.69,-2.7,-0.9,-3.0,1.4,0.0,0.0,0.0,12.5,12.31,0,0,0,0,0,0,0,0,0,0,0,0
2026-01-24 22:00:00,SGN,24.2,0.0,1,10.3,149,1013.4,80,24140.0,10.11,-1.97,-0.9,-2.3,0.9,0.0,0.0,0.0,12.5,12.31,0,0,0,0,0,0,0,0,0,0,0,0
2026-01-24 23:00:00,SGN,23.9,0.0,0,10.6,145,1013.3,80,24140.0,10.24,-2.74,-0.3,-2.1,0.0,0.0,0.0,0.0,12.0,11.69,0,0,0,0,0,0,0,0,0,0,0,0
2026-01-25 00:00:00,SGN,23.5,0.0,78,8.1,119,1013.1,81,24140.0,6.11,-5.31,-0.4,-1.6,-0.4,0.0,0.0,0.0,10.6,10.24,0,0,0,0,0,0,0,0,0,0,0,0
2026-01-25 01:00:00,SGN,23.4,0.0,77,5.6,115,1013.0,81,24140.0,3.96,-3.96,-0.1,-0.8,-0.4,0.0,0.0,0.0,10.6,10.24,0,0,0,0,0,0,0,0,0,0,0,0
2026-01-25 02:00:00,SGN,23.2,0.0,91,3.5,111,1012.4,81,24140.0,2.3,-2.64,-0.2,-0.7,-0.9,0.0,0.0,0.0,8.1,6.11,0,0,0,0,0,0,0,0,0,0,0,0
2026-01-25 03:00:00,SGN,22.8,0.0,90,2.4,73,1012.2,82,24140.0,0.13,-2.4,-0.4,-0.7,-0.9,0.0,0.0,0.0,5.6,3.96,0,0,0,0,0,0,0,0,0,0,0,0
2026-01-25 04:00:00,SGN,22.5,0.0,68,1.8,336,1012.1,83,24140.0,1.8,0.13,-0.3,-0.9,-0.9,0.0,0.0,0.0,3.5,2.3,0,0,0,0,0,0,0,0,0,0,0,0
2026-01-25 05:00:00,SGN,22.1,0.0,5,0.2,360,1012.7,87,24140.0,0.19,-0.07,-0.4,-1.1,0.3,0.0,0.0,0.0,2.4,1.8,0,0,0,0,0,0,0,0,0,0,0,0
2026-01-25 06:00:00,SGN,21.9,0.0,5,1.0,22,1013.1,87,24140.0,0.74,-0.67,-0.2,-0.9,0.9,0.0,0.0,0.0,1.8,1.8,0,0,0,0,0,0,0,0,0,0,0,0
2026-01-25 07:00:00,SGN,22.2,0.0,9,3.7,331,1013.7,88,24140.0,3.65,0.58,0.3,-0.3,1.6,0.0,0.0,0.0,3.7,3.65,0,0,0,0,0,0,0,0,0,0,0,0
2026-01-25 08:00:00,SGN,24.3,0.0,7,6.5,341,1014.6,76,24140.0,6.5,-0.11,2.1,2.2,1.9,0.0,0.0,0.0,6.5,6.5,0,0,0,0,0,0,0,0,0,0,0,0
2026-01-25 09:00:00,SGN,26.5,0.0,5,6.2,353,1015.2,61,24140.0,6.04,-1.39,2.2,4.6,2.1,0.0,0.0,0.0,6.5,6.5,0,0,0,0,0,0,0,0,0,0,0,0
2026-01-25 10:00:00,SGN,28.9,0.0,41,5.8,5,1015.1,48,24140.0,5.26,-2.45,2.4,6.7,1.4,0.0,0.0,0.0,6.5,6.5,0,0,0,0,0,0,0,0,0,0,0,0
2026-01-25 11:00:00,SGN,30.9,0.0,100,7.2,13,1014.6,38,24140.0,6.04,-3.92,2.0,6.6,0.0,0.0,0.0,0.0,7.2,6.04,0,0,0,0,0,0,0,0,0,0,0,0
2026-01-25 12:00:00,SGN,32.0,0.0,100,8.3,24,1013.8,32,24140.0,5.97,-5.77,1.1,5.5,-1.4,0.0,0.0,0.0,8.3,6.04,0,0,0,0,0,0,0,0,0,0,0,0
2026-01-25 13:00:00,SGN,32.4,0.0,99,6.4,10,1012.5,33,24140.0,5.54,-3.2,0.4,3.5,-2.6,0.0,0.0,0.0,8.3,6.04,0,0,0,0,0,0,0,0,0,0,0,0
2026-01-25 14:00:00,SGN,33.1,0.0,97,5.9,14,1011.4,31,24140.0,4.89,-3.3,0.7,2.2,-3.2,0.0,0.0,0.0,8.3,5.97,0,0,0,0,0,0,0,0,0,0,0,0
2026-01-25 15:00:00,SGN,32.6,0.0,98,2.1,75,1011.1,31,24140.0,0.18,-2.09,-0.5,0.6,-2.7,0.0,0.0,0.0,6.4,5.54,0,0,0,0,0,0,0,0,0,0,0,0
2026-01-25 16:00:00,SGN,29.1,0.0,100,15.6,168,1011.3,54,24140.0,15.45,2.17,-3.5,-3.3,-1.2,0.0,0.0,0.0,15.6,15.45,0,0,0,0,0,0,0,0,0,0,0,0
2026-01-25 17:00:00,SGN,27.7,0.0,16,13.0,170,1011.7,56,24140.0,12.8,2.26,-1.4,-5.4,0.3,0.0,0.0,0.0,15.6,15.45,0,0,0,0,0,0,0,0,0,0,0,0
2026-01-25 18:00:00,SGN,27.9,0.0,16,7.8,157,1011.9,55,24140.0,7.79,-0.41,0.2,-4.7,0.8,0.0,0.0,0.0,15.6,15.45,0,0,0,0,0,0,0,0,0,0,0,0
2026-01-25 19:00:00,SGN,26.9,0.0,23,9.5,165,1012.5,61,24140.0,9.46,0.83,-1.0,-2.2,1.2,0.0,0.0,0.0,13.0,12.8,0,0,0,0,0,0,0,0,0,0,0,0
2026-01-25 20:00:00,SGN,26.0,0.0,15,11.6,158,1013.3,66,24140.0,11.59,-0.4,-0.9,-1.7,1.6,0.0,0.0,0.0,11.6,11.59,0,0,0,0,0,0,0,0,0,0,0,0
2026-01-25 21:00:00,SGN,25.4,0.0,27,9.5,147,1013.6,73,24140.0,9.26,-2.14,-0.6,-2.5,1.7,0.0,0.0,0.0,11.6,11.59,0,0,0,0,0,0,0,0,0,0,0,0
2026-01-25 22:00:00,SGN,24.6,0.0,0,7.9,137,1013.6,77,24140.0,7.27,-3.09,-0.8,-2.3,1.1,0.0,0.0,0.0,11.6,11.59,0,0,0,0,0,0,0,0,0,0,0,0
2026-01-25 23:00:00,SGN,24.1,0.0,0,9.4,140,1013.7,80,24140.0,8.83,-3.21,-0.5,-1.9,0.4,0.0,0.0,0.0,9.5,9.26,0,0,0,0,0,0,0,0,0,0,0,0
2026-01-26 00:00:00,SGN,23.6,0.0,0,7.2,152,1013.4,81,24140.0,7.13,-1.0,-0.5,-1.8,-0.2,0.0,0.0,0.0,9.4,8.83,0,0,0,0,0,0,0,0,0,0,0,0
2026-01-26 01:00:00,SGN,23.5,0.0,3,6.0,153,1013.6,84,24140.0,5.96,-0.73,-0.1,-1.1,0.0,0.0,0.0,0.0,9.4,8.83,0,0,0,0,0,0,0,0,0,0,0,0
2026-01-26 02:00:00,SGN,23.2,0.0,70,6.8,143,1013.0,84,24140.0,6.5,-1.99,-0.3,-0.9,-0.7,0.0,0.0,0.0,7.2,7.13,0,0,0,0,0,0,0,0,0,0,0,0
2026-01-26 03:00:00,SGN,22.9,0.0,6,6.4,142,1012.6,86,24140.0,6.09,-1.98,-0.3,-0.7,-0.8,0.0,0.0,0.0,6.8,6.5,0,0,0,0,0,0,0,0,0,0,0,0
2026-01-26 04:00:00,SGN,22.5,0.0,51,6.2,116,1012.7,87,24140.0,4.46,-4.31,-0.4,-1.0,-0.9,0.0,0.0,0.0,6.8,6.5,0,0,0,0,0,0,0,0,0,0,0,0
2026-01-26 05:00:00,SGN,22.2,0.0,13,6.3,93,1013.1,88,24140.0,2.46,-5.8,-0.3,-1.0,0.1,0.0,0.0,0.0,6.4,6.09,0,0,0,0,0,0,0,0,0,0,0,0
2026-01-26 06:00:00,SGN,22.0,0.0,84,4.3,85,1013.4,89,24140.0,1.11,-4.15,-0.2,-0.9,0.8,0.0,0.0,0.0,6.3,4.46,0,0,0,0,0,0,0,0,0,0,0,0
2026-01-26 07:00:00,SGN,22.4,0.0,0,4.0,82,1014.1,87,24140.0,0.83,-3.91,0.4,-0.1,1.4,0.0,0.0,0.0,6.3,2.46,0,0,0,0,0,0,0,0,0,0,0,0
2026-01-26 08:00:00,SGN,24.2,0.0,0,2.8,105,1015.0,74,24140.0,1.61,-2.29,1.8,2.0,1.9,0.0,0.0,0.0,4.3,1.61,0,0,0,0,0,0,0,0,0,0,0,0
2026-01-26 09:00:00,SGN,26.6,0.0,0,2.8,105,1015.6,63,24140.0,1.61,-2.29,2.4,4.6,2.2,0.0,0.0,0.0,4.0,1.61,0,0,0,0,0,0,0,0,0,0,0,0
2026-01-26 10:00:00,SGN,29.1,0.0,0,2.5,94,1015.3,52,24140.0,1.02,-2.28,2.5,6.7,1.2,0.0,0.0,0.0,2.8,1.61,0,0,0,0,0,0,0,0,0,0,0,0
2026-01-26 11:00:00,SGN,31.0,0.0,12,3.9,47,1014.7,42,24140.0,1.52,-3.59,1.9,6.8,-0.3,0.0,0.0,0.0,3.9,1.61,0,0,0,0,0,0,0,0,0,0,0,0
2026-01-26 12:00:00,SGN,32.5,0.0,25,6.0,37,1013.2,35,24140.0,3.27,-5.03,1.5,5.9,-2.4,0.0,0.0,0.0,6.0,3.27,0,0,0,0,0,0,0,0,0,0,0,0
2026-01-26 13:00:00,SGN,32.7,0.0,91,6.3,24,1012.1,34,24140.0,4.53,-4.38,0.2,3.6,-3.2,0.0,0.0,0.0,6.3,4.53,0,0,0,0,0,0,0,0,0,0,0,0
2026-01-26 14:00:00,SGN,33.2,0.0,91,6.3,18,1011.1,32,24140.0,4.96,-3.88,0.5,2.2,-3.6,0.0,0.0,0.0,6.3,4.96,0,0,0,0,0,0,0,0,0,0,0,0
2026-01-26 15:00:00,SGN,33.0,0.0,100,6.5,13,1010.6,31,24140.0,5.45,-3.54,-0.2,0.5,-2.6,0.0,0.0,0.0,6.5,5.45,0,0,0,0,0,0,0,0,0,0,0,0
2026-01-26 16:00:00,SGN,31.8,0.0,98,6.7,153,1010.6,34,24140.0,6.65,-0.82,-1.2,-0.9,-1.5,0.0,0.0,0.0,6.7,6.65,0,0,0,0,0,0,0,0,0,0,0,0
2026-01-26 17:00:00,SGN,27.8,0.0,16,19.0,175,1011.2,55,24140.0,18.35,4.92,-4.0,-5.4,0.1,0.0,0.0,0.0,19.0,18.35,0,0,0,0,0,0,0,0,0,0,0,0
2026-01-26 18:00:00,SGN,27.4,0.0,2,12.0,147,1011.6,57,24140.0,11.69,-2.7,-0.4,-5.6,1.0,0.0,0.0,0.0,19.0,18.35,0,0,0,0,0,0,0,0,0,0,0,0
2026-01-26 19:00:00,SGN,26.7,0.0,11,13.1,155,1012.3,64,24140.0,13.05,-1.14,-0.7,-5.1,1.7,0.0,0.0,0.0,19.0,18.35,0,0,0,0,0,0,0,0,0,0,0,0
2026-01-26 20:00:00,SGN,25.6,0.0,29,11.3,144,1013.4,67,24140.0,10.86,-3.11,-1.1,-2.2,2.2,0.0,0.0,0.0,13.1,13.05,0,0,0,0,0,0,0,0,0,0,0,0
2026-01-26 21:00:00,SGN,24.9,0.0,36,11.8,147,1013.7,72,24140.0,11.5,-2.65,-0.7,-2.5,2.1,0.0,0.0,0.0,13.1,13.05,0,0,0,0,0,0,0,0,0,0,0,0
2026-01-26 22:00:00,SGN,24.5,0.0,17,13.0,138,1013.8,70,24140.0,12.05,-4.87,-0.4,-2.2,1.5,0.0,0.0,0.0,13.0,12.05,0,0,0,0,0,0,0,0,0,0,0,0
2026-01-26 23:00:00,SGN,24.0,0.0,0,10.7,134,1013.8,73,24140.0,9.62,-4.69,-0.5,-1.6,0.4,0.0,0.0,0.0,13.0,12.05,0,0,0,0,0,0,0,0,0,0,0,0
2026-01-27 00:00:00,SGN,23.7,0.0,0,10.2,122,1013.7,75,24140.0,8.04,-6.28,-0.3,-1.2,0.0,0.0,0.0,0.0,13.0,12.05,0,0,0,0,0,0,0,0,0,0,0,0
2026-01-27 01:00:00,SGN,23.4,0.0,2,8.4,125,1013.5,79,24140.0,6.88,-4.82,-0.3,-1.1,-0.3,0.0,0.0,0.0,10.7,9.62,0,0,0,0,0,0,0,0,0,0,0,0
2026-01-27 02:00:00,SGN,23.1,0.0,2,6.5,141,1013.2,80,24140.0,6.15,-2.12,-0.3,-0.9,-0.6,0.0,0.0,0.0,10.2,8.04,0,0,0,0,0,0,0,0,0,0,0,0
2026-01-27 03:00:00,SGN,22.8,0.0,13,5.5,161,1012.9,82,24140.0,5.5,0.1,-0.3,-0.9,-0.8,0.0,0.0,0.0,8.4,6.88,0,0,0,0,0,0,0,0,0,0,0,0
2026-01-27 04:00:00,SGN,22.5,0.0,1,5.3,162,1013.1,83,24140.0,5.3,0.18,-0.3,-0.9,-0.4,0.0,0.0,0.0,6.5,6.15,0,0,0,0,0,0,0,0,0,0,0,0
2026-01-27 05:00:00,SGN,22.4,0.0,9,3.9,118,1013.6,83,24140.0,2.9,-2.61,-0.1,-0.7,0.4,0.0,0.0,0.0,5.5,5.5,0,0,0,0,0,0,0,0,0,0,0,0
2026-01-27 06:00:00,SGN,22.1,0.0,51,3.1,93,1014.3,84,24140.0,1.21,-2.85,-0.3,-0.7,1.4,0.0,0.0,0.0,5.3,5.3,0,0,0,0,0,0,0,0,0,0,0,0
2026-01-27 07:00:00,SGN,23.0,0.0,2,3.6,57,1014.9,79,24140.0,0.81,-3.51,0.9,0.5,1.8,0.0,0.0,0.0,3.9,2.9,0,0,0,0,0,0,0,0,0,0,0,0
2026-01-27 08:00:00,SGN,24.7,0.0,4,3.6,49,1015.9,70,24140.0,1.29,-3.36,1.7,2.3,2.3,0.0,0.0,0.0,3.6,1.29,0,0,0,0,0,0,0,0,0,0,0,0
2026-01-27 09:00:00,SGN,26.8,0.0,44,5.4,20,1016.4,61,24140.0,4.14,-3.47,2.1,4.7,2.1,0.0,0.0,0.0,5.4,4.14,0,0,0,0,0,0,0,0,0,0,0,0
2026-01-27 10:00:00,SGN,29.1,0.0,87,6.1,3,1016.0,49,24140.0,5.62,-2.38,2.3,6.1,1.1,0.0,0.0,0.0,6.1,5.62,0,0,0,0,0,0,0,0,0,0,0,0
2026-01-27 11:00:00,SGN,31.0,0.0,98,7.1,353,1015.1,39,24140.0,6.92,-1.6,1.9,6.3,-0.8,0.0,0.0,0.0,7.1,6.92,0,0,0,0,0,0,0,0,0,0,0,0
2026-01-27 12:00:00,SGN,32.5,0.0,77,8.4,350,1014.0,34,24140.0,8.27,-1.46,1.5,5.7,-2.4,0.0,0.0,0.0,8.4,8.27,0,0,0,0,0,0,0,0,0,0,0,0
2026-01-27 13:00:00,SGN,32.9,0.0,13,5.6,360,1012.8,33,24140.0,5.26,-1.92,0.4,3.8,-3.2,0.0,0.0,0.0,8.4,8.27,0,0,0,0,0,0,0,0,0,0,0,0
2026-01-27 14:00:00,SGN,33.8,0.0,11,3.1,350,1011.7,30,24140.0,3.05,-0.54,0.9,2.8,-3.4,0.0,0.0,0.0,8.4,8.27,0,0,0,0,0,0,0,0,0,0,0,0
2026-01-27 15:00:00,SGN,33.8,0.0,38,3.3,351,1011.1,28,24140.0,3.24,-0.63,0.0,1.3,-2.9,0.0,0.0,0.0,5.6,5.26,0,0,0,0,0,0,0,0,0,0,0,0
2026-01-27 16:00:00,SGN,33.3,0.0,55,4.9,8,1010.9,28,24140.0,4.33,-2.3,-0.5,0.4,-1.9,0.0,0.0,0.0,4.9,4.33,0,0,0,0,0,0,0,0,0,0,0,0
2026-01-27 17:00:00,SGN,30.9,0.0,76,10.1,149,1011.6,38,24140.0,9.91,-1.93,-2.4,-2.9,-0.1,0.0,0.0,0.0,10.1,9.91,0,0,0,0,0,0,0,0,0,0,0,0
2026-01-27 18:00:00,SGN,27.0,0.0,3,15.4,159,1012.4,56,24140.0,15.4,-0.27,-3.9,-6.8,1.3,0.0,0.0,0.0,15.4,15.4,0,0,0,0,0,0,0,0,0,0,0,0
2026-01-27 19:00:00,SGN,26.7,0.0,85,12.7,140,1012.9,63,24140.0,11.93,-4.34,-0.3,-6.6,2.0,0.0,0.0,0.0,15.4,15.4,0,0,0,0,0,0,0,0,0,0,0,0
2026-01-27 20:00:00,SGN,25.8,0.0,14,13.8,140,1013.7,66,24140.0,12.97,-4.72,-0.9,-5.1,2.1,0.0,0.0,0.0,15.4,15.4,0,0,0,0,0,0,0,0,0,0,0,0
2026-01-27 21:00:00,SGN,24.9,0.0,0,12.5,134,1014.1,76,24140.0,11.23,-5.48,-0.9,-2.1,1.7,0.0,0.0,0.0,13.8,12.97,0,0,0,0,0,0,0,0,0,0,0,0
2026-01-27 22:00:00,SGN,24.4,0.0,1,12.1,134,1014.1,80,24140.0,10.88,-5.3,-0.5,-2.3,1.2,0.0,0.0,0.0,13.8,12.97,0,0,0,0,0,0,0,0,0,0,0,0
2026-01-27 23:00:00,SGN,24.0,0.0,8,10.8,128,1013.9,80,24140.0,9.16,-5.72,-0.4,-1.8,0.2,0.0,0.0,0.0,12.5,11.23,0,0,0,0,0,0,0,0,0,0,0,0
2026-01-28 00:00:00,SGN,23.7,0.0,13,9.6,133,1013.4,81,24140.0,8.55,-4.36,-0.3,-1.2,-0.7,0.0,0.0,0.0,12.1,10.88,0,0,0,0,0,0,0,0,0,0,0,0
2026-01-28 01:00:00,SGN,23.4,0.0,15,6.5,122,1012.9,83,24140.0,5.12,-4.0,-0.3,-1.0,-1.2,0.0,0.0,0.0,10.8,9.16,0,0,0,0,0,0,0,0,0,0,0,0
2026-01-28 02:00:00,SGN,23.2,0.0,27,4.9,92,1012.6,84,24140.0,1.84,-4.54,-0.2,-0.8,-1.3,0.0,0.0,0.0,9.6,8.55,0,0,0,0,0,0,0,0,0,0,0,0
2026-01-28 03:00:00,SGN,22.9,0.0,24,4.0,95,1012.0,85,24140.0,1.69,-3.63,-0.3,-0.8,-1.4,0.0,0.0,0.0,6.5,5.12,0,0,0,0,0,0,0,0,0,0,0,0
2026-01-28 04:00:00,SGN,22.5,0.0,18,1.8,6,1011.9,87,24140.0,1.62,-0.79,-0.4,-0.9,-1.0,0.0,0.0,0.0,4.9,1.84,0,0,0,0,0,0,0,0,0,0,0,0
2026-01-28 05:00:00,SGN,22.2,0.0,33,3.2,341,1012.5,88,24140.0,3.2,-0.06,-0.3,-1.0,-0.1,0.0,0.0,0.0,4.0,3.2,0,0,0,0,0,0,0,0,0,0,0,0
2026-01-28 06:00:00,SGN,22.0,0.0,5,3.1,301,1013.2,89,24140.0,2.41,1.95,-0.2,-0.9,1.2,0.0,0.0,0.0,3.2,3.2,0,0,0,0,0,0,0,0,0,0,0,0
2026-01-28 07:00:00,SGN,22.6,0.0,7,1.5,277,1013.9,88,24140.0,0.68,1.34,0.6,0.1,2.0,0.0,0.0,0.0,3.2,3.2,0,0,0,0,0,0,0,0,0,0,0,0
2026-01-28 08:00:00,SGN,24.6,0.0,0,0.8,315,1015.1,76,24140.0,0.73,0.34,2.0,2.4,2.6,0.0,0.0,0.0,3.1,2.41,0,0,0,0,0,0,0,0,0,0,0,0
2026-01-28 09:00:00,SGN,26.9,0.0,0,2.5,356,1015.5,63,24140.0,2.4,-0.69,2.3,4.9,2.3,0.0,0.0,0.0,2.5,2.4,0,0,0,0,0,0,0,0,0,0,0,0
2026-01-28 10:00:00,SGN,29.1,0.0,0,3.2,357,1015.1,47,24140.0,3.06,-0.94,2.2,6.5,1.2,0.0,0.0,0.0,3.2,3.06,0,0,0,0,0,0,0,0,0,0,0,0
2026-01-28 11:00:00,SGN,31.0,0.0,0,4.1,347,1014.6,37,24140.0,4.07,-0.5,1.9,6.4,-0.5,0.0,0.0,0.0,4.1,4.07,0,0,0,0,0,0,0,0,0,0,0,0
2026-01-28 12:00:00,SGN,32.6,0.0,0,3.7,349,1013.4,31,24140.0,3.65,-0.58,1.6,5.7,-2.1,0.0,0.0,0.0,4.1,4.07,0,0,0,0,0,0,0,0,0,0,0,0
2026-01-28 13:00:00,SGN,32.7,0.0,7,4.0,355,1012.0,31,24140.0,3.86,-1.04,0.1,3.6,-3.1,0.0,0.0,0.0,4.1,4.07,0,0,0,0,0,0,0,0,0,0,0,0
2026-01-28 14:00:00,SGN,34.0,0.0,78,4.0,357,1010.9,28,24140.0,3.83,-1.17,1.3,3.0,-3.7,0.0,0.0,0.0,4.0,3.86,0,0,0,0,0,0,0,0,0,0,0,0
2026-01-28 15:00:00,SGN,34.2,0.0,47,5.6,356,1010.2,26,24140.0,5.38,-1.54,0.2,1.6,-3.2,0.0,0.0,0.0,5.6,5.38,0,0,0,0,0,0,0,0,0,0,0,0
2026-01-28 16:00:00,SGN,33.8,0.0,95,4.7,351,1010.1,26,24140.0,4.61,-0.9,-0.4,1.1,-1.9,0.0,0.0,0.0,5.6,5.38,0,0,0,0,0,0,0,0,0,0,0,0
2026-01-28 17:00:00,SGN,30.4,0.0,37,12.6,158,1011.0,46,24140.0,12.59,-0.44,-3.4,-3.6,0.1,0.0,0.0,0.0,12.6,12.59,0,0,0,0,0,0,0,0,0,0,0,0
2026-01-28 18:00:00,SGN,27.2,0.0,0,14.1,153,1011.7,59,24140.0,13.99,-1.72,-3.2,-7.0,1.5,0.0,0.0,0.0,14.1,13.99,0,0,0,0,0,0,0,0,0,0,0,0
2026-01-28 19:00:00,SGN,27.4,0.0,2,12.3,157,1012.5,62,24140.0,12.28,-0.64,0.2,-6.4,2.4,0.0,0.0,0.0,14.1,13.99,0,0,0,0,0,0,0,0,0,0,0,0
2026-01-28 20:00:00,SGN,26.0,0.0,4,10.2,166,1013.3,69,24140.0,10.14,1.07,-1.4,-4.4,2.3,0.0,0.0,0.0,14.1,13.99,0,0,0,0,0,0,0,0,0,0,0,0
2026-01-28 21:00:00,SGN,25.2,0.0,2,11.3,153,1013.8,74,24140.0,11.22,-1.38,-0.8,-2.0,2.1,0.0,0.0,0.0,12.3,12.28,0,0,0,0,0,0,0,0,0,0,0,0
2026-01-28 22:00:00,SGN,25.0,0.0,1,11.4,147,1013.8,74,24140.0,11.11,-2.56,-0.2,-2.4,1.3,0.0,0.0,0.0,11.4,11.22,0,0,0,0,0,0,0,0,0,0,0,0
2026-01-28 23:00:00,SGN,24.5,0.0,0,8.3,139,1013.8,77,24140.0,7.75,-2.97,-0.5,-1.5,0.5,0.0,0.0,0.0,11.4,11.22,0,0,0,0,0,0,0,0,0,0,0,0
2026-01-29 00:00:00,SGN,24.2,0.0,0,5.5,103,1013.7,77,24140.0,3.0,-4.61,-0.3,-1.0,-0.1,0.0,0.0,0.0,11.4,11.11,0,0,0,0,0,0,0,0,0,0,0,0
2026-01-29 01:00:00,SGN,24.1,0.0,2,2.4,103,1013.3,78,24140.0,1.31,-2.01,-0.1,-0.9,-0.5,0.0,0.0,0.0,8.3,7.75,0,0,0,0,0,0,0,0,0,0,0,0
2026-01-29 02:00:00,SGN,23.9,0.0,1,2.4,283,1012.5,79,24140.0,1.31,2.01,-0.2,-0.6,-1.3,0.0,0.0,0.0,5.5,3.0,0,0,0,0,0,0,0,0,0,0,0,0
2026-01-29 03:00:00,SGN,23.4,0.0,26,2.4,279,1012.3,81,24140.0,1.16,2.1,-0.5,-0.8,-1.4,0.0,0.0,0.0,2.4,1.31,0,0,0,0,0,0,0,0,0,0,0,0
2026-01-29 04:00:00,SGN,23.0,0.0,99,1.9,241,1012.2,83,24140.0,0.3,1.88,-0.4,-1.1,-1.1,0.0,0.0,0.0,2.4,1.31,0,0,0,0,0,0,0,0,0,0,0,0
2026-01-29 05:00:00,SGN,22.6,0.0,98,1.8,270,1012.6,86,24140.0,0.62,1.69,-0.4,-1.3,0.1,0.0,0.0,0.0,2.4,1.16,0,0,0,0,0,0,0,0,0,0,0,0
2026-01-29 06:00:00,SGN,22.2,0.0,98,3.5,309,1013.1,88,24140.0,3.0,1.8,-0.4,-1.2,0.8,0.0,0.0,0.0,3.5,3.0,0,0,0,0,0,0,0,0,0,0,0,0
2026-01-29 07:00:00,SGN,22.9,0.0,99,4.7,332,1013.9,86,24140.0,4.65,0.65,0.7,-0.1,1.7,0.0,0.0,0.0,4.7,4.65,0,0,0,0,0,0,0,0,0,0,0,0
2026-01-29 08:00:00,SGN,25.2,0.0,25,4.4,351,1014.6,73,24140.0,4.32,-0.84,2.3,2.6,2.0,0.0,0.0,0.0,4.7,4.65,0,0,0,0,0,0,0,0,0,0,0,0
2026-01-29 09:00:00,SGN,27.4,0.0,21,6.1,357,1014.9,64,24140.0,5.83,-1.78,2.2,5.2,1.8,0.0,0.0,0.0,6.1,5.83,0,0,0,0,0,0,0,0,0,0,0,0
2026-01-29 10:00:00,SGN,29.9,0.0,41,6.1,360,1014.7,50,24140.0,5.73,-2.09,2.5,7.0,0.8,0.0,0.0,0.0,6.1,5.83,0,0,0,0,0,0,0,0,0,0,0,0
2026-01-29 11:00:00,SGN,31.7,0.0,100,6.1,2,1014.1,42,24140.0,5.66,-2.29,1.8,6.5,-0.5,0.0,0.0,0.0,6.1,5.83,0,0,0,0,0,0,0,0,0,0,0,0
2026-01-29 12:00:00,SGN,32.9,0.0,98,6.1,358,1012.9,37,24140.0,5.8,-1.89,1.2,5.5,-2.0,0.0,0.0,0.0,6.1,5.8,0,0,0,0,0,0,0,0,0,0,0,0
2026-01-29 13:00:00,SGN,32.7,0.0,95,3.2,357,1011.6,37,24140.0,3.06,-0.94,-0.2,2.8,-3.1,0.0,0.0,0.0,6.1,5.8,0,0,0,0,0,0,0,0,0,0,0,0
2026-01-29 14:00:00,SGN,32.7,0.0,100,1.5,76,1010.7,36,24140.0,0.16,-1.49,0.0,1.0,-3.4,0.0,0.0,0.0,6.1,5.8,0,0,0,0,0,0,0,0,0,0,0,0
2026-01-29 15:00:00,SGN,32.5,0.0,100,3.1,118,1010.1,36,24140.0,2.3,-2.07,-0.2,-0.4,-2.8,0.0,0.0,0.0,3.2,3.06,0,0,0,0,0,0,0,0,0,0,0,0
2026-01-29 16:00:00,SGN,32.3,0.0,99,5.2,149,1010.3,37,24140.0,5.1,-0.99,-0.2,-0.4,-1.3,0.0,0.0,0.0,5.2,5.1,0,0,0,0,0,0,0,0,0,0,0,0
2026-01-29 17:00:00,SGN,30.0,0.0,98,13.6,165,1010.9,50,24140.0,13.55,1.19,-2.3,-2.7,0.2,0.0,0.0,0.0,13.6,13.55,0,0,0,0,0,0,0,0,0,0,0,0
2026-01-29 18:00:00,SGN,27.8,0.0,45,13.8,160,1011.8,57,24140.0,13.8,0.0,-2.2,-4.7,1.7,0.0,0.0,0.0,13.8,13.8,0,0,0,0,0,0,0,0,0,0,0,0
2026-01-29 19:00:00,SGN,27.4,0.0,17,11.8,151,1012.1,58,24140.0,11.65,-1.85,-0.4,-4.9,1.8,0.0,0.0,0.0,13.8,13.8,0,0,0,0,0,0,0,0,0,0,0,0
2026-01-29 20:00:00,SGN,26.2,0.0,1,12.1,145,1013.3,63,24140.0,11.69,-3.13,-1.2,-3.8,2.4,0.0,0.0,0.0,13.8,13.8,0,0,0,0,0,0,0,0,0,0,0,0
2026-01-29 21:00:00,SGN,25.3,0.0,0,11.5,140,1013.6,69,24140.0,10.81,-3.93,-0.9,-2.5,1.8,0.0,0.0,0.0,12.1,11.69,0,0,0,0,0,0,0,0,0,0,0,0
2026-01-29 22:00:00,SGN,24.8,0.0,0,10.8,143,1013.9,73,24140.0,10.33,-3.16,-0.5,-2.6,1.8,0.0,0.0,0.0,12.1,11.69,0,0,0,0,0,0,0,0,0,0,0,0
2026-01-29 23:00:00,SGN,24.5,0.0,2,9.8,145,1014.2,74,24140.0,9.47,-2.54,-0.3,-1.7,0.9,0.0,0.0,0.0,11.5,10.81,0,0,0,0,0,0,0,0,0,0,0,0
2026-01-30 00:00:00,SGN,24.0,0.0,1,10.5,141,1013.8,76,24140.0,9.93,-3.42,-0.5,-1.3,0.2,0.0,0.0,0.0,10.8,10.33,0,0,0,0,0,0,0,0,0,0,0,0
2026-01-30 01:00:00,SGN,23.7,0.0,4,9.2,140,1013.5,77,24140.0,8.65,-3.15,-0.3,-1.1,-0.4,0.0,0.0,0.0,10.5,9.93,0,0,0,0,0,0,0,0,0,0,0,0
2026-01-30 02:00:00,SGN,23.5,0.0,2,6.9,147,1012.9,77,24140.0,6.72,-1.55,-0.2,-1.0,-1.3,0.0,0.0,0.0,10.5,9.93,0,0,0,0,0,0,0,0,0,0,0,0
2026-01-30 03:00:00,SGN,23.2,0.0,35,3.7,157,1012.9,79,24140.0,3.69,-0.19,-0.3,-0.8,-0.9,0.0,0.0,0.0,9.2,8.65,0,0,0,0,0,0,0,0,0,0,0,0
2026-01-30 04:00:00,SGN,22.8,0.0,95,2.0,180,1013.2,82,24140.0,1.88,0.68,-0.4,-0.9,-0.3,0.0,0.0,0.0,6.9,6.72,0,0,0,0,0,0,0,0,0,0,0,0
2026-01-30 05:00:00,SGN,22.6,0.0,99,3.1,135,1013.6,83,24140.0,2.81,-1.31,-0.2,-0.9,0.7,0.0,0.0,0.0,3.7,3.69,0,0,0,0,0,0,0,0,0,0,0,0
2026-01-30 06:00:00,SGN,22.5,0.0,100,3.3,96,1014.2,83,24140.0,1.45,-2.97,-0.1,-0.7,1.3,0.0,0.0,0.0,3.3,2.81,0,0,0,0,0,0,0,0,0,0,0,0
2026-01-30 07:00:00,SGN,23.4,0.0,100,3.8,85,1014.5,79,24140.0,0.98,-3.67,0.9,0.6,1.3,0.0,0.0,0.0,3.8,2.81,0,0,0,0,0,0,0,0,0,0,0,0
2026-01-30 08:00:00,SGN,25.0,0.0,93,3.5,51,1015.3,70,24140.0,1.14,-3.31,1.6,2.4,1.7,0.0,0.0,0.0,3.8,1.45,0,0,0,0,0,0,0,0,0,0,0,0
2026-01-30 09:00:00,SGN,27.1,0.0,100,3.5,24,1015.7,61,24140.0,2.52,-2.43,2.1,4.6,1.5,0.0,0.0,0.0,3.8,2.52,0,0,0,0,0,0,0,0,0,0,0,0
2026-01-30 10:00:00,SGN,29.5,0.0,100,3.3,45,1015.6,52,24140.0,1.39,-2.99,2.4,6.1,1.1,0.0,0.0,0.0,3.5,2.52,0,0,0,0,0,0,0,0,0,0,0,0
2026-01-30 11:00:00,SGN,31.1,0.0,100,3.1,50,1014.8,45,24140.0,1.06,-2.91,1.6,6.1,-0.5,0.0,0.0,0.0,3.5,2.52,0,0,0,0,0,0,0,0,0,0,0,0
2026-01-30 12:00:00,SGN,32.2,0.0,95,4.3,22,1013.8,39,24140.0,3.2,-2.88,1.1,5.1,-1.9,0.0,0.0,0.0,4.3,3.2,0,0,0,0,0,0,0,0,0,0,0,0
2026-01-30 13:00:00,SGN,33.2,0.0,100,4.7,2,1012.5,36,24140.0,4.36,-1.76,1.0,3.7,-3.1,0.0,0.0,0.0,4.7,4.36,0,0,0,0,0,0,0,0,0,0,0,0
2026-01-30 14:00:00,SGN,33.5,0.0,100,2.3,360,1011.6,35,24140.0,2.16,-0.79,0.3,2.4,-3.2,0.0,0.0,0.0,4.7,4.36,0,0,0,0,0,0,0,0,0,0,0,0
2026-01-30 15:00:00,SGN,33.0,0.0,88,1.3,326,1011.0,36,24140.0,1.26,0.31,-0.5,0.8,-2.8,0.0,0.0,0.0,4.7,4.36,0,0,0,0,0,0,0,0,0,0,0,0
2026-01-30 16:00:00,SGN,32.8,0.0,100,5.5,197,1010.9,36,24140.0,4.39,3.31,-0.2,-0.4,-1.6,0.0,0.0,0.0,5.5,4.39,0,0,0,0,0,0,0,0,0,0,0,0
2026-01-30 17:00:00,SGN,28.9,0.0,100,17.3,178,1011.6,57,24140.0,16.45,5.35,-3.9,-4.6,0.0,0.0,0.0,0.0,17.3,16.45,0,0,0,0,0,0,0,0,0,0,0,0
2026-01-30 18:00:00,SGN,27.2,0.0,100,12.7,149,1012.0,61,24140.0,12.47,-2.42,-1.7,-5.8,1.0,0.0,0.0,0.0,17.3,16.45,0,0,0,0,0,0,0,0,0,0,0,0
2026-01-30 19:00:00,SGN,27.2,0.0,100,13.5,155,1012.6,67,24140.0,13.45,-1.18,0.0,-5.6,1.7,0.0,0.0,0.0,17.3,16.45,0,0,0,0,0,0,0,0,0,0,0,0
2026-01-30 20:00:00,SGN,25.7,0.0,100,12.7,142,1013.5,73,24140.0,12.08,-3.92,-1.5,-3.2,1.9,0.0,0.0,0.0,13.5,13.45,0,0,0,0,0,0,0,0,0,0,0,0
2026-01-30 21:00:00,SGN,25.2,0.0,100,11.3,138,1014.0,79,24140.0,10.48,-4.23,-0.5,-2.0,2.0,0.0,0.0,0.0,13.5,13.45,0,0,0,0,0,0,0,0,0,0,0,0
2026-01-30 22:00:00,SGN,24.9,0.0,100,10.5,145,1014.1,79,24140.0,10.14,-2.72,-0.3,-2.3,1.5,0.0,0.0,0.0,12.7,12.08,0,0,0,0,0,0,0,0,0,0,0,0
2026-01-30 23:00:00,SGN,24.6,0.0,96,8.5,145,1014.2,80,24140.0,8.21,-2.2,-0.3,-1.1,0.7,0.0,0.0,0.0,11.3,10.48,0,0,0,0,0,0,0,0,0,0,0,0
2026-01-31 00:00:00,SGN,24.2,0.0,10,10.0,144,1013.8,79,24140.0,9.61,-2.76,-0.4,-1.0,-0.2,0.0,0.0,0.0,10.5,10.14,0,0,0,0,0,0,0,0,0,0,0,0
2026-01-31 01:00:00,SGN,24.0,0.0,15,10.4,144,1013.5,80,24140.0,10.0,-2.87,-0.2,-0.9,-0.6,0.0,0.0,0.0,10.4,10.0,0,0,0,0,0,0,0,0,0,0,0,0
2026-01-31 02:00:00,SGN,23.6,0.0,4,9.3,139,1013.0,82,24140.0,8.68,-3.33,-0.4,-1.0,-1.2,0.0,0.0,0.0,10.4,10.0,0,0,0,0,0,0,0,0,0,0,0,0
2026-01-31 03:00:00,SGN,23.4,0.0,7,6.9,147,1012.5,83,24140.0,6.72,-1.55,-0.2,-0.8,-1.3,0.0,0.0,0.0,10.4,10.0,0,0,0,0,0,0,0,0,0,0,0,0
2026-01-31 04:00:00,SGN,23.1,0.0,55,5.1,141,1012.5,85,24140.0,4.82,-1.66,-0.3,-0.9,-1.0,0.0,0.0,0.0,9.3,8.68,0,0,0,0,0,0,0,0,0,0,0,0
2026-01-31 05:00:00,SGN,23.0,0.0,100,4.4,125,1012.9,86,24140.0,3.6,-2.52,-0.1,-0.6,-0.1,0.0,0.0,0.0,6.9,6.72,0,0,0,0,0,0,0,0,0,0,0,0
2026-01-31 06:00:00,SGN,22.8,0.0,98,3.7,101,1013.6,88,24140.0,1.91,-3.17,-0.2,-0.6,1.1,0.0,0.0,0.0,5.1,4.82,0,0,0,0,0,0,0,0,0,0,0,0
2026-01-31 07:00:00,SGN,23.5,0.0,80,5.2,104,1014.1,84,24140.0,2.91,-4.31,0.7,0.4,1.6,0.0,0.0,0.0,5.2,3.6,0,0,0,0,0,0,0,0,0,0,0,0
2026-01-31 08:00:00,SGN,25.4,0.0,98,5.1,82,1015.0,73,24140.0,1.06,-4.99,1.9,2.4,2.1,0.0,0.0,0.0,5.2,2.91,0,0,0,0,0,0,0,0,0,0,0,0
2026-01-31 09:00:00,SGN,27.7,0.0,99,4.7,81,1015.5,62,24140.0,0.9,-4.61,2.3,4.9,1.9,0.0,0.0,0.0,5.2,2.91,0,0,0,0,0,0,0,0,0,0,0,0
2026-01-31 10:00:00,SGN,30.0,0.0,95,4.6,64,1015.3,53,24140.0,0.48,-4.57,2.3,6.5,1.2,0.0,0.0,0.0,5.1,1.06,0,0,0,0,0,0,0,0,0,0,0,0
2026-01-31 11:00:00,SGN,32.0,0.0,98,6.1,40,1014.8,44,24140.0,3.05,-5.28,2.0,6.6,-0.2,0.0,0.0,0.0,6.1,3.05,0,0,0,0,0,0,0,0,0,0,0,0
2026-01-31 12:00:00,SGN,33.4,0.0,100,7.1,30,1013.6,38,24140.0,4.56,-5.44,1.4,5.7,-1.9,0.0,0.0,0.0,7.1,4.56,0,0,0,0,0,0,0,0,0,0,0,0
2026-01-31 13:00:00,SGN,33.5,0.0,100,7.4,7,1012.8,38,24140.0,6.59,-3.36,0.1,3.5,-2.5,0.0,0.0,0.0,7.4,6.59,0,0,0,0,0,0,0,0,0,0,0,0
2026-01-31 14:00:00,SGN,33.7,0.0,100,6.0,351,1011.7,36,24140.0,5.89,-1.14,0.2,1.7,-3.1,0.0,0.0,0.0,7.4,6.59,0,0,0,0,0,0,0,0,0,0,0,0
2026-01-31 15:00:00,SGN,34.4,0.0,100,5.1,6,1010.9,34,24140.0,4.58,-2.24,0.7,1.0,-2.7,0.0,0.0,0.0,7.4,6.59,0,0,0,0,0,0,0,0,0,0,0,0
2026-01-31 16:00:00,SGN,33.7,0.0,100,2.0,180,1010.8,32,24140.0,1.88,0.68,-0.7,0.2,-2.0,0.0,0.0,0.0,6.0,5.89,0,0,0,0,0,0,0,0,0,0,0,0
2026-01-31 17:00:00,SGN,29.9,0.0,100,17.4,188,1011.5,45,24140.0,15.36,8.17,-3.8,-3.8,-0.2,0.0,0.0,0.0,17.4,15.36,0,0,0,0,0,0,0,0,0,0,0,0
2026-01-31 18:00:00,SGN,28.6,0.0,95,12.6,151,1012.3,45,24140.0,12.44,-1.97,-1.3,-5.8,1.4,0.0,0.0,0.0,17.4,15.36,0,0,0,0,0,0,0,0,0,0,0,0
2026-01-31 19:00:00,SGN,27.3,0.0,43,13.3,164,1012.6,62,24140.0,13.27,0.93,-1.3,-6.4,1.8,0.0,0.0,0.0,17.4,15.36,0,0,0,0,0,0,0,0,0,0,0,0
2026-01-31 20:00:00,SGN,26.4,0.0,100,12.8,151,1013.4,64,24140.0,12.64,-2.0,-0.9,-3.5,1.9,0.0,0.0,0.0,13.3,13.27,0,0,0,0,0,0,0,0,0,0,0,0
2026-01-31 21:00:00,SGN,25.5,0.0,35,11.2,148,1013.7,70,24140.0,10.96,-2.33,-0.9,-3.1,1.4,0.0,0.0,0.0,13.3,13.27,0,0,0,0,0,0,0,0,0,0,0,0
2026-01-31 22:00:00,SGN,25.0,0.0,58,9.5,144,1013.7,71,24140.0,9.13,-2.62,-0.5,-2.3,1.1,0.0,0.0,0.0,12.8,12.64,0,0,0,0,0,0,0,0,0,0,0,0
2026-01-31 23:00:00,SGN,24.8,0.0,90,7.5,125,1013.9,71,24140.0,6.14,-4.3,-0.2,-1.6,0.5,0.0,0.0,0.0,11.2,10.96,0,0,0,0,0,0,0,0,0,0,0,0
2026-02-01 00:00:00,SGN,24.4,0.0,99,6.9,129,1013.7,72,24140.0,5.91,-3.55,-0.4,-1.1,0.0,0.0,0.0,0.0,9.5,9.13,0,0,0,0,0,0,0,0,0,0,0,0
2026-02-01 01:00:00,SGN,24.0,0.0,91,5.5,128,1012.9,77,24140.0,4.66,-2.91,-0.4,-1.0,-0.8,0.0,0.0,0.0,7.5,6.14,0,0,0,0,0,0,0,0,0,0,0,0
2026-02-01 02:00:00,SGN,23.6,0.0,73,3.6,120,1012.2,80,24140.0,2.76,-2.31,-0.4,-1.2,-1.7,0.0,0.0,0.0,6.9,5.91,0,0,0,0,0,0,0,0,0,0,0,0
2026-02-01 03:00:00,SGN,23.2,0.0,84,1.0,22,1012.1,83,24140.0,0.74,-0.67,-0.4,-1.2,-1.6,0.0,0.0,0.0,5.5,4.66,0,0,0,0,0,0,0,0,0,0,0,0
2026-02-01 04:00:00,SGN,23.0,0.0,100,0.2,90,1011.9,85,24140.0,0.07,-0.19,-0.2,-1.0,-1.0,0.0,0.0,0.0,3.6,2.76,0,0,0,0,0,0,0,0,0,0,0,0
2026-02-01 05:00:00,SGN,22.6,0.0,100,0.4,270,1012.4,86,24140.0,0.14,0.38,-0.4,-1.0,0.2,0.0,0.0,0.0,1.0,0.74,0,0,0,0,0,0,0,0,0,0,0,0
2026-02-01 06:00:00,SGN,22.1,0.0,100,1.9,319,1013.1,87,24140.0,1.77,0.68,-0.5,-1.1,1.0,0.0,0.0,0.0,1.9,1.77,0,0,0,0,0,0,0,0,0,0,0,0
2026-02-01 07:00:00,SGN,22.5,0.0,88,1.1,9,1014.5,90,24140.0,0.96,-0.53,0.4,-0.5,2.6,0.0,0.0,0.0,1.9,1.77,0,0,0,0,0,0,0,0,0,0,0,0
2026-02-01 08:00:00,SGN,24.6,0.0,97,4.3,355,1015.4,74,24140.0,4.15,-1.11,2.1,2.0,3.0,0.0,0.0,0.0,4.3,4.15,0,0,0,0,0,0,0,0,0,0,0,0
2026-02-01 09:00:00,SGN,27.0,0.0,19,6.7,9,1015.9,48,24140.0,5.86,-3.25,2.4,4.9,2.8,0.0,0.0,0.0,6.7,5.86,0,0,0,0,0,0,0,0,0,0,0,0
2026-02-01 10:00:00,SGN,29.1,0.0,60,5.8,7,1015.5,38,24140.0,5.17,-2.63,2.1,6.6,1.0,0.0,0.0,0.0,6.7,5.86,0,0,0,0,0,0,0,0,0,0,0,0
2026-02-01 11:00:00,SGN,31.1,0.0,86,5.0,13,1014.9,32,24140.0,4.19,-2.72,2.0,6.5,-0.5,0.0,0.0,0.0,6.7,5.86,0,0,0,0,0,0,0,0,0,0,0,0
2026-02-01 12:00:00,SGN,32.9,0.0,99,6.4,29,1013.7,28,24140.0,4.2,-4.83,1.8,5.9,-2.2,0.0,0.0,0.0,6.4,5.17,0,0,0,0,0,0,0,0,0,0,0,0
2026-02-01 13:00:00,SGN,33.2,0.0,100,6.9,23,1012.8,26,24140.0,5.05,-4.71,0.3,4.1,-2.7,0.0,0.0,0.0,6.9,5.05,0,0,0,0,0,0,0,0,0,0,0,0
2026-02-01 14:00:00,SGN,34.0,0.0,88,6.1,28,1011.9,24,24140.0,4.08,-4.53,0.8,2.9,-3.0,0.0,0.0,0.0,6.9,5.05,0,0,0,0,0,0,0,0,0,0,0,0
2026-02-01 15:00:00,SGN,34.0,0.0,80,5.6,42,1011.1,24,24140.0,2.63,-4.94,0.0,1.1,-2.6,0.0,0.0,0.0,6.9,5.05,0,0,0,0,0,0,0,0,0,0,0,0
2026-02-01 16:00:00,SGN,33.7,0.0,93,5.7,41,1010.8,25,24140.0,2.76,-4.99,-0.3,0.5,-2.0,0.0,0.0,0.0,6.1,4.08,0,0,0,0,0,0,0,0,0,0,0,0
2026-02-01 17:00:00,SGN,32.7,0.0,95,4.7,81,1011.2,27,24140.0,0.9,-4.61,-1.0,-1.3,-0.7,0.0,0.0,0.0,5.7,2.76,0,0,0,0,0,0,0,0,0,0,0,0
2026-02-01 18:00:00,SGN,29.6,0.0,99,9.7,181,1011.9,40,24140.0,9.06,3.48,-3.1,-4.4,0.8,0.0,0.0,0.0,9.7,9.06,0,0,0,0,0,0,0,0,0,0,0,0
2026-02-01 19:00:00,SGN,27.4,0.0,37,9.5,178,1012.9,55,24140.0,9.04,2.94,-2.2,-6.3,2.1,0.0,0.0,0.0,9.7,9.06,0,0,0,0,0,0,0,0,0,0,0,0
2026-02-01 20:00:00,SGN,26.2,0.0,0,10.3,174,1013.4,64,24140.0,9.99,2.49,-1.2,-6.5,2.2,0.0,0.0,0.0,10.3,9.99,0,0,0,0,0,0,0,0,0,0,0,0
2026-02-01 21:00:00,SGN,25.4,0.0,0,10.6,169,1013.7,72,24140.0,10.47,1.66,-0.8,-4.2,1.8,0.0,0.0,0.0,10.6,10.47,0,0,0,0,0,0,0,0,0,0,0,0
2026-02-01 22:00:00,SGN,24.8,0.0,0,7.8,157,1013.5,78,24140.0,7.79,-0.41,-0.6,-2.6,0.6,0.0,0.0,0.0,10.6,10.47,0,0,0,0,0,0,0,0,0,0,0,0
2026-02-01 23:00:00,SGN,24.5,0.0,27,4.8,119,1013.4,79,24140.0,3.62,-3.15,-0.3,-1.7,0.0,0.0,0.0,0.0,10.6,10.47,0,0,0,0,0,0,0,0,0,0,0,0
2026-02-02 00:00:00,SGN,24.3,0.0,83,6.7,126,1013.6,80,24140.0,5.55,-3.75,-0.2,-1.1,-0.1,0.0,0.0,0.0,7.8,7.79,0,0,0,0,0,0,0,0,0,0,0,0
2026-02-02 01:00:00,SGN,23.9,0.0,90,4.2,133,1013.2,82,24140.0,3.74,-1.91,-0.4,-0.9,-0.3,0.0,0.0,0.0,6.7,5.55,0,0,0,0,0,0,0,0,0,0,0,0
2026-02-02 02:00:00,SGN,23.7,0.0,100,3.6,143,1013.0,82,24140.0,3.44,-1.05,-0.2,-0.8,-0.4,0.0,0.0,0.0,6.7,5.55,0,0,0,0,0,0,0,0,0,0,0,0
2026-02-02 03:00:00,SGN,23.4,0.0,94,3.3,351,1013.0,84,24140.0,3.24,-0.63,-0.3,-0.9,-0.6,0.0,0.0,0.0,4.2,3.74,0,0,0,0,0,0,0,0,0,0,0,0
2026-02-02 04:00:00,SGN,22.8,0.0,98,5.5,316,1013.1,87,24140.0,5.02,2.24,-0.6,-1.1,-0.1,0.0,0.0,0.0,5.5,5.02,0,0,0,0,0,0,0,0,0,0,0,0
2026-02-02 05:00:00,SGN,22.0,0.0,91,5.3,325,1013.6,91,24140.0,5.12,1.37,-0.8,-1.7,0.6,0.0,0.0,0.0,5.5,5.12,0,0,0,0,0,0,0,0,0,0,0,0
2026-02-02 06:00:00,SGN,21.5,0.0,96,5.8,346,1013.8,95,24140.0,5.77,-0.61,-0.5,-1.9,0.8,0.0,0.0,0.0,5.8,5.77,0,0,0,0,0,0,0,0,0,0,0,0
2026-02-02 07:00:00,SGN,21.9,0.0,85,3.8,11,1014.9,92,24140.0,3.26,-1.96,0.4,-0.9,1.8,0.0,0.0,0.0,5.8,5.77,0,0,0,0,0,0,0,0,0,0,0,0
2026-02-02 08:00:00,SGN,24.4,0.0,95,3.6,360,1015.4,68,24140.0,3.38,-1.23,2.5,2.4,1.8,0.0,0.0,0.0,5.8,5.77,0,0,0,0,0,0,0,0,0,0,0,0
2026-02-02 09:00:00,SGN,27.0,0.0,100,4.3,5,1015.6,52,24140.0,3.9,-1.82,2.6,5.5,1.8,0.0,0.0,0.0,4.3,3.9,0,0,0,0,0,0,0,0,0,0,0,0
2026-02-02 10:00:00,SGN,29.5,0.0,99,3.9,37,1015.0,44,24140.0,2.12,-3.27,2.5,7.6,0.1,0.0,0.0,0.0,4.3,3.9,0,0,0,0,0,0,0,0,0,0,0,0
2026-02-02 11:00:00,SGN,31.5,0.0,93,4.6,81,1014.3,38,24140.0,0.88,-4.52,2.0,7.1,-1.1,0.0,0.0,0.0,4.6,3.9,0,0,0,0,0,0,0,0,0,0,0,0
2026-02-02 12:00:00,SGN,32.8,0.0,90,6.2,102,1013.3,33,24140.0,3.29,-5.26,1.3,5.8,-2.3,0.0,0.0,0.0,6.2,3.29,0,0,0,0,0,0,0,0,0,0,0,0
2026-02-02 13:00:00,SGN,33.2,0.0,97,7.3,99,1012.3,30,24140.0,3.54,-6.38,0.4,3.7,-2.7,0.0,0.0,0.0,7.3,3.54,0,0,0,0,0,0,0,0,0,0,0,0
2026-02-02 14:00:00,SGN,34.1,0.0,90,11.7,105,1011.1,29,24140.0,6.71,-9.58,0.9,2.6,-3.2,0.0,0.0,0.0,11.7,6.71,0,0,0,0,0,0,0,0,0,0,0,0
2026-02-02 15:00:00,SGN,33.5,0.0,66,15.2,100,1010.5,31,24140.0,7.6,-13.16,-0.6,0.7,-2.8,0.0,0.0,0.0,15.2,7.6,0,0,0,0,0,0,0,0,0,0,0,0
2026-02-02 16:00:00,SGN,33.2,0.0,71,11.0,101,1010.1,30,24140.0,5.67,-9.43,-0.3,0.0,-2.2,0.0,0.0,0.0,15.2,7.6,0,0,0,0,0,0,0,0,0,0,0,0
2026-02-02 17:00:00,SGN,29.6,0.0,87,16.9,166,1010.8,52,24140.0,16.81,1.77,-3.6,-4.5,-0.3,0.0,0.0,0.0,16.9,16.81,0,0,0,0,0,0,0,0,0,0,0,0
2026-02-02 18:00:00,SGN,28.5,0.0,3,12.6,167,1011.3,55,24140.0,12.51,1.54,-1.1,-5.0,0.8,0.0,0.0,0.0,16.9,16.81,0,0,0,0,0,0,0,0,0,0,0,0
2026-02-02 19:00:00,SGN,27.0,0.0,0,14.8,178,1012.2,59,24140.0,14.08,4.57,-1.5,-6.2,2.1,0.0,0.0,0.0,16.9,16.81,0,0,0,0,0,0,0,0,0,0,0,0
2026-02-02 20:00:00,SGN,26.0,0.0,5,10.8,177,1013.0,70,24140.0,10.33,3.16,-1.0,-3.6,2.2,0.0,0.0,0.0,14.8,14.08,0,0,0,0,0,0,0,0,0,0,0,0
2026-02-02 21:00:00,SGN,25.5,0.0,24,6.7,189,1013.6,75,24140.0,5.86,3.25,-0.5,-3.0,2.3,0.0,0.0,0.0,14.8,14.08,0,0,0,0,0,0,0,0,0,0,0,0
2026-02-02 22:00:00,SGN,25.3,0.0,1,6.1,199,1013.4,77,24140.0,4.74,3.84,-0.2,-1.7,1.2,0.0,0.0,0.0,10.8,10.33,0,0,0,0,0,0,0,0,0,0,0,0
2026-02-02 23:00:00,SGN,25.1,0.0,34,5.3,188,1013.6,78,24140.0,4.68,2.49,-0.2,-0.9,0.6,0.0,0.0,0.0,6.7,5.86,0,0,0,0,0,0,0,0,0,0,0,0
2026-02-03 00:00:00,SGN,25.0,0.0,17,3.6,327,1013.8,78,24140.0,3.51,0.81,-0.1,-0.5,0.2,0.0,0.0,0.0,6.1,4.74,0,0,0,0,0,0,0,0,0,0,0,0
2026-02-03 01:00:00,SGN,24.6,0.0,99,5.9,315,1013.7,81,24140.0,5.35,2.49,-0.4,-0.7,0.3,0.0,0.0,0.0,5.9,5.35,0,0,0,0,0,0,0,0,0,0,0,0
2026-02-03 02:00:00,SGN,24.4,0.0,99,5.9,325,1013.1,82,24140.0,5.7,1.53,-0.2,-0.7,-0.5,0.0,0.0,0.0,5.9,5.7,0,0,0,0,0,0,0,0,0,0,0,0
2026-02-03 03:00:00,SGN,24.4,0.0,100,5.2,314,1013.1,80,24140.0,4.67,2.28,0.0,-0.6,-0.7,0.0,0.0,0.0,5.9,5.7,0,0,0,0,0,0,0,0,0,0,0,0
2026-02-03 04:00:00,SGN,24.5,0.0,100,5.2,314,1013.0,76,24140.0,4.67,2.28,0.1,-0.1,-0.7,0.0,0.0,0.0,5.9,5.7,0,0,0,0,0,0,0,0,0,0,0,0
2026-02-03 05:00:00,SGN,24.8,0.0,100,4.6,342,1013.2,71,24140.0,4.6,-0.16,0.3,0.4,0.1,0.0,0.0,0.0,5.2,4.67,0,0,0,0,0,0,0,0,0,0,0,0
2026-02-03 06:00:00,SGN,25.0,0.0,100,5.7,9,1013.6,67,24140.0,4.99,-2.76,0.2,0.6,0.5,0.0,0.0,0.0,5.7,4.99,0,0,0,0,0,0,0,0,0,0,0,0
2026-02-03 07:00:00,SGN,25.4,0.0,99,3.9,22,1014.5,63,24140.0,2.9,-2.61,0.4,0.9,1.5,0.0,0.0,0.0,5.7,4.99,0,0,0,0,0,0,0,0,0,0,0,0
2026-02-03 08:00:00,SGN,26.5,0.0,39,3.4,90,1015.3,59,24140.0,1.16,-3.19,1.1,1.7,2.1,0.0,0.0,0.0,5.7,4.99,0,0,0,0,0,0,0,0,0,0,0,0
2026-02-03 09:00:00,SGN,28.1,0.0,38,4.8,138,1015.9,57,24140.0,4.45,-1.8,1.6,3.1,2.3,0.0,0.0,0.0,4.8,4.45,0,0,0,0,0,0,0,0,0,0,0,0
2026-02-03 10:00:00,SGN,29.6,0.1,35,6.5,156,1015.5,54,24140.0,6.48,-0.45,1.5,4.2,1.0,0.1,0.1,0.1,6.5,6.48,1,0,0,0,0,0,0,0,0,1,0,0
2026-02-03 11:00:00,SGN,31.2,0.0,9,5.6,149,1014.8,47,24140.0,5.5,-1.07,1.6,4.7,-0.5,0.0,0.1,0.1,6.5,6.48,0,0,0,0,0,0,0,0,0,0,0,0
2026-02-03 12:00:00,SGN,33.1,0.0,41,7.0,122,1013.6,40,24140.0,5.52,-4.31,1.9,5.0,-2.3,0.0,0.1,0.1,7.0,6.48,0,0,0,0,0,0,0,0,0,0,0,0
2026-02-03 13:00:00,SGN,33.0,0.0,21,8.0,121,1012.7,40,24140.0,6.22,-5.03,-0.1,3.4,-2.8,0.0,0.0,0.1,8.0,6.22,0,0,0,0,0,0,0,0,0,0,0,0
2026-02-03 14:00:00,SGN,33.9,0.0,32,8.6,119,1011.5,37,24140.0,6.49,-5.64,0.9,2.7,-3.3,0.0,0.0,0.1,8.6,6.49,0,0,0,0,0,0,0,0,0,0,0,0
2026-02-03 15:00:00,SGN,33.8,0.3,56,10.1,112,1010.7,37,24140.0,6.76,-7.51,-0.1,0.7,-2.9,0.3,0.3,0.4,10.1,6.76,1,0,0,0,0,0,0,0,0,1,0,0
2026-02-03 16:00:00,SGN,33.1,0.2,94,9.6,116,1010.5,40,24140.0,6.91,-6.67,-0.7,0.1,-2.2,0.2,0.5,0.5,10.1,6.91,1,0,0,0,0,0,0,0,1,1,0,1
2026-02-03 17:00:00,SGN,31.9,0.1,84,8.2,116,1010.8,44,24140.0,5.9,-5.7,-1.2,-2.0,-0.7,0.1,0.6,0.6,10.1,6.91,1,0,0,0,0,0,0,0,1,1,0,1
2026-02-03 18:00:00,SGN,31.0,0.1,66,4.1,135,1011.5,48,24140.0,3.72,-1.73,-0.9,-2.8,0.8,0.1,0.4,0.7,9.6,6.91,1,0,0,0,0,0,0,0,0,1,0,0
2026-02-03 19:00:00,SGN,29.2,0.1,63,6.2,221,1012.1,61,24140.0,3.01,5.42,-1.8,-3.9,1.6,0.1,0.3,0.8,8.2,5.9,1,0,0,0,0,0,0,0,0,1,0,0
2026-02-03 20:00:00,SGN,28.5,0.0,99,5.8,261,1013.1,66,24140.0,1.11,5.69,-0.7,-3.4,2.3,0.0,0.2,0.8,6.2,3.72,0,0,0,0,0,0,0,0,0,0,0,0
2026-02-03 21:00:00,SGN,28.0,0.0,100,3.8,245,1013.6,69,24140.0,0.33,3.79,-0.5,-3.0,2.1,0.0,0.1,0.5,6.2,3.01,0,0,0,0,0,0,0,0,0,0,0,0
2026-02-03 22:00:00,SGN,27.5,0.0,99,3.9,242,1013.4,72,24140.0,0.54,3.86,-0.5,-1.7,1.3,0.0,0.0,0.3,5.8,1.11,0,0,0,0,0,0,0,0,0,0,0,0
2026-02-03 23:00:00,SGN,26.9,0.0,100,5.5,243,1013.5,74,24140.0,0.67,5.46,-0.6,-1.6,0.4,0.0,0.0,0.2,5.5,0.67,0,0,0,0,0,0,0,0,0,0,0,0
2026-02-04 00:00:00,SGN,26.1,0.0,100,5.8,275,1013.4,78,24140.0,2.45,5.26,-0.8,-1.9,-0.2,0.0,0.0,0.1,5.8,2.45,0,0,0,0,0,0,0,0,0,0,0,0
2026-02-04 01:00:00,SGN,25.4,0.0,100,4.7,266,1013.4,82,24140.0,1.3,4.52,-0.7,-2.1,0.0,0.0,0.0,0.0,5.8,2.45,0,0,0,0,0,0,0,0,0,0,0,0
2026-02-04 02:00:00,SGN,25.1,0.0,94,3.1,283,1012.7,81,24140.0,1.69,2.6,-0.3,-1.8,-0.8,0.0,0.0,0.0,5.8,2.45,0,0,0,0,0,0,0,0,0,0,0,0
2026-02-04 03:00:00,SGN,24.9,0.0,77,2.2,279,1012.8,80,24140.0,1.07,1.92,-0.2,-1.2,-0.6,0.0,0.0,0.0,4.7,1.69,0,0,0,0,0,0,0,0,0,0,0,0
2026-02-04 04:00:00,SGN,24.6,0.0,16,3.4,295,1012.6,77,24140.0,2.4,2.4,-0.3,-0.8,-0.8,0.0,0.0,0.0,3.4,2.4,0,0,0,0,0,0,0,0,0,0,0,0
2026-02-04 05:00:00,SGN,24.4,0.0,24,2.8,305,1012.9,74,24140.0,2.29,1.61,-0.2,-0.7,0.2,0.0,0.0,0.0,3.4,2.4,0,0,0,0,0,0,0,0,0,0,0,0
2026-02-04 06:00:00,SGN,24.2,0.0,54,5.2,333,1013.2,70,24140.0,5.16,0.63,-0.2,-0.7,0.4,0.0,0.0,0.0,5.2,5.16,0,0,0,0,0,0,0,0,0,0,0,0
2026-02-04 07:00:00,SGN,24.2,0.0,9,5.3,350,1013.7,69,24140.0,5.22,-0.92,0.0,-0.4,1.1,0.0,0.0,0.0,5.3,5.22,0,0,0,0,0,0,0,0,0,0,0,0
2026-02-04 08:00:00,SGN,26.3,0.0,0,4.3,33,1014.6,60,24140.0,2.59,-3.43,2.1,1.9,1.7,0.0,0.0,0.0,5.3,5.22,0,0,0,0,0,0,0,0,0,0,0,0
2026-02-04 09:00:00,SGN,28.4,0.0,1,1.9,73,1015.0,53,24140.0,0.1,-1.9,2.1,4.2,1.8,0.0,0.0,0.0,5.3,5.22,0,0,0,0,0,0,0,0,0,0,0,0
2026-02-04 10:00:00,SGN,30.4,0.0,27,2.0,170,1014.8,48,24140.0,1.97,0.35,2.0,6.2,1.1,0.0,0.0,0.0,4.3,2.59,0,0,0,0,0,0,0,0,0,0,0,0
2026-02-04 11:00:00,SGN,32.1,0.0,15,2.8,169,1013.9,44,24140.0,2.77,0.44,1.7,5.8,-0.7,0.0,0.0,0.0,2.8,2.77,0,0,0,0,0,0,0,0,0,0,0,0
2026-02-04 12:00:00,SGN,33.4,0.0,11,3.7,137,1012.7,40,24140.0,3.41,-1.45,1.3,5.0,-2.3,0.0,0.0,0.0,3.7,3.41,0,0,0,0,0,0,0,0,0,0,0,0
2026-02-04 13:00:00,SGN,33.1,0.0,70,7.8,130,1011.9,40,24140.0,6.75,-3.9,-0.3,2.7,-2.9,0.0,0.0,0.0,7.8,6.75,0,0,0,0,0,0,0,0,0,0,0,0
2026-02-04 14:00:00,SGN,32.7,0.2,96,9.8,133,1010.8,42,24140.0,8.73,-4.45,-0.4,0.6,-3.1,0.2,0.2,0.2,9.8,8.73,1,0,0,0,0,0,0,0,1,1,0,1
2026-02-04 15:00:00,SGN,31.8,1.6,98,8.5,152,1010.5,47,24140.0,8.42,-1.18,-0.9,-1.6,-2.2,1.6,1.8,1.8,9.8,8.73,1,0,0,0,0,0,0,0,1,1,0,1
2026-02-04 16:00:00,SGN,29.7,1.5,100,5.5,232,1010.8,60,24140.0,1.7,5.23,-2.1,-3.4,-1.1,1.5,3.3,3.3,9.8,8.73,1,0,0,0,0,0,0,0,1,1,0,1
2026-02-04 17:00:00,SGN,29.3,0.0,99,7.1,229,1010.9,63,24140.0,2.54,6.63,-0.4,-3.4,0.1,0.0,3.1,3.3,8.5,8.42,0,0,0,0,0,0,0,0,0,0,0,0
2026-02-04 18:00:00,SGN,28.1,0.0,100,2.7,200,1011.9,66,24140.0,2.07,1.74,-1.2,-3.7,1.4,0.0,1.5,3.3,7.1,2.54,0,0,0,0,0,0,0,0,0,0,0,0
2026-02-04 19:00:00,SGN,28.2,0.0,100,8.7,173,1012.4,64,24140.0,8.48,1.96,0.1,-1.5,1.6,0.0,0.0,3.3,8.7,8.48,0,0,0,0,0,0,0,0,0,0,0,0
2026-02-04 20:00:00,SGN,27.4,0.0,100,8.3,167,1013.0,68,24140.0,8.24,1.01,-0.8,-1.9,2.1,0.0,0.0,3.1,8.7,8.48,0,0,0,0,0,0,0,0,0,0,0,0
2026-02-04 21:00:00,SGN,26.5,0.0,100,8.8,160,1013.2,72,24140.0,8.8,0.0,-0.9,-1.6,1.3,0.0,0.0,1.5,8.8,8.8,0,0,0,0,0,0,0,0,0,0,0,0
2026-02-04 22:00:00,SGN,26.0,0.0,100,9.4,168,1013.3,74,24140.0,9.31,1.31,-0.5,-2.2,0.9,0.0,0.0,0.0,9.4,9.31,0,0,0,0,0,0,0,0,0,0,0,0
2026-02-04 23:00:00,SGN,25.7,0.0,100,8.7,158,1013.3,75,24140.0,8.69,-0.3,-0.3,-1.7,0.3,0.0,0.0,0.0,9.4,9.31,0,0,0,0,0,0,0,0,0,0,0,0
2026-02-05 00:00:00,SGN,25.2,0.0,100,5.9,160,1013.2,77,24140.0,5.9,0.0,-0.5,-1.3,0.0,0.0,0.0,0.0,9.4,9.31,0,0,0,0,0,0,0,0,0,0,0,0
2026-02-05 01:00:00,SGN,24.9,0.0,100,6.5,174,1012.5,81,24140.0,6.31,1.57,-0.3,-1.1,-0.8,0.0,0.0,0.0,8.7,8.69,0,0,0,0,0,0,0,0,0,0,0,0
2026-02-05 02:00:00,SGN,24.7,0.0,98,5.8,166,1012.3,82,24140.0,5.77,0.61,-0.2,-1.0,-1.0,0.0,0.0,0.0,6.5,6.31,0,0,0,0,0,0,0,0,0,0,0,0
2026-02-05 03:00:00,SGN,24.5,0.0,99,5.2,136,1011.8,84,24140.0,4.75,-2.12,-0.2,-0.7,-1.4,0.0,0.0,0.0,6.5,6.31,0,0,0,0,0,0,0,0,0,0,0,0
2026-02-05 04:00:00,SGN,24.3,0.0,100,4.0,117,1011.8,85,24140.0,2.93,-2.73,-0.2,-0.6,-0.7,0.0,0.0,0.0,5.8,5.77,0,0,0,0,0,0,0,0,0,0,0,0
2026-02-05 05:00:00,SGN,24.1,0.0,100,2.7,132,1012.1,85,24140.0,2.38,-1.27,-0.2,-0.6,-0.2,0.0,0.0,0.0,5.2,4.75,0,0,0,0,0,0,0,0,0,0,0,0
2026-02-05 06:00:00,SGN,24.0,0.0,100,2.8,117,1012.5,85,24140.0,2.05,-1.91,-0.1,-0.5,0.7,0.0,0.0,0.0,4.0,2.93,0,0,0,0,0,0,0,0,0,0,0,0
2026-02-05 07:00:00,SGN,24.5,0.0,100,2.6,56,1013.1,86,24140.0,0.63,-2.52,0.5,0.2,1.3,0.0,0.0,0.0,2.8,2.38,0,0,0,0,0,0,0,0,0,0,0,0
2026-02-05 08:00:00,SGN,25.9,0.0,96,3.0,38,1013.9,79,24140.0,1.59,-2.54,1.4,1.8,1.8,0.0,0.0,0.0,3.0,2.05,0,0,0,0,0,0,0,0,0,0,0,0
2026-02-05 09:00:00,SGN,28.0,0.0,38,2.7,32,1014.6,69,24140.0,1.66,-2.13,2.1,4.0,2.1,0.0,0.0,0.0,3.0,1.66,0,0,0,0,0,0,0,0,0,0,0,0
2026-02-05 10:00:00,SGN,30.2,0.0,37,3.3,6,1014.3,59,24140.0,2.97,-1.45,2.2,5.7,1.2,0.0,0.0,0.0,3.3,2.97,0,0,0,0,0,0,0,0,0,0,0,0
2026-02-05 11:00:00,SGN,31.9,0.1,45,5.2,356,1013.4,51,24140.0,5.0,-1.43,1.7,6.0,-0.5,0.1,0.1,0.1,5.2,5.0,1,0,0,0,0,0,0,0,0,1,0,0
2026-02-05 12:00:00,SGN,32.8,0.1,52,7.4,354,1012.3,47,24140.0,7.18,-1.79,0.9,4.8,-2.3,0.1,0.2,0.2,7.4,7.18,1,0,0,0,0,0,0,0,0,1,0,0
2026-02-05 13:00:00,SGN,31.8,0.1,91,6.2,339,1011.6,52,24140.0,6.2,0.11,-1.0,1.6,-2.7,0.1,0.3,0.3,7.4,7.18,1,0,0,0,0,0,0,0,1,1,0,1
2026-02-05 14:00:00,SGN,31.5,0.1,99,5.2,346,1010.7,53,24140.0,5.17,-0.54,-0.3,-0.4,-2.7,0.1,0.3,0.4,7.4,7.18,1,0,0,0,0,0,0,0,1,1,0,1
2026-02-05 15:00:00,SGN,32.4,0.0,98,5.6,343,1010.0,49,24140.0,5.59,-0.29,0.9,-0.4,-2.3,0.0,0.2,0.4,6.2,6.2,0,0,0,0,0,0,0,0,0,0,0,0
2026-02-05 16:00:00,SGN,30.5,0.0,100,7.6,184,1009.9,55,24140.0,6.94,3.09,-1.9,-1.3,-1.7,0.0,0.1,0.4,7.6,6.94,0,0,0,0,0,0,0,0,0,0,0,0
2026-02-05 17:00:00,SGN,27.3,0.3,98,15.4,163,1010.3,73,24140.0,15.38,0.81,-3.2,-4.2,-0.4,0.3,0.3,0.6,15.4,15.38,1,0,0,0,0,0,0,0,1,1,0,1
2026-02-05 18:00:00,SGN,27.2,0.0,100,10.1,147,1010.9,73,24140.0,9.84,-2.27,-0.1,-5.2,0.9,0.0,0.3,0.5,15.4,15.38,0,0,0,0,0,0,0,0,0,0,0,0
2026-02-05 19:00:00,SGN,26.5,0.0,99,9.7,146,1011.7,78,24140.0,9.41,-2.35,-0.7,-4.0,1.8,0.0,0.3,0.4,15.4,15.38,0,0,0,0,0,0,0,0,0,0,0,0
2026-02-05 20:00:00,SGN,26.1,0.0,100,9.5,148,1012.5,78,24140.0,9.29,-1.98,-0.4,-1.2,2.2,0.0,0.0,0.3,10.1,9.84,0,0,0,0,0,0,0,0,0,0,0,0
2026-02-05 21:00:00,SGN,25.5,0.0,95,10.1,156,1012.8,81,24140.0,10.08,-0.7,-0.6,-1.7,1.9,0.0,0.0,0.3,10.1,10.08,0,0,0,0,0,0,0,0,0,0,0,0
2026-02-05 22:00:00,SGN,24.9,0.0,98,10.5,153,1012.7,84,24140.0,10.42,-1.28,-0.6,-1.6,1.0,0.0,0.0,0.3,10.5,10.42,0,0,0,0,0,0,0,0,0,0,0,0
2026-02-05 23:00:00,SGN,24.5,0.0,100,10.0,146,1012.7,85,24140.0,9.7,-2.42,-0.4,-1.6,0.2,0.0,0.0,0.0,10.5,10.42,0,0,0,0,0,0,0,0,0,0,0,0
2026-02-06 00:00:00,SGN,24.3,0.0,99,9.4,138,1012.5,86,24140.0,8.72,-3.52,-0.2,-1.2,-0.3,0.0,0.0,0.0,10.5,10.42,0,0,0,0,0,0,0,0,0,0,0,0
2026-02-06 01:00:00,SGN,24.0,0.0,100,8.4,140,1012.1,88,24140.0,7.89,-2.87,-0.3,-0.9,-0.6,0.0,0.0,0.0,10.0,9.7,0,0,0,0,0,0,0,0,0,0,0,0
2026-02-06 02:00:00,SGN,24.0,0.0,99,6.6,154,1011.6,88,24140.0,6.56,-0.69,0.0,-0.5,-1.1,0.0,0.0,0.0,9.4,8.72,0,0,0,0,0,0,0,0,0,0,0,0
2026-02-06 03:00:00,SGN,23.8,0.0,95,5.7,162,1011.3,89,24140.0,5.7,0.2,-0.2,-0.5,-1.2,0.0,0.0,0.0,8.4,7.89,0,0,0,0,0,0,0,0,0,0,0,0
2026-02-06 04:00:00,SGN,23.5,0.0,90,4.7,182,1011.4,90,24140.0,4.36,1.76,-0.3,-0.5,-0.7,0.0,0.0,0.0,6.6,6.56,0,0,0,0,0,0,0,0,0,0,0,0
2026-02-06 05:00:00,SGN,23.5,0.0,100,4.0,183,1011.7,90,24140.0,3.68,1.56,0.0,-0.5,0.1,0.0,0.0,0.0,5.7,5.7,0,0,0,0,0,0,0,0,0,0,0,0
2026-02-06 06:00:00,SGN,23.3,0.0,58,4.4,148,1012.1,92,24140.0,4.3,-0.91,-0.2,-0.5,0.8,0.0,0.0,0.0,4.7,4.36,0,0,0,0,0,0,0,0,0,0,0,0
2026-02-06 07:00:00,SGN,24.0,0.0,99,6.7,142,1012.9,89,24140.0,6.37,-2.07,0.7,0.5,1.5,0.0,0.0,0.0,6.7,6.37,0,0,0,0,0,0,0,0,0,0,0,0
2026-02-06 08:00:00,SGN,25.7,0.0,100,8.5,134,1013.7,79,24140.0,7.64,-3.73,1.7,2.2,2.0,0.0,0.0,0.0,8.5,7.64,0,0,0,0,0,0,0,0,0,0,0,0
2026-02-06 09:00:00,SGN,27.5,0.0,100,7.3,140,1014.3,69,24140.0,6.86,-2.5,1.8,4.2,2.2,0.0,0.0,0.0,8.5,7.64,0,0,0,0,0,0,0,0,0,0,0,0
2026-02-06 10:00:00,SGN,29.0,0.0,99,4.3,158,1013.8,61,24140.0,4.3,-0.15,1.5,5.0,0.9,0.0,0.0,0.0,8.5,7.64,0,0,0,0,0,0,0,0,0,0,0,0
2026-02-06 11:00:00,SGN,30.1,0.1,100,2.3,162,1013.1,56,24140.0,2.3,0.08,1.1,4.4,-0.6,0.1,0.1,0.1,7.3,6.86,1,0,0,0,0,0,0,0,1,1,0,1
2026-02-06 12:00:00,SGN,30.5,0.1,100,4.7,189,1012.1,54,24140.0,4.11,2.28,0.4,3.0,-2.2,0.1,0.2,0.2,4.7,4.3,1,0,0,0,0,0,0,0,1,1,0,1
2026-02-06 13:00:00,SGN,30.1,0.5,96,5.0,178,1011.2,56,24040.0,4.76,1.55,-0.4,1.1,-2.6,0.5,0.7,0.7,5.0,4.76,1,0,0,0,0,0,0,0,1,1,0,1
2026-02-06 14:00:00,SGN,29.7,0.4,84,9.0,183,1010.4,58,24140.0,8.28,3.52,-0.4,-0.4,-2.7,0.4,1.0,1.1,9.0,8.28,1,0,0,0,0,0,0,0,1,1,0,1
2026-02-06 15:00:00,SGN,29.2,0.1,63,11.0,177,1009.7,61,24140.0,10.52,3.22,-0.5,-1.3,-2.4,0.1,1.0,1.2,11.0,10.52,1,0,0,0,0,0,0,0,0,1,0,0
2026-02-06 16:00:00,SGN,29.8,0.0,42,10.3,174,1009.2,59,24140.0,9.99,2.49,0.6,-0.3,-2.0,0.0,0.5,1.2,11.0,10.52,0,0,0,0,0,0,0,0,0,0,0,0
2026-02-06 17:00:00,SGN,28.8,0.0,81,11.7,169,1009.6,62,24140.0,11.56,1.83,-1.0,-0.9,-0.8,0.0,0.1,1.1,11.7,11.56,0,0,0,0,0,0,0,0,0,0,0,0
2026-02-06 18:00:00,SGN,26.5,0.0,35,13.7,159,1010.0,70,24140.0,13.7,-0.24,-2.3,-2.7,0.3,0.0,0.0,1.0,13.7,13.7,0,0,0,0,0,0,0,0,0,0,0,0
2026-02-06 19:00:00,SGN,26.0,0.0,95,11.3,147,1010.7,76,24140.0,11.01,-2.54,-0.5,-3.8,1.5,0.0,0.0,0.5,13.7,13.7,0,0,0,0,0,0,0,0,0,0,0,0
2026-02-06 20:00:00,SGN,25.3,0.0,59,10.0,144,1011.9,81,24140.0,9.61,-2.76,-0.7,-3.5,2.3,0.0,0.0,0.1,13.7,13.7,0,0,0,0,0,0,0,0,0,0,0,0
2026-02-06 21:00:00,SGN,24.9,0.0,16,9.6,140,1012.4,84,24140.0,9.02,-3.28,-0.4,-1.6,2.4,0.0,0.0,0.0,11.3,11.01,0,0,0,0,0,0,0,0,0,0,0,0
2026-02-06 22:00:00,SGN,24.5,0.0,20,9.1,148,1012.5,85,24140.0,8.9,-1.89,-0.4,-1.5,1.8,0.0,0.0,0.0,10.0,9.61,0,0,0,0,0,0,0,0,0,0,0,0
2026-02-06 23:00:00,SGN,24.2,0.0,83,9.7,151,1012.5,87,24140.0,9.58,-1.52,-0.3,-1.1,0.6,0.0,0.0,0.0,9.7,9.58,0,0,0,0,0,0,0,0,0,0,0,0
2026-02-07 00:00:00,SGN,24.0,0.0,100,9.0,150,1012.5,88,24140.0,8.86,-1.56,-0.2,-0.9,0.1,0.0,0.0,0.0,9.7,9.58,0,0,0,0,0,0,0,0,0,0,0,0
2026-02-07 01:00:00,SGN,23.9,0.0,100,8.5,142,1011.9,89,24140.0,8.08,-2.63,-0.1,-0.6,-0.6,0.0,0.0,0.0,9.7,9.58,0,0,0,0,0,0,0,0,0,0,0,0
2026-02-07 02:00:00,SGN,23.9,0.0,100,8.7,135,1011.6,89,24140.0,7.88,-3.68,0.0,-0.3,-0.9,0.0,0.0,0.0,9.0,8.86,0,0,0,0,0,0,0,0,0,0,0,0
2026-02-07 03:00:00,SGN,23.6,0.0,69,7.7,141,1011.5,89,24140.0,7.28,-2.51,-0.3,-0.4,-1.0,0.0,0.0,0.0,8.7,8.08,0,0,0,0,0,0,0,0,0,0,0,0
2026-02-07 04:00:00,SGN,23.6,0.0,98,7.4,137,1011.2,89,24140.0,6.81,-2.89,0.0,-0.3,-0.7,0.0,0.0,0.0,8.7,7.88,0,0,0,0,0,0,0,0,0,0,0,0
2026-02-07 05:00:00,SGN,23.4,0.0,80,6.9,133,1011.5,90,24140.0,6.15,-3.13,-0.2,-0.5,-0.1,0.0,0.0,0.0,7.7,7.28,0,0,0,0,0,0,0,0,0,0,0,0
2026-02-07 06:00:00,SGN,23.2,0.0,94,7.3,123,1012.0,92,24140.0,5.83,-4.39,-0.2,-0.4,0.5,0.0,0.0,0.0,7.4,6.81,0,0,0,0,0,0,0,0,0,0,0,0
2026-02-07 07:00:00,SGN,23.9,0.0,36,8.6,119,1012.8,89,24140.0,6.49,-5.64,0.7,0.3,1.6,0.0,0.0,0.0,8.6,6.49,0,0,0,0,0,0,0,0,0,0,0,0
2026-02-07 08:00:00,SGN,25.5,0.0,77,10.1,121,1013.8,78,24140.0,7.85,-6.36,1.6,2.1,2.3,0.0,0.0,0.0,10.1,7.85,0,0,0,0,0,0,0,0,0,0,0,0
2026-02-07 09:00:00,SGN,27.4,0.0,100,9.5,119,1014.4,67,24140.0,7.17,-6.23,1.9,4.2,2.4,0.0,0.0,0.0,10.1,7.85,0,0,0,0,0,0,0,0,0,0,0,0
2026-02-07 10:00:00,SGN,29.0,0.0,100,7.5,125,1014.0,59,24140.0,6.14,-4.3,1.6,5.1,1.2,0.0,0.0,0.0,10.1,7.85,0,0,0,0,0,0,0,0,0,0,0,0
2026-02-07 11:00:00,SGN,30.0,0.0,100,6.0,119,1013.0,55,24140.0,4.53,-3.94,1.0,4.5,-0.8,0.0,0.0,0.0,9.5,7.17,0,0,0,0,0,0,0,0,0,0,0,0
2026-02-07 12:00:00,SGN,31.7,0.0,99,4.5,90,1011.8,49,24140.0,1.54,-4.23,1.7,4.3,-2.6,0.0,0.0,0.0,7.5,6.14,0,0,0,0,0,0,0,0,0,0,0,0
2026-02-07 13:00:00,SGN,32.1,0.0,94,5.2,65,1010.6,47,24140.0,0.45,-5.18,0.4,3.1,-3.4,0.0,0.0,0.0,6.0,4.53,0,0,0,0,0,0,0,0,0,0,0,0
2026-02-07 14:00:00,SGN,32.3,0.0,57,4.3,92,1009.2,45,24140.0,1.61,-3.99,0.2,2.3,-3.8,0.0,0.0,0.0,5.2,1.61,0,0,0,0,0,0,0,0,0,0,0,0
2026-02-07 15:00:00,SGN,33.0,0.0,21,4.8,105,1008.2,42,24140.0,2.75,-3.93,0.7,1.3,-3.6,0.0,0.0,0.0,5.2,2.75,0,0,0,0,0,0,0,0,0,0,0,0
2026-02-07 16:00:00,SGN,33.3,0.0,88,3.8,95,1007.5,40,24140.0,1.61,-3.44,0.3,1.2,-3.1,0.0,0.0,0.0,4.8,2.75,0,0,0,0,0,0,0,0,0,0,0,0
2026-02-07 17:00:00,SGN,31.1,0.0,100,11.3,151,1007.7,48,24140.0,11.16,-1.77,-2.2,-1.2,-1.5,0.0,0.0,0.0,11.3,11.16,0,0,0,0,0,0,0,0,0,0,0,0
2026-02-07 18:00:00,SGN,26.7,0.0,98,14.7,156,1008.6,70,24140.0,14.66,-1.03,-4.4,-6.3,0.4,0.0,0.0,0.0,14.7,14.66,0,0,0,0,0,0,0,0,0,0,0,0
2026-02-07 19:00:00,SGN,25.6,0.0,0,12.0,145,1009.8,80,24140.0,11.59,-3.11,-1.1,-7.7,2.3,0.0,0.0,0.0,14.7,14.66,0,0,0,0,0,0,0,0,0,0,0,0
2026-02-07 20:00:00,SGN,25.0,0.0,1,13.3,145,1010.7,80,24140.0,12.85,-3.44,-0.6,-6.1,3.0,0.0,0.0,0.0,14.7,14.66,0,0,0,0,0,0,0,0,0,0,0,0
2026-02-07 21:00:00,SGN,24.7,0.0,1,12.2,139,1011.2,83,24140.0,11.39,-4.37,-0.3,-2.0,2.6,0.0,0.0,0.0,13.3,12.85,0,0,0,0,0,0,0,0,0,0,0,0
2026-02-07 22:00:00,SGN,24.4,0.0,3,12.1,133,1011.4,84,24140.0,10.78,-5.49,-0.3,-1.2,1.6,0.0,0.0,0.0,13.3,12.85,0,0,0,0,0,0,0,0,0,0,0,0
2026-02-07 23:00:00,SGN,24.0,0.0,3,12.5,134,1011.3,85,24140.0,11.23,-5.48,-0.4,-1.0,0.6,0.0,0.0,0.0,12.5,11.39,0,0,0,0,0,0,0,0,0,0,0,0
2026-02-08 00:00:00,SGN,23.8,0.0,13,12.0,134,1011.3,86,24140.0,10.79,-5.26,-0.2,-0.9,0.1,0.0,0.0,0.0,12.5,11.23,0,0,0,0,0,0,0,0,0,0,0,0
2026-02-08 01:00:00,SGN,24.0,0.0,29,10.0,141,1010.7,86,24140.0,9.46,-3.26,0.2,-0.4,-0.7,0.0,0.0,0.0,12.5,11.23,0,0,0,0,0,0,0,0,0,0,0,0
2026-02-08 02:00:00,SGN,24.0,0.0,57,8.5,152,1010.1,85,24140.0,8.42,-1.18,0.0,0.0,-1.2,0.0,0.0,0.0,12.0,10.79,0,0,0,0,0,0,0,0,0,0,0,0
2026-02-08 03:00:00,SGN,24.0,0.0,16,9.0,151,1009.7,84,24140.0,8.89,-1.41,0.0,0.2,-1.6,0.0,0.0,0.0,10.0,9.46,0,0,0,0,0,0,0,0,0,0,0,0
2026-02-08 04:00:00,SGN,23.7,0.0,27,8.3,138,1010.0,86,24140.0,7.7,-3.11,-0.3,-0.3,-0.7,0.0,0.0,0.0,9.0,8.89,0,0,0,0,0,0,0,0,0,0,0,0
2026-02-08 05:00:00,SGN,23.4,0.0,52,5.6,135,1010.7,88,24140.0,5.08,-2.37,-0.3,-0.6,0.6,0.0,0.0,0.0,9.0,8.89,0,0,0,0,0,0,0,0,0,0,0,0
2026-02-08 06:00:00,SGN,23.0,0.0,60,2.2,95,1011.6,90,24140.0,0.93,-1.99,-0.4,-1.0,1.9,0.0,0.0,0.0,8.3,7.7,0,0,0,0,0,0,0,0,0,0,0,0
2026-02-08 07:00:00,SGN,23.8,0.0,27,0.9,323,1012.8,88,24140.0,0.86,0.26,0.8,0.1,2.8,0.0,0.0,0.0,5.6,5.08,0,0,0,0,0,0,0,0,0,0,0,0
2026-02-08 08:00:00,SGN,25.7,0.0,34,3.1,36,1013.6,77,24140.0,1.73,-2.57,1.9,2.3,2.9,0.0,0.0,0.0,3.1,1.73,0,0,0,0,0,0,0,0,0,0,0,0
2026-02-08 09:00:00,SGN,27.6,0.1,20,4.9,356,1014.3,64,24140.0,4.71,-1.35,1.9,4.6,2.7,0.1,0.1,0.1,4.9,4.71,1,0,0,0,0,0,0,0,0,1,0,0
2026-02-08 10:00:00,SGN,29.7,0.0,5,6.7,360,1014.0,49,24140.0,6.3,-2.29,2.1,5.9,1.2,0.0,0.1,0.1,6.7,6.3,0,0,0,0,0,0,0,0,0,0,0,0
2026-02-08 11:00:00,SGN,31.5,0.0,1,6.9,5,1013.0,43,24140.0,6.25,-2.92,1.8,5.8,-0.6,0.0,0.1,0.1,6.9,6.3,0,0,0,0,0,0,0,0,0,0,0,0
2026-02-08 12:00:00,SGN,33.3,0.0,0,5.8,22,1011.7,33,24140.0,4.31,-3.88,1.8,5.7,-2.6,0.0,0.0,0.1,6.9,6.3,0,0,0,0,0,0,0,0,0,0,0,0
2026-02-08 13:00:00,SGN,33.6,0.0,0,6.2,36,1010.8,31,24140.0,3.47,-5.14,0.3,3.9,-3.2,0.0,0.0,0.1,6.9,6.25,0,0,0,0,0,0,0,0,0,0,0,0
2026-02-08 14:00:00,SGN,34.0,0.0,0,6.9,41,1009.8,30,24140.0,3.35,-6.03,0.4,2.5,-3.2,0.0,0.0,0.1,6.9,4.31,0,0,0,0,0,0,0,0,0,0,0,0
2026-02-08 15:00:00,SGN,34.2,0.0,0,7.9,49,1009.2,29,24140.0,2.83,-7.38,0.2,0.9,-2.5,0.0,0.0,0.0,7.9,3.47,0,0,0,0,0,0,0,0,0,0,0,0
2026-02-08 16:00:00,SGN,34.0,0.0,23,7.2,96,1009.0,28,24140.0,3.16,-6.47,-0.2,0.4,-1.8,0.0,0.0,0.0,7.9,3.35,0,0,0,0,0,0,0,0,0,0,0,0
2026-02-08 17:00:00,SGN,28.5,0.0,6,18.8,161,1009.9,61,24140.0,18.8,0.33,-5.5,-5.5,0.1,0.0,0.0,0.0,18.8,18.8,0,0,0,0,0,0,0,0,0,0,0,0
2026-02-08 18:00:00,SGN,28.0,0.0,4,12.2,154,1010.6,61,24140.0,12.13,-1.28,-0.5,-6.2,1.4,0.0,0.0,0.0,18.8,18.8,0,0,0,0,0,0,0,0,0,0,0,0
2026-02-08 19:00:00,SGN,28.0,0.0,17,11.5,150,1011.1,61,24140.0,11.33,-2.0,0.0,-6.0,2.1,0.0,0.0,0.0,18.8,18.8,0,0,0,0,0,0,0,0,0,0,0,0
2026-02-08 20:00:00,SGN,27.0,0.0,48,9.5,151,1011.8,64,24140.0,9.38,-1.49,-1.0,-1.5,1.9,0.0,0.0,0.0,12.2,12.13,0,0,0,0,0,0,0,0,0,0,0,0
2026-02-08 21:00:00,SGN,26.4,0.0,84,8.2,128,1012.4,68,24140.0,6.95,-4.35,-0.6,-1.6,1.8,0.0,0.0,0.0,11.5,11.33,0,0,0,0,0,0,0,0,0,0,0,0
2026-02-08 22:00:00,SGN,25.9,0.0,73,6.7,92,1012.4,71,24140.0,2.51,-6.21,-0.5,-2.1,1.3,0.0,0.0,0.0,9.5,9.38,0,0,0,0,0,0,0,0,0,0,0,0
2026-02-08 23:00:00,SGN,25.5,0.0,91,5.2,119,1012.3,73,24140.0,3.92,-3.41,-0.4,-1.5,0.5,0.0,0.0,0.0,8.2,6.95,0,0,0,0,0,0,0,0,0,0,0,0
2026-02-09 00:00:00,SGN,25.3,0.0,86,3.3,36,1011.8,74,24140.0,1.85,-2.74,-0.2,-1.1,-0.6,0.0,0.0,0.0,6.7,3.92,0,0,0,0,0,0,0,0,0,0,0,0
2026-02-09 01:00:00,SGN,25.1,0.0,98,7.0,342,1011.3,77,24140.0,7.0,-0.24,-0.2,-0.8,-1.1,0.0,0.0,0.0,7.0,7.0,0,0,0,0,0,0,0,0,0,0,0,0
2026-02-09 02:00:00,SGN,24.5,0.0,85,7.3,337,1010.7,72,24140.0,7.29,0.38,-0.6,-1.0,-1.6,0.0,0.0,0.0,7.3,7.29,0,0,0,0,0,0,0,0,0,0,0,0
2026-02-09 03:00:00,SGN,24.0,0.0,94,5.8,353,1010.6,65,24140.0,5.65,-1.3,-0.5,-1.3,-1.2,0.0,0.0,0.0,7.3,7.29,0,0,0,0,0,0,0,0,0,0,0,0
2026-02-09 04:00:00,SGN,23.2,0.0,89,5.9,360,1010.5,62,24140.0,5.54,-2.02,-0.8,-1.9,-0.8,0.0,0.0,0.0,7.3,7.29,0,0,0,0,0,0,0,0,0,0,0,0
2026-02-09 05:00:00,SGN,22.6,0.0,95,5.6,2,1010.3,64,24140.0,5.19,-2.1,-0.6,-1.9,-0.4,0.0,0.0,0.0,5.9,5.65,0,0,0,0,0,0,0,0,0,0,0,0
2026-02-09 06:00:00,SGN,22.2,0.0,88,5.4,15,1011.1,66,24140.0,4.42,-3.1,-0.4,-1.8,0.5,0.0,0.0,0.0,5.9,5.54,0,0,0,0,0,0,0,0,0,0,0,0
2026-02-09 07:00:00,SGN,22.8,0.0,99,4.2,25,1011.6,64,24140.0,2.97,-2.97,0.6,-0.4,1.1,0.0,0.0,0.0,5.6,5.19,0,0,0,0,0,0,0,0,0,0,0,0
2026-02-09 08:00:00,SGN,25.2,0.0,88,2.3,23,1012.1,57,24140.0,1.68,-1.57,2.4,2.6,1.8,0.0,0.0,0.0,5.4,4.42,0,0,0,0,0,0,0,0,0,0,0,0
2026-02-09 09:00:00,SGN,27.7,0.0,91,1.3,45,1012.5,50,24140.0,0.55,-1.18,2.5,5.5,1.4,0.0,0.0,0.0,4.2,2.97,0,0,0,0,0,0,0,0,0,0,0,0
2026-02-09 10:00:00,SGN,29.9,0.0,78,1.8,180,1012.2,44,24140.0,1.69,0.62,2.2,7.1,0.6,0.0,0.0,0.0,2.3,1.69,0,0,0,0,0,0,0,0,0,0,0,0
2026-02-09 11:00:00,SGN,32.0,0.0,89,0.7,194,1011.8,37,24140.0,0.58,0.39,2.1,6.8,-0.3,0.0,0.0,0.0,1.8,1.69,0,0,0,0,0,0,0,0,0,0,0,0
2026-02-09 12:00:00,SGN,33.5,0.0,92,0.6,288,1010.4,32,24140.0,0.37,0.47,1.5,5.8,-2.1,0.0,0.0,0.0,1.8,1.69,0,0,0,0,0,0,0,0,0,0,0,0
2026-02-09 13:00:00,SGN,33.6,0.0,95,3.7,305,1009.5,35,24140.0,3.03,2.12,0.1,3.7,-2.7,0.0,0.0,0.0,3.7,3.03,0,0,0,0,0,0,0,0,0,0,0,0
2026-02-09 14:00:00,SGN,34.8,0.0,99,4.5,320,1008.6,33,24140.0,4.23,1.54,1.2,2.8,-3.2,0.0,0.0,0.0,4.5,4.23,0,0,0,0,0,0,0,0,0,0,0,0
2026-02-09 15:00:00,SGN,35.0,0.0,100,6.3,333,1008.0,30,24140.0,6.25,0.77,0.2,1.5,-2.4,0.0,0.0,0.0,6.3,6.25,0,0,0,0,0,0,0,1,0,0,0,0
2026-02-09 16:00:00,SGN,34.7,0.0,100,9.6,339,1008.0,31,24140.0,9.6,0.17,-0.3,1.1,-1.5,0.0,0.0,0.0,9.6,9.6,0,0,0,0,0,0,0,0,0,0,0,0
2026-02-09 17:00:00,SGN,33.5,0.0,99,6.5,355,1008.3,34,24140.0,6.28,-1.68,-1.2,-1.3,-0.3,0.0,0.0,0.0,9.6,9.6,0,0,0,0,0,0,0,0,0,0,0,0
2026-02-09 18:00:00,SGN,31.0,0.0,2,8.1,156,1009.1,45,24140.0,8.08,-0.57,-2.5,-4.0,1.1,0.0,0.0,0.0,9.6,9.6,0,0,0,0,0,0,0,0,0,0,0,0
2026-02-09 19:00:00,SGN,29.0,0.0,0,9.9,164,1010.2,61,24140.0,9.88,0.69,-2.0,-5.7,2.2,0.0,0.0,0.0,9.9,9.88,0,0,0,0,0,0,0,0,0,0,0,0
2026-02-09 20:00:00,SGN,27.5,0.0,0,9.8,175,1011.1,68,24140.0,9.47,2.54,-1.5,-6.0,2.8,0.0,0.0,0.0,9.9,9.88,0,0,0,0,0,0,0,0,0,0,0,0
2026-02-09 21:00:00,SGN,26.5,0.0,0,7.4,176,1011.6,73,24140.0,7.11,2.04,-1.0,-4.5,2.5,0.0,0.0,0.0,9.9,9.88,0,0,0,0,0,0,0,0,0,0,0,0
2026-02-09 22:00:00,SGN,26.0,0.0,4,7.5,153,1011.3,75,24140.0,7.44,-0.91,-0.5,-3.0,1.1,0.0,0.0,0.0,9.8,9.47,0,0,0,0,0,0,0,0,0,0,0,0
2026-02-09 23:00:00,SGN,25.6,0.0,13,6.3,156,1011.3,75,24140.0,6.28,-0.44,-0.4,-1.9,0.2,0.0,0.0,0.0,7.5,7.44,0,0,0,0,0,0,0,0,0,0,0,0
2026-02-10 00:00:00,SGN,25.4,0.0,18,2.5,360,1011.2,76,24140.0,2.35,-0.86,-0.2,-1.1,-0.4,0.0,0.0,0.0,7.5,7.44,0,0,0,0,0,0,0,0,0,0,0,0
2026-02-10 01:00:00,SGN,24.9,0.0,5,3.4,276,1010.9,80,24140.0,1.49,3.06,-0.5,-1.1,-0.4,0.0,0.0,0.0,6.3,6.28,0,0,0,0,0,0,0,0,0,0,0,0
2026-02-10 02:00:00,SGN,24.5,0.0,2,4.0,265,1010.7,83,24140.0,1.04,3.86,-0.4,-1.1,-0.6,0.0,0.0,0.0,4.0,2.35,0,0,0,0,0,0,0,0,0,0,0,0
2026-02-10 03:00:00,SGN,23.8,0.0,0,5.5,281,1010.4,86,24140.0,2.83,4.71,-0.7,-1.6,-0.8,0.0,0.0,0.0,5.5,2.83,0,0,0,0,0,0,0,0,0,0,0,0
2026-02-10 04:00:00,SGN,23.2,0.0,0,4.1,311,1010.4,90,24140.0,3.59,1.99,-0.6,-1.7,-0.5,0.0,0.0,0.0,5.5,3.59,0,0,0,0,0,0,0,0,0,0,0,0
2026-02-10 05:00:00,SGN,22.8,0.0,0,4.9,343,1011.1,92,24140.0,4.89,-0.26,-0.4,-1.7,0.4,0.0,0.0,0.0,5.5,4.89,0,0,0,0,0,0,0,0,0,0,0,0
2026-02-10 06:00:00,SGN,22.5,0.0,0,6.3,336,1011.4,94,24140.0,6.28,0.44,-0.3,-1.3,1.0,0.0,0.0,0.0,6.3,6.28,0,0,0,0,0,0,0,0,0,0,0,0
2026-02-10 07:00:00,SGN,23.0,0.0,46,5.5,322,1012.2,89,24140.0,5.23,1.7,0.5,-0.2,1.8,0.0,0.0,0.0,6.3,6.28,0,0,0,0,0,0,0,0,0,0,0,0
2026-02-10 08:00:00,SGN,25.2,0.0,82,2.3,315,1013.1,72,24140.0,2.08,0.97,2.2,2.4,2.0,0.0,0.0,0.0,6.3,6.28,0,0,0,0,0,0,0,0,0,0,0,0
2026-02-10 09:00:00,SGN,27.7,0.0,79,4.2,295,1013.3,60,24140.0,2.97,2.97,2.5,5.2,1.9,0.0,0.0,0.0,5.5,5.23,0,0,0,0,0,0,0,0,0,0,0,0
2026-02-10 10:00:00,SGN,30.1,0.0,56,4.9,287,1013.2,52,24140.0,2.95,3.91,2.4,7.1,1.0,0.0,0.0,0.0,4.9,2.97,0,0,0,0,0,0,0,0,0,0,0,0
2026-02-10 11:00:00,SGN,32.0,0.0,32,2.5,262,1012.3,46,24140.0,0.52,2.45,1.9,6.8,-0.8,0.0,0.0,0.0,4.9,2.97,0,0,0,0,0,0,0,0,0,0,0,0
2026-02-10 12:00:00,SGN,34.3,0.0,68,1.0,338,1010.9,37,24140.0,1.0,0.03,2.3,6.6,-2.4,0.0,0.0,0.0,4.9,2.95,0,0,0,0,0,0,0,0,0,0,0,0
2026-02-10 13:00:00,SGN,34.0,0.0,98,2.6,192,1010.1,38,24140.0,2.2,1.38,-0.3,3.9,-3.1,0.0,0.0,0.0,2.6,2.2,0,0,0,0,0,0,0,0,0,0,0,0
2026-02-10 14:00:00,SGN,34.0,0.0,100,4.2,198,1009.4,39,24140.0,3.31,2.59,0.0,2.0,-2.9,0.0,0.0,0.0,4.2,3.31,0,0,0,0,0,0,0,0,0,0,0,0
2026-02-10 15:00:00,SGN,32.9,0.8,92,9.1,198,1009.2,44,24140.0,7.17,5.6,-1.1,-1.4,-1.7,0.8,0.8,0.8,9.1,7.17,1,0,0,0,0,0,0,0,1,1,0,1
2026-02-10 16:00:00,SGN,32.0,0.3,52,7.9,207,1009.1,49,24140.0,5.39,5.78,-0.9,-2.0,-1.0,0.3,1.1,1.1,9.1,7.17,1,0,0,0,0,0,0,0,0,1,0,0
2026-02-10 17:00:00,SGN,31.5,0.1,49,4.5,217,1009.2,51,24140.0,2.45,3.77,-0.5,-2.5,-0.2,0.1,1.2,1.2,9.1,7.17,1,0,0,0,0,0,0,0,0,1,0,0
2026-02-10 18:00:00,SGN,30.2,0.0,19,7.8,157,1010.2,56,24140.0,7.79,-0.41,-1.3,-2.7,1.0,0.0,0.4,1.2,7.9,7.79,0,0,0,0,0,0,0,0,0,0,0,0
2026-02-10 19:00:00,SGN,28.6,0.0,100,11.9,151,1011.2,63,24140.0,11.75,-1.86,-1.6,-3.4,2.1,0.0,0.1,1.2,11.9,11.75,0,0,0,0,0,0,0,0,0,0,0,0
2026-02-10 20:00:00,SGN,28.6,0.0,97,9.7,155,1012.1,62,24140.0,9.66,-0.85,0.0,-2.9,2.9,0.0,0.0,1.2,11.9,11.75,0,0,0,0,0,0,0,0,0,0,0,0
2026-02-10 21:00:00,SGN,27.9,0.0,91,10.1,161,1012.6,66,24140.0,10.1,0.18,-0.7,-2.3,2.4,0.0,0.0,0.4,11.9,11.75,0,0,0,0,0,0,0,0,0,0,0,0
2026-02-10 22:00:00,SGN,27.1,0.0,15,11.2,154,1012.5,70,24140.0,11.14,-1.17,-0.8,-1.5,1.3,0.0,0.0,0.1,11.2,11.14,0,0,0,0,0,0,0,0,0,0,0,0
2026-02-10 23:00:00,SGN,26.6,0.0,79,10.4,150,1012.6,73,24140.0,10.24,-1.81,-0.5,-2.0,0.5,0.0,0.0,0.0,11.2,11.14,0,0,0,0,0,0,0,0,0,0,0,0
2026-02-11 00:00:00,SGN,26.2,0.0,99,11.1,137,1012.6,74,24140.0,10.22,-4.34,-0.4,-1.7,0.0,0.0,0.0,0.0,11.2,11.14,0,0,0,0,0,0,0,0,0,0,0,0
2026-02-11 01:00:00,SGN,26.6,0.0,100,9.0,120,1012.4,74,24140.0,6.89,-5.79,0.4,-0.5,-0.1,0.0,0.0,0.0,11.1,10.24,0,0,0,0,0,0,0,0,0,0,0,0
2026-02-11 02:00:00,SGN,26.4,0.0,100,9.7,115,1012.3,74,24140.0,6.86,-6.86,-0.2,-0.2,-0.3,0.0,0.0,0.0,11.1,10.22,0,0,0,0,0,0,0,0,0,0,0,0
2026-02-11 03:00:00,SGN,25.9,0.2,100,8.6,123,1012.1,76,24140.0,6.87,-5.18,-0.5,-0.3,-0.5,0.2,0.2,0.2,9.7,6.89,1,0,0,0,0,0,0,0,1,1,0,1
2026-02-11 04:00:00,SGN,25.5,0.0,100,5.4,116,1011.9,78,24140.0,3.88,-3.75,-0.4,-1.1,-0.5,0.0,0.2,0.2,9.7,6.87,0,0,0,0,0,0,0,0,0,0,0,0
2026-02-11 05:00:00,SGN,25.4,0.0,100,7.7,99,1012.6,80,24140.0,3.73,-6.73,-0.1,-1.0,0.3,0.0,0.2,0.2,8.6,6.87,0,0,0,0,0,0,0,0,0,0,0,0
2026-02-11 06:00:00,SGN,25.1,0.0,100,5.8,94,1013.3,81,24140.0,2.36,-5.3,-0.3,-0.8,1.2,0.0,0.0,0.2,7.7,3.88,0,0,0,0,0,0,0,0,0,0,0,0
2026-02-11 07:00:00,SGN,24.4,0.0,99,4.9,80,1014.0,92,24140.0,0.85,-4.83,-0.7,-1.1,2.1,0.0,0.0,0.2,7.7,3.73,0,0,0,0,0,0,0,0,0,0,0,0
2026-02-11 08:00:00,SGN,25.8,0.2,93,7.1,60,1015.0,82,24140.0,1.23,-6.99,1.4,0.4,2.4,0.2,0.2,0.4,7.1,2.36,1,0,0,0,0,0,0,0,1,1,0,1
2026-02-11 09:00:00,SGN,26.7,0.3,100,7.3,67,1015.7,73,24140.0,0.38,-7.29,0.9,1.6,2.4,0.3,0.5,0.5,7.3,1.23,1,0,0,0,0,0,0,0,1,1,0,1
2026-02-11 10:00:00,SGN,27.5,0.2,93,6.2,36,1015.8,72,24140.0,3.47,-5.14,0.8,3.1,1.8,0.2,0.7,0.7,7.3,3.47,1,0,0,0,0,0,0,0,1,1,0,1
2026-02-11 11:00:00,SGN,29.2,0.0,52,8.8,17,1014.8,67,24140.0,7.03,-5.3,1.7,3.4,-0.2,0.0,0.5,0.7,8.8,7.03,0,0,0,0,0,0,0,0,0,0,0,0
2026-02-11 12:00:00,SGN,31.0,0.0,99,11.0,26,1013.5,60,24140.0,7.64,-7.91,1.8,4.3,-2.2,0.0,0.2,0.7,11.0,7.64,0,0,0,0,0,0,0,0,0,0,0,0
2026-02-11 13:00:00,SGN,29.5,0.0,100,9.9,12,1012.9,62,24140.0,8.4,-5.25,-1.5,2.0,-2.9,0.0,0.0,0.7,11.0,8.4,0,0,0,0,0,0,0,0,0,0,0,0
2026-02-11 14:00:00,SGN,30.5,0.0,100,9.8,47,1011.8,57,24140.0,3.83,-9.02,1.0,1.3,-3.0,0.0,0.0,0.5,11.0,8.4,0,0,0,0,0,0,0,0,0,0,0,0
2026-02-11 15:00:00,SGN,28.5,0.1,100,7.5,73,1011.2,68,24140.0,0.39,-7.49,-2.0,-2.5,-2.3,0.1,0.1,0.3,9.9,8.4,1,0,0,0,0,0,0,0,1,1,0,1
2026-02-11 16:00:00,SGN,27.6,0.3,100,3.8,98,1011.2,73,24140.0,1.78,-3.36,-0.9,-1.9,-1.7,0.3,0.4,0.4,9.8,3.83,1,0,0,0,0,0,0,0,1,1,0,1
2026-02-11 17:00:00,SGN,26.3,0.8,64,10.7,112,1011.6,80,24140.0,7.16,-7.95,-1.3,-4.2,-0.2,0.8,1.2,1.2,10.7,7.16,1,0,0,0,0,0,0,0,0,1,0,0
2026-02-11 18:00:00,SGN,25.5,0.2,76,4.6,132,1011.7,85,22660.0,4.06,-2.16,-0.8,-3.0,0.5,0.2,1.3,1.4,10.7,7.16,1,0,0,0,0,0,0,0,0,1,0,0
2026-02-11 19:00:00,SGN,25.1,0.0,91,8.4,137,1012.1,93,24140.0,7.73,-3.28,-0.4,-2.5,0.9,0.0,1.0,1.4,10.7,7.73,0,0,0,0,0,0,0,0,0,0,0,0
2026-02-11 20:00:00,SGN,25.4,0.0,99,3.6,150,1012.7,90,24140.0,3.55,-0.63,0.3,-0.9,1.1,0.0,0.2,1.4,8.4,7.73,0,0,0,0,0,0,0,0,0,0,0,0
2026-02-11 21:00:00,SGN,25.3,0.0,59,3.7,133,1012.5,92,24140.0,3.3,-1.68,-0.1,-0.2,0.8,0.0,0.0,1.3,8.4,7.73,0,0,0,0,0,0,0,0,0,0,0,0
2026-02-11 22:00:00,SGN,25.3,0.0,79,4.3,138,1012.3,92,24140.0,3.99,-1.61,0.0,0.2,0.2,0.0,0.0,1.0,4.3,3.99,0,0,0,0,0,0,0,0,0,0,0,0
2026-02-11 23:00:00,SGN,25.0,0.0,98,3.9,167,1012.2,92,24140.0,3.87,0.48,-0.3,-0.4,-0.5,0.0,0.0,0.2,4.3,3.99,0,0,0,0,0,0,0,0,0,0,0,0
2026-02-12 00:00:00,SGN,24.8,0.0,80,2.0,207,1012.3,94,24140.0,1.36,1.46,-0.2,-0.5,-0.2,0.0,0.0,0.0,4.3,3.99,0,0,0,0,0,0,0,0,0,0,0,0
2026-02-12 01:00:00,SGN,24.8,0.0,94,1.5,173,1011.6,98,24140.0,1.46,0.34,0.0,-0.5,-0.7,0.0,0.0,0.0,3.9,3.87,0,0,0,0,0,0,0,0,0,0,0,0
2026-02-12 02:00:00,SGN,24.7,0.0,88,1.5,240,1010.9,98,24140.0,0.26,1.48,-0.1,-0.3,-1.3,0.0,0.0,0.0,2.0,1.46,0,0,0,0,0,0,0,0,0,0,0,0
2026-02-12 03:00:00,SGN,24.5,0.0,42,3.8,211,1010.8,99,24140.0,2.39,2.95,-0.2,-0.3,-1.5,0.0,0.0,0.0,3.8,2.39,0,0,0,0,0,0,0,0,0,0,0,0
2026-02-12 04:00:00,SGN,24.4,0.0,63,2.7,212,1011.0,99,24140.0,1.66,2.13,-0.1,-0.4,-0.6,0.0,0.0,0.0,3.8,2.39,0,0,0,0,0,0,0,0,0,0,0,0
2026-02-12 05:00:00,SGN,24.2,0.0,98,2.0,297,1011.4,99,24140.0,1.46,1.36,-0.2,-0.5,0.5,0.0,0.0,0.0,3.8,2.39,0,0,0,0,0,0,0,0,0,0,0,0
2026-02-12 06:00:00,SGN,24.0,0.0,100,3.4,317,1011.7,99,24140.0,3.13,1.33,-0.2,-0.5,0.9,0.0,0.0,0.0,3.4,3.13,0,0,0,0,0,0,0,0,0,0,0,0
2026-02-12 07:00:00,SGN,24.0,0.0,96,3.3,311,1013.0,98,24140.0,2.89,1.6,0.0,-0.4,2.0,0.0,0.0,0.0,3.4,3.13,0,0,0,0,0,0,0,0,0,0,0,0
2026-02-12 08:00:00,SGN,25.6,0.0,100,4.1,322,1013.6,87,24140.0,3.9,1.27,1.6,1.4,2.2,0.0,0.0,0.0,4.1,3.9,0,0,0,0,0,0,0,0,0,0,0,0
2026-02-12 09:00:00,SGN,27.0,0.0,100,4.5,310,1014.4,81,24140.0,3.9,2.25,1.4,3.0,2.7,0.0,0.0,0.0,4.5,3.9,0,0,0,0,0,0,0,0,0,0,0,0
2026-02-12 10:00:00,SGN,28.2,0.0,100,3.9,304,1014.1,76,24140.0,3.16,2.29,1.2,4.2,1.1,0.0,0.0,0.0,4.5,3.9,0,0,0,0,0,0,0,0,0,0,0,0
2026-02-12 11:00:00,SGN,29.4,0.2,99,4.2,313,1013.3,71,24140.0,3.74,1.91,1.2,3.8,-0.3,0.2,0.2,0.2,4.5,3.9,1,0,0,0,0,0,0,0,1,1,0,1
2026-02-12 12:00:00,SGN,30.8,0.0,70,3.1,320,1012.0,66,24140.0,2.91,1.06,1.4,3.8,-2.4,0.0,0.2,0.2,4.2,3.74,0,0,0,0,0,0,0,0,0,0,0,0
2026-02-12 13:00:00,SGN,31.4,0.0,98,1.8,96,1011.0,60,24140.0,0.79,-1.62,0.6,3.2,-3.1,0.0,0.2,0.2,4.2,3.74,0,0,0,0,0,0,0,0,0,0,0,0
2026-02-12 14:00:00,SGN,31.7,0.0,100,3.1,93,1009.7,58,24140.0,1.21,-2.85,0.3,2.3,-3.6,0.0,0.0,0.2,3.1,2.91,0,0,0,0,0,0,0,0,0,0,0,0
2026-02-12 15:00:00,SGN,31.9,0.1,93,4.1,92,1009.1,56,24140.0,1.54,-3.8,0.2,1.1,-2.9,0.1,0.1,0.3,4.1,1.54,1,0,0,0,0,0,0,0,1,1,0,1
2026-02-12 16:00:00,SGN,30.5,0.7,100,7.3,149,1008.9,58,24140.0,7.17,-1.39,-1.4,-0.9,-2.1,0.7,0.8,1.0,7.3,7.17,1,0,0,0,0,0,0,0,1,1,0,1
2026-02-12 17:00:00,SGN,28.5,0.1,100,6.4,133,1009.5,70,24140.0,5.7,-2.91,-2.0,-3.2,-0.2,0.1,0.9,0.9,7.3,7.17,1,0,0,0,0,0,0,0,1,1,0,1
2026-02-12 18:00:00,SGN,28.1,0.7,100,7.4,112,1010.4,71,24140.0,4.95,-5.5,-0.4,-3.8,1.3,0.7,1.5,1.6,7.4,7.17,1,0,0,0,0,0,0,0,1,1,0,1
2026-02-12 19:00:00,SGN,27.4,3.3,100,5.7,148,1010.4,81,6980.0,5.58,-1.19,-0.7,-3.1,1.5,3.3,4.1,4.9,7.4,5.7,1,0,0,0,0,0,0,0,1,1,0,1
2026-02-12 20:00:00,SGN,26.8,0.0,100,5.2,180,1011.1,84,10900.0,4.89,1.78,-0.6,-1.7,1.6,0.0,4.0,4.9,7.4,5.58,0,0,0,0,0,0,0,0,0,0,0,0
2026-02-12 21:00:00,SGN,26.3,0.0,100,6.7,174,1011.7,86,20580.0,6.5,1.62,-0.5,-1.8,1.3,0.0,3.3,4.8,6.7,6.5,0,0,0,0,0,0,0,0,0,0,0,0
2026-02-12 22:00:00,SGN,25.8,0.0,100,8.5,159,1011.8,87,23900.0,8.5,-0.15,-0.5,-1.6,1.4,0.0,0.0,4.1,8.5,8.5,0,0,0,0,0,0,0,0,0,0,0,0
2026-02-12 23:00:00,SGN,25.4,0.0,100,8.1,152,1012.0,86,23920.0,8.02,-1.13,-0.4,-1.4,0.9,0.0,0.0,4.0,8.5,8.5,0,0,0,0,0,0,0,0,0,0,0,0
2026-02-13 00:00:00,SGN,24.9,0.0,100,7.6,135,1011.8,86,23280.0,6.89,-3.21,-0.5,-1.4,0.1,0.0,0.0,3.3,8.5,8.5,0,0,0,0,0,0,0,0,0,0,0,0
2026-02-13 01:00:00,SGN,24.8,0.0,100,5.4,159,1011.1,87,12420.0,5.4,-0.09,-0.1,-1.0,-0.7,0.0,0.0,0.0,8.1,8.02,0,0,0,0,0,0,0,0,0,0,0,0
2026-02-13 02:00:00,SGN,24.5,0.0,100,5.2,136,1010.2,87,8800.0,4.75,-2.12,-0.3,-0.9,-1.8,0.0,0.0,0.0,7.6,6.89,0,0,0,0,0,0,0,0,0,0,0,0
2026-02-13 03:00:00,SGN,24.2,0.0,100,4.0,183,1009.7,89,24140.0,3.68,1.56,-0.3,-0.7,-2.1,0.0,0.0,0.0,5.4,5.4,0,0,0,0,0,0,0,0,0,0,0,0
2026-02-13 04:00:00,SGN,24.2,0.0,100,1.1,252,1009.2,89,24140.0,0.04,1.1,0.0,-0.6,-1.9,0.0,0.0,0.0,5.2,4.75,0,0,0,0,0,0,0,0,0,0,0,0
2026-02-13 05:00:00,SGN,23.8,0.0,95,1.3,315,1009.9,93,24140.0,1.18,0.55,-0.4,-0.7,-0.3,0.0,0.0,0.0,4.0,3.68,0,0,0,0,0,0,0,0,0,0,0,0
2026-02-13 06:00:00,SGN,23.4,0.0,91,3.5,336,1009.9,96,24140.0,3.49,0.24,-0.4,-0.8,0.2,0.0,0.0,0.0,3.5,3.49,0,0,0,0,0,0,0,0,0,0,0,0
2026-02-13 07:00:00,SGN,24.0,0.0,100,1.9,343,1010.7,95,24140.0,1.9,-0.1,0.6,-0.2,1.5,0.0,0.0,0.0,3.5,3.49,0,0,0,0,0,0,0,0,0,0,0,0
2026-02-13 08:00:00,SGN,25.5,0.0,100,3.3,13,1011.2,85,24140.0,2.77,-1.8,1.5,1.7,1.3,0.0,0.0,0.0,3.5,3.49,0,0,0,0,0,0,0,0,0,0,0,0
2026-02-13 09:00:00,SGN,27.3,0.0,100,4.3,15,1011.8,76,24140.0,3.52,-2.47,1.8,3.9,1.9,0.0,0.0,0.0,4.3,3.52,0,0,0,0,0,0,0,0,0,0,0,0
2026-02-13 10:00:00,SGN,28.9,0.0,98,3.8,31,1011.7,70,24140.0,2.39,-2.95,1.6,4.9,1.0,0.0,0.0,0.0,4.3,3.52,0,0,0,0,0,0,0,0,0,0,0,0
2026-02-13 11:00:00,SGN,30.5,0.0,99,3.1,59,1010.8,63,24140.0,0.59,-3.04,1.6,5.0,-0.4,0.0,0.0,0.0,4.3,3.52,0,0,0,0,0,0,0,0,0,0,0,0
2026-02-13 12:00:00,SGN,31.3,0.0,100,2.8,72,1009.6,59,24140.0,0.1,-2.8,0.8,4.0,-2.2,0.0,0.0,0.0,3.8,2.39,0,0,0,0,0,0,0,0,0,0,0,0
2026-02-13 13:00:00,SGN,31.9,0.0,6,4.3,68,1008.6,57,24140.0,0.15,-4.3,0.6,3.0,-3.1,0.0,0.0,0.0,4.3,0.59,0,0,0,0,0,0,0,0,0,0,0,0
2026-02-13 14:00:00,SGN,32.5,0.0,98,6.0,87,1007.5,54,24140.0,1.75,-5.74,0.6,2.0,-3.3,0.0,0.0,0.0,6.0,1.75,0,0,0,0,0,0,0,0,0,0,0,0
2026-02-13 15:00:00,SGN,32.2,0.0,100,8.6,90,1007.4,54,24140.0,2.94,-8.08,-0.3,0.9,-2.2,0.0,0.0,0.0,8.6,2.94,0,0,0,0,0,0,0,0,0,0,0,0
2026-02-13 16:00:00,SGN,31.6,0.8,100,8.7,107,1007.5,54,24140.0,5.24,-6.95,-0.6,-0.3,-1.1,0.8,0.8,0.8,8.7,5.24,1,0,0,0,0,0,0,0,1,1,0,1
2026-02-13 17:00:00,SGN,29.8,0.4,98,10.5,163,1008.3,62,24140.0,10.49,0.55,-1.8,-2.7,0.8,0.4,1.2,1.2,10.5,10.49,1,0,0,0,0,0,0,0,1,1,0,1
2026-02-13 18:00:00,SGN,28.4,0.0,99,9.8,173,1009.3,65,4780.0,9.55,2.2,-1.4,-3.8,1.9,0.0,1.2,1.2,10.5,10.49,0,0,0,0,1,0,0,0,0,0,0,1
2026-02-13 19:00:00,SGN,27.4,0.0,100,9.2,177,1009.8,72,12100.0,8.8,2.69,-1.0,-4.2,2.3,0.0,0.4,1.2,10.5,10.49,0,0,0,0,0,0,0,0,0,0,0,0
2026-02-13 20:00:00,SGN,26.5,0.0,100,8.8,175,1010.7,75,24140.0,8.5,2.28,-0.9,-3.3,2.4,0.0,0.0,1.2,9.8,9.55,0,0,0,0,0,0,0,0,0,0,0,0
2026-02-13 21:00:00,SGN,25.9,0.0,100,10.4,159,1011.1,78,24140.0,10.4,-0.18,-0.6,-2.5,1.8,0.0,0.0,1.2,10.4,10.4,0,0,0,0,0,0,0,0,0,0,0,0
2026-02-13 22:00:00,SGN,25.4,0.0,99,10.4,152,1011.1,78,24140.0,10.3,-1.45,-0.5,-2.0,1.3,0.0,0.0,0.4,10.4,10.4,0,0,0,0,0,0,0,0,0,0,0,0
2026-02-13 23:00:00,SGN,24.9,0.0,95,2.9,176,1011.0,83,24140.0,2.79,0.8,-0.5,-1.6,0.3,0.0,0.0,0.0,10.4,10.4,0,0,0,0,0,0,0,0,0,0,0,0
2026-02-14 00:00:00,SGN,24.6,0.0,100,5.5,167,1010.5,82,24140.0,5.46,0.67,-0.3,-1.3,-0.6,0.0,0.0,0.0,10.4,10.3,0,0,0,0,0,0,0,0,0,0,0,0
2026-02-14 01:00:00,SGN,24.6,0.0,87,3.4,180,1010.0,85,24140.0,3.19,1.16,0.0,-0.8,-1.1,0.0,0.0,0.0,5.5,5.46,0,0,0,0,0,0,0,0,0,0,0,0
2026-02-14 02:00:00,SGN,24.6,0.0,95,1.9,139,1009.3,87,24140.0,1.77,-0.68,0.0,-0.3,-1.7,0.0,0.0,0.0,5.5,5.46,0,0,0,0,0,0,0,0,0,0,0,0
2026-02-14 03:00:00,SGN,24.2,0.0,100,3.0,115,1008.7,88,24140.0,2.12,-2.12,-0.4,-0.4,-1.8,0.0,0.0,0.0,3.4,3.19,0,0,0,0,0,0,0,0,0,0,0,0
2026-02-14 04:00:00,SGN,24.1,0.0,100,1.2,39,1008.4,88,24140.0,0.62,-1.03,-0.1,-0.5,-1.6,0.0,0.0,0.0,3.0,2.12,0,0,0,0,0,0,0,0,0,0,0,0
2026-02-14 05:00:00,SGN,23.9,0.0,91,2.8,345,1008.6,89,24140.0,2.79,-0.24,-0.2,-0.7,-0.7,0.0,0.0,0.0,3.0,2.79,0,0,0,0,0,0,0,0,0,0,0,0
2026-02-14 06:00:00,SGN,23.5,0.0,100,5.8,321,1009.6,91,24140.0,5.48,1.89,-0.4,-0.7,0.9,0.0,0.0,0.0,5.8,5.48,0,0,0,0,0,0,0,0,0,0,0,0
2026-02-14 07:00:00,SGN,23.9,0.0,66,3.3,306,1010.3,91,24140.0,2.74,1.85,0.4,-0.2,1.9,0.0,0.0,0.0,5.8,5.48,0,0,0,0,0,0,0,0,0,0,0,0
2026-02-14 08:00:00,SGN,25.7,0.0,63,0.7,14,1011.5,81,24140.0,0.58,-0.39,1.8,1.8,2.9,0.0,0.0,0.0,5.8,5.48,0,0,0,0,0,0,0,0,0,0,0,0
2026-02-14 09:00:00,SGN,27.5,0.0,91,2.7,62,1012.0,74,24140.0,0.38,-2.67,1.8,4.0,2.4,0.0,0.0,0.0,3.3,2.74,0,0,0,0,0,0,0,0,0,0,0,0
2026-02-14 10:00:00,SGN,29.4,0.0,100,4.3,62,1011.8,67,24140.0,0.6,-4.26,1.9,5.5,1.5,0.0,0.0,0.0,4.3,0.6,0,0,0,0,0,0,0,0,0,0,0,0
2026-02-14 11:00:00,SGN,30.8,0.1,100,5.3,57,1011.1,61,24140.0,1.19,-5.16,1.4,5.1,-0.4,0.1,0.1,0.1,5.3,1.19,1,0,0,0,0,0,0,0,1,1,0,1
2026-02-14 12:00:00,SGN,31.9,0.1,100,5.1,58,1009.8,56,24140.0,1.06,-4.99,1.1,4.4,-2.2,0.1,0.2,0.2,5.3,1.19,1,0,0,0,0,0,0,0,1,1,0,1
2026-02-14 13:00:00,SGN,32.5,0.0,36,4.6,103,1009.3,55,24140.0,2.51,-3.86,0.6,3.1,-2.5,0.0,0.2,0.2,5.3,2.51,0,0,0,0,0,0,0,0,0,0,0,0
2026-02-14 14:00:00,SGN,33.2,0.0,91,4.8,105,1007.7,52,24140.0,2.75,-3.93,0.7,2.4,-3.4,0.0,0.1,0.2,5.1,2.75,0,0,0,0,0,0,0,0,0,0,0,0
2026-02-14 15:00:00,SGN,33.1,0.0,100,9.1,104,1007.1,49,12620.0,5.09,-7.54,-0.1,1.2,-2.7,0.0,0.0,0.2,9.1,5.09,0,0,0,0,0,0,0,0,0,0,0,0
2026-02-14 16:00:00,SGN,32.3,0.2,23,8.0,118,1006.8,49,10400.0,5.95,-5.35,-0.8,-0.2,-2.5,0.2,0.2,0.4,9.1,5.95,1,0,0,0,0,0,0,0,0,1,0,0
2026-02-14 17:00:00,SGN,32.3,0.0,90,4.8,155,1007.2,49,23300.0,4.78,-0.42,0.0,-0.9,-0.5,0.0,0.2,0.3,9.1,5.95,0,0,0,0,0,0,0,0,0,0,0,0
2026-02-14 18:00:00,SGN,30.1,0.0,90,9.1,187,1008.3,56,18220.0,8.11,4.13,-2.2,-3.0,1.2,0.0,0.2,0.2,9.1,8.11,0,0,0,0,0,0,0,0,0,0,0,0
2026-02-14 19:00:00,SGN,28.3,0.0,95,7.2,184,1008.7,69,24140.0,6.58,2.93,-1.8,-4.0,1.9,0.0,0.0,0.2,9.1,8.11,0,0,0,0,0,0,0,0,0,0,0,0
2026-02-14 20:00:00,SGN,27.6,0.0,96,5.2,207,1009.2,71,23940.0,3.55,3.8,-0.7,-4.7,2.0,0.0,0.0,0.2,9.1,8.11,0,0,0,0,0,0,0,0,0,0,0,0
2026-02-14 21:00:00,SGN,27.0,0.0,95,3.9,242,1010.0,75,24140.0,0.54,3.86,-0.6,-3.1,1.7,0.0,0.0,0.2,7.2,6.58,0,0,0,0,0,0,0,0,0,0,0,0
2026-02-14 22:00:00,SGN,26.4,0.0,99,4.9,231,1010.1,78,24140.0,1.6,4.63,-0.6,-1.9,1.4,0.0,0.0,0.0,5.2,3.55,0,0,0,0,0,0,0,0,0,0,0,0
2026-02-14 23:00:00,SGN,25.9,0.0,100,5.2,214,1009.8,81,24140.0,3.06,4.21,-0.5,-1.7,0.6,0.0,0.0,0.0,5.2,3.06,0,0,0,0,0,0,0,0,0,0,0,0
2026-02-15 00:00:00,SGN,25.5,0.0,100,4.4,212,1009.3,83,24140.0,2.71,3.47,-0.4,-1.5,-0.7,0.0,0.0,0.0,5.2,3.06,0,0,0,0,0,0,0,0,0,0,0,0
2026-02-15 01:00:00,SGN,25.4,0.0,99,4.3,228,1009.0,87,24140.0,1.61,3.99,-0.1,-1.0,-1.1,0.0,0.0,0.0,5.2,3.06,0,0,0,0,0,0,0,0,0,0,0,0
2026-02-15 02:00:00,SGN,24.8,0.0,92,4.1,241,1008.5,89,24140.0,0.64,4.05,-0.6,-1.1,-1.3,0.0,0.0,0.0,4.4,2.71,0,0,0,0,0,0,0,0,0,0,0,0
2026-02-15 03:00:00,SGN,24.4,0.0,100,4.2,277,1008.3,91,24140.0,1.91,3.74,-0.4,-1.1,-1.0,0.0,0.0,0.0,4.3,1.91,0,0,0,0,0,0,0,0,0,0,0,0
2026-02-15 04:00:00,SGN,24.0,0.0,88,5.1,276,1008.7,93,24140.0,2.24,4.58,-0.4,-1.4,-0.3,0.0,0.0,0.0,5.1,2.24,0,0,0,0,0,0,0,0,0,0,0,0
2026-02-15 05:00:00,SGN,23.7,0.0,41,4.5,270,1009.1,94,24140.0,1.54,4.23,-0.3,-1.1,0.6,0.0,0.0,0.0,5.1,2.24,0,0,0,0,0,0,0,0,0,0,0,0
2026-02-15 06:00:00,SGN,23.5,0.0,34,2.8,281,1009.7,95,24140.0,1.44,2.4,-0.2,-0.9,1.4,0.0,0.0,0.0,5.1,2.24,0,0,0,0,0,0,0,0,0,0,0,0
2026-02-15 07:00:00,SGN,24.0,0.0,18,1.3,196,1010.8,92,24140.0,1.05,0.76,0.5,0.0,2.1,0.0,0.0,0.0,4.5,1.54,0,0,0,0,0,0,0,0,0,0,0,0
2026-02-15 08:00:00,SGN,26.0,0.0,30,4.8,115,1011.6,82,24140.0,3.39,-3.39,2.0,2.3,2.5,0.0,0.0,0.0,4.8,3.39,0,0,0,0,0,0,0,0,0,0,0,0
2026-02-15 09:00:00,SGN,28.0,0.0,30,4.9,82,1011.8,71,24140.0,1.02,-4.79,2.0,4.5,2.1,0.0,0.0,0.0,4.9,3.39,0,0,0,0,0,0,0,0,0,0,0,0
2026-02-15 10:00:00,SGN,29.7,0.0,100,4.5,37,1011.6,64,24140.0,2.45,-3.77,1.7,5.7,0.8,0.0,0.0,0.0,4.9,3.39,0,0,0,0,0,0,0,0,0,0,0,0
2026-02-15 11:00:00,SGN,31.0,0.0,31,4.0,54,1010.8,59,24140.0,1.1,-3.85,1.3,5.0,-0.8,0.0,0.0,0.0,4.9,2.45,0,0,0,0,0,0,0,0,0,0,0,0
2026-02-15 12:00:00,SGN,32.5,0.0,15,3.7,76,1009.7,54,24140.0,0.39,-3.68,1.5,4.5,-2.1,0.0,0.0,0.0,4.5,2.45,0,0,0,0,0,0,0,0,0,0,0,0
2026-02-15 13:00:00,SGN,33.0,0.0,11,3.5,78,1008.7,52,24140.0,0.49,-3.47,0.5,3.3,-2.9,0.0,0.0,0.0,4.0,1.1,0,0,0,0,0,0,0,0,0,0,0,0
2026-02-15 14:00:00,SGN,33.7,0.0,13,5.1,94,1007.3,49,24140.0,2.07,-4.66,0.7,2.7,-3.5,0.0,0.0,0.0,5.1,2.07,0,0,0,0,0,0,0,0,0,0,0,0
2026-02-15 15:00:00,SGN,33.8,0.0,9,7.4,97,1006.6,47,24140.0,3.36,-6.59,0.1,1.3,-3.1,0.0,0.0,0.0,7.4,3.36,0,0,0,0,0,0,0,0,0,0,0,0
2026-02-15 16:00:00,SGN,33.6,0.0,35,7.6,121,1006.2,45,24140.0,5.91,-4.78,-0.2,0.6,-2.5,0.0,0.0,0.0,7.6,5.91,0,0,0,0,0,0,0,0,0,0,0,0
2026-02-15 17:00:00,SGN,32.0,0.0,54,11.6,162,1006.7,49,24140.0,11.59,0.4,-1.6,-1.7,-0.6,0.0,0.0,0.0,11.6,11.59,0,0,0,0,0,0,0,0,0,0,0,0
2026-02-15 18:00:00,SGN,30.0,0.0,28,11.8,163,1007.4,56,24140.0,11.78,0.62,-2.0,-3.8,0.8,0.0,0.0,0.0,11.8,11.78,0,0,0,0,0,0,0,0,0,0,0,0
2026-02-15 19:00:00,SGN,29.6,0.0,99,10.2,159,1008.0,60,24140.0,10.2,-0.18,-0.4,-4.0,1.8,0.0,0.0,0.0,11.8,11.78,0,0,0,0,0,0,0,0,0,0,0,0
2026-02-15 20:00:00,SGN,28.4,0.0,100,11.6,136,1008.9,63,24140.0,10.6,-4.72,-1.2,-3.6,2.2,0.0,0.0,0.0,11.8,11.78,0,0,0,0,0,0,0,0,0,0,0,0
2026-02-15 21:00:00,SGN,27.5,0.0,41,10.6,132,1009.2,64,24140.0,9.36,-4.98,-0.9,-2.5,1.8,0.0,0.0,0.0,11.6,10.6,0,0,0,0,0,0,0,0,0,0,0,0
2026-02-15 22:00:00,SGN,27.1,0.0,100,9.7,129,1009.1,63,24140.0,8.31,-5.0,-0.4,-2.5,1.1,0.0,0.0,0.0,11.6,10.6,0,0,0,0,0,0,0,0,0,0,0,0
2026-02-15 23:00:00,SGN,26.9,0.0,97,9.3,130,1009.2,61,24140.0,8.05,-4.65,-0.2,-1.5,0.3,0.0,0.0,0.0,10.6,9.36,0,0,0,0,0,0,0,0,0,0,0,0
2026-02-16 00:00:00,SGN,26.4,0.0,98,9.1,129,1009.0,64,24140.0,7.8,-4.69,-0.5,-1.1,-0.2,0.0,0.0,0.0,9.7,8.31,0,0,0,0,0,0,0,0,0,0,0,0
2026-02-16 01:00:00,SGN,26.1,0.0,98,9.0,121,1008.7,68,24140.0,6.99,-5.66,-0.3,-1.0,-0.4,0.0,0.0,0.0,9.3,8.05,0,0,0,0,0,0,0,0,0,0,0,0
2026-02-16 02:00:00,SGN,25.9,0.0,91,9.0,121,1008.3,67,24140.0,6.99,-5.66,-0.2,-1.0,-0.9,0.0,0.0,0.0,9.1,7.8,0,0,0,0,0,0,0,0,0,0,0,0
2026-02-16 03:00:00,SGN,25.5,0.0,95,9.4,120,1007.8,66,24140.0,7.2,-6.04,-0.4,-0.9,-1.2,0.0,0.0,0.0,9.4,7.2,0,0,0,0,0,0,0,0,0,0,0,0
2026-02-16 04:00:00,SGN,25.3,0.0,100,8.6,113,1007.9,66,24140.0,5.87,-6.29,-0.2,-0.8,-0.8,0.0,0.0,0.0,9.4,7.2,0,0,0,0,0,0,0,0,0,0,0,0
2026-02-16 05:00:00,SGN,25.2,0.0,100,6.8,93,1008.1,67,24140.0,2.66,-6.26,-0.1,-0.7,-0.2,0.0,0.0,0.0,9.4,7.2,0,0,0,0,0,0,0,0,0,0,0,0
2026-02-16 06:00:00,SGN,25.0,0.0,99,5.1,63,1008.6,68,24140.0,0.62,-5.06,-0.2,-0.5,0.8,0.0,0.0,0.0,8.6,5.87,0,0,0,0,0,0,0,0,0,0,0,0
2026-02-16 07:00:00,SGN,25.6,0.0,92,7.6,72,1009.5,68,24140.0,0.27,-7.6,0.6,0.3,1.6,0.0,0.0,0.0,7.6,2.66,0,0,0,0,0,0,0,0,0,0,0,0
2026-02-16 08:00:00,SGN,27.3,0.0,100,6.8,79,1010.6,61,24140.0,1.06,-6.72,1.7,2.1,2.5,0.0,0.0,0.0,7.6,1.06,0,0,0,0,0,0,0,0,0,0,0,0
2026-02-16 09:00:00,SGN,29.4,0.0,97,6.2,82,1011.0,53,24140.0,1.29,-6.06,2.1,4.4,2.4,0.0,0.0,0.0,7.6,1.29,0,0,0,0,0,0,0,0,0,0,0,0
2026-02-16 10:00:00,SGN,31.6,0.0,98,6.9,85,1011.1,44,24140.0,1.79,-6.66,2.2,6.0,1.6,0.0,0.0,0.0,6.9,1.79,0,0,0,0,0,0,0,0,0,0,0,0
2026-02-16 11:00:00,SGN,33.4,0.0,98,7.9,90,1010.5,37,24140.0,2.7,-7.42,1.8,6.1,-0.1,0.0,0.0,0.0,7.9,2.7,0,0,0,0,0,0,0,0,0,0,0,0
2026-02-16 12:00:00,SGN,34.7,0.0,100,8.6,88,1009.2,32,24140.0,2.66,-8.18,1.3,5.3,-1.8,0.0,0.0,0.0,8.6,2.7,0,0,0,0,0,0,0,0,0,0,0,0
2026-02-16 13:00:00,SGN,35.2,0.0,100,8.5,97,1008.3,33,24140.0,3.86,-7.57,0.5,3.6,-2.8,0.0,0.0,0.0,8.6,3.86,0,0,0,0,0,0,0,1,0,0,0,0
2026-02-16 14:00:00,SGN,35.3,0.0,28,9.3,105,1007.0,34,24140.0,5.33,-7.62,0.1,1.9,-3.5,0.0,0.0,0.0,9.3,5.33,0,0,0,0,0,0,0,1,0,0,0,0
2026-02-16 15:00:00,SGN,35.7,0.0,16,10.9,107,1006.1,33,24140.0,6.56,-8.71,0.4,1.0,-3.1,0.0,0.0,0.0,10.9,6.56,0,0,0,0,0,0,0,1,0,0,0,0
2026-02-16 16:00:00,SGN,34.5,0.0,17,13.7,117,1006.2,37,24140.0,10.02,-9.34,-1.2,-0.7,-2.1,0.0,0.0,0.0,13.7,10.02,0,0,0,0,0,0,0,0,0,0,0,0
2026-02-16 17:00:00,SGN,32.2,0.1,5,14.4,121,1006.2,50,24140.0,11.19,-9.06,-2.3,-3.1,-0.8,0.1,0.1,0.1,14.4,11.19,1,0,0,0,0,0,0,0,0,1,0,0
2026-02-16 18:00:00,SGN,30.5,0.0,2,13.5,120,1006.4,57,24140.0,10.34,-8.68,-1.7,-5.2,0.3,0.0,0.1,0.1,14.4,11.19,0,0,0,0,0,0,0,0,0,0,0,0
2026-02-16 19:00:00,SGN,30.3,0.0,62,10.6,133,1006.7,60,24140.0,9.44,-4.81,-0.2,-4.2,0.5,0.0,0.1,0.1,14.4,11.19,0,0,0,0,0,0,0,0,0,0,0,0
2026-02-16 20:00:00,SGN,29.3,0.0,86,11.7,122,1007.6,61,24140.0,9.22,-7.2,-1.0,-2.9,1.4,0.0,0.0,0.1,13.5,10.34,0,0,0,0,0,0,0,0,0,0,0,0
2026-02-16 21:00:00,SGN,28.6,0.0,2,11.9,122,1007.8,59,24140.0,9.38,-7.33,-0.7,-1.9,1.4,0.0,0.0,0.1,11.9,9.44,0,0,0,0,0,0,0,0,0,0,0,0
2026-02-16 22:00:00,SGN,28.0,0.0,0,13.0,125,1007.9,59,24140.0,10.65,-7.46,-0.6,-2.3,1.2,0.0,0.0,0.1,13.0,10.65,0,0,0,0,0,0,0,0,0,0,0,0
2026-02-16 23:00:00,SGN,27.5,0.0,41,14.5,124,1008.2,62,24140.0,11.73,-8.52,-0.5,-1.8,0.6,0.0,0.0,0.0,14.5,11.73,0,0,0,0,0,0,0,0,0,0,0,0
2026-02-17 00:00:00,SGN,27.2,0.0,98,14.1,120,1008.1,61,24140.0,10.8,-9.06,-0.3,-1.4,0.3,0.0,0.0,0.0,14.5,11.73,0,0,0,0,0,0,0,0,0,0,0,0
2026-02-17 01:00:00,SGN,27.1,0.0,98,12.7,111,1007.8,63,24140.0,8.33,-9.58,-0.1,-0.9,-0.1,0.0,0.0,0.0,14.5,11.73,0,0,0,0,0,0,0,0,0,0,0,0
2026-02-17 02:00:00,SGN,27.0,0.0,99,12.2,107,1007.6,61,24140.0,7.34,-9.74,-0.1,-0.5,-0.6,0.0,0.0,0.0,14.1,10.8,0,0,0,0,0,0,0,0,0,0,0,0
2026-02-17 03:00:00,SGN,26.9,0.0,100,11.8,109,1007.3,60,24140.0,7.43,-9.17,-0.1,-0.3,-0.8,0.0,0.0,0.0,12.7,8.33,0,0,0,0,0,0,0,0,0,0,0,0
2026-02-17 04:00:00,SGN,26.5,0.0,99,10.5,110,1007.4,60,24140.0,6.75,-8.04,-0.4,-0.6,-0.4,0.0,0.0,0.0,12.2,7.43,0,0,0,0,0,0,0,0,0,0,0,0
2026-02-17 05:00:00,SGN,26.2,0.0,88,8.0,106,1007.7,61,24140.0,4.7,-6.47,-0.3,-0.8,0.1,0.0,0.0,0.0,11.8,7.43,0,0,0,0,0,0,0,0,0,0,0,0
2026-02-17 06:00:00,SGN,25.9,0.0,44,5.5,103,1008.5,63,24140.0,3.0,-4.61,-0.3,-1.0,1.2,0.0,0.0,0.0,10.5,6.75,0,0,0,0,0,0,0,0,0,0,0,0
2026-02-17 07:00:00,SGN,26.2,0.0,15,6.6,103,1009.6,64,24140.0,3.59,-5.54,0.3,-0.3,2.2,0.0,0.0,0.0,8.0,4.7,0,0,0,0,0,0,0,0,0,0,0,0
2026-02-17 08:00:00,SGN,27.9,0.0,95,8.1,90,1010.6,56,24140.0,2.77,-7.61,1.7,1.7,2.9,0.0,0.0,0.0,8.1,3.59,0,0,0,0,0,0,0,0,0,0,0,0
2026-02-17 09:00:00,SGN,29.8,0.0,99,8.5,83,1011.2,49,24140.0,1.91,-8.28,1.9,3.9,2.7,0.0,0.0,0.0,8.5,3.59,0,0,0,0,0,0,0,0,0,0,0,0
2026-02-17 10:00:00,SGN,31.8,0.0,98,7.5,79,1011.3,43,24140.0,1.17,-7.41,2.0,5.6,1.7,0.0,0.0,0.0,8.5,2.77,0,0,0,0,0,0,0,0,0,0,0,0
2026-02-17 11:00:00,SGN,33.5,0.0,100,7.8,81,1010.7,38,24140.0,1.49,-7.66,1.7,5.6,0.1,0.0,0.0,0.0,8.5,1.91,0,0,0,0,0,0,0,0,0,0,0,0
2026-02-17 12:00:00,SGN,35.0,0.0,99,9.8,85,1009.7,32,24140.0,2.54,-9.47,1.5,5.2,-1.5,0.0,0.0,0.0,9.8,2.54,0,0,0,0,0,0,0,1,0,0,0,0
2026-02-17 13:00:00,SGN,35.5,0.0,100,11.5,93,1008.8,29,24140.0,4.49,-10.59,0.5,3.7,-2.5,0.0,0.0,0.0,11.5,4.49,0,0,0,0,0,0,0,1,0,0,0,0
2026-02-17 14:00:00,SGN,35.6,0.0,100,12.0,97,1007.6,28,24140.0,5.45,-10.69,0.1,2.1,-3.1,0.0,0.0,0.0,12.0,5.45,0,0,0,0,0,0,0,1,0,0,0,0
2026-02-17 15:00:00,SGN,35.7,0.0,100,13.1,98,1006.8,30,24140.0,6.15,-11.57,0.1,0.7,-2.9,0.0,0.0,0.0,13.1,6.15,0,0,0,0,0,0,0,1,0,0,0,0
2026-02-17 16:00:00,SGN,34.5,0.0,100,14.5,117,1006.7,35,24140.0,10.6,-9.89,-1.2,-1.0,-2.1,0.0,0.0,0.0,14.5,10.6,0,0,0,0,0,0,0,0,0,0,0,0
2026-02-17 17:00:00,SGN,32.1,0.0,99,16.6,131,1007.2,46,24140.0,14.52,-8.05,-2.4,-3.5,-0.4,0.0,0.0,0.0,16.6,14.52,0,0,0,0,0,0,0,0,0,0,0,0
2026-02-17 18:00:00,SGN,29.8,0.0,98,15.4,135,1007.7,53,24140.0,13.96,-6.51,-2.3,-5.9,0.9,0.0,0.0,0.0,16.6,14.52,0,0,0,0,0,0,0,0,0,0,0,0
2026-02-17 19:00:00,SGN,29.4,0.0,100,14.1,130,1008.2,56,24140.0,12.21,-7.05,-0.4,-5.1,1.5,0.0,0.0,0.0,16.6,14.52,0,0,0,0,0,0,0,0,0,0,0,0
2026-02-17 20:00:00,SGN,28.9,0.0,93,13.9,126,1009.1,55,24140.0,11.52,-7.77,-0.5,-3.2,1.9,0.0,0.0,0.0,15.4,13.96,0,0,0,0,0,0,0,0,0,0,0,0
2026-02-17 21:00:00,SGN,28.0,0.0,99,11.9,125,1009.9,56,24140.0,9.75,-6.83,-0.9,-1.8,2.2,0.0,0.0,0.0,14.1,12.21,0,0,0,0,0,0,0,0,0,0,0,0
2026-02-17 22:00:00,SGN,27.2,0.0,95,10.4,127,1010.3,60,24140.0,8.72,-5.66,-0.8,-2.2,2.1,0.0,0.0,0.0,13.9,11.52,0,0,0,0,0,0,0,0,0,0,0,0
2026-02-17 23:00:00,SGN,26.8,0.0,96,10.1,123,1010.6,62,24140.0,8.07,-6.08,-0.4,-2.1,1.5,0.0,0.0,0.0,11.9,9.75,0,0,0,0,0,0,0,0,0,0,0,0
2026-02-18 00:00:00,SGN,26.5,0.0,92,10.2,99,1010.5,61,24140.0,4.95,-8.92,-0.3,-1.5,0.6,0.0,0.0,0.0,10.4,8.72,0,0,0,0,0,0,0,0,0,0,0,0
2026-02-18 01:00:00,SGN,26.5,0.0,22,11.4,97,1010.3,61,24140.0,5.18,-10.16,0.0,-0.7,0.0,0.0,0.0,0.0,11.4,8.07,0,0,0,0,0,0,0,0,0,0,0,0
2026-02-18 02:00:00,SGN,26.4,0.0,100,11.2,89,1010.0,59,24140.0,3.65,-10.59,-0.1,-0.4,-0.6,0.0,0.0,0.0,11.4,5.18,0,0,0,0,0,0,0,0,0,0,0,0
2026-02-18 03:00:00,SGN,25.9,0.0,57,8.0,65,1009.7,59,24140.0,0.7,-7.97,-0.5,-0.6,-0.8,0.0,0.0,0.0,11.4,5.18,0,0,0,0,0,0,0,0,0,0,0,0
2026-02-18 04:00:00,SGN,25.0,0.0,63,6.6,21,1009.6,63,24140.0,4.98,-4.33,-0.9,-1.5,-0.7,0.0,0.0,0.0,11.2,4.98,0,0,0,0,0,0,0,0,0,0,0,0
2026-02-18 05:00:00,SGN,24.4,0.0,3,6.6,26,1009.6,68,24140.0,4.58,-4.75,-0.6,-2.0,-0.4,0.0,0.0,0.0,8.0,4.98,0,0,0,0,0,0,0,0,0,0,0,0
2026-02-18 06:00:00,SGN,24.0,0.0,8,6.3,37,1010.4,72,24140.0,3.43,-5.28,-0.4,-1.9,0.7,0.0,0.0,0.0,6.6,4.98,0,0,0,0,0,0,0,0,0,0,0,0
2026-02-18 07:00:00,SGN,24.7,0.0,22,6.9,76,1011.3,77,24140.0,0.72,-6.86,0.7,-0.3,1.7,0.0,0.0,0.0,6.9,4.58,0,0,0,0,0,0,0,0,0,0,0,0
2026-02-18 08:00:00,SGN,26.8,0.0,85,6.3,88,1011.8,67,24140.0,1.95,-5.99,2.1,2.4,2.2,0.0,0.0,0.0,6.9,3.43,0,0,0,0,0,0,0,0,0,0,0,0
2026-02-18 09:00:00,SGN,29.4,0.0,99,7.0,102,1012.2,55,24140.0,3.71,-5.94,2.6,5.4,1.8,0.0,0.0,0.0,7.0,3.71,0,0,0,0,0,0,0,0,0,0,0,0
2026-02-18 10:00:00,SGN,31.9,0.0,100,6.0,99,1012.2,42,24140.0,2.91,-5.25,2.5,7.2,0.9,0.0,0.0,0.0,7.0,3.71,0,0,0,0,0,0,0,0,0,0,0,0
2026-02-18 11:00:00,SGN,33.8,0.0,100,7.9,79,1011.5,35,24140.0,1.24,-7.8,1.9,7.0,-0.3,0.0,0.0,0.0,7.9,3.71,0,0,0,0,0,0,0,0,0,0,0,0
2026-02-18 12:00:00,SGN,35.2,0.0,100,9.4,77,1010.0,32,24140.0,1.15,-9.33,1.4,5.8,-2.2,0.0,0.0,0.0,9.4,2.91,0,0,0,0,0,0,0,1,0,0,0,0
2026-02-18 13:00:00,SGN,35.7,0.0,100,12.8,99,1009.7,32,24140.0,6.21,-11.2,0.5,3.8,-2.5,0.0,0.0,0.0,12.8,6.21,0,0,0,0,0,0,0,1,0,0,0,0
2026-02-18 14:00:00,SGN,35.1,0.0,99,13.9,104,1008.8,34,24140.0,7.77,-11.52,-0.6,1.3,-2.7,0.0,0.0,0.0,13.9,7.77,0,0,0,0,0,0,0,1,0,0,0,0
2026-02-18 15:00:00,SGN,35.3,0.0,100,12.4,103,1008.1,33,24140.0,6.75,-10.4,0.2,0.1,-1.9,0.0,0.0,0.0,13.9,7.77,0,0,0,0,0,0,0,1,0,0,0,0
2026-02-18 16:00:00,SGN,34.0,0.0,86,13.0,116,1007.9,38,24140.0,9.35,-9.03,-1.3,-1.7,-1.8,0.0,0.0,0.0,13.9,9.35,0,0,0,0,0,0,0,0,0,0,0,0
2026-02-18 17:00:00,SGN,32.7,0.1,39,10.4,136,1007.8,46,24140.0,9.5,-4.23,-1.3,-2.4,-1.0,0.1,0.1,0.1,13.0,9.5,1,0,0,0,0,0,0,0,0,1,0,0
2026-02-18 18:00:00,SGN,30.7,0.0,53,12.0,147,1008.2,56,24140.0,11.69,-2.7,-2.0,-4.6,0.1,0.0,0.1,0.1,13.0,11.69,0,0,0,0,0,0,0,0,0,0,0,0
2026-02-18 19:00:00,SGN,30.2,0.0,90,9.4,175,1009.0,60,24140.0,9.08,2.43,-0.5,-3.8,1.1,0.0,0.1,0.1,12.0,11.69,0,0,0,0,0,0,0,0,0,0,0,0
2026-02-18 20:00:00,SGN,28.6,0.0,84,9.8,150,1009.7,66,24140.0,9.65,-1.7,-1.6,-4.1,1.9,0.0,0.0,0.1,12.0,11.69,0,0,0,0,0,0,0,0,0,0,0,0
2026-02-18 21:00:00,SGN,28.0,0.0,100,11.6,133,1010.4,68,24140.0,10.34,-5.27,-0.6,-2.7,2.2,0.0,0.0,0.1,11.6,10.34,0,0,0,0,0,0,0,0,0,0,0,0
2026-02-18 22:00:00,SGN,27.4,0.0,99,11.9,124,1010.6,69,24140.0,9.63,-6.99,-0.6,-2.8,1.6,0.0,0.0,0.1,11.9,10.34,0,0,0,0,0,0,0,0,0,0,0,0
2026-02-18 23:00:00,SGN,27.0,0.0,95,9.6,86,1011.4,67,24140.0,2.65,-9.23,-0.4,-1.6,1.7,0.0,0.0,0.0,11.9,10.34,0,0,0,0,0,0,0,0,0,0,0,0
2026-02-19 00:00:00,SGN,26.8,0.0,99,6.8,92,1011.4,68,24140.0,2.55,-6.3,-0.2,-1.2,1.0,0.0,0.0,0.0,11.9,9.63,0,0,0,0,0,0,0,0,0,0,0,0
2026-02-19 01:00:00,SGN,26.8,0.0,98,5.5,67,1011.1,70,24140.0,0.29,-5.49,0.0,-0.6,0.5,0.0,0.0,0.0,9.6,2.65,0,0,0,0,0,0,0,0,0,0,0,0
2026-02-19 02:00:00,SGN,26.5,0.0,77,5.4,84,1010.5,70,24140.0,1.31,-5.24,-0.3,-0.5,-0.9,0.0,0.0,0.0,6.8,2.55,0,0,0,0,0,0,0,0,0,0,0,0
2026-02-19 03:00:00,SGN,26.0,0.0,42,4.9,86,1010.3,71,24140.0,1.35,-4.71,-0.5,-0.8,-1.1,0.0,0.0,0.0,5.5,1.35,0,0,0,0,0,0,0,0,0,0,0,0
2026-02-19 04:00:00,SGN,25.6,0.0,25,4.0,90,1010.4,72,24140.0,1.37,-3.76,-0.4,-1.2,-0.7,0.0,0.0,0.0,5.4,1.37,0,0,0,0,0,0,0,0,0,0,0,0
2026-02-19 05:00:00,SGN,25.1,0.0,18,3.3,81,1010.9,74,24140.0,0.63,-3.24,-0.5,-1.4,0.4,0.0,0.0,0.0,4.9,1.37,0,0,0,0,0,0,0,0,0,0,0,0
2026-02-19 06:00:00,SGN,24.6,0.0,20,2.6,34,1011.4,77,24140.0,1.53,-2.1,-0.5,-1.4,1.1,0.0,0.0,0.0,4.0,1.53,0,0,0,0,0,0,0,0,0,0,0,0
2026-02-19 07:00:00,SGN,25.0,0.0,23,0.8,225,1012.5,77,24140.0,0.34,0.73,0.4,-0.6,2.1,0.0,0.0,0.0,3.3,1.53,0,0,0,0,0,0,0,0,0,0,0,0
2026-02-19 08:00:00,SGN,27.2,0.0,9,0.4,243,1013.2,65,24140.0,0.05,0.4,2.2,2.1,2.3,0.0,0.0,0.0,2.6,1.53,0,0,0,0,0,0,0,0,0,0,0,0
2026-02-19 09:00:00,SGN,29.2,0.0,30,0.2,180,1013.6,57,24140.0,0.19,0.07,2.0,4.6,2.2,0.0,0.0,0.0,0.8,0.34,0,0,0,0,0,0,0,0,0,0,0,0
2026-02-19 10:00:00,SGN,31.0,0.0,95,2.1,160,1013.5,50,24140.0,2.1,0.0,1.8,6.0,1.0,0.0,0.0,0.0,2.1,2.1,0,0,0,0,0,0,0,0,0,0,0,0
2026-02-19 11:00:00,SGN,32.7,0.0,99,3.6,147,1012.9,43,24140.0,3.51,-0.81,1.7,5.5,-0.3,0.0,0.0,0.0,3.6,3.51,0,0,0,0,0,0,0,0,0,0,0,0
2026-02-19 12:00:00,SGN,34.1,0.0,95,4.1,142,1012.1,39,24140.0,3.9,-1.27,1.4,4.9,-1.5,0.0,0.0,0.0,4.1,3.9,0,0,0,0,0,0,0,0,0,0,0,0
2026-02-19 13:00:00,SGN,34.2,0.0,100,5.5,131,1011.5,38,24140.0,4.81,-2.67,0.1,3.2,-2.0,0.0,0.0,0.0,5.5,4.81,0,0,0,0,0,0,0,0,0,0,0,0
2026-02-19 14:00:00,SGN,34.8,0.0,100,5.6,115,1010.3,36,24140.0,3.96,-3.96,0.6,2.1,-2.6,0.0,0.0,0.0,5.6,4.81,0,0,0,0,0,0,0,0,0,0,0,0
2026-02-19 15:00:00,SGN,34.8,0.0,100,4.9,94,1009.8,36,24140.0,1.99,-4.48,0.0,0.7,-2.3,0.0,0.0,0.0,5.6,4.81,0,0,0,0,0,0,0,0,0,0,0,0
2026-02-19 16:00:00,SGN,34.5,0.0,100,4.8,59,1009.3,36,24140.0,0.92,-4.71,-0.3,0.3,-2.2,0.0,0.0,0.0,5.6,3.96,0,0,0,0,0,0,0,0,0,0,0,0
2026-02-19 17:00:00,SGN,34.0,0.0,99,5.0,358,1009.4,38,24140.0,4.76,-1.55,-0.5,-0.8,-0.9,0.0,0.0,0.0,5.0,4.76,0,0,0,0,0,0,0,0,0,0,0,0
2026-02-19 18:00:00,SGN,32.3,0.0,100,6.1,238,1010.0,42,24140.0,1.27,5.97,-1.7,-2.5,0.2,0.0,0.0,0.0,6.1,4.76,0,0,0,0,0,0,0,0,0,0,0,0
2026-02-19 19:00:00,SGN,30.0,0.0,99,12.1,186,1010.6,56,24140.0,10.88,5.3,-2.3,-4.5,1.3,0.0,0.0,0.0,12.1,10.88,0,0,0,0,0,0,0,0,0,0,0,0
2026-02-19 20:00:00,SGN,29.2,0.0,100,7.5,153,1011.7,58,24140.0,7.44,-0.91,-0.8,-4.8,2.3,0.0,0.0,0.0,12.1,10.88,0,0,0,0,0,0,0,0,0,0,0,0
2026-02-19 21:00:00,SGN,28.6,0.0,96,8.5,156,1012.2,61,24140.0,8.48,-0.59,-0.6,-3.7,2.2,0.0,0.0,0.0,12.1,10.88,0,0,0,0,0,0,0,0,0,0,0,0
2026-02-19 22:00:00,SGN,28.1,0.0,91,8.6,120,1012.5,61,24140.0,6.59,-5.53,-0.5,-1.9,1.9,0.0,0.0,0.0,8.6,8.48,0,0,0,0,0,0,0,0,0,0,0,0
2026-02-19 23:00:00,SGN,27.7,0.0,72,7.2,102,1012.5,62,24140.0,3.82,-6.11,-0.4,-1.5,0.8,0.0,0.0,0.0,8.6,8.48,0,0,0,0,0,0,0,0,0,0,0,0
2026-02-20 00:00:00,SGN,27.5,0.0,59,6.2,98,1012.6,62,24140.0,2.91,-5.47,-0.2,-1.1,0.4,0.0,0.0,0.0,8.6,6.59,0,0,0,0,0,0,0,0,0,0,0,0
2026-02-20 01:00:00,SGN,27.6,0.0,95,4.7,97,1012.0,63,24140.0,2.13,-4.19,0.1,-0.5,-0.5,0.0,0.0,0.0,7.2,3.82,0,0,0,0,0,0,0,0,0,0,0,0
2026-02-20 02:00:00,SGN,26.9,0.0,77,3.0,65,1011.8,68,24140.0,0.26,-2.99,-0.7,-0.8,-0.7,0.0,0.0,0.0,6.2,2.91,0,0,0,0,0,0,0,0,0,0,0,0
2026-02-20 03:00:00,SGN,26.4,0.0,44,3.2,93,1011.4,71,24140.0,1.25,-2.95,-0.5,-1.1,-1.2,0.0,0.0,0.0,4.7,2.13,0,0,0,0,0,0,0,0,0,0,0,0
2026-02-20 04:00:00,SGN,25.8,0.0,82,4.5,346,1011.4,74,24140.0,4.48,-0.47,-0.6,-1.8,-0.6,0.0,0.0,0.0,4.5,4.48,0,0,0,0,0,0,0,0,0,0,0,0
2026-02-20 05:00:00,SGN,25.2,0.0,98,5.9,346,1011.7,75,24140.0,5.87,-0.62,-0.6,-1.7,-0.1,0.0,0.0,0.0,5.9,5.87,0,0,0,0,0,0,0,0,0,0,0,0
2026-02-20 06:00:00,SGN,24.7,0.0,100,6.9,351,1012.4,72,24140.0,6.77,-1.32,-0.5,-1.7,1.0,0.0,0.0,0.0,6.9,6.77,0,0,0,0,0,0,0,0,0,0,0,0
2026-02-20 07:00:00,SGN,25.0,0.0,99,5.2,2,1012.8,67,24140.0,4.82,-1.95,0.3,-0.8,1.4,0.0,0.0,0.0,6.9,6.77,0,0,0,0,0,0,0,0,0,0,0,0
2026-02-20 08:00:00,SGN,27.0,0.0,98,2.7,32,1013.6,58,24140.0,1.66,-2.13,2.0,1.8,1.9,0.0,0.0,0.0,6.9,6.77,0,0,0,0,0,0,0,0,0,0,0,0
2026-02-20 09:00:00,SGN,29.3,0.0,84,0.7,90,1014.3,52,24140.0,0.24,-0.66,2.3,4.6,1.9,0.0,0.0,0.0,5.2,4.82,0,0,0,0,0,0,0,0,0,0,0,0
2026-02-20 10:00:00,SGN,31.4,0.0,100,2.2,235,1014.0,46,24140.0,0.57,2.13,2.1,6.4,1.2,0.0,0.0,0.0,2.7,1.66,0,0,0,0,0,0,0,0,0,0,0,0
2026-02-20 11:00:00,SGN,33.2,0.0,100,2.7,247,1013.2,42,24140.0,0.14,2.7,1.8,6.2,-0.4,0.0,0.0,0.0,2.7,0.57,0,0,0,0,0,0,0,0,0,0,0,0
2026-02-20 12:00:00,SGN,34.4,0.0,89,3.3,234,1012.0,38,24140.0,0.91,3.17,1.2,5.1,-2.3,0.0,0.0,0.0,3.3,0.91,0,0,0,0,0,0,0,0,0,0,0,0
2026-02-20 13:00:00,SGN,34.3,0.0,17,5.1,216,1011.2,38,24140.0,2.85,4.23,-0.1,2.9,-2.8,0.0,0.0,0.0,5.1,2.85,0,0,0,0,0,0,0,0,0,0,0,0
2026-02-20 14:00:00,SGN,35.2,0.0,30,6.6,215,1010.2,37,24140.0,3.79,5.41,0.9,2.0,-3.0,0.0,0.0,0.0,6.6,3.79,0,0,0,0,0,0,0,1,0,0,0,0
2026-02-20 15:00:00,SGN,34.8,0.1,30,5.3,235,1009.3,38,24140.0,1.37,5.12,-0.4,0.4,-2.7,0.1,0.1,0.1,6.6,3.79,1,0,0,0,0,0,0,0,0,1,0,0
2026-02-20 16:00:00,SGN,34.5,0.0,30,4.4,243,1008.6,39,24140.0,0.54,4.37,-0.3,0.2,-2.6,0.0,0.1,0.1,6.6,3.79,0,0,0,0,0,0,0,0,0,0,0,0
2026-02-20 17:00:00,SGN,33.5,0.0,37,5.0,210,1008.5,42,24140.0,3.21,3.83,-1.0,-1.7,-1.7,0.0,0.1,0.1,5.3,3.21,0,0,0,0,0,0,0,0,0,0,0,0
2026-02-20 18:00:00,SGN,31.0,0.2,26,10.4,169,1009.3,53,24140.0,10.27,1.63,-2.5,-3.8,0.0,0.2,0.2,0.3,10.4,10.27,1,0,0,0,0,0,0,0,0,1,0,0
2026-02-20 19:00:00,SGN,29.8,0.0,27,10.4,169,1009.7,60,24140.0,10.27,1.63,-1.2,-4.7,1.1,0.0,0.2,0.3,10.4,10.27,0,0,0,0,0,0,0,0,0,0,0,0
2026-02-20 20:00:00,SGN,28.4,0.0,3,9.8,173,1010.3,67,24140.0,9.55,2.2,-1.4,-5.1,1.8,0.0,0.2,0.3,10.4,10.27,0,0,0,0,0,0,0,0,0,0,0,0
2026-02-20 21:00:00,SGN,27.2,0.0,30,11.1,157,1010.8,72,24140.0,11.08,-0.58,-1.2,-3.8,1.5,0.0,0.0,0.2,11.1,11.08,0,0,0,0,0,0,0,0,0,0,0,0
2026-02-20 22:00:00,SGN,26.5,0.0,47,10.2,149,1010.8,73,24140.0,10.01,-1.95,-0.7,-3.3,1.1,0.0,0.0,0.2,11.1,11.08,0,0,0,0,0,0,0,0,0,0,0,0
2026-02-20 23:00:00,SGN,26.0,0.0,47,7.2,125,1010.4,74,24140.0,5.9,-4.13,-0.5,-2.4,0.1,0.0,0.0,0.2,11.1,11.08,0,0,0,0,0,0,0,0,0,0,0,0
2026-02-21 00:00:00,SGN,25.9,0.0,52,4.4,125,1010.3,73,24140.0,3.6,-2.52,-0.1,-1.3,-0.5,0.0,0.0,0.0,10.2,10.01,0,0,0,0,0,0,0,0,0,0,0,0
2026-02-21 01:00:00,SGN,25.6,0.0,0,3.7,141,1009.6,75,24140.0,3.5,-1.2,-0.3,-0.9,-1.2,0.0,0.0,0.0,7.2,5.9,0,0,0,0,0,0,0,0,0,0,0,0
2026-02-21 02:00:00,SGN,25.4,0.0,7,3.0,163,1009.5,75,24140.0,3.0,0.16,-0.2,-0.6,-0.9,0.0,0.0,0.0,4.4,3.6,0,0,0,0,0,0,0,0,0,0,0,0
2026-02-21 03:00:00,SGN,25.0,0.0,1,1.8,276,1009.3,77,24140.0,0.79,1.62,-0.4,-0.9,-1.0,0.0,0.0,0.0,3.7,3.5,0,0,0,0,0,0,0,0,0,0,0,0
2026-02-21 04:00:00,SGN,24.5,0.0,0,4.0,267,1009.2,80,24140.0,1.17,3.83,-0.5,-1.1,-0.4,0.0,0.0,0.0,4.0,3.0,0,0,0,0,0,0,0,0,0,0,0,0
2026-02-21 05:00:00,SGN,24.0,0.0,23,3.4,252,1009.6,84,24140.0,0.12,3.4,-0.5,-1.4,0.1,0.0,0.0,0.0,4.0,1.17,0,0,0,0,0,0,0,0,0,0,0,0
2026-02-21 06:00:00,SGN,23.5,0.0,15,4.8,307,1010.0,87,24140.0,4.03,2.61,-0.5,-1.5,0.7,0.0,0.0,0.0,4.8,4.03,0,0,0,0,0,0,0,0,0,0,0,0
2026-02-21 07:00:00,SGN,24.0,0.0,0,5.1,309,1010.8,87,24140.0,4.37,2.63,0.5,-0.5,1.6,0.0,0.0,0.0,5.1,4.37,0,0,0,0,0,0,0,0,0,0,0,0
2026-02-21 08:00:00,SGN,26.1,0.0,1,4.0,328,1011.4,77,24140.0,3.91,0.83,2.1,2.1,1.8,0.0,0.0,0.0,5.1,4.37,0,0,0,0,0,0,0,0,0,0,0,0
2026-02-21 09:00:00,SGN,28.6,0.0,24,3.0,346,1011.8,65,24140.0,2.98,-0.31,2.5,5.1,1.8,0.0,0.0,0.0,5.1,4.37,0,0,0,0,0,0,0,0,0,0,0,0
2026-02-21 10:00:00,SGN,30.6,0.0,18,2.6,282,1011.6,55,24140.0,1.38,2.2,2.0,6.6,0.8,0.0,0.0,0.0,4.0,3.91,0,0,0,0,0,0,0,0,0,0,0,0
2026-02-21 11:00:00,SGN,32.3,0.0,23,4.2,288,1010.5,48,24140.0,2.59,3.31,1.7,6.2,-0.9,0.0,0.0,0.0,4.2,2.98,0,0,0,0,0,0,0,0,0,0,0,0
2026-02-21 12:00:00,SGN,33.5,0.0,22,4.6,291,1008.9,42,24140.0,3.02,3.47,1.2,4.9,-2.9,0.0,0.0,0.0,4.6,3.02,0,0,0,0,0,0,0,0,0,0,0,0
2026-02-21 13:00:00,SGN,33.8,0.0,37,5.8,309,1007.8,41,24140.0,4.97,2.99,0.3,3.2,-3.8,0.0,0.0,0.0,5.8,4.97,0,0,0,0,0,0,0,0,0,0,0,0
2026-02-21 14:00:00,SGN,34.3,0.0,48,4.5,307,1006.7,39,24140.0,3.77,2.45,0.5,2.0,-3.8,0.0,0.0,0.0,5.8,4.97,0,0,0,0,0,0,0,0,0,0,0,0
2026-02-21 15:00:00,SGN,34.5,0.0,80,2.8,320,1005.8,38,24140.0,2.63,0.96,0.2,1.0,-3.1,0.0,0.0,0.0,5.8,4.97,0,0,0,0,0,0,0,0,0,0,0,0
2026-02-21 16:00:00,SGN,34.2,0.0,49,0.4,243,1005.3,38,24140.0,0.05,0.4,-0.3,0.4,-2.5,0.0,0.0,0.0,4.5,3.77,0,0,0,0,0,0,0,0,0,0,0,0
2026-02-21 17:00:00,SGN,32.8,0.0,75,7.5,150,1005.7,42,24140.0,7.39,-1.3,-1.4,-1.5,-1.0,0.0,0.0,0.0,7.5,7.39,0,0,0,0,0,0,0,0,0,0,0,0
2026-02-21 18:00:00,SGN,29.6,0.0,87,15.5,155,1006.3,57,24140.0,15.44,-1.35,-3.2,-4.9,0.5,0.0,0.0,0.0,15.5,15.44,0,0,0,0,0,0,0,0,0,0,0,0
2026-02-21 19:00:00,SGN,28.6,0.0,100,13.6,145,1007.1,58,24140.0,13.14,-3.52,-1.0,-5.6,1.8,0.0,0.0,0.0,15.5,15.44,0,0,0,0,0,0,0,0,0,0,0,0
2026-02-21 20:00:00,SGN,27.4,0.0,99,12.0,145,1007.8,63,24140.0,11.59,-3.11,-1.2,-5.4,2.1,0.0,0.0,0.0,15.5,15.44,0,0,0,0,0,0,0,0,0,0,0,0
2026-02-21 21:00:00,SGN,26.5,0.0,99,11.0,146,1008.4,69,24140.0,10.67,-2.66,-0.9,-3.1,2.1,0.0,0.0,0.0,13.6,13.14,0,0,0,0,0,0,0,0,0,0,0,0
2026-02-21 22:00:00,SGN,25.7,0.0,100,11.5,140,1008.8,74,24140.0,10.81,-3.93,-0.8,-2.9,1.7,0.0,0.0,0.0,12.0,11.59,0,0,0,0,0,0,0,0,0,0,0,0
2026-02-21 23:00:00,SGN,25.1,0.0,100,10.2,135,1008.7,79,24140.0,9.24,-4.31,-0.6,-2.3,0.9,0.0,0.0,0.0,11.5,10.81,0,0,0,0,0,0,0,0,0,0,0,0
2026-02-22 00:00:00,SGN,24.9,0.0,100,9.3,137,1008.6,79,24140.0,8.56,-3.63,-0.2,-1.6,0.2,0.0,0.0,0.0,11.5,10.81,0,0,0,0,0,0,0,0,0,0,0,0
2026-02-22 01:00:00,SGN,24.9,0.0,100,8.4,140,1007.8,79,24140.0,7.89,-2.87,0.0,-0.8,-1.0,0.0,0.0,0.0,10.2,9.24,0,0,0,0,0,0,0,0,0,0,0,0
2026-02-22 02:00:00,SGN,24.6,0.0,98,8.0,146,1007.3,79,24140.0,7.76,-1.94,-0.3,-0.5,-1.4,0.0,0.0,0.0,9.3,8.56,0,0,0,0,0,0,0,0,0,0,0,0
2026-02-22 03:00:00,SGN,24.5,0.0,100,6.0,155,1007.1,80,24140.0,5.98,-0.52,-0.1,-0.4,-1.5,0.0,0.0,0.0,8.4,7.89,0,0,0,0,0,0,0,0,0,0,0,0
2026-02-22 04:00:00,SGN,24.3,0.0,100,4.2,173,1007.0,80,24140.0,4.09,0.94,-0.2,-0.6,-0.8,0.0,0.0,0.0,8.0,7.76,0,0,0,0,0,0,0,0,0,0,0,0
2026-02-22 05:00:00,SGN,24.1,0.0,96,4.4,159,1007.5,80,24140.0,4.4,-0.08,-0.2,-0.5,0.2,0.0,0.0,0.0,6.0,5.98,0,0,0,0,0,0,0,0,0,0,0,0
2026-02-22 06:00:00,SGN,23.9,0.0,49,1.0,225,1008.1,82,24140.0,0.42,0.91,-0.2,-0.6,1.0,0.0,0.0,0.0,4.4,4.4,0,0,0,0,0,0,0,0,0,0,0,0
2026-02-22 07:00:00,SGN,24.2,0.0,100,2.1,255,1009.1,84,24140.0,0.18,2.09,0.3,-0.1,2.1,0.0,0.0,0.0,4.4,4.4,0,0,0,0,0,0,0,0,0,0,0,0
2026-02-22 08:00:00,SGN,26.0,0.0,100,3.1,156,1009.7,74,24140.0,3.09,-0.22,1.8,1.9,2.2,0.0,0.0,0.0,3.1,3.09,0,0,0,0,0,0,0,0,0,0,0,0
2026-02-22 09:00:00,SGN,28.0,0.0,84,5.2,136,1010.0,64,24140.0,4.75,-2.12,2.0,4.1,1.9,0.0,0.0,0.0,5.2,4.75,0,0,0,0,0,0,0,0,0,0,0,0
2026-02-22 10:00:00,SGN,30.0,0.0,0,6.6,133,1010.1,54,24140.0,5.88,-3.0,2.0,5.8,1.0,0.0,0.0,0.0,6.6,5.88,0,0,0,0,0,0,0,0,0,0,0,0
2026-02-22 11:00:00,SGN,32.0,0.0,1,4.8,132,1009.1,47,24140.0,4.24,-2.25,2.0,6.0,-0.6,0.0,0.0,0.0,6.6,5.88,0,0,0,0,0,0,0,0,0,0,0,0
2026-02-22 12:00:00,SGN,33.5,0.0,5,3.9,133,1007.7,42,24140.0,3.47,-1.77,1.5,5.5,-2.3,0.0,0.0,0.0,6.6,5.88,0,0,0,0,0,0,0,0,0,0,0,0
2026-02-22 13:00:00,SGN,33.0,0.0,18,1.5,150,1006.6,42,24140.0,1.48,-0.26,-0.5,3.0,-3.5,0.0,0.0,0.0,4.8,4.24,0,0,0,0,0,0,0,0,0,0,0,0
2026-02-22 14:00:00,SGN,33.7,0.0,35,2.6,146,1005.7,41,24140.0,2.52,-0.63,0.7,1.7,-3.4,0.0,0.0,0.0,3.9,3.47,0,0,0,0,0,0,0,0,0,0,0,0
2026-02-22 15:00:00,SGN,33.5,0.1,38,4.0,150,1005.1,41,24140.0,3.94,-0.69,-0.2,0.0,-2.6,0.1,0.1,0.1,4.0,3.94,1,0,0,0,0,0,0,0,0,1,0,0
2026-02-22 16:00:00,SGN,33.5,0.0,55,6.3,153,1004.4,39,24140.0,6.25,-0.77,0.0,0.5,-2.2,0.0,0.1,0.1,6.3,6.25,0,0,0,0,0,0,0,0,0,0,0,0
2026-02-22 17:00:00,SGN,30.5,0.0,16,14.3,160,1004.8,58,24140.0,14.3,0.0,-3.0,-3.2,-0.9,0.0,0.1,0.1,14.3,14.3,0,0,0,0,0,0,0,0,0,0,0,0
2026-02-22 18:00:00,SGN,28.5,0.0,5,12.9,162,1005.5,65,24140.0,12.89,0.45,-2.0,-5.0,0.4,0.0,0.0,0.1,14.3,14.3,0,0,0,0,0,0,0,0,0,0,0,0
2026-02-22 19:00:00,SGN,27.2,0.0,4,13.6,149,1006.2,73,24140.0,13.35,-2.6,-1.3,-6.3,1.8,0.0,0.0,0.1,14.3,14.3,0,0,0,0,0,0,0,0,0,0,0,0
2026-02-22 20:00:00,SGN,26.5,0.0,13,12.8,142,1007.2,78,24140.0,12.17,-3.96,-0.7,-4.0,2.4,0.0,0.0,0.1,13.6,13.35,0,0,0,0,0,0,0,0,0,0,0,0
2026-02-22 21:00:00,SGN,25.8,0.0,5,11.4,129,1007.8,82,24140.0,9.77,-5.87,-0.7,-2.7,2.3,0.0,0.0,0.0,13.6,13.35,0,0,0,0,0,0,0,0,0,0,0,0
2026-02-22 22:00:00,SGN,25.6,0.0,2,9.9,134,1007.9,82,24140.0,8.9,-4.34,-0.2,-1.6,1.7,0.0,0.0,0.0,12.8,12.17,0,0,0,0,0,0,0,0,0,0,0,0
2026-02-22 23:00:00,SGN,25.5,0.0,89,10.1,139,1008.3,82,24140.0,9.43,-3.62,-0.1,-1.0,1.1,0.0,0.0,0.0,11.4,9.77,0,0,0,0,0,0,0,0,0,0,0,0
2026-02-23 00:00:00,SGN,25.1,0.0,85,9.6,140,1008.2,84,24140.0,9.02,-3.28,-0.4,-0.7,0.4,0.0,0.0,0.0,10.1,9.43,0,0,0,0,0,0,0,0,0,0,0,0
2026-02-23 01:00:00,SGN,25.1,0.0,100,9.1,144,1007.7,86,24140.0,8.75,-2.51,0.0,-0.5,-0.2,0.0,0.0,0.0,10.1,9.43,0,0,0,0,0,0,0,0,0,0,0,0
2026-02-23 02:00:00,SGN,25.0,0.0,99,9.7,149,1007.7,86,24140.0,9.52,-1.85,-0.1,-0.5,-0.6,0.0,0.0,0.0,9.7,9.52,0,0,0,0,0,0,0,0,0,0,0,0
2026-02-23 03:00:00,SGN,24.7,0.0,13,9.3,143,1007.3,86,24140.0,8.89,-2.72,-0.3,-0.4,-0.9,0.0,0.0,0.0,9.7,9.52,0,0,0,0,0,0,0,0,0,0,0,0
2026-02-23 04:00:00,SGN,24.6,0.0,0,10.1,134,1007.1,84,24140.0,9.08,-4.43,-0.1,-0.5,-0.6,0.0,0.0,0.0,10.1,9.52,0,0,0,0,0,0,0,0,0,0,0,0
2026-02-23 05:00:00,SGN,24.5,0.0,90,9.2,130,1007.2,82,24140.0,7.97,-4.6,-0.1,-0.5,-0.5,0.0,0.0,0.0,10.1,9.08,0,0,0,0,0,0,0,0,0,0,0,0
2026-02-23 06:00:00,SGN,24.5,0.0,100,9.0,133,1008.1,81,24140.0,8.02,-4.09,0.0,-0.2,0.8,0.0,0.0,0.0,10.1,9.08,0,0,0,0,0,0,0,0,0,0,0,0
2026-02-23 07:00:00,SGN,25.3,0.0,87,6.0,139,1008.8,78,24140.0,5.6,-2.15,0.8,0.7,1.7,0.0,0.0,0.0,9.2,8.02,0,0,0,0,0,0,0,0,0,0,0,0
2026-02-23 08:00:00,SGN,27.0,0.0,95,7.8,128,1009.7,67,24140.0,6.61,-4.13,1.7,2.5,2.5,0.0,0.0,0.0,9.0,8.02,0,0,0,0,0,0,0,0,0,0,0,0
2026-02-23 09:00:00,SGN,29.0,0.0,72,8.4,127,1010.4,57,24140.0,7.04,-4.57,2.0,4.5,2.3,0.0,0.0,0.0,8.4,7.04,0,0,0,0,0,0,0,0,0,0,0,0
2026-02-23 10:00:00,SGN,31.0,0.0,30,9.2,129,1010.5,49,24140.0,7.89,-4.74,2.0,5.7,1.7,0.0,0.0,0.0,9.2,7.89,0,0,0,0,0,0,0,0,0,0,0,0
2026-02-23 11:00:00,SGN,32.5,0.0,2,7.5,134,1009.5,44,24140.0,6.74,-3.29,1.5,5.5,-0.2,0.0,0.0,0.0,9.2,7.89,0,0,0,0,0,0,0,0,0,0,0,0
2026-02-23 12:00:00,SGN,34.2,0.0,46,4.7,137,1008.2,40,24140.0,4.33,-1.84,1.7,5.2,-2.2,0.0,0.0,0.0,9.2,7.89,0,0,0,0,0,0,0,0,0,0,0,0
2026-02-23 13:00:00,SGN,33.6,0.0,9,2.8,169,1007.4,42,24140.0,2.77,0.44,-0.6,2.6,-3.1,0.0,0.0,0.0,7.5,6.74,0,0,0,0,0,0,0,0,0,0,0,0
2026-02-23 14:00:00,SGN,34.2,0.0,30,5.0,195,1006.4,40,24140.0,4.1,2.87,0.6,1.7,-3.1,0.0,0.0,0.0,5.0,4.33,0,0,0,0,0,0,0,0,0,0,0,0
2026-02-23 15:00:00,SGN,33.6,0.3,38,7.6,192,1005.9,42,24140.0,6.45,4.03,-0.6,-0.6,-2.3,0.3,0.3,0.3,7.6,6.45,1,0,0,0,0,0,0,0,0,1,0,0
2026-02-23 16:00:00,SGN,33.0,0.0,76,9.7,180,1005.5,44,24140.0,9.12,3.32,-0.6,-0.6,-1.9,0.0,0.3,0.3,9.7,9.12,0,0,0,0,0,0,0,0,0,0,0,0
2026-02-23 17:00:00,SGN,31.2,0.0,29,13.9,170,1005.6,46,24140.0,13.69,2.41,-1.8,-3.0,-0.8,0.0,0.3,0.3,13.9,13.69,0,0,0,0,0,0,0,0,0,0,0,0
2026-02-23 18:00:00,SGN,28.9,0.0,16,14.2,168,1006.2,52,24140.0,14.06,1.98,-2.3,-4.7,0.3,0.0,0.0,0.3,14.2,14.06,0,0,0,0,0,0,0,0,0,0,0,0
2026-02-23 19:00:00,SGN,27.6,0.0,13,12.4,164,1007.5,63,24140.0,12.37,0.86,-1.3,-5.4,2.0,0.0,0.0,0.3,14.2,14.06,0,0,0,0,0,0,0,0,0,0,0,0
2026-02-23 20:00:00,SGN,26.9,0.0,61,11.8,154,1007.9,69,24140.0,11.74,-1.23,-0.7,-4.3,2.3,0.0,0.0,0.3,14.2,14.06,0,0,0,0,0,0,0,0,0,0,0,0
2026-02-23 21:00:00,SGN,26.4,0.0,82,12.6,142,1008.4,71,24140.0,11.98,-3.89,-0.5,-2.5,2.2,0.0,0.0,0.0,12.6,12.37,0,0,0,0,0,0,0,0,0,0,0,0
2026-02-23 22:00:00,SGN,25.9,0.0,100,12.7,137,1008.9,75,24140.0,11.69,-4.96,-0.5,-1.7,1.4,0.0,0.0,0.0,12.7,11.98,0,0,0,0,0,0,0,0,0,0,0,0
2026-02-23 23:00:00,SGN,25.4,0.0,100,10.9,134,1008.8,79,24140.0,9.8,-4.78,-0.5,-1.5,0.9,0.0,0.0,0.0,12.7,11.98,0,0,0,0,0,0,0,0,0,0,0,0
2026-02-24 00:00:00,SGN,25.2,0.0,100,8.9,137,1008.5,79,24140.0,8.19,-3.48,-0.2,-1.2,0.1,0.0,0.0,0.0,12.7,11.69,0,0,0,0,0,0,0,0,0,0,0,0
2026-02-24 01:00:00,SGN,25.4,0.0,94,8.2,147,1007.6,77,24140.0,7.99,-1.84,0.2,-0.5,-1.3,0.0,0.0,0.0,10.9,9.8,0,0,0,0,0,0,0,0,0,0,0,0
2026-02-24 02:00:00,SGN,25.1,0.0,99,8.7,150,1007.1,75,24140.0,8.57,-1.51,-0.3,-0.3,-1.7,0.0,0.0,0.0,8.9,8.57,0,0,0,0,0,0,0,0,0,0,0,0
2026-02-24 03:00:00,SGN,25.0,0.0,68,7.7,147,1007.2,74,24140.0,7.5,-1.73,-0.1,-0.2,-1.3,0.0,0.0,0.0,8.7,8.57,0,0,0,0,0,0,0,0,0,0,0,0
2026-02-24 04:00:00,SGN,24.8,0.0,100,8.8,147,1007.6,75,24140.0,8.57,-1.98,-0.2,-0.6,0.0,0.0,0.0,0.0,8.8,8.57,0,0,0,0,0,0,0,0,0,0,0,0
2026-02-24 05:00:00,SGN,24.5,0.0,100,8.7,143,1008.1,76,24140.0,8.32,-2.54,-0.3,-0.6,1.0,0.0,0.0,0.0,8.8,8.57,0,0,0,0,0,0,0,0,0,0,0,0
2026-02-24 06:00:00,SGN,24.4,0.0,100,7.2,143,1009.0,77,24140.0,6.89,-2.11,-0.1,-0.6,1.8,0.0,0.0,0.0,8.8,8.57,0,0,0,0,0,0,0,0,0,0,0,0
2026-02-24 07:00:00,SGN,25.0,0.0,99,7.9,147,1009.5,79,24140.0,7.7,-1.78,0.6,0.2,1.9,0.0,0.0,0.0,8.7,8.32,0,0,0,0,0,0,0,0,0,0,0,0
2026-02-24 08:00:00,SGN,26.5,0.0,100,10.7,131,1010.2,69,24140.0,9.36,-5.19,1.5,2.0,2.1,0.0,0.0,0.0,10.7,9.36,0,0,0,0,0,0,0,0,0,0,0,0
2026-02-24 09:00:00,SGN,28.5,0.0,100,10.5,129,1010.8,60,24140.0,9.0,-5.41,2.0,4.1,1.8,0.0,0.0,0.0,10.7,9.36,0,0,0,0,0,0,0,0,0,0,0,0
2026-02-24 10:00:00,SGN,30.4,0.0,100,9.8,128,1011.0,52,24140.0,8.31,-5.19,1.9,5.4,1.5,0.0,0.0,0.0,10.7,9.36,0,0,0,0,0,0,0,0,0,0,0,0
2026-02-24 11:00:00,SGN,32.2,0.0,31,8.8,118,1010.3,45,24140.0,6.54,-5.89,1.8,5.7,0.1,0.0,0.0,0.0,10.5,9.0,0,0,0,0,0,0,0,0,0,0,0,0
2026-02-24 12:00:00,SGN,34.0,0.0,51,8.3,95,1009.1,40,24140.0,3.51,-7.52,1.8,5.5,-1.7,0.0,0.0,0.0,9.8,8.31,0,0,0,0,0,0,0,0,0,0,0,0
2026-02-24 13:00:00,SGN,33.7,0.0,99,5.7,101,1008.2,42,24140.0,2.94,-4.89,-0.3,3.3,-2.8,0.0,0.0,0.0,8.8,6.54,0,0,0,0,0,0,0,0,0,0,0,0
2026-02-24 14:00:00,SGN,34.5,0.0,52,3.5,111,1006.9,39,24140.0,2.3,-2.64,0.8,2.3,-3.4,0.0,0.0,0.0,8.3,3.51,0,0,0,0,0,0,0,0,0,0,0,0
2026-02-24 15:00:00,SGN,34.7,0.0,99,2.2,125,1006.1,38,24140.0,1.8,-1.26,0.2,0.7,-3.0,0.0,0.0,0.0,5.7,2.94,0,0,0,0,0,0,0,0,0,0,0,0
2026-02-24 16:00:00,SGN,33.5,0.0,96,8.1,168,1006.1,39,24140.0,8.02,1.13,-1.2,-0.2,-2.1,0.0,0.0,0.0,8.1,8.02,0,0,0,0,0,0,0,0,0,0,0,0
2026-02-24 17:00:00,SGN,29.9,0.0,99,15.4,169,1006.8,56,24140.0,15.21,2.41,-3.6,-4.6,-0.1,0.0,0.0,0.0,15.4,15.21,0,0,0,0,0,0,0,0,0,0,0,0
2026-02-24 18:00:00,SGN,28.5,0.0,99,13.1,148,1007.3,61,24140.0,12.81,-2.72,-1.4,-6.2,1.2,0.0,0.0,0.0,15.4,15.21,0,0,0,0,0,0,0,0,0,0,0,0
2026-02-24 19:00:00,SGN,27.3,0.0,90,13.4,149,1007.6,65,24140.0,13.15,-2.56,-1.2,-6.2,1.5,0.0,0.0,0.0,15.4,15.21,0,0,0,0,0,0,0,0,0,0,0,0
2026-02-24 20:00:00,SGN,26.5,0.0,100,13.5,144,1008.8,77,24140.0,12.98,-3.72,-0.8,-3.4,2.0,0.0,0.0,0.0,13.5,13.15,0,0,0,0,0,0,0,0,0,0,0,0
2026-02-24 21:00:00,SGN,26.0,0.0,100,13.6,139,1009.5,79,24140.0,12.7,-4.87,-0.5,-2.5,2.2,0.0,0.0,0.0,13.6,13.15,0,0,0,0,0,0,0,0,0,0,0,0
2026-02-24 22:00:00,SGN,25.7,0.0,100,13.8,137,1010.0,81,24140.0,12.7,-5.39,-0.3,-1.6,2.4,0.0,0.0,0.0,13.8,12.98,0,0,0,0,0,0,0,0,0,0,0,0
2026-02-24 23:00:00,SGN,25.4,0.0,100,13.9,142,1010.3,83,24140.0,13.22,-4.3,-0.3,-1.1,1.5,0.0,0.0,0.0,13.9,13.22,0,0,0,0,0,0,0,0,0,0,0,0
2026-02-25 00:00:00,SGN,25.1,0.0,100,12.8,145,1009.8,84,24140.0,12.36,-3.31,-0.3,-0.9,0.3,0.0,0.0,0.0,13.9,13.22,0,0,0,0,0,0,0,0,0,0,0,0
2026-02-25 01:00:00,SGN,25.5,0.0,100,10.5,149,1009.3,82,24140.0,10.31,-2.0,0.4,-0.2,-0.7,0.0,0.0,0.0,13.9,13.22,0,0,0,0,0,0,0,0,0,0,0,0
2026-02-25 02:00:00,SGN,25.1,0.0,100,10.1,151,1009.2,83,24140.0,9.98,-1.58,-0.4,-0.3,-1.1,0.0,0.0,0.0,12.8,12.36,0,0,0,0,0,0,0,0,0,0,0,0
2026-02-25 03:00:00,SGN,24.9,0.0,91,9.4,144,1008.9,85,24140.0,9.04,-2.59,-0.2,-0.2,-0.9,0.0,0.0,0.0,10.5,10.31,0,0,0,0,0,0,0,0,0,0,0,0
2026-02-25 04:00:00,SGN,24.8,0.0,61,8.7,142,1009.1,86,24140.0,8.27,-2.69,-0.1,-0.7,-0.2,0.0,0.0,0.0,10.1,9.98,0,0,0,0,0,0,0,0,0,0,0,0
2026-02-25 05:00:00,SGN,24.6,0.0,77,7.9,147,1009.5,87,24140.0,7.7,-1.78,-0.2,-0.5,0.3,0.0,0.0,0.0,9.4,9.04,0,0,0,0,0,0,0,0,0,0,0,0
2026-02-25 06:00:00,SGN,24.4,0.0,74,6.8,151,1010.0,88,24140.0,6.72,-1.06,-0.2,-0.5,1.1,0.0,0.0,0.0,8.7,8.27,0,0,0,0,0,0,0,0,0,0,0,0
2026-02-25 07:00:00,SGN,24.9,0.0,67,3.4,186,1010.5,87,24140.0,3.06,1.49,0.5,0.1,1.4,0.0,0.0,0.0,7.9,7.7,0,0,0,0,0,0,0,0,0,0,0,0
2026-02-25 08:00:00,SGN,27.0,0.0,95,5.1,135,1011.0,74,24140.0,4.62,-2.16,2.1,2.4,1.5,0.0,0.0,0.0,6.8,6.72,0,0,0,0,0,0,0,0,0,0,0,0
2026-02-25 09:00:00,SGN,29.1,0.0,99,6.4,119,1011.4,61,24140.0,4.83,-4.2,2.1,4.7,1.4,0.0,0.0,0.0,6.4,4.83,0,0,0,0,0,0,0,0,0,0,0,0
2026-02-25 10:00:00,SGN,31.0,0.0,98,8.2,112,1011.1,51,24140.0,5.49,-6.09,1.9,6.1,0.6,0.0,0.0,0.0,8.2,5.49,0,0,0,0,0,0,0,0,0,0,0,0
2026-02-25 11:00:00,SGN,32.7,0.0,86,7.7,111,1010.2,42,24140.0,5.05,-5.81,1.7,5.7,-0.8,0.0,0.0,0.0,8.2,5.49,0,0,0,0,0,0,0,0,0,0,0,0
2026-02-25 12:00:00,SGN,33.5,0.0,73,6.4,112,1008.9,39,24140.0,4.28,-4.76,0.8,4.4,-2.5,0.0,0.0,0.0,8.2,5.49,0,0,0,0,0,0,0,0,0,0,0,0
2026-02-25 13:00:00,SGN,34.0,0.0,70,6.2,102,1008.0,38,24140.0,3.29,-5.26,0.5,3.0,-3.1,0.0,0.0,0.0,7.7,5.05,0,0,0,0,0,0,0,0,0,0,0,0
2026-02-25 14:00:00,SGN,34.5,0.0,68,5.1,100,1006.7,37,24140.0,2.55,-4.42,0.5,1.8,-3.5,0.0,0.0,0.0,6.4,4.28,0,0,0,0,0,0,0,0,0,0,0,0
2026-02-25 15:00:00,SGN,34.4,0.0,100,6.9,104,1006.2,36,24140.0,3.86,-5.72,-0.1,0.9,-2.7,0.0,0.0,0.0,6.9,3.86,0,0,0,0,0,0,0,0,0,0,0,0
2026-02-25 16:00:00,SGN,31.4,0.0,100,13.9,157,1006.2,47,24140.0,13.88,-0.73,-3.0,-2.6,-1.8,0.0,0.0,0.0,13.9,13.88,0,0,0,0,0,0,0,0,0,0,0,0
2026-02-25 17:00:00,SGN,28.9,0.0,100,12.0,164,1006.9,58,24140.0,11.97,0.84,-2.5,-5.6,0.2,0.0,0.0,0.0,13.9,13.88,0,0,0,0,0,0,0,0,0,0,0,0
2026-02-25 18:00:00,SGN,28.5,0.0,100,12.4,163,1007.3,60,24140.0,12.38,0.65,-0.4,-5.9,1.1,0.0,0.0,0.0,13.9,13.88,0,0,0,0,0,0,0,0,0,0,0,0
2026-02-25 19:00:00,SGN,28.3,0.0,100,12.6,158,1007.7,63,24140.0,12.59,-0.44,-0.2,-3.1,1.5,0.0,0.0,0.0,12.6,12.59,0,0,0,0,0,0,0,0,0,0,0,0
2026-02-25 20:00:00,SGN,26.9,0.0,60,13.2,149,1008.4,75,24140.0,12.96,-2.52,-1.4,-2.0,1.5,0.0,0.0,0.0,13.2,12.96,0,0,0,0,0,0,0,0,0,0,0,0
2026-02-25 21:00:00,SGN,26.3,0.0,100,11.5,139,1008.8,76,24140.0,10.74,-4.12,-0.6,-2.2,1.5,0.0,0.0,0.0,13.2,12.96,0,0,0,0,0,0,0,0,0,0,0,0
2026-02-25 22:00:00,SGN,26.3,0.0,87,11.2,135,1008.6,76,24140.0,10.15,-4.73,0.0,-2.0,0.9,0.0,0.0,0.0,13.2,12.96,0,0,0,0,0,0,0,0,0,0,0,0
2026-02-25 23:00:00,SGN,26.0,0.0,100,9.4,137,1009.0,76,24140.0,8.65,-3.67,-0.3,-0.9,0.6,0.0,0.0,0.0,11.5,10.74,0,0,0,0,0,0,0,0,0,0,0,0
2026-02-26 00:00:00,SGN,26.1,0.0,100,8.4,149,1008.9,73,24140.0,8.25,-1.6,0.1,-0.2,0.1,0.0,0.0,0.0,11.2,10.15,0,0,0,0,0,0,0,0,0,0,0,0
2026-02-26 01:00:00,SGN,26.4,0.3,100,10.0,166,1008.3,76,24140.0,9.95,1.05,0.3,0.1,-0.3,0.3,0.3,0.3,10.0,9.95,1,0,0,0,0,0,0,0,1,1,0,1
2026-02-26 02:00:00,SGN,25.7,0.5,100,7.6,175,1008.2,84,24140.0,7.34,1.97,-0.7,-0.3,-0.8,0.5,0.8,0.8,10.0,9.95,1,0,0,0,0,0,0,0,1,1,0,1
2026-02-26 03:00:00,SGN,25.4,0.3,100,8.2,190,1007.8,87,24140.0,7.1,4.1,-0.3,-0.7,-1.1,0.3,1.1,1.1,10.0,9.95,1,0,0,0,0,0,0,0,1,1,0,1
2026-02-26 04:00:00,SGN,25.0,0.2,100,8.9,188,1007.9,90,24140.0,7.86,4.18,-0.4,-1.4,-0.4,0.2,1.0,1.3,8.9,7.86,1,0,0,0,0,0,0,0,1,1,0,1
2026-02-26 05:00:00,SGN,25.0,0.2,94,7.7,183,1008.3,91,15220.0,7.09,3.01,0.0,-0.7,0.1,0.2,0.7,1.5,8.9,7.86,1,0,0,0,0,0,0,0,1,1,0,1
2026-02-26 06:00:00,SGN,24.9,0.2,100,8.3,179,1008.8,91,24140.0,7.85,2.7,-0.1,-0.5,1.0,0.2,0.6,1.7,8.9,7.86,1,0,0,0,0,0,0,0,1,1,0,1
2026-02-26 07:00:00,SGN,24.3,0.4,100,10.6,113,1009.2,95,23780.0,7.23,-7.75,-0.6,-0.7,1.3,0.4,0.8,1.8,10.6,7.85,1,0,0,0,0,0,0,0,1,1,0,1
2026-02-26 08:00:00,SGN,23.6,3.0,100,7.4,135,1009.7,96,24140.0,6.71,-3.13,-0.7,-1.4,1.4,3.0,3.6,4.3,10.6,7.85,1,0,0,0,0,0,0,0,1,1,0,1
2026-02-26 09:00:00,SGN,24.0,4.0,100,5.0,103,1010.1,96,24140.0,2.72,-4.19,0.4,-0.9,1.3,4.0,7.4,8.0,10.6,7.23,1,0,0,0,0,0,0,0,1,1,0,1
2026-02-26 10:00:00,SGN,24.2,5.1,100,5.7,136,1010.2,96,24140.0,5.21,-2.32,0.2,-0.1,1.0,5.1,12.1,12.9,7.4,6.71,1,1,0,0,0,0,0,0,1,2,0,2
2026-02-26 11:00:00,SGN,24.5,3.3,100,2.4,117,1009.9,97,24140.0,1.76,-1.64,0.3,0.9,0.2,3.3,12.4,16.0,5.7,5.21,1,0,0,0,0,0,0,0,1,1,0,1
2026-02-26 12:00:00,SGN,25.1,3.2,100,4.0,21,1008.9,93,24140.0,3.02,-2.62,0.6,1.1,-1.2,3.2,11.6,19.0,5.7,5.21,1,0,0,0,0,0,0,0,1,1,0,1
2026-02-26 13:00:00,SGN,24.3,1.2,100,4.0,18,1007.5,91,12180.0,3.15,-2.46,-0.8,0.1,-2.7,1.2,7.7,19.8,4.0,3.15,1,0,0,0,0,0,0,0,1,1,0,1
2026-02-26 14:00:00,SGN,25.6,1.2,100,3.6,360,1006.4,85,23460.0,3.38,-1.23,1.3,1.1,-3.5,1.2,5.6,18.0,4.0,3.38,1,0,0,0,0,0,0,0,1,1,0,1
2026-02-26 15:00:00,SGN,25.2,2.7,100,4.7,266,1005.7,88,6620.0,1.3,4.52,-0.4,0.1,-3.2,2.7,5.1,16.7,4.7,3.38,1,0,0,0,0,0,0,0,1,1,0,1
2026-02-26 16:00:00,SGN,24.4,1.9,100,7.1,263,1005.4,91,12420.0,1.6,6.92,-0.8,0.1,-2.1,1.9,5.8,13.5,7.1,3.38,1,0,0,0,0,0,0,0,1,1,0,1
2026-02-26 17:00:00,SGN,24.4,0.4,100,4.9,287,1005.7,93,6580.0,2.95,3.91,0.0,-1.2,-0.7,0.4,5.0,10.6,7.1,2.95,1,0,0,0,0,0,0,0,1,1,0,1
2026-02-26 18:00:00,SGN,24.2,1.6,98,3.3,319,1006.3,95,22920.0,3.08,1.18,-0.2,-1.0,0.6,1.6,3.9,9.0,7.1,3.08,1,0,0,0,0,0,0,0,1,1,0,1
2026-02-26 19:00:00,SGN,24.9,0.7,100,6.4,130,1006.4,94,9620.0,5.54,-3.2,0.7,0.5,1.0,0.7,2.7,8.5,6.4,5.54,1,0,0,0,0,0,0,0,1,1,0,1
2026-02-26 20:00:00,SGN,24.8,0.1,99,3.4,164,1007.2,94,8200.0,3.39,0.24,-0.1,0.4,1.5,0.1,2.4,7.4,6.4,5.54,1,0,0,0,0,0,0,0,1,1,0,1
2026-02-26 21:00:00,SGN,24.6,0.2,100,4.4,159,1007.6,95,17840.0,4.4,-0.08,-0.2,0.4,1.3,0.2,1.0,4.9,6.4,5.54,1,0,0,0,0,0,0,0,1,1,0,1
2026-02-26 22:00:00,SGN,24.5,0.4,97,6.3,149,1007.7,96,23400.0,6.18,-1.2,-0.1,-0.4,1.3,0.4,0.7,3.4,6.3,6.18,1,0,0,0,0,0,0,0,1,1,0,1
2026-02-26 23:00:00,SGN,24.5,0.0,100,7.5,132,1007.8,96,23900.0,6.62,-3.52,0.0,-0.3,0.6,0.0,0.6,3.0,7.5,6.62,0,0,0,0,0,0,0,0,0,0,0,0
2026-02-27 00:00:00,SGN,24.5,0.0,100,9.4,120,1007.5,96,24140.0,7.2,-6.04,0.0,-0.1,-0.1,0.0,0.4,1.4,9.4,7.2,0,0,0,0,0,0,0,0,0,0,0,0
2026-02-27 01:00:00,SGN,24.6,0.0,98,7.3,118,1006.8,95,24140.0,5.42,-4.88,0.1,0.1,-0.9,0.0,0.0,0.7,9.4,7.2,0,0,0,0,0,0,0,0,0,0,0,0
2026-02-27 02:00:00,SGN,24.7,0.2,98,6.7,121,1006.4,94,24140.0,5.21,-4.22,0.1,0.2,-1.4,0.2,0.2,0.8,9.4,7.2,1,0,0,0,0,0,0,0,1,1,0,1
2026-02-27 03:00:00,SGN,24.5,0.0,100,5.6,115,1006.1,95,24140.0,3.96,-3.96,-0.2,0.0,-1.4,0.0,0.2,0.6,7.3,5.42,0,0,0,0,0,0,0,0,0,0,0,0
2026-02-27 04:00:00,SGN,24.3,0.0,95,7.2,103,1006.1,95,24140.0,3.92,-6.04,-0.2,-0.3,-0.7,0.0,0.2,0.2,7.2,5.21,0,0,0,0,0,0,0,0,0,0,0,0
2026-02-27 05:00:00,SGN,24.0,0.0,94,5.9,110,1006.4,95,24140.0,3.79,-4.52,-0.3,-0.7,0.0,0.0,0.0,0.2,7.2,3.96,0,0,0,0,0,0,0,0,0,0,0,0
2026-02-27 06:00:00,SGN,24.0,0.0,100,6.0,111,1007.2,95,24140.0,3.94,-4.53,0.0,-0.5,1.1,0.0,0.0,0.2,7.2,3.94,0,0,0,0,0,0,0,0,0,0,0,0
2026-02-27 07:00:00,SGN,24.5,0.7,97,8.2,109,1007.9,94,24140.0,5.16,-6.37,0.5,0.2,1.8,0.7,0.7,0.9,8.2,5.16,1,0,0,0,0,0,0,0,1,1,0,1
2026-02-27 08:00:00,SGN,25.9,0.2,97,9.1,117,1008.7,88,24140.0,6.66,-6.21,1.4,1.9,2.3,0.2,0.9,0.9,9.1,6.66,1,0,0,0,0,0,0,0,1,1,0,1
2026-02-27 09:00:00,SGN,27.0,0.1,91,8.6,120,1008.9,84,24140.0,6.59,-5.53,1.1,3.0,1.7,0.1,1.0,1.0,9.1,6.66,1,0,0,0,0,0,0,0,1,1,0,1
2026-02-27 10:00:00,SGN,28.2,0.2,100,9.3,122,1009.2,80,24140.0,7.33,-5.73,1.2,3.7,1.3,0.2,0.5,1.2,9.3,7.33,1,0,0,0,0,0,0,0,1,1,0,1
2026-02-27 11:00:00,SGN,29.7,0.2,100,10.1,117,1008.5,70,24140.0,7.39,-6.89,1.5,3.8,-0.2,0.2,0.5,1.4,10.1,7.39,1,0,0,0,0,0,0,0,1,1,0,1
2026-02-27 12:00:00,SGN,27.3,7.0,99,9.0,182,1007.3,78,23620.0,8.34,3.37,-2.4,0.3,-1.6,7.0,7.4,8.4,10.1,8.34,1,1,0,0,0,0,0,0,1,2,0,2
2026-02-27 13:00:00,SGN,29.8,3.6,95,7.8,158,1006.1,66,23540.0,7.8,-0.27,2.5,1.6,-3.1,3.6,10.8,11.3,10.1,8.34,1,0,0,0,0,0,0,0,1,1,0,1
2026-02-27 14:00:00,SGN,28.0,0.2,99,2.8,230,1005.5,73,24140.0,0.96,2.63,-1.8,-1.7,-3.0,0.2,10.8,11.3,9.0,8.34,1,0,0,0,0,0,0,0,1,1,0,1
2026-02-27 15:00:00,SGN,26.4,5.4,88,2.5,159,1005.1,80,24140.0,2.5,-0.04,-1.6,-0.9,-2.2,5.4,9.2,16.6,7.8,7.8,1,1,0,0,0,0,0,0,1,2,0,2
2026-02-27 16:00:00,SGN,27.5,0.9,86,3.6,183,1005.0,75,24140.0,3.31,1.41,1.1,-2.3,-1.1,0.9,6.5,17.3,3.6,3.31,1,0,0,0,0,0,0,0,1,1,0,1
2026-02-27 17:00:00,SGN,25.6,2.7,100,8.0,144,1005.6,84,24140.0,7.69,-2.21,-1.9,-2.4,0.1,2.7,9.0,19.8,8.0,7.69,1,0,0,0,0,0,0,0,1,1,0,1
2026-02-27 18:00:00,SGN,25.0,0.1,71,4.2,108,1006.2,89,24140.0,2.59,-3.31,-0.6,-1.4,1.1,0.1,3.7,12.9,8.0,7.69,1,0,0,0,0,0,0,0,0,1,0,0
2026-02-27 19:00:00,SGN,24.4,0.0,66,3.7,29,1006.6,93,24140.0,2.43,-2.79,-0.6,-3.1,1.6,0.0,2.8,9.3,8.0,7.69,0,0,0,0,0,0,0,0,0,0,0,0
2026-02-27 20:00:00,SGN,24.4,0.0,84,4.7,58,1007.2,94,24140.0,0.98,-4.6,0.0,-1.2,1.6,0.0,0.1,9.1,4.7,2.59,0,0,0,0,0,0,0,0,0,0,0,0
2026-02-27 21:00:00,SGN,24.3,0.0,97,4.7,47,1007.5,95,24140.0,1.84,-4.33,-0.1,-0.7,1.3,0.0,0.0,3.7,4.7,2.43,0,0,0,0,0,0,0,0,0,0,0,0
2026-02-27 22:00:00,SGN,24.1,0.0,59,3.0,73,1007.9,96,24140.0,0.16,-3.0,-0.2,-0.3,1.3,0.0,0.0,2.8,4.7,1.84,0,0,0,0,0,0,0,0,0,0,0,0
2026-02-27 23:00:00,SGN,24.0,0.0,75,2.7,113,1008.3,96,24140.0,1.84,-1.97,-0.1,-0.4,1.1,0.0,0.0,0.1,4.7,1.84,0,0,0,0,0,0,0,0,0,0,0,0
2026-02-28 00:00:00,SGN,24.1,0.0,35,4.0,120,1008.0,96,24140.0,3.06,-2.57,0.1,-0.2,0.5,0.0,0.0,0.0,4.0,3.06,0,0,0,0,0,0,0,0,0,0,0,0
2026-02-28 01:00:00,SGN,23.9,0.0,44,6.6,151,1007.4,95,24140.0,6.52,-1.03,-0.2,-0.2,-0.5,0.0,0.0,0.0,6.6,6.52,0,0,0,0,0,0,0,0,0,0,0,0
2026-02-28 02:00:00,SGN,23.8,0.0,69,6.5,138,1006.4,97,24140.0,6.03,-2.43,-0.1,-0.2,-1.9,0.0,0.0,0.0,6.6,6.52,0,0,0,0,0,0,0,0,0,0,0,0
2026-02-28 03:00:00,SGN,23.5,0.0,67,4.5,124,1005.6,98,24140.0,3.64,-2.65,-0.3,-0.6,-2.4,0.0,0.0,0.0,6.6,6.52,0,0,0,0,0,0,0,0,0,0,0,0
2026-02-28 04:00:00,SGN,23.5,0.0,23,4.9,118,1005.7,98,24140.0,3.64,-3.28,0.0,-0.4,-1.7,0.0,0.0,0.0,6.5,6.03,0,0,0,0,0,0,0,0,0,0,0,0
2026-02-28 05:00:00,SGN,23.5,0.0,18,5.6,107,1006.2,98,24140.0,3.37,-4.47,0.0,-0.3,-0.2,0.0,0.0,0.0,5.6,3.64,0,0,0,0,0,0,0,0,0,0,0,0
2026-02-28 06:00:00,SGN,23.4,0.0,21,6.3,95,1007.0,98,24140.0,2.66,-5.71,-0.1,-0.1,1.4,0.0,0.0,0.0,6.3,3.64,0,0,0,0,0,0,0,0,0,0,0,0
2026-02-28 07:00:00,SGN,24.5,0.0,9,8.4,105,1007.8,95,24140.0,4.82,-6.88,1.1,1.0,2.1,0.0,0.0,0.0,8.4,4.82,0,0,0,0,0,0,0,0,0,0,0,0
2026-02-28 08:00:00,SGN,26.0,0.0,46,11.5,121,1008.7,87,24140.0,8.94,-7.24,1.5,2.5,2.5,0.0,0.0,0.0,11.5,8.94,0,0,0,0,0,0,0,0,0,0,0,0
2026-02-28 09:00:00,SGN,27.6,0.0,53,11.0,130,1009.3,77,24140.0,9.53,-5.5,1.6,4.2,2.3,0.0,0.0,0.0,11.5,9.53,0,0,0,0,0,0,0,0,0,0,0,0
2026-02-28 10:00:00,SGN,28.9,0.0,24,8.8,133,1009.6,72,24140.0,7.84,-4.0,1.3,4.4,1.8,0.0,0.0,0.0,11.5,9.53,0,0,0,0,0,0,0,0,0,0,0,0
2026-02-28 11:00:00,SGN,29.8,0.0,5,7.7,131,1008.7,70,24140.0,6.73,-3.73,0.9,3.8,0.0,0.0,0.0,0.0,11.0,9.53,0,0,0,0,0,0,0,0,0,0,0,0
2026-02-28 12:00:00,SGN,30.5,0.0,17,8.0,146,1007.6,69,24140.0,7.76,-1.94,0.7,2.9,-1.7,0.0,0.0,0.0,8.8,7.84,0,0,0,0,0,0,0,0,0,0,0,0
2026-02-28 13:00:00,SGN,30.8,0.0,28,6.6,154,1006.9,66,24140.0,6.56,-0.69,0.3,1.9,-2.7,0.0,0.0,0.0,8.0,7.76,0,0,0,0,0,0,0,0,0,0,0,0
2026-02-28 14:00:00,SGN,31.2,0.0,100,6.9,147,1005.5,63,24140.0,6.72,-1.55,0.4,1.4,-3.2,0.0,0.0,0.0,8.0,7.76,0,0,0,0,0,0,0,0,0,0,0,0
2026-02-28 15:00:00,SGN,30.0,0.3,48,8.2,147,1004.5,67,24140.0,7.99,-1.84,-1.2,-0.5,-3.1,0.3,0.3,0.3,8.2,7.99,1,0,0,0,0,0,0,0,0,1,0,0
2026-02-28 16:00:00,SGN,29.3,1.0,71,6.8,178,1004.6,68,24140.0,6.47,2.1,-0.7,-1.5,-2.3,1.0,1.3,1.3,8.2,7.99,1,0,0,0,0,0,0,0,0,1,0,0
2026-02-28 17:00:00,SGN,28.5,0.2,55,10.3,134,1005.3,71,24140.0,9.26,-4.52,-0.8,-2.7,-0.2,0.2,1.5,1.5,10.3,9.26,1,0,0,0,0,0,0,0,0,1,0,0
2026-02-28 18:00:00,SGN,27.2,0.0,45,7.1,137,1006.0,80,24140.0,6.54,-2.77,-1.3,-2.8,1.5,0.0,1.2,1.5,10.3,9.26,0,0,0,0,0,0,0,0,0,0,0,0
2026-02-28 19:00:00,SGN,26.8,0.0,4,9.2,145,1006.3,84,24140.0,8.89,-2.38,-0.4,-2.5,1.7,0.0,0.2,1.5,10.3,9.26,0,0,0,0,0,0,0,0,0,0,0,0
2026-02-28 20:00:00,SGN,26.4,0.0,4,9.4,145,1007.4,87,24140.0,9.08,-2.43,-0.4,-2.1,2.1,0.0,0.0,1.5,9.4,9.08,0,0,0,0,0,0,0,0,0,0,0,0
2026-02-28 21:00:00,SGN,25.9,0.0,3,9.4,140,1007.7,90,24140.0,8.83,-3.21,-0.5,-1.3,1.7,0.0,0.0,1.2,9.4,9.08,0,0,0,0,0,0,0,0,0,0,0,0
2026-02-28 22:00:00,SGN,25.6,0.0,2,9.2,140,1007.8,92,24140.0,8.65,-3.15,-0.3,-1.2,1.5,0.0,0.0,0.2,9.4,9.08,0,0,0,0,0,0,0,0,0,0,0,0
2026-02-28 23:00:00,SGN,25.3,0.0,2,8.1,143,1007.9,94,24140.0,7.75,-2.37,-0.3,-1.1,0.5,0.0,0.0,0.0,9.4,8.83,0,0,0,0,0,0,0,0,0,0,0,0
2026-03-01 00:00:00,SGN,25.0,0.0,4,8.0,144,1007.5,95,24140.0,7.69,-2.21,-0.3,-0.9,-0.2,0.0,0.0,0.0,9.2,8.65,0,0,0,0,0,0,0,0,0,0,0,0
2026-03-01 01:00:00,SGN,25.1,0.0,25,8.0,146,1006.9,97,24140.0,7.76,-1.94,0.1,-0.5,-0.9,0.0,0.0,0.0,8.1,7.76,0,0,0,0,0,0,0,0,0,0,0,0
2026-03-01 02:00:00,SGN,25.0,0.0,21,7.8,142,1006.7,97,24140.0,7.42,-2.41,-0.1,-0.3,-1.2,0.0,0.0,0.0,8.0,7.76,0,0,0,0,0,0,0,0,0,0,0,0
2026-03-01 03:00:00,SGN,24.7,0.0,27,7.6,135,1006.3,97,24140.0,6.89,-3.21,-0.3,-0.3,-1.2,0.0,0.0,0.0,8.0,7.76,0,0,0,0,0,0,0,0,0,0,0,0
2026-03-01 04:00:00,SGN,24.5,0.0,24,7.5,140,1006.5,97,24140.0,7.05,-2.57,-0.2,-0.6,-0.4,0.0,0.0,0.0,7.8,7.42,0,0,0,0,0,0,0,0,0,0,0,0
2026-03-01 05:00:00,SGN,24.4,0.0,57,5.9,135,1006.9,97,24140.0,5.35,-2.49,-0.1,-0.6,0.2,0.0,0.0,0.0,7.6,7.05,0,0,0,0,0,0,0,0,0,0,0,0
2026-03-01 06:00:00,SGN,24.3,0.0,83,4.6,126,1007.6,97,24140.0,3.81,-2.57,-0.1,-0.4,1.3,0.0,0.0,0.0,7.5,7.05,0,0,0,0,0,0,0,0,0,0,0,0
2026-03-01 07:00:00,SGN,25.1,0.0,31,8.4,130,1008.3,96,24140.0,7.27,-4.2,0.8,0.6,1.8,0.0,0.0,0.0,8.4,7.27,0,0,0,0,0,0,0,0,0,0,0,0
2026-03-01 08:00:00,SGN,26.5,0.0,20,9.4,128,1009.3,87,24140.0,7.97,-4.98,1.4,2.1,2.4,0.0,0.0,0.0,9.4,7.97,0,0,0,0,0,0,0,0,0,0,0,0
2026-03-01 09:00:00,SGN,27.9,0.0,8,7.9,125,1009.7,80,24140.0,6.47,-4.53,1.4,3.6,2.1,0.0,0.0,0.0,9.4,7.97,0,0,0,0,0,0,0,0,0,0,0,0
2026-03-01 10:00:00,SGN,29.0,0.0,11,6.1,124,1009.4,73,24140.0,4.94,-3.59,1.1,3.9,1.1,0.0,0.0,0.0,9.4,7.97,0,0,0,0,0,0,0,0,0,0,0,0
2026-03-01 11:00:00,SGN,30.0,0.0,13,5.2,119,1008.8,67,24140.0,3.92,-3.41,1.0,3.5,-0.5,0.0,0.0,0.0,7.9,6.47,0,0,0,0,0,0,0,0,0,0,0,0
2026-03-01 12:00:00,SGN,31.0,0.0,2,5.0,116,1007.8,62,24140.0,3.6,-3.47,1.0,3.1,-1.9,0.0,0.0,0.0,6.1,4.94,0,0,0,0,0,0,0,0,0,0,0,0
2026-03-01 13:00:00,SGN,31.7,0.0,2,4.6,101,1006.8,56,24140.0,2.37,-3.94,0.7,2.7,-2.6,0.0,0.0,0.0,5.2,3.92,0,0,0,0,0,0,0,0,0,0,0,0
2026-03-01 14:00:00,SGN,32.2,0.0,9,5.0,103,1005.7,53,24140.0,2.72,-4.19,0.5,2.2,-3.1,0.0,0.0,0.0,5.0,3.6,0,0,0,0,0,0,0,0,0,0,0,0
2026-03-01 15:00:00,SGN,32.1,0.0,8,5.1,107,1004.7,53,24140.0,3.07,-4.07,-0.1,1.1,-3.1,0.0,0.0,0.0,5.1,3.07,0,0,0,0,0,0,0,0,0,0,0,0
2026-03-01 16:00:00,SGN,31.9,0.0,17,6.6,127,1004.3,55,24140.0,5.54,-3.59,-0.2,0.2,-2.5,0.0,0.0,0.0,6.6,5.54,0,0,0,0,0,0,0,0,0,0,0,0
2026-03-01 17:00:00,SGN,31.1,0.0,7,6.3,156,1005.2,60,24140.0,6.28,-0.44,-0.8,-1.1,-0.5,0.0,0.0,0.0,6.6,6.28,0,0,0,0,0,0,0,0,0,0,0,0
2026-03-01 18:00:00,SGN,28.5,0.0,3,10.6,170,1005.9,72,24140.0,10.44,1.84,-2.6,-3.6,1.2,0.0,0.0,0.0,10.6,10.44,0,0,0,0,0,0,0,0,0,0,0,0
2026-03-01 19:00:00,SGN,27.7,0.0,4,12.4,158,1006.4,79,24140.0,12.39,-0.43,-0.8,-4.2,2.1,0.0,0.0,0.0,12.4,12.39,0,0,0,0,0,0,0,0,0,0,0,0
2026-03-01 20:00:00,SGN,26.5,0.0,5,9.9,153,1007.6,85,24140.0,9.83,-1.21,-1.2,-4.6,2.4,0.0,0.0,0.0,12.4,12.39,0,0,0,0,0,0,0,0,0,0,0,0
2026-03-01 21:00:00,SGN,26.1,0.0,1,9.9,145,1008.4,88,24140.0,9.56,-2.56,-0.4,-2.4,2.5,0.0,0.0,0.0,12.4,12.39,0,0,0,0,0,0,0,0,0,0,0,0
2026-03-01 22:00:00,SGN,25.7,0.0,3,8.3,132,1008.6,91,24140.0,7.33,-3.9,-0.4,-2.0,2.2,0.0,0.0,0.0,9.9,9.83,0,0,0,0,0,0,0,0,0,0,0,0
2026-03-01 23:00:00,SGN,25.5,0.0,100,7.8,130,1008.8,92,24140.0,6.75,-3.9,-0.2,-1.0,1.2,0.0,0.0,0.0,9.9,9.56,0,0,0,0,0,0,0,0,0,0,0,0
2026-03-02 00:00:00,SGN,25.2,0.0,99,7.5,145,1008.8,93,24140.0,7.24,-1.94,-0.3,-0.9,0.4,0.0,0.0,0.0,8.3,7.33,0,0,0,0,0,0,0,0,0,0,0,0
2026-03-02 01:00:00,SGN,25.5,0.0,99,8.8,152,1008.1,94,24140.0,8.71,-1.22,0.3,-0.2,-0.5,0.0,0.0,0.0,8.8,8.71,0,0,0,0,0,0,0,0,0,0,0,0
2026-03-02 02:00:00,SGN,25.4,0.0,91,7.5,153,1007.8,94,24140.0,7.44,-0.91,-0.1,-0.1,-1.0,0.0,0.0,0.0,8.8,8.71,0,0,0,0,0,0,0,0,0,0,0,0
2026-03-02 03:00:00,SGN,25.2,0.0,98,6.3,153,1007.6,95,24140.0,6.25,-0.77,-0.2,0.0,-1.2,0.0,0.0,0.0,8.8,8.71,0,0,0,0,0,0,0,0,0,0,0,0
2026-03-02 04:00:00,SGN,25.1,0.0,73,5.6,149,1007.3,96,24140.0,5.5,-1.07,-0.1,-0.4,-0.8,0.0,0.0,0.0,7.5,7.44,0,0,0,0,0,0,0,0,0,0,0,0
2026-03-02 05:00:00,SGN,25.1,0.0,28,5.2,151,1007.9,96,24140.0,5.14,-0.81,0.0,-0.3,0.1,0.0,0.0,0.0,6.3,6.25,0,0,0,0,0,0,0,0,0,0,0,0
2026-03-02 06:00:00,SGN,24.8,0.0,47,3.7,166,1008.7,97,24140.0,3.68,0.39,-0.3,-0.4,1.1,0.0,0.0,0.0,5.6,5.5,0,0,0,0,0,0,0,0,0,0,0,0
2026-03-02 07:00:00,SGN,25.5,0.0,95,6.1,156,1009.5,96,24140.0,6.09,-0.43,0.7,0.4,2.2,0.0,0.0,0.0,6.1,6.09,0,0,0,0,0,0,0,0,0,0,0,0
2026-03-02 08:00:00,SGN,27.1,0.0,99,8.3,146,1010.3,87,24140.0,8.05,-2.01,1.6,2.0,2.4,0.0,0.0,0.0,8.3,8.05,0,0,0,0,0,0,0,0,0,0,0,0
2026-03-02 09:00:00,SGN,28.5,0.0,14,8.3,141,1010.9,78,24140.0,7.85,-2.7,1.4,3.7,2.2,0.0,0.0,0.0,8.3,8.05,0,0,0,0,0,0,0,0,0,0,0,0
2026-03-02 10:00:00,SGN,29.6,0.0,16,7.9,135,1010.8,71,24140.0,7.16,-3.34,1.1,4.1,1.3,0.0,0.0,0.0,8.3,8.05,0,0,0,0,0,0,0,0,0,0,0,0
2026-03-02 11:00:00,SGN,30.9,0.0,10,7.3,128,1010.3,64,24140.0,6.19,-3.87,1.3,3.8,0.0,0.0,0.0,0.0,8.3,7.85,0,0,0,0,0,0,0,0,0,0,0,0
2026-03-02 12:00:00,SGN,31.6,0.0,16,7.1,128,1009.4,60,24140.0,6.02,-3.76,0.7,3.1,-1.5,0.0,0.0,0.0,7.9,7.16,0,0,0,0,0,0,0,0,0,0,0,0
2026-03-02 13:00:00,SGN,32.3,0.0,21,6.8,127,1008.2,56,24140.0,5.7,-3.7,0.7,2.7,-2.6,0.0,0.0,0.0,7.3,6.19,0,0,0,0,0,0,0,0,0,0,0,0
2026-03-02 14:00:00,SGN,32.3,0.0,23,6.6,131,1006.9,56,24140.0,5.77,-3.2,0.0,1.4,-3.4,0.0,0.0,0.0,7.1,6.02,0,0,0,0,0,0,0,0,0,0,0,0
2026-03-02 15:00:00,SGN,32.2,0.1,59,7.8,134,1006.0,57,24140.0,7.01,-3.42,-0.1,0.6,-3.4,0.1,0.1,0.1,7.8,7.01,1,0,0,0,0,0,0,0,0,1,0,0
2026-03-02 16:00:00,SGN,31.5,0.0,100,9.5,144,1005.7,59,24140.0,9.13,-2.62,-0.7,-0.8,-2.5,0.0,0.1,0.1,9.5,9.13,0,0,0,0,0,0,0,0,0,0,0,0
2026-03-02 17:00:00,SGN,29.6,0.0,15,12.3,149,1006.5,69,24140.0,12.07,-2.35,-1.9,-2.7,-0.4,0.0,0.1,0.1,12.3,12.07,0,0,0,0,0,0,0,0,0,0,0,0
2026-03-02 18:00:00,SGN,28.0,0.0,5,11.4,157,1007.4,75,24140.0,11.38,-0.6,-1.6,-4.2,1.4,0.0,0.0,0.1,12.3,12.07,0,0,0,0,0,0,0,0,0,0,0,0
2026-03-02 19:00:00,SGN,27.5,0.0,5,12.3,150,1007.1,78,24140.0,12.11,-2.14,-0.5,-4.0,1.4,0.0,0.0,0.1,12.3,12.11,0,0,0,0,0,0,0,0,0,0,0,0
2026-03-02 20:00:00,SGN,26.6,0.0,2,12.0,147,1008.1,84,24140.0,11.69,-2.7,-0.9,-3.0,1.6,0.0,0.0,0.1,12.3,12.11,0,0,0,0,0,0,0,0,0,0,0,0
2026-03-02 21:00:00,SGN,26.1,0.0,0,10.9,140,1009.0,88,24140.0,10.24,-3.73,-0.5,-1.9,1.6,0.0,0.0,0.0,12.3,12.11,0,0,0,0,0,0,0,0,0,0,0,0
2026-03-02 22:00:00,SGN,25.8,0.0,5,9.5,136,1009.5,90,24140.0,8.68,-3.86,-0.3,-1.7,2.4,0.0,0.0,0.0,12.0,11.69,0,0,0,0,0,0,0,0,0,0,0,0
2026-03-02 23:00:00,SGN,25.5,0.0,4,9.4,132,1009.5,91,24140.0,8.3,-4.41,-0.3,-1.1,1.4,0.0,0.0,0.0,10.9,10.24,0,0,0,0,0,0,0,0,0,0,0,0
2026-03-03 00:00:00,SGN,25.2,0.0,52,8.0,138,1009.3,92,24140.0,7.42,-3.0,-0.3,-0.9,0.3,0.0,0.0,0.0,9.5,8.68,0,0,0,0,0,0,0,0,0,0,0,0
2026-03-03 01:00:00,SGN,25.5,0.0,91,6.6,147,1008.5,94,24140.0,6.43,-1.48,0.3,-0.3,-1.0,0.0,0.0,0.0,9.4,8.3,0,0,0,0,0,0,0,0,0,0,0,0
2026-03-03 02:00:00,SGN,25.2,0.0,73,6.2,173,1008.1,94,24140.0,6.04,1.39,-0.3,-0.3,-1.4,0.0,0.0,0.0,8.0,7.42,0,0,0,0,0,0,0,0,0,0,0,0
2026-03-03 03:00:00,SGN,25.1,0.0,41,5.6,187,1008.1,96,24140.0,4.99,2.54,-0.1,-0.1,-1.2,0.0,0.0,0.0,6.6,6.43,0,0,0,0,0,0,0,0,0,0,0,0
2026-03-03 04:00:00,SGN,25.1,0.0,98,6.4,172,1008.3,96,24140.0,6.26,1.33,0.0,-0.4,-0.2,0.0,0.0,0.0,6.4,6.26,0,0,0,0,0,0,0,0,0,0,0,0
2026-03-03 05:00:00,SGN,25.2,0.0,100,7.1,161,1009.0,94,24140.0,7.1,0.12,0.1,0.0,0.9,0.0,0.0,0.0,7.1,7.1,0,0,0,0,0,0,0,0,0,0,0,0
2026-03-03 06:00:00,SGN,25.4,0.0,100,6.6,158,1009.5,93,24140.0,6.6,-0.23,0.2,0.3,1.4,0.0,0.0,0.0,7.1,7.1,0,0,0,0,0,0,0,0,0,0,0,0
2026-03-03 07:00:00,SGN,25.6,0.0,16,8.9,140,1009.9,92,24140.0,8.36,-3.04,0.2,0.5,1.6,0.0,0.0,0.0,8.9,8.36,0,0,0,0,0,0,0,0,0,0,0,0
2026-03-03 08:00:00,SGN,26.9,0.0,12,6.8,143,1010.9,86,24140.0,6.5,-1.99,1.3,1.7,1.9,0.0,0.0,0.0,8.9,8.36,0,0,0,0,0,0,0,0,0,0,0,0
2026-03-03 09:00:00,SGN,28.5,0.0,12,6.9,150,1011.2,78,24140.0,6.8,-1.2,1.6,3.1,1.7,0.0,0.0,0.0,8.9,8.36,0,0,0,0,0,0,0,0,0,0,0,0
2026-03-03 10:00:00,SGN,29.9,0.0,20,6.9,152,1011.4,67,24140.0,6.83,-0.96,1.4,4.3,1.5,0.0,0.0,0.0,6.9,6.83,0,0,0,0,0,0,0,0,0,0,0,0
2026-03-03 11:00:00,SGN,31.0,0.1,32,6.2,131,1010.8,62,24140.0,5.42,-3.01,1.1,4.1,-0.1,0.1,0.1,0.1,6.9,6.83,1,0,0,0,0,0,0,0,0,1,0,0
2026-03-03 12:00:00,SGN,31.6,0.1,30,6.1,122,1009.8,61,24140.0,4.81,-3.76,0.6,3.1,-1.4,0.1,0.2,0.2,6.9,6.83,1,0,0,0,0,0,0,0,0,1,0,0
2026-03-03 13:00:00,SGN,32.0,0.1,30,2.7,98,1008.6,57,24140.0,1.27,-2.38,0.4,2.1,-2.8,0.1,0.3,0.3,6.2,5.42,1,0,0,0,0,0,0,0,0,1,0,0
2026-03-03 14:00:00,SGN,32.5,0.0,18,1.9,107,1007.3,56,24140.0,1.14,-1.52,0.5,1.5,-3.5,0.0,0.2,0.3,6.1,4.81,0,0,0,0,0,0,0,0,0,0,0,0
2026-03-03 15:00:00,SGN,32.5,0.0,9,3.1,118,1006.0,56,24140.0,2.3,-2.07,0.0,0.9,-3.8,0.0,0.1,0.3,3.1,2.3,0,0,0,0,0,0,0,0,0,0,0,0
2026-03-03 16:00:00,SGN,32.4,0.0,25,2.8,117,1005.8,56,24140.0,2.05,-1.91,-0.1,0.4,-2.8,0.0,0.0,0.3,3.1,2.3,0,0,0,0,0,0,0,0,0,0,0,0
2026-03-03 17:00:00,SGN,31.9,0.0,13,3.0,73,1006.3,59,24140.0,0.16,-3.0,-0.5,-0.6,-1.0,0.0,0.0,0.2,3.1,2.3,0,0,0,0,0,0,0,0,0,0,0,0
2026-03-03 18:00:00,SGN,30.2,0.0,100,5.3,114,1007.0,69,24140.0,3.68,-3.81,-1.7,-2.3,1.0,0.0,0.0,0.1,5.3,3.68,0,0,0,0,0,0,0,0,0,0,0,0
2026-03-03 19:00:00,SGN,28.4,0.0,76,8.3,141,1007.6,78,24140.0,7.85,-2.7,-1.8,-4.0,1.8,0.0,0.0,0.0,8.3,7.85,0,0,0,0,0,0,0,0,0,0,0,0
2026-03-03 20:00:00,SGN,27.1,0.0,4,8.3,147,1008.6,82,24140.0,8.09,-1.87,-1.3,-4.8,2.3,0.0,0.0,0.0,8.3,8.09,0,0,0,0,0,0,0,0,0,0,0,0
2026-03-03 21:00:00,SGN,26.5,0.0,66,9.5,127,1009.1,85,24140.0,7.97,-5.17,-0.6,-3.7,2.1,0.0,0.0,0.0,9.5,8.09,0,0,0,0,0,0,0,0,0,0,0,0
2026-03-03 22:00:00,SGN,26.1,0.0,96,10.3,139,1009.3,89,24140.0,9.62,-3.69,-0.4,-2.3,1.7,0.0,0.0,0.0,10.3,9.62,0,0,0,0,0,0,0,0,0,0,0,0
2026-03-03 23:00:00,SGN,25.8,0.0,99,9.4,133,1009.6,91,24140.0,8.38,-4.27,-0.3,-1.3,1.0,0.0,0.0,0.0,10.3,9.62,0,0,0,0,0,0,0,0,0,0,0,0
2026-03-04 00:00:00,SGN,25.5,0.0,70,8.3,129,1009.8,93,24140.0,7.11,-4.27,-0.3,-1.0,0.7,0.0,0.0,0.0,10.3,9.62,0,0,0,0,0,0,0,0,0,0,0,0
2026-03-04 01:00:00,SGN,25.8,0.0,100,8.4,143,1009.7,95,24140.0,8.03,-2.46,0.3,-0.3,0.4,0.0,0.0,0.0,9.4,8.38,0,0,0,0,0,0,0,0,0,0,0,0
2026-03-04 02:00:00,SGN,25.6,0.0,100,7.8,143,1009.5,94,24140.0,7.46,-2.28,-0.2,-0.2,-0.1,0.0,0.0,0.0,8.4,8.03,0,0,0,0,0,0,0,0,0,0,0,0
2026-03-04 03:00:00,SGN,25.5,0.0,65,7.8,142,1009.1,93,24140.0,7.42,-2.41,-0.1,0.0,-0.7,0.0,0.0,0.0,8.4,8.03,0,0,0,0,0,0,0,0,0,0,0,0
2026-03-04 04:00:00,SGN,25.4,0.0,42,7.8,130,1008.9,94,24140.0,6.75,-3.9,-0.1,-0.4,-0.8,0.0,0.0,0.0,7.8,7.46,0,0,0,0,0,0,0,0,0,0,0,0
2026-03-04 05:00:00,SGN,25.0,0.1,52,6.7,128,1009.4,95,24140.0,5.68,-3.55,-0.4,-0.6,-0.1,0.1,0.1,0.1,7.8,7.42,1,0,0,0,0,0,0,0,0,1,0,0
2026-03-04 06:00:00,SGN,24.9,0.1,81,6.8,119,1009.8,94,24140.0,5.13,-4.46,-0.1,-0.6,0.7,0.1,0.2,0.2,7.8,6.75,1,0,0,0,0,0,0,0,1,1,0,1
2026-03-04 07:00:00,SGN,25.1,0.1,21,5.1,174,1010.5,93,24140.0,4.95,1.23,0.2,-0.3,1.6,0.1,0.3,0.3,6.8,5.68,1,0,0,0,0,0,0,0,0,1,0,0
2026-03-04 08:00:00,SGN,26.9,0.0,46,6.2,150,1010.8,85,24140.0,6.11,-1.08,1.8,1.9,1.4,0.0,0.2,0.3,6.8,6.11,0,0,0,0,0,0,0,0,0,0,0,0
2026-03-04 09:00:00,SGN,28.4,0.0,16,7.1,144,1011.2,79,24140.0,6.82,-1.96,1.5,3.5,1.4,0.0,0.1,0.3,7.1,6.82,0,0,0,0,0,0,0,0,0,0,0,0
2026-03-04 10:00:00,SGN,29.6,0.0,30,5.5,136,1011.4,74,24140.0,5.02,-2.24,1.2,4.5,0.9,0.0,0.0,0.3,7.1,6.82,0,0,0,0,0,0,0,0,0,0,0,0
2026-03-04 11:00:00,SGN,30.8,0.0,49,5.2,112,1011.1,69,18960.0,3.48,-3.86,1.2,3.9,0.3,0.0,0.0,0.2,7.1,6.82,0,0,0,0,0,0,0,0,0,0,0,0
2026-03-04 12:00:00,SGN,31.5,0.0,100,5.6,92,1010.0,62,24140.0,2.1,-5.19,0.7,3.1,-1.2,0.0,0.0,0.1,5.6,5.02,0,0,0,0,0,0,0,0,0,0,0,0
2026-03-04 13:00:00,SGN,32.1,0.0,26,6.1,124,1008.8,61,24140.0,4.94,-3.59,0.6,2.5,-2.6,0.0,0.0,0.0,6.1,4.94,0,0,0,0,0,0,0,0,0,0,0,0
2026-03-04 14:00:00,SGN,32.2,0.0,13,7.1,126,1007.5,60,24140.0,5.89,-3.97,0.1,1.4,-3.6,0.0,0.0,0.0,7.1,5.89,0,0,0,0,0,0,0,0,0,0,0,0
2026-03-04 15:00:00,SGN,32.0,0.0,21,8.1,143,1006.1,59,24140.0,7.75,-2.37,-0.2,0.5,-3.9,0.0,0.0,0.0,8.1,7.75,0,0,0,0,0,0,0,0,0,0,0,0
2026-03-04 16:00:00,SGN,30.9,0.0,22,12.2,149,1006.0,61,24140.0,11.98,-2.33,-1.1,-1.2,-2.8,0.0,0.0,0.0,12.2,11.98,0,0,0,0,0,0,0,0,0,0,0,0
2026-03-04 17:00:00,SGN,29.2,0.0,15,11.6,141,1006.5,70,24140.0,10.97,-3.78,-1.7,-3.0,-1.0,0.0,0.0,0.0,12.2,11.98,0,0,0,0,0,0,0,0,0,0,0,0
2026-03-04 18:00:00,SGN,28.2,0.0,23,8.7,153,1006.7,75,23100.0,8.64,-1.06,-1.0,-3.8,0.6,0.0,0.0,0.0,12.2,11.98,0,0,0,0,0,0,0,0,0,0,0,0
2026-03-04 19:00:00,SGN,27.8,0.0,12,8.6,158,1007.2,79,24140.0,8.59,-0.3,-0.4,-3.1,1.2,0.0,0.0,0.0,11.6,10.97,0,0,0,0,0,0,0,0,0,0,0,0
2026-03-04 20:00:00,SGN,26.9,0.0,13,9.6,150,1008.3,81,24140.0,9.45,-1.67,-0.9,-2.3,1.8,0.0,0.0,0.0,9.6,9.45,0,0,0,0,0,0,0,0,0,0,0,0
2026-03-04 21:00:00,SGN,26.1,0.0,23,9.7,133,1009.1,82,24140.0,8.64,-4.4,-0.8,-2.1,2.4,0.0,0.0,0.0,9.7,9.45,0,0,0,0,0,0,0,0,0,0,0,0
2026-03-04 22:00:00,SGN,25.8,0.0,0,10.9,136,1009.4,86,24140.0,9.96,-4.43,-0.3,-2.0,2.2,0.0,0.0,0.0,10.9,9.96,0,0,0,0,0,0,0,0,0,0,0,0
2026-03-04 23:00:00,SGN,25.5,0.0,4,9.3,134,1009.8,90,24140.0,8.36,-4.08,-0.3,-1.4,1.5,0.0,0.0,0.0,10.9,9.96,0,0,0,0,0,0,0,0,0,0,0,0
2026-03-05 00:00:00,SGN,25.1,0.0,15,3.3,174,1009.8,92,24140.0,3.2,0.8,-0.4,-1.0,0.7,0.0,0.0,0.0,10.9,9.96,0,0,0,0,0,0,0,0,0,0,0,0
2026-03-05 01:00:00,SGN,25.5,0.0,13,7.1,171,1009.0,93,24140.0,6.97,1.35,0.4,-0.3,-0.4,0.0,0.0,0.0,9.3,8.36,0,0,0,0,0,0,0,0,0,0,0,0
2026-03-05 02:00:00,SGN,25.2,0.0,31,5.2,184,1008.8,94,24140.0,4.75,2.12,-0.3,-0.3,-1.0,0.0,0.0,0.0,7.1,6.97,0,0,0,0,0,0,0,0,0,0,0,0
2026-03-05 03:00:00,SGN,25.0,0.1,37,7.1,161,1008.4,93,24140.0,7.1,0.12,-0.2,-0.1,-1.4,0.1,0.1,0.1,7.1,7.1,1,0,0,0,0,0,0,0,0,1,0,0
2026-03-05 04:00:00,SGN,24.9,0.0,20,7.3,157,1008.0,94,24140.0,7.29,-0.38,-0.1,-0.6,-1.0,0.0,0.1,0.1,7.3,7.29,0,0,0,0,0,0,0,0,0,0,0,0
2026-03-05 05:00:00,SGN,24.8,0.0,17,6.5,150,1008.4,94,24140.0,6.4,-1.13,-0.1,-0.4,-0.4,0.0,0.1,0.1,7.3,7.29,0,0,0,0,0,0,0,0,0,0,0,0
2026-03-05 06:00:00,SGN,24.7,0.0,13,4.2,133,1008.9,94,24140.0,3.74,-1.91,-0.1,-0.3,0.5,0.0,0.0,0.1,7.3,7.29,0,0,0,0,0,0,0,0,0,0,0,0
2026-03-05 07:00:00,SGN,25.6,0.0,10,5.5,113,1009.5,92,24140.0,3.75,-4.02,0.9,0.7,1.5,0.0,0.0,0.1,6.5,6.4,0,0,0,0,0,0,0,0,0,0,0,0
2026-03-05 08:00:00,SGN,27.2,0.0,15,8.0,113,1010.2,81,24140.0,5.46,-5.85,1.6,2.4,1.8,0.0,0.0,0.1,8.0,5.46,0,0,0,0,0,0,0,0,0,0,0,0
2026-03-05 09:00:00,SGN,28.5,0.0,12,7.0,100,1010.7,73,24140.0,3.5,-6.06,1.3,3.8,1.8,0.0,0.0,0.0,8.0,5.46,0,0,0,0,0,0,0,0,0,0,0,0
2026-03-05 10:00:00,SGN,29.8,0.0,13,5.6,96,1011.0,66,24140.0,2.45,-5.03,1.3,4.2,1.5,0.0,0.0,0.0,8.0,5.46,0,0,0,0,0,0,0,0,0,0,0,0
2026-03-05 11:00:00,SGN,30.9,0.0,8,5.1,84,1010.9,62,24140.0,1.23,-4.95,1.1,3.7,0.7,0.0,0.0,0.0,7.0,3.5,0,0,0,0,0,0,0,0,0,0,0,0
2026-03-05 12:00:00,SGN,31.8,0.0,9,4.3,88,1009.8,59,24140.0,1.33,-4.09,0.9,3.3,-0.9,0.0,0.0,0.0,5.6,2.45,0,0,0,0,0,0,0,0,0,0,0,0
2026-03-05 13:00:00,SGN,32.2,0.0,4,4.3,95,1008.4,51,24140.0,1.82,-3.9,0.4,2.4,-2.6,0.0,0.0,0.0,5.1,1.82,0,0,0,0,0,0,0,0,0,0,0,0
2026-03-05 14:00:00,SGN,32.5,0.0,45,5.4,110,1007.2,49,24140.0,3.47,-4.14,0.3,1.6,-3.7,0.0,0.0,0.0,5.4,3.47,0,0,0,0,0,0,0,0,0,0,0,0
2026-03-05 15:00:00,SGN,31.1,0.1,23,11.0,162,1006.5,56,24140.0,10.99,0.38,-1.4,-0.7,-3.3,0.1,0.1,0.1,11.0,10.99,1,0,0,0,0,0,0,0,0,1,0,0
2026-03-05 16:00:00,SGN,30.7,0.5,21,10.0,146,1006.4,58,24140.0,9.7,-2.42,-0.4,-1.5,-2.0,0.5,0.6,0.6,11.0,10.99,1,0,0,0,0,0,0,0,0,1,0,0
2026-03-05 17:00:00,SGN,30.3,0.0,34,6.5,134,1006.8,59,19520.0,5.84,-2.85,-0.4,-2.2,-0.4,0.0,0.6,0.6,11.0,10.99,0,0,0,0,0,0,0,0,0,0,0,0
2026-03-05 18:00:00,SGN,27.6,0.4,28,7.2,63,1007.5,71,19720.0,0.88,-7.15,-2.7,-3.5,1.0,0.4,0.9,1.0,10.0,9.7,1,0,0,0,0,0,0,0,0,1,0,0
2026-03-05 19:00:00,SGN,26.9,0.1,30,10.0,104,1007.8,79,24140.0,5.59,-8.29,-0.7,-3.8,1.4,0.1,0.5,1.1,10.0,5.84,1,0,0,0,0,0,0,0,0,1,0,0
2026-03-05 20:00:00,SGN,26.5,0.0,30,8.1,118,1008.8,80,24140.0,6.02,-5.42,-0.4,-3.8,2.0,0.0,0.5,1.1,10.0,6.02,0,0,0,0,0,0,0,0,0,0,0,0
2026-03-05 21:00:00,SGN,26.5,0.0,20,10.3,119,1009.2,83,24140.0,7.77,-6.76,0.0,-1.1,1.7,0.0,0.1,1.0,10.3,7.77,0,0,0,0,0,0,0,0,0,0,0,0
2026-03-05 22:00:00,SGN,25.7,0.9,77,7.3,44,1010.0,87,24140.0,3.2,-6.56,-0.8,-1.2,2.2,0.9,0.9,1.4,10.3,7.77,1,0,0,0,0,0,0,0,0,1,0,0
2026-03-05 23:00:00,SGN,24.7,0.0,93,6.2,10,1010.0,93,24140.0,5.37,-3.1,-1.0,-1.8,1.2,0.0,0.9,1.4,10.3,7.77,0,0,0,0,0,0,0,0,0,0,0,0
2026-03-06 00:00:00,SGN,24.1,0.0,100,4.9,352,1009.7,94,24140.0,4.79,-1.02,-0.6,-2.4,0.5,0.0,0.9,1.0,7.3,5.37,0,0,0,0,0,0,0,0,0,0,0,0
2026-03-06 01:00:00,SGN,24.4,0.0,100,4.8,299,1009.3,96,24140.0,3.62,3.15,0.3,-1.3,-0.7,0.0,0.0,0.9,6.2,5.37,0,0,0,0,0,0,0,0,0,0,0,0
2026-03-06 02:00:00,SGN,24.5,0.0,99,4.6,309,1009.0,96,24140.0,3.94,2.37,0.1,-0.2,-1.0,0.0,0.0,0.9,4.9,4.79,0,0,0,0,0,0,0,0,0,0,0,0
2026-03-06 03:00:00,SGN,24.2,0.0,48,5.9,320,1008.3,99,24140.0,5.54,2.02,-0.3,0.1,-1.4,0.0,0.0,0.9,5.9,5.54,0,0,0,0,0,0,0,0,0,0,0,0
2026-03-06 04:00:00,SGN,24.1,0.0,67,5.3,305,1008.3,99,24140.0,4.34,3.04,-0.1,-0.3,-1.0,0.0,0.0,0.0,5.9,5.54,0,0,0,0,0,0,0,0,0,0,0,0
2026-03-06 05:00:00,SGN,24.0,0.0,59,6.5,314,1008.6,99,24140.0,5.84,2.85,-0.1,-0.5,-0.4,0.0,0.0,0.0,6.5,5.84,0,0,0,0,0,0,0,0,0,0,0,0
2026-03-06 06:00:00,SGN,23.9,0.0,46,7.3,310,1009.5,98,24140.0,6.32,3.65,-0.1,-0.3,1.2,0.0,0.0,0.0,7.3,6.32,0,0,0,0,0,0,0,0,0,0,0,0
2026-03-06 07:00:00,SGN,24.5,0.1,19,4.8,299,1010.4,94,24140.0,3.62,3.15,0.6,0.4,2.1,0.1,0.1,0.1,7.3,6.32,1,0,0,0,0,0,0,0,0,1,0,0
2026-03-06 08:00:00,SGN,26.1,0.0,36,5.5,324,1011.0,85,24140.0,5.29,1.52,1.6,2.1,2.4,0.0,0.1,0.1,7.3,6.32,0,0,0,0,0,0,0,0,0,0,0,0
2026-03-06 09:00:00,SGN,27.9,0.0,21,5.8,321,1011.8,76,24140.0,5.48,1.89,1.8,4.0,2.3,0.0,0.1,0.1,5.8,5.48,0,0,0,0,0,0,0,0,0,0,0,0
2026-03-06 10:00:00,SGN,29.2,0.1,16,4.1,315,1012.0,69,24140.0,3.72,1.73,1.3,4.7,1.6,0.1,0.1,0.2,5.8,5.48,1,0,0,0,0,0,0,0,0,1,0,0
2026-03-06 11:00:00,SGN,30.5,0.1,15,4.0,306,1011.3,64,24140.0,3.32,2.24,1.3,4.4,0.3,0.1,0.2,0.3,5.8,5.48,1,0,0,0,0,0,0,0,0,1,0,0
2026-03-06 12:00:00,SGN,31.5,0.1,20,1.8,323,1010.2,61,24140.0,1.72,0.53,1.0,3.6,-1.6,0.1,0.3,0.4,4.1,3.72,1,0,0,0,0,0,0,0,0,1,0,0
2026-03-06 13:00:00,SGN,31.9,0.0,94,2.4,54,1009.6,56,24140.0,0.66,-2.31,0.4,2.7,-2.4,0.0,0.2,0.3,4.0,3.32,0,0,0,0,0,0,0,0,0,0,0,0
2026-03-06 14:00:00,SGN,31.2,0.2,63,6.8,68,1008.1,55,24140.0,0.24,-6.8,-0.7,0.7,-3.2,0.2,0.3,0.5,6.8,1.72,1,0,0,0,0,0,0,0,0,1,0,0
2026-03-06 15:00:00,SGN,29.5,1.1,53,8.3,359,1007.9,64,24140.0,7.85,-2.7,-1.7,-2.0,-2.3,1.1,1.3,1.6,8.3,7.85,1,0,0,0,0,0,0,0,0,1,0,0
2026-03-06 16:00:00,SGN,27.1,3.8,76,5.9,223,1008.1,74,24140.0,2.68,5.26,-2.4,-4.8,-1.5,3.8,5.1,5.3,8.3,7.85,1,0,0,0,0,0,0,0,0,1,0,0
2026-03-06 17:00:00,SGN,26.9,0.0,65,11.0,118,1008.8,74,19020.0,8.17,-7.36,-0.2,-4.3,0.7,0.0,4.9,5.2,11.0,8.17,0,0,0,0,0,0,0,0,0,0,0,0
2026-03-06 18:00:00,SGN,24.8,0.1,61,8.0,76,1009.4,82,23140.0,0.84,-7.96,-2.1,-4.7,1.5,0.1,3.9,5.2,11.0,8.17,1,0,0,0,0,0,0,0,0,1,0,0
2026-03-06 19:00:00,SGN,25.1,0.4,38,3.2,322,1009.2,85,19060.0,3.04,0.99,0.3,-2.0,1.1,0.4,0.5,5.6,11.0,8.17,1,0,0,0,0,0,0,0,0,1,0,0
2026-03-06 20:00:00,SGN,24.3,0.0,9,6.2,314,1010.3,90,17840.0,5.57,2.72,-0.8,-2.6,1.5,0.0,0.5,5.4,8.0,5.57,0,0,0,0,0,0,0,0,0,0,0,0
2026-03-06 21:00:00,SGN,23.6,0.0,2,5.0,339,1010.9,93,24140.0,5.0,0.09,-0.7,-1.2,1.5,0.0,0.4,4.3,6.2,5.57,0,0,0,0,0,0,0,0,0,0,0,0
2026-03-06 22:00:00,SGN,23.2,0.0,2,2.3,4,1011.4,95,24140.0,2.1,-0.94,-0.4,-1.9,2.2,0.0,0.0,0.5,6.2,5.57,0,0,0,0,0,0,0,0,0,0,0,0
2026-03-06 23:00:00,SGN,23.1,0.0,7,2.1,301,1011.6,96,24140.0,1.63,1.32,-0.1,-1.2,1.3,0.0,0.0,0.5,5.0,5.0,0,0,0,0,0,0,0,0,0,0,0,0
2026-03-07 00:00:00,SGN,23.0,0.0,2,1.9,124,1011.5,97,23760.0,1.54,-1.12,-0.1,-0.6,0.6,0.0,0.0,0.4,2.3,2.1,0,0,0,0,0,0,0,0,0,0,0,0
2026-03-07 01:00:00,SGN,23.5,0.0,46,0.6,214,1010.5,100,24140.0,0.35,0.49,0.5,0.3,-0.9,0.0,0.0,0.0,2.1,1.63,0,0,0,0,0,0,0,0,0,0,0,0
2026-03-07 02:00:00,SGN,23.4,0.0,95,2.9,259,1009.7,99,24140.0,0.45,2.86,-0.1,0.3,-1.9,0.0,0.0,0.0,2.9,1.54,0,0,0,0,0,0,0,0,0,0,0,0
2026-03-07 03:00:00,SGN,23.4,0.0,100,2.4,312,1009.4,99,24140.0,2.12,1.13,0.0,0.4,-2.1,0.0,0.0,0.0,2.9,2.12,0,0,0,0,0,0,0,0,0,0,0,0
2026-03-07 04:00:00,SGN,23.2,0.0,100,2.7,318,1009.5,100,24140.0,2.5,1.01,-0.2,-0.3,-1.0,0.0,0.0,0.0,2.9,2.5,0,0,0,0,0,0,0,0,0,0,0,0
2026-03-07 05:00:00,SGN,23.1,0.0,100,2.7,356,1009.9,100,24140.0,2.6,-0.74,-0.1,-0.3,0.2,0.0,0.0,0.0,2.7,2.6,0,0,0,0,0,0,0,0,0,0,0,0
2026-03-07 06:00:00,SGN,23.1,0.0,100,4.0,21,1010.4,100,24140.0,3.02,-2.62,0.0,-0.3,1.0,0.0,0.0,0.0,4.0,3.02,0,0,0,0,0,0,0,0,0,0,0,0
2026-03-07 07:00:00,SGN,23.0,0.0,100,2.8,15,1011.3,99,24140.0,2.29,-1.61,-0.1,-0.2,1.8,0.0,0.0,0.0,4.0,3.02,0,0,0,0,0,0,0,0,0,0,0,0
2026-03-07 08:00:00,SGN,25.1,0.0,15,2.5,352,1012.0,88,24140.0,2.45,-0.52,2.1,2.0,2.1,0.0,0.0,0.0,4.0,3.02,0,0,0,0,0,0,0,0,0,0,0,0
2026-03-07 09:00:00,SGN,27.4,0.0,6,2.5,8,1012.6,76,24140.0,2.21,-1.17,2.3,4.3,2.2,0.0,0.0,0.0,2.8,2.45,0,0,0,0,0,0,0,0,0,0,0,0
2026-03-07 10:00:00,SGN,29.0,0.0,98,1.6,84,1012.4,67,24140.0,0.39,-1.55,1.6,6.0,1.1,0.0,0.0,0.0,2.5,2.45,0,0,0,0,0,0,0,0,0,0,0,0
2026-03-07 11:00:00,SGN,30.2,0.1,99,3.1,93,1012.0,61,24140.0,1.21,-2.85,1.2,5.1,0.0,0.1,0.1,0.1,3.1,2.21,1,0,0,0,0,0,0,0,1,1,0,1
2026-03-07 12:00:00,SGN,30.9,0.0,91,4.1,75,1010.8,58,24140.0,0.36,-4.08,0.7,3.5,-1.8,0.0,0.1,0.1,4.1,1.21,0,0,0,0,0,0,0,0,0,0,0,0
2026-03-07 13:00:00,SGN,31.1,0.0,30,3.6,60,1010.0,55,24140.0,0.63,-3.55,0.2,2.1,-2.4,0.0,0.1,0.1,4.1,1.21,0,0,0,0,0,0,0,0,0,0,0,0
2026-03-07 14:00:00,SGN,31.5,0.0,25,2.2,5,1009.0,55,24140.0,1.99,-0.93,0.4,1.3,-3.0,0.0,0.0,0.1,4.1,1.99,0,0,0,0,0,0,0,0,0,0,0,0
2026-03-07 15:00:00,SGN,31.8,0.0,26,0.8,63,1008.3,55,24140.0,0.1,-0.79,0.3,0.9,-2.5,0.0,0.0,0.1,3.6,1.99,0,0,0,0,0,0,0,0,0,0,0,0
2026-03-07 16:00:00,SGN,29.9,0.2,59,4.4,153,1008.1,61,24140.0,4.37,-0.54,-1.9,-1.2,-1.9,0.2,0.2,0.3,4.4,4.37,1,0,0,0,0,0,0,0,0,1,0,0
2026-03-07 17:00:00,SGN,27.5,0.8,72,1.7,319,1009.0,72,24140.0,1.59,0.61,-2.4,-4.0,0.0,0.8,1.0,1.0,4.4,4.37,1,0,0,0,0,0,0,0,0,1,0,0
2026-03-07 18:00:00,SGN,26.4,0.2,24,4.1,90,1009.2,79,24140.0,1.4,-3.85,-1.1,-5.4,0.9,0.2,1.2,1.2,4.4,4.37,1,0,0,0,0,0,0,0,0,1,0,0
2026-03-07 19:00:00,SGN,24.8,0.5,37,0.9,53,1010.3,89,18420.0,0.26,-0.86,-1.6,-5.1,2.2,0.5,1.5,1.7,4.1,1.59,1,0,0,0,0,0,0,0,0,1,0,0
2026-03-07 20:00:00,SGN,25.0,0.2,19,3.6,162,1010.8,89,24140.0,3.6,0.13,0.2,-2.5,1.8,0.2,0.9,1.9,4.1,3.6,1,0,0,0,0,0,0,0,0,1,0,0
2026-03-07 21:00:00,SGN,25.0,0.0,27,2.4,257,1011.0,90,24140.0,0.29,2.38,0.0,-1.4,1.8,0.0,0.7,1.9,3.6,3.6,0,0,0,0,0,0,0,0,0,0,0,0
2026-03-07 22:00:00,SGN,24.9,0.0,6,3.2,207,1011.4,91,24140.0,2.18,2.34,-0.1,0.1,1.1,0.0,0.2,1.7,3.6,3.6,0,0,0,0,0,0,0,0,0,0,0,0
2026-03-07 23:00:00,SGN,24.8,0.0,2,4.0,188,1011.5,91,24140.0,3.53,1.88,-0.1,-0.2,0.7,0.0,0.0,0.9,4.0,3.53,0,0,0,0,0,0,0,0,0,0,0,0
2026-03-08 00:00:00,SGN,24.4,0.0,3,2.3,176,1011.2,94,24140.0,2.21,0.63,-0.4,-0.6,0.2,0.0,0.0,0.7,4.0,3.53,0,0,0,0,0,0,0,0,0,0,0,0
2026-03-08 01:00:00,SGN,24.6,0.0,37,1.5,240,1010.7,94,24140.0,0.26,1.48,0.2,-0.3,-0.7,0.0,0.0,0.2,4.0,3.53,0,0,0,0,0,0,0,0,0,0,0,0
2026-03-08 02:00:00,SGN,24.4,0.0,1,3.6,323,1010.2,95,24140.0,3.44,1.05,-0.2,-0.4,-1.3,0.0,0.0,0.0,3.6,3.44,0,0,0,0,0,0,0,0,0,0,0,0
2026-03-08 03:00:00,SGN,23.9,0.0,9,3.8,315,1010.2,97,24140.0,3.44,1.61,-0.5,-0.5,-1.0,0.0,0.0,0.0,3.8,3.44,0,0,0,0,0,0,0,0,0,0,0,0
2026-03-08 04:00:00,SGN,23.5,0.0,57,4.7,328,1010.3,99,24140.0,4.6,0.98,-0.4,-1.1,-0.4,0.0,0.0,0.0,4.7,4.6,0,0,0,0,0,0,0,0,0,0,0,0
2026-03-08 05:00:00,SGN,23.4,0.0,78,5.8,338,1010.5,99,24140.0,5.8,0.2,-0.1,-1.0,0.3,0.0,0.0,0.0,5.8,5.8,0,0,0,0,0,0,0,0,0,0,0,0
2026-03-08 06:00:00,SGN,23.1,0.0,100,7.1,341,1011.0,99,24140.0,7.1,-0.12,-0.3,-0.8,0.8,0.0,0.0,0.0,7.1,7.1,0,0,0,0,0,0,0,0,0,0,0,0
2026-03-08 07:00:00,SGN,23.7,0.1,13,6.0,5,1012.0,94,24140.0,5.44,-2.54,0.6,0.2,1.7,0.1,0.1,0.1,7.1,7.1,1,0,0,0,0,0,0,0,0,1,0,0
2026-03-08 08:00:00,SGN,25.2,0.0,0,5.8,16,1012.5,78,24140.0,4.69,-3.41,1.5,1.8,2.0,0.0,0.1,0.1,7.1,7.1,0,0,0,0,0,0,0,0,0,0,0,0
2026-03-08 09:00:00,SGN,26.9,0.0,0,6.3,20,1012.8,64,24140.0,4.83,-4.05,1.7,3.8,1.8,0.0,0.1,0.1,6.3,5.44,0,0,0,0,0,0,0,0,0,0,0,0
2026-03-08 10:00:00,SGN,28.5,0.0,0,4.8,15,1012.5,57,24140.0,3.93,-2.75,1.6,4.8,0.5,0.0,0.0,0.1,6.3,4.83,0,0,0,0,0,0,0,0,0,0,0,0
2026-03-08 11:00:00,SGN,30.0,0.0,0,3.4,3,1012.0,52,24140.0,3.13,-1.33,1.5,4.8,-0.5,0.0,0.0,0.1,6.3,4.83,0,0,0,0,0,0,0,0,0,0,0,0
2026-03-08 12:00:00,SGN,31.0,0.0,0,2.7,20,1010.8,48,24140.0,2.07,-1.74,1.0,4.1,-2.0,0.0,0.0,0.1,4.8,3.93,0,0,0,0,0,0,0,0,0,0,0,0
2026-03-08 13:00:00,SGN,31.6,0.0,8,2.5,4,1009.8,48,24140.0,2.28,-1.02,0.6,3.1,-2.7,0.0,0.0,0.0,3.4,3.13,0,0,0,0,0,0,0,0,0,0,0,0
2026-03-08 14:00:00,SGN,32.5,0.0,10,2.2,35,1008.7,45,24140.0,1.26,-1.8,0.9,2.5,-3.3,0.0,0.0,0.0,2.7,2.28,0,0,0,0,0,0,0,0,0,0,0,0
2026-03-08 15:00:00,SGN,32.5,0.0,13,3.2,74,1007.9,44,24140.0,0.22,-3.19,0.0,1.5,-2.9,0.0,0.0,0.0,3.2,2.28,0,0,0,0,0,0,0,0,0,0,0,0
2026-03-08 16:00:00,SGN,32.0,0.0,13,4.4,111,1007.8,45,24140.0,2.89,-3.32,-0.5,0.4,-2.0,0.0,0.0,0.0,4.4,2.89,0,0,0,0,0,0,0,0,0,0,0,0
2026-03-08 17:00:00,SGN,31.5,0.0,9,3.6,99,1007.8,48,24140.0,1.75,-3.15,-0.5,-1.0,-0.9,0.0,0.0,0.0,4.4,2.89,0,0,0,0,0,0,0,0,0,0,0,0
2026-03-08 18:00:00,SGN,29.4,0.0,9,7.6,152,1008.2,59,24140.0,7.53,-1.06,-2.1,-3.1,0.3,0.0,0.0,0.0,7.6,7.53,0,0,0,0,0,0,0,0,0,0,0,0
2026-03-08 19:00:00,SGN,27.2,0.0,1,11.7,160,1009.0,69,24140.0,11.7,0.0,-2.2,-4.8,1.2,0.0,0.0,0.0,11.7,11.7,0,0,0,0,0,0,0,0,0,0,0,0
2026-03-08 20:00:00,SGN,26.1,0.0,2,9.5,161,1009.8,77,24140.0,9.5,0.17,-1.1,-5.4,2.0,0.0,0.0,0.0,11.7,11.7,0,0,0,0,0,0,0,0,0,0,0,0
2026-03-08 21:00:00,SGN,25.9,0.0,1,8.1,168,1010.3,81,24140.0,8.02,1.13,-0.2,-3.5,2.1,0.0,0.0,0.0,11.7,11.7,0,0,0,0,0,0,0,0,0,0,0,0
2026-03-08 22:00:00,SGN,25.5,0.0,0,7.1,173,1010.5,86,24140.0,6.92,1.6,-0.4,-1.7,1.5,0.0,0.0,0.0,9.5,9.5,0,0,0,0,0,0,0,0,0,0,0,0
2026-03-08 23:00:00,SGN,25.2,0.0,0,5.3,172,1010.7,90,24140.0,5.18,1.1,-0.3,-0.9,0.9,0.0,0.0,0.0,8.1,8.02,0,0,0,0,0,0,0,0,0,0,0,0
2026-03-09 00:00:00,SGN,25.0,0.0,4,4.0,141,1010.8,92,24140.0,3.78,-1.3,-0.2,-0.9,0.5,0.0,0.0,0.0,7.1,6.92,0,0,0,0,0,0,0,0,0,0,0,0
2026-03-09 01:00:00,SGN,24.8,0.0,12,0.6,198,1010.6,96,24140.0,0.47,0.37,-0.2,-0.7,0.1,0.0,0.0,0.0,5.3,5.18,0,0,0,0,0,0,0,0,0,0,0,0
2026-03-09 02:00:00,SGN,24.5,0.0,25,0.8,315,1010.2,97,24140.0,0.73,0.34,-0.3,-0.7,-0.5,0.0,0.0,0.0,4.0,3.78,0,0,0,0,0,0,0,0,0,0,0,0
2026-03-09 03:00:00,SGN,24.1,0.0,19,3.5,332,1009.8,99,24140.0,3.47,0.49,-0.4,-0.9,-1.0,0.0,0.0,0.0,3.5,3.47,0,0,0,0,0,0,0,0,0,0,0,0
2026-03-09 04:00:00,SGN,23.7,0.0,98,4.2,353,1009.8,100,24140.0,4.09,-0.94,-0.4,-1.1,-0.8,0.0,0.0,0.0,4.2,4.09,0,0,0,0,0,0,0,0,0,0,0,0
2026-03-09 05:00:00,SGN,23.4,0.0,98,5.4,354,1010.5,99,24140.0,5.24,-1.31,-0.3,-1.1,0.3,0.0,0.0,0.0,5.4,5.24,0,0,0,0,0,0,0,0,0,0,0,0
2026-03-09 06:00:00,SGN,23.2,0.0,68,6.2,353,1011.1,99,24140.0,6.04,-1.39,-0.2,-0.9,1.3,0.0,0.0,0.0,6.2,6.04,0,0,0,0,0,0,0,0,0,0,0,0
2026-03-09 07:00:00,SGN,24.3,0.0,32,4.5,331,1012.0,95,24140.0,4.44,0.7,1.1,0.6,2.2,0.0,0.0,0.0,6.2,6.04,0,0,0,0,0,0,0,0,0,0,0,0
2026-03-09 08:00:00,SGN,26.1,0.0,22,4.4,330,1012.6,86,24140.0,4.33,0.76,1.8,2.7,2.1,0.0,0.0,0.0,6.2,6.04,0,0,0,0,0,0,0,0,0,0,0,0
2026-03-09 09:00:00,SGN,28.0,0.0,10,2.8,342,1013.0,73,24140.0,2.8,-0.1,1.9,4.8,1.9,0.0,0.0,0.0,4.5,4.44,0,0,0,0,0,0,0,0,0,0,0,0
2026-03-09 10:00:00,SGN,29.6,0.0,5,0.9,11,1012.9,65,24140.0,0.77,-0.46,1.6,5.3,0.9,0.0,0.0,0.0,4.4,4.33,0,0,0,0,0,0,0,0,0,0,0,0
2026-03-09 11:00:00,SGN,30.9,0.0,5,2.4,81,1012.3,60,24140.0,0.46,-2.36,1.3,4.8,-0.3,0.0,0.0,0.0,2.8,2.8,0,0,0,0,0,0,0,0,0,0,0,0
2026-03-09 12:00:00,SGN,31.6,0.0,20,4.6,99,1011.1,54,24140.0,2.23,-4.02,0.7,3.6,-1.9,0.0,0.0,0.0,4.6,2.23,0,0,0,0,0,0,0,0,0,0,0,0
2026-03-09 13:00:00,SGN,31.6,0.0,17,2.2,81,1010.1,52,24140.0,0.42,-2.16,0.0,2.0,-2.8,0.0,0.0,0.0,4.6,2.23,0,0,0,0,0,0,0,0,0,0,0,0
2026-03-09 14:00:00,SGN,32.7,0.0,13,3.6,60,1009.3,47,24140.0,0.63,-3.55,1.1,1.8,-3.0,0.0,0.0,0.0,4.6,2.23,0,0,0,0,0,0,0,0,0,0,0,0
2026-03-09 15:00:00,SGN,32.8,0.0,27,4.1,75,1008.8,47,24140.0,0.36,-4.08,0.1,1.2,-2.3,0.0,0.0,0.0,4.1,0.63,0,0,0,0,0,0,0,0,0,0,0,0
2026-03-09 16:00:00,SGN,32.2,0.1,25,5.2,102,1008.9,50,24140.0,2.76,-4.41,-0.6,0.6,-1.2,0.1,0.1,0.1,5.2,2.76,1,0,0,0,0,0,0,0,0,1,0,0
2026-03-09 17:00:00,SGN,29.4,0.1,37,13.6,151,1009.3,63,24140.0,13.43,-2.13,-2.8,-3.3,0.0,0.1,0.2,0.2,13.6,13.43,1,0,0,0,0,0,0,0,0,1,0,0
2026-03-09 18:00:00,SGN,27.7,0.1,30,8.8,131,1009.7,70,24140.0,7.7,-4.27,-1.7,-5.1,0.9,0.1,0.3,0.3,13.6,13.43,1,0,0,0,0,0,0,0,0,1,0,0
2026-03-09 19:00:00,SGN,27.9,0.1,13,7.0,151,1010.1,72,24140.0,6.91,-1.1,0.2,-4.3,1.2,0.1,0.3,0.4,13.6,13.43,1,0,0,0,0,0,0,0,0,1,0,0
2026-03-09 20:00:00,SGN,27.2,0.0,37,4.2,59,1011.3,76,24140.0,0.8,-4.12,-0.7,-2.2,2.0,0.0,0.2,0.4,8.8,7.7,0,0,0,0,0,0,0,0,0,0,0,0
2026-03-09 21:00:00,SGN,24.4,4.8,80,8.5,328,1012.3,89,24140.0,8.31,1.77,-2.8,-3.3,2.6,4.8,4.9,5.2,8.5,8.31,1,0,0,0,0,0,0,0,0,1,0,0
2026-03-09 22:00:00,SGN,24.5,1.0,80,6.5,178,1012.0,92,24140.0,6.18,2.01,0.1,-3.4,1.9,1.0,5.8,6.1,8.5,8.31,1,0,0,0,0,0,0,0,0,1,0,0
2026-03-09 23:00:00,SGN,24.9,0.0,40,3.3,209,1012.2,92,24140.0,2.16,2.49,0.4,-2.3,0.9,0.0,5.8,6.0,8.5,8.31,0,0,0,0,0,0,0,0,0,0,0,0
2026-03-10 00:00:00,SGN,24.8,0.0,39,3.5,249,1012.2,94,24140.0,0.06,3.5,-0.1,0.4,-0.1,0.0,1.0,5.9,6.5,6.18,0,0,0,0,0,0,0,0,0,0,0,0
2026-03-10 01:00:00,SGN,24.9,0.0,45,5.2,236,1011.5,95,24140.0,1.26,5.05,0.1,0.4,-0.5,0.0,0.0,5.8,5.2,2.16,0,0,0,0,0,0,0,0,0,0,0,0
2026-03-10 02:00:00,SGN,24.9,0.0,21,2.7,242,1011.1,96,24140.0,0.38,2.67,0.0,0.0,-1.1,0.0,0.0,5.8,5.2,1.26,0,0,0,0,0,0,0,0,0,0,0,0
2026-03-10 03:00:00,SGN,24.6,0.0,9,1.6,333,1010.5,97,24140.0,1.59,0.19,-0.3,-0.2,-1.7,0.0,0.0,1.0,5.2,1.59,0,0,0,0,0,0,0,0,0,0,0,0
2026-03-10 04:00:00,SGN,24.4,0.0,6,4.7,337,1010.6,99,24140.0,4.69,0.25,-0.2,-0.5,-0.9,0.0,0.0,0.0,4.7,4.69,0,0,0,0,0,0,0,0,0,0,0,0
2026-03-10 05:00:00,SGN,24.1,0.0,35,5.5,333,1011.0,98,24140.0,5.46,0.67,-0.3,-0.8,-0.1,0.0,0.0,0.0,5.5,5.46,0,0,0,0,0,0,0,0,0,0,0,0
2026-03-10 06:00:00,SGN,23.9,0.0,91,5.5,333,1011.4,99,24140.0,5.46,0.67,-0.2,-0.7,0.9,0.0,0.0,0.0,5.5,5.46,0,0,0,0,0,0,0,0,0,0,0,0
2026-03-10 07:00:00,SGN,24.8,0.0,3,3.0,327,1012.3,90,24140.0,2.92,0.67,0.9,0.4,1.7,0.0,0.0,0.0,5.5,5.46,0,0,0,0,0,0,0,0,0,0,0,0
2026-03-10 08:00:00,SGN,26.9,0.0,13,3.4,342,1013.2,79,24140.0,3.4,-0.12,2.1,2.8,2.2,0.0,0.0,0.0,5.5,5.46,0,0,0,0,0,0,0,0,0,0,0,0
2026-03-10 09:00:00,SGN,28.9,0.0,0,1.5,7,1013.3,68,24140.0,1.34,-0.68,2.0,5.0,1.9,0.0,0.0,0.0,3.4,3.4,0,0,0,0,0,0,0,0,0,0,0,0
2026-03-10 10:00:00,SGN,30.8,0.0,6,1.8,24,1013.4,59,24140.0,1.29,-1.25,1.9,6.0,1.1,0.0,0.0,0.0,3.4,3.4,0,0,0,0,0,0,0,0,0,0,0,0
2026-03-10 11:00:00,SGN,32.2,0.0,9,3.3,54,1012.6,52,24140.0,0.91,-3.17,1.4,5.3,-0.6,0.0,0.0,0.0,3.3,1.34,0,0,0,0,0,0,0,0,0,0,0,0
2026-03-10 12:00:00,SGN,33.4,0.0,20,4.5,53,1011.3,46,24140.0,1.32,-4.3,1.2,4.5,-2.0,0.0,0.0,0.0,4.5,1.32,0,0,0,0,0,0,0,0,0,0,0,0
2026-03-10 13:00:00,SGN,33.0,0.0,29,6.2,60,1010.8,46,24140.0,1.08,-6.11,-0.4,2.2,-2.6,0.0,0.0,0.0,6.2,1.32,0,0,0,0,0,0,0,0,0,0,0,0
2026-03-10 14:00:00,SGN,33.3,0.1,58,5.5,67,1009.9,46,24140.0,0.29,-5.49,0.3,1.1,-2.7,0.1,0.1,0.1,6.2,1.32,1,0,0,0,0,0,0,0,0,1,0,0
2026-03-10 15:00:00,SGN,32.8,0.2,98,4.0,87,1009.3,49,24140.0,1.17,-3.83,-0.5,-0.6,-2.0,0.2,0.3,0.3,6.2,1.17,1,0,0,0,0,0,0,0,1,1,0,1
2026-03-10 16:00:00,SGN,30.4,0.2,45,10.0,146,1009.4,59,24140.0,9.7,-2.42,-2.4,-2.6,-1.4,0.2,0.5,0.5,10.0,9.7,1,0,0,0,0,0,0,0,0,1,0,0
2026-03-10 17:00:00,SGN,30.5,0.1,26,7.1,173,1009.6,59,24140.0,6.92,1.6,0.1,-2.8,-0.3,0.1,0.5,0.6,10.0,9.7,1,0,0,0,0,0,0,0,0,1,0,0
2026-03-10 18:00:00,SGN,29.4,0.0,30,8.5,176,1009.9,62,24140.0,8.17,2.34,-1.1,-3.4,0.6,0.0,0.3,0.6,10.0,9.7,0,0,0,0,0,0,0,0,0,0,0,0
2026-03-10 19:00:00,SGN,27.0,0.0,33,8.7,127,1011.0,77,24140.0,7.3,-4.74,-2.4,-3.4,1.6,0.0,0.1,0.6,8.7,8.17,0,0,0,0,0,0,0,0,0,0,0,0
2026-03-10 20:00:00,SGN,25.8,0.2,16,14.5,145,1011.8,82,24140.0,14.01,-3.75,-1.2,-4.7,2.2,0.2,0.2,0.7,14.5,14.01,1,0,0,0,0,0,0,0,0,1,0,0
2026-03-10 21:00:00,SGN,25.2,0.0,5,9.0,120,1011.9,82,12340.0,6.89,-5.79,-0.6,-4.2,2.0,0.0,0.2,0.5,14.5,14.01,0,0,0,0,0,0,0,0,0,0,0,0
2026-03-10 22:00:00,SGN,25.4,0.0,9,6.0,85,1012.2,83,23420.0,1.55,-5.8,0.2,-1.6,1.2,0.0,0.2,0.3,14.5,14.01,0,0,0,0,0,0,0,0,0,0,0,0
2026-03-10 23:00:00,SGN,25.2,0.0,74,2.0,5,1012.3,87,24140.0,1.81,-0.85,-0.2,-0.6,0.5,0.0,0.0,0.2,9.0,6.89,0,0,0,0,0,0,0,0,0,0,0,0
2026-03-11 00:00:00,SGN,24.7,0.0,13,5.2,338,1011.9,90,24140.0,5.2,0.18,-0.5,-0.5,0.0,0.0,0.0,0.2,6.0,5.2,0,0,0,0,0,0,0,0,0,0,0,0
2026-03-11 01:00:00,SGN,25.1,0.0,42,4.2,350,1011.5,89,24140.0,4.14,-0.73,0.4,-0.3,-0.7,0.0,0.0,0.2,5.2,5.2,0,0,0,0,0,0,0,0,0,0,0,0
2026-03-11 02:00:00,SGN,25.2,0.0,84,3.8,355,1011.0,89,24140.0,3.67,-0.98,0.1,0.0,-1.3,0.0,0.0,0.0,5.2,5.2,0,0,0,0,0,0,0,0,0,0,0,0
2026-03-11 03:00:00,SGN,24.9,0.0,77,3.6,351,1010.5,90,24140.0,3.53,-0.69,-0.3,0.2,-1.4,0.0,0.0,0.0,4.2,4.14,0,0,0,0,0,0,0,0,0,0,0,0
2026-03-11 04:00:00,SGN,24.5,0.0,59,4.0,352,1010.4,89,24140.0,3.91,-0.83,-0.4,-0.6,-1.1,0.0,0.0,0.0,4.0,3.91,0,0,0,0,0,0,0,0,0,0,0,0
2026-03-11 05:00:00,SGN,24.1,0.0,85,5.4,360,1010.4,87,24140.0,5.07,-1.85,-0.4,-1.1,-0.6,0.0,0.0,0.0,5.4,5.07,0,0,0,0,0,0,0,0,0,0,0,0
2026-03-11 06:00:00,SGN,23.7,0.0,100,5.0,2,1010.8,85,24140.0,4.64,-1.87,-0.4,-1.2,0.3,0.0,0.0,0.0,5.4,5.07,0,0,0,0,0,0,0,0,0,0,0,0
2026-03-11 07:00:00,SGN,24.6,0.0,59,1.0,315,1011.6,92,24140.0,0.91,0.42,0.9,0.1,1.2,0.0,0.0,0.0,5.4,5.07,0,0,0,0,0,0,0,0,0,0,0,0
2026-03-11 08:00:00,SGN,26.5,0.0,36,1.7,328,1012.6,81,24140.0,1.66,0.35,1.9,2.4,2.2,0.0,0.0,0.0,5.0,4.64,0,0,0,0,0,0,0,0,0,0,0,0
2026-03-11 09:00:00,SGN,28.0,0.0,15,2.7,328,1013.1,71,24140.0,2.64,0.56,1.5,4.3,2.3,0.0,0.0,0.0,2.7,2.64,0,0,0,0,0,0,0,0,0,0,0,0
2026-03-11 10:00:00,SGN,29.8,0.0,83,3.5,348,1012.8,61,24140.0,3.47,-0.49,1.8,5.2,1.2,0.0,0.0,0.0,3.5,3.47,0,0,0,0,0,0,0,0,0,0,0,0
2026-03-11 11:00:00,SGN,31.2,0.0,54,4.0,3,1012.0,54,24140.0,3.68,-1.56,1.4,4.7,-0.6,0.0,0.0,0.0,4.0,3.68,0,0,0,0,0,0,0,0,0,0,0,0
2026-03-11 12:00:00,SGN,32.2,0.0,98,4.8,15,1010.7,49,24140.0,3.93,-2.75,1.0,4.2,-2.4,0.0,0.0,0.0,4.8,3.93,0,0,0,0,0,0,0,0,0,0,0,0
2026-03-11 13:00:00,SGN,33.3,0.0,59,5.6,6,1009.7,41,24140.0,5.03,-2.45,1.1,3.5,-3.1,0.0,0.0,0.0,5.6,5.03,0,0,0,0,0,0,0,0,0,0,0,0
2026-03-11 14:00:00,SGN,34.2,0.0,68,5.8,16,1008.7,36,24140.0,4.69,-3.41,0.9,3.0,-3.3,0.0,0.0,0.0,5.8,5.03,0,0,0,0,0,0,0,0,0,0,0,0
2026-03-11 15:00:00,SGN,34.0,0.0,46,6.4,27,1008.0,35,24140.0,4.36,-4.68,-0.2,1.8,-2.7,0.0,0.0,0.0,6.4,5.03,0,0,0,0,0,0,0,0,0,0,0,0
2026-03-11 16:00:00,SGN,34.0,0.0,19,5.7,41,1007.7,34,24140.0,2.76,-4.99,0.0,0.7,-2.0,0.0,0.0,0.0,6.4,4.69,0,0,0,0,0,0,0,0,0,0,0,0
2026-03-11 17:00:00,SGN,31.8,0.0,27,11.4,147,1008.1,45,24140.0,11.11,-2.56,-2.2,-2.4,-0.6,0.0,0.0,0.0,11.4,11.11,0,0,0,0,0,0,0,0,0,0,0,0
2026-03-11 18:00:00,SGN,28.8,0.0,6,13.4,162,1008.7,62,24140.0,13.39,0.47,-3.0,-5.2,0.7,0.0,0.0,0.0,13.4,13.39,0,0,0,0,0,0,0,0,0,0,0,0
2026-03-11 19:00:00,SGN,28.9,0.0,17,10.9,167,1009.2,63,24140.0,10.82,1.33,0.1,-5.1,1.5,0.0,0.0,0.0,13.4,13.39,0,0,0,0,0,0,0,0,0,0,0,0
2026-03-11 20:00:00,SGN,28.2,0.0,61,11.3,162,1010.0,67,24140.0,11.29,0.39,-0.7,-3.6,1.9,0.0,0.0,0.0,13.4,13.39,0,0,0,0,0,0,0,0,0,0,0,0
2026-03-11 21:00:00,SGN,27.0,0.0,14,12.2,154,1010.2,73,24140.0,12.13,-1.28,-1.2,-1.8,1.5,0.0,0.0,0.0,12.2,12.13,0,0,0,0,0,0,0,0,0,0,0,0
2026-03-11 22:00:00,SGN,26.5,0.0,59,9.8,145,1010.9,74,24140.0,9.47,-2.54,-0.5,-2.4,1.7,0.0,0.0,0.0,12.2,12.13,0,0,0,0,0,0,0,0,0,0,0,0
2026-03-11 23:00:00,SGN,26.1,0.0,18,7.0,132,1011.0,76,24140.0,6.18,-3.29,-0.4,-2.1,1.0,0.0,0.0,0.0,12.2,12.13,0,0,0,0,0,0,0,0,0,0,0,0
2026-03-12 00:00:00,SGN,25.9,0.0,88,4.6,99,1010.9,76,24140.0,2.23,-4.02,-0.2,-1.1,0.7,0.0,0.0,0.0,9.8,9.47,0,0,0,0,0,0,0,0,0,0,0,0
2026-03-12 01:00:00,SGN,26.2,0.0,60,2.6,192,1010.2,75,24140.0,2.2,1.38,0.3,-0.3,-0.7,0.0,0.0,0.0,7.0,6.18,0,0,0,0,0,0,0,0,0,0,0,0
2026-03-12 02:00:00,SGN,26.0,0.0,89,4.5,157,1009.7,74,24140.0,4.49,-0.24,-0.2,-0.1,-1.3,0.0,0.0,0.0,4.6,4.49,0,0,0,0,0,0,0,0,0,0,0,0
2026-03-12 03:00:00,SGN,26.0,0.0,96,3.9,167,1009.5,73,24140.0,3.87,0.48,0.0,0.1,-1.4,0.0,0.0,0.0,4.5,4.49,0,0,0,0,0,0,0,0,0,0,0,0
2026-03-12 04:00:00,SGN,25.7,0.0,63,4.8,103,1009.6,73,24140.0,2.61,-4.03,-0.3,-0.5,-0.6,0.0,0.0,0.0,4.8,4.49,0,0,0,0,0,0,0,0,0,0,0,0
2026-03-12 05:00:00,SGN,25.5,0.0,38,5.4,86,1010.0,73,24140.0,1.49,-5.19,-0.2,-0.5,0.3,0.0,0.0,0.0,5.4,3.87,0,0,0,0,0,0,0,0,0,0,0,0
2026-03-12 06:00:00,SGN,25.3,0.0,95,6.3,70,1010.5,75,24140.0,0.0,-6.3,-0.2,-0.7,1.0,0.0,0.0,0.0,6.3,2.61,0,0,0,0,0,0,0,0,0,0,0,0
2026-03-12 07:00:00,SGN,25.9,0.0,2,5.4,92,1011.3,75,24140.0,2.02,-5.01,0.6,0.2,1.7,0.0,0.0,0.0,6.3,2.02,0,0,0,0,0,0,0,0,0,0,0,0
2026-03-12 08:00:00,SGN,27.8,0.0,8,3.4,84,1012.0,63,24140.0,0.82,-3.3,1.9,2.3,2.0,0.0,0.0,0.0,6.3,2.02,0,0,0,0,0,0,0,0,0,0,0,0
2026-03-12 09:00:00,SGN,29.6,0.0,1,2.2,90,1012.0,53,24140.0,0.75,-2.07,1.8,4.3,1.5,0.0,0.0,0.0,5.4,2.02,0,0,0,0,0,0,0,0,0,0,0,0
2026-03-12 10:00:00,SGN,31.4,0.0,9,1.0,22,1012.0,46,24140.0,0.74,-0.67,1.8,5.5,0.7,0.0,0.0,0.0,3.4,0.82,0,0,0,0,0,0,0,0,0,0,0,0
2026-03-12 11:00:00,SGN,32.8,0.0,10,2.0,85,1011.0,40,24140.0,0.52,-1.93,1.4,5.0,-1.0,0.0,0.0,0.0,2.2,0.75,0,0,0,0,0,0,0,0,0,0,0,0
2026-03-12 12:00:00,SGN,33.8,0.0,20,4.4,78,1009.7,36,24140.0,0.61,-4.36,1.0,4.2,-2.3,0.0,0.0,0.0,4.4,0.74,0,0,0,0,0,0,0,0,0,0,0,0
2026-03-12 13:00:00,SGN,33.4,0.1,24,4.4,81,1008.9,37,24140.0,0.84,-4.32,-0.4,2.0,-3.1,0.1,0.1,0.1,4.4,0.84,1,0,0,0,0,0,0,0,0,1,0,0
2026-03-12 14:00:00,SGN,34.3,0.0,16,3.2,74,1007.7,34,24140.0,0.22,-3.19,0.9,1.5,-3.3,0.0,0.1,0.1,4.4,0.84,0,0,0,0,0,0,0,0,0,0,0,0
2026-03-12 15:00:00,SGN,34.6,0.0,25,4.2,121,1006.7,32,24140.0,3.26,-2.64,0.3,0.8,-3.0,0.0,0.1,0.1,4.4,3.26,0,0,0,0,0,0,0,0,0,0,0,0
2026-03-12 16:00:00,SGN,31.7,0.0,46,14.3,155,1007.0,44,24140.0,14.25,-1.25,-2.9,-1.7,-1.9,0.0,0.0,0.1,14.3,14.25,0,0,0,0,0,0,0,0,0,0,0,0
2026-03-12 17:00:00,SGN,30.2,0.2,16,10.8,147,1007.4,53,24140.0,10.52,-2.43,-1.5,-4.1,-0.3,0.2,0.2,0.3,14.3,14.25,1,0,0,0,0,0,0,0,0,1,0,0
2026-03-12 18:00:00,SGN,29.5,0.0,16,12.4,147,1007.8,56,24140.0,12.08,-2.79,-0.7,-5.1,1.1,0.0,0.2,0.3,14.3,14.25,0,0,0,0,0,0,0,0,0,0,0,0
2026-03-12 19:00:00,SGN,28.0,0.0,2,14.1,148,1008.5,66,24140.0,13.79,-2.93,-1.5,-3.7,1.5,0.0,0.2,0.2,14.1,13.79,0,0,0,0,0,0,0,0,0,0,0,0
2026-03-12 20:00:00,SGN,27.2,0.0,3,13.9,141,1009.4,69,24140.0,13.14,-4.53,-0.8,-3.0,2.0,0.0,0.0,0.2,14.1,13.79,0,0,0,0,0,0,0,0,0,0,0,0
2026-03-12 21:00:00,SGN,26.7,0.0,2,13.0,132,1010.2,69,24140.0,11.48,-6.1,-0.5,-2.8,2.4,0.0,0.0,0.2,14.1,13.79,0,0,0,0,0,0,0,0,0,0,0,0
2026-03-12 22:00:00,SGN,26.2,0.0,0,11.9,132,1010.5,70,24140.0,10.51,-5.59,-0.5,-1.8,2.0,0.0,0.0,0.2,13.9,13.14,0,0,0,0,0,0,0,0,0,0,0,0
2026-03-12 23:00:00,SGN,25.9,0.0,0,11.1,126,1010.6,71,24140.0,9.2,-6.21,-0.3,-1.3,1.2,0.0,0.0,0.0,13.0,11.48,0,0,0,0,0,0,0,0,0,0,0,0
2026-03-13 00:00:00,SGN,25.6,0.0,0,9.4,101,1010.6,70,24140.0,4.84,-8.06,-0.3,-1.1,0.4,0.0,0.0,0.0,11.9,10.51,0,0,0,0,0,0,0,0,0,0,0,0
2026-03-13 01:00:00,SGN,25.9,0.0,4,9.2,106,1010.0,69,24140.0,5.41,-7.44,0.3,-0.3,-0.5,0.0,0.0,0.0,11.1,9.2,0,0,0,0,0,0,0,0,0,0,0,0
2026-03-13 02:00:00,SGN,25.6,0.0,9,8.5,92,1009.5,69,24140.0,3.18,-7.88,-0.3,-0.3,-1.1,0.0,0.0,0.0,9.4,5.41,0,0,0,0,0,0,0,0,0,0,0,0
2026-03-13 03:00:00,SGN,25.2,0.0,5,7.6,91,1009.3,70,24140.0,2.72,-7.1,-0.4,-0.4,-1.3,0.0,0.0,0.0,9.2,5.41,0,0,0,0,0,0,0,0,0,0,0,0
2026-03-13 04:00:00,SGN,25.0,0.0,5,6.2,69,1009.8,70,24140.0,0.11,-6.2,-0.2,-0.9,-0.2,0.0,0.0,0.0,8.5,3.18,0,0,0,0,0,0,0,0,0,0,0,0
2026-03-13 05:00:00,SGN,24.7,0.0,4,5.2,59,1010.0,71,24140.0,0.99,-5.1,-0.3,-0.9,0.5,0.0,0.0,0.0,7.6,2.72,0,0,0,0,0,0,0,0,0,0,0,0
2026-03-13 06:00:00,SGN,24.5,0.0,4,3.6,57,1010.7,72,24140.0,0.81,-3.51,-0.2,-0.7,1.4,0.0,0.0,0.0,6.2,0.99,0,0,0,0,0,0,0,0,0,0,0,0
2026-03-13 07:00:00,SGN,25.5,0.0,8,3.1,66,1011.6,71,24140.0,0.22,-3.09,1.0,0.5,1.8,0.0,0.0,0.0,5.2,0.99,0,0,0,0,0,0,0,0,0,0,0,0
2026-03-13 08:00:00,SGN,27.5,0.0,8,2.6,74,1012.3,59,24140.0,0.18,-2.59,2.0,2.8,2.3,0.0,0.0,0.0,3.6,0.81,0,0,0,0,0,0,0,0,0,0,0,0
2026-03-13 09:00:00,SGN,29.2,0.0,1,4.1,103,1012.5,50,24140.0,2.23,-3.44,1.7,4.7,1.8,0.0,0.0,0.0,4.1,2.23,0,0,0,0,0,0,0,0,0,0,0,0
2026-03-13 10:00:00,SGN,31.0,0.0,0,4.5,95,1012.4,44,24140.0,1.9,-4.08,1.8,5.5,0.8,0.0,0.0,0.0,4.5,2.23,0,0,0,0,0,0,0,0,0,0,0,0
2026-03-13 11:00:00,SGN,32.5,0.0,23,4.7,86,1011.5,40,24140.0,1.3,-4.52,1.5,5.0,-0.8,0.0,0.0,0.0,4.7,2.23,0,0,0,0,0,0,0,0,0,0,0,0
2026-03-13 12:00:00,SGN,33.2,0.1,18,4.9,80,1010.4,37,24140.0,0.85,-4.83,0.7,4.0,-2.1,0.1,0.1,0.1,4.9,1.9,1,0,0,0,0,0,0,0,0,1,0,0
2026-03-13 13:00:00,SGN,33.5,0.1,15,4.4,81,1009.4,36,24140.0,0.84,-4.32,0.3,2.5,-3.0,0.1,0.2,0.2,4.9,1.3,1,0,0,0,0,0,0,0,0,1,0,0
2026-03-13 14:00:00,SGN,34.3,0.0,20,2.9,47,1008.3,34,24140.0,1.13,-2.67,0.8,1.8,-3.2,0.0,0.2,0.2,4.9,1.13,0,0,0,0,0,0,0,0,0,0,0,0
2026-03-13 15:00:00,SGN,34.8,0.0,39,1.3,304,1007.5,33,24140.0,1.05,0.76,0.5,1.6,-2.9,0.0,0.1,0.2,4.4,1.13,0,0,0,0,0,0,0,0,0,0,0,0
2026-03-13 16:00:00,SGN,33.8,0.0,96,6.5,267,1007.5,35,24140.0,1.9,6.22,-1.0,0.3,-1.9,0.0,0.0,0.2,6.5,1.9,0,0,0,0,0,0,0,0,0,0,0,0
2026-03-13 17:00:00,SGN,31.4,0.5,55,9.1,231,1007.9,44,24140.0,2.96,8.6,-2.4,-2.9,-0.4,0.5,0.5,0.7,9.1,2.96,1,0,0,0,0,0,0,0,0,1,0,0
2026-03-13 18:00:00,SGN,29.0,0.8,54,9.4,179,1009.1,56,24140.0,8.89,3.06,-2.4,-5.8,1.6,0.8,1.3,1.4,9.4,8.89,1,0,0,0,0,0,0,0,0,1,0,0
2026-03-13 19:00:00,SGN,28.0,0.0,29,5.9,235,1009.6,63,24140.0,1.53,5.7,-1.0,-5.8,2.1,0.0,1.3,1.3,9.4,8.89,0,0,0,0,0,0,0,0,0,0,0,0
2026-03-13 20:00:00,SGN,27.2,0.0,70,6.2,291,1011.3,68,24140.0,4.07,4.68,-0.8,-4.2,3.4,0.0,0.8,1.3,9.4,8.89,0,0,0,0,0,0,0,0,0,0,0,0
2026-03-13 21:00:00,SGN,27.0,0.0,97,5.5,203,1011.5,68,24140.0,4.02,3.75,-0.2,-2.0,2.4,0.0,0.0,1.3,6.2,4.07,0,0,0,0,0,0,0,0,0,0,0,0
2026-03-13 22:00:00,SGN,26.5,0.0,100,5.1,243,1011.7,72,24140.0,0.62,5.06,-0.5,-1.5,2.1,0.0,0.0,1.3,6.2,4.07,0,0,0,0,0,0,0,0,0,0,0,0
2026-03-13 23:00:00,SGN,25.8,0.0,13,4.5,263,1011.5,77,24140.0,1.01,4.38,-0.7,-1.4,0.2,0.0,0.0,0.8,5.5,4.02,0,0,0,0,0,0,0,0,0,0,0,0
2026-03-14 00:00:00,SGN,25.2,0.0,66,5.5,293,1011.4,80,24140.0,3.75,4.02,-0.6,-1.8,-0.1,0.0,0.0,0.0,5.5,3.75,0,0,0,0,0,0,0,0,0,0,0,0
2026-03-14 01:00:00,SGN,25.5,0.0,95,3.0,256,1010.6,83,24140.0,0.31,2.98,0.3,-1.0,-1.1,0.0,0.0,0.0,5.5,3.75,0,0,0,0,0,0,0,0,0,0,0,0
2026-03-14 02:00:00,SGN,25.4,0.0,29,2.7,228,1010.5,84,24140.0,1.01,2.5,-0.1,-0.4,-1.0,0.0,0.0,0.0,5.5,3.75,0,0,0,0,0,0,0,0,0,0,0,0
2026-03-14 03:00:00,SGN,25.1,0.0,100,1.6,270,1010.3,85,24140.0,0.55,1.5,-0.3,-0.1,-1.1,0.0,0.0,0.0,3.0,1.01,0,0,0,0,0,0,0,0,0,0,0,0
2026-03-14 04:00:00,SGN,25.0,0.0,100,4.7,310,1010.5,86,24140.0,4.07,2.35,-0.1,-0.5,-0.1,0.0,0.0,0.0,4.7,4.07,0,0,0,0,0,0,0,0,0,0,0,0
2026-03-14 05:00:00,SGN,24.7,0.0,62,4.0,324,1010.7,88,24140.0,3.85,1.1,-0.3,-0.7,0.2,0.0,0.0,0.0,4.7,4.07,0,0,0,0,0,0,0,0,0,0,0,0
2026-03-14 06:00:00,SGN,24.6,0.1,100,2.4,324,1011.5,88,24140.0,2.31,0.66,-0.1,-0.5,1.2,0.1,0.1,0.1,4.7,4.07,1,0,0,0,0,0,0,0,1,1,0,1
2026-03-14 07:00:00,SGN,25.2,0.0,97,2.3,328,1012.5,86,24140.0,2.25,0.48,0.6,0.2,2.0,0.0,0.1,0.1,4.0,3.85,0,0,0,0,0,0,0,0,0,0,0,0
2026-03-14 08:00:00,SGN,26.6,0.0,91,1.2,309,1013.4,75,24140.0,1.03,0.62,1.4,1.9,2.7,0.0,0.1,0.1,2.4,2.31,0,0,0,0,0,0,0,0,0,0,0,0
2026-03-14 09:00:00,SGN,28.0,0.0,96,2.2,76,1013.7,67,24140.0,0.23,-2.19,1.4,3.4,2.2,0.0,0.0,0.1,2.3,2.25,0,0,0,0,0,0,0,0,0,0,0,0
2026-03-14 10:00:00,SGN,30.1,0.0,98,2.4,42,1013.6,56,24140.0,1.13,-2.12,2.1,4.9,1.1,0.0,0.0,0.1,2.4,1.13,0,0,0,0,0,0,0,0,0,0,0,0
2026-03-14 11:00:00,SGN,30.7,0.0,100,1.6,96,1013.1,52,24140.0,0.7,-1.44,0.6,4.1,-0.3,0.0,0.0,0.1,2.4,1.13,0,0,0,0,0,0,0,0,0,0,0,0
2026-03-14 12:00:00,SGN,31.4,0.1,88,2.8,101,1011.8,48,24140.0,1.44,-2.4,0.7,3.4,-1.9,0.1,0.1,0.1,2.8,1.44,1,0,0,0,0,0,0,0,1,1,0,1
2026-03-14 13:00:00,SGN,31.4,0.1,29,1.8,156,1011.4,48,24140.0,1.8,-0.13,0.0,1.3,-2.2,0.1,0.2,0.2,2.8,1.8,1,0,0,0,0,0,0,0,0,1,0,0
2026-03-14 14:00:00,SGN,32.3,0.1,66,3.0,155,1010.2,46,24140.0,2.99,-0.26,0.9,1.6,-2.9,0.1,0.3,0.3,3.0,2.99,1,0,0,0,0,0,0,0,0,1,0,0
2026-03-14 15:00:00,SGN,32.0,0.2,30,5.0,134,1009.4,45,24140.0,4.49,-2.19,-0.3,0.6,-2.4,0.2,0.4,0.5,5.0,4.49,1,0,0,0,0,0,0,0,0,1,0,0
2026-03-14 16:00:00,SGN,31.4,0.2,20,7.3,160,1009.3,48,24140.0,7.3,0.0,-0.6,0.0,-2.1,0.2,0.5,0.7,7.3,7.3,1,0,0,0,0,0,0,0,0,1,0,0
2026-03-14 17:00:00,SGN,30.1,0.2,46,7.0,134,1009.8,54,24140.0,6.29,-3.07,-1.3,-2.2,-0.4,0.2,0.6,0.9,7.3,7.3,1,0,0,0,0,0,0,0,0,1,0,0
2026-03-14 18:00:00,SGN,28.9,0.0,32,8.6,121,1010.3,60,10640.0,6.68,-5.41,-1.2,-3.1,0.9,0.0,0.4,0.8,8.6,7.3,0,0,0,0,0,0,0,0,0,0,0,0
2026-03-14 19:00:00,SGN,27.0,0.0,10,10.0,70,1011.4,72,24140.0,0.0,-10.0,-1.9,-4.4,2.1,0.0,0.2,0.7,10.0,6.68,0,0,0,0,0,0,0,0,0,0,0,0
2026-03-14 20:00:00,SGN,26.5,0.0,16,5.8,54,1011.9,72,24140.0,1.6,-5.58,-0.5,-3.6,2.1,0.0,0.0,0.6,10.0,6.68,0,0,0,0,0,0,0,0,0,0,0,0
2026-03-14 21:00:00,SGN,26.0,0.0,10,5.8,39,1012.6,77,24140.0,2.99,-4.97,-0.5,-2.9,2.3,0.0,0.0,0.4,10.0,2.99,0,0,0,0,0,0,0,0,0,0,0,0
2026-03-14 22:00:00,SGN,25.8,0.0,15,3.2,56,1012.7,77,24140.0,0.77,-3.1,-0.2,-1.2,1.3,0.0,0.0,0.2,5.8,2.99,0,0,0,0,0,0,0,0,0,0,0,0
2026-03-14 23:00:00,SGN,25.6,0.0,44,1.1,9,1012.9,77,24140.0,0.96,-0.53,-0.2,-0.9,1.0,0.0,0.0,0.0,5.8,2.99,0,0,0,0,0,0,0,0,0,0,0,0
2026-03-15 00:00:00,SGN,25.1,0.0,27,3.9,13,1012.7,81,24140.0,3.27,-2.12,-0.5,-0.9,0.1,0.0,0.0,0.0,3.9,3.27,0,0,0,0,0,0,0,0,0,0,0,0
2026-03-15 01:00:00,SGN,25.5,0.0,11,2.8,342,1012.1,83,24140.0,2.8,-0.1,0.4,-0.3,-0.6,0.0,0.0,0.0,3.9,3.27,0,0,0,0,0,0,0,0,0,0,0,0
2026-03-15 02:00:00,SGN,25.0,0.0,10,5.3,352,1011.4,86,21220.0,5.18,-1.1,-0.5,-0.6,-1.5,0.0,0.0,0.0,5.3,5.18,0,0,0,0,0,0,0,0,0,0,0,0
2026-03-15 03:00:00,SGN,24.5,0.0,3,4.3,312,1011.4,88,24140.0,3.8,2.02,-0.5,-0.6,-1.3,0.0,0.0,0.0,5.3,5.18,0,0,0,0,0,0,0,0,0,0,0,0
2026-03-15 04:00:00,SGN,24.2,0.0,5,4.7,310,1011.6,88,24140.0,4.07,2.35,-0.3,-1.3,-0.5,0.0,0.0,0.0,5.3,5.18,0,0,0,0,0,0,0,0,0,0,0,0
2026-03-15 05:00:00,SGN,23.9,0.0,9,3.7,331,1012.0,87,24140.0,3.65,0.58,-0.3,-1.1,0.6,0.0,0.0,0.0,4.7,4.07,0,0,0,0,0,0,0,0,0,0,0,0
2026-03-15 06:00:00,SGN,23.6,0.0,12,2.8,315,1012.7,87,24140.0,2.54,1.18,-0.3,-0.9,1.3,0.0,0.0,0.0,4.7,4.07,0,0,0,0,0,0,0,0,0,0,0,0
2026-03-15 07:00:00,SGN,24.4,0.0,0,2.4,343,1013.2,86,24140.0,2.4,-0.13,0.8,0.2,1.6,0.0,0.0,0.0,3.7,3.65,0,0,0,0,0,0,0,0,0,0,0,0
2026-03-15 08:00:00,SGN,26.9,0.0,1,0.7,14,1014.0,68,24140.0,0.58,-0.39,2.5,3.0,2.0,0.0,0.0,0.0,2.8,2.54,0,0,0,0,0,0,0,0,0,0,0,0
2026-03-15 09:00:00,SGN,29.0,0.0,9,1.9,214,1014.3,57,24140.0,1.12,1.54,2.1,5.4,1.6,0.0,0.0,0.0,2.4,2.4,0,0,0,0,0,0,0,0,0,0,0,0
2026-03-15 10:00:00,SGN,31.0,0.0,3,1.7,238,1014.2,50,24140.0,0.35,1.66,2.0,6.6,1.0,0.0,0.0,0.0,1.9,1.12,0,0,0,0,0,0,0,0,0,0,0,0
2026-03-15 11:00:00,SGN,32.3,0.0,13,1.2,207,1013.3,45,24140.0,0.82,0.88,1.3,5.4,-0.7,0.0,0.0,0.0,1.9,1.12,0,0,0,0,0,0,0,0,0,0,0,0
2026-03-15 12:00:00,SGN,33.7,0.0,7,0.6,198,1012.0,42,24140.0,0.47,0.37,1.4,4.7,-2.3,0.0,0.0,0.0,1.7,0.82,0,0,0,0,0,0,0,0,0,0,0,0
2026-03-15 13:00:00,SGN,32.3,0.0,26,0.7,180,1011.0,44,24140.0,0.66,0.24,-1.4,1.3,-3.2,0.0,0.0,0.0,1.2,0.82,0,0,0,0,0,0,0,0,0,0,0,0
2026-03-15 14:00:00,SGN,34.1,0.1,32,0.4,27,1010.1,39,24140.0,0.27,-0.29,1.8,1.8,-3.2,0.1,0.1,0.1,0.7,0.66,1,0,0,0,0,0,0,0,0,1,0,0
2026-03-15 15:00:00,SGN,33.7,0.2,28,2.3,18,1009.3,40,24140.0,1.81,-1.42,-0.4,0.0,-2.7,0.2,0.3,0.3,2.3,1.81,1,0,0,0,0,0,0,0,0,1,0,0
2026-03-15 16:00:00,SGN,32.0,0.1,27,6.5,208,1009.1,44,24140.0,4.35,4.83,-1.7,-0.3,-1.9,0.1,0.4,0.4,6.5,4.35,1,0,0,0,0,0,0,0,0,1,0,0
2026-03-15 17:00:00,SGN,28.9,0.6,59,12.2,124,1010.0,59,24140.0,9.87,-7.17,-3.1,-5.2,-0.1,0.6,0.9,1.0,12.2,9.87,1,0,0,0,0,0,0,0,0,1,0,0
2026-03-15 18:00:00,SGN,28.5,0.2,37,11.0,128,1010.3,64,24140.0,9.33,-5.83,-0.4,-5.2,1.0,0.2,0.9,1.2,12.2,9.87,1,0,0,0,0,0,0,0,0,1,0,0
2026-03-15 19:00:00,SGN,28.0,0.0,9,10.3,137,1010.8,67,24140.0,9.48,-4.02,-0.5,-4.0,1.7,0.0,0.8,1.2,12.2,9.87,0,0,0,0,0,0,0,0,0,0,0,0
2026-03-15 20:00:00,SGN,27.4,0.0,26,10.2,135,1011.6,71,24140.0,9.24,-4.31,-0.6,-1.5,1.6,0.0,0.2,1.1,11.0,9.48,0,0,0,0,0,0,0,0,0,0,0,0
2026-03-15 21:00:00,SGN,27.0,0.0,27,10.1,125,1012.1,70,24140.0,8.27,-5.79,-0.4,-1.5,1.8,0.0,0.0,0.9,10.3,9.48,0,0,0,0,0,0,0,0,0,0,0,0
2026-03-15 22:00:00,SGN,26.5,0.0,41,9.1,128,1012.5,71,24140.0,7.72,-4.82,-0.5,-1.5,1.7,0.0,0.0,0.8,10.2,9.24,0,0,0,0,0,0,0,0,0,0,0,0
2026-03-15 23:00:00,SGN,26.0,0.0,24,9.3,131,1012.5,74,24140.0,8.13,-4.51,-0.5,-1.4,0.9,0.0,0.0,0.2,10.1,8.27,0,0,0,0,0,0,0,0,0,0,0,0
2026-03-16 00:00:00,SGN,25.7,0.0,23,7.8,128,1012.2,76,24140.0,6.61,-4.13,-0.3,-1.3,0.1,0.0,0.0,0.0,9.3,8.13,0,0,0,0,0,0,0,0,0,0,0,0
2026-03-16 01:00:00,SGN,25.6,0.0,19,8.4,115,1011.7,77,24140.0,5.94,-5.94,-0.1,-0.9,-0.8,0.0,0.0,0.0,9.3,8.13,0,0,0,0,0,0,0,0,0,0,0,0
2026-03-16 02:00:00,SGN,25.3,0.0,1,9.3,114,1010.8,76,24140.0,6.46,-6.69,-0.3,-0.7,-1.7,0.0,0.0,0.0,9.3,6.61,0,0,0,0,0,0,0,0,0,0,0,0
2026-03-16 03:00:00,SGN,24.9,0.0,0,8.8,107,1010.1,76,24140.0,5.3,-7.03,-0.4,-0.8,-2.1,0.0,0.0,0.0,9.3,6.46,0,0,0,0,0,0,0,0,0,0,0,0
2026-03-16 04:00:00,SGN,24.5,0.0,4,6.8,93,1010.3,77,24140.0,2.66,-6.26,-0.4,-1.1,-1.4,0.0,0.0,0.0,9.3,6.46,0,0,0,0,0,0,0,0,0,0,0,0
2026-03-16 05:00:00,SGN,24.1,0.0,9,5.6,84,1010.6,79,24140.0,1.35,-5.43,-0.4,-1.2,-0.2,0.0,0.0,0.0,8.8,5.3,0,0,0,0,0,0,0,0,0,0,0,0
2026-03-16 06:00:00,SGN,24.0,0.0,18,4.3,88,1011.2,81,24140.0,1.33,-4.09,-0.1,-0.9,1.1,0.0,0.0,0.0,6.8,2.66,0,0,0,0,0,0,0,0,0,0,0,0
2026-03-16 07:00:00,SGN,25.0,0.0,0,4.7,90,1011.7,77,24140.0,1.61,-4.42,1.0,0.5,1.4,0.0,0.0,0.0,5.6,1.61,0,0,0,0,0,0,0,0,0,0,0,0
2026-03-16 08:00:00,SGN,27.0,0.0,2,7.0,94,1012.3,66,24140.0,2.85,-6.39,2.0,2.9,1.7,0.0,0.0,0.0,7.0,2.85,0,0,0,0,0,0,0,0,0,0,0,0
2026-03-16 09:00:00,SGN,28.8,0.0,2,7.8,85,1012.8,57,24140.0,2.02,-7.53,1.8,4.8,1.6,0.0,0.0,0.0,7.8,2.85,0,0,0,0,0,0,0,0,0,0,0,0
2026-03-16 10:00:00,SGN,30.5,0.0,1,6.5,77,1012.7,50,24140.0,0.79,-6.45,1.7,5.5,1.0,0.0,0.0,0.0,7.8,2.85,0,0,0,0,0,0,0,0,0,0,0,0
2026-03-16 11:00:00,SGN,32.0,0.0,5,4.7,88,1012.0,45,24140.0,1.45,-4.47,1.5,5.0,-0.3,0.0,0.0,0.0,7.8,2.02,0,0,0,0,0,0,0,0,0,0,0,0
2026-03-16 12:00:00,SGN,33.2,0.0,9,4.2,100,1010.8,41,24140.0,2.1,-3.64,1.2,4.4,-2.0,0.0,0.0,0.0,6.5,2.1,0,0,0,0,0,0,0,0,0,0,0,0
2026-03-16 13:00:00,SGN,32.6,0.0,23,3.0,25,1010.0,42,24140.0,2.12,-2.12,-0.6,2.1,-2.7,0.0,0.0,0.0,4.7,2.12,0,0,0,0,0,0,0,0,0,0,0,0
2026-03-16 14:00:00,SGN,33.3,0.1,26,1.9,343,1009.0,40,24140.0,1.9,-0.1,0.7,1.3,-3.0,0.1,0.1,0.1,4.2,2.12,1,0,0,0,0,0,0,0,0,1,0,0
2026-03-16 15:00:00,SGN,33.5,0.0,26,0.8,243,1008.0,40,24140.0,0.1,0.79,0.2,0.3,-2.8,0.0,0.1,0.1,3.0,2.12,0,0,0,0,0,0,0,0,0,0,0,0
2026-03-16 16:00:00,SGN,33.0,0.0,28,3.7,219,1007.7,41,24140.0,1.91,3.17,-0.5,0.4,-2.3,0.0,0.1,0.1,3.7,1.91,0,0,0,0,0,0,0,0,0,0,0,0
2026-03-16 17:00:00,SGN,31.8,0.0,34,7.4,187,1008.2,44,24140.0,6.59,3.36,-1.2,-1.5,-0.8,0.0,0.0,0.1,7.4,6.59,0,0,0,0,0,0,0,0,0,0,0,0
2026-03-16 18:00:00,SGN,29.1,0.1,27,12.2,154,1009.0,59,24140.0,12.13,-1.28,-2.7,-4.4,1.0,0.1,0.1,0.2,12.2,12.13,1,0,0,0,0,0,0,0,0,1,0,0
2026-03-16 19:00:00,SGN,28.1,0.0,27,7.8,140,1009.5,66,24140.0,7.33,-2.67,-1.0,-4.9,1.8,0.0,0.1,0.2,12.2,12.13,0,0,0,0,0,0,0,0,0,0,0,0
2026-03-16 20:00:00,SGN,27.4,0.0,13,10.0,171,1010.2,70,24140.0,9.82,1.91,-0.7,-4.4,2.0,0.0,0.1,0.1,12.2,12.13,0,0,0,0,0,0,0,0,0,0,0,0
2026-03-16 21:00:00,SGN,26.6,0.0,2,12.5,148,1010.6,73,24140.0,12.23,-2.6,-0.8,-2.5,1.6,0.0,0.0,0.1,12.5,12.23,0,0,0,0,0,0,0,0,0,0,0,0
2026-03-16 22:00:00,SGN,25.9,0.0,0,12.9,139,1011.0,75,24140.0,12.04,-4.62,-0.7,-2.2,1.5,0.0,0.0,0.1,12.9,12.23,0,0,0,0,0,0,0,0,0,0,0,0
2026-03-16 23:00:00,SGN,25.5,0.0,1,11.2,138,1011.2,78,24140.0,10.38,-4.2,-0.4,-1.9,1.0,0.0,0.0,0.1,12.9,12.23,0,0,0,0,0,0,0,0,0,0,0,0
