Crawl_Date,Scheduled_Time,Actual_Time,Origin,IATA,Airline,Flight_No,Terminal,Arrival_Runway,Status,Actual_Tail,Aircraft_Type,Category
2026-03-12,2026-03-12 19:20,2026-03-12 19:35,Ho Chi Minh City,SGN,Vietravel Airlines,VU780,1,,Landed,VN-A289,A321,passenger
2026-02-12,2026-02-12 06:31,2026-02-12 06:31,Ho Chi Minh City,SGN,Vietjet Air,VJ246,1,,Landed,VN-A550,A21N,passenger
2026-03-12,2026-03-12 19:05,2026-03-12 19:01,Ho Chi Minh City,SGN,Vietnam Airlines,VN254,1,,Landed,VN-A895,A359,passenger
2026-02-12,2026-02-12 00:05,2026-02-12 01:03,Ho Chi Minh City,SGN,Vietnam Airlines,VN7112,1,,Landed,VN-A356,A321,passenger
2026-03-02,2026-03-02 11:55,2026-03-02 11:44,Ho Chi Minh City,SGN,Sun Phuquoc Airways,9G964,1,,Landed,VN-A285,A21N,passenger
2026-03-12,2026-03-12 18:45,2026-03-12 18:43,Ho Chi Minh City,SGN,Vietnam Airlines,VN252,1,,Landed,VN-A866,B789,passenger
2026-03-02,2026-03-02 01:40,2026-03-02 01:40,Ho Chi Minh City,SGN,Vietravel Airlines,VU670,1,,Landed,9H-MLW,A320,passenger
2026-03-12,2026-03-13 12:30,2026-03-12 18:08,Ho Chi Minh City,SGN,Bamboo Airways,QH224,1,,Landed,JU-1410,A320,passenger
2026-03-08,2026-03-08 22:45,2026-03-08 22:52,Ho Chi Minh City,SGN,Vietjet Air,VJ640,1,,Landed,VN-A633,A321,passenger
2026-03-12,2026-03-12 18:05,2026-03-12 18:03,Ho Chi Minh City,SGN,Vietnam Airlines,VN216,1,,Landed,VN-A874,B78X,passenger
2026-03-08,2026-03-08 22:15,2026-03-08 22:19,Ho Chi Minh City,SGN,Vietnam Airlines,VN148,1,,Landed,VN-A604,A321,passenger
2026-03-12,2026-03-12 17:30,2026-03-12 17:27,Ho Chi Minh City,SGN,Vietjet Air,VJ194,1,,Landed,VN-A629,A321,passenger
2026-03-16,2026-03-16 22:15,2026-03-16 22:17,Ho Chi Minh City,SGN,Vietnam Airlines,VN148,1,,Landed,VN-A390,A321,passenger
2026-03-12,2026-03-12 17:05,2026-03-12 17:10,Ho Chi Minh City,SGN,Vietnam Airlines,VN250,1,,Landed,VN-A873,B78X,passenger
2026-03-16,2026-03-16 22:00,2026-03-16 21:59,Ho Chi Minh City,SGN,Vietjet Air,VJ646,1,,Landed,LY-MLN,A320,passenger
2026-03-16,2026-03-16 21:05,2026-03-16 21:06,Ho Chi Minh City,SGN,Vietnam Airlines,VN146,1,,Landed,VN-A501,A21N,passenger
2026-03-12,2026-03-12 16:50,2026-03-12 16:54,Ho Chi Minh City,SGN,Vietjet Air,VJ134,1,,Landed,LY-NVG,A320,passenger
2026-03-16,2026-03-16 20:45,2026-03-16 20:53,Ho Chi Minh City,SGN,Vietnam Airlines,VN142,1,,Landed,VN-A606,A321,passenger
2026-03-12,2026-03-12 16:05,2026-03-12 16:10,Ho Chi Minh City,SGN,Vietnam Airlines,VN214,1,,Landed,VN-A879,B78X,passenger
2026-03-16,2026-03-16 19:50,2026-03-16 19:57,Ho Chi Minh City,SGN,Vietravel Airlines,VU684,1,,Landed,9H-MLW,A320,passenger
2026-03-12,2026-03-12 15:25,2026-03-12 15:18,Ho Chi Minh City,SGN,Bamboo Airways,QH242,1,,Landed,ER-00005,A320,passenger
2026-03-16,2026-03-16 19:35,2026-03-16 19:48,Ho Chi Minh City,SGN,Vietjet Air,VJ648,1,,Landed,VN-A675,A320,passenger
2026-03-12,2026-03-12 14:50,2026-03-12 14:49,Ho Chi Minh City,SGN,Vietjet Air,VJ142,1,,Landed,VN-A814,A333,passenger
2026-03-12,2026-03-12 14:05,2026-03-12 14:05,Ho Chi Minh City,SGN,Vietnam Airlines,VN212,1,,Landed,VN-A888,A359,passenger
2026-03-16,2026-03-16 18:25,2026-03-16 18:17,Ho Chi Minh City,SGN,Vietnam Airlines,VN7138,1,,Landed,9H-MLO,A320,passenger
2026-03-12,2026-03-12 13:05,2026-03-12 13:08,Ho Chi Minh City,SGN,Vietnam Airlines,VN246,1,,Landed,VN-A893,A359,passenger
2026-03-16,2026-03-16 18:05,2026-03-16 18:03,Ho Chi Minh City,SGN,Vietnam Airlines,VN140,1,,Landed,VN-A390,A321,passenger
2026-03-12,2026-03-12 12:05,2026-03-12 12:40,Ho Chi Minh City,SGN,Vietnam Airlines,VN210,1,,Landed,VN-A613,A321,passenger
2026-03-16,2026-03-16 17:35,2026-03-16 17:49,Ho Chi Minh City,SGN,Vietnam Airlines,VN136,1,,Landed,VN-A335,A321,passenger
2026-03-12,2026-03-12 11:35,2026-03-12 12:28,Ho Chi Minh City,SGN,Sun Phuquoc Airways,9G822,1,,Landed,VN-A280,A321,passenger
2026-03-16,2026-03-16 16:45,2026-03-16 16:53,Ho Chi Minh City,SGN,Vietjet Air,VJ638,1,,Landed,VN-A639,A321,passenger
2026-03-12,2026-03-12 10:50,2026-03-12 11:19,Ho Chi Minh City,SGN,Bamboo Airways,QH208,1,,Landed,VN-A227,A321,passenger
2026-03-16,2026-03-16 16:35,2026-03-16 16:29,Ho Chi Minh City,SGN,Vietnam Airlines,VN134,1,,Landed,VN-A606,A321,passenger
2026-03-12,2026-03-12 11:10,2026-03-12 10:57,Ho Chi Minh City,SGN,Vietjet Air,VJ132,1,,Landed,VN-A635,A321,passenger
2026-03-16,2026-03-16 15:20,2026-03-16 16:15,Ho Chi Minh City,SGN,Vietjet Air,VJ632,1,,Landed,VN-A644,A321,passenger
2026-03-12,2026-03-12 10:05,2026-03-12 10:10,Ho Chi Minh City,SGN,Vietnam Airlines,VN208,1,,Landed,VN-A879,B78X,passenger
2026-03-16,2026-03-16 15:50,2026-03-16 15:37,Ho Chi Minh City,SGN,Sun Phuquoc Airways,9G972,1,,Landed,VN-A286,A21N,passenger
2026-03-12,2026-03-12 09:20,2026-03-12 09:14,Ho Chi Minh City,SGN,Bamboo Airways,QH204,1,,Landed,ER-00005,A320,passenger
2026-03-16,2026-03-16 14:30,2026-03-16 15:20,Ho Chi Minh City,SGN,Vietjet Air,VJ630,1,,Landed,VN-A535,A321,passenger
2026-03-12,2026-03-12 08:40,2026-03-12 08:35,Ho Chi Minh City,SGN,Sun Phuquoc Airways,9G806,1,,Landed,VN-A279,A321,passenger
2026-03-16,2026-03-16 14:50,2026-03-16 15:06,Ho Chi Minh City,SGN,Vietnam Airlines,VN132,1,,Landed,VN-A338,A321,passenger
2026-03-12,2026-03-12 08:05,2026-03-12 08:09,Ho Chi Minh City,SGN,Vietnam Airlines,VN206,1,,Landed,VN-A888,A359,passenger
2026-03-16,2026-03-16 13:40,2026-03-16 13:58,Ho Chi Minh City,SGN,Vietnam Airlines,VN6036,1,,Landed,VN-A354,A321,passenger
2026-03-12,2026-03-12 07:55,2026-03-12 07:40,Ho Chi Minh City,SGN,Sun Phuquoc Airways,9G802,1,,Landed,VN-A285,A21N,passenger
2026-03-16,2026-03-16 13:00,2026-03-16 13:19,Ho Chi Minh City,SGN,Vietjet Air,VJ634,1,,Landed,VN-A642,A321,passenger
2026-03-13,2026-03-13 23:05,2026-03-13 23:58,Ho Chi Minh City,SGN,Vietnam Airlines,VN260,1,,Landed,VN-A877,B78X,passenger
2026-03-16,2026-03-16 12:40,2026-03-16 12:42,Ho Chi Minh City,SGN,Vietnam Airlines,VN126,1,,Landed,VN-A617,A21N,passenger
2026-03-16,2026-03-16 11:55,2026-03-16 11:45,Ho Chi Minh City,SGN,Sun Phuquoc Airways,9G964,1,,Landed,VN-A282,A21N,passenger
2026-03-13,2026-03-13 23:00,2026-03-13 22:42,Ho Chi Minh City,SGN,Bamboo Airways,QH286,1,,Landed,VN-A227,A321,passenger
2026-03-16,2026-03-16 11:05,2026-03-16 11:38,Ho Chi Minh City,SGN,Vietjet Air,VJ628,1,,Landed,VN-A644,A321,passenger
2026-03-13,2026-03-13 21:40,2026-03-13 21:38,Ho Chi Minh City,SGN,Vietnam Airlines,VN262,1,,Landed,VN-A878,B78X,passenger
2026-03-16,2026-03-16 11:30,2026-03-16 11:29,Ho Chi Minh City,SGN,Bamboo Airways,QH154,1,,Landed,VN-A585,A321,passenger
2026-03-13,2026-03-13 20:10,2026-03-13 21:30,Ho Chi Minh City,SGN,Vietjet Air,VJ154,1,,Landed,VN-A683,A321,passenger
2026-03-16,2026-03-16 11:25,2026-03-16 11:26,Ho Chi Minh City,SGN,Vietnam Airlines,VN7122,1,,Landed,VN-A399,A321,passenger
2026-03-13,2026-03-13 21:00,2026-03-13 20:49,Ho Chi Minh City,SGN,Vietjet Air,VJ166,1,,Landed,VN-A547,A21N,passenger
2026-03-16,2026-03-16 11:25,2026-03-16 11:16,Ho Chi Minh City,SGN,Vietnam Airlines,VN122,1,,Landed,VN-A608,A321,passenger
2026-03-16,2026-03-16 10:45,2026-03-16 11:09,Ho Chi Minh City,SGN,Vietjet Air,VJ626,1,,Landed,VN-A535,A321,passenger
2026-03-13,2026-03-13 20:35,2026-03-13 20:36,Ho Chi Minh City,SGN,Sun Phuquoc Airways,9G868,1,,Landed,VN-A279,A321,passenger
2026-03-16,2026-03-16 11:15,2026-03-16 11:01,Ho Chi Minh City,SGN,Sun Phuquoc Airways,9G962,1,,Landed,VN-A286,A21N,passenger
2026-03-13,2026-03-13 20:05,2026-03-13 20:18,Ho Chi Minh City,SGN,Vietnam Airlines,VN218,1,,Landed,VN-A898,A359,passenger
2026-03-16,2026-03-16 10:25,2026-03-16 10:23,Ho Chi Minh City,SGN,Vietravel Airlines,VU672,1,,Landed,VN-A289,A321,passenger
2026-03-13,2026-03-13 19:20,2026-03-13 19:10,Ho Chi Minh City,SGN,Vietravel Airlines,VU780,1,,Landed,VN-A289,A321,passenger
2026-03-16,2026-03-16 10:25,2026-03-16 10:09,Ho Chi Minh City,SGN,Vietnam Airlines,VN118,1,,Landed,VN-A606,A321,passenger
2026-03-13,2026-03-13 19:05,2026-03-13 19:02,Ho Chi Minh City,SGN,Vietnam Airlines,VN254,1,,Landed,VN-A886,A359,passenger
2026-03-16,2026-03-16 09:20,2026-03-16 09:17,Ho Chi Minh City,SGN,Vietnam Airlines,VN112,1,,Landed,VN-A356,A321,passenger
2026-03-13,2026-03-13 18:45,2026-03-13 18:38,Ho Chi Minh City,SGN,Vietnam Airlines,VN252,1,,Landed,VN-A869,B789,passenger
2026-03-16,2026-03-16 08:40,2026-03-16 08:34,Ho Chi Minh City,SGN,Vietjet Air,VJ622,1,,Landed,VN-A684,A321,passenger
2026-03-13,2026-03-13 17:45,2026-03-13 17:44,Ho Chi Minh City,SGN,Sun Phuquoc Airways,9G854,1,,Landed,VN-A280,A321,passenger
2026-03-16,2026-03-16 08:25,2026-03-16 08:05,Ho Chi Minh City,SGN,Vietnam Airlines,VN110,1,,Landed,VN-A617,A21N,passenger
2026-03-13,2026-03-13 17:35,2026-03-13 17:33,Ho Chi Minh City,SGN,Vietnam Airlines,VN232,1,,Landed,VN-A866,B789,passenger
2026-03-16,2026-03-16 07:50,2026-03-16 07:42,Ho Chi Minh City,SGN,Vietjet Air,VJ620,1,,Landed,VN-A676,A320,passenger
2026-03-13,2026-03-13 17:05,2026-03-13 16:56,Ho Chi Minh City,SGN,Vietnam Airlines,VN250,1,,Landed,VN-A874,B78X,passenger
2026-03-16,2026-03-16 07:40,2026-03-16 07:23,Ho Chi Minh City,SGN,Bamboo Airways,QH150,1,,Landed,JU-1410,A320,passenger
2026-03-13,2026-03-13 16:05,2026-03-13 15:55,Ho Chi Minh City,SGN,Vietnam Airlines,VN214,1,,Landed,VN-A868,B789,passenger
2026-03-16,2026-03-16 07:25,2026-03-16 07:10,Ho Chi Minh City,SGN,Vietnam Airlines,VN106,1,,Landed,VN-A399,A321,passenger
2026-03-13,2026-03-13 15:35,2026-03-13 15:36,Ho Chi Minh City,SGN,Vietravel Airlines,VU770,1,,Landed,VN-A136,A320,passenger
2026-03-16,2026-03-16 06:10,2026-03-16 05:54,Ho Chi Minh City,SGN,Vietravel Airlines,VU670,1,,Landed,VN-A289,A321,passenger
2026-03-13,2026-03-13 15:05,2026-03-13 15:14,Ho Chi Minh City,SGN,Vietnam Airlines,VN248,1,,Landed,VN-A871,B789,passenger
2025-12-19,2025-12-19 21:40,2025-12-19 21:33,Ho Chi Minh City,SGN,Vietnam Airlines,VN262,1,,Landed,VN-A868,B789,passenger
2026-03-13,2026-03-13 15:10,2026-03-13 15:09,Ho Chi Minh City,SGN,Vietjet Air,VJ198,1,,Landed,VN-A650,A320,passenger
2025-12-19,2025-12-19 09:30,2025-12-19 09:17,Ho Chi Minh City,SGN,Vietnam Airlines,VN226,1,,Landed,VN-A615,A321,passenger
2026-03-13,2026-03-13 15:25,2026-03-13 15:04,Ho Chi Minh City,SGN,Bamboo Airways,QH242,1,,Landed,ER-00005,A320,passenger
2026-03-13,2026-03-13 14:50,2026-03-13 14:51,Ho Chi Minh City,SGN,Vietjet Air,VJ142,1,,Landed,VN-A637,A321,passenger
2026-03-13,2026-03-13 14:10,2026-03-13 14:31,Ho Chi Minh City,SGN,Vietjet Air,VJ144,1,,Landed,VN-A528,A21N,passenger
2025-12-21,2025-12-21 23:20,2025-12-21 23:32,Ho Chi Minh City,SGN,Vietnam Airlines,VN7250,1,,Landed,VN-A615,A321,passenger
2026-03-13,2026-03-13 14:05,2026-03-13 14:03,Ho Chi Minh City,SGN,Vietnam Airlines,VN212,1,,Landed,VN-A898,A359,passenger
2026-03-13,2026-03-13 13:25,2026-03-13 13:41,Ho Chi Minh City,SGN,Vietjet Air,VJ188,1,,Landed,LY-NVE,A320,passenger
2026-03-13,2026-03-13 12:30,2026-03-13 12:32,Ho Chi Minh City,SGN,Bamboo Airways,QH224,1,,Landed,JU-1410,A320,passenger
2025-12-24,2025-12-24 18:05,2025-12-24 18:21,Ho Chi Minh City,SGN,Vietnam Airlines,VN216,1,,Landed,VN-A877,B78X,passenger
2026-03-13,2026-03-13 12:10,2026-03-13 12:24,Ho Chi Minh City,SGN,Vietjet Air,VJ128,1,,Landed,VN-A810,A333,passenger
2026-03-13,2026-03-13 12:05,2026-03-13 11:54,Ho Chi Minh City,SGN,Vietnam Airlines,VN210,1,,Landed,VN-A889,A359,passenger
2025-12-24,2025-12-24 17:35,2025-12-24 17:50,Ho Chi Minh City,SGN,Vietnam Airlines,VN232,1,,Landed,VN-A872,B78X,passenger
2026-03-13,2026-03-13 11:05,2026-03-13 10:58,Ho Chi Minh City,SGN,Vietnam Airlines,VN244,1,,Landed,VN-A877,B78X,passenger
2026-03-13,2026-03-13 11:10,2026-03-13 11:07,Ho Chi Minh City,SGN,Vietjet Air,VJ132,1,,Landed,VN-A636,A321,passenger
2026-03-13,2026-03-13 10:50,2026-03-13 10:33,Ho Chi Minh City,SGN,Bamboo Airways,QH208,1,,Landed,VN-A585,A321,passenger
2025-12-24,2025-12-24 17:30,2025-12-24 17:48,Ho Chi Minh City,SGN,Vietjet Air,VJ194,1,,Landed,VN-A580,A21N,passenger
2026-03-13,2026-03-13 10:40,2026-03-13 10:24,Ho Chi Minh City,SGN,Vietjet Air,VJ136,1,,Landed,VN-A657,A321,passenger
2025-12-24,2025-12-24 17:05,2025-12-24 17:00,Ho Chi Minh City,SGN,Vietnam Airlines,VN250,1,,Landed,VN-A886,A359,passenger
2026-03-13,2026-03-13 09:15,2026-03-13 09:12,Ho Chi Minh City,SGN,Vietravel Airlines,VU774,1,,Landed,9H-MLW,A320,passenger
2026-03-13,2026-03-13 08:35,2026-03-13 08:21,Ho Chi Minh City,SGN,Vietnam Airlines,VN238,1,,Landed,VN-A398,A321,passenger
2025-12-27,2025-12-27 08:05,2025-12-27 08:10,Ho Chi Minh City,SGN,Vietnam Airlines,VN206,1,,Landed,VN-A615,A321,passenger
2026-03-13,2026-03-13 08:40,2026-03-13 08:19,Ho Chi Minh City,SGN,Sun Phuquoc Airways,9G806,1,,Landed,VN-A279,A321,passenger
2026-03-13,2026-03-13 08:25,2026-03-13 08:12,Ho Chi Minh City,SGN,Vietjet Air,VJ126,1,,Landed,VN-A539,A21N,passenger
2026-03-13,2026-03-13 08:05,2026-03-13 07:55,Ho Chi Minh City,SGN,Vietnam Airlines,VN206,1,,Landed,VN-A867,B789,passenger
2026-01-01,2026-01-01 15:05,2026-01-01 15:35,Ho Chi Minh City,SGN,Vietnam Airlines,VN248,1,,Landed,VN-A615,A321,passenger
2026-03-13,2026-03-13 07:50,2026-03-13 07:39,Ho Chi Minh City,SGN,Vietjet Air,VJ124,1,,Landed,VN-A548,A21N,passenger
2026-01-03,2026-01-03 20:05,2026-01-03 20:11,Ho Chi Minh City,SGN,Vietnam Airlines,VN218,1,,Landed,VN-A869,B789,passenger
2026-03-13,2026-03-13 07:05,2026-03-13 06:55,Ho Chi Minh City,SGN,Vietnam Airlines,VN6002,1,,Landed,VN-A363,A321,passenger
2026-01-03,2026-01-03 19:35,2026-01-03 20:08,Ho Chi Minh City,SGN,Vietnam Airlines,VN7210,1,,Landed,VN-A622,A21N,passenger
2026-03-14,2026-03-15 00:05,2026-03-14 23:50,Ho Chi Minh City,SGN,Vietnam Airlines,VN224,1,,Landed,VN-A605,A321,passenger
2026-01-07,2026-01-07 08:35,2026-01-07 08:47,Ho Chi Minh City,SGN,Vietnam Airlines,VN238,1,,Landed,VN-A615,A321,passenger
2026-03-14,2026-03-14 23:05,2026-03-14 23:06,Ho Chi Minh City,SGN,Vietnam Airlines,VN260,1,,Landed,VN-A869,B789,passenger
2026-03-14,2026-03-14 21:05,2026-03-14 20:59,Ho Chi Minh City,SGN,Vietnam Airlines,VN258,1,,Landed,VN-A878,B78X,passenger
2026-01-09,2026-01-09 19:20,2026-01-09 19:37,Ho Chi Minh City,SGN,Vietravel Airlines,VU780,1,,Landed,VN-A289,A321,passenger
2026-03-14,2026-03-14 21:10,2026-03-14 20:57,Ho Chi Minh City,SGN,Sun Phuquoc Airways,9G872,1,,Landed,VN-A281,A21N,passenger
2026-01-09,2026-01-10 11:05,2026-01-09 17:11,Ho Chi Minh City,SGN,Vietnam Airlines,VN244,1,,Landed,VN-A866,B789,passenger
2026-03-14,2026-03-14 20:35,2026-03-14 20:42,Ho Chi Minh City,SGN,Sun Phuquoc Airways,9G868,1,,Landed,VN-A279,A321,passenger
2026-03-14,2026-03-14 20:30,2026-03-14 20:26,Ho Chi Minh City,SGN,Vietjet Air,VJ158,1,,Landed,VN-A671,A320,passenger
2026-01-09,2026-01-09 14:10,2026-01-09 14:40,Ho Chi Minh City,SGN,Vietjet Air,VJ144,1,,Landed,VN-A814,A333,passenger
2026-01-10,2026-01-10 15:20,2026-01-10 15:45,Ho Chi Minh City,SGN,Vietravel Airlines,VU778,1,,Landed,9H-MLW,A320,passenger
2026-03-14,2026-03-14 19:05,2026-03-14 19:05,Ho Chi Minh City,SGN,Vietnam Airlines,VN254,1,,Landed,VN-A877,B78X,passenger
2026-03-14,2026-03-14 18:05,2026-03-14 17:58,Ho Chi Minh City,SGN,Vietnam Airlines,VN216,1,,Landed,VN-A879,B78X,passenger
2026-01-10,2026-01-10 13:05,2026-01-10 13:08,Ho Chi Minh City,SGN,Vietnam Airlines,VN246,1,,Landed,VN-A899,A359,passenger
2026-03-14,2026-03-14 17:35,2026-03-14 17:31,Ho Chi Minh City,SGN,Vietnam Airlines,VN232,1,,Landed,VN-A873,B78X,passenger
2026-03-14,2026-03-14 17:30,2026-03-14 17:27,Ho Chi Minh City,SGN,Vietjet Air,VJ194,1,,Landed,VN-A658,A320,passenger
2026-01-10,2026-01-10 10:05,2026-01-10 10:07,Ho Chi Minh City,SGN,Vietnam Airlines,VN208,1,,Landed,VN-A892,A359,passenger
2026-03-14,2026-03-14 16:05,2026-03-14 16:00,Ho Chi Minh City,SGN,Vietnam Airlines,VN214,1,,Landed,VN-A869,B789,passenger
2026-01-11,2026-01-11 21:40,2026-01-11 21:35,Ho Chi Minh City,SGN,Vietnam Airlines,VN262,1,,Landed,VN-A865,B789,passenger
2026-03-14,2026-03-14 15:35,2026-03-14 16:02,Ho Chi Minh City,SGN,Vietravel Airlines,VU770,1,,Landed,VN-A129,A321,passenger
2026-01-12,2026-01-12 10:25,2026-01-12 10:30,Ho Chi Minh City,SGN,Vietjet Air,VJ184,1,,Landed,VN-A536,A21N,passenger
2026-03-14,2026-03-14 15:25,2026-03-14 15:28,Ho Chi Minh City,SGN,Bamboo Airways,QH242,1,,Landed,ER-00005,A320,passenger
2026-03-14,2026-03-14 15:05,2026-03-14 15:16,Ho Chi Minh City,SGN,Vietnam Airlines,VN248,1,,Landed,VN-A894,A359,passenger
2026-01-13,2026-01-13 16:05,2026-01-13 17:25,Ho Chi Minh City,SGN,Vietnam Airlines,VN214,1,,Landed,VN-A872,B78X,passenger
2026-03-14,2026-03-14 15:10,2026-03-14 15:06,Ho Chi Minh City,SGN,Vietjet Air,VJ198,1,,Landed,VN-A677,A321,passenger
2026-01-13,2026-01-13 14:30,2026-01-13 14:38,Ho Chi Minh City,SGN,Sun Phuquoc Airways,9G838,1,,Landed,VN-A279,A321,passenger
2026-03-14,2026-03-14 14:10,2026-03-14 14:43,Ho Chi Minh City,SGN,Vietjet Air,VJ144,1,,Landed,VN-A524,A21N,passenger
2026-01-13,2026-01-13 11:35,2026-01-13 11:16,Ho Chi Minh City,SGN,Sun Phuquoc Airways,9G822,1,,Landed,VN-A280,A321,passenger
2026-03-14,2026-03-14 12:30,2026-03-14 12:28,Ho Chi Minh City,SGN,Bamboo Airways,QH224,1,,Landed,JU-1410,A320,passenger
2026-01-14,2026-01-14 18:05,2026-01-14 17:59,Ho Chi Minh City,SGN,Vietnam Airlines,VN216,1,,Landed,VN-A865,B789,passenger
2026-03-14,2026-03-14 12:10,2026-03-14 12:08,Ho Chi Minh City,SGN,Vietjet Air,VJ128,1,,Landed,VN-A676,A320,passenger
2026-03-14,2026-03-14 11:10,2026-03-14 11:03,Ho Chi Minh City,SGN,Vietjet Air,VJ132,1,,Landed,VN-A661,A321,passenger
2026-01-14,2026-01-14 12:30,2026-01-14 12:40,Ho Chi Minh City,SGN,Bamboo Airways,QH224,1,,Landed,JU-1410,A320,passenger
2026-03-14,2026-03-14 09:40,2026-03-14 09:20,Ho Chi Minh City,SGN,Sun Phuquoc Airways,9G808,1,,Landed,VN-A286,A21N,passenger
2026-01-15,2026-01-15 20:30,2026-01-15 20:39,Ho Chi Minh City,SGN,Vietjet Air,VJ158,1,,Landed,VN-A674,A21N,passenger
2026-03-14,2026-03-14 09:15,2026-03-14 09:03,Ho Chi Minh City,SGN,Vietravel Airlines,VU774,1,,Landed,9H-MLW,A320,passenger
2026-03-16,2026-03-16 00:05,2026-03-16 00:30,Ho Chi Minh City,SGN,Vietnam Airlines,VN224,1,,Landed,VN-A332,A321,passenger
2026-01-15,2026-01-15 18:05,2026-01-15 18:27,Ho Chi Minh City,SGN,Vietnam Airlines,VN216,1,,Landed,VN-A877,B78X,passenger
2026-03-15,2026-03-15 22:00,2026-03-15 23:44,Ho Chi Minh City,SGN,Vietjet Air,VJ190,1,,Landed,VN-A542,A321,passenger
2026-01-15,2026-01-15 17:05,2026-01-15 17:24,Ho Chi Minh City,SGN,Vietnam Airlines,VN250,1,,Landed,VN-A879,B78X,passenger
2026-03-15,2026-03-15 23:05,2026-03-15 23:11,Ho Chi Minh City,SGN,Vietnam Airlines,VN260,1,,Landed,VN-A889,A359,passenger
2026-03-15,2026-03-15 23:00,2026-03-15 22:50,Ho Chi Minh City,SGN,Bamboo Airways,QH286,1,,Landed,VN-A227,A321,passenger
2026-01-15,2026-01-15 14:05,2026-01-15 14:59,Ho Chi Minh City,SGN,Vietnam Airlines,VN212,1,,Landed,VN-A625,A21N,passenger
2026-03-15,2026-03-15 22:35,2026-03-15 22:45,Ho Chi Minh City,SGN,Vietnam Airlines,VN256,1,,Landed,VN-A864,B789,passenger
2026-03-15,2026-03-15 21:45,2026-03-15 22:41,Ho Chi Minh City,SGN,Bamboo Airways,QH268,1,,Landed,JU-1410,A320,passenger
2026-01-15,2026-01-15 14:10,2026-01-15 14:31,Ho Chi Minh City,SGN,Vietjet Air,VJ144,1,,Landed,VN-A815,A333,passenger
2026-03-15,2026-03-15 22:05,2026-03-15 22:12,Ho Chi Minh City,SGN,Vietnam Airlines,VN220,1,,Landed,VN-A878,B78X,passenger
2026-01-15,2026-01-15 12:05,2026-01-15 12:20,Ho Chi Minh City,SGN,Vietnam Airlines,VN210,1,,Landed,VN-A877,B78X,passenger
2026-03-15,2026-03-15 21:20,2026-03-15 21:27,Ho Chi Minh City,SGN,Vietjet Air,VJ196,1,,Landed,VN-A810,A333,passenger
2026-01-15,2026-01-15 11:10,2026-01-15 11:12,Ho Chi Minh City,SGN,Vietjet Air,VJ132,1,,Landed,VN-A552,A21N,passenger
2026-03-15,2026-03-15 20:35,2026-03-15 21:14,Ho Chi Minh City,SGN,Sun Phuquoc Airways,9G868,1,,Landed,VN-A279,A321,passenger
2026-01-15,2026-01-15 08:20,2026-01-15 08:14,Ho Chi Minh City,SGN,Vietnam Airlines,VN7042,1,,Landed,VN-A331,A321,passenger
2026-03-15,2026-03-15 20:05,2026-03-15 19:58,Ho Chi Minh City,SGN,Vietnam Airlines,VN218,1,,Landed,VN-A863,B789,passenger
2026-01-15,2026-01-15 07:50,2026-01-15 07:37,Ho Chi Minh City,SGN,Vietjet Air,VJ124,1,,Landed,VN-A815,A333,passenger
2026-03-15,2026-03-15 19:20,2026-03-15 19:46,Ho Chi Minh City,SGN,Vietravel Airlines,VU780,1,,Landed,VN-A289,A321,passenger
2026-03-15,2026-03-15 19:15,2026-03-15 19:14,Ho Chi Minh City,SGN,Vietjet Air,VJ152,1,,Landed,VN-A641,A321,passenger
2026-01-16,2026-01-16 23:35,2026-01-16 23:25,Ho Chi Minh City,SGN,Sun Phuquoc Airways,9G882,1,,Landed,VN-A280,A321,passenger
2026-03-15,2026-03-15 19:05,2026-03-15 19:06,Ho Chi Minh City,SGN,Vietnam Airlines,VN254,1,,Landed,VN-A890,A359,passenger
2026-01-16,2026-01-16 21:10,2026-01-16 21:21,Ho Chi Minh City,SGN,Sun Phuquoc Airways,9G872,1,,Landed,VN-A284,A21N,passenger
2026-03-15,2026-03-15 18:45,2026-03-15 18:44,Ho Chi Minh City,SGN,Vietnam Airlines,VN252,1,,Landed,VN-A872,B78X,passenger
2026-01-16,2026-01-17 19:20,2026-01-16 21:17,Ho Chi Minh City,SGN,Vietravel Airlines,VU780,1,,Landed,VN-A289,A321,passenger
2026-03-15,2026-03-15 18:05,2026-03-15 17:59,Ho Chi Minh City,SGN,Vietnam Airlines,VN216,1,,Landed,VN-A879,B78X,passenger
2026-01-16,2026-01-16 20:30,2026-01-16 21:01,Ho Chi Minh City,SGN,Vietjet Air,VJ158,1,,Landed,VN-A667,A321,passenger
2026-03-15,2026-03-15 17:35,2026-03-15 17:25,Ho Chi Minh City,SGN,Vietnam Airlines,VN232,1,,Landed,VN-A886,A359,passenger
2026-03-15,2026-03-15 17:05,2026-03-15 17:04,Ho Chi Minh City,SGN,Vietnam Airlines,VN250,1,,Landed,VN-A861,B789,passenger
2026-01-16,2026-01-16 20:05,2026-01-16 20:07,Ho Chi Minh City,SGN,Vietnam Airlines,VN218,1,,Landed,VN-A879,B78X,passenger
2026-03-15,2026-03-15 16:45,2026-03-15 16:51,Ho Chi Minh City,SGN,Vietjet Air,VJ172,1,,Landed,VN-A811,A333,passenger
2026-01-16,2026-01-17 17:30,2026-01-16 19:30,Ho Chi Minh City,SGN,Vietjet Air,VJ194,1,,Landed,VN-A635,A321,passenger
2026-03-15,2026-03-15 16:50,2026-03-15 16:33,Ho Chi Minh City,SGN,Vietjet Air,VJ134,1,,Landed,LY-NVG,A320,passenger
2026-01-16,2026-01-16 18:05,2026-01-16 18:03,Ho Chi Minh City,SGN,Vietnam Airlines,VN216,1,,Landed,VN-A877,B78X,passenger
2026-03-15,2026-03-15 16:05,2026-03-15 16:01,Ho Chi Minh City,SGN,Vietnam Airlines,VN214,1,,Landed,VN-A873,B78X,passenger
2026-03-15,2026-03-15 15:35,2026-03-15 15:40,Ho Chi Minh City,SGN,Vietravel Airlines,VU770,1,,Landed,VN-A136,A320,passenger
2026-01-16,2026-01-16 15:10,2026-01-16 15:58,Ho Chi Minh City,SGN,Vietjet Air,VJ198,1,,Landed,VN-A675,A320,passenger
2026-03-15,2026-03-15 15:05,2026-03-15 15:13,Ho Chi Minh City,SGN,Vietnam Airlines,VN248,1,,Landed,VN-A862,B789,passenger
2026-01-16,2026-01-16 14:50,2026-01-16 15:26,Ho Chi Minh City,SGN,Vietjet Air,VJ142,1,,Landed,VN-A639,A321,passenger
2026-01-16,2026-01-16 14:30,2026-01-16 14:40,Ho Chi Minh City,SGN,Sun Phuquoc Airways,9G838,1,,Landed,VN-A279,A321,passenger
2026-03-15,2026-03-15 14:40,2026-03-15 15:02,Ho Chi Minh City,SGN,Vietjet Air,VJ138,1,,Landed,VN-A643,A321,passenger
2026-03-15,2026-03-15 14:30,2026-03-15 14:55,Ho Chi Minh City,SGN,Sun Phuquoc Airways,9G838,1,,Landed,VN-A279,A321,passenger
2026-01-16,2026-01-16 12:10,2026-01-16 12:42,Ho Chi Minh City,SGN,Vietjet Air,VJ128,1,,Landed,VN-A810,A333,passenger
2026-03-15,2026-03-15 14:05,2026-03-15 14:03,Ho Chi Minh City,SGN,Vietnam Airlines,VN212,1,,Landed,VN-A865,B789,passenger
2026-03-15,2026-03-15 13:25,2026-03-15 13:37,Ho Chi Minh City,SGN,Vietjet Air,VJ188,1,,Landed,VN-A655,A320,passenger
2026-01-16,2026-01-16 12:30,2026-01-16 12:39,Ho Chi Minh City,SGN,Bamboo Airways,QH224,1,,Landed,JU-1410,A320,passenger
2026-03-15,2026-03-15 13:05,2026-03-15 13:01,Ho Chi Minh City,SGN,Vietnam Airlines,VN246,1,,Landed,VN-A890,A359,passenger
2026-01-16,2026-01-16 10:05,2026-01-16 09:55,Ho Chi Minh City,SGN,Vietnam Airlines,VN208,1,,Landed,VN-A871,B789,passenger
2026-03-15,2026-03-15 11:55,2026-03-15 12:42,Ho Chi Minh City,SGN,Vietnam Airlines,VN7044,1,,Landed,VN-A508,A21N,passenger
2026-03-15,2026-03-15 12:30,2026-03-15 12:35,Ho Chi Minh City,SGN,Bamboo Airways,QH224,1,,Landed,JU-1410,A320,passenger
2026-01-16,2026-01-16 09:20,2026-01-16 09:08,Ho Chi Minh City,SGN,Bamboo Airways,QH204,1,,Landed,PK-BBK,B739,passenger
2026-03-15,2026-03-15 11:10,2026-03-15 11:32,Ho Chi Minh City,SGN,Vietjet Air,VJ132,1,,Landed,VN-A551,A21N,passenger
2026-01-16,2026-01-16 08:20,2026-01-16 08:17,Ho Chi Minh City,SGN,Vietnam Airlines,VN7042,1,,Landed,VN-A615,A321,passenger
2026-03-15,2026-03-15 11:05,2026-03-15 11:08,Ho Chi Minh City,SGN,Vietnam Airlines,VN244,1,,Landed,VN-A861,B789,passenger
2026-01-16,2026-01-16 07:05,2026-01-16 06:58,Ho Chi Minh City,SGN,Vietnam Airlines,VN6002,1,,Landed,VN-A363,A321,passenger
2026-03-15,2026-03-15 10:40,2026-03-15 10:49,Ho Chi Minh City,SGN,Vietjet Air,VJ136,1,,Landed,VN-A524,A21N,passenger
2026-03-15,2026-03-15 09:30,2026-03-15 09:22,Ho Chi Minh City,SGN,Vietjet Air,VJ148,1,,Landed,LY-NVG,A320,passenger
2026-01-17,2026-01-17 22:05,2026-01-17 22:01,Ho Chi Minh City,SGN,Vietnam Airlines,VN220,1,,Landed,VN-A324,A321,passenger
2026-03-15,2026-03-15 09:15,2026-03-15 09:07,Ho Chi Minh City,SGN,Vietravel Airlines,VU774,1,,Landed,9H-MLW,A320,passenger
2026-03-15,2026-03-15 09:05,2026-03-15 08:56,Ho Chi Minh City,SGN,Vietnam Airlines,VN240,1,,Landed,VN-A862,B789,passenger
2026-01-17,2026-01-17 21:05,2026-01-17 20:59,Ho Chi Minh City,SGN,Vietnam Airlines,VN258,1,,Landed,VN-A874,B78X,passenger
2026-03-15,2026-03-15 08:40,2026-03-15 08:27,Ho Chi Minh City,SGN,Sun Phuquoc Airways,9G806,1,,Landed,VN-A279,A321,passenger
2026-01-17,2026-01-17 20:05,2026-01-17 19:51,Ho Chi Minh City,SGN,Vietnam Airlines,VN218,1,,Landed,VN-A878,B78X,passenger
2026-03-15,2026-03-15 08:25,2026-03-15 08:17,Ho Chi Minh City,SGN,Vietjet Air,VJ126,1,,Landed,VN-A532,A321,passenger
2026-01-17,2026-01-17 17:05,2026-01-17 16:57,Ho Chi Minh City,SGN,Vietnam Airlines,VN250,1,,Landed,VN-A879,B78X,passenger
2026-03-16,2026-03-17 21:05,2026-03-16 23:54,Ho Chi Minh City,SGN,Vietnam Airlines,VN258,1,,Landed,VN-A892,A359,passenger
2026-01-17,2026-01-17 12:10,2026-01-17 12:20,Ho Chi Minh City,SGN,Vietjet Air,VJ128,1,,Landed,VN-A683,A321,passenger
2026-03-16,2026-03-17 00:05,2026-03-16 23:50,Ho Chi Minh City,SGN,Vietnam Airlines,VN224,1,,Landed,VN-A609,A321,passenger
2026-03-16,2026-03-16 23:20,2026-03-16 23:34,Ho Chi Minh City,SGN,Vietjet Air,VJ164,1,,Landed,VN-A815,A333,passenger
2026-01-17,2026-01-17 12:05,2026-01-17 11:51,Ho Chi Minh City,SGN,Vietnam Airlines,VN210,1,,Landed,VN-A862,B789,passenger
2026-03-16,2026-03-16 23:05,2026-03-16 23:18,Ho Chi Minh City,SGN,Vietnam Airlines,VN260,1,,Landed,VN-A324,A321,passenger
2026-01-17,2026-01-17 10:40,2026-01-17 10:45,Ho Chi Minh City,SGN,Vietjet Air,VJ136,1,,Landed,VN-A699,A320,passenger
2026-03-16,2026-03-16 22:45,2026-03-16 23:13,Ho Chi Minh City,SGN,Vietravel Airlines,VU794,1,,Landed,VN-A136,A320,passenger
2026-03-16,2026-03-17 21:20,2026-03-16 23:11,Ho Chi Minh City,SGN,Vietjet Air,VJ196,1,,Landed,VN-A635,A321,passenger
2026-01-17,2026-01-17 09:15,2026-01-17 09:46,Ho Chi Minh City,SGN,Vietravel Airlines,VU774,1,,Landed,9H-MLW,A320,passenger
2026-03-16,2026-03-16 22:35,2026-03-16 22:52,Ho Chi Minh City,SGN,Vietnam Airlines,VN256,1,,Landed,VN-A612,A321,passenger
2026-01-17,2026-01-17 09:05,2026-01-17 08:56,Ho Chi Minh City,SGN,Vietnam Airlines,VN240,1,,Landed,VN-A898,A359,passenger
2026-03-16,2026-03-16 22:05,2026-03-16 22:31,Ho Chi Minh City,SGN,Vietnam Airlines,VN220,1,,Landed,VN-A608,A321,passenger
2026-01-17,2026-01-17 08:20,2026-01-17 08:11,Ho Chi Minh City,SGN,Vietnam Airlines,VN7042,1,,Landed,VN-A325,A321,passenger
2026-03-16,2026-03-16 22:10,2026-03-16 21:49,Ho Chi Minh City,SGN,Sun Phuquoc Airways,9G878,1,,Landed,VN-A281,A21N,passenger
2026-03-16,2026-03-16 21:45,2026-03-16 21:31,Ho Chi Minh City,SGN,Bamboo Airways,QH268,1,,Landed,ER-00005,A320,passenger
2026-01-17,2026-01-17 07:55,2026-01-17 07:45,Ho Chi Minh City,SGN,Vietravel Airlines,VU750,1,,Landed,VN-A289,A321,passenger
2026-03-16,2026-03-16 21:00,2026-03-16 21:17,Ho Chi Minh City,SGN,Vietjet Air,VJ166,1,,Landed,VN-A539,A21N,passenger
2026-03-16,2026-03-16 20:05,2026-03-16 20:51,Ho Chi Minh City,SGN,Vietnam Airlines,VN218,1,,Landed,VN-A874,B78X,passenger
2026-01-18,2026-01-18 22:35,2026-01-18 22:36,Ho Chi Minh City,SGN,Vietnam Airlines,VN256,1,,Landed,VN-A877,B78X,passenger
2026-03-16,2026-03-16 20:35,2026-03-16 20:25,Ho Chi Minh City,SGN,Sun Phuquoc Airways,9G868,1,,Landed,VN-A279,A321,passenger
2026-01-18,2026-01-18 14:10,2026-01-18 15:55,Ho Chi Minh City,SGN,Vietjet Air,VJ144,1,,Landed,VN-A812,A333,passenger
2026-03-16,2026-03-16 20:25,2026-03-16 20:16,Ho Chi Minh City,SGN,Vietravel Airlines,VU780,1,,Landed,VN-A289,A321,passenger
2026-01-18,2026-01-18 15:05,2026-01-18 15:25,Ho Chi Minh City,SGN,Vietnam Airlines,VN248,1,,Landed,VN-A512,A21N,passenger
2026-03-16,2026-03-17 16:45,2026-03-16 19:33,Ho Chi Minh City,SGN,Vietjet Air,VJ130,1,,Landed,VN-A816,A333,passenger
2026-01-18,2026-01-19 11:10,2026-01-18 14:24,Ho Chi Minh City,SGN,Vietjet Air,VJ132,1,,Landed,VN-A639,A321,passenger
2026-03-16,2026-03-16 19:15,2026-03-16 19:16,Ho Chi Minh City,SGN,Vietjet Air,VJ152,1,,Landed,VN-A633,A321,passenger
2026-03-16,2026-03-16 19:05,2026-03-16 19:08,Ho Chi Minh City,SGN,Vietnam Airlines,VN254,1,,Landed,VN-A878,B78X,passenger
2026-01-18,2026-01-18 12:30,2026-01-18 12:27,Ho Chi Minh City,SGN,Bamboo Airways,QH224,1,,Landed,JU-1410,A320,passenger
2026-03-16,2026-03-16 18:05,2026-03-16 18:12,Ho Chi Minh City,SGN,Vietnam Airlines,VN216,1,,Landed,VN-A877,B78X,passenger
2026-01-18,2026-01-18 10:05,2026-01-18 09:53,Ho Chi Minh City,SGN,Vietnam Airlines,VN208,1,,Landed,VN-A869,B789,passenger
2026-03-16,2026-03-16 17:45,2026-03-16 17:46,Ho Chi Minh City,SGN,Sun Phuquoc Airways,9G854,1,,Landed,VN-A280,A321,passenger
2026-01-18,2026-01-18 09:30,2026-01-18 09:22,Ho Chi Minh City,SGN,Vietjet Air,VJ148,1,,Landed,LY-NVG,A320,passenger
2026-03-16,2026-03-16 17:35,2026-03-16 17:28,Ho Chi Minh City,SGN,Vietnam Airlines,VN232,1,,Landed,VN-A870,B789,passenger
2026-03-16,2026-03-16 17:05,2026-03-16 17:00,Ho Chi Minh City,SGN,Vietnam Airlines,VN250,1,,Landed,VN-A872,B78X,passenger
2026-01-18,2026-01-18 09:20,2026-01-18 09:10,Ho Chi Minh City,SGN,Bamboo Airways,QH204,1,,Landed,VN-A227,A321,passenger
2026-03-16,2026-03-16 17:00,2026-03-16 16:44,Ho Chi Minh City,SGN,Vietjet Air,VJ146,1,,Landed,VN-A815,A333,passenger
2026-01-18,2026-01-18 08:40,2026-01-18 08:26,Ho Chi Minh City,SGN,Sun Phuquoc Airways,9G806,1,,Landed,VN-A279,A321,passenger
2026-01-18,2026-01-18 07:30,2026-01-18 07:13,Ho Chi Minh City,SGN,Vietjet Air,VJ122,1,,Landed,VN-A641,A321,passenger
2026-03-16,2026-03-16 16:05,2026-03-16 16:00,Ho Chi Minh City,SGN,Vietnam Airlines,VN214,1,,Landed,VN-A865,B789,passenger
2026-03-16,2026-03-16 15:35,2026-03-16 15:38,Ho Chi Minh City,SGN,Vietravel Airlines,VU770,1,,Landed,VN-A129,A321,passenger
2026-01-19,2026-01-19 21:40,2026-01-19 21:49,Ho Chi Minh City,SGN,Vietnam Airlines,VN262,1,,Landed,VN-A886,A359,passenger
2026-03-16,2026-03-16 15:25,2026-03-16 15:19,Ho Chi Minh City,SGN,Bamboo Airways,QH242,1,,Landed,ER-00005,A320,passenger
2026-01-19,2026-01-19 20:10,2026-01-19 20:49,Ho Chi Minh City,SGN,Vietjet Air,VJ154,1,,Landed,VN-A699,A320,passenger
2026-03-16,2026-03-16 14:55,2026-03-16 15:09,Ho Chi Minh City,SGN,Vietravel Airlines,VU778,1,,Landed,9H-MLW,A320,passenger
2026-03-16,2026-03-16 14:05,2026-03-16 14:31,Ho Chi Minh City,SGN,Vietnam Airlines,VN212,1,,Landed,VN-A888,A359,passenger
2026-01-19,2026-01-19 17:40,2026-01-19 17:28,Ho Chi Minh City,SGN,Sun Phuquoc Airways,9G854,1,,Landed,VN-A280,A321,passenger
2026-01-19,2026-01-19 15:20,2026-01-19 15:38,Ho Chi Minh City,SGN,Vietravel Airlines,VU778,1,,Landed,9H-MLW,A320,passenger
2026-03-16,2026-03-16 14:10,2026-03-16 14:09,Ho Chi Minh City,SGN,Vietjet Air,VJ144,1,,Landed,VN-A524,A21N,passenger
2026-03-16,2026-03-16 13:05,2026-03-16 13:00,Ho Chi Minh City,SGN,Vietnam Airlines,VN246,1,,Landed,VN-A327,A321,passenger
2026-01-19,2026-01-19 15:10,2026-01-19 15:27,Ho Chi Minh City,SGN,Vietjet Air,VJ198,1,,Landed,VN-A632,A321,passenger
2026-03-16,2026-03-16 12:05,2026-03-16 12:31,Ho Chi Minh City,SGN,Vietnam Airlines,VN210,1,,Landed,VN-A886,A359,passenger
2026-01-19,2026-01-19 13:50,2026-01-19 13:52,Ho Chi Minh City,SGN,Bamboo Airways,QH240,1,,Landed,ER-00005,A320,passenger
2026-03-16,2026-03-16 11:05,2026-03-16 11:15,Ho Chi Minh City,SGN,Vietnam Airlines,VN244,1,,Landed,VN-A870,B789,passenger
2026-01-19,2026-01-19 09:30,2026-01-19 09:36,Ho Chi Minh City,SGN,Vietjet Air,VJ148,1,,Landed,LY-MLI,A320,passenger
2026-01-19,2026-01-19 08:40,2026-01-19 08:20,Ho Chi Minh City,SGN,Sun Phuquoc Airways,9G806,1,,Landed,VN-A279,A321,passenger
2026-03-16,2026-03-16 11:10,2026-03-16 11:11,Ho Chi Minh City,SGN,Vietjet Air,VJ132,1,,Landed,VN-A528,A21N,passenger
2026-03-16,2026-03-16 10:50,2026-03-16 10:33,Ho Chi Minh City,SGN,Bamboo Airways,QH208,1,,Landed,VN-A227,A321,passenger
2026-03-16,2026-03-16 10:50,2026-03-16 10:23,Ho Chi Minh City,SGN,Sun Phuquoc Airways,9G816,1,,Landed,VN-A284,A21N,passenger
2026-01-19,2026-01-19 07:55,2026-01-19 07:32,Ho Chi Minh City,SGN,Vietravel Airlines,VU750,1,,Landed,VN-A289,A321,passenger
2026-03-16,2026-03-16 10:05,2026-03-16 10:00,Ho Chi Minh City,SGN,Vietnam Airlines,VN208,1,,Landed,VN-A891,A359,passenger
2026-01-19,2026-01-19 07:50,2026-01-19 07:36,Ho Chi Minh City,SGN,Vietjet Air,VJ124,1,,Landed,VN-A634,A321,passenger
2026-03-16,2026-03-16 09:25,2026-03-16 09:13,Ho Chi Minh City,SGN,Sun Phuquoc Airways,9G808,1,,Landed,VN-A285,A21N,passenger
2026-01-19,2026-01-19 07:30,2026-01-19 07:27,Ho Chi Minh City,SGN,Vietjet Air,VJ122,1,,Landed,VN-A578,A21N,passenger
2026-03-16,2026-03-16 09:20,2026-03-16 09:06,Ho Chi Minh City,SGN,Bamboo Airways,QH204,1,,Landed,ER-00005,A320,passenger
2026-03-16,2026-03-16 09:00,2026-03-16 08:59,Ho Chi Minh City,SGN,Vietjet Air,VJ176,1,,Landed,VN-A634,A321,passenger
2026-01-20,2026-01-20 20:35,2026-01-20 21:07,Ho Chi Minh City,SGN,Sun Phuquoc Airways,9G868,1,,Landed,VN-A279,A321,passenger
2026-03-16,2026-03-16 08:40,2026-03-16 08:24,Ho Chi Minh City,SGN,Sun Phuquoc Airways,9G806,1,,Landed,VN-A279,A321,passenger
2026-01-20,2026-01-20 21:10,2026-01-20 20:58,Ho Chi Minh City,SGN,Sun Phuquoc Airways,9G872,1,,Landed,VN-A284,A21N,passenger
2026-03-16,2026-03-16 08:35,2026-03-16 08:25,Ho Chi Minh City,SGN,Vietnam Airlines,VN238,1,,Landed,VN-A614,A321,passenger
2026-03-16,2026-03-16 08:05,2026-03-16 07:48,Ho Chi Minh City,SGN,Vietnam Airlines,VN206,1,,Landed,VN-A615,A321,passenger
2026-01-20,2026-01-20 19:05,2026-01-20 18:52,Ho Chi Minh City,SGN,Vietnam Airlines,VN254,1,,Landed,VN-A877,B78X,passenger
2026-03-16,2026-03-16 07:50,2026-03-16 07:35,Ho Chi Minh City,SGN,Vietjet Air,VJ124,1,,Landed,VN-A534,A21N,passenger
2026-01-20,2026-01-20 07:30,2026-01-20 07:17,Ho Chi Minh City,SGN,Vietjet Air,VJ122,1,,Landed,VN-A653,A21N,passenger
2026-01-21,2026-01-22 19:15,2026-01-21 21:14,Ho Chi Minh City,SGN,Vietjet Air,VJ152,1,,Landed,VN-A648,A321,passenger
2025-12-24,2025-12-24 17:45,2025-12-24 17:54,Da Nang,DAD,Vietnam Airlines,VN133,3,,Landed,VN-A398,A321,passenger
2026-01-07,2026-01-07 06:50,2026-01-07 06:42,Da Nang,DAD,Vietjet Air,VJ623,1,,Landed,VN-A657,A321,passenger
2026-01-21,2026-01-21 21:05,2026-01-21 21:04,Ho Chi Minh City,SGN,Vietnam Airlines,VN258,1,,Landed,VN-A865,B789,passenger
2026-01-21,2026-01-21 21:10,2026-01-21 20:54,Ho Chi Minh City,SGN,Sun Phuquoc Airways,9G872,1,,Landed,VN-A284,A21N,passenger
2026-01-07,2026-01-07 07:30,2026-01-07 07:14,Da Nang,DAD,Vietnam Airlines,VN101,3,,Landed,VN-A501,A21N,passenger
2026-01-21,2026-01-22 20:35,2026-01-22 20:30,Ho Chi Minh City,SGN,Sun Phuquoc Airways,9G868,1,,Unknown,VN-A279,A321,passenger
2026-01-07,2026-01-08 07:50,2026-01-07 09:00,Da Nang,DAD,Vietjet Air,VJ621,1,,Landed,VN-A633,A321,passenger
2026-01-21,2026-01-21 20:05,2026-01-21 20:08,Ho Chi Minh City,SGN,Vietnam Airlines,VN218,1,,Landed,VN-A897,A359,passenger
2026-01-07,2026-01-07 09:30,2026-01-07 09:18,Da Nang,DAD,Vietnam Airlines,VN107,3,,Landed,VN-A331,A321,passenger
2026-01-07,2026-01-07 09:40,2026-01-07 09:28,Da Nang,DAD,Bamboo Airways,QH151,3,,Landed,JU-1410,A320,passenger
2026-01-21,2026-01-21 19:20,2026-01-21 19:34,Ho Chi Minh City,SGN,Vietravel Airlines,VU780,1,,Landed,VN-A289,A321,passenger
2026-01-21,2026-01-21 16:50,2026-01-21 18:39,Ho Chi Minh City,SGN,Vietjet Air,VJ134,1,,Landed,LY-MLI,A320,passenger
2026-01-07,2026-01-07 10:25,2026-01-07 10:26,Da Nang,DAD,Vietnam Airlines,VN109,3,,Landed,VN-A505,A21N,passenger
2026-01-21,2026-01-21 18:05,2026-01-21 18:12,Ho Chi Minh City,SGN,Vietnam Airlines,VN216,1,,Landed,VN-A877,B78X,passenger
2026-01-21,2026-01-21 17:45,2026-01-21 17:53,Ho Chi Minh City,SGN,Sun Phuquoc Airways,9G854,1,,Landed,VN-A280,A321,passenger
2026-01-07,2026-01-07 11:35,2026-01-07 12:00,Da Nang,DAD,Vietjet Air,VJ625,1,,Landed,VN-A635,A321,passenger
2026-01-21,2026-01-22 13:25,2026-01-21 15:30,Ho Chi Minh City,SGN,Vietjet Air,VJ188,1,,Landed,LY-NVE,A320,passenger
2026-01-21,2026-01-21 14:30,2026-01-21 14:57,Ho Chi Minh City,SGN,Sun Phuquoc Airways,9G838,1,,Landed,VN-A279,A321,passenger
2026-01-07,2026-01-07 12:35,2026-01-07 12:32,Da Nang,DAD,Vietravel Airlines,VU673,3,,Landed,VN-A136,A320,passenger
2026-01-07,2026-01-07 12:40,2026-01-07 12:42,Da Nang,DAD,Vietnam Airlines,VN119,3,,Landed,VN-A327,A321,passenger
2026-01-22,2026-01-22 19:20,2026-01-22 19:36,Ho Chi Minh City,SGN,Vietravel Airlines,VU780,1,,Landed,VN-A289,A321,passenger
2026-01-07,2026-01-07 12:40,2026-01-07 13:04,Da Nang,DAD,Vietjet Air,VJ627,1,,Landed,VN-A632,A321,passenger
2026-01-22,2026-01-23 10:40,2026-01-22 17:16,Ho Chi Minh City,SGN,Vietjet Air,VJ136,1,,Landed,VN-A637,A321,passenger
2026-01-07,2026-01-07 13:30,2026-01-07 13:43,Da Nang,DAD,Vietnam Airlines,VN123,3,,Landed,VN-A323,A321,passenger
2026-01-22,2026-01-22 13:50,2026-01-22 13:52,Ho Chi Minh City,SGN,Bamboo Airways,QH240,1,,Landed,ER-00005,A320,passenger
2026-01-07,2026-01-07 13:30,2026-01-07 13:31,Da Nang,DAD,Vietjet Air,VJ633,1,,Landed,VN-A661,A321,passenger
2026-01-22,2026-01-22 09:25,2026-01-22 09:18,Ho Chi Minh City,SGN,Sun Phuquoc Airways,9G808,1,,Landed,VN-A286,A21N,passenger
2026-01-07,2026-01-07 14:55,2026-01-07 15:41,Da Nang,DAD,Vietjet Air,VJ635,1,,Landed,VN-A650,A320,passenger
2026-01-22,2026-01-22 09:05,2026-01-22 08:58,Ho Chi Minh City,SGN,Vietnam Airlines,VN240,1,,Landed,VN-A873,B78X,passenger
2026-01-23,2026-01-23 21:10,2026-01-23 21:08,Ho Chi Minh City,SGN,Sun Phuquoc Airways,9G872,1,,Landed,VN-A286,A21N,passenger
2026-01-07,2026-01-07 15:30,2026-01-07 15:34,Da Nang,DAD,Vietnam Airlines,VN129,3,,Landed,VN-A334,A321,passenger
2026-01-23,2026-01-23 13:50,2026-01-23 14:04,Ho Chi Minh City,SGN,Bamboo Airways,QH240,1,,Landed,ER-00005,A320,passenger
2026-01-07,2026-01-07 15:45,2026-01-07 15:49,Da Nang,DAD,Vietnam Airlines,VN6037,3,,Landed,VN-A354,A321,passenger
2026-01-23,2026-01-23 09:20,2026-01-23 09:28,Ho Chi Minh City,SGN,Bamboo Airways,QH204,1,,Landed,PK-BBK,B739,passenger
2026-01-23,2026-01-23 08:05,2026-01-23 07:58,Ho Chi Minh City,SGN,Vietnam Airlines,VN206,1,,Landed,VN-A893,A359,passenger
2026-01-07,2026-01-07 17:10,2026-01-07 16:53,Da Nang,DAD,Vietnam Airlines,VN133,3,,Landed,VN-A339,A321,passenger
2026-01-23,2026-01-23 07:55,2026-01-23 07:46,Ho Chi Minh City,SGN,Vietravel Airlines,VU750,1,,Landed,VN-A289,A321,passenger
2026-01-23,2026-01-23 07:30,2026-01-23 07:20,Ho Chi Minh City,SGN,Vietjet Air,VJ122,1,,Landed,VN-A578,A21N,passenger
2026-01-07,2026-01-07 18:40,2026-01-07 18:23,Da Nang,DAD,Vietnam Airlines,VN135,3,,Landed,VN-A332,A321,passenger
2026-01-23,2026-01-23 07:05,2026-01-23 06:59,Ho Chi Minh City,SGN,Vietnam Airlines,VN6002,1,,Landed,VN-A363,A321,passenger
2026-01-24,2026-01-24 23:20,2026-01-24 23:14,Ho Chi Minh City,SGN,Bamboo Airways,QH280,1,,Landed,VN-A596,A20N,passenger
2026-01-07,2026-01-07 19:50,2026-01-07 19:41,Da Nang,DAD,Vietnam Airlines,VN137,3,,Landed,VN-A334,A321,passenger
2026-01-07,2026-01-07 20:10,2026-01-07 19:49,Da Nang,DAD,Bamboo Airways,QH171,3,,Landed,VN-A585,A321,passenger
2026-01-24,2026-01-24 22:05,2026-01-24 22:13,Ho Chi Minh City,SGN,Vietnam Airlines,VN220,1,,Landed,VN-A867,B789,passenger
2026-01-07,2026-01-07 20:20,2026-01-07 19:55,Da Nang,DAD,Vietnam Airlines,VN7123,3,,Landed,VN-A503,A21N,passenger
2026-01-24,2026-01-24 19:05,2026-01-24 19:07,Ho Chi Minh City,SGN,Vietnam Airlines,VN254,1,,Landed,VN-A879,B78X,passenger
2026-01-07,2026-01-07 20:55,2026-01-07 21:17,Da Nang,DAD,Vietnam Airlines,VN7133,3,,Landed,VN-A622,A21N,passenger
2026-01-07,2026-01-07 20:55,2026-01-07 21:28,Da Nang,DAD,Vietjet Air,VJ641,1,,Landed,VN-A643,A321,passenger
2026-01-24,2026-01-24 16:50,2026-01-24 18:32,Ho Chi Minh City,SGN,Vietjet Air,VJ134,1,,Landed,LY-MLI,A320,passenger
2026-01-24,2026-01-24 17:35,2026-01-24 17:22,Ho Chi Minh City,SGN,Vietnam Airlines,VN232,1,,Landed,VN-A878,B78X,passenger
2026-01-24,2026-01-24 17:05,2026-01-24 16:54,Ho Chi Minh City,SGN,Vietnam Airlines,VN250,1,,Landed,VN-A874,B78X,passenger
2026-01-07,2026-01-07 22:10,2026-01-07 22:10,Da Nang,DAD,Vietjet Air,VJ645,1,,Landed,VN-A685,A321,passenger
2026-01-24,2026-01-24 10:40,2026-01-24 11:26,Ho Chi Minh City,SGN,Vietjet Air,VJ136,1,,Landed,VN-A668,A320,passenger
2026-01-24,2026-01-24 07:30,2026-01-24 07:24,Ho Chi Minh City,SGN,Vietjet Air,VJ122,1,,Landed,VN-A547,A21N,passenger
2026-01-07,2026-01-07 22:45,2026-01-07 22:44,Da Nang,DAD,Vietravel Airlines,VU685,3,,Landed,9H-MLW,A320,passenger
2026-01-24,2026-01-24 07:40,2026-01-24 07:29,Ho Chi Minh City,SGN,Vietjet Air,VJ120,1,,Landed,VN-A641,A321,passenger
2026-01-12,2026-01-12 07:30,2026-01-12 07:13,Da Nang,DAD,Vietnam Airlines,VN101,3,,Landed,VN-A615,A321,passenger
2026-01-25,2026-01-25 21:20,2026-01-25 21:47,Ho Chi Minh City,SGN,Vietjet Air,VJ196,1,,Landed,VN-A820,A333,passenger
2026-01-25,2026-01-25 19:20,2026-01-25 19:57,Ho Chi Minh City,SGN,Vietravel Airlines,VU780,1,,Landed,VN-A289,A321,passenger
2026-01-25,2026-01-25 18:45,2026-01-25 19:06,Ho Chi Minh City,SGN,Vietnam Airlines,VN252,1,,Landed,VN-A896,A359,passenger
2026-01-23,2026-01-23 06:50,2026-01-23 06:31,Da Nang,DAD,Vietjet Air,VJ623,1,,Landed,VN-A630,A321,passenger
2026-01-25,2026-01-25 19:15,2026-01-25 19:08,Ho Chi Minh City,SGN,Vietjet Air,VJ152,1,,Landed,VN-A668,A320,passenger
2026-01-23,2026-01-23 07:30,2026-01-23 07:07,Da Nang,DAD,Vietnam Airlines,VN101,3,,Landed,VN-A326,A321,passenger
2026-01-25,2026-01-25 18:05,2026-01-25 17:52,Ho Chi Minh City,SGN,Vietnam Airlines,VN216,1,,Landed,VN-A872,B78X,passenger
2026-01-23,2026-01-23 07:50,2026-01-23 07:36,Da Nang,DAD,Vietjet Air,VJ621,1,,Landed,VN-A636,A321,passenger
2026-01-25,2026-01-25 17:35,2026-01-25 17:42,Ho Chi Minh City,SGN,Vietnam Airlines,VN232,1,,Landed,VN-A879,B78X,passenger
2026-01-25,2026-01-25 17:05,2026-01-25 16:50,Ho Chi Minh City,SGN,Vietnam Airlines,VN250,1,,Landed,VN-A878,B78X,passenger
2026-01-25,2026-01-25 15:35,2026-01-25 15:39,Ho Chi Minh City,SGN,Vietnam Airlines,VN7046,1,,Landed,VN-A334,A321,passenger
2026-01-25,2026-01-25 15:05,2026-01-25 15:13,Ho Chi Minh City,SGN,Vietnam Airlines,VN248,1,,Landed,VN-A877,B78X,passenger
2026-02-19,2026-02-19 18:40,2026-02-19 18:30,Da Nang,DAD,Vietnam Airlines,VN135,3,,Landed,VN-A609,A321,passenger
2026-01-25,2026-01-25 13:50,2026-01-25 14:06,Ho Chi Minh City,SGN,Bamboo Airways,QH240,1,,Landed,ER-00005,A320,passenger
2026-02-28,2026-03-01 14:55,2026-02-28 17:18,Da Nang,DAD,Vietjet Air,VJ635,1,,Landed,VN-A636,A321,passenger
2026-01-25,2026-01-25 09:05,2026-01-25 08:57,Ho Chi Minh City,SGN,Vietnam Airlines,VN240,1,,Landed,VN-A877,B78X,passenger
2026-03-01,2026-03-01 16:55,2026-03-01 17:52,Da Nang,DAD,Vietnam Airlines,VN133,3,,Landed,VN-A332,A321,passenger
2026-03-03,2026-03-03 10:25,2026-03-03 10:12,Da Nang,DAD,Vietnam Airlines,VN109,3,,Landed,VN-A325,A321,passenger
2026-01-26,2026-01-26 20:35,2026-01-26 20:24,Ho Chi Minh City,SGN,Sun Phuquoc Airways,9G868,1,,Landed,VN-A280,A321,passenger
2026-03-07,2026-03-07 07:50,2026-03-07 07:30,Da Nang,DAD,Vietjet Air,VJ621,1,,Landed,VN-A639,A321,passenger
2026-03-07,2026-03-07 09:15,2026-03-07 09:13,Da Nang,DAD,Vietjet Air,VJ629,1,,Landed,VN-A532,A321,passenger
2026-01-26,2026-01-26 19:05,2026-01-26 19:14,Ho Chi Minh City,SGN,Vietnam Airlines,VN254,1,,Landed,VN-A879,B78X,passenger
2026-03-07,2026-03-07 09:40,2026-03-07 09:32,Da Nang,DAD,Bamboo Airways,QH151,3,,Landed,JU-1410,A320,passenger
2026-01-26,2026-01-26 16:05,2026-01-26 16:17,Ho Chi Minh City,SGN,Vietnam Airlines,VN214,1,,Landed,VN-A872,B78X,passenger
2026-03-07,2026-03-07 12:30,2026-03-07 12:00,Da Nang,DAD,Vietnam Airlines,VN119,3,,Landed,VN-A323,A321,passenger
2026-01-26,2026-01-26 14:05,2026-01-26 15:31,Ho Chi Minh City,SGN,Vietnam Airlines,VN212,1,,Landed,VN-A892,A359,passenger
2026-03-07,2026-03-07 12:40,2026-03-07 13:26,Da Nang,DAD,Vietjet Air,VJ627,1,,Landed,VN-A635,A321,passenger
2026-01-26,2026-01-26 15:20,2026-01-26 15:08,Ho Chi Minh City,SGN,Vietravel Airlines,VU778,1,,Landed,9H-MLW,A320,passenger
2026-03-07,2026-03-07 17:10,2026-03-07 17:17,Da Nang,DAD,Vietnam Airlines,VN133,3,,Landed,VN-A331,A321,passenger
2026-03-08,2026-03-08 21:25,2026-03-08 21:15,Da Nang,DAD,Vietravel Airlines,VU685,3,,Landed,9H-MLW,A320,passenger
2026-01-26,2026-01-26 14:10,2026-01-26 14:36,Ho Chi Minh City,SGN,Vietjet Air,VJ144,1,,Landed,VN-A635,A321,passenger
2026-03-09,2026-03-09 13:30,2026-03-09 13:11,Da Nang,DAD,Vietjet Air,VJ633,1,,Landed,VN-A534,A21N,passenger
2026-01-26,2026-01-26 14:30,2026-01-26 14:33,Ho Chi Minh City,SGN,Sun Phuquoc Airways,9G838,1,,Landed,VN-A280,A321,passenger
2026-03-09,2026-03-09 20:10,2026-03-09 19:58,Da Nang,DAD,Bamboo Airways,QH173,3,,Landed,VN-A585,A321,passenger
2026-01-26,2026-01-26 11:05,2026-01-26 11:09,Ho Chi Minh City,SGN,Vietnam Airlines,VN244,1,,Landed,VN-A868,B789,passenger
2026-03-10,2026-03-10 14:55,2026-03-10 14:33,Da Nang,DAD,Vietnam Airlines,VN127,3,,Landed,VN-A505,A21N,passenger
2026-01-26,2026-01-26 10:25,2026-01-26 10:22,Ho Chi Minh City,SGN,Vietjet Air,VJ184,1,,Landed,VN-A812,A333,passenger
2026-01-27,2026-01-27 19:20,2026-01-27 20:31,Ho Chi Minh City,SGN,Vietravel Airlines,VU780,1,,Landed,VN-A289,A321,passenger
2026-03-14,2026-03-14 15:45,2026-03-14 15:58,Da Nang,DAD,Vietnam Airlines,VN6037,3,,Landed,VN-A359,A321,passenger
2026-01-27,2026-01-27 13:05,2026-01-27 14:29,Ho Chi Minh City,SGN,Vietnam Airlines,VN246,1,,Landed,VN-A866,B789,passenger
2026-03-16,2026-03-16 13:30,2026-03-16 13:40,Da Nang,DAD,Vietnam Airlines,VN123,3,,Landed,VN-A608,A321,passenger
2026-03-16,2026-03-16 13:30,2026-03-16 13:59,Da Nang,DAD,Vietjet Air,VJ633,1,,Landed,VN-A644,A321,passenger
2026-01-27,2026-01-27 09:30,2026-01-27 09:54,Ho Chi Minh City,SGN,Vietjet Air,VJ148,1,,Landed,LY-NVG,A320,passenger
2026-01-28,2026-01-28 22:35,2026-01-28 22:32,Ho Chi Minh City,SGN,Vietnam Airlines,VN256,1,,Landed,VN-A866,B789,passenger
2026-01-28,2026-01-28 22:25,2026-01-28 22:29,Ho Chi Minh City,SGN,Vietjet Air,VJ180,1,,Landed,VN-A685,A321,passenger
2025-12-24,2025-12-24 12:40,2025-12-24 13:07,Da Nang,DAD,Vietjet Air,VJ528,1,,Landed,VN-A632,A321,passenger
2026-01-28,2026-01-28 21:05,2026-01-28 21:54,Ho Chi Minh City,SGN,Vietnam Airlines,VN258,1,,Landed,VN-A862,B789,passenger
2025-12-24,2025-12-24 16:45,2025-12-24 17:25,Da Nang,DAD,Vietjet Air,VJ514,1,,Landed,VN-A632,A321,passenger
2026-01-28,2026-01-28 20:05,2026-01-28 20:16,Ho Chi Minh City,SGN,Vietnam Airlines,VN218,1,,Landed,VN-A878,B78X,passenger
2026-01-28,2026-01-28 17:45,2026-01-28 17:39,Ho Chi Minh City,SGN,Sun Phuquoc Airways,9G854,1,,Landed,VN-A279,A321,passenger
2025-12-24,2026-12-24 17:30,2026-12-24 18:17,Da Nang,DAD,Vietjet Air,VJ512,1,,Landed,VN-A538,A21N,passenger
2026-01-28,2026-01-28 17:00,2026-01-28 17:15,Ho Chi Minh City,SGN,Vietjet Air,VJ146,1,,Landed,VN-A545,A21N,passenger
2026-01-28,2026-01-28 17:05,2026-01-28 16:57,Ho Chi Minh City,SGN,Vietnam Airlines,VN250,1,,Landed,VN-A877,B78X,passenger
2025-12-28,2026-12-28 09:20,2026-12-28 09:12,Da Nang,DAD,Vietnam Airlines,VN158,1,,Landed,VN-A615,A321,passenger
2026-01-28,2026-01-28 15:20,2026-01-28 15:51,Ho Chi Minh City,SGN,Vietravel Airlines,VU778,1,,Landed,9H-MLW,A320,passenger
2026-01-28,2026-01-28 14:40,2026-01-28 15:16,Ho Chi Minh City,SGN,Vietjet Air,VJ138,1,,Landed,VN-A635,A321,passenger
2026-01-28,2026-01-28 14:30,2026-01-28 15:08,Ho Chi Minh City,SGN,Sun Phuquoc Airways,9G838,1,,Landed,VN-A280,A321,passenger
2026-01-01,2026-01-01 09:20,2026-01-01 09:16,Da Nang,DAD,Vietnam Airlines,VN158,1,,Landed,VN-A615,A321,passenger
2026-01-29,2026-01-29 21:40,2026-01-29 21:58,Ho Chi Minh City,SGN,Vietnam Airlines,VN262,1,,Landed,VN-A392,A321,passenger
2026-01-02,2026-01-02 09:20,2026-01-02 09:17,Da Nang,DAD,Vietnam Airlines,VN158,1,,Landed,VN-A615,A321,passenger
2026-01-29,2026-01-29 20:30,2026-01-29 20:43,Ho Chi Minh City,SGN,Vietjet Air,VJ158,1,,Landed,VN-A676,A320,passenger
2026-01-29,2026-01-29 20:05,2026-01-29 20:21,Ho Chi Minh City,SGN,Vietnam Airlines,VN218,1,,Landed,VN-A895,A359,passenger
2026-01-03,2026-01-03 17:30,2026-01-03 18:27,Da Nang,DAD,Vietjet Air,VJ512,1,,Landed,VN-A544,A321,passenger
2026-01-29,2026-01-29 18:05,2026-01-29 18:00,Ho Chi Minh City,SGN,Vietnam Airlines,VN216,1,,Landed,VN-A879,B78X,passenger
2026-01-03,2026-01-03 18:15,2026-01-03 18:22,Da Nang,DAD,Vietnam Airlines,VN7154,1,,Landed,VN-A331,A321,passenger
2026-01-29,2026-01-29 17:05,2026-01-29 17:15,Ho Chi Minh City,SGN,Vietnam Airlines,VN250,1,,Landed,VN-A872,B78X,passenger
2026-01-03,2026-01-03 20:15,2026-01-03 20:01,Da Nang,DAD,Vietravel Airlines,VU658,1,,Landed,VN-A136,A320,passenger
2026-01-29,2026-01-30 15:05,2026-01-29 16:52,Ho Chi Minh City,SGN,Vietnam Airlines,VN248,1,,Landed,VN-A893,A359,passenger
2026-01-04,2026-01-04 09:20,2026-01-04 09:15,Da Nang,DAD,Vietnam Airlines,VN158,1,,Landed,VN-A615,A321,passenger
2026-01-29,2026-01-29 11:50,2026-01-29 11:50,Ho Chi Minh City,SGN,Vietnam Airlines,VN7044,1,,Landed,VN-A505,A21N,passenger
2026-01-29,2026-01-29 09:05,2026-01-29 09:14,Ho Chi Minh City,SGN,Vietnam Airlines,VN240,1,,Landed,VN-A899,A359,passenger
2026-01-29,2026-01-29 08:20,2026-01-29 08:19,Ho Chi Minh City,SGN,Vietnam Airlines,VN7042,1,,Landed,VN-A615,A321,passenger
2026-01-30,2026-01-30 20:55,2026-01-30 21:41,Ho Chi Minh City,SGN,Vietjet Air,VJ154,1,,Landed,VN-A676,A320,passenger
2026-01-30,2026-01-30 19:15,2026-01-30 19:16,Ho Chi Minh City,SGN,Vietjet Air,VJ152,1,,Landed,VN-A674,A21N,passenger
2026-01-11,2026-01-11 16:45,2026-01-11 16:50,Da Nang,DAD,Vietjet Air,VJ514,1,,Landed,VN-A663,A320,passenger
2026-01-30,2026-01-30 17:05,2026-01-30 16:53,Ho Chi Minh City,SGN,Vietnam Airlines,VN250,1,,Landed,VN-A872,B78X,passenger
2026-01-12,2026-01-12 16:45,2026-01-12 16:59,Da Nang,DAD,Vietjet Air,VJ514,1,,Landed,VN-A632,A321,passenger
2026-01-30,2026-01-30 15:05,2026-01-30 15:26,Ho Chi Minh City,SGN,Vietnam Airlines,VN248,1,,Landed,VN-A862,B789,passenger
2026-01-12,2026-01-12 19:35,2026-01-12 19:50,Da Nang,DAD,Vietjet Air,VJ516,1,,Landed,VN-A525,A21N,passenger
2026-01-30,2026-01-30 14:30,2026-01-30 14:43,Ho Chi Minh City,SGN,Sun Phuquoc Airways,9G838,1,,Landed,VN-A280,A321,passenger
2026-01-30,2026-01-30 13:50,2026-01-30 13:54,Ho Chi Minh City,SGN,Bamboo Airways,QH240,1,,Landed,ER-00005,A320,passenger
2026-01-30,2026-01-30 09:05,2026-01-30 09:12,Ho Chi Minh City,SGN,Vietnam Airlines,VN240,1,,Landed,VN-A870,B789,passenger
2026-01-15,2026-01-15 09:50,2026-01-15 09:36,Da Nang,DAD,Vietravel Airlines,VU638,1,,Landed,VN-A136,A320,passenger
2026-01-31,2026-01-31 21:05,2026-01-31 21:06,Ho Chi Minh City,SGN,Vietnam Airlines,VN258,1,,Landed,VN-A878,B78X,passenger
2026-01-15,2026-01-15 13:35,2026-01-15 13:14,Da Nang,DAD,Vietnam Airlines,VN166,1,,Landed,VN-A609,A321,passenger
2026-01-31,2026-01-31 20:05,2026-01-31 19:49,Ho Chi Minh City,SGN,Vietnam Airlines,VN218,1,,Landed,VN-A877,B78X,passenger
2026-01-15,2026-01-15 13:40,2026-01-15 14:42,Da Nang,DAD,Vietjet Air,VJ508,1,,Landed,VN-A693,A21N,passenger
2026-01-16,2026-01-16 07:05,2026-01-16 06:58,Da Nang,DAD,Vietjet Air,VJ502,1,,Landed,VN-A637,A321,passenger
2026-01-31,2026-01-31 17:05,2026-01-31 16:55,Ho Chi Minh City,SGN,Vietnam Airlines,VN250,1,,Landed,VN-A866,B789,passenger
2026-01-16,2026-01-16 12:40,2026-01-16 12:53,Da Nang,DAD,Vietjet Air,VJ528,1,,Landed,VN-A673,A321,passenger
2026-01-31,2026-01-31 15:55,2026-01-31 16:15,Ho Chi Minh City,SGN,Vietravel Airlines,VU770,1,,Landed,VN-A289,A321,passenger
2026-01-31,2026-01-31 11:10,2026-01-31 11:23,Ho Chi Minh City,SGN,Vietjet Air,VJ132,1,,Landed,VN-A639,A321,passenger
2026-01-16,2026-01-17 17:30,2026-01-16 18:36,Da Nang,DAD,Vietjet Air,VJ512,1,,Landed,VN-A657,A321,passenger
2026-01-31,2026-01-31 09:05,2026-01-31 09:18,Ho Chi Minh City,SGN,Vietnam Airlines,VN240,1,,Landed,VN-A898,A359,passenger
2026-01-16,2026-01-16 19:35,2026-01-16 20:36,Da Nang,DAD,Vietjet Air,VJ516,1,,Landed,VN-A658,A320,passenger
2026-02-01,2026-02-01 23:00,2026-02-01 23:00,Ho Chi Minh City,SGN,Bamboo Airways,QH286,1,,Landed,VN-A585,A321,passenger
2026-01-16,2026-01-16 20:15,2026-01-16 20:14,Da Nang,DAD,Vietravel Airlines,VU658,1,,Landed,VN-A136,A320,passenger
2026-02-01,2026-02-01 16:50,2026-02-01 17:21,Ho Chi Minh City,SGN,Vietjet Air,VJ134,1,,Landed,LY-MLI,A320,passenger
2026-01-17,2026-01-17 09:00,2026-01-17 08:44,Da Nang,DAD,Vietjet Air,VJ504,1,,Landed,VN-A649,A321,passenger
2026-02-01,2026-02-01 15:55,2026-02-01 17:02,Ho Chi Minh City,SGN,Vietravel Airlines,VU770,1,,Landed,VN-A136,A320,passenger
2026-02-01,2026-02-01 16:05,2026-02-01 16:10,Ho Chi Minh City,SGN,Vietnam Airlines,VN214,1,,Landed,VN-A877,B78X,passenger
2026-01-18,2026-01-18 09:25,2026-01-18 09:04,Da Nang,DAD,Vietnam Airlines,VN158,1,,Landed,VN-A623,A21N,passenger
2026-02-01,2026-02-01 12:05,2026-02-01 12:05,Ho Chi Minh City,SGN,Vietnam Airlines,VN210,1,,Landed,VN-A861,B789,passenger
2026-02-02,2026-02-02 23:20,2026-02-02 23:02,Ho Chi Minh City,SGN,Vietravel Airlines,VU794,1,,Landed,VN-A136,A320,passenger
2026-01-18,2026-01-18 09:50,2026-01-18 09:44,Da Nang,DAD,Vietravel Airlines,VU638,1,,Landed,VN-A129,A321,passenger
2026-02-02,2026-02-02 20:35,2026-02-02 21:33,Ho Chi Minh City,SGN,Sun Phuquoc Airways,9G868,1,,Landed,VN-A279,A321,passenger
2026-01-18,2026-01-18 16:45,2026-01-18 17:10,Da Nang,DAD,Vietjet Air,VJ514,1,,Landed,VN-A538,A21N,passenger
2026-02-02,2026-02-03 17:30,2026-02-02 21:30,Ho Chi Minh City,SGN,Vietjet Air,VJ194,1,,Landed,VN-A661,A321,passenger
2026-02-02,2026-02-02 20:10,2026-02-02 21:14,Ho Chi Minh City,SGN,Vietjet Air,VJ154,1,,Landed,VN-A639,A321,passenger
2026-02-02,2026-02-02 20:05,2026-02-02 20:33,Ho Chi Minh City,SGN,Vietnam Airlines,VN218,1,,Landed,VN-A877,B78X,passenger
2026-02-02,2026-02-02 19:15,2026-02-02 19:46,Ho Chi Minh City,SGN,Vietjet Air,VJ152,1,,Landed,VN-A544,A321,passenger
2026-02-02,2026-02-02 18:05,2026-02-02 18:13,Ho Chi Minh City,SGN,Vietnam Airlines,VN216,1,,Landed,VN-A879,B78X,passenger
2026-02-02,2026-02-02 15:10,2026-02-02 16:05,Ho Chi Minh City,SGN,Vietjet Air,VJ198,1,,Landed,VN-A534,A21N,passenger
2026-01-19,2026-01-19 13:35,2026-01-19 13:11,Da Nang,DAD,Vietnam Airlines,VN166,1,,Landed,VN-A358,A321,passenger
2026-01-19,2026-01-19 16:05,2026-01-19 15:51,Da Nang,DAD,Vietnam Airlines,VN7164,1,,Landed,VN-A508,A21N,passenger
2026-02-02,2026-02-02 14:05,2026-02-02 14:29,Ho Chi Minh City,SGN,Vietnam Airlines,VN212,1,,Landed,VN-A899,A359,passenger
2026-02-02,2026-02-02 12:10,2026-02-02 12:37,Ho Chi Minh City,SGN,Vietjet Air,VJ128,1,,Landed,VN-A812,A333,passenger
2026-01-19,2026-01-19 20:15,2026-01-19 21:25,Da Nang,DAD,Vietravel Airlines,VU658,1,,Landed,VN-A136,A320,passenger
2026-02-02,2026-02-02 11:05,2026-02-02 11:13,Ho Chi Minh City,SGN,Vietnam Airlines,VN244,1,,Landed,VN-A879,B78X,passenger
2026-01-20,2026-01-20 07:05,2026-01-20 06:58,Da Nang,DAD,Vietjet Air,VJ502,1,,Landed,VN-A667,A321,passenger
2026-02-02,2026-02-02 09:40,2026-02-02 09:11,Ho Chi Minh City,SGN,Sun Phuquoc Airways,9G808,1,,Landed,VN-A281,A21N,passenger
2026-01-20,2026-01-20 10:55,2026-01-20 10:43,Da Nang,DAD,Bamboo Airways,QH104,1,,Landed,VN-A597,A321,passenger
2026-02-02,2026-02-02 09:05,2026-02-02 08:59,Ho Chi Minh City,SGN,Vietnam Airlines,VN240,1,,Landed,VN-A896,A359,passenger
2026-02-02,2026-02-02 07:55,2026-02-02 07:40,Ho Chi Minh City,SGN,Bamboo Airways,QH202,1,,Landed,VN-A596,A20N,passenger
2026-01-20,2026-01-20 22:55,2026-01-20 23:14,Da Nang,DAD,Vietjet Air,VJ520,1,,Landed,VN-A641,A321,passenger
2026-01-21,2026-01-21 07:40,2026-01-21 07:25,Da Nang,DAD,Vietjet Air,VJ524,1,,Landed,VN-A676,A320,passenger
2026-02-03,2026-02-03 23:35,2026-02-03 23:46,Ho Chi Minh City,SGN,Sun Phuquoc Airways,9G882,1,,Landed,VN-A280,A321,passenger
2026-01-21,2026-01-21 11:45,2026-01-21 11:48,Da Nang,DAD,Vietnam Airlines,VN6080,1,,Landed,VN-A354,A321,passenger
2026-01-21,2026-01-21 19:35,2026-01-21 20:01,Da Nang,DAD,Vietjet Air,VJ516,1,,Landed,VN-A655,A320,passenger
2026-02-03,2026-02-03 23:05,2026-02-03 22:57,Ho Chi Minh City,SGN,Vietnam Airlines,VN260,1,,Landed,VN-A873,B78X,passenger
2026-02-03,2026-02-03 22:05,2026-02-03 22:04,Ho Chi Minh City,SGN,Vietnam Airlines,VN220,1,,Landed,VN-A871,B789,passenger
2026-02-03,2026-02-03 17:35,2026-02-03 18:28,Ho Chi Minh City,SGN,Vietnam Airlines,VN232,1,,Landed,VN-A503,A21N,passenger
2026-02-03,2026-02-03 12:10,2026-02-03 13:11,Ho Chi Minh City,SGN,Vietjet Air,VJ128,1,,Landed,VN-A820,A333,passenger
2026-01-22,2026-01-22 20:15,2026-01-22 20:08,Da Nang,DAD,Vietravel Airlines,VU658,1,,Landed,VN-A136,A320,passenger
2026-02-03,2026-02-03 11:35,2026-02-03 11:33,Ho Chi Minh City,SGN,Sun Phuquoc Airways,9G822,1,,Landed,VN-A280,A321,passenger
2026-01-23,2026-01-23 07:40,2026-01-23 07:25,Da Nang,DAD,Vietjet Air,VJ524,1,,Landed,VN-A662,A320,passenger
2026-02-03,2026-02-03 09:40,2026-02-03 09:30,Ho Chi Minh City,SGN,Sun Phuquoc Airways,9G808,1,,Landed,VN-A281,A21N,passenger
2026-02-03,2026-02-03 07:55,2026-02-03 07:33,Ho Chi Minh City,SGN,Vietravel Airlines,VU750,1,,Landed,VN-A289,A321,passenger
2026-01-23,2026-01-23 09:20,2026-01-23 09:08,Da Nang,DAD,Vietnam Airlines,VN158,1,,Landed,VN-A609,A321,passenger
2026-02-04,2026-02-04 23:55,2026-02-04 23:58,Ho Chi Minh City,SGN,Vietjet Air,VJ174,1,,Landed,VN-A650,A320,passenger
2026-02-04,2026-02-04 23:20,2026-02-04 23:55,Ho Chi Minh City,SGN,Vietravel Airlines,VU794,1,,Landed,VN-A136,A320,passenger
2026-02-04,2026-02-04 23:20,2026-02-04 23:36,Ho Chi Minh City,SGN,Vietjet Air,VJ164,1,,Landed,VN-A815,A333,passenger
2026-02-04,2026-02-04 23:10,2026-02-04 23:03,Ho Chi Minh City,SGN,Vietnam Airlines,VN7294,1,,Landed,VN-A872,B78X,passenger
2026-02-04,2026-02-04 22:25,2026-02-04 23:01,Ho Chi Minh City,SGN,Vietjet Air,VJ180,1,,Landed,VN-A816,A333,passenger
2026-02-04,2026-02-04 22:35,2026-02-04 22:48,Ho Chi Minh City,SGN,Vietnam Airlines,VN256,1,,Landed,VN-A873,B78X,passenger
2026-01-24,2026-01-24 09:30,2026-01-24 09:16,Da Nang,DAD,Vietnam Airlines,VN158,1,,Landed,VN-A605,A321,passenger
2026-02-04,2026-02-04 22:05,2026-02-04 22:41,Ho Chi Minh City,SGN,Vietnam Airlines,VN220,1,,Landed,VN-A890,A359,passenger
2026-02-04,2026-02-04 21:45,2026-02-04 22:38,Ho Chi Minh City,SGN,Bamboo Airways,QH268,1,,Landed,VN-A596,A20N,passenger
2026-01-24,2026-01-24 22:15,2026-01-24 22:54,Da Nang,DAD,Vietjet Air,VJ518,1,,Landed,VN-A553,A21N,passenger
2026-02-04,2026-02-04 21:15,2026-02-04 22:24,Ho Chi Minh City,SGN,Vietjet Air,VJ160,1,,Landed,VN-A636,A321,passenger
2026-02-04,2026-02-04 21:20,2026-02-04 22:29,Ho Chi Minh City,SGN,Vietjet Air,VJ196,1,,Landed,VN-A820,A333,passenger
2026-01-25,2026-01-25 09:30,2026-01-25 09:09,Da Nang,DAD,Vietnam Airlines,VN158,1,,Landed,VN-A396,A321,passenger
2026-02-04,2026-02-04 20:35,2026-02-04 21:49,Ho Chi Minh City,SGN,Sun Phuquoc Airways,9G868,1,,Landed,VN-A279,A321,passenger
2026-01-25,2026-01-25 16:25,2026-01-25 16:31,Da Nang,DAD,Vietnam Airlines,VN7186,1,,Landed,VN-A508,A21N,passenger
2026-02-04,2026-02-04 20:10,2026-02-04 21:42,Ho Chi Minh City,SGN,Vietjet Air,VJ154,1,,Landed,VN-A535,A321,passenger
2026-02-04,2026-02-04 21:05,2026-02-04 21:19,Ho Chi Minh City,SGN,Vietnam Airlines,VN258,1,,Landed,VN-A889,A359,passenger
2026-01-25,2026-01-26 19:35,2026-01-25 21:01,Da Nang,DAD,Vietjet Air,VJ516,1,,Landed,VN-A673,A321,passenger
2026-02-04,2026-02-04 21:10,2026-02-04 21:25,Ho Chi Minh City,SGN,Sun Phuquoc Airways,9G872,1,,Landed,VN-A286,A21N,passenger
2026-02-04,2026-02-04 19:15,2026-02-04 21:00,Ho Chi Minh City,SGN,Vietjet Air,VJ152,1,,Landed,VN-A685,A321,passenger
2026-02-04,2026-02-04 20:30,2026-02-04 20:49,Ho Chi Minh City,SGN,Vietjet Air,VJ158,1,,Landed,VN-A538,A21N,passenger
2026-02-04,2026-02-04 20:20,2026-02-04 20:22,Ho Chi Minh City,SGN,Vietnam Airlines,VN7018,1,,Landed,VN-A886,A359,passenger
2026-01-26,2026-01-26 17:30,2026-01-26 17:34,Da Nang,DAD,Vietjet Air,VJ512,1,,Landed,VN-A641,A321,passenger
2026-02-04,2026-02-04 19:45,2026-02-04 20:31,Ho Chi Minh City,SGN,Bamboo Airways,QH262,1,,Landed,PK-BBK,B739,passenger
2026-02-04,2026-02-04 20:05,2026-02-04 20:12,Ho Chi Minh City,SGN,Vietnam Airlines,VN218,1,,Landed,VN-A877,B78X,passenger
2026-01-26,2026-01-26 22:15,2026-01-26 22:15,Da Nang,DAD,Vietjet Air,VJ518,1,,Landed,VN-A668,A320,passenger
2026-02-04,2026-02-04 19:25,2026-02-04 19:49,Ho Chi Minh City,SGN,Vietnam Airlines,VN7290,1,,Landed,VN-A866,B789,passenger
2026-02-04,2026-02-04 19:20,2026-02-04 19:38,Ho Chi Minh City,SGN,Vietravel Airlines,VU780,1,,Landed,VN-A289,A321,passenger
2026-02-04,2026-02-04 19:35,2026-02-04 19:27,Ho Chi Minh City,SGN,Vietnam Airlines,VN7240,1,,Landed,VN-A336,A321,passenger
2026-02-04,2026-02-04 19:05,2026-02-04 19:09,Ho Chi Minh City,SGN,Vietnam Airlines,VN254,1,,Landed,VN-A863,B789,passenger
2026-02-04,2026-02-04 18:45,2026-02-04 18:47,Ho Chi Minh City,SGN,Vietnam Airlines,VN252,1,,Landed,VN-A874,B78X,passenger
2026-01-29,2026-01-29 16:15,2026-01-29 16:41,Da Nang,DAD,Vietnam Airlines,VN7164,1,,Landed,VN-A507,A21N,passenger
2026-01-29,2026-01-29 19:35,2026-01-29 20:17,Da Nang,DAD,Vietjet Air,VJ516,1,,Landed,VN-A534,A21N,passenger
2026-02-04,2026-02-04 18:05,2026-02-04 18:04,Ho Chi Minh City,SGN,Vietnam Airlines,VN216,1,,Landed,VN-A864,B789,passenger
2026-01-29,2026-01-29 20:15,2026-01-29 21:06,Da Nang,DAD,Vietravel Airlines,VU658,1,,Landed,VN-A289,A321,passenger
2026-02-04,2026-02-04 17:45,2026-02-04 17:39,Ho Chi Minh City,SGN,Sun Phuquoc Airways,9G854,1,,Landed,VN-A280,A321,passenger
2026-02-04,2026-02-04 17:35,2026-02-04 17:28,Ho Chi Minh City,SGN,Vietnam Airlines,VN232,1,,Landed,VN-A888,A359,passenger
2026-01-30,2026-01-30 13:40,2026-01-30 14:45,Da Nang,DAD,Vietjet Air,VJ508,1,,Landed,VN-A637,A321,passenger
2026-02-04,2026-02-04 17:30,2026-02-04 17:31,Ho Chi Minh City,SGN,Vietjet Air,VJ194,1,,Landed,VN-A648,A321,passenger
2026-02-04,2026-02-04 16:50,2026-02-04 17:25,Ho Chi Minh City,SGN,Vietjet Air,VJ134,1,,Landed,LY-MLI,A320,passenger
2026-01-30,2026-01-30 16:15,2026-01-30 16:10,Da Nang,DAD,Vietnam Airlines,VN7164,1,,Landed,VN-A611,A321,passenger
2026-02-04,2026-02-04 17:05,2026-02-04 17:08,Ho Chi Minh City,SGN,Vietnam Airlines,VN250,1,,Landed,VN-A869,B789,passenger
2026-01-30,2026-01-30 16:25,2026-01-30 16:18,Da Nang,DAD,Vietnam Airlines,VN7186,1,,Landed,VN-A505,A21N,passenger
2026-02-04,2026-02-04 17:00,2026-02-04 16:59,Ho Chi Minh City,SGN,Vietjet Air,VJ146,1,,Landed,VN-A815,A333,passenger
2026-02-04,2026-02-04 16:05,2026-02-04 16:40,Ho Chi Minh City,SGN,Vietnam Airlines,VN214,1,,Landed,VN-A872,B78X,passenger
2026-01-31,2026-01-31 07:40,2026-01-31 07:20,Da Nang,DAD,Vietjet Air,VJ524,1,,Landed,VN-A632,A321,passenger
2026-02-04,2026-02-04 15:55,2026-02-04 16:37,Ho Chi Minh City,SGN,Vietravel Airlines,VU770,1,,Landed,VN-A129,A321,passenger
2026-02-04,2026-02-04 16:15,2026-02-04 16:04,Ho Chi Minh City,SGN,Vietnam Airlines,VN7040,1,,Landed,VN-A325,A321,passenger
2026-01-31,2026-01-31 13:35,2026-01-31 13:33,Da Nang,DAD,Vietnam Airlines,VN166,1,,Landed,VN-A334,A321,passenger
2026-02-04,2026-02-04 15:25,2026-02-04 15:58,Ho Chi Minh City,SGN,Bamboo Airways,QH242,1,,Landed,VN-A227,A321,passenger
2026-02-04,2026-02-04 15:10,2026-02-04 15:50,Ho Chi Minh City,SGN,Vietjet Air,VJ198,1,,Landed,VN-A651,A321,passenger
2026-02-04,2026-02-04 15:20,2026-02-04 15:42,Ho Chi Minh City,SGN,Vietravel Airlines,VU778,1,,Landed,9H-MLW,A320,passenger
2026-02-02,2026-02-02 12:40,2026-02-02 12:47,Da Nang,DAD,Vietjet Air,VJ528,1,,Landed,VN-A649,A321,passenger
2026-02-04,2026-02-04 15:05,2026-02-04 15:32,Ho Chi Minh City,SGN,Vietnam Airlines,VN248,1,,Landed,VN-A867,B789,passenger
2026-02-02,2026-02-03 17:30,2026-02-02 18:56,Da Nang,DAD,Vietjet Air,VJ512,1,,Landed,VN-A670,A321,passenger
2026-02-04,2026-02-05 13:25,2026-02-04 15:29,Ho Chi Minh City,SGN,Vietjet Air,VJ188,1,,Landed,LY-NVE,A320,passenger
2026-02-04,2026-02-04 14:30,2026-02-04 15:08,Ho Chi Minh City,SGN,Sun Phuquoc Airways,9G838,1,,Landed,VN-A279,A321,passenger
2026-02-04,2026-02-04 14:40,2026-02-04 15:03,Ho Chi Minh City,SGN,Vietjet Air,VJ138,1,,Landed,VN-A670,A321,passenger
2026-02-04,2026-02-04 14:10,2026-02-04 14:48,Ho Chi Minh City,SGN,Vietjet Air,VJ144,1,,Landed,VN-A816,A333,passenger
2026-02-03,2026-02-03 11:45,2026-02-03 11:32,Da Nang,DAD,Vietnam Airlines,VN6080,1,,Landed,VN-A363,A321,passenger
2026-02-04,2026-02-04 14:05,2026-02-04 13:57,Ho Chi Minh City,SGN,Vietnam Airlines,VN212,1,,Landed,VN-A614,A321,passenger
2026-02-04,2026-02-04 07:05,2026-02-04 06:43,Da Nang,DAD,Vietjet Air,VJ502,1,,Landed,VN-A684,A321,passenger
2026-02-04,2026-02-05 10:40,2026-02-04 13:12,Ho Chi Minh City,SGN,Vietjet Air,VJ136,1,,Landed,VN-A655,A320,passenger
2026-02-04,2026-02-04 07:40,2026-02-04 07:19,Da Nang,DAD,Vietjet Air,VJ524,1,,Landed,VN-A674,A21N,passenger
2026-02-04,2026-02-04 13:05,2026-02-04 13:03,Ho Chi Minh City,SGN,Vietnam Airlines,VN246,1,,Landed,VN-A398,A321,passenger
2026-02-04,2026-02-04 08:10,2026-02-04 07:34,Da Nang,DAD,Vietnam Airlines,VN156,1,,Landed,VN-A392,A321,passenger
2026-02-04,2026-02-04 12:05,2026-02-04 12:32,Ho Chi Minh City,SGN,Vietnam Airlines,VN210,1,,Landed,VN-A899,A359,passenger
2026-02-04,2026-02-04 08:35,2026-02-04 08:32,Da Nang,DAD,Vietjet Air,VJ510,1,,Landed,VN-A635,A321,passenger
2026-02-04,2026-02-04 12:10,2026-02-04 12:28,Ho Chi Minh City,SGN,Vietjet Air,VJ128,1,,Landed,VN-A812,A333,passenger
2026-02-04,2026-02-04 09:00,2026-02-04 09:32,Da Nang,DAD,Vietjet Air,VJ504,1,,Landed,VN-A534,A21N,passenger
2026-02-04,2026-02-04 12:30,2026-02-04 12:17,Ho Chi Minh City,SGN,Bamboo Airways,QH224,1,,Landed,JU-1410,A320,passenger
2026-02-04,2026-02-04 09:20,2026-02-04 08:58,Da Nang,DAD,Vietnam Airlines,VN158,1,,Landed,VN-A609,A321,passenger
2026-02-04,2026-02-04 12:10,2026-02-04 11:57,Ho Chi Minh City,SGN,Vietnam Airlines,VN7014,1,,Landed,VN-A871,B789,passenger
2026-02-04,2026-02-04 11:50,2026-02-04 11:48,Ho Chi Minh City,SGN,Vietnam Airlines,VN7044,1,,Landed,VN-A501,A21N,passenger
2026-02-04,2026-02-04 11:10,2026-02-04 11:36,Ho Chi Minh City,SGN,Vietjet Air,VJ132,1,,Landed,VN-A644,A321,passenger
2026-02-04,2026-02-04 11:35,2026-02-04 11:22,Ho Chi Minh City,SGN,Sun Phuquoc Airways,9G822,1,,Landed,VN-A280,A321,passenger
2026-02-04,2026-02-04 11:45,2026-02-04 11:25,Da Nang,DAD,Vietnam Airlines,VN6080,1,,Landed,VN-A363,A321,passenger
2026-02-04,2026-02-04 12:40,2026-02-04 12:36,Da Nang,DAD,Vietjet Air,VJ528,1,,Landed,VN-A635,A321,passenger
2026-02-04,2026-02-04 11:05,2026-02-04 10:54,Ho Chi Minh City,SGN,Vietnam Airlines,VN244,1,,Landed,VN-A864,B789,passenger
2026-02-04,2026-02-04 13:35,2026-02-04 14:27,Da Nang,DAD,Vietnam Airlines,VN166,1,,Landed,VN-A625,A21N,passenger
2026-02-04,2026-02-04 10:05,2026-02-04 10:14,Ho Chi Minh City,SGN,Vietnam Airlines,VN208,1,,Landed,VN-A872,B78X,passenger
2026-02-04,2026-02-04 13:40,2026-02-04 13:54,Da Nang,DAD,Vietjet Air,VJ508,1,,Landed,VN-A674,A21N,passenger
2026-02-04,2026-02-04 09:30,2026-02-04 09:39,Ho Chi Minh City,SGN,Vietjet Air,VJ148,1,,Landed,LY-NVG,A320,passenger
2026-02-04,2026-02-04 09:40,2026-02-04 09:29,Ho Chi Minh City,SGN,Sun Phuquoc Airways,9G808,1,,Landed,VN-A281,A21N,passenger
2026-02-04,2026-02-04 09:00,2026-02-04 09:25,Ho Chi Minh City,SGN,Vietjet Air,VJ176,1,,Landed,VN-A672,A320,passenger
2026-02-04,2026-02-04 09:15,2026-02-04 09:09,Ho Chi Minh City,SGN,Vietravel Airlines,VU774,1,,Landed,9H-MLW,A320,passenger
2026-02-04,2026-02-04 09:20,2026-02-04 09:03,Ho Chi Minh City,SGN,Bamboo Airways,QH204,1,,Landed,PK-BBK,B739,passenger
2026-02-04,2026-02-04 16:45,2026-02-04 16:46,Da Nang,DAD,Vietjet Air,VJ514,1,,Landed,VN-A635,A321,passenger
2026-02-04,2026-02-04 09:05,2026-02-04 08:55,Ho Chi Minh City,SGN,Vietnam Airlines,VN240,1,,Landed,VN-A867,B789,passenger
2026-02-04,2026-02-04 17:30,2026-02-04 18:14,Da Nang,DAD,Vietjet Air,VJ512,1,,Landed,VN-A674,A21N,passenger
2026-02-04,2026-02-04 08:40,2026-02-04 08:19,Ho Chi Minh City,SGN,Sun Phuquoc Airways,9G806,1,,Landed,VN-A279,A321,passenger
2026-02-04,2026-02-04 08:25,2026-02-04 08:13,Ho Chi Minh City,SGN,Vietnam Airlines,VN7234,1,,Landed,VN-A356,A321,passenger
2026-02-04,2026-02-04 18:25,2026-02-04 18:28,Da Nang,DAD,Vietnam Airlines,VN174,1,,Landed,VN-A610,A321,passenger
2026-02-04,2026-02-04 08:05,2026-02-04 07:59,Ho Chi Minh City,SGN,Vietnam Airlines,VN206,1,,Landed,VN-A865,B789,passenger
2026-02-04,2026-02-04 19:35,2026-02-04 19:58,Da Nang,DAD,Vietjet Air,VJ516,1,,Landed,VN-A666,A320,passenger
2026-02-04,2026-02-04 07:50,2026-02-04 07:52,Ho Chi Minh City,SGN,Vietjet Air,VJ124,1,,Landed,VN-A816,A333,passenger
2026-02-04,2026-02-04 20:15,2026-02-04 20:46,Da Nang,DAD,Vietravel Airlines,VU658,1,,Landed,VN-A129,A321,passenger
2026-02-04,2026-02-04 07:55,2026-02-04 07:47,Ho Chi Minh City,SGN,Vietravel Airlines,VU750,1,,Landed,VN-A289,A321,passenger
2026-02-04,2026-02-04 07:40,2026-02-04 07:42,Ho Chi Minh City,SGN,Vietjet Air,VJ120,1,,Landed,VN-A817,A333,passenger
2026-02-04,2026-02-04 07:55,2026-02-04 07:31,Ho Chi Minh City,SGN,Bamboo Airways,QH202,1,,Landed,VN-A227,A321,passenger
2026-02-04,2026-02-04 21:45,2026-02-04 21:43,Da Nang,DAD,Vietnam Airlines,VN6070,1,,Landed,VN-A363,A321,passenger
2026-02-04,2026-02-04 07:30,2026-02-04 07:17,Ho Chi Minh City,SGN,Vietjet Air,VJ122,1,,Landed,VN-A645,A321,passenger
2026-02-04,2026-02-04 22:55,2026-02-04 23:07,Da Nang,DAD,Vietjet Air,VJ520,1,,Landed,VN-A672,A320,passenger
2026-02-04,2026-02-04 23:30,2026-02-04 23:25,Da Nang,DAD,Bamboo Airways,QH148,1,,Landed,VN-A597,A321,passenger
2026-02-04,2026-02-04 07:05,2026-02-04 06:54,Ho Chi Minh City,SGN,Vietnam Airlines,VN6002,1,,Landed,VN-A363,A321,passenger
2026-02-04,2026-02-04 06:15,2026-02-04 05:59,Ho Chi Minh City,SGN,Vietnam Airlines,VN7012,1,,Landed,VN-A507,A21N,passenger
2026-02-04,2026-02-05 00:20,2026-02-04 23:50,Da Nang,DAD,Vietnam Airlines,VN7192,1,,Landed,VN-A613,A321,passenger
2026-02-05,2026-02-05 22:35,2026-02-05 23:18,Ho Chi Minh City,SGN,Vietnam Airlines,VN256,1,,Landed,VN-A888,A359,passenger
2026-02-05,2026-02-05 16:45,2026-02-05 17:08,Da Nang,DAD,Vietjet Air,VJ514,1,,Landed,VN-A637,A321,passenger
2026-02-05,2026-02-05 21:00,2026-02-05 21:32,Ho Chi Minh City,SGN,Vietjet Air,VJ166,1,,Landed,VN-A649,A321,passenger
2026-02-05,2026-02-05 17:30,2026-02-05 17:26,Da Nang,DAD,Vietjet Air,VJ512,1,,Landed,VN-A641,A321,passenger
2026-02-05,2026-02-05 21:05,2026-02-05 21:13,Ho Chi Minh City,SGN,Vietnam Airlines,VN258,1,,Landed,VN-A873,B78X,passenger
2026-02-05,2026-02-05 19:05,2026-02-05 19:38,Ho Chi Minh City,SGN,Vietnam Airlines,VN254,1,,Landed,VN-A894,A359,passenger
2026-02-06,2026-02-06 08:35,2026-02-06 08:25,Da Nang,DAD,Vietjet Air,VJ510,1,,Landed,VN-A643,A321,passenger
2026-02-06,2026-02-06 16:45,2026-02-06 17:29,Da Nang,DAD,Vietjet Air,VJ514,1,,Landed,VN-A643,A321,passenger
2026-02-05,2026-02-05 17:05,2026-02-05 16:50,Ho Chi Minh City,SGN,Vietnam Airlines,VN7292,1,,Landed,VN-A865,B789,passenger
2026-02-05,2026-02-05 16:05,2026-02-05 16:27,Ho Chi Minh City,SGN,Vietnam Airlines,VN248,1,,Landed,VN-A879,B78X,passenger
2026-02-06,2026-02-06 17:30,2026-02-06 18:22,Da Nang,DAD,Vietjet Air,VJ512,1,,Landed,VN-A661,A321,passenger
2026-02-05,2026-02-05 16:05,2026-02-05 16:11,Ho Chi Minh City,SGN,Vietnam Airlines,VN214,1,,Landed,VN-A878,B78X,passenger
2026-02-05,2026-02-05 15:20,2026-02-05 15:53,Ho Chi Minh City,SGN,Vietravel Airlines,VU778,1,,Landed,9H-MLW,A320,passenger
2026-02-06,2026-02-06 21:45,2026-02-06 23:01,Da Nang,DAD,Vietnam Airlines,VN6070,1,,Landed,VN-A363,A321,passenger
2026-02-05,2026-02-05 13:05,2026-02-05 13:24,Ho Chi Minh City,SGN,Vietnam Airlines,VN246,1,,Landed,VN-A891,A359,passenger
2026-02-05,2026-02-05 12:05,2026-02-05 12:10,Ho Chi Minh City,SGN,Vietnam Airlines,VN210,1,,Landed,VN-A862,B789,passenger
2026-02-05,2026-02-05 09:30,2026-02-05 09:27,Ho Chi Minh City,SGN,Vietjet Air,VJ148,1,,Landed,LY-NVG,A320,passenger
2026-02-10,2026-02-10 16:45,2026-02-10 17:41,Da Nang,DAD,Vietjet Air,VJ514,1,,Landed,VN-A637,A321,passenger
2026-02-05,2026-02-05 09:40,2026-02-05 09:22,Ho Chi Minh City,SGN,Sun Phuquoc Airways,9G808,1,,Landed,VN-A286,A21N,passenger
2026-02-06,2026-02-06 22:15,2026-02-06 22:40,Ho Chi Minh City,SGN,Bamboo Airways,QH268,1,,Landed,VN-A596,A20N,passenger
2026-02-10,2026-02-10 20:15,2026-02-10 21:08,Da Nang,DAD,Vietravel Airlines,VU658,1,,Landed,VN-A129,A321,passenger
2026-02-06,2026-02-06 22:05,2026-02-06 22:22,Ho Chi Minh City,SGN,Vietnam Airlines,VN220,1,,Landed,VN-A893,A359,passenger
2026-02-11,2026-02-11 17:30,2026-02-11 18:00,Da Nang,DAD,Vietjet Air,VJ512,1,,Landed,VN-A655,A320,passenger
2026-02-06,2026-02-06 21:40,2026-02-06 21:51,Ho Chi Minh City,SGN,Vietnam Airlines,VN262,1,,Landed,VN-A878,B78X,passenger
2026-02-06,2026-02-06 20:35,2026-02-06 21:26,Ho Chi Minh City,SGN,Sun Phuquoc Airways,9G868,1,,Landed,VN-A279,A321,passenger
2026-02-06,2026-02-06 19:15,2026-02-06 20:48,Ho Chi Minh City,SGN,Vietjet Air,VJ152,1,,Landed,VN-A640,A321,passenger
2026-02-06,2026-02-06 19:20,2026-02-06 19:47,Ho Chi Minh City,SGN,Vietravel Airlines,VU780,1,,Landed,VN-A289,A321,passenger
2026-02-12,2026-02-12 11:45,2026-02-12 12:24,Da Nang,DAD,Vietnam Airlines,VN6080,1,,Landed,VN-A363,A321,passenger
2026-02-06,2026-02-06 18:05,2026-02-06 18:41,Ho Chi Minh City,SGN,Vietnam Airlines,VN216,1,,Landed,VN-A865,B789,passenger
2026-02-06,2026-02-06 17:05,2026-02-06 17:55,Ho Chi Minh City,SGN,Vietnam Airlines,VN250,1,,Landed,VN-A879,B78X,passenger
2026-02-13,2026-02-13 07:40,2026-02-13 07:32,Da Nang,DAD,Vietjet Air,VJ524,1,,Landed,VN-A650,A320,passenger
2026-02-06,2026-02-06 17:05,2026-02-06 17:21,Ho Chi Minh City,SGN,Vietnam Airlines,VN7230,1,,Landed,VN-A886,A359,passenger
2026-02-06,2026-02-06 14:50,2026-02-06 15:45,Ho Chi Minh City,SGN,Vietjet Air,VJ142,1,,Landed,VN-A629,A321,passenger
2026-02-06,2026-02-06 14:20,2026-02-06 15:14,Ho Chi Minh City,SGN,Vietnam Airlines,VN7046,1,,Landed,VN-A325,A321,passenger
2026-02-13,2026-02-14 17:30,2026-02-13 18:41,Da Nang,DAD,Vietjet Air,VJ512,1,,Landed,VN-A636,A321,passenger
2026-02-06,2026-02-06 14:05,2026-02-06 14:23,Ho Chi Minh City,SGN,Vietnam Airlines,VN212,1,,Landed,VN-A869,B789,passenger
2026-02-06,2026-02-06 13:35,2026-02-06 13:42,Ho Chi Minh City,SGN,Vietnam Airlines,VN7256,1,,Landed,VN-A608,A321,passenger
2026-02-06,2026-02-06 13:05,2026-02-06 13:14,Ho Chi Minh City,SGN,Vietnam Airlines,VN246,1,,Landed,VN-A871,B789,passenger
2026-02-06,2026-02-06 12:30,2026-02-06 12:51,Ho Chi Minh City,SGN,Bamboo Airways,QH224,1,,Landed,JU-1410,A320,passenger
2026-02-14,2026-02-14 07:40,2026-02-14 07:25,Da Nang,DAD,Vietjet Air,VJ524,1,,Landed,VN-A662,A320,passenger
2026-02-06,2026-02-06 10:05,2026-02-06 10:07,Ho Chi Minh City,SGN,Vietnam Airlines,VN208,1,,Landed,VN-A864,B789,passenger
2026-02-14,2026-02-15 16:05,2026-02-14 17:14,Da Nang,DAD,Vietnam Airlines,VN7164,1,,Landed,VN-A356,A321,passenger
2026-02-06,2026-02-06 07:55,2026-02-06 07:47,Ho Chi Minh City,SGN,Vietravel Airlines,VU750,1,,Landed,VN-A289,A321,passenger
2026-02-15,2026-02-15 07:05,2026-02-15 06:48,Da Nang,DAD,Vietjet Air,VJ502,1,,Landed,VN-A670,A321,passenger
2026-02-07,2026-02-07 16:55,2026-02-07 16:56,Ho Chi Minh City,SGN,Vietnam Airlines,VN214,1,,Landed,VN-A888,A359,passenger
2026-02-15,2026-02-15 13:40,2026-02-15 13:58,Da Nang,DAD,Vietjet Air,VJ508,1,,Landed,VN-A683,A321,passenger
2026-02-07,2026-02-07 16:15,2026-02-07 16:37,Ho Chi Minh City,SGN,Vietnam Airlines,VN7040,1,,Landed,VN-A622,A21N,passenger
2026-02-07,2026-02-07 14:30,2026-02-07 15:11,Ho Chi Minh City,SGN,Sun Phuquoc Airways,9G838,1,,Landed,VN-A279,A321,passenger
2026-02-15,2026-02-15 23:30,2026-02-15 23:03,Da Nang,DAD,Bamboo Airways,QH148,1,,Landed,VN-A597,A321,passenger
2026-02-07,2026-02-07 12:05,2026-02-07 12:08,Ho Chi Minh City,SGN,Vietnam Airlines,VN210,1,,Landed,VN-A896,A359,passenger
2026-02-16,2026-02-16 07:05,2026-02-16 06:45,Da Nang,DAD,Vietjet Air,VJ502,1,,Landed,VN-A649,A321,passenger
2026-02-16,2026-02-16 08:35,2026-02-16 08:35,Da Nang,DAD,Vietjet Air,VJ510,1,,Landed,VN-A536,A21N,passenger
2026-02-07,2026-02-07 11:05,2026-02-07 11:12,Ho Chi Minh City,SGN,Vietnam Airlines,VN244,1,,Landed,VN-A873,B78X,passenger
2026-02-16,2026-02-16 16:05,2026-02-16 15:53,Da Nang,DAD,Vietnam Airlines,VN7164,1,,Landed,VN-A610,A321,passenger
2026-02-07,2026-02-07 10:40,2026-02-07 11:00,Ho Chi Minh City,SGN,Vietjet Air,VJ136,1,,Landed,VN-A523,A21N,passenger
2026-02-07,2026-02-07 09:05,2026-02-07 09:08,Ho Chi Minh City,SGN,Vietnam Airlines,VN240,1,,Landed,VN-A891,A359,passenger
2026-02-07,2026-02-07 08:40,2026-02-07 08:34,Ho Chi Minh City,SGN,Sun Phuquoc Airways,9G806,1,,Landed,VN-A279,A321,passenger
2026-02-17,2026-02-17 09:20,2026-02-17 08:58,Da Nang,DAD,Vietnam Airlines,VN158,1,,Landed,VN-A335,A321,passenger
2026-02-07,2026-02-07 08:25,2026-02-07 08:26,Ho Chi Minh City,SGN,Vietjet Air,VJ126,1,,Landed,VN-A534,A21N,passenger
2026-02-08,2026-02-09 16:45,2026-02-08 18:51,Ho Chi Minh City,SGN,Vietjet Air,VJ172,1,,Landed,VN-A812,A333,passenger
2026-02-08,2026-02-08 17:35,2026-02-08 18:22,Ho Chi Minh City,SGN,Vietnam Airlines,VN232,1,,Landed,VN-A879,B78X,passenger
2026-02-18,2026-02-18 16:20,2026-02-18 16:36,Da Nang,DAD,Vietnam Airlines,VN172,1,,Landed,VN-A615,A321,passenger
2026-02-08,2026-02-08 16:05,2026-02-08 17:41,Ho Chi Minh City,SGN,Vietnam Airlines,VN214,1,,Landed,VN-A874,B78X,passenger
2026-02-19,2026-02-19 19:35,2026-02-19 19:45,Da Nang,DAD,Vietjet Air,VJ516,1,,Landed,VN-A535,A321,passenger
2026-02-08,2026-02-08 14:40,2026-02-08 15:57,Ho Chi Minh City,SGN,Vietjet Air,VJ138,1,,Landed,VN-A633,A321,passenger
2026-02-08,2026-02-08 09:30,2026-02-08 09:38,Ho Chi Minh City,SGN,Vietjet Air,VJ148,1,,Landed,LY-NVG,A320,passenger
2026-02-20,2026-02-20 13:40,2026-02-20 14:12,Da Nang,DAD,Vietjet Air,VJ508,1,,Landed,VN-A637,A321,passenger
2026-02-08,2026-02-08 09:15,2026-02-08 09:11,Ho Chi Minh City,SGN,Vietravel Airlines,VU774,1,,Landed,VN-A136,A320,passenger
2026-02-09,2026-02-09 23:05,2026-02-09 23:16,Ho Chi Minh City,SGN,Vietnam Airlines,VN260,1,,Landed,VN-A892,A359,passenger
2026-02-09,2026-02-09 17:05,2026-02-09 18:10,Ho Chi Minh City,SGN,Vietnam Airlines,VN250,1,,Landed,VN-A866,B789,passenger
2026-02-22,2026-02-22 07:40,2026-02-22 07:28,Da Nang,DAD,Vietjet Air,VJ524,1,,Landed,VN-A675,A320,passenger
2026-02-09,2026-02-10 13:05,2026-02-09 15:21,Ho Chi Minh City,SGN,Vietnam Airlines,VN246,1,,Landed,VN-A615,A321,passenger
2026-02-09,2026-02-09 12:50,2026-02-09 13:20,Ho Chi Minh City,SGN,Vietnam Airlines,VN7014,1,,Landed,VN-A507,A21N,passenger
2026-02-22,2026-02-22 09:20,2026-02-22 09:10,Da Nang,DAD,Vietnam Airlines,VN158,1,,Landed,VN-A619,A21N,passenger
2026-02-09,2026-02-09 12:05,2026-02-09 12:41,Ho Chi Minh City,SGN,Vietnam Airlines,VN210,1,,Landed,VN-A865,B789,passenger
2026-02-09,2026-02-09 11:05,2026-02-09 11:21,Ho Chi Minh City,SGN,Vietnam Airlines,VN244,1,,Landed,VN-A878,B78X,passenger
2026-02-22,2026-02-23 13:40,2026-02-22 16:35,Da Nang,DAD,Vietjet Air,VJ508,1,,Landed,VN-A649,A321,passenger
2026-02-10,2026-02-10 21:05,2026-02-10 21:39,Ho Chi Minh City,SGN,Vietnam Airlines,VN258,1,,Landed,VN-A878,B78X,passenger
2026-02-10,2026-02-10 17:05,2026-02-10 18:16,Ho Chi Minh City,SGN,Vietnam Airlines,VN250,1,,Landed,VN-A897,A359,passenger
2026-02-10,2026-02-10 16:45,2026-02-10 17:02,Ho Chi Minh City,SGN,Vietjet Air,VJ130,1,,Landed,VN-A817,A333,passenger
2026-02-10,2026-02-10 16:00,2026-02-10 16:43,Ho Chi Minh City,SGN,Vietravel Airlines,VU770,1,,Landed,VN-A129,A321,passenger
2026-02-23,2026-02-23 21:45,2026-02-23 21:42,Da Nang,DAD,Vietnam Airlines,VN6070,1,,Landed,VN-A363,A321,passenger
2026-02-10,2026-02-10 11:50,2026-02-10 12:14,Ho Chi Minh City,SGN,Vietnam Airlines,VN7044,1,,Landed,VN-A353,A321,passenger
2026-02-24,2026-02-24 09:20,2026-02-24 09:11,Da Nang,DAD,Vietnam Airlines,VN158,1,,Landed,VN-A392,A321,passenger
2026-02-10,2026-02-10 11:35,2026-02-10 11:57,Ho Chi Minh City,SGN,Sun Phuquoc Airways,9G822,1,,Landed,VN-A280,A321,passenger
2026-02-10,2026-02-10 11:05,2026-02-10 11:47,Ho Chi Minh City,SGN,Vietnam Airlines,VN244,1,,Landed,VN-A897,A359,passenger
2026-02-10,2026-02-10 09:20,2026-02-10 09:26,Ho Chi Minh City,SGN,Bamboo Airways,QH204,1,,Landed,PK-BBK,B739,passenger
2026-02-11,2026-02-11 18:05,2026-02-11 18:38,Ho Chi Minh City,SGN,Vietnam Airlines,VN216,1,,Landed,VN-A862,B789,passenger
2026-02-11,2026-02-11 16:50,2026-02-11 18:07,Ho Chi Minh City,SGN,Vietjet Air,VJ134,1,,Landed,LY-MLI,A320,passenger
2026-02-25,2026-02-25 13:40,2026-02-25 14:12,Da Nang,DAD,Vietjet Air,VJ508,1,,Landed,VN-A644,A321,passenger
2026-02-11,2026-02-11 16:05,2026-02-11 16:57,Ho Chi Minh City,SGN,Vietnam Airlines,VN214,1,,Landed,VN-A874,B78X,passenger
2026-02-25,2026-02-25 16:15,2026-02-25 17:08,Da Nang,DAD,Vietnam Airlines,VN7164,1,,Landed,VN-A353,A321,passenger
2026-02-25,2026-02-25 18:25,2026-02-25 18:46,Da Nang,DAD,Sun Phuquoc Airways,9G932,1,,Landed,VN-A282,A21N,passenger
2026-02-11,2026-02-11 14:05,2026-02-11 14:49,Ho Chi Minh City,SGN,Vietnam Airlines,VN212,1,,Landed,VN-A865,B789,passenger
2026-02-11,2026-02-11 09:05,2026-02-11 09:00,Ho Chi Minh City,SGN,Vietnam Airlines,VN240,1,,Landed,VN-A871,B789,passenger
2026-02-11,2026-02-11 05:50,2026-02-11 05:46,Ho Chi Minh City,SGN,Vietnam Airlines,VN7036,1,,Landed,VN-A514,A20N,passenger
2026-02-26,2026-02-26 09:50,2026-02-26 09:48,Da Nang,DAD,Vietravel Airlines,VU638,1,,Landed,VN-A129,A321,passenger
2026-02-26,2026-02-26 13:35,2026-02-26 13:29,Da Nang,DAD,Vietnam Airlines,VN166,1,,Landed,VN-A339,A321,passenger
2026-02-26,2026-02-26 13:40,2026-02-26 13:58,Da Nang,DAD,Vietjet Air,VJ508,1,,Landed,VN-A522,A321,passenger
2026-02-12,2026-02-12 20:05,2026-02-12 20:12,Ho Chi Minh City,SGN,Vietnam Airlines,VN218,1,,Landed,VN-A878,B78X,passenger
2026-02-26,2026-02-26 14:00,2026-02-26 14:09,Da Nang,DAD,Sun Phuquoc Airways,9G922,1,,Landed,VN-A281,A21N,passenger
2026-02-12,2026-02-12 18:45,2026-02-12 19:22,Ho Chi Minh City,SGN,Vietnam Airlines,VN252,1,,Landed,VN-A886,A359,passenger
2026-02-27,2026-02-27 14:00,2026-02-27 14:05,Da Nang,DAD,Sun Phuquoc Airways,9G922,1,,Landed,VN-A281,A21N,passenger
2026-02-12,2026-02-13 15:05,2026-02-12 17:46,Ho Chi Minh City,SGN,Vietnam Airlines,VN248,1,,Landed,VN-A890,A359,passenger
2026-02-27,2026-02-27 17:30,2026-02-27 18:22,Da Nang,DAD,Vietjet Air,VJ512,1,,Landed,VN-A542,A321,passenger
2026-02-12,2026-02-12 17:05,2026-02-12 17:31,Ho Chi Minh City,SGN,Vietnam Airlines,VN250,1,,Landed,VN-A879,B78X,passenger
2026-02-27,2026-02-27 18:05,2026-02-27 18:11,Da Nang,DAD,Sun Phuquoc Airways,9G932,1,,Landed,VN-A281,A21N,passenger
2026-02-12,2026-02-12 12:05,2026-02-12 13:02,Ho Chi Minh City,SGN,Vietnam Airlines,VN210,1,,Landed,VN-A886,A359,passenger
2026-02-12,2026-02-12 06:15,2026-02-12 07:41,Ho Chi Minh City,SGN,Vietnam Airlines,VN7012,1,,Landed,VN-A866,B789,passenger
2026-02-27,2026-02-27 21:45,2026-02-27 22:01,Da Nang,DAD,Vietnam Airlines,VN6070,1,,Landed,VN-A363,A321,passenger
2026-02-12,2026-02-12 06:10,2026-02-12 05:54,Ho Chi Minh City,SGN,Sun Phuquoc Airways,9G8802,1,,Landed,VN-A280,A321,passenger
2026-02-12,2026-02-13 02:15,2026-02-12 04:36,Ho Chi Minh City,SGN,Vietnam Airlines,VN7232,1,,Landed,VN-A890,A359,passenger
2026-02-11,2026-02-11 23:10,2026-02-11 04:46,Ho Chi Minh City,SGN,Vietnam Airlines,VN7294,1,,Landed,VN-A625,A21N,passenger
2026-02-28,2026-02-28 07:40,2026-02-28 07:58,Da Nang,DAD,Vietjet Air,VJ524,1,,Landed,VN-A668,A320,passenger
2026-02-28,2026-02-28 09:20,2026-02-28 10:10,Da Nang,DAD,Vietnam Airlines,VN158,1,,Landed,VN-A506,A21N,passenger
2026-02-13,2026-02-14 16:05,2026-02-13 23:32,Ho Chi Minh City,SGN,Vietnam Airlines,VN214,1,,Landed,VN-A866,B789,passenger
2026-02-13,2026-02-14 20:05,2026-02-13 21:50,Ho Chi Minh City,SGN,Vietnam Airlines,VN218,1,,Landed,VN-A865,B789,passenger
2026-02-13,2026-02-13 20:35,2026-02-13 21:41,Ho Chi Minh City,SGN,Sun Phuquoc Airways,9G868,1,,Landed,VN-A286,A21N,passenger
2026-02-28,2026-02-28 11:45,2026-02-28 11:26,Da Nang,DAD,Vietnam Airlines,VN6080,1,,Landed,VN-A363,A321,passenger
2026-02-13,2026-02-14 19:05,2026-02-13 20:51,Ho Chi Minh City,SGN,Vietnam Airlines,VN254,1,,Landed,VN-A893,A359,passenger
2026-02-28,2026-02-28 12:20,2026-02-28 12:15,Da Nang,DAD,Sun Phuquoc Airways,9G916,1,,Landed,VN-A285,A21N,passenger
2026-02-13,2026-02-14 18:50,2026-02-13 20:48,Ho Chi Minh City,SGN,,VN7228,1,,Landed,VN-A888,A359,passenger
2026-02-28,2026-02-28 13:35,2026-02-28 13:29,Da Nang,DAD,Vietnam Airlines,VN166,1,,Landed,VN-A331,A321,passenger
2026-02-13,2026-02-13 17:05,2026-02-13 17:34,Ho Chi Minh City,SGN,Vietnam Airlines,VN7230,1,,Landed,VN-A886,A359,passenger
2026-02-28,2026-02-28 13:40,2026-02-28 13:45,Da Nang,DAD,Vietjet Air,VJ508,1,,Landed,VN-A635,A321,passenger
2026-02-13,2026-02-14 15:20,2026-02-13 17:25,Ho Chi Minh City,SGN,Vietravel Airlines,VU778,1,,Landed,9H-MLW,A320,passenger
2026-02-13,2026-02-13 14:05,2026-02-13 15:21,Ho Chi Minh City,SGN,Vietnam Airlines,VN212,1,,Landed,VN-A865,B789,passenger
2026-02-13,2026-02-13 13:35,2026-02-13 14:57,Ho Chi Minh City,SGN,Vietnam Airlines,VN7256,1,,Landed,VN-A325,A321,passenger
2026-02-28,2026-02-28 17:30,2026-02-28 18:02,Da Nang,DAD,Vietjet Air,VJ512,1,,Landed,VN-A635,A321,passenger
2026-02-13,2026-02-13 14:10,2026-02-13 14:58,Ho Chi Minh City,SGN,Vietjet Air,VJ144,1,,Landed,VN-A820,A333,passenger
2026-02-13,2026-02-13 10:40,2026-02-13 11:50,Ho Chi Minh City,SGN,Vietjet Air,VJ136,1,,Landed,VN-A639,A321,passenger
2026-02-28,2026-02-28 19:35,2026-02-28 19:47,Da Nang,DAD,Vietjet Air,VJ516,1,,Landed,VN-A685,A321,passenger
2026-02-13,2026-02-13 08:05,2026-02-13 07:58,Ho Chi Minh City,SGN,Vietnam Airlines,VN206,1,,Landed,VN-A865,B789,passenger
2026-02-12,2026-02-12 20:20,2026-02-12 01:59,Ho Chi Minh City,SGN,Vietnam Airlines,VN7048,1,,Landed,VN-A507,A21N,passenger
2026-02-28,2026-02-28 21:45,2026-02-28 21:48,Da Nang,DAD,Vietnam Airlines,VN6070,1,,Landed,VN-A363,A321,passenger
2026-02-12,2026-02-12 23:10,2026-02-12 01:49,Ho Chi Minh City,SGN,Vietnam Airlines,VN7294,1,,Landed,VN-A873,B78X,passenger
2026-02-28,2026-02-28 22:55,2026-02-28 23:19,Da Nang,DAD,Vietjet Air,VJ520,1,,Landed,VN-A635,A321,passenger
2026-03-01,2026-03-01 07:05,2026-03-01 06:56,Da Nang,DAD,Vietjet Air,VJ502,1,,Landed,VN-A656,A320,passenger
2026-03-01,2026-03-01 07:40,2026-03-01 07:25,Da Nang,DAD,Vietjet Air,VJ524,1,,Landed,VN-A658,A320,passenger
2026-02-14,2026-02-14 20:20,2026-02-14 21:50,Ho Chi Minh City,SGN,Vietnam Airlines,VN7048,1,,Landed,VN-A512,A21N,passenger
2026-03-01,2026-03-02 09:00,2026-03-01 10:22,Da Nang,DAD,Vietjet Air,VJ504,1,,Landed,VN-A537,A21N,passenger
2026-02-14,2026-02-15 17:05,2026-02-14 21:09,Ho Chi Minh City,SGN,Vietnam Airlines,VN7292,1,,Landed,VN-A867,B789,passenger
2026-02-14,2026-02-14 18:55,2026-02-14 20:18,Ho Chi Minh City,SGN,Vietjet Air,VJ172,1,,Landed,VN-A816,A333,passenger
2026-03-01,2026-03-01 12:20,2026-03-01 12:13,Da Nang,DAD,Sun Phuquoc Airways,9G916,1,,Landed,VN-A281,A21N,passenger
2026-02-14,2026-02-14 18:05,2026-02-14 19:23,Ho Chi Minh City,SGN,Vietnam Airlines,VN216,1,,Landed,VN-A886,A359,passenger
2026-03-01,2026-03-01 14:00,2026-03-01 13:56,Da Nang,DAD,Sun Phuquoc Airways,9G922,1,,Landed,VN-A906,A21N,passenger
2026-02-14,2026-02-14 17:45,2026-02-14 17:41,Ho Chi Minh City,SGN,Sun Phuquoc Airways,9G854,1,,Landed,VN-A286,A21N,passenger
2026-02-14,2026-02-14 17:15,2026-02-14 16:59,Ho Chi Minh City,SGN,Vietnam Airlines,VN7040,1,,Landed,VN-A617,A21N,passenger
2026-02-14,2026-02-14 14:10,2026-02-14 15:08,Ho Chi Minh City,SGN,Vietjet Air,VJ144,1,,Landed,VN-A820,A333,passenger
2026-02-14,2026-02-14 12:10,2026-02-14 13:00,Ho Chi Minh City,SGN,Vietnam Airlines,VN7014,1,,Landed,VN-A886,A359,passenger
2026-02-14,2026-02-15 07:55,2026-02-14 12:22,Ho Chi Minh City,SGN,Vietravel Airlines,VU750,1,,Landed,VN-A289,A321,passenger
2026-02-14,2026-02-14 10:05,2026-02-14 10:13,Ho Chi Minh City,SGN,Vietnam Airlines,VN208,1,,Landed,VN-A891,A359,passenger
2026-02-14,2026-02-15 03:05,2026-02-14 04:48,Ho Chi Minh City,SGN,Vietnam Airlines,VN7002,1,,Landed,VN-A619,A21N,passenger
2026-02-13,2026-02-14 00:10,2026-02-13 02:24,Ho Chi Minh City,SGN,Vietnam Airlines,VN7010,1,,Landed,VN-A889,A359,passenger
2026-02-15,2026-02-15 21:45,2026-02-15 21:51,Ho Chi Minh City,SGN,Bamboo Airways,QH268,1,,Landed,VN-A596,A20N,passenger
2026-02-15,2026-02-15 20:05,2026-02-15 20:02,Ho Chi Minh City,SGN,Vietnam Airlines,VN218,1,,Landed,VN-A878,B78X,passenger
2026-02-15,2026-02-15 18:05,2026-02-15 18:38,Ho Chi Minh City,SGN,Vietnam Airlines,VN216,1,,Landed,VN-A872,B78X,passenger
2026-02-15,2026-02-15 17:35,2026-02-15 17:29,Ho Chi Minh City,SGN,Vietnam Airlines,VN232,1,,Landed,VN-A894,A359,passenger
2026-02-15,2026-02-15 17:05,2026-02-15 17:17,Ho Chi Minh City,SGN,Vietnam Airlines,VN250,1,,Landed,VN-A865,B789,passenger
2026-02-15,2026-02-16 15:05,2026-02-15 16:56,Ho Chi Minh City,SGN,Vietnam Airlines,VN248,1,,Landed,VN-A512,A21N,passenger
2026-02-15,2026-02-15 14:10,2026-02-15 15:29,Ho Chi Minh City,SGN,Vietnam Airlines,VN230,1,,Landed,VN-A611,A321,passenger
2026-02-15,2026-02-15 11:05,2026-02-15 11:16,Ho Chi Minh City,SGN,Vietnam Airlines,VN244,1,,Landed,VN-A865,B789,passenger
2026-02-16,2026-02-16 20:10,2026-02-16 20:52,Ho Chi Minh City,SGN,Vietjet Air,VJ154,1,,Landed,VN-A699,A320,passenger
2026-02-16,2026-02-16 19:25,2026-02-16 19:33,Ho Chi Minh City,SGN,Vietnam Airlines,VN7290,1,,Landed,VN-A615,A321,passenger
2026-02-16,2026-02-16 16:45,2026-02-16 17:44,Ho Chi Minh City,SGN,Vietjet Air,VJ130,1,,Landed,VN-A816,A333,passenger
2026-02-16,2026-02-16 16:05,2026-02-16 15:57,Ho Chi Minh City,SGN,Vietnam Airlines,VN214,1,,Landed,VN-A897,A359,passenger
2026-02-16,2026-02-16 09:00,2026-02-16 08:41,Ho Chi Minh City,SGN,Vietjet Air,VJ1120,1,,Landed,VN-A522,A321,passenger
2026-02-17,2026-02-18 00:05,2026-02-17 23:53,Ho Chi Minh City,SGN,Vietnam Airlines,VN224,1,,Landed,VN-A507,A21N,passenger
2026-02-17,2026-02-17 17:45,2026-02-17 17:24,Ho Chi Minh City,SGN,Sun Phuquoc Airways,9G854,1,,Landed,VN-A286,A21N,passenger
2026-02-17,2026-02-17 17:05,2026-02-17 17:11,Ho Chi Minh City,SGN,Vietnam Airlines,VN250,1,,Landed,VN-A878,B78X,passenger
2026-02-17,2026-02-17 16:05,2026-02-17 16:09,Ho Chi Minh City,SGN,Vietnam Airlines,VN214,1,,Landed,VN-A877,B78X,passenger
2026-02-17,2026-02-17 13:05,2026-02-17 12:53,Ho Chi Minh City,SGN,Vietnam Airlines,VN246,1,,Landed,VN-A896,A359,passenger
2026-02-16,2026-02-16 01:25,2026-02-16 02:15,Ho Chi Minh City,SGN,Vietravel Airlines,VU782,1,,Landed,VN-A289,A321,passenger
2026-02-18,2026-02-18 22:05,2026-02-18 22:27,Ho Chi Minh City,SGN,Vietnam Airlines,VN220,1,,Landed,VN-A867,B789,passenger
2026-02-18,2026-02-18 21:05,2026-02-18 21:56,Ho Chi Minh City,SGN,Vietnam Airlines,VN258,1,,Landed,VN-A877,B78X,passenger
2026-02-18,2026-02-18 16:05,2026-02-18 17:13,Ho Chi Minh City,SGN,Vietnam Airlines,VN214,1,,Landed,VN-A879,B78X,passenger
2026-02-18,2026-02-18 11:05,2026-02-18 11:05,Ho Chi Minh City,SGN,Vietnam Airlines,VN244,1,,Landed,VN-A610,A321,passenger
2026-02-18,2026-02-18 09:20,2026-02-18 09:27,Ho Chi Minh City,SGN,Bamboo Airways,QH204,1,,Landed,PK-BBK,B739,passenger
2026-02-19,2026-02-19 20:05,2026-02-19 20:02,Ho Chi Minh City,SGN,Vietnam Airlines,VN218,1,,Landed,VN-A872,B78X,passenger
2026-02-19,2026-02-19 18:45,2026-02-19 18:47,Ho Chi Minh City,SGN,Vietnam Airlines,VN252,1,,Landed,VN-A879,B78X,passenger
2026-02-19,2026-02-19 17:05,2026-02-19 16:50,Ho Chi Minh City,SGN,Vietnam Airlines,VN250,1,,Landed,VN-A878,B78X,passenger
2026-02-19,2026-02-19 09:15,2026-02-19 09:09,Ho Chi Minh City,SGN,Vietravel Airlines,VU774,1,,Landed,VN-A289,A321,passenger
2026-02-20,2026-02-21 18:05,2026-02-20 22:09,Ho Chi Minh City,SGN,Vietnam Airlines,VN7202,1,,Landed,VN-A864,B789,passenger
2026-02-20,2026-02-20 21:00,2026-02-20 22:05,Ho Chi Minh City,SGN,Vietjet Air,VJ166,1,,Landed,VN-A543,A21N,passenger
2026-02-20,2026-02-20 21:15,2026-02-20 21:45,Ho Chi Minh City,SGN,Vietjet Air,VJ160,1,,Landed,VN-A651,A321,passenger
2026-02-20,2026-02-20 21:10,2026-02-20 21:15,Ho Chi Minh City,SGN,Vietjet Air,VJ150,1,,Landed,VN-A630,A321,passenger
2026-02-20,2026-02-20 21:05,2026-02-20 21:25,Ho Chi Minh City,SGN,Vietnam Airlines,VN258,1,,Landed,VN-A877,B78X,passenger
2026-02-20,2026-02-20 20:35,2026-02-20 21:14,Ho Chi Minh City,SGN,Sun Phuquoc Airways,9G868,1,,Landed,VN-A284,A21N,passenger
2026-02-20,2026-02-20 17:05,2026-02-20 17:15,Ho Chi Minh City,SGN,Vietnam Airlines,VN250,1,,Landed,VN-A861,B789,passenger
2026-02-20,2026-02-20 14:05,2026-02-20 14:39,Ho Chi Minh City,SGN,Vietnam Airlines,VN212,1,,Landed,VN-A866,B789,passenger
2026-02-20,2026-02-20 13:05,2026-02-20 14:25,Ho Chi Minh City,SGN,Vietnam Airlines,VN246,1,,Landed,VN-A890,A359,passenger
2026-02-20,2026-02-20 12:05,2026-02-20 12:17,Ho Chi Minh City,SGN,Vietnam Airlines,VN210,1,,Landed,VN-A865,B789,passenger
2026-02-20,2026-02-20 10:05,2026-02-20 10:12,Ho Chi Minh City,SGN,Vietnam Airlines,VN208,1,,Landed,VN-A863,B789,passenger
2026-02-20,2026-02-20 06:45,2026-02-20 06:31,Ho Chi Minh City,SGN,Vietnam Airlines,VN9104,1,,Landed,VN-A615,A321,passenger
2026-02-20,2026-02-20 05:14,2026-02-20 05:14,Ho Chi Minh City,SGN,Vietnam Airlines,VN7216,1,,Landed,VN-A505,A21N,passenger
2026-02-21,2026-02-21 23:35,2026-02-21 23:36,Ho Chi Minh City,SGN,Vietnam Airlines,VN7020,1,,Landed,VN-A874,B78X,passenger
2026-02-21,2026-02-21 22:05,2026-02-21 23:27,Ho Chi Minh City,SGN,Vietnam Airlines,VN220,1,,Landed,VN-A879,B78X,passenger
2026-02-21,2026-02-22 20:30,2026-02-21 23:25,Ho Chi Minh City,SGN,Vietjet Air,VJ158,1,,Landed,VN-A697,A21N,passenger
2026-02-21,2026-02-21 18:05,2026-02-21 19:37,Ho Chi Minh City,SGN,Vietnam Airlines,VN216,1,,Landed,VN-A873,B78X,passenger
2026-02-21,2026-02-21 18:10,2026-02-21 18:40,Ho Chi Minh City,SGN,Vietnam Airlines,VN214,1,,Landed,VN-A865,B789,passenger
2026-02-21,2026-02-21 14:30,2026-02-21 14:57,Ho Chi Minh City,SGN,Sun Phuquoc Airways,9G838,1,,Landed,VN-A279,A321,passenger
2026-02-21,2026-02-21 12:10,2026-02-21 12:45,Ho Chi Minh City,SGN,Vietnam Airlines,VN7014,1,,Landed,VN-A865,B789,passenger
2026-02-21,2026-02-21 12:30,2026-02-21 12:30,Ho Chi Minh City,SGN,Bamboo Airways,QH224,1,,Landed,JU-1410,A320,passenger
2026-02-21,2026-02-21 11:50,2026-02-21 12:14,Ho Chi Minh City,SGN,Vietnam Airlines,VN7044,1,,Landed,VN-A619,A21N,passenger
2026-02-21,2026-02-21 11:35,2026-02-21 11:47,Ho Chi Minh City,SGN,Sun Phuquoc Airways,9G822,1,,Landed,VN-A280,A321,passenger
2026-02-21,2026-02-21 11:05,2026-02-21 11:12,Ho Chi Minh City,SGN,Vietnam Airlines,VN244,1,,Landed,VN-A879,B78X,passenger
2026-02-21,2026-02-21 09:30,2026-02-21 09:34,Ho Chi Minh City,SGN,Vietjet Air,VJ148,1,,Landed,LY-NVG,A320,passenger
2026-02-21,2026-02-21 09:05,2026-02-21 09:03,Ho Chi Minh City,SGN,Vietnam Airlines,VN240,1,,Landed,VN-A896,A359,passenger
2026-02-21,2026-02-21 08:40,2026-02-21 08:26,Ho Chi Minh City,SGN,Sun Phuquoc Airways,9G806,1,,Landed,VN-A279,A321,passenger
2026-02-21,2026-02-21 07:55,2026-02-21 07:39,Ho Chi Minh City,SGN,Bamboo Airways,QH202,1,,Landed,VN-A227,A321,passenger
2026-02-21,2026-02-21 06:36,2026-02-21 06:11,Ho Chi Minh City,SGN,Vietnam Airlines,VN7218,1,,Landed,VN-A513,A20N,passenger
2026-03-01,2026-03-01 16:45,2026-03-01 16:58,Da Nang,DAD,Vietjet Air,VJ514,1,,Landed,VN-A661,A321,passenger
2026-02-21,2026-02-21 05:05,2026-02-21 05:29,Ho Chi Minh City,SGN,Bamboo Airways,QH292,1,,Landed,VN-A597,A321,passenger
2026-03-01,2026-03-01 17:30,2026-03-01 18:08,Da Nang,DAD,Vietjet Air,VJ512,1,,Landed,VN-A633,A321,passenger
2026-02-21,2026-02-21 03:10,2026-02-21 04:25,Ho Chi Minh City,SGN,Vietjet Air,VJ1166,1,,Landed,VN-A657,A321,passenger
2026-03-01,2026-03-01 18:05,2026-03-01 17:52,Da Nang,DAD,Sun Phuquoc Airways,9G932,1,,Landed,VN-A286,A21N,passenger
2026-03-01,2026-03-01 18:25,2026-03-01 18:38,Da Nang,DAD,Vietnam Airlines,VN174,1,,Landed,VN-A335,A321,passenger
2026-02-21,2026-02-21 03:40,2026-02-21 03:43,Ho Chi Minh City,SGN,Vietjet Air,VJ1196,1,,Landed,VN-A689,A320,passenger
2026-03-01,2026-03-01 19:35,2026-03-01 19:52,Da Nang,DAD,Vietjet Air,VJ516,1,,Landed,VN-A656,A320,passenger
2026-02-21,2026-02-21 02:35,2026-02-21 03:25,Ho Chi Minh City,SGN,Sun Phuquoc Airways,9G8802,1,,Landed,VN-A284,A21N,passenger
2026-03-01,2026-03-01 21:45,2026-03-01 21:39,Da Nang,DAD,Vietnam Airlines,VN6070,1,,Landed,VN-A363,A321,passenger
2026-02-22,2026-02-22 22:35,2026-02-22 22:42,Ho Chi Minh City,SGN,Vietnam Airlines,VN256,1,,Landed,VN-A879,B78X,passenger
2026-03-01,2026-03-01 23:25,2026-03-01 23:06,Da Nang,DAD,Bamboo Airways,QH148,1,,Landed,VN-A227,A321,passenger
2026-02-22,2026-02-22 20:05,2026-02-22 20:39,Ho Chi Minh City,SGN,Vietnam Airlines,VN218,1,,Landed,VN-A877,B78X,passenger
2026-03-02,2026-03-02 07:20,2026-03-02 06:53,Da Nang,DAD,Vietnam Airlines,VN154,1,,Landed,VN-A503,A21N,passenger
2026-02-22,2026-02-22 19:20,2026-02-22 19:38,Ho Chi Minh City,SGN,Vietravel Airlines,VU780,1,,Landed,VN-A289,A321,passenger
2026-03-02,2026-03-02 09:00,2026-03-02 09:17,Da Nang,DAD,Vietjet Air,VJ504,1,,Landed,VN-A542,A321,passenger
2026-02-22,2026-02-22 18:45,2026-02-22 19:09,Ho Chi Minh City,SGN,Vietnam Airlines,VN252,1,,Landed,VN-A865,B789,passenger
2026-03-02,2026-03-02 11:05,2026-03-02 10:47,Da Nang,DAD,Bamboo Airways,QH104,1,,Landed,VN-A596,A20N,passenger
2026-02-22,2026-02-22 16:05,2026-02-22 16:22,Ho Chi Minh City,SGN,Vietnam Airlines,VN214,1,,Landed,VN-A873,B78X,passenger
2026-03-02,2026-03-02 12:20,2026-03-02 12:20,Da Nang,DAD,Sun Phuquoc Airways,9G916,1,,Landed,VN-A906,A21N,passenger
2026-02-22,2026-02-22 14:10,2026-02-22 15:21,Ho Chi Minh City,SGN,Vietjet Air,VJ144,1,,Landed,VN-A812,A333,passenger
2026-03-02,2026-03-02 13:35,2026-03-02 13:33,Da Nang,DAD,Vietnam Airlines,VN166,1,,Landed,VN-A618,A21N,passenger
2026-02-22,2026-02-22 14:20,2026-02-22 14:10,Ho Chi Minh City,SGN,Vietnam Airlines,VN7046,1,,Landed,VN-A505,A21N,passenger
2026-03-02,2026-03-02 13:40,2026-03-02 13:55,Da Nang,DAD,Vietjet Air,VJ508,1,,Landed,VN-A643,A321,passenger
2026-03-02,2026-03-02 14:00,2026-03-02 13:50,Da Nang,DAD,Sun Phuquoc Airways,9G922,1,,Landed,VN-A285,A21N,passenger
2026-02-22,2026-02-22 13:05,2026-02-22 13:31,Ho Chi Minh City,SGN,Vietnam Airlines,VN246,1,,Landed,VN-A890,A359,passenger
2026-02-22,2026-02-22 12:10,2026-02-22 13:02,Ho Chi Minh City,SGN,Vietnam Airlines,VN7014,1,,Landed,VN-A865,B789,passenger
2026-03-02,2026-03-02 16:05,2026-03-02 15:49,Da Nang,DAD,Vietnam Airlines,VN7164,1,,Landed,VN-A501,A21N,passenger
2026-02-22,2026-02-22 11:05,2026-02-22 11:09,Ho Chi Minh City,SGN,Vietnam Airlines,VN244,1,,Landed,VN-A866,B789,passenger
2026-02-22,2026-02-22 09:00,2026-02-22 09:27,Ho Chi Minh City,SGN,Vietjet Air,VJ1120,1,,Landed,VN-A528,A21N,passenger
2026-03-02,2026-03-02 16:45,2026-03-02 17:02,Da Nang,DAD,Vietjet Air,VJ514,1,,Landed,VN-A578,A21N,passenger
2026-02-22,2026-02-22 09:20,2026-02-22 09:24,Ho Chi Minh City,SGN,Bamboo Airways,QH204,1,,Landed,PK-BBK,B739,passenger
2026-03-02,2026-03-02 17:30,2026-03-02 18:24,Da Nang,DAD,Vietjet Air,VJ512,1,,Landed,VN-A677,A321,passenger
2026-02-22,2026-02-22 08:25,2026-02-22 08:56,Ho Chi Minh City,SGN,Vietjet Air,VJ126,1,,Landed,VN-A526,A21N,passenger
2026-02-22,2026-02-22 07:05,2026-02-22 06:57,Ho Chi Minh City,SGN,Vietnam Airlines,VN6002,1,,Landed,VN-A363,A321,passenger
2026-03-02,2026-03-02 19:35,2026-03-02 19:50,Da Nang,DAD,Vietjet Air,VJ516,1,,Landed,VN-A668,A320,passenger
2026-02-22,2026-02-22 05:10,2026-02-22 05:05,Ho Chi Minh City,SGN,Sun Phuquoc Airways,9G8902,1,,Landed,VN-A284,A21N,passenger
2026-03-02,2026-03-02 20:15,2026-03-02 20:25,Da Nang,DAD,Vietravel Airlines,VU658,1,,Landed,VN-A129,A321,passenger
2026-02-22,2026-02-22 02:25,2026-02-22 02:51,Ho Chi Minh City,SGN,Vietjet Air,VJ1196,1,,Landed,VN-A657,A321,passenger
2026-02-23,2026-02-23 23:20,2026-02-23 23:33,Ho Chi Minh City,SGN,Vietjet Air,VJ164,1,,Landed,VN-A815,A333,passenger
2026-03-02,2026-03-02 22:15,2026-03-02 22:13,Da Nang,DAD,Sun Phuquoc Airways,9G942,1,,Landed,VN-A286,A21N,passenger
2026-02-23,2026-02-24 17:00,2026-02-23 19:07,Ho Chi Minh City,SGN,Vietjet Air,VJ146,1,,Landed,VN-A812,A333,passenger
2026-03-02,2026-03-02 22:15,2026-03-02 22:56,Da Nang,DAD,Vietjet Air,VJ518,1,,Landed,VN-A532,A321,passenger
2026-02-23,2026-02-23 17:45,2026-02-23 17:44,Ho Chi Minh City,SGN,Sun Phuquoc Airways,9G854,1,,Landed,VN-A281,A21N,passenger
2026-03-03,2026-03-03 09:20,2026-03-03 09:06,Da Nang,DAD,Vietnam Airlines,VN158,1,,Landed,VN-A324,A321,passenger
2026-02-23,2026-02-23 17:05,2026-02-23 17:13,Ho Chi Minh City,SGN,Vietnam Airlines,VN250,1,,Landed,VN-A866,B789,passenger
2026-02-23,2026-02-23 17:05,2026-02-23 16:48,Ho Chi Minh City,SGN,Vietnam Airlines,VN7292,1,,Landed,VN-A888,A359,passenger
2026-03-03,2026-03-03 11:05,2026-03-03 10:42,Da Nang,DAD,Bamboo Airways,QH104,1,,Landed,VN-A596,A20N,passenger
2026-02-23,2026-02-23 15:50,2026-02-23 15:40,Ho Chi Minh City,SGN,Bamboo Airways,QH242,1,,Landed,PK-BBK,B739,passenger
2026-03-03,2026-03-03 11:45,2026-03-03 11:43,Da Nang,DAD,Vietnam Airlines,VN6080,1,,Landed,VN-A363,A321,passenger
2026-03-03,2026-03-03 13:35,2026-03-03 13:32,Da Nang,DAD,Vietnam Airlines,VN166,1,,Landed,VN-A609,A321,passenger
2026-02-23,2026-02-23 15:05,2026-02-23 15:15,Ho Chi Minh City,SGN,Vietnam Airlines,VN248,1,,Landed,VN-A894,A359,passenger
2026-02-23,2026-02-23 09:15,2026-02-23 09:25,Ho Chi Minh City,SGN,Vietravel Airlines,VU774,1,,Landed,VN-A289,A321,passenger
2026-02-23,2026-02-23 08:50,2026-02-23 08:50,Ho Chi Minh City,SGN,Vietjet Air,VJ176,1,,Landed,VN-A683,A321,passenger
2026-03-03,2026-03-03 17:30,2026-03-03 17:37,Da Nang,DAD,Vietjet Air,VJ512,1,,Landed,VN-A522,A321,passenger
2026-03-03,2026-03-03 22:15,2026-03-03 22:24,Da Nang,DAD,Sun Phuquoc Airways,9G942,1,,Landed,VN-A281,A21N,passenger
2026-03-03,2026-03-04 00:01,2026-03-03 23:49,Da Nang,DAD,Vietjet Air,VJ522,1,,Landed,VN-A629,A321,passenger
2026-03-04,2026-03-04 12:40,2026-03-04 13:13,Da Nang,DAD,Vietjet Air,VJ528,1,,Landed,VN-A633,A321,passenger
2026-02-24,2026-02-24 21:20,2026-02-24 22:37,Ho Chi Minh City,SGN,Vietjet Air,VJ196,1,,Landed,VN-A820,A333,passenger
2026-03-04,2026-03-04 16:15,2026-03-04 15:53,Da Nang,DAD,Vietnam Airlines,VN7164,1,,Landed,VN-A617,A21N,passenger
2026-02-24,2026-02-25 17:05,2026-02-24 20:45,Ho Chi Minh City,SGN,Vietnam Airlines,VN7230,1,,Landed,VN-A897,A359,passenger
2026-02-24,2026-02-24 20:05,2026-02-24 20:26,Ho Chi Minh City,SGN,Vietnam Airlines,VN218,1,,Landed,VN-A878,B78X,passenger
2026-03-04,2026-03-04 21:45,2026-03-04 21:52,Da Nang,DAD,Vietnam Airlines,VN6070,1,,Landed,VN-A363,A321,passenger
2026-02-24,2026-02-24 19:15,2026-02-24 19:22,Ho Chi Minh City,SGN,Vietjet Air,VJ152,1,,Landed,VN-A697,A21N,passenger
2026-03-04,2026-03-04 22:15,2026-03-04 22:17,Da Nang,DAD,Vietjet Air,VJ518,1,,Landed,VN-A656,A320,passenger
2026-02-24,2026-02-24 16:50,2026-02-24 18:42,Ho Chi Minh City,SGN,Vietjet Air,VJ134,1,,Landed,LY-MLI,A320,passenger
2026-02-24,2026-02-24 14:30,2026-02-24 15:28,Ho Chi Minh City,SGN,Sun Phuquoc Airways,9G838,1,,Landed,VN-A279,A321,passenger
2026-03-05,2026-03-05 09:20,2026-03-05 09:08,Da Nang,DAD,Vietnam Airlines,VN158,1,,Landed,VN-A503,A21N,passenger
2026-02-24,2026-02-24 13:30,2026-02-24 14:16,Ho Chi Minh City,SGN,Vietnam Airlines,VN7256,1,,Landed,VN-A336,A321,passenger
2026-03-05,2026-03-05 12:20,2026-03-05 12:26,Da Nang,DAD,Sun Phuquoc Airways,9G916,1,,Landed,VN-A281,A21N,passenger
2026-02-24,2026-02-25 07:05,2026-02-24 10:59,Ho Chi Minh City,SGN,Vietnam Airlines,VN6002,1,,Landed,VN-A363,A321,passenger
2026-03-05,2026-03-05 16:20,2026-03-05 16:28,Da Nang,DAD,Vietnam Airlines,VN172,1,,Landed,VN-A395,A321,passenger
2026-03-05,2026-03-05 17:30,2026-03-05 17:50,Da Nang,DAD,Vietjet Air,VJ512,1,,Landed,VN-A685,A321,passenger
2026-02-24,2026-02-24 10:05,2026-02-24 10:18,Ho Chi Minh City,SGN,Vietnam Airlines,VN208,1,,Landed,VN-A865,B789,passenger
2026-02-24,2026-02-24 09:20,2026-02-24 09:14,Ho Chi Minh City,SGN,Bamboo Airways,QH204,1,,Landed,PK-BBK,B739,passenger
2026-03-05,2026-03-05 19:35,2026-03-05 20:07,Da Nang,DAD,Vietjet Air,VJ516,1,,Landed,VN-A658,A320,passenger
2026-02-24,2026-02-24 09:00,2026-02-24 08:58,Ho Chi Minh City,SGN,Vietjet Air,VJ1120,1,,Landed,VN-A661,A321,passenger
2026-02-24,2026-02-24 08:54,2026-02-24 08:30,Ho Chi Minh City,SGN,Vietnam Airlines,VN7214,1,,Landed,VN-A338,A321,passenger
2026-03-05,2026-03-05 21:45,2026-03-05 21:59,Da Nang,DAD,Vietnam Airlines,VN6070,1,,Landed,VN-A363,A321,passenger
2026-03-06,2026-03-06 13:35,2026-03-06 13:30,Da Nang,DAD,Vietnam Airlines,VN166,1,,Landed,VN-A395,A321,passenger
2026-02-24,2026-02-24 07:55,2026-02-24 07:33,Ho Chi Minh City,SGN,Sun Phuquoc Airways,9G802,1,,Landed,VN-A281,A21N,passenger
2026-03-06,2026-03-06 13:40,2026-03-06 14:26,Da Nang,DAD,Vietjet Air,VJ508,1,,Landed,VN-A685,A321,passenger
2026-02-25,2026-02-25 03:43,2026-02-25 03:09,Ho Chi Minh City,SGN,Vietjet Air,VJ174,1,,Landed,VN-A687,A321,passenger
2026-02-24,2026-02-24 02:20,2026-02-24 02:44,Ho Chi Minh City,SGN,Vietravel Airlines,VU702,1,,Landed,VN-A129,A321,passenger
2026-03-06,2026-03-06 16:25,2026-03-06 16:13,Da Nang,DAD,Vietnam Airlines,VN7186,1,,Landed,VN-A617,A21N,passenger
2026-03-06,2026-03-06 17:30,2026-03-06 17:43,Da Nang,DAD,Vietjet Air,VJ512,1,,Landed,VN-A644,A321,passenger
2026-02-25,2026-02-25 22:35,2026-02-25 23:51,Ho Chi Minh City,SGN,Vietnam Airlines,VN256,1,,Landed,VN-A872,B78X,passenger
2026-03-06,2026-03-06 18:25,2026-03-06 18:30,Da Nang,DAD,Vietnam Airlines,VN174,1,,Landed,VN-A505,A21N,passenger
2026-02-25,2026-02-25 21:40,2026-02-25 21:55,Ho Chi Minh City,SGN,Vietnam Airlines,VN262,1,,Landed,VN-A867,B789,passenger
2026-03-06,2026-03-06 18:25,2026-03-06 18:13,Da Nang,DAD,Sun Phuquoc Airways,9G932,1,,Landed,VN-A908,A20N,passenger
2026-02-25,2026-02-25 21:20,2026-02-25 21:55,Ho Chi Minh City,SGN,Vietjet Air,VJ196,1,,Landed,VN-A820,A333,passenger
2026-03-06,2026-03-06 19:35,2026-03-06 19:29,Da Nang,DAD,Vietjet Air,VJ516,1,,Landed,VN-A634,A321,passenger
2026-02-25,2026-02-25 20:05,2026-02-25 20:27,Ho Chi Minh City,SGN,Vietnam Airlines,VN218,1,,Landed,VN-A874,B78X,passenger
2026-03-06,2026-03-06 23:50,2026-03-06 23:28,Da Nang,DAD,Bamboo Airways,QH148,1,,Landed,VN-A227,A321,passenger
2026-02-25,2026-02-25 17:45,2026-02-25 17:50,Ho Chi Minh City,SGN,Sun Phuquoc Airways,9G854,1,,Landed,VN-A279,A321,passenger
2026-03-07,2026-03-07 11:05,2026-03-07 10:43,Da Nang,DAD,Bamboo Airways,QH104,1,,Landed,VN-A596,A20N,passenger
2026-02-25,2026-02-25 17:05,2026-02-25 16:54,Ho Chi Minh City,SGN,Vietnam Airlines,VN7292,1,,Landed,VN-A872,B78X,passenger
2026-02-25,2026-02-25 16:00,2026-02-25 16:13,Ho Chi Minh City,SGN,Vietravel Airlines,VU770,1,,Landed,VN-A129,A321,passenger
2026-03-07,2026-03-07 11:45,2026-03-07 11:30,Da Nang,DAD,Vietnam Airlines,VN6080,1,,Landed,VN-A363,A321,passenger
2026-03-07,2026-03-07 12:20,2026-03-07 12:21,Da Nang,DAD,Sun Phuquoc Airways,9G916,1,,Landed,VN-A285,A21N,passenger
2026-02-25,2026-02-26 13:25,2026-02-25 16:07,Ho Chi Minh City,SGN,Vietjet Air,VJ188,1,,Landed,LY-NVE,A320,passenger
2026-03-07,2026-03-07 13:35,2026-03-07 13:49,Da Nang,DAD,Vietnam Airlines,VN166,1,,Landed,VN-A392,A321,passenger
2026-02-25,2026-02-25 14:10,2026-02-25 14:41,Ho Chi Minh City,SGN,Vietjet Air,VJ144,1,,Landed,VN-A816,A333,passenger
2026-03-07,2026-03-07 13:40,2026-03-07 14:06,Da Nang,DAD,Vietjet Air,VJ508,1,,Landed,VN-A537,A21N,passenger
2026-02-25,2026-02-25 12:10,2026-02-25 13:12,Ho Chi Minh City,SGN,Vietjet Air,VJ128,1,,Landed,VN-A811,A333,passenger
2026-02-25,2026-02-25 12:30,2026-02-25 13:06,Ho Chi Minh City,SGN,Bamboo Airways,QH224,1,,Landed,JU-1410,A320,passenger
2026-02-25,2026-02-25 12:10,2026-02-25 12:54,Ho Chi Minh City,SGN,Vietnam Airlines,VN7014,1,,Landed,VN-A865,B789,passenger
2026-03-07,2026-03-07 16:15,2026-03-07 15:57,Da Nang,DAD,Vietnam Airlines,VN7164,1,,Landed,VN-A622,A21N,passenger
2026-02-25,2026-02-25 11:55,2026-02-25 12:48,Ho Chi Minh City,SGN,Vietnam Airlines,VN7044,1,,Landed,VN-A353,A321,passenger
2026-03-07,2026-03-07 16:45,2026-03-07 16:54,Da Nang,DAD,Vietjet Air,VJ514,1,,Landed,VN-A580,A21N,passenger
2026-02-25,2026-02-25 10:50,2026-02-25 11:43,Ho Chi Minh City,SGN,Bamboo Airways,QH208,1,,Landed,VN-A596,A20N,passenger
2026-03-07,2026-03-07 17:30,2026-03-07 18:25,Da Nang,DAD,Vietjet Air,VJ512,1,,Landed,VN-A537,A21N,passenger
2026-03-07,2026-03-07 18:20,2026-03-07 18:16,Da Nang,DAD,Sun Phuquoc Airways,9G932,1,,Landed,VN-A286,A21N,passenger
2026-02-25,2026-02-25 10:05,2026-02-25 10:20,Ho Chi Minh City,SGN,Vietnam Airlines,VN208,1,,Landed,VN-A879,B78X,passenger
2026-02-25,2026-02-25 10:10,2026-02-25 10:07,Ho Chi Minh City,SGN,Sun Phuquoc Airways,9G816,1,,Landed,VN-A285,A21N,passenger
2026-03-07,2026-03-07 19:35,2026-03-07 19:39,Da Nang,DAD,Vietjet Air,VJ516,1,,Landed,VN-A526,A21N,passenger
2026-02-25,2026-02-25 09:15,2026-02-25 09:19,Ho Chi Minh City,SGN,Vietravel Airlines,VU774,1,,Landed,VN-A289,A321,passenger
2026-03-07,2026-03-07 19:40,2026-03-07 19:52,Da Nang,DAD,Bamboo Airways,QH146,1,,Landed,VN-A585,A321,passenger
2026-03-07,2026-03-07 22:30,2026-03-07 22:10,Da Nang,DAD,Sun Phuquoc Airways,9G942,1,,Landed,VN-A286,A21N,passenger
2026-03-08,2026-03-08 07:40,2026-03-08 07:21,Da Nang,DAD,Vietjet Air,VJ524,1,,Landed,VN-A639,A321,passenger
2026-03-08,2026-03-08 12:20,2026-03-08 12:15,Da Nang,DAD,Sun Phuquoc Airways,9G916,1,,Landed,VN-A909,A20N,passenger
2026-02-26,2026-02-26 20:05,2026-02-26 20:41,Ho Chi Minh City,SGN,Vietnam Airlines,VN218,1,,Landed,VN-A889,A359,passenger
2026-03-08,2026-03-08 13:40,2026-03-08 14:36,Da Nang,DAD,Vietjet Air,VJ508,1,,Landed,VN-A685,A321,passenger
2026-02-26,2026-02-26 17:30,2026-02-26 19:04,Ho Chi Minh City,SGN,Vietjet Air,VJ194,1,,Landed,VN-A642,A321,passenger
2026-03-08,2026-03-08 14:00,2026-03-08 13:56,Da Nang,DAD,Sun Phuquoc Airways,9G922,1,,Landed,VN-A286,A21N,passenger
2026-02-26,2026-02-26 17:05,2026-02-26 16:52,Ho Chi Minh City,SGN,Vietnam Airlines,VN250,1,,Landed,VN-A879,B78X,passenger
2026-02-26,2026-02-26 16:00,2026-02-26 16:06,Ho Chi Minh City,SGN,Vietravel Airlines,VU770,1,,Landed,VN-A129,A321,passenger
2026-03-08,2026-03-08 16:15,2026-03-08 16:08,Da Nang,DAD,Vietnam Airlines,VN7164,1,,Landed,VN-A623,A21N,passenger
2026-02-26,2026-02-26 11:35,2026-02-26 11:19,Ho Chi Minh City,SGN,Sun Phuquoc Airways,9G822,1,,Landed,VN-A280,A321,passenger
2026-03-08,2026-03-08 16:25,2026-03-08 16:24,Da Nang,DAD,Vietnam Airlines,VN7186,1,,Landed,VN-A618,A21N,passenger
2026-02-26,2026-02-26 10:05,2026-02-26 10:21,Ho Chi Minh City,SGN,Vietnam Airlines,VN208,1,,Landed,VN-A862,B789,passenger
2026-03-08,2026-03-08 17:30,2026-03-08 17:09,Da Nang,DAD,Vietjet Air,VJ512,1,,Landed,VN-A683,A321,passenger
2026-03-08,2026-03-09 19:35,2026-03-08 20:45,Da Nang,DAD,Vietjet Air,VJ516,1,,Landed,VN-A656,A320,passenger
2026-02-26,2026-02-26 03:25,2026-02-26 04:02,Ho Chi Minh City,SGN,Vietnam Airlines,VN7038,1,,Landed,VN-A898,A359,passenger
2026-02-25,2026-02-26 00:05,2026-02-25 02:59,Ho Chi Minh City,SGN,Vietnam Airlines,VN224,1,,Landed,VN-A889,A359,passenger
2026-03-09,2026-03-09 11:05,2026-03-09 10:44,Da Nang,DAD,Bamboo Airways,QH104,1,,Landed,VN-A596,A20N,passenger
2026-03-09,2026-03-09 13:40,2026-03-09 14:06,Da Nang,DAD,Vietjet Air,VJ508,1,,Landed,VN-A685,A321,passenger
2026-02-27,2026-02-27 23:35,2026-02-27 23:57,Ho Chi Minh City,SGN,Sun Phuquoc Airways,9G882,1,,Landed,VN-A279,A321,passenger
2026-02-27,2026-02-27 22:25,2026-02-27 23:32,Ho Chi Minh City,SGN,Vietjet Air,VJ180,1,,Landed,VN-A641,A321,passenger
2026-03-10,2026-03-10 11:05,2026-03-10 10:58,Da Nang,DAD,Bamboo Airways,QH104,1,,Landed,VN-A596,A20N,passenger
2026-03-10,2026-03-10 11:45,2026-03-10 11:34,Da Nang,DAD,Vietnam Airlines,VN6080,1,,Landed,VN-A354,A321,passenger
2026-02-27,2026-02-27 23:05,2026-02-27 23:24,Ho Chi Minh City,SGN,Vietnam Airlines,VN260,1,,Landed,VN-A886,A359,passenger
2026-03-10,2026-03-11 13:40,2026-03-10 15:33,Da Nang,DAD,Vietjet Air,VJ508,1,,Landed,VN-A542,A321,passenger
2026-02-27,2026-02-27 22:00,2026-02-27 23:11,Ho Chi Minh City,SGN,Vietjet Air,VJ190,1,,Landed,VN-A546,A21N,passenger
2026-03-10,2026-03-10 14:00,2026-03-10 14:07,Da Nang,DAD,Sun Phuquoc Airways,9G922,1,,Landed,VN-A286,A21N,passenger
2026-02-27,2026-02-27 22:35,2026-02-27 22:54,Ho Chi Minh City,SGN,Vietnam Airlines,VN256,1,,Landed,VN-A888,A359,passenger
2026-02-27,2026-02-27 22:05,2026-02-27 22:28,Ho Chi Minh City,SGN,Vietnam Airlines,VN220,1,,Landed,VN-A864,B789,passenger
2026-02-27,2026-02-27 21:00,2026-02-27 22:25,Ho Chi Minh City,SGN,Vietjet Air,VJ166,1,,Landed,VN-A634,A321,passenger
2026-02-27,2026-02-27 21:40,2026-02-27 22:00,Ho Chi Minh City,SGN,Vietnam Airlines,VN262,1,,Landed,VN-A877,B78X,passenger
2026-03-10,2026-03-10 16:45,2026-03-10 17:21,Da Nang,DAD,Vietjet Air,VJ514,1,,Landed,VN-A534,A21N,passenger
2026-02-27,2026-02-27 21:20,2026-02-27 21:55,Ho Chi Minh City,SGN,Vietjet Air,VJ196,1,,Landed,VN-A816,A333,passenger
2026-03-10,2026-03-10 17:30,2026-03-10 17:38,Da Nang,DAD,Vietjet Air,VJ512,1,,Landed,VN-A552,A21N,passenger
2026-02-27,2026-02-27 21:05,2026-02-27 21:27,Ho Chi Minh City,SGN,Vietnam Airlines,VN258,1,,Landed,VN-A872,B78X,passenger
2026-02-27,2026-02-27 21:15,2026-02-27 21:10,Ho Chi Minh City,SGN,Vietjet Air,VJ160,1,,Landed,VN-A669,A320,passenger
2026-03-10,2026-03-10 19:35,2026-03-10 19:49,Da Nang,DAD,Vietjet Air,VJ516,1,,Landed,VN-A656,A320,passenger
2026-02-27,2026-02-27 20:20,2026-02-27 21:07,Ho Chi Minh City,SGN,Bamboo Airways,QH262,1,,Landed,PK-BBK,B739,passenger
2026-02-27,2026-02-27 20:35,2026-02-27 20:39,Ho Chi Minh City,SGN,Sun Phuquoc Airways,9G868,1,,Landed,VN-A280,A321,passenger
2026-03-11,2026-03-11 11:45,2026-03-11 11:36,Da Nang,DAD,Vietnam Airlines,VN6080,1,,Landed,VN-A363,A321,passenger
2026-02-27,2026-02-27 19:25,2026-02-27 20:29,Ho Chi Minh City,SGN,Vietnam Airlines,VN7290,1,,Landed,VN-A879,B78X,passenger
2026-03-11,2026-03-11 12:20,2026-03-11 12:39,Da Nang,DAD,Sun Phuquoc Airways,9G916,1,,Landed,VN-A908,A20N,passenger
2026-02-27,2026-02-27 20:05,2026-02-27 20:12,Ho Chi Minh City,SGN,Vietnam Airlines,VN218,1,,Landed,VN-A869,B789,passenger
2026-03-11,2026-03-12 12:40,2026-03-11 14:50,Da Nang,DAD,Vietjet Air,VJ528,1,,Landed,VN-A685,A321,passenger
2026-02-27,2026-02-27 20:10,2026-02-27 19:55,Ho Chi Minh City,SGN,Vietjet Air,VJ154,1,,Landed,VN-A544,A321,passenger
2026-03-11,2026-03-11 13:35,2026-03-11 13:54,Da Nang,DAD,Vietnam Airlines,VN166,1,,Landed,VN-A357,A321,passenger
2026-02-27,2026-02-27 19:05,2026-02-27 19:50,Ho Chi Minh City,SGN,Vietnam Airlines,VN254,1,,Landed,VN-A891,A359,passenger
2026-03-11,2026-03-11 13:40,2026-03-11 14:09,Da Nang,DAD,Vietjet Air,VJ508,1,,Landed,VN-A641,A321,passenger
2026-02-27,2026-02-27 19:15,2026-02-27 19:46,Ho Chi Minh City,SGN,Vietjet Air,VJ152,1,,Landed,VN-A549,A21N,passenger
2026-03-11,2026-03-11 14:00,2026-03-11 13:45,Da Nang,DAD,Sun Phuquoc Airways,9G922,1,,Landed,VN-A906,A21N,passenger
2026-02-27,2026-02-27 18:05,2026-02-27 18:04,Ho Chi Minh City,SGN,Vietnam Airlines,VN216,1,,Landed,VN-A878,B78X,passenger
2026-03-11,2026-03-11 16:45,2026-03-11 16:47,Da Nang,DAD,Vietjet Air,VJ514,1,,Landed,VN-A698,A321,passenger
2026-03-11,2026-03-11 17:30,2026-03-11 18:18,Da Nang,DAD,Vietjet Air,VJ512,1,,Landed,VN-A542,A321,passenger
2026-02-27,2026-02-27 17:45,2026-02-27 17:36,Ho Chi Minh City,SGN,Sun Phuquoc Airways,9G854,1,,Landed,VN-A279,A321,passenger
2026-03-11,2026-03-11 18:05,2026-03-11 18:11,Da Nang,DAD,Sun Phuquoc Airways,9G932,1,,Landed,VN-A908,A20N,passenger
2026-02-27,2026-02-27 17:00,2026-02-27 17:07,Ho Chi Minh City,SGN,Sun Phuquoc Airways,9G848,1,,Landed,VN-A906,A21N,passenger
2026-02-27,2026-02-27 15:10,2026-02-27 16:00,Ho Chi Minh City,SGN,Vietjet Air,VJ198,1,,Landed,VN-A639,A321,passenger
2026-03-11,2026-03-11 21:45,2026-03-11 21:33,Da Nang,DAD,Vietnam Airlines,VN6070,1,,Landed,VN-A363,A321,passenger
2026-02-27,2026-02-28 09:15,2026-02-27 13:07,Ho Chi Minh City,SGN,Vietravel Airlines,VU774,1,,Landed,VN-A289,A321,passenger
2026-03-12,2026-03-12 07:40,2026-03-12 07:25,Da Nang,DAD,Vietjet Air,VJ524,1,,Landed,VN-A672,A320,passenger
2026-02-27,2026-02-27 11:10,2026-02-27 11:13,Ho Chi Minh City,SGN,Vietjet Air,VJ132,1,,Landed,VN-A673,A321,passenger
2026-03-12,2026-03-12 09:20,2026-03-12 09:07,Da Nang,DAD,Vietnam Airlines,VN158,1,,Landed,VN-A507,A21N,passenger
2026-02-27,2026-02-27 10:40,2026-02-27 10:42,Ho Chi Minh City,SGN,Vietjet Air,VJ136,1,,Landed,VN-A607,A21N,passenger
2026-03-12,2026-03-12 09:55,2026-03-12 09:48,Da Nang,DAD,Vietravel Airlines,VU638,1,,Landed,VN-A129,A321,passenger
2026-03-12,2026-03-12 11:45,2026-03-12 11:30,Da Nang,DAD,Vietnam Airlines,VN6080,1,,Landed,VN-A363,A321,passenger
2026-02-27,2026-02-27 09:00,2026-02-27 09:53,Ho Chi Minh City,SGN,Vietjet Air,VJ176,1,,Landed,VN-A547,A21N,passenger
2026-02-27,2026-02-27 08:35,2026-02-27 08:27,Ho Chi Minh City,SGN,Vietnam Airlines,VN238,1,,Landed,VN-A327,A321,passenger
2026-03-12,2026-03-12 13:40,2026-03-12 13:52,Da Nang,DAD,Vietjet Air,VJ508,1,,Landed,VN-A685,A321,passenger
2026-02-27,2026-02-27 08:25,2026-02-27 08:07,Ho Chi Minh City,SGN,Vietjet Air,VJ126,1,,Landed,VN-A670,A321,passenger
2026-02-28,2026-02-28 23:35,2026-02-28 23:50,Ho Chi Minh City,SGN,Sun Phuquoc Airways,9G882,1,,Landed,VN-A280,A321,passenger
2026-02-28,2026-02-28 23:10,2026-02-28 23:26,Ho Chi Minh City,SGN,Vietjet Air,VJ156,1,,Landed,VN-A641,A321,passenger
2026-03-12,2026-03-12 17:30,2026-03-12 18:00,Da Nang,DAD,Vietjet Air,VJ512,1,,Landed,VN-A685,A321,passenger
2026-02-28,2026-03-01 21:15,2026-02-28 23:13,Ho Chi Minh City,SGN,Vietjet Air,VJ160,1,,Landed,VN-A535,A321,passenger
2026-03-12,2026-03-12 18:20,2026-03-12 18:17,Da Nang,DAD,Sun Phuquoc Airways,9G932,1,,Landed,VN-A284,A21N,passenger
2026-02-28,2026-02-28 23:05,2026-02-28 22:56,Ho Chi Minh City,SGN,Vietnam Airlines,VN260,1,,Landed,VN-A888,A359,passenger
2026-02-28,2026-03-01 21:00,2026-02-28 22:53,Ho Chi Minh City,SGN,Vietjet Air,VJ166,1,,Landed,VN-A522,A321,passenger
2026-02-28,2026-02-28 22:00,2026-02-28 22:15,Ho Chi Minh City,SGN,Vietjet Air,VJ190,1,,Landed,VN-A545,A21N,passenger
2026-02-28,2026-02-28 22:05,2026-02-28 21:59,Ho Chi Minh City,SGN,Vietnam Airlines,VN220,1,,Landed,VN-A877,B78X,passenger
2026-03-13,2026-03-13 08:35,2026-03-13 08:31,Da Nang,DAD,Vietjet Air,VJ510,1,,Landed,VN-A535,A321,passenger
2026-02-28,2026-02-28 20:35,2026-02-28 21:54,Ho Chi Minh City,SGN,Sun Phuquoc Airways,9G868,1,,Landed,VN-A279,A321,passenger
2026-03-13,2026-03-13 09:00,2026-03-13 09:08,Da Nang,DAD,Vietjet Air,VJ504,1,,Landed,VN-A644,A321,passenger
2026-02-28,2026-02-28 21:40,2026-02-28 21:34,Ho Chi Minh City,SGN,Vietnam Airlines,VN262,1,,Landed,VN-A867,B789,passenger
2026-02-28,2026-02-28 21:05,2026-02-28 21:14,Ho Chi Minh City,SGN,Vietnam Airlines,VN258,1,,Landed,VN-A874,B78X,passenger
2026-02-28,2026-02-28 20:10,2026-02-28 20:48,Ho Chi Minh City,SGN,Bamboo Airways,QH262,1,,Landed,PK-BBK,B739,passenger
2026-02-28,2026-02-28 19:20,2026-02-28 20:42,Ho Chi Minh City,SGN,Vietravel Airlines,VU780,1,,Landed,VN-A289,A321,passenger
2026-03-13,2026-03-13 13:35,2026-03-13 13:59,Da Nang,DAD,Vietnam Airlines,VN166,1,,Landed,VN-A392,A321,passenger
2026-02-28,2026-02-28 20:05,2026-02-28 20:03,Ho Chi Minh City,SGN,Vietnam Airlines,VN218,1,,Landed,VN-A872,B78X,passenger
2026-03-13,2026-03-13 13:40,2026-03-13 14:23,Da Nang,DAD,Vietjet Air,VJ508,1,,Landed,VN-A641,A321,passenger
2026-02-28,2026-02-28 19:15,2026-02-28 19:53,Ho Chi Minh City,SGN,Vietjet Air,VJ152,1,,Landed,VN-A532,A321,passenger
2026-02-28,2026-02-28 19:30,2026-02-28 19:32,Ho Chi Minh City,SGN,Vietnam Airlines,VN7290,1,,Landed,VN-A897,A359,passenger
2026-02-28,2026-02-28 17:30,2026-02-28 19:08,Ho Chi Minh City,SGN,Vietjet Air,VJ194,1,,Landed,VN-A516,A21N,passenger
2026-03-13,2026-03-13 16:15,2026-03-13 15:52,Da Nang,DAD,Vietnam Airlines,VN7164,1,,Landed,VN-A353,A321,passenger
2026-02-28,2026-02-28 19:05,2026-02-28 19:04,Ho Chi Minh City,SGN,Vietnam Airlines,VN254,1,,Landed,VN-A866,B789,passenger
2026-03-13,2026-03-13 16:25,2026-03-13 16:07,Da Nang,DAD,Vietnam Airlines,VN7186,1,,Landed,VN-A617,A21N,passenger
2026-02-28,2026-02-28 18:45,2026-02-28 18:48,Ho Chi Minh City,SGN,Vietnam Airlines,VN252,1,,Landed,VN-A878,B78X,passenger
2026-02-28,2026-02-28 18:05,2026-02-28 18:34,Ho Chi Minh City,SGN,Vietnam Airlines,VN216,1,,Landed,VN-A863,B789,passenger
2026-03-13,2026-03-13 16:45,2026-03-13 17:14,Da Nang,DAD,Vietjet Air,VJ514,1,,Landed,VN-A553,A21N,passenger
2026-02-28,2026-02-28 16:50,2026-02-28 18:43,Ho Chi Minh City,SGN,Vietjet Air,VJ134,1,,Landed,LY-MLI,A320,passenger
2026-03-13,2026-03-13 17:30,2026-03-13 17:46,Da Nang,DAD,Vietjet Air,VJ512,1,,Landed,VN-A685,A321,passenger
2026-02-28,2026-02-28 17:35,2026-02-28 17:42,Ho Chi Minh City,SGN,Vietnam Airlines,VN232,1,,Landed,VN-A879,B78X,passenger
2026-03-13,2026-03-13 19:35,2026-03-13 20:03,Da Nang,DAD,Vietjet Air,VJ516,1,,Landed,VN-A650,A320,passenger
2026-02-28,2026-02-28 16:00,2026-02-28 17:39,Ho Chi Minh City,SGN,Vietravel Airlines,VU770,1,,Landed,VN-A129,A321,passenger
2026-02-28,2026-03-01 07:55,2026-02-28 17:29,Ho Chi Minh City,SGN,Bamboo Airways,QH202,1,,Landed,VN-A227,A321,passenger
2026-02-28,2026-02-28 17:05,2026-02-28 17:13,Ho Chi Minh City,SGN,Vietnam Airlines,VN250,1,,Landed,VN-A861,B789,passenger
2026-03-13,2026-03-13 21:45,2026-03-13 22:24,Da Nang,DAD,Vietnam Airlines,VN6070,1,,Landed,VN-A363,A321,passenger
2026-02-28,2026-02-28 16:15,2026-02-28 17:11,Ho Chi Minh City,SGN,Vietnam Airlines,VN7040,1,,Landed,VN-A335,A321,passenger
2026-02-28,2026-02-28 16:05,2026-02-28 16:02,Ho Chi Minh City,SGN,Vietnam Airlines,VN214,1,,Landed,VN-A889,A359,passenger
2026-03-13,2026-03-13 23:25,2026-03-13 23:02,Da Nang,DAD,Bamboo Airways,QH148,1,,Landed,VN-A585,A321,passenger
2026-02-28,2026-02-28 14:05,2026-02-28 15:14,Ho Chi Minh City,SGN,Vietnam Airlines,VN212,1,,Landed,VN-A867,B789,passenger
2026-02-28,2026-02-28 14:30,2026-02-28 15:19,Ho Chi Minh City,SGN,Sun Phuquoc Airways,9G838,1,,Landed,VN-A279,A321,passenger
2026-02-28,2026-02-28 13:30,2026-02-28 13:53,Ho Chi Minh City,SGN,Vietnam Airlines,VN7256,1,,Landed,VN-A603,A321,passenger
2026-03-14,2026-03-14 07:40,2026-03-14 07:27,Da Nang,DAD,Vietjet Air,VJ524,1,,Landed,VN-A666,A320,passenger
2026-02-28,2026-02-28 13:05,2026-02-28 13:13,Ho Chi Minh City,SGN,Vietnam Airlines,VN246,1,,Landed,VN-A894,A359,passenger
2026-03-14,2026-03-14 09:00,2026-03-14 09:25,Da Nang,DAD,Vietjet Air,VJ504,1,,Landed,VN-A685,A321,passenger
2026-02-28,2026-02-28 12:30,2026-02-28 12:51,Ho Chi Minh City,SGN,Bamboo Airways,QH224,1,,Landed,JU-1410,A320,passenger
2026-03-14,2026-03-14 11:05,2026-03-14 10:44,Da Nang,DAD,Bamboo Airways,QH104,1,,Landed,VN-A596,A20N,passenger
2026-02-28,2026-02-28 13:00,2026-02-28 12:32,Ho Chi Minh City,SGN,Bamboo Airways,QH294,1,,Landed,VN-A585,A321,passenger
2026-02-28,2026-02-28 11:10,2026-02-28 12:28,Ho Chi Minh City,SGN,Vietjet Air,VJ132,1,,Landed,VN-A641,A321,passenger
2026-03-14,2026-03-14 11:45,2026-03-14 11:37,Da Nang,DAD,Vietnam Airlines,VN6080,1,,Landed,VN-A363,A321,passenger
2026-02-28,2026-02-28 12:05,2026-02-28 12:02,Ho Chi Minh City,SGN,Vietnam Airlines,VN210,1,,Landed,VN-A863,B789,passenger
2026-03-14,2026-03-14 13:40,2026-03-14 14:01,Da Nang,DAD,Vietjet Air,VJ508,1,,Landed,VN-A666,A320,passenger
2026-02-28,2026-02-28 11:35,2026-02-28 11:37,Ho Chi Minh City,SGN,Sun Phuquoc Airways,9G822,1,,Landed,VN-A280,A321,passenger
2026-03-14,2026-03-14 14:00,2026-03-14 13:45,Da Nang,DAD,Sun Phuquoc Airways,9G922,1,,Landed,VN-A906,A21N,passenger
2026-02-28,2026-02-28 11:05,2026-02-28 11:02,Ho Chi Minh City,SGN,Vietnam Airlines,VN244,1,,Landed,VN-A897,A359,passenger
2026-02-28,2026-02-28 11:17,2026-02-28 10:47,Ho Chi Minh City,SGN,Bamboo Airways,QH292,1,,Landed,VN-A596,A20N,passenger
2026-03-14,2026-03-14 16:15,2026-03-14 15:57,Da Nang,DAD,Vietnam Airlines,VN7164,1,,Landed,VN-A507,A21N,passenger
2026-02-28,2026-02-28 10:40,2026-02-28 10:34,Ho Chi Minh City,SGN,Vietjet Air,VJ136,1,,Landed,VN-A550,A21N,passenger
2026-02-28,2026-02-28 10:05,2026-02-28 10:13,Ho Chi Minh City,SGN,Vietnam Airlines,VN208,1,,Landed,VN-A861,B789,passenger
2026-03-14,2026-03-14 16:45,2026-03-14 16:48,Da Nang,DAD,Vietjet Air,VJ514,1,,Landed,VN-A629,A321,passenger
2026-02-28,2026-02-28 09:40,2026-02-28 09:47,Ho Chi Minh City,SGN,Sun Phuquoc Airways,9G808,1,,Landed,VN-A286,A21N,passenger
2026-03-14,2026-03-14 17:30,2026-03-14 17:33,Da Nang,DAD,Vietjet Air,VJ512,1,,Landed,VN-A633,A321,passenger
2026-02-28,2026-02-28 09:20,2026-02-28 09:10,Ho Chi Minh City,SGN,Bamboo Airways,QH204,1,,Landed,PK-BBK,B739,passenger
2026-03-14,2026-03-14 18:20,2026-03-14 18:06,Da Nang,DAD,Sun Phuquoc Airways,9G932,1,,Landed,VN-A284,A21N,passenger
2026-02-28,2026-02-28 09:05,2026-02-28 09:01,Ho Chi Minh City,SGN,Vietnam Airlines,VN240,1,,Landed,VN-A890,A359,passenger
2026-03-14,2026-03-14 19:45,2026-03-14 20:10,Da Nang,DAD,Vietravel Airlines,VU658,1,,Landed,VN-A129,A321,passenger
2026-02-28,2026-02-28 08:40,2026-02-28 08:20,Ho Chi Minh City,SGN,Sun Phuquoc Airways,9G806,1,,Landed,VN-A279,A321,passenger
2026-02-28,2026-02-28 08:25,2026-02-28 08:11,Ho Chi Minh City,SGN,Vietjet Air,VJ126,1,,Landed,VN-A552,A21N,passenger
2026-03-14,2026-03-14 22:15,2026-03-14 22:51,Da Nang,DAD,Vietjet Air,VJ518,1,,Landed,VN-A552,A21N,passenger
2026-02-28,2026-02-28 07:55,2026-02-28 07:55,Ho Chi Minh City,SGN,Vietravel Airlines,VU750,1,,Landed,VN-A289,A321,passenger
2026-03-14,2026-03-14 22:30,2026-03-14 22:41,Da Nang,DAD,Sun Phuquoc Airways,9G942,1,,Landed,VN-A284,A21N,passenger
2026-02-28,2026-02-28 06:48,2026-02-28 06:18,Ho Chi Minh City,SGN,Vietravel Airlines,VU782,1,,Landed,VN-A136,A320,passenger
2026-02-28,2026-02-28 06:20,2026-02-28 06:16,Ho Chi Minh City,SGN,Vietnam Airlines,VN7210,1,,Landed,VN-A513,A20N,passenger
2026-03-15,2026-03-15 08:35,2026-03-15 08:58,Da Nang,DAD,Vietjet Air,VJ510,1,,Landed,VN-A677,A321,passenger
2026-02-28,2026-02-28 05:42,2026-02-28 05:12,Ho Chi Minh City,SGN,Bamboo Airways,QH268,1,,Landed,VN-A596,A20N,passenger
2026-03-15,2026-03-15 09:00,2026-03-15 09:41,Da Nang,DAD,Vietjet Air,VJ504,1,,Landed,VN-A575,A21N,passenger
2026-03-15,2026-03-15 09:20,2026-03-15 09:03,Da Nang,DAD,Vietnam Airlines,VN158,1,,Landed,VN-A605,A321,passenger
2026-02-27,2026-02-27 18:45,2026-02-27 04:47,Ho Chi Minh City,SGN,Vietnam Airlines,VN252,1,,Landed,VN-A619,A21N,passenger
2026-03-15,2026-03-15 13:35,2026-03-15 13:47,Da Nang,DAD,Vietnam Airlines,VN166,1,,Landed,VN-A326,A321,passenger
2026-03-02,2026-03-01 23:30,2026-03-02 00:07,Ho Chi Minh City,SGN,Vietjet Air,VJ158,1,,Landed,VN-A650,A320,passenger
2026-03-15,2026-03-15 14:00,2026-03-15 13:59,Da Nang,DAD,Sun Phuquoc Airways,9G922,1,,Landed,VN-A282,A21N,passenger
2026-03-01,2026-03-01 23:05,2026-03-01 23:21,Ho Chi Minh City,SGN,Vietnam Airlines,VN260,1,,Landed,VN-A889,A359,passenger
2026-03-01,2026-03-01 23:10,2026-03-01 23:03,Ho Chi Minh City,SGN,Vietjet Air,VJ156,1,,Landed,VN-A639,A321,passenger
2026-03-01,2026-03-01 22:25,2026-03-01 22:50,Ho Chi Minh City,SGN,Vietjet Air,VJ180,1,,Landed,VN-A817,A333,passenger
2026-03-15,2026-03-15 16:15,2026-03-15 15:46,Da Nang,DAD,Vietnam Airlines,VN7164,1,,Landed,VN-A618,A21N,passenger
2026-03-01,2026-03-01 22:35,2026-03-01 22:48,Ho Chi Minh City,SGN,Vietnam Airlines,VN256,1,,Landed,VN-A878,B78X,passenger
2026-03-15,2026-03-15 16:25,2026-03-15 16:07,Da Nang,DAD,Vietnam Airlines,VN7186,1,,Landed,VN-A357,A321,passenger
2026-03-01,2026-03-01 22:00,2026-03-01 22:42,Ho Chi Minh City,SGN,Vietjet Air,VJ190,1,,Landed,VN-A668,A320,passenger
2026-03-15,2026-03-15 16:45,2026-03-15 16:57,Da Nang,DAD,Vietjet Air,VJ514,1,,Landed,VN-A524,A21N,passenger
2026-03-01,2026-03-01 22:05,2026-03-01 22:28,Ho Chi Minh City,SGN,Vietnam Airlines,VN220,1,,Landed,VN-A869,B789,passenger
2026-03-15,2026-03-15 17:30,2026-03-15 17:20,Da Nang,DAD,Vietjet Air,VJ512,1,,Landed,VN-A667,A321,passenger
2026-03-01,2026-03-01 22:25,2026-03-01 22:25,Ho Chi Minh City,SGN,Bamboo Airways,QH268,1,,Landed,JU-1410,A320,passenger
2026-03-01,2026-03-01 21:20,2026-03-01 21:38,Ho Chi Minh City,SGN,Vietjet Air,VJ196,1,,Landed,VN-A816,A333,passenger
2026-03-15,2026-03-15 18:25,2026-03-15 18:19,Da Nang,DAD,Vietnam Airlines,VN174,1,,Landed,VN-A329,A321,passenger
2026-03-01,2026-03-01 21:15,2026-03-01 21:33,Ho Chi Minh City,SGN,Vietjet Air,VJ160,1,,Landed,VN-A645,A321,passenger
2026-03-15,2026-03-15 19:35,2026-03-15 19:29,Da Nang,DAD,Vietjet Air,VJ516,1,,Landed,VN-A642,A321,passenger
2026-03-01,2026-03-01 21:05,2026-03-01 21:04,Ho Chi Minh City,SGN,Vietnam Airlines,VN258,1,,Landed,VN-A877,B78X,passenger
2026-03-15,2026-03-15 20:35,2026-03-15 20:49,Da Nang,DAD,Vietnam Airlines,VN7190,1,,Landed,VN-A357,A321,passenger
2026-03-16,2026-03-16 22:55,2026-03-16 00:21,Da Nang,DAD,Vietjet Air,VJ520,1,,Landed,VN-A544,A321,passenger
2026-03-01,2026-03-01 20:05,2026-03-01 20:37,Ho Chi Minh City,SGN,Vietnam Airlines,VN218,1,,Landed,VN-A895,A359,passenger
2026-03-15,2026-03-15 23:25,2026-03-15 23:08,Da Nang,DAD,Bamboo Airways,QH148,1,,Landed,VN-A585,A321,passenger
2026-03-01,2026-03-01 19:05,2026-03-01 20:09,Ho Chi Minh City,SGN,Vietnam Airlines,VN254,1,,Landed,VN-A879,B78X,passenger
2026-03-01,2026-03-01 19:45,2026-03-01 19:56,Ho Chi Minh City,SGN,Bamboo Airways,QH262,1,,Landed,VN-A585,A321,passenger
2026-03-16,2026-03-16 07:20,2026-03-16 07:02,Da Nang,DAD,Vietnam Airlines,VN154,1,,Landed,VN-A611,A321,passenger
2026-03-01,2026-03-01 19:20,2026-03-01 19:26,Ho Chi Minh City,SGN,Vietravel Airlines,VU780,1,,Landed,VN-A136,A320,passenger
2026-03-16,2026-03-16 07:40,2026-03-16 07:24,Da Nang,DAD,Vietjet Air,VJ524,1,,Landed,VN-A635,A321,passenger
2026-03-01,2026-03-01 18:05,2026-03-01 19:11,Ho Chi Minh City,SGN,Vietnam Airlines,VN216,1,,Landed,VN-A601,A321,passenger
2026-03-01,2026-03-01 19:15,2026-03-01 19:07,Ho Chi Minh City,SGN,Vietjet Air,VJ152,1,,Landed,VN-A657,A321,passenger
2026-03-01,2026-03-01 18:45,2026-03-01 18:42,Ho Chi Minh City,SGN,Vietnam Airlines,VN252,1,,Landed,VN-A872,B78X,passenger
2026-03-16,2026-03-16 11:05,2026-03-16 10:46,Da Nang,DAD,Bamboo Airways,QH104,1,,Landed,VN-A596,A20N,passenger
2026-03-01,2026-03-01 17:45,2026-03-01 17:35,Ho Chi Minh City,SGN,Sun Phuquoc Airways,9G854,1,,Landed,VN-A279,A321,passenger
2026-03-16,2026-03-16 12:20,2026-03-16 12:34,Da Nang,DAD,Sun Phuquoc Airways,9G916,1,,Landed,VN-A908,A20N,passenger
2026-03-01,2026-03-01 17:35,2026-03-01 17:32,Ho Chi Minh City,SGN,Vietnam Airlines,VN232,1,,Landed,VN-A866,B789,passenger
2026-03-16,2026-03-16 12:40,2026-03-16 13:05,Da Nang,DAD,Vietjet Air,VJ528,1,,Landed,VN-A635,A321,passenger
2026-03-01,2026-03-01 17:05,2026-03-01 17:05,Ho Chi Minh City,SGN,Vietnam Airlines,VN250,1,,Landed,VN-A873,B78X,passenger
2026-03-16,2026-03-16 13:35,2026-03-16 13:37,Da Nang,DAD,Vietnam Airlines,VN166,1,,Landed,VN-A399,A321,passenger
2026-03-16,2026-03-16 14:00,2026-03-16 14:01,Da Nang,DAD,Sun Phuquoc Airways,9G922,1,,Landed,VN-A282,A21N,passenger
2026-03-01,2026-03-01 16:05,2026-03-01 16:06,Ho Chi Minh City,SGN,Vietnam Airlines,VN214,1,,Landed,VN-A878,B78X,passenger
2026-03-01,2026-03-01 16:10,2026-03-01 16:02,Ho Chi Minh City,SGN,Vietnam Airlines,VN7248,1,,Landed,VN-A869,B789,passenger
2026-03-01,2026-03-01 15:25,2026-03-01 15:31,Ho Chi Minh City,SGN,Bamboo Airways,QH242,1,,Landed,ER-00005,A320,passenger
2026-03-01,2026-03-01 15:05,2026-03-01 15:27,Ho Chi Minh City,SGN,Vietnam Airlines,VN248,1,,Landed,VN-A886,A359,passenger
2026-03-01,2026-03-01 15:10,2026-03-01 15:22,Ho Chi Minh City,SGN,Vietjet Air,VJ198,1,,Landed,VN-A637,A321,passenger
2026-03-16,2026-03-16 16:45,2026-03-16 17:08,Da Nang,DAD,Vietjet Air,VJ514,1,,Landed,VN-A629,A321,passenger
2026-03-16,2026-03-16 17:30,2026-03-16 17:25,Da Nang,DAD,Vietjet Air,VJ512,1,,Landed,VN-A647,A321,passenger
2026-03-01,2026-03-01 13:25,2026-03-01 14:55,Ho Chi Minh City,SGN,Vietjet Air,VJ188,1,,Landed,LY-NVE,A320,passenger
2026-03-16,2026-03-16 18:20,2026-03-16 18:18,Da Nang,DAD,Sun Phuquoc Airways,9G932,1,,Landed,VN-A282,A21N,passenger
2026-03-01,2026-03-01 14:30,2026-03-01 14:50,Ho Chi Minh City,SGN,Sun Phuquoc Airways,9G838,1,,Landed,VN-A280,A321,passenger
2026-03-01,2026-03-01 14:20,2026-03-01 14:41,Ho Chi Minh City,SGN,Vietnam Airlines,VN7046,1,,Landed,VN-A506,A21N,passenger
2026-03-01,2026-03-01 14:05,2026-03-01 14:07,Ho Chi Minh City,SGN,Vietnam Airlines,VN212,1,,Landed,VN-A865,B789,passenger
2026-03-16,2026-03-16 19:35,2026-03-16 19:59,Da Nang,DAD,Vietjet Air,VJ516,1,,Landed,VN-A524,A21N,passenger
2026-03-01,2026-03-01 13:05,2026-03-01 13:16,Ho Chi Minh City,SGN,Vietnam Airlines,VN246,1,,Landed,VN-A896,A359,passenger
2026-03-16,2026-03-16 19:40,2026-03-16 19:36,Da Nang,DAD,Bamboo Airways,QH146,1,,Landed,VN-A227,A321,passenger
2026-03-01,2026-03-01 12:30,2026-03-01 12:15,Ho Chi Minh City,SGN,Bamboo Airways,QH224,1,,Landed,VN-A227,A321,passenger
2026-03-16,2026-03-16 19:45,2026-03-16 19:45,Da Nang,DAD,Vietravel Airlines,VU658,1,,Landed,VN-A129,A321,passenger
2026-03-01,2026-03-01 12:05,2026-03-01 11:53,Ho Chi Minh City,SGN,Vietnam Airlines,VN210,1,,Landed,VN-A603,A321,passenger
2026-03-01,2026-03-01 11:55,2026-03-01 11:46,Ho Chi Minh City,SGN,Vietnam Airlines,VN7044,1,,Landed,VN-A356,A321,passenger
2026-03-16,2026-03-16 22:15,2026-03-16 22:41,Da Nang,DAD,Vietjet Air,VJ518,1,,Landed,VN-A632,A321,passenger
2026-03-01,2026-03-01 11:05,2026-03-01 11:03,Ho Chi Minh City,SGN,Vietnam Airlines,VN244,1,,Landed,VN-A872,B78X,passenger
2026-03-16,2026-03-16 22:55,2026-03-16 22:59,Da Nang,DAD,Vietjet Air,VJ520,1,,Landed,VN-A634,A321,passenger
2025-12-24,2025-12-24 18:10,2025-12-24 18:04,Hanoi,HAN,Vietjet Air,VJ195,2,,Landed,VN-A811,A333,passenger
2026-03-01,2026-03-01 10:40,2026-03-01 10:43,Ho Chi Minh City,SGN,Vietjet Air,VJ136,1,,Landed,VN-A538,A21N,passenger
2026-03-01,2026-03-01 10:25,2026-03-01 10:29,Ho Chi Minh City,SGN,Vietjet Air,VJ184,1,,Landed,VN-A698,A321,passenger
2025-12-24,2025-12-24 17:20,2025-12-24 17:48,Hanoi,HAN,Vietjet Air,VJ153,2,,Landed,VN-A549,A21N,passenger
2026-03-01,2026-03-01 10:05,2026-03-01 10:10,Ho Chi Minh City,SGN,Vietnam Airlines,VN208,1,,Landed,VN-A869,B789,passenger
2025-12-24,2025-12-24 17:30,2025-12-24 17:38,Hanoi,HAN,Vietjet Air,VJ175,2,,Landed,VN-A648,A321,passenger
2026-03-01,2026-03-01 09:15,2026-03-01 09:17,Ho Chi Minh City,SGN,Vietravel Airlines,VU774,1,,Landed,VN-A289,A321,passenger
2025-12-24,2025-12-24 17:10,2025-12-24 17:25,Hanoi,HAN,Vietnam Airlines,VN215,2,,Landed,VN-A869,B789,passenger
2026-03-01,2026-03-01 09:20,2026-03-01 09:10,Ho Chi Minh City,SGN,Bamboo Airways,QH204,1,,Landed,VN-A596,A20N,passenger
2026-03-01,2026-03-01 09:05,2026-03-01 09:03,Ho Chi Minh City,SGN,Vietnam Airlines,VN240,1,,Landed,VN-A893,A359,passenger
2025-12-24,2025-12-24 17:40,2025-12-24 17:22,Hanoi,HAN,Vietnam Airlines,VN249,2,,Landed,VN-A873,B78X,passenger
2026-03-01,2026-03-01 07:50,2026-03-01 08:42,Ho Chi Minh City,SGN,Vietjet Air,VJ124,1,,Landed,VN-A812,A333,passenger
2026-03-01,2026-03-01 08:40,2026-03-01 08:30,Ho Chi Minh City,SGN,Sun Phuquoc Airways,9G806,1,,Landed,VN-A280,A321,passenger
2026-03-01,2026-03-01 08:25,2026-03-01 08:12,Ho Chi Minh City,SGN,Vietjet Air,VJ126,1,,Landed,VN-A670,A321,passenger
2026-03-01,2026-03-01 08:05,2026-03-01 07:54,Ho Chi Minh City,SGN,Vietnam Airlines,VN206,1,,Landed,VN-A865,B789,passenger
2026-03-01,2026-03-01 07:55,2026-03-01 07:31,Ho Chi Minh City,SGN,Sun Phuquoc Airways,9G802,1,,Landed,VN-A281,A21N,passenger
2026-03-01,2026-03-01 07:30,2026-03-01 07:03,Ho Chi Minh City,SGN,Vietjet Air,VJ122,1,,Landed,VN-A546,A21N,passenger
2026-01-07,2026-01-08 00:10,2026-01-07 23:53,Hanoi,HAN,Vietnam Airlines,VN267,2,,Landed,VN-A608,A321,passenger
2026-03-01,2026-03-01 07:05,2026-03-01 06:50,Ho Chi Minh City,SGN,Vietnam Airlines,VN6002,1,,Landed,VN-A363,A321,passenger
2026-03-01,2026-03-01 06:58,2026-03-01 06:33,Ho Chi Minh City,SGN,Vietnam Airlines,VN7214,1,,Landed,VN-A399,A321,passenger
2026-01-07,2026-01-07 22:40,2026-01-07 23:47,Hanoi,HAN,Vietnam Airlines,VN265,2,,Landed,VN-A873,B78X,passenger
2026-02-28,2026-03-01 02:00,2026-02-28 06:30,Ho Chi Minh City,SGN,Bamboo Airways,QH282,1,,Landed,JU-1410,A320,passenger
2026-01-07,2026-01-07 23:50,2026-01-07 23:26,Hanoi,HAN,Bamboo Airways,QH281,2,,Landed,ER-00005,A320,passenger
2026-02-28,2026-02-28 23:50,2026-02-28 01:54,Ho Chi Minh City,SGN,Vietnam Airlines,VN7294,1,,Landed,VN-A397,A321,passenger
2026-01-07,2026-01-07 22:15,2026-01-07 23:14,Hanoi,HAN,Vietjet Air,VJ155,2,,Landed,VN-A544,A321,passenger
2026-03-03,2026-03-03 01:05,2026-03-03 00:49,Ho Chi Minh City,SGN,Sun Phuquoc Airways,9G892,1,,Landed,VN-A282,A21N,passenger
2026-01-07,2026-01-07 22:25,2026-01-07 22:50,Hanoi,HAN,Vietravel Airlines,VU787,2,,Landed,VN-A289,A321,passenger
2026-01-07,2026-01-07 22:45,2026-01-07 22:33,Hanoi,HAN,Bamboo Airways,QH273,2,,Landed,VN-A227,A321,passenger
2026-03-02,2026-03-02 23:40,2026-03-02 23:35,Ho Chi Minh City,SGN,Sun Phuquoc Airways,9G882,1,,Landed,VN-A280,A321,passenger
2026-01-07,2026-01-07 22:10,2026-01-07 22:04,Hanoi,HAN,Vietnam Airlines,VN263,2,,Landed,VN-A874,B78X,passenger
2026-03-02,2026-03-02 23:20,2026-03-02 23:12,Ho Chi Minh City,SGN,Vietjet Air,VJ164,1,,Landed,VN-A812,A333,passenger
2026-03-02,2026-03-02 23:05,2026-03-02 23:00,Ho Chi Minh City,SGN,Vietnam Airlines,VN260,1,,Landed,VN-A879,B78X,passenger
2026-03-02,2026-03-02 22:05,2026-03-02 22:27,Ho Chi Minh City,SGN,Vietnam Airlines,VN220,1,,Landed,VN-A878,B78X,passenger
2026-03-02,2026-03-02 22:25,2026-03-02 22:16,Ho Chi Minh City,SGN,Vietjet Air,VJ180,1,,Landed,VN-A816,A333,passenger
2026-01-07,2026-01-07 21:10,2026-01-07 21:09,Hanoi,HAN,Vietnam Airlines,VN219,2,,Landed,VN-A865,B789,passenger
2026-03-02,2026-03-02 22:20,2026-03-02 22:04,Ho Chi Minh City,SGN,Bamboo Airways,QH268,1,,Landed,JU-1410,A320,passenger
2026-01-07,2026-01-07 20:25,2026-01-07 21:02,Hanoi,HAN,Bamboo Airways,QH271,2,,Landed,JU-1410,A320,passenger
2026-03-02,2026-03-02 21:00,2026-03-02 21:54,Ho Chi Minh City,SGN,Vietjet Air,VJ166,1,,Landed,VN-A651,A321,passenger
2026-01-07,2026-01-07 20:40,2026-01-07 20:36,Hanoi,HAN,Vietjet Air,VJ165,2,,Landed,VN-A630,A321,passenger
2026-03-02,2026-03-02 21:40,2026-03-02 21:45,Ho Chi Minh City,SGN,Vietnam Airlines,VN262,1,,Landed,VN-A866,B789,passenger
2026-01-07,2026-01-08 18:10,2026-01-07 20:09,Hanoi,HAN,Vietjet Air,VJ195,2,,Landed,VN-A662,A320,passenger
2026-03-02,2026-03-02 21:15,2026-03-02 21:36,Ho Chi Minh City,SGN,Vietjet Air,VJ160,1,,Landed,VN-A516,A21N,passenger
2026-01-07,2026-01-07 20:10,2026-01-07 20:04,Hanoi,HAN,Vietjet Air,VJ169,2,,Landed,VN-A554,A21N,passenger
2026-03-02,2026-03-02 21:20,2026-03-02 21:27,Ho Chi Minh City,SGN,Vietjet Air,VJ196,1,,Landed,VN-A817,A333,passenger
2026-01-07,2026-01-07 20:10,2026-01-07 20:01,Hanoi,HAN,Vietnam Airlines,VN259,2,,Landed,VN-A353,A321,passenger
2026-03-02,2026-03-02 21:05,2026-03-02 21:09,Ho Chi Minh City,SGN,Vietnam Airlines,VN258,1,,Landed,VN-A889,A359,passenger
2026-01-07,2026-01-07 19:40,2026-01-07 19:27,Hanoi,HAN,Vietnam Airlines,VN257,2,,Landed,VN-A892,A359,passenger
2026-03-02,2026-03-02 20:35,2026-03-02 20:58,Ho Chi Minh City,SGN,Sun Phuquoc Airways,9G868,1,,Landed,VN-A279,A321,passenger
2026-03-02,2026-03-02 20:30,2026-03-02 20:54,Ho Chi Minh City,SGN,Vietjet Air,VJ158,1,,Landed,VN-A640,A321,passenger
2026-01-07,2026-01-07 19:10,2026-01-07 18:59,Hanoi,HAN,Vietnam Airlines,VN217,2,,Landed,VN-A878,B78X,passenger
2026-03-02,2026-03-02 20:10,2026-03-02 20:51,Ho Chi Minh City,SGN,Vietjet Air,VJ154,1,,Landed,VN-A669,A320,passenger
2026-01-07,2026-01-07 18:45,2026-01-07 18:51,Hanoi,HAN,Bamboo Airways,QH255,2,,Landed,PK-BBK,B739,passenger
2026-03-02,2026-03-02 20:05,2026-03-02 20:10,Ho Chi Minh City,SGN,Vietnam Airlines,VN218,1,,Landed,VN-A874,B78X,passenger
2026-01-07,2026-01-07 18:25,2026-01-07 18:28,Hanoi,HAN,Vietravel Airlines,VU779,2,,Landed,9H-MLW,A320,passenger
2026-03-02,2026-03-02 19:45,2026-03-02 19:31,Ho Chi Minh City,SGN,Bamboo Airways,QH262,1,,Landed,VN-A227,A321,passenger
2026-01-07,2026-01-07 17:55,2026-01-07 18:18,Hanoi,HAN,Vietjet Air,VJ199,2,,Landed,VN-A532,A321,passenger
2026-03-02,2026-03-02 19:20,2026-03-02 19:28,Ho Chi Minh City,SGN,Vietravel Airlines,VU780,1,,Landed,VN-A289,A321,passenger
2026-01-07,2026-01-07 18:10,2026-01-07 17:57,Hanoi,HAN,Vietnam Airlines,VN273,2,,Landed,VN-A863,B789,passenger
2026-03-02,2026-03-02 19:05,2026-03-02 18:54,Ho Chi Minh City,SGN,Vietnam Airlines,VN254,1,,Landed,VN-A863,B789,passenger
2026-01-07,2026-01-07 17:50,2026-01-07 17:46,Hanoi,HAN,Vietjet Air,VJ145,2,,Landed,VN-A539,A21N,passenger
2026-03-02,2026-03-02 18:05,2026-03-02 18:09,Ho Chi Minh City,SGN,Vietnam Airlines,VN216,1,,Landed,VN-A886,A359,passenger
2026-01-07,2026-01-07 17:20,2026-01-07 17:48,Hanoi,HAN,Vietjet Air,VJ153,2,,Landed,VN-A639,A321,passenger
2026-03-02,2026-03-02 17:35,2026-03-02 17:30,Ho Chi Minh City,SGN,Vietnam Airlines,VN232,1,,Landed,VN-A865,B789,passenger
2026-03-02,2026-03-02 17:00,2026-03-02 17:10,Ho Chi Minh City,SGN,Vietjet Air,VJ146,1,,Landed,VN-A812,A333,passenger
2026-03-02,2026-03-02 16:50,2026-03-02 17:07,Ho Chi Minh City,SGN,Vietjet Air,VJ134,1,,Landed,LY-MLI,A320,passenger
2026-01-07,2026-01-07 17:10,2026-01-07 17:19,Hanoi,HAN,Vietnam Airlines,VN215,2,,Landed,VN-A889,A359,passenger
2026-03-02,2026-03-02 17:05,2026-03-02 16:59,Ho Chi Minh City,SGN,Vietnam Airlines,VN250,1,,Landed,VN-A879,B78X,passenger
2026-01-07,2026-01-07 16:45,2026-01-07 16:46,Hanoi,HAN,Flyone,QH241,2,,Landed,ER-00005,A320,passenger
2026-03-02,2026-03-02 16:05,2026-03-02 16:56,Ho Chi Minh City,SGN,Vietnam Airlines,VN214,1,,Landed,VN-A872,B78X,passenger
2026-03-02,2026-03-02 16:45,2026-03-02 16:35,Ho Chi Minh City,SGN,Vietjet Air,VJ130,1,,Landed,VN-A525,A21N,passenger
2026-01-07,2026-01-07 16:10,2026-01-07 16:33,Hanoi,HAN,Vietnam Airlines,VN253,2,,Landed,VN-A888,A359,passenger
2026-03-02,2026-03-02 16:00,2026-03-02 16:06,Ho Chi Minh City,SGN,Vietravel Airlines,VU770,1,,Landed,VN-A129,A321,passenger
2026-03-02,2026-03-02 15:10,2026-03-02 15:51,Ho Chi Minh City,SGN,Vietjet Air,VJ198,1,,Landed,VN-A651,A321,passenger
2026-01-07,2026-01-07 16:10,2026-01-07 16:32,Hanoi,HAN,Vietjet Air,VJ151,2,,Landed,LY-NVE,A320,passenger
2026-03-02,2026-03-02 15:05,2026-03-02 15:15,Ho Chi Minh City,SGN,Vietnam Airlines,VN248,1,,Landed,VN-A861,B789,passenger
2026-01-07,2026-01-07 15:45,2026-01-07 15:45,Hanoi,HAN,Vietjet Air,VJ143,2,,Landed,VN-A646,A21N,passenger
2026-03-02,2026-03-02 14:05,2026-03-02 15:02,Ho Chi Minh City,SGN,Vietnam Airlines,VN212,1,,Landed,VN-A894,A359,passenger
2026-03-02,2026-03-03 12:10,2026-03-02 14:56,Ho Chi Minh City,SGN,Vietnam Airlines,VN7014,1,,Landed,VN-A327,A321,passenger
2026-01-07,2026-01-07 14:10,2026-01-07 15:39,Hanoi,HAN,Vietnam Airlines,VN251,2,,Landed,VN-A898,A359,passenger
2026-03-02,2026-03-02 14:30,2026-03-02 14:35,Ho Chi Minh City,SGN,Sun Phuquoc Airways,9G838,1,,Landed,VN-A279,A321,passenger
2026-01-07,2026-01-07 15:10,2026-01-07 15:36,Hanoi,HAN,Vietnam Airlines,VN213,2,,Landed,VN-A331,A321,passenger
2026-03-02,2026-03-02 13:25,2026-03-02 14:26,Ho Chi Minh City,SGN,Vietjet Air,VJ188,1,,Landed,LY-NVE,A320,passenger
2026-03-02,2026-03-02 14:10,2026-03-02 14:09,Ho Chi Minh City,SGN,Vietjet Air,VJ144,1,,Landed,VN-A697,A21N,passenger
2026-01-07,2026-01-07 13:50,2026-01-07 14:13,Hanoi,HAN,Vietjet Air,VJ137,2,,Landed,VN-A640,A321,passenger
2026-03-02,2026-03-02 13:05,2026-03-02 13:13,Ho Chi Minh City,SGN,Vietnam Airlines,VN246,1,,Landed,VN-A617,A21N,passenger
2026-03-02,2026-03-02 11:05,2026-03-02 12:36,Ho Chi Minh City,SGN,Vietnam Airlines,VN244,1,,Landed,VN-A891,A359,passenger
2026-01-07,2026-01-07 13:20,2026-01-07 13:46,Hanoi,HAN,Vietjet Air,VJ135,2,,Landed,VN-A526,A21N,passenger
2026-03-02,2026-03-02 12:10,2026-03-02 12:32,Ho Chi Minh City,SGN,Vietjet Air,VJ128,1,,Landed,VN-A816,A333,passenger
2026-01-07,2026-01-07 13:50,2026-01-07 13:38,Hanoi,HAN,Vietjet Air,VJ133,2,,Landed,VN-A815,A333,passenger
2026-03-02,2026-03-02 12:30,2026-03-02 12:27,Ho Chi Minh City,SGN,Bamboo Airways,QH224,1,,Landed,JU-1410,A320,passenger
2026-01-07,2026-01-07 12:10,2026-01-07 13:11,Hanoi,HAN,Vietnam Airlines,VN247,2,,Landed,VN-A324,A321,passenger
2026-03-02,2026-03-02 12:05,2026-03-02 11:59,Ho Chi Minh City,SGN,Vietnam Airlines,VN210,1,,Landed,VN-A886,A359,passenger
2026-03-02,2026-03-02 11:35,2026-03-02 11:50,Ho Chi Minh City,SGN,Vietnam Airlines,VN7044,1,,Landed,VN-A501,A21N,passenger
2026-01-07,2026-01-07 13:10,2026-01-07 12:59,Hanoi,HAN,Vietnam Airlines,VN211,2,,Landed,VN-A892,A359,passenger
2026-03-02,2026-03-02 11:35,2026-03-02 11:24,Ho Chi Minh City,SGN,Sun Phuquoc Airways,9G822,1,,Landed,VN-A280,A321,passenger
2026-01-07,2026-01-07 13:05,2026-01-07 12:56,Hanoi,HAN,Vietravel Airlines,VU771,2,,Landed,VN-A129,A321,passenger
2026-03-02,2026-03-02 10:25,2026-03-02 10:37,Ho Chi Minh City,SGN,Vietjet Air,VJ184,1,,Landed,VN-A632,A321,passenger
2026-01-07,2026-01-07 10:50,2026-01-07 12:37,Hanoi,HAN,Vietjet Air,VJ125,2,,Landed,VN-A544,A321,passenger
2026-03-02,2026-03-02 10:05,2026-03-02 09:52,Ho Chi Minh City,SGN,Vietnam Airlines,VN208,1,,Landed,VN-A863,B789,passenger
2026-01-07,2026-01-07 12:10,2026-01-07 12:27,Hanoi,HAN,Vietjet Air,VJ149,2,,Landed,LY-MLI,A320,passenger
2026-03-02,2026-03-02 09:30,2026-03-02 09:38,Ho Chi Minh City,SGN,Vietjet Air,VJ148,1,,Landed,LY-NVG,A320,passenger
2026-01-07,2026-01-07 12:20,2026-01-07 12:17,Hanoi,HAN,Vietravel Airlines,VU775,2,,Landed,9H-MLW,A320,passenger
2026-03-02,2026-03-02 09:40,2026-03-02 09:25,Ho Chi Minh City,SGN,Sun Phuquoc Airways,9G808,1,,Landed,VN-A284,A21N,passenger
2026-01-07,2026-01-07 12:25,2026-01-07 12:21,Hanoi,HAN,Bamboo Airways,QH211,2,,Landed,PK-BBK,B739,passenger
2026-03-02,2026-03-02 09:05,2026-03-02 09:09,Ho Chi Minh City,SGN,Vietnam Airlines,VN240,1,,Landed,VN-A861,B789,passenger
2026-03-02,2026-03-02 09:12,2026-03-02 08:42,Ho Chi Minh City,SGN,Vietnam Airlines,VN7032,1,,Landed,VN-A894,A359,passenger
2026-03-02,2026-03-02 08:40,2026-03-02 08:30,Ho Chi Minh City,SGN,Sun Phuquoc Airways,9G806,1,,Landed,VN-A279,A321,passenger
2026-01-07,2026-01-07 11:10,2026-01-07 11:05,Hanoi,HAN,Vietnam Airlines,VN209,2,,Landed,VN-A890,A359,passenger
2026-03-02,2026-03-02 08:25,2026-03-02 08:21,Ho Chi Minh City,SGN,Vietjet Air,VJ126,1,,Landed,VN-A547,A21N,passenger
2026-03-02,2026-03-02 08:05,2026-03-02 08:00,Ho Chi Minh City,SGN,Vietnam Airlines,VN206,1,,Landed,VN-A603,A321,passenger
2026-01-07,2026-01-07 11:05,2026-01-07 11:03,Hanoi,HAN,Vietravel Airlines,VU751,2,,Landed,VN-A289,A321,passenger
2026-03-02,2026-03-02 07:55,2026-03-02 07:41,Ho Chi Minh City,SGN,Vietravel Airlines,VU750,1,,Landed,VN-A289,A321,passenger
2026-01-07,2026-01-07 10:50,2026-01-07 10:40,Hanoi,HAN,Vietjet Air,VJ121,2,,Landed,VN-A814,A333,passenger
2026-03-02,2026-03-02 06:35,2026-03-02 06:11,Ho Chi Minh City,SGN,Vietnam Airlines,VN7218,1,,Landed,VN-A336,A321,passenger
2026-01-07,2026-01-07 09:10,2026-01-07 09:23,Hanoi,HAN,Vietnam Airlines,VN207,2,,Landed,VN-A898,A359,passenger
2026-03-04,2026-03-04 01:35,2026-03-04 01:25,Ho Chi Minh City,SGN,Sun Phuquoc Airways,9G892,1,,Landed,VN-A279,A321,passenger
2026-01-07,2026-01-07 09:05,2026-01-07 09:05,Hanoi,HAN,Vietnam Airlines,VN7229,2,,Landed,VN-A323,A321,passenger
2026-03-03,2026-03-03 23:40,2026-03-03 23:40,Ho Chi Minh City,SGN,Sun Phuquoc Airways,9G882,1,,Landed,VN-A909,A20N,passenger
2026-01-07,2026-01-07 09:05,2026-01-07 09:03,Hanoi,HAN,Vietnam Airlines,VN7045,2,,Landed,VN-A508,A21N,passenger
2026-03-03,2026-03-03 23:05,2026-03-03 23:17,Ho Chi Minh City,SGN,Vietnam Airlines,VN260,1,,Landed,VN-A873,B78X,passenger
2026-03-03,2026-03-03 23:10,2026-03-03 23:02,Ho Chi Minh City,SGN,Vietjet Air,VJ156,1,,Landed,VN-A636,A321,passenger
2026-01-07,2026-01-07 09:20,2026-01-07 08:54,Hanoi,HAN,Bamboo Airways,QH203,2,,Landed,VN-A585,A321,passenger
2026-03-03,2026-03-03 22:05,2026-03-03 22:17,Ho Chi Minh City,SGN,Vietnam Airlines,VN220,1,,Landed,VN-A867,B789,passenger
2026-01-07,2026-01-07 09:00,2026-01-07 08:49,Hanoi,HAN,Vietjet Air,VJ167,2,,Landed,VN-A812,A333,passenger
2026-03-03,2026-03-03 21:40,2026-03-03 21:44,Ho Chi Minh City,SGN,Vietnam Airlines,VN262,1,,Landed,VN-A886,A359,passenger
2026-01-07,2026-01-07 08:55,2026-01-07 08:37,Hanoi,HAN,Vietjet Air,VJ181,2,,Landed,VN-A632,A321,passenger
2026-03-03,2026-03-03 21:05,2026-03-03 20:56,Ho Chi Minh City,SGN,Vietnam Airlines,VN258,1,,Landed,VN-A879,B78X,passenger
2026-03-03,2026-03-03 20:30,2026-03-03 20:16,Ho Chi Minh City,SGN,Vietjet Air,VJ158,1,,Landed,VN-A500,A21N,passenger
2026-03-03,2026-03-03 20:05,2026-03-03 20:11,Ho Chi Minh City,SGN,Vietnam Airlines,VN218,1,,Landed,VN-A869,B789,passenger
2026-03-03,2026-03-03 18:55,2026-03-03 19:43,Ho Chi Minh City,SGN,Vietjet Air,VJ172,1,,Landed,VN-A811,A333,passenger
2026-01-07,2026-01-07 08:10,2026-01-07 07:51,Hanoi,HAN,Vietnam Airlines,VN243,2,,Landed,VN-A332,A321,passenger
2026-03-03,2026-03-03 19:15,2026-03-03 19:40,Ho Chi Minh City,SGN,Vietjet Air,VJ152,1,,Landed,VN-A525,A21N,passenger
2026-01-07,2026-01-07 07:10,2026-01-07 07:11,Hanoi,HAN,Vietjet Air,VJ179,2,,Landed,VN-A639,A321,passenger
2026-03-03,2026-03-03 19:05,2026-03-03 19:08,Ho Chi Minh City,SGN,Vietnam Airlines,VN254,1,,Landed,VN-A874,B78X,passenger
2026-01-07,2026-01-07 07:20,2026-01-07 07:01,Hanoi,HAN,Vietjet Air,VJ185,2,,Landed,VN-A635,A321,passenger
2026-03-03,2026-03-03 18:05,2026-03-03 18:15,Ho Chi Minh City,SGN,Vietnam Airlines,VN216,1,,Landed,VN-A868,B789,passenger
2026-03-03,2026-03-03 18:00,2026-03-03 17:53,Ho Chi Minh City,SGN,Vietjet Air,VJ192,1,,Landed,VN-A815,A333,passenger
2026-01-07,2026-01-07 07:10,2026-01-07 06:48,Hanoi,HAN,Vietnam Airlines,VN205,2,,Landed,VN-A325,A321,passenger
2026-03-03,2026-03-03 17:35,2026-03-03 17:23,Ho Chi Minh City,SGN,Vietnam Airlines,VN232,1,,Landed,VN-A877,B78X,passenger
2026-01-12,2026-01-12 09:05,2026-01-12 08:46,Hanoi,HAN,Vietnam Airlines,VN7045,2,,Landed,VN-A357,A321,passenger
2026-03-03,2026-03-03 16:50,2026-03-03 17:19,Ho Chi Minh City,SGN,Vietjet Air,VJ134,1,,Landed,LY-MLI,A320,passenger
2026-03-03,2026-03-03 17:05,2026-03-03 16:47,Ho Chi Minh City,SGN,Vietnam Airlines,VN250,1,,Landed,VN-A872,B78X,passenger
2026-01-14,2026-01-15 00:10,2026-01-14 23:59,Hanoi,HAN,Vietnam Airlines,VN267,2,,Landed,VN-A611,A321,passenger
2026-03-03,2026-03-03 16:45,2026-03-03 16:38,Ho Chi Minh City,SGN,Vietjet Air,VJ130,1,,Landed,VN-A816,A333,passenger
2026-03-03,2026-03-03 15:05,2026-03-03 15:10,Ho Chi Minh City,SGN,Vietnam Airlines,VN248,1,,Landed,VN-A867,B789,passenger
2026-01-21,2026-01-21 20:45,2026-01-21 20:47,Hanoi,HAN,Sun Phuquoc Airways,9G869,2,,Landed,VN-A280,A321,passenger
2026-03-03,2026-03-03 15:10,2026-03-03 15:06,Ho Chi Minh City,SGN,Vietjet Air,VJ198,1,,Landed,VN-A647,A321,passenger
2026-03-03,2026-03-03 14:30,2026-03-03 14:56,Ho Chi Minh City,SGN,Sun Phuquoc Airways,9G838,1,,Landed,VN-A280,A321,passenger
2026-01-21,2026-01-21 20:25,2026-01-21 20:21,Hanoi,HAN,Bamboo Airways,QH271,2,,Landed,JU-1410,A320,passenger
2026-03-03,2026-03-03 14:40,2026-03-03 14:45,Ho Chi Minh City,SGN,Vietjet Air,VJ138,1,,Landed,VN-A635,A321,passenger
2026-01-21,2026-01-21 20:10,2026-01-21 20:02,Hanoi,HAN,Vietnam Airlines,VN259,2,,Landed,VN-A872,B78X,passenger
2026-03-03,2026-03-03 14:05,2026-03-03 14:12,Ho Chi Minh City,SGN,Vietnam Airlines,VN212,1,,Landed,VN-A897,A359,passenger
2026-01-23,2026-01-23 09:05,2026-01-23 08:54,Hanoi,HAN,Vietnam Airlines,VN7045,2,,Landed,VN-A356,A321,passenger
2026-03-03,2026-03-03 14:10,2026-03-03 14:20,Ho Chi Minh City,SGN,Vietjet Air,VJ144,1,,Landed,VN-A639,A321,passenger
2026-01-23,2026-01-23 07:20,2026-01-23 07:04,Hanoi,HAN,Vietjet Air,VJ185,2,,Landed,VN-A676,A320,passenger
2026-03-03,2026-03-03 14:11,2026-03-03 13:49,Ho Chi Minh City,SGN,Vietnam Airlines,VN7242,1,,Landed,VN-A338,A321,passenger
2026-03-03,2026-03-03 13:05,2026-03-03 13:21,Ho Chi Minh City,SGN,Vietnam Airlines,VN246,1,,Landed,VN-A893,A359,passenger
2026-01-23,2026-01-23 07:10,2026-01-23 06:52,Hanoi,HAN,Vietnam Airlines,VN205,2,,Landed,VN-A353,A321,passenger
2026-03-03,2026-03-03 12:05,2026-03-03 12:10,Ho Chi Minh City,SGN,Vietnam Airlines,VN210,1,,Landed,VN-A886,A359,passenger
2026-01-28,2026-01-28 22:15,2026-01-28 22:39,Hanoi,HAN,Vietjet Air,VJ155,2,,Landed,VN-A636,A321,passenger
2026-03-03,2026-03-03 11:40,2026-03-03 11:40,Ho Chi Minh City,SGN,Vietjet Air,VJ186,1,,Landed,VN-A815,A333,passenger
2026-02-04,2026-02-04 18:45,2026-02-04 19:15,Hanoi,HAN,Bamboo Airways,QH255,2,,Landed,VN-A596,A20N,passenger
2026-03-03,2026-03-03 11:35,2026-03-03 11:32,Ho Chi Minh City,SGN,Sun Phuquoc Airways,9G822,1,,Landed,VN-A279,A321,passenger
2026-02-04,2026-02-04 16:35,2026-02-04 16:57,Hanoi,HAN,Vietnam Airlines,VN7015,2,,Landed,VN-A353,A321,passenger
2026-03-03,2026-03-03 11:05,2026-03-03 11:14,Ho Chi Minh City,SGN,Vietnam Airlines,VN244,1,,Landed,VN-A868,B789,passenger
2026-03-03,2026-03-03 10:40,2026-03-03 10:27,Ho Chi Minh City,SGN,Vietjet Air,VJ136,1,,Landed,VN-A653,A21N,passenger
2026-02-06,2026-02-06 19:20,2026-02-06 20:17,Hanoi,HAN,Vietjet Air,VJ147,2,,Landed,VN-A641,A321,passenger
2026-03-03,2026-03-03 10:25,2026-03-03 10:19,Ho Chi Minh City,SGN,Vietjet Air,VJ184,1,,Landed,VN-A816,A333,passenger
2026-02-07,2026-02-07 22:49,2026-02-07 22:49,Hanoi,HAN,Vietnam Airlines,VN7051,2,,Landed,VN-A514,A20N,passenger
2026-03-03,2026-03-03 10:05,2026-03-03 10:00,Ho Chi Minh City,SGN,Vietnam Airlines,VN208,1,,Landed,VN-A329,A321,passenger
2026-03-03,2026-03-03 09:05,2026-03-03 08:58,Ho Chi Minh City,SGN,Vietnam Airlines,VN240,1,,Landed,VN-A899,A359,passenger
2026-02-10,2026-02-10 07:00,2026-02-10 07:00,Hanoi,HAN,Vietjet Air,VJ185,2,,Landed,VN-A500,A21N,passenger
2026-03-03,2026-03-03 08:25,2026-03-03 08:42,Ho Chi Minh City,SGN,Vietjet Air,VJ126,1,,Landed,VN-A525,A21N,passenger
2026-03-03,2026-03-03 08:05,2026-03-03 08:06,Ho Chi Minh City,SGN,Vietnam Airlines,VN206,1,,Landed,VN-A897,A359,passenger
2026-03-03,2026-03-03 07:30,2026-03-03 07:49,Ho Chi Minh City,SGN,Vietjet Air,VJ122,1,,Landed,VN-A607,A21N,passenger
2026-02-11,2026-02-11 05:58,2026-02-11 05:58,Hanoi,HAN,Vietjet Air,VJ1121,2,,Landed,VN-A580,A21N,passenger
2026-03-03,2026-03-03 06:35,2026-03-03 06:18,Ho Chi Minh City,SGN,Vietnam Airlines,VN7218,1,,Landed,VN-A515,A20N,passenger
2026-02-11,2026-02-11 05:04,2026-02-11 05:04,Hanoi,HAN,Sun Phuquoc Airways,9G8803,2,,Landed,VN-A280,A321,passenger
2026-03-04,2026-03-04 23:05,2026-03-04 23:01,Ho Chi Minh City,SGN,Vietnam Airlines,VN260,1,,Landed,VN-A874,B78X,passenger
2026-03-04,2026-03-04 21:45,2026-03-04 21:52,Ho Chi Minh City,SGN,Bamboo Airways,QH268,1,,Landed,ER-00005,A320,passenger
2026-03-04,2026-03-04 21:40,2026-03-04 21:35,Ho Chi Minh City,SGN,Vietnam Airlines,VN262,1,,Landed,VN-A879,B78X,passenger
2026-03-04,2026-03-04 21:05,2026-03-04 21:33,Ho Chi Minh City,SGN,Vietnam Airlines,VN258,1,,Landed,VN-A863,B789,passenger
2026-03-04,2026-03-04 20:20,2026-03-04 21:25,Ho Chi Minh City,SGN,Vietnam Airlines,VN7048,1,,Landed,VN-A505,A21N,passenger
2026-03-04,2026-03-04 21:15,2026-03-04 21:07,Ho Chi Minh City,SGN,Vietjet Air,VJ160,1,,Landed,VN-A670,A321,passenger
2026-03-04,2026-03-04 20:10,2026-03-04 20:52,Ho Chi Minh City,SGN,Vietjet Air,VJ154,1,,Landed,VN-A650,A320,passenger
2026-03-04,2026-03-04 20:05,2026-03-04 19:53,Ho Chi Minh City,SGN,Vietnam Airlines,VN218,1,,Landed,VN-A872,B78X,passenger
2026-03-04,2026-03-04 19:05,2026-03-04 19:15,Ho Chi Minh City,SGN,Vietnam Airlines,VN254,1,,Landed,VN-A895,A359,passenger
2026-03-04,2026-03-04 19:20,2026-03-04 19:17,Ho Chi Minh City,SGN,Vietravel Airlines,VU780,1,,Landed,VN-A289,A321,passenger
2026-02-12,2026-02-12 05:14,2026-02-12 05:14,Hanoi,HAN,Sun Phuquoc Airways,9G8803,2,,Landed,VN-A279,A321,passenger
2026-03-04,2026-03-04 16:50,2026-03-04 18:25,Ho Chi Minh City,SGN,Vietjet Air,VJ134,1,,Landed,LY-MLI,A320,passenger
2026-03-04,2026-03-04 18:05,2026-03-04 17:50,Ho Chi Minh City,SGN,Vietnam Airlines,VN216,1,,Landed,VN-A878,B78X,passenger
2026-03-04,2026-03-04 17:35,2026-03-04 17:43,Ho Chi Minh City,SGN,Vietnam Airlines,VN232,1,,Landed,VN-A889,A359,passenger
2026-03-04,2026-03-04 17:45,2026-03-04 17:34,Ho Chi Minh City,SGN,Sun Phuquoc Airways,9G854,1,,Landed,VN-A279,A321,passenger
2026-03-04,2026-03-04 17:30,2026-03-04 17:32,Ho Chi Minh City,SGN,Vietjet Air,VJ194,1,,Landed,VN-A649,A321,passenger
2026-03-04,2026-03-04 17:05,2026-03-04 16:45,Ho Chi Minh City,SGN,Vietnam Airlines,VN250,1,,Landed,VN-A877,B78X,passenger
2026-03-04,2026-03-04 17:00,2026-03-04 16:50,Ho Chi Minh City,SGN,Vietjet Air,VJ146,1,,Landed,VN-A817,A333,passenger
2026-03-04,2026-03-04 16:05,2026-03-04 16:04,Ho Chi Minh City,SGN,Vietnam Airlines,VN214,1,,Landed,VN-A869,B789,passenger
2026-02-13,2026-02-13 07:15,2026-02-13 07:15,Hanoi,HAN,Vietjet Air,VJ1123,2,,Landed,VN-A671,A320,passenger
2026-03-04,2026-03-04 15:35,2026-03-04 15:59,Ho Chi Minh City,SGN,Vietravel Airlines,VU770,1,,Landed,VN-A129,A321,passenger
2026-02-13,2026-02-13 07:05,2026-02-13 07:05,Hanoi,HAN,Sun Phuquoc Airways,9G8803,2,,Landed,VN-A279,A321,passenger
2026-02-13,2026-02-13 06:20,2026-02-13 06:20,Hanoi,HAN,Vietnam Airlines,VN7295,2,,Landed,VN-A618,A21N,passenger
2026-03-04,2026-03-04 15:25,2026-03-04 15:36,Ho Chi Minh City,SGN,Bamboo Airways,QH242,1,,Landed,ER-00005,A320,passenger
2026-03-04,2026-03-04 15:10,2026-03-04 15:27,Ho Chi Minh City,SGN,Vietjet Air,VJ198,1,,Landed,VN-A544,A321,passenger
2026-03-04,2026-03-05 13:25,2026-03-04 15:21,Ho Chi Minh City,SGN,Vietjet Air,VJ188,1,,Landed,LY-NVE,A320,passenger
2026-03-04,2026-03-04 15:05,2026-03-04 15:01,Ho Chi Minh City,SGN,Vietnam Airlines,VN248,1,,Landed,VN-A863,B789,passenger
2026-03-04,2026-03-04 14:40,2026-03-04 15:03,Ho Chi Minh City,SGN,Vietjet Air,VJ138,1,,Landed,VN-A524,A21N,passenger
2026-02-14,2026-02-14 19:34,2026-02-14 19:34,Hanoi,HAN,Vietnam Airlines,VN7221,2,,Landed,VN-A514,A20N,passenger
2026-03-04,2026-03-04 14:10,2026-03-04 14:28,Ho Chi Minh City,SGN,Vietjet Air,VJ144,1,,Landed,VN-A670,A321,passenger
2026-03-04,2026-03-04 13:05,2026-03-04 14:14,Ho Chi Minh City,SGN,Vietnam Airlines,VN246,1,,Landed,VN-A865,B789,passenger
2026-02-14,2026-02-15 10:50,2026-02-14 14:13,Hanoi,HAN,Vietjet Air,VJ125,2,,Landed,VN-A810,A333,passenger
2026-03-04,2026-03-04 14:25,2026-03-04 14:04,Ho Chi Minh City,SGN,Vietnam Airlines,VN7046,1,,Landed,VN-A393,A321,passenger
2026-03-04,2026-03-04 12:05,2026-03-04 12:42,Ho Chi Minh City,SGN,Vietnam Airlines,VN210,1,,Landed,VN-A895,A359,passenger
2026-03-04,2026-03-04 10:05,2026-03-04 09:53,Ho Chi Minh City,SGN,Vietnam Airlines,VN208,1,,Landed,VN-A861,B789,passenger
2026-02-14,2026-02-14 06:39,2026-02-14 06:39,Hanoi,HAN,Vietjet Air,VJ1123,2,,Landed,VN-A685,A321,passenger
2026-03-04,2026-03-04 09:20,2026-03-04 09:12,Ho Chi Minh City,SGN,Bamboo Airways,QH204,1,,Landed,ER-00005,A320,passenger
2026-03-04,2026-03-04 09:00,2026-03-04 08:49,Ho Chi Minh City,SGN,Vietjet Air,VJ176,1,,Landed,VN-A683,A321,passenger
2026-03-04,2026-03-04 08:05,2026-03-04 08:02,Ho Chi Minh City,SGN,Vietnam Airlines,VN206,1,,Landed,VN-A865,B789,passenger
2026-03-05,2026-03-05 22:35,2026-03-05 22:40,Ho Chi Minh City,SGN,Vietnam Airlines,VN256,1,,Landed,VN-A877,B78X,passenger
2026-03-05,2026-03-05 22:20,2026-03-05 22:16,Ho Chi Minh City,SGN,Bamboo Airways,QH268,1,,Landed,JU-1410,A320,passenger
2026-03-05,2026-03-05 21:40,2026-03-05 21:35,Ho Chi Minh City,SGN,Vietnam Airlines,VN262,1,,Landed,VN-A890,A359,passenger
2026-03-05,2026-03-05 21:00,2026-03-05 20:54,Ho Chi Minh City,SGN,Sun Phuquoc Airways,9G868,1,,Landed,VN-A284,A21N,passenger
2026-02-15,2026-02-16 13:50,2026-02-15 17:41,Hanoi,HAN,Vietjet Air,VJ137,2,,Landed,VN-A693,A21N,passenger
2026-03-05,2026-03-05 20:05,2026-03-05 20:28,Ho Chi Minh City,SGN,Vietnam Airlines,VN218,1,,Landed,VN-A874,B78X,passenger
2026-03-05,2026-03-05 19:05,2026-03-05 19:04,Ho Chi Minh City,SGN,Vietnam Airlines,VN254,1,,Landed,VN-A866,B789,passenger
2026-03-05,2026-03-05 17:30,2026-03-05 18:35,Ho Chi Minh City,SGN,Vietjet Air,VJ194,1,,Landed,VN-A670,A321,passenger
2026-03-05,2026-03-05 18:05,2026-03-05 18:17,Ho Chi Minh City,SGN,Vietnam Airlines,VN216,1,,Landed,VN-A873,B78X,passenger
2026-03-05,2026-03-05 17:35,2026-03-05 17:48,Ho Chi Minh City,SGN,Vietnam Airlines,VN232,1,,Landed,VN-A872,B78X,passenger
2026-03-05,2026-03-05 17:45,2026-03-05 17:37,Ho Chi Minh City,SGN,Sun Phuquoc Airways,9G854,1,,Landed,VN-A279,A321,passenger
2026-03-05,2026-03-05 16:50,2026-03-05 17:34,Ho Chi Minh City,SGN,Vietjet Air,VJ134,1,,Landed,LY-MLI,A320,passenger
2026-03-05,2026-03-05 17:05,2026-03-05 17:09,Ho Chi Minh City,SGN,Vietnam Airlines,VN250,1,,Landed,VN-A878,B78X,passenger
2026-02-18,2026-02-19 16:10,2026-02-18 19:17,Hanoi,HAN,Vietjet Air,VJ151,2,,Landed,LY-NVE,A320,passenger
2026-03-05,2026-03-06 10:05,2026-03-05 16:05,Ho Chi Minh City,SGN,Vietnam Airlines,VN208,1,,Landed,VN-A869,B789,passenger
2026-03-05,2026-03-05 16:05,2026-03-05 15:38,Ho Chi Minh City,SGN,Vietnam Airlines,VN214,1,,Landed,VN-A868,B789,passenger
2026-03-05,2026-03-05 15:35,2026-03-05 15:42,Ho Chi Minh City,SGN,Vietravel Airlines,VU770,1,,Landed,VN-A136,A320,passenger
2026-03-05,2026-03-05 15:25,2026-03-05 15:31,Ho Chi Minh City,SGN,Bamboo Airways,QH242,1,,Landed,ER-00005,A320,passenger
2026-03-05,2026-03-05 14:05,2026-03-05 14:44,Ho Chi Minh City,SGN,Vietnam Airlines,VN212,1,,Landed,VN-A610,A321,passenger
2026-03-05,2026-03-05 13:05,2026-03-05 13:01,Ho Chi Minh City,SGN,Vietnam Airlines,VN246,1,,Landed,VN-A870,B789,passenger
2026-03-05,2026-03-05 12:05,2026-03-05 12:02,Ho Chi Minh City,SGN,Vietnam Airlines,VN210,1,,Landed,VN-A866,B789,passenger
2026-03-05,2026-03-05 11:55,2026-03-05 11:35,Ho Chi Minh City,SGN,Vietnam Airlines,VN7044,1,,Landed,VN-A395,A321,passenger
2026-02-19,2026-02-19 20:20,2026-02-19 20:33,Hanoi,HAN,Vietjet Air,VJ193,2,,Landed,VN-A674,A21N,passenger
2026-03-05,2026-03-05 11:05,2026-03-05 11:10,Ho Chi Minh City,SGN,Vietnam Airlines,VN244,1,,Landed,VN-A890,A359,passenger
2026-03-05,2026-03-05 10:40,2026-03-05 10:32,Ho Chi Minh City,SGN,Vietjet Air,VJ136,1,,Landed,VN-A655,A320,passenger
2026-03-05,2026-03-05 08:20,2026-03-05 08:11,Ho Chi Minh City,SGN,Vietnam Airlines,VN7042,1,,Landed,VN-A336,A321,passenger
2026-03-05,2026-03-05 07:55,2026-03-05 08:02,Ho Chi Minh City,SGN,Vietravel Airlines,VU750,1,,Landed,VN-A289,A321,passenger
2026-03-05,2026-03-05 08:05,2026-03-05 07:50,Ho Chi Minh City,SGN,Vietnam Airlines,VN206,1,,Landed,VN-A326,A321,passenger
2026-03-05,2026-03-05 07:50,2026-03-05 07:46,Ho Chi Minh City,SGN,Vietjet Air,VJ124,1,,Landed,VN-A667,A321,passenger
2026-03-05,2026-03-05 07:55,2026-03-05 07:31,Ho Chi Minh City,SGN,Sun Phuquoc Airways,9G802,1,,Landed,VN-A281,A21N,passenger
2026-03-06,2026-03-07 00:05,2026-03-06 23:56,Ho Chi Minh City,SGN,Vietnam Airlines,VN224,1,,Landed,VN-A397,A321,passenger
2026-03-06,2026-03-06 21:20,2026-03-06 22:26,Ho Chi Minh City,SGN,Vietjet Air,VJ196,1,,Landed,VN-A683,A321,passenger
2026-03-06,2026-03-06 21:40,2026-03-06 22:04,Ho Chi Minh City,SGN,Vietnam Airlines,VN262,1,,Landed,VN-A878,B78X,passenger
2026-03-06,2026-03-06 21:05,2026-03-06 21:45,Ho Chi Minh City,SGN,Vietnam Airlines,VN258,1,,Landed,VN-A879,B78X,passenger
2026-03-06,2026-03-06 21:15,2026-03-06 21:21,Ho Chi Minh City,SGN,Vietjet Air,VJ160,1,,Landed,VN-A642,A321,passenger
2026-03-06,2026-03-06 20:20,2026-03-06 19:56,Ho Chi Minh City,SGN,Vietnam Airlines,VN7048,1,,Landed,VN-A618,A21N,passenger
2026-03-06,2026-03-06 19:05,2026-03-06 19:36,Ho Chi Minh City,SGN,Vietnam Airlines,VN254,1,,Landed,VN-A869,B789,passenger
2026-03-06,2026-03-06 18:45,2026-03-06 18:38,Ho Chi Minh City,SGN,Vietnam Airlines,VN252,1,,Landed,VN-A873,B78X,passenger
2026-03-06,2026-03-06 18:05,2026-03-06 18:07,Ho Chi Minh City,SGN,Vietnam Airlines,VN216,1,,Landed,VN-A872,B78X,passenger
2026-03-06,2026-03-06 17:30,2026-03-06 17:54,Ho Chi Minh City,SGN,Vietjet Air,VJ194,1,,Landed,VN-A552,A21N,passenger
2026-03-06,2026-03-06 17:45,2026-03-06 17:47,Ho Chi Minh City,SGN,Sun Phuquoc Airways,9G854,1,,Landed,VN-A279,A321,passenger
2026-03-06,2026-03-06 17:35,2026-03-06 17:32,Ho Chi Minh City,SGN,Vietnam Airlines,VN232,1,,Landed,VN-A874,B78X,passenger
2026-03-06,2026-03-06 16:55,2026-03-06 17:05,Ho Chi Minh City,SGN,Bamboo Airways,QH240,1,,Landed,VN-A585,A321,passenger
2026-03-06,2026-03-06 17:05,2026-03-06 16:56,Ho Chi Minh City,SGN,Vietnam Airlines,VN250,1,,Landed,VN-A862,B789,passenger
2026-03-06,2026-03-06 16:05,2026-03-06 16:19,Ho Chi Minh City,SGN,Vietnam Airlines,VN214,1,,Landed,VN-A892,A359,passenger
2026-03-06,2026-03-06 15:05,2026-03-06 15:25,Ho Chi Minh City,SGN,Vietnam Airlines,VN248,1,,Landed,VN-A865,B789,passenger
2026-03-06,2026-03-06 15:25,2026-03-06 15:21,Ho Chi Minh City,SGN,Bamboo Airways,QH242,1,,Landed,ER-00005,A320,passenger
2026-03-06,2026-03-06 14:40,2026-03-06 15:00,Ho Chi Minh City,SGN,Vietjet Air,VJ138,1,,Landed,VN-A657,A321,passenger
2026-03-06,2026-03-06 14:40,2026-03-06 14:58,Ho Chi Minh City,SGN,Sun Phuquoc Airways,9G838,1,,Landed,VN-A280,A321,passenger
2026-03-06,2026-03-06 14:30,2026-03-06 14:39,Ho Chi Minh City,SGN,Sun Phuquoc Airways,9G840,1,,Landed,VN-A906,A21N,passenger
2026-03-06,2026-03-06 14:05,2026-03-06 14:02,Ho Chi Minh City,SGN,Vietnam Airlines,VN212,1,,Landed,VN-A871,B789,passenger
2026-03-06,2026-03-06 13:05,2026-03-06 13:08,Ho Chi Minh City,SGN,Vietnam Airlines,VN246,1,,Landed,VN-A863,B789,passenger
2026-03-06,2026-03-06 12:05,2026-03-06 12:05,Ho Chi Minh City,SGN,Vietnam Airlines,VN210,1,,Landed,VN-A869,B789,passenger
2026-03-06,2026-03-06 09:40,2026-03-06 09:36,Ho Chi Minh City,SGN,Vietnam Airlines,VN242,1,,Landed,VN-A892,A359,passenger
2026-03-06,2026-03-06 09:05,2026-03-06 09:09,Ho Chi Minh City,SGN,Vietnam Airlines,VN240,1,,Landed,VN-A865,B789,passenger
2026-03-06,2026-03-06 09:20,2026-03-06 09:06,Ho Chi Minh City,SGN,Bamboo Airways,QH204,1,,Landed,ER-00005,A320,passenger
2026-03-06,2026-03-06 08:25,2026-03-06 08:21,Ho Chi Minh City,SGN,Vietjet Air,VJ126,1,,Landed,VN-A657,A321,passenger
2026-03-06,2026-03-06 08:20,2026-03-06 08:12,Ho Chi Minh City,SGN,Vietnam Airlines,VN7042,1,,Landed,VN-A323,A321,passenger
2026-02-23,2026-02-23 15:30,2026-02-23 15:28,Hanoi,HAN,Bamboo Airways,QH251,2,,Landed,JU-1410,A320,passenger
2026-03-07,2026-03-08 00:05,2026-03-07 23:58,Ho Chi Minh City,SGN,Vietnam Airlines,VN224,1,,Landed,VN-A877,B78X,passenger
2026-03-07,2026-03-07 23:10,2026-03-07 23:00,Ho Chi Minh City,SGN,Vietjet Air,VJ156,1,,Landed,VN-A649,A321,passenger
2026-03-07,2026-03-07 22:35,2026-03-07 22:32,Ho Chi Minh City,SGN,Vietnam Airlines,VN256,1,,Landed,VN-A396,A321,passenger
2026-03-07,2026-03-07 22:05,2026-03-07 22:16,Ho Chi Minh City,SGN,Vietnam Airlines,VN220,1,,Landed,VN-A866,B789,passenger
2026-03-07,2026-03-07 22:00,2026-03-07 21:34,Ho Chi Minh City,SGN,Vietjet Air,VJ190,1,,Landed,VN-A641,A321,passenger
2026-03-07,2026-03-07 21:20,2026-03-07 21:24,Ho Chi Minh City,SGN,Vietjet Air,VJ196,1,,Landed,VN-A532,A321,passenger
2026-03-07,2026-03-07 21:05,2026-03-07 21:13,Ho Chi Minh City,SGN,Vietnam Airlines,VN258,1,,Landed,VN-A879,B78X,passenger
2026-03-07,2026-03-07 20:35,2026-03-07 20:22,Ho Chi Minh City,SGN,Sun Phuquoc Airways,9G868,1,,Landed,VN-A282,A21N,passenger
2026-03-07,2026-03-07 20:30,2026-03-07 20:31,Ho Chi Minh City,SGN,Vietjet Air,VJ158,1,,Landed,VN-A684,A321,passenger
2026-03-07,2026-03-07 20:20,2026-03-07 20:02,Ho Chi Minh City,SGN,Vietnam Airlines,VN7048,1,,Landed,VN-A878,B78X,passenger
2026-03-07,2026-03-07 20:05,2026-03-07 19:55,Ho Chi Minh City,SGN,Vietnam Airlines,VN218,1,,Landed,VN-A869,B789,passenger
2026-03-07,2026-03-08 16:50,2026-03-07 19:12,Ho Chi Minh City,SGN,Vietjet Air,VJ134,1,,Landed,LY-MLI,A320,passenger
2026-03-07,2026-03-07 18:55,2026-03-07 18:55,Ho Chi Minh City,SGN,Vietjet Air,VJ172,1,,Landed,VN-A657,A321,passenger
2026-03-07,2026-03-07 18:45,2026-03-07 18:29,Ho Chi Minh City,SGN,Vietnam Airlines,VN252,1,,Landed,VN-A874,B78X,passenger
2026-03-07,2026-03-07 18:05,2026-03-07 18:02,Ho Chi Minh City,SGN,Vietnam Airlines,VN216,1,,Landed,VN-A872,B78X,passenger
2026-03-07,2026-03-07 17:35,2026-03-07 17:39,Ho Chi Minh City,SGN,Vietnam Airlines,VN232,1,,Landed,VN-A877,B78X,passenger
2026-03-07,2026-03-07 17:45,2026-03-07 17:36,Ho Chi Minh City,SGN,Sun Phuquoc Airways,9G854,1,,Landed,VN-A280,A321,passenger
2026-03-07,2026-03-07 17:30,2026-03-07 17:29,Ho Chi Minh City,SGN,Vietjet Air,VJ194,1,,Landed,VN-A553,A21N,passenger
2026-03-07,2026-03-07 16:05,2026-03-07 16:16,Ho Chi Minh City,SGN,Vietnam Airlines,VN214,1,,Landed,VN-A866,B789,passenger
2026-03-07,2026-03-07 15:35,2026-03-07 16:10,Ho Chi Minh City,SGN,Vietravel Airlines,VU770,1,,Landed,VN-A136,A320,passenger
2026-02-25,2026-02-26 19:30,2026-02-25 22:11,Hanoi,HAN,Vietjet Air,VJ163,2,,Landed,LY-MLI,A320,passenger
2026-03-07,2026-03-07 15:05,2026-03-07 15:08,Ho Chi Minh City,SGN,Vietnam Airlines,VN248,1,,Landed,VN-A894,A359,passenger
2026-03-07,2026-03-07 15:25,2026-03-07 15:10,Ho Chi Minh City,SGN,Bamboo Airways,QH242,1,,Landed,ER-00005,A320,passenger
2026-03-07,2026-03-07 14:30,2026-03-07 14:56,Ho Chi Minh City,SGN,Sun Phuquoc Airways,9G838,1,,Landed,VN-A281,A21N,passenger
2026-03-07,2026-03-07 13:05,2026-03-07 12:54,Ho Chi Minh City,SGN,Vietnam Airlines,VN246,1,,Landed,VN-A898,A359,passenger
2026-03-07,2026-03-07 12:10,2026-03-07 12:36,Ho Chi Minh City,SGN,Vietjet Air,VJ128,1,,Landed,VN-A636,A321,passenger
2026-03-07,2026-03-07 12:30,2026-03-07 12:16,Ho Chi Minh City,SGN,Bamboo Airways,QH224,1,,Landed,JU-1410,A320,passenger
2026-03-07,2026-03-07 12:05,2026-03-07 11:59,Ho Chi Minh City,SGN,Vietnam Airlines,VN210,1,,Landed,VN-A868,B789,passenger
2026-03-07,2026-03-07 11:10,2026-03-07 11:24,Ho Chi Minh City,SGN,Vietjet Air,VJ132,1,,Landed,VN-A667,A321,passenger
2026-03-07,2026-03-07 11:35,2026-03-07 11:19,Ho Chi Minh City,SGN,Sun Phuquoc Airways,9G822,1,,Landed,VN-A279,A321,passenger
2026-03-07,2026-03-07 10:05,2026-03-07 09:52,Ho Chi Minh City,SGN,Vietnam Airlines,VN208,1,,Landed,VN-A891,A359,passenger
2026-03-07,2026-03-07 07:55,2026-03-07 07:43,Ho Chi Minh City,SGN,Vietravel Airlines,VU750,1,,Landed,VN-A289,A321,passenger
2026-03-07,2026-03-07 07:30,2026-03-07 07:11,Ho Chi Minh City,SGN,Vietjet Air,VJ122,1,,Landed,VN-A689,A320,passenger
2026-03-08,2026-03-09 00:05,2026-03-08 23:52,Ho Chi Minh City,SGN,Vietnam Airlines,VN224,1,,Landed,VN-A617,A21N,passenger
2026-03-08,2026-03-09 21:20,2026-03-08 23:15,Ho Chi Minh City,SGN,Vietjet Air,VJ196,1,,Landed,VN-A815,A333,passenger
2026-03-08,2026-03-08 23:05,2026-03-08 23:06,Ho Chi Minh City,SGN,Vietnam Airlines,VN260,1,,Landed,VN-A893,A359,passenger
2026-03-08,2026-03-08 22:15,2026-03-08 22:57,Ho Chi Minh City,SGN,Vietravel Airlines,VU794,1,,Landed,VN-A136,A320,passenger
2026-03-08,2026-03-08 22:05,2026-03-08 22:12,Ho Chi Minh City,SGN,Vietnam Airlines,VN220,1,,Landed,VN-A865,B789,passenger
2026-03-08,2026-03-08 21:40,2026-03-08 21:45,Ho Chi Minh City,SGN,Vietnam Airlines,VN262,1,,Landed,VN-A871,B789,passenger
2026-03-08,2026-03-08 21:45,2026-03-08 21:42,Ho Chi Minh City,SGN,Bamboo Airways,QH268,1,,Landed,ER-00005,A320,passenger
2026-03-08,2026-03-08 21:15,2026-03-08 21:39,Ho Chi Minh City,SGN,Vietjet Air,VJ160,1,,Landed,VN-A642,A321,passenger
2026-03-08,2026-03-08 21:00,2026-03-08 21:23,Ho Chi Minh City,SGN,Vietjet Air,VJ166,1,,Landed,VN-A532,A321,passenger
2026-03-08,2026-03-08 21:05,2026-03-08 21:17,Ho Chi Minh City,SGN,Vietnam Airlines,VN258,1,,Landed,VN-A897,A359,passenger
2026-03-08,2026-03-08 21:10,2026-03-08 20:54,Ho Chi Minh City,SGN,Sun Phuquoc Airways,9G872,1,,Landed,VN-A909,A20N,passenger
2026-03-08,2026-03-08 20:30,2026-03-08 20:29,Ho Chi Minh City,SGN,Vietjet Air,VJ158,1,,Landed,VN-A554,A21N,passenger
2026-03-08,2026-03-08 20:05,2026-03-08 20:00,Ho Chi Minh City,SGN,Vietnam Airlines,VN218,1,,Landed,VN-A879,B78X,passenger
2026-02-27,2026-02-28 16:10,2026-02-27 18:47,Hanoi,HAN,Vietjet Air,VJ151,2,,Landed,LY-NVE,A320,passenger
2026-03-08,2026-03-08 19:05,2026-03-08 19:10,Ho Chi Minh City,SGN,Vietnam Airlines,VN254,1,,Landed,VN-A877,B78X,passenger
2026-03-08,2026-03-08 19:20,2026-03-08 19:05,Ho Chi Minh City,SGN,Vietravel Airlines,VU780,1,,Landed,VN-A289,A321,passenger
2026-03-08,2026-03-08 18:45,2026-03-08 18:47,Ho Chi Minh City,SGN,Vietnam Airlines,VN252,1,,Landed,VN-A867,B789,passenger
2026-03-08,2026-03-08 18:05,2026-03-08 17:57,Ho Chi Minh City,SGN,Vietnam Airlines,VN216,1,,Landed,VN-A872,B78X,passenger
2026-03-08,2026-03-08 17:35,2026-03-08 17:36,Ho Chi Minh City,SGN,Vietnam Airlines,VN232,1,,Landed,VN-A874,B78X,passenger
2026-03-08,2026-03-08 17:45,2026-03-08 17:33,Ho Chi Minh City,SGN,Sun Phuquoc Airways,9G854,1,,Landed,VN-A280,A321,passenger
2026-02-28,2026-03-01 12:20,2026-02-28 15:20,Hanoi,HAN,Vietravel Airlines,VU775,2,,Landed,VN-A136,A320,passenger
2026-03-08,2026-03-08 17:30,2026-03-08 17:30,Ho Chi Minh City,SGN,Vietjet Air,VJ194,1,,Landed,VN-A643,A321,passenger
2026-03-08,2026-03-08 16:50,2026-03-08 17:23,Ho Chi Minh City,SGN,Vietjet Air,VJ134,1,,Landed,LY-MLI,A320,passenger
2026-03-08,2026-03-08 17:05,2026-03-08 17:04,Ho Chi Minh City,SGN,Vietnam Airlines,VN250,1,,Landed,VN-A869,B789,passenger
2026-03-08,2026-03-08 16:05,2026-03-08 16:05,Ho Chi Minh City,SGN,Vietnam Airlines,VN214,1,,Landed,VN-A878,B78X,passenger
2026-03-08,2026-03-08 15:35,2026-03-08 15:43,Ho Chi Minh City,SGN,Vietravel Airlines,VU770,1,,Landed,VN-A129,A321,passenger
2026-03-08,2026-03-08 15:05,2026-03-08 15:04,Ho Chi Minh City,SGN,Vietnam Airlines,VN248,1,,Landed,VN-A888,A359,passenger
2026-03-08,2026-03-08 14:30,2026-03-08 14:34,Ho Chi Minh City,SGN,Sun Phuquoc Airways,9G838,1,,Landed,VN-A279,A321,passenger
2026-03-08,2026-03-08 14:05,2026-03-08 14:03,Ho Chi Minh City,SGN,Vietnam Airlines,VN212,1,,Landed,VN-A865,B789,passenger
2026-03-08,2026-03-08 13:05,2026-03-08 13:54,Ho Chi Minh City,SGN,Vietnam Airlines,VN246,1,,Landed,VN-A893,A359,passenger
2026-03-08,2026-03-08 12:05,2026-03-08 11:57,Ho Chi Minh City,SGN,Vietnam Airlines,VN210,1,,Landed,VN-A871,B789,passenger
2026-03-08,2026-03-08 11:35,2026-03-08 11:29,Ho Chi Minh City,SGN,Sun Phuquoc Airways,9G822,1,,Landed,VN-A280,A321,passenger
2026-03-08,2026-03-08 11:05,2026-03-08 10:53,Ho Chi Minh City,SGN,Vietnam Airlines,VN244,1,,Landed,VN-A867,B789,passenger
2026-03-08,2026-03-08 10:25,2026-03-08 10:31,Ho Chi Minh City,SGN,Vietjet Air,VJ184,1,,Landed,VN-A551,A21N,passenger
2026-03-02,2026-03-02 15:30,2026-03-02 15:24,Hanoi,HAN,Bamboo Airways,QH251,2,,Landed,JU-1410,A320,passenger
2026-03-08,2026-03-08 10:50,2026-03-08 10:25,Ho Chi Minh City,SGN,Bamboo Airways,QH208,1,,Landed,VN-A585,A321,passenger
2026-03-08,2026-03-08 09:30,2026-03-08 09:42,Ho Chi Minh City,SGN,Vietjet Air,VJ148,1,,Landed,LY-NVG,A320,passenger
2026-03-08,2026-03-08 09:40,2026-03-08 09:16,Ho Chi Minh City,SGN,Sun Phuquoc Airways,9G808,1,,Landed,VN-A281,A21N,passenger
2026-03-08,2026-03-08 08:25,2026-03-08 08:37,Ho Chi Minh City,SGN,Vietjet Air,VJ126,1,,Landed,VN-A522,A321,passenger
2026-03-05,2026-03-05 08:00,2026-03-05 07:26,Hanoi,HAN,Bamboo Airways,QH201,2,,Landed,VN-A585,A321,passenger
2026-03-08,2026-03-08 08:05,2026-03-08 07:59,Ho Chi Minh City,SGN,Vietnam Airlines,VN206,1,,Landed,VN-A865,B789,passenger
2026-03-06,2026-03-06 22:10,2026-03-06 22:47,Hanoi,HAN,Vietravel Airlines,VU787,2,,Landed,VN-A289,A321,passenger
2026-03-08,2026-03-08 07:55,2026-03-08 07:51,Ho Chi Minh City,SGN,Vietravel Airlines,VU750,1,,Landed,VN-A289,A321,passenger
2026-03-08,2026-03-08 07:30,2026-03-08 07:05,Ho Chi Minh City,SGN,Vietjet Air,VJ122,1,,Landed,VN-A532,A321,passenger
2026-03-08,2026-03-08 07:05,2026-03-08 06:48,Ho Chi Minh City,SGN,Vietnam Airlines,VN6002,1,,Landed,VN-A363,A321,passenger
2026-03-07,2026-03-07 17:40,2026-03-07 17:30,Hanoi,HAN,Vietnam Airlines,VN249,2,,Landed,VN-A879,B78X,passenger
2026-03-09,2026-03-09 21:10,2026-03-09 21:08,Ho Chi Minh City,SGN,Sun Phuquoc Airways,9G872,1,,Landed,VN-A281,A21N,passenger
2026-03-09,2026-03-09 17:35,2026-03-09 17:27,Ho Chi Minh City,SGN,Vietnam Airlines,VN232,1,,Landed,VN-A872,B78X,passenger
2026-03-07,2026-03-07 17:10,2026-03-07 16:47,Hanoi,HAN,Vietnam Airlines,VN215,2,,Landed,VN-A878,B78X,passenger
2026-03-09,2026-03-09 17:05,2026-03-09 16:53,Ho Chi Minh City,SGN,Vietnam Airlines,VN250,1,,Landed,VN-A898,A359,passenger
2026-03-07,2026-03-07 16:10,2026-03-07 16:01,Hanoi,HAN,Vietnam Airlines,VN253,2,,Landed,VN-A898,A359,passenger
2026-03-09,2026-03-09 14:30,2026-03-09 14:45,Ho Chi Minh City,SGN,Sun Phuquoc Airways,9G838,1,,Landed,VN-A279,A321,passenger
2026-03-07,2026-03-08 13:20,2026-03-07 15:50,Hanoi,HAN,Vietjet Air,VJ135,2,,Landed,VN-A636,A321,passenger
2026-03-09,2026-03-09 14:20,2026-03-09 14:36,Ho Chi Minh City,SGN,Vietnam Airlines,VN7046,1,,Landed,VN-A332,A321,passenger
2026-03-07,2026-03-07 15:10,2026-03-07 15:00,Hanoi,HAN,Vietnam Airlines,VN213,2,,Landed,VN-A874,B78X,passenger
2026-03-09,2026-03-09 12:30,2026-03-09 12:46,Ho Chi Minh City,SGN,Bamboo Airways,QH224,1,,Landed,JU-1410,A320,passenger
2026-03-07,2026-03-07 14:35,2026-03-07 14:30,Hanoi,HAN,Sun Phuquoc Airways,9G837,2,,Landed,VN-A280,A321,passenger
2026-03-09,2026-03-09 11:50,2026-03-09 11:55,Ho Chi Minh City,SGN,Vietnam Airlines,VN7044,1,,Landed,VN-A508,A21N,passenger
2026-03-07,2026-03-07 13:50,2026-03-07 14:12,Hanoi,HAN,Vietjet Air,VJ137,2,,Landed,VN-A667,A321,passenger
2026-03-09,2026-03-09 09:20,2026-03-09 09:08,Ho Chi Minh City,SGN,Bamboo Airways,QH204,1,,Landed,ER-00005,A320,passenger
2026-03-07,2026-03-08 08:55,2026-03-07 13:24,Hanoi,HAN,Vietjet Air,VJ181,2,,Landed,VN-A672,A320,passenger
2026-03-09,2026-03-09 08:40,2026-03-09 08:26,Ho Chi Minh City,SGN,Sun Phuquoc Airways,9G806,1,,Landed,VN-A279,A321,passenger
2026-03-07,2026-03-07 11:25,2026-03-07 11:41,Hanoi,HAN,Vietnam Airlines,VN7043,2,,Landed,VN-A623,A21N,passenger
2026-03-10,2026-03-10 23:35,2026-03-10 23:45,Ho Chi Minh City,SGN,Sun Phuquoc Airways,9G882,1,,Landed,VN-A280,A321,passenger
2026-03-07,2026-03-07 11:10,2026-03-07 11:24,Hanoi,HAN,Vietnam Airlines,VN209,2,,Landed,VN-A870,B789,passenger
2026-03-10,2026-03-10 23:30,2026-03-10 23:37,Ho Chi Minh City,SGN,Vietjet Air,VJ158,1,,Landed,VN-A647,A321,passenger
2026-03-07,2026-03-07 10:45,2026-03-07 10:42,Hanoi,HAN,Vietravel Airlines,VU751,2,,Landed,VN-A289,A321,passenger
2026-03-10,2026-03-10 23:10,2026-03-10 23:11,Ho Chi Minh City,SGN,Vietjet Air,VJ156,1,,Landed,VN-A685,A321,passenger
2026-03-10,2026-03-10 23:00,2026-03-10 23:01,Ho Chi Minh City,SGN,Bamboo Airways,QH286,1,,Landed,VN-A227,A321,passenger
2026-03-10,2026-03-10 22:20,2026-03-10 22:52,Ho Chi Minh City,SGN,Bamboo Airways,QH268,1,,Landed,JU-1410,A320,passenger
2026-03-10,2026-03-10 21:05,2026-03-10 20:54,Ho Chi Minh City,SGN,Vietnam Airlines,VN258,1,,Landed,VN-A896,A359,passenger
2026-03-10,2026-03-10 20:35,2026-03-10 20:41,Ho Chi Minh City,SGN,Sun Phuquoc Airways,9G868,1,,Landed,VN-A279,A321,passenger
2026-03-10,2026-03-10 20:05,2026-03-10 20:22,Ho Chi Minh City,SGN,Vietnam Airlines,VN218,1,,Landed,VN-A877,B78X,passenger
2026-03-10,2026-03-10 19:05,2026-03-10 19:00,Ho Chi Minh City,SGN,Vietnam Airlines,VN254,1,,Landed,VN-A871,B789,passenger
2026-03-10,2026-03-10 18:00,2026-03-10 18:21,Ho Chi Minh City,SGN,Vietjet Air,VJ192,1,,Landed,VN-A543,A21N,passenger
2026-03-09,2026-03-09 13:50,2026-03-09 14:01,Hanoi,HAN,Vietjet Air,VJ133,2,,Landed,VN-A816,A333,passenger
2026-03-10,2026-03-10 17:45,2026-03-10 17:47,Ho Chi Minh City,SGN,Sun Phuquoc Airways,9G854,1,,Landed,VN-A280,A321,passenger
2026-03-10,2026-03-10 17:35,2026-03-10 17:30,Ho Chi Minh City,SGN,Vietnam Airlines,VN232,1,,Landed,VN-A869,B789,passenger
2026-03-10,2026-03-10 17:05,2026-03-10 16:53,Ho Chi Minh City,SGN,Vietnam Airlines,VN250,1,,Landed,VN-A889,A359,passenger
2026-03-10,2026-03-10 16:05,2026-03-10 16:19,Ho Chi Minh City,SGN,Vietnam Airlines,VN214,1,,Landed,VN-A874,B78X,passenger
2026-03-10,2026-03-10 11:05,2026-03-10 11:05,Ho Chi Minh City,SGN,Vietnam Airlines,VN244,1,,Landed,VN-A889,A359,passenger
2026-03-10,2026-03-10 10:50,2026-03-10 10:34,Ho Chi Minh City,SGN,Bamboo Airways,QH208,1,,Landed,VN-A227,A321,passenger
2026-03-10,2026-03-10 09:15,2026-03-10 09:10,Ho Chi Minh City,SGN,Vietravel Airlines,VU774,1,,Landed,9H-MLW,A320,passenger
2026-03-10,2026-03-10 08:25,2026-03-10 08:16,Ho Chi Minh City,SGN,Vietjet Air,VJ126,1,,Landed,VN-A647,A321,passenger
2026-03-10,2026-03-10 07:55,2026-03-10 07:37,Ho Chi Minh City,SGN,Vietravel Airlines,VU750,1,,Landed,VN-A289,A321,passenger
2026-03-11,2026-03-11 22:15,2026-03-11 22:59,Ho Chi Minh City,SGN,Vietravel Airlines,VU794,1,,Landed,VN-A136,A320,passenger
2026-03-11,2026-03-11 22:35,2026-03-11 22:38,Ho Chi Minh City,SGN,Vietnam Airlines,VN256,1,,Landed,VN-A890,A359,passenger
2026-03-11,2026-03-11 21:40,2026-03-11 21:27,Ho Chi Minh City,SGN,Vietnam Airlines,VN262,1,,Landed,VN-A877,B78X,passenger
2026-03-11,2026-03-11 20:35,2026-03-11 21:14,Ho Chi Minh City,SGN,Sun Phuquoc Airways,9G868,1,,Landed,VN-A279,A321,passenger
2026-03-11,2026-03-11 21:05,2026-03-11 21:00,Ho Chi Minh City,SGN,Vietnam Airlines,VN258,1,,Landed,VN-A871,B789,passenger
2026-03-11,2026-03-11 20:05,2026-03-11 20:13,Ho Chi Minh City,SGN,Vietnam Airlines,VN218,1,,Landed,VN-A878,B78X,passenger
2026-03-11,2026-03-11 19:15,2026-03-11 19:47,Ho Chi Minh City,SGN,Vietjet Air,VJ152,1,,Landed,VN-A661,A321,passenger
2026-03-11,2026-03-11 19:20,2026-03-11 19:29,Ho Chi Minh City,SGN,Vietravel Airlines,VU780,1,,Landed,VN-A289,A321,passenger
2026-03-11,2026-03-11 19:05,2026-03-11 19:10,Ho Chi Minh City,SGN,Vietnam Airlines,VN254,1,,Landed,VN-A869,B789,passenger
2026-03-12,2026-03-12 19:40,2026-03-12 19:20,Hanoi,HAN,Vietnam Airlines,VN257,2,,Landed,VN-A879,B78X,passenger
2026-03-11,2026-03-11 18:05,2026-03-11 17:56,Ho Chi Minh City,SGN,Vietnam Airlines,VN216,1,,Landed,VN-A873,B78X,passenger
2026-03-13,2026-03-13 23:10,2026-03-13 23:08,Hanoi,HAN,Vietnam Airlines,VN221,2,,Landed,VN-A612,A321,passenger
2026-03-11,2026-03-11 17:45,2026-03-11 17:28,Ho Chi Minh City,SGN,Sun Phuquoc Airways,9G854,1,,Landed,VN-A280,A321,passenger
2026-03-15,2026-03-15 11:10,2026-03-15 11:37,Hanoi,HAN,Vietjet Air,VJ127,2,,Landed,VN-A532,A321,passenger
2026-03-11,2026-03-11 17:30,2026-03-11 17:11,Ho Chi Minh City,SGN,Vietjet Air,VJ194,1,,Landed,VN-A544,A321,passenger
2026-03-11,2026-03-11 17:00,2026-03-11 16:50,Ho Chi Minh City,SGN,Vietjet Air,VJ146,1,,Landed,VN-A636,A321,passenger
2026-03-16,2026-03-16 15:45,2026-03-16 15:57,Hanoi,HAN,Vietjet Air,VJ143,2,,Landed,VN-A812,A333,passenger
2026-03-11,2026-03-11 15:35,2026-03-11 16:40,Ho Chi Minh City,SGN,Vietravel Airlines,VU770,1,,Landed,VN-A129,A321,passenger
2026-03-16,2026-03-16 14:35,2026-03-16 14:24,Hanoi,HAN,Sun Phuquoc Airways,9G837,2,,Landed,VN-A280,A321,passenger
2026-03-11,2026-03-11 16:05,2026-03-11 16:29,Ho Chi Minh City,SGN,Vietnam Airlines,VN214,1,,Landed,VN-A898,A359,passenger
2026-03-16,2026-03-16 14:10,2026-03-16 14:11,Hanoi,HAN,Vietnam Airlines,VN251,2,,Landed,VN-A870,B789,passenger
2026-03-11,2026-03-11 15:25,2026-03-11 15:58,Ho Chi Minh City,SGN,Bamboo Airways,QH242,1,,Landed,ER-00005,A320,passenger
2026-03-16,2026-03-16 12:10,2026-03-16 13:49,Hanoi,HAN,Vietjet Air,VJ149,2,,Landed,VN-A544,A321,passenger
2026-03-11,2026-03-12 14:05,2026-03-11 15:50,Ho Chi Minh City,SGN,Vietnam Airlines,VN212,1,,Landed,VN-A891,A359,passenger
2026-03-16,2026-03-16 13:35,2026-03-16 13:38,Hanoi,HAN,Vietjet Air,VJ129,2,,Landed,VN-A817,A333,passenger
2026-03-11,2026-03-11 15:05,2026-03-11 15:30,Ho Chi Minh City,SGN,Vietnam Airlines,VN248,1,,Landed,VN-A872,B78X,passenger
2026-03-11,2026-03-11 14:30,2026-03-11 15:18,Ho Chi Minh City,SGN,Sun Phuquoc Airways,9G838,1,,Landed,VN-A279,A321,passenger
2026-03-11,2026-03-11 15:10,2026-03-11 15:14,Ho Chi Minh City,SGN,Vietjet Air,VJ198,1,,Landed,VN-A535,A321,passenger
2026-03-11,2026-03-11 13:25,2026-03-11 15:05,Ho Chi Minh City,SGN,Vietjet Air,VJ188,1,,Landed,LY-NVE,A320,passenger
2026-03-11,2026-03-11 14:40,2026-03-11 15:02,Ho Chi Minh City,SGN,Vietjet Air,VJ138,1,,Landed,VN-A669,A320,passenger
2026-03-11,2026-03-11 14:10,2026-03-11 14:25,Ho Chi Minh City,SGN,Vietjet Air,VJ144,1,,Landed,VN-A697,A21N,passenger
2026-03-11,2026-03-11 13:05,2026-03-11 12:54,Ho Chi Minh City,SGN,Vietnam Airlines,VN246,1,,Landed,VN-A897,A359,passenger
2026-03-11,2026-03-11 12:30,2026-03-11 12:30,Ho Chi Minh City,SGN,Bamboo Airways,QH224,1,,Landed,JU-1410,A320,passenger
2026-03-11,2026-03-11 12:05,2026-03-11 12:02,Ho Chi Minh City,SGN,Vietnam Airlines,VN210,1,,Landed,VN-A886,A359,passenger
2026-03-11,2026-03-11 11:50,2026-03-11 11:40,Ho Chi Minh City,SGN,Vietnam Airlines,VN7044,1,,Landed,VN-A613,A321,passenger
2026-03-11,2026-03-11 11:35,2026-03-11 11:37,Ho Chi Minh City,SGN,Sun Phuquoc Airways,9G822,1,,Landed,VN-A280,A321,passenger
2026-03-11,2026-03-11 11:05,2026-03-11 10:59,Ho Chi Minh City,SGN,Vietnam Airlines,VN244,1,,Landed,VN-A890,A359,passenger
2026-03-11,2026-03-11 10:05,2026-03-11 10:00,Ho Chi Minh City,SGN,Vietnam Airlines,VN208,1,,Landed,VN-A898,A359,passenger
2026-03-11,2026-03-11 09:20,2026-03-11 09:07,Ho Chi Minh City,SGN,Bamboo Airways,QH204,1,,Landed,ER-00005,A320,passenger
2026-03-11,2026-03-11 09:05,2026-03-11 09:01,Ho Chi Minh City,SGN,Vietnam Airlines,VN240,1,,Landed,VN-A872,B78X,passenger
2026-03-11,2026-03-11 09:00,2026-03-11 08:51,Ho Chi Minh City,SGN,Vietjet Air,VJ176,1,,Landed,VN-A630,A321,passenger
2026-03-11,2026-03-11 08:35,2026-03-11 08:30,Ho Chi Minh City,SGN,Vietnam Airlines,VN238,1,,Landed,VN-A357,A321,passenger
2026-03-11,2026-03-11 08:40,2026-03-11 08:28,Ho Chi Minh City,SGN,Sun Phuquoc Airways,9G806,1,,Landed,VN-A279,A321,passenger
2026-03-12,2026-03-12 23:55,2026-03-12 23:38,Ho Chi Minh City,SGN,Vietjet Air,VJ174,1,,Landed,VN-A644,A321,passenger
2026-03-12,2026-03-12 23:05,2026-03-12 22:46,Ho Chi Minh City,SGN,Vietnam Airlines,VN260,1,,Landed,VN-A878,B78X,passenger
2026-03-12,2026-03-12 22:35,2026-03-12 22:24,Ho Chi Minh City,SGN,Vietnam Airlines,VN256,1,,Landed,VN-A879,B78X,passenger
2026-02-24,2026-02-24 23:39,2026-02-24 23:39,Hanoi,HAN,Vietnam Airlines,VN6400,2,,Landed,VN-A363,A321,passenger
2026-03-12,2026-03-12 22:05,2026-03-12 22:05,Ho Chi Minh City,SGN,Vietnam Airlines,VN220,1,,Landed,VN-A888,A359,passenger
2026-03-12,2026-03-12 21:20,2026-03-12 21:44,Ho Chi Minh City,SGN,Vietjet Air,VJ196,1,,Landed,VN-A534,A21N,passenger
2026-03-12,2026-03-12 21:40,2026-03-12 21:39,Ho Chi Minh City,SGN,Vietnam Airlines,VN262,1,,Landed,VN-A395,A321,passenger
2026-03-12,2026-03-12 21:05,2026-03-12 21:33,Ho Chi Minh City,SGN,Vietnam Airlines,VN258,1,,Landed,VN-A872,B78X,passenger
2026-03-12,2026-03-12 20:35,2026-03-12 21:13,Ho Chi Minh City,SGN,Sun Phuquoc Airways,9G868,1,,Landed,VN-A279,A321,passenger
2026-03-12,2026-03-12 20:05,2026-03-12 20:02,Ho Chi Minh City,SGN,Vietnam Airlines,VN218,1,,Landed,VN-A899,A359,passenger
2026-03-12,2026-03-12 19:50,2026-03-12 19:39,Ho Chi Minh City,SGN,Sun Phuquoc Airways,9G864,1,,Landed,VN-A286,A21N,passenger
2026-03-02,2026-03-02 07:45,2026-03-02 07:33,Hanoi,HAN,Vietravel Airlines,VU635,2,,Landed,VN-A129,A321,passenger
2026-03-08,2026-03-08 22:20,2026-03-08 22:57,Hanoi,HAN,Vietnam Airlines,VN7193,2,,Landed,VN-A611,A321,passenger
2026-03-08,2026-03-08 22:35,2026-03-08 22:47,Hanoi,HAN,Vietnam Airlines,VN7191,2,,Landed,VN-A618,A21N,passenger
2026-03-08,2026-03-08 22:10,2026-03-08 22:33,Hanoi,HAN,Vietjet Air,VJ521,2,,Landed,VN-A641,A321,passenger
2026-03-16,2026-03-16 22:30,2026-03-16 22:12,Hanoi,HAN,Vietnam Airlines,VN7193,2,,Landed,VN-A325,A321,passenger
2026-03-16,2026-03-16 21:35,2026-03-16 21:37,Hanoi,HAN,Vietjet Air,VJ501,2,,Landed,VN-A516,A21N,passenger
2026-03-16,2026-03-16 21:05,2026-03-16 20:58,Hanoi,HAN,Vietjet Air,VJ519,2,,Landed,VN-A634,A321,passenger
2026-03-16,2026-03-16 20:25,2026-03-16 20:38,Hanoi,HAN,Vietjet Air,VJ517,2,,Landed,VN-A632,A321,passenger
2026-03-16,2026-03-16 20:25,2026-03-16 20:18,Hanoi,HAN,Sun Phuquoc Airways,9G937,2,,Landed,VN-A282,A21N,passenger
2026-03-16,2026-03-16 20:30,2026-03-16 20:05,Hanoi,HAN,Vietnam Airlines,VN195,2,,Landed,VN-A505,A21N,passenger
2026-03-16,2026-03-16 19:45,2026-03-16 19:31,Hanoi,HAN,Vietnam Airlines,VN6071,2,,Landed,VN-A363,A321,passenger
2026-03-16,2026-03-16 18:30,2026-03-16 18:25,Hanoi,HAN,Vietnam Airlines,VN187,2,,Landed,VN-A514,A20N,passenger
2026-03-16,2026-03-16 17:45,2026-03-16 17:54,Hanoi,HAN,Vietjet Air,VJ515,2,,Landed,VN-A524,A21N,passenger
2026-03-16,2026-03-16 17:45,2026-03-16 17:45,Hanoi,HAN,Bamboo Airways,QH147,2,,Landed,VN-A227,A321,passenger
2026-03-16,2026-03-16 17:40,2026-03-16 17:37,Hanoi,HAN,Vietravel Airlines,VU639,2,,Landed,VN-A129,A321,passenger
2026-03-16,2026-03-16 17:35,2026-03-16 17:28,Hanoi,HAN,Vietnam Airlines,VN179,2,,Landed,VN-A513,A20N,passenger
2026-03-16,2026-03-16 16:30,2026-03-16 16:19,Hanoi,HAN,Vietnam Airlines,VN173,2,,Landed,VN-A327,A321,passenger
2026-03-16,2026-03-16 16:05,2026-03-16 16:12,Hanoi,HAN,Sun Phuquoc Airways,9G927,2,,Landed,VN-A282,A21N,passenger
2026-03-16,2026-03-16 15:40,2026-03-16 16:07,Hanoi,HAN,Vietjet Air,VJ511,2,,Landed,VN-A575,A21N,passenger
2026-03-16,2026-03-16 14:55,2026-03-16 15:02,Hanoi,HAN,Vietjet Air,VJ513,2,,Landed,VN-A629,A321,passenger
2026-03-16,2026-03-16 14:25,2026-03-16 14:16,Hanoi,HAN,Vietnam Airlines,VN171,2,,Landed,VN-A615,A321,passenger
2026-03-16,2026-03-16 14:05,2026-03-16 14:04,Hanoi,HAN,Vietnam Airlines,VN7165,2,,Landed,VN-A611,A321,passenger
2026-03-16,2026-03-16 13:10,2026-03-16 12:58,Hanoi,HAN,Vietnam Airlines,VN169,2,,Landed,VN-A395,A321,passenger
2026-03-16,2026-03-16 11:50,2026-03-16 11:50,Hanoi,HAN,Vietjet Air,VJ507,2,,Landed,VN-A575,A21N,passenger
2026-03-16,2026-03-16 11:35,2026-03-16 11:22,Hanoi,HAN,Vietnam Airlines,VN165,2,,Landed,VN-A614,A321,passenger
2026-03-16,2026-03-16 10:50,2026-03-16 10:57,Hanoi,HAN,Vietjet Air,VJ527,2,,Landed,VN-A635,A321,passenger
2026-03-16,2026-03-16 10:20,2026-03-16 10:18,Hanoi,HAN,Sun Phuquoc Airways,9G913,2,,Landed,VN-A908,A20N,passenger
2026-03-16,2026-03-16 09:40,2026-03-16 09:23,Hanoi,HAN,Vietnam Airlines,VN6081,2,,Landed,VN-A363,A321,passenger
2026-03-16,2026-03-16 09:10,2026-03-16 09:01,Hanoi,HAN,Vietnam Airlines,VN163,2,,Landed,VN-A505,A21N,passenger
2026-03-16,2026-03-16 09:00,2026-03-16 08:51,Hanoi,HAN,Bamboo Airways,QH103,2,,Landed,VN-A596,A20N,passenger
2026-03-16,2026-03-16 07:50,2026-03-16 07:32,Hanoi,HAN,Vietravel Airlines,VU635,2,,Landed,VN-A129,A321,passenger
2026-03-16,2026-03-16 07:35,2026-03-16 07:28,Hanoi,HAN,Sun Phuquoc Airways,9G907,2,,Landed,VN-A282,A21N,passenger
2026-03-16,2026-03-16 07:10,2026-03-16 07:19,Hanoi,HAN,Vietjet Air,VJ503,2,,Landed,VN-A632,A321,passenger
2026-03-16,2026-03-16 07:25,2026-03-16 07:06,Hanoi,HAN,Vietnam Airlines,VN157,2,,Landed,VN-A358,A321,passenger
2026-03-16,2026-03-16 06:45,2026-03-16 06:49,Hanoi,HAN,Vietjet Air,VJ509,2,,Landed,VN-A575,A21N,passenger
2026-02-16,2026-02-16 20:05,2026-02-16 19:51,Ho Chi Minh City,SGN,Vietnam Airlines,VN218,1,,Landed,VN-A878,B78X,passenger
