Crawl_Date,Actual_Time,Flight_Time,Origin,IATA,Airline,Flight_No,Terminal,Arrival_Runway,Status,Tail_Number,Aircraft_Type,Category
2026-02-01,23:57,04:27,Busan,PUS,Air Busan,BX7395,2,11L,Landed,HL8525,A21N,passenger
2026-02-01,23:49,01:40,Ho Chi Minh City,SGN,VietJet Air,VJ158,1,11L,Landed,VN-A676,A320,passenger
2026-02-01,23:41,01:42,Ho Chi Minh City,SGN,Sun PhuQuoc Airways,9G882,1,11L,Landed,VN-A280,A321,passenger
2026-02-01,23:37,01:42,Ho Chi Minh City,SGN,Vietnam Airlines,VN7020,1,11L,Landed,VN-A613,A321,passenger
2026-02-01,23:34,01:42,Ho Chi Minh City,SGN,VietJet Air,VJ180,1,11L,Landed,VN-A814,A333,passenger
2026-02-01,23:31,00:59,Da Nang,DAD,VietJet Air,VJ520,1,11L,Landed,VN-A641,A321,passenger
2026-02-01,23:25,01:39,Ho Chi Minh City,SGN,Vietnam Airlines,VN260,1,11L,Landed,VN-A871,B789,passenger
2026-02-01,23:20,01:42,Ho Chi Minh City,SGN,Bamboo Airways,QH280,1,11L,Landed,VN-A227,A321,passenger
2026-02-01,23:18,00:54,Hue,HUI,VietJet Air,VJ568,1,11L,Landed,VN-A647,A321,passenger
2026-02-01,23:14,00:56,Hue,HUI,Vietnam Airlines,VN1548,1,11L,Landed,VN-A358,A321,passenger
2026-02-01,23:11,00:59,Da Nang,DAD,Bamboo Airways,QH148,1,11L,Landed,VN-A597,A321,passenger
2026-02-01,23:08,01:42,Ho Chi Minh City,SGN,Vietravel Airlines,VU794,1,11L,Landed,VN-A129,A321,passenger
2026-02-01,22:53,01:35,Guangzhou,CAN,China Southern Airlines,CZ371,2,11L,Landed,B-225D,B38M,passenger
2026-02-01,22:50,05:56,Tokyo,NRT,All Nippon Airways,NH897,2,11L,Landed,JA928A,B789,passenger
2026-02-01,22:44,06:07,Tokyo,NRT,Japan Airlines,JL751,2,11L,Landed,JA619J,B763,passenger
2026-02-01,22:41,01:37,Ho Chi Minh City,SGN,Vietnam Airlines,VN256,1,11L,Landed,VN-A877,B78X,passenger
2026-02-01,22:38,01:30,Nha Trang,CXR,VietJet Air,VJ778,1,11L,Landed,VN-A629,A321,passenger
2026-02-01,22:34,04:27,Seoul,ICN,Asiana Airlines,OZ733,2,11L,Landed,HL7771,A359,passenger
2026-02-01,22:31,01:39,Ho Chi Minh City,SGN,Vietnam Airlines,VN220,1,11L,Landed,VN-A890,A359,passenger
2026-02-01,22:28,01:52,Can Tho,VCA,VietJet Air,VJ464,1,11L,Landed,VN-A637,A321,passenger
2026-02-01,22:24,01:24,Buon Ma Thuot,BMV,VietJet Air,VJ494,1,11L,Landed,VN-A632,A321,passenger
2026-02-01,22:21,02:43,Kuala Lumpur,KUL,MJets Air,WW220,0,11L,Landed,9M-KXD,B738,cargo
2026-02-01,22:18,02:42,Kuala Lumpur,KUL,Vietnam Airlines,VN680,2,11L,Landed,VN-A505,A21N,passenger
2026-02-01,22:15,01:40,Ho Chi Minh City,SGN,Vietnam Airlines,VN7244,1,11L,Landed,VN-A863,B789,passenger
2026-02-01,22:12,04:27,Seoul,ICN,Korean Air,KE447,2,11L,Landed,HL8538,B78X,passenger
2026-02-01,22:10,01:55,Chengdu,TFU,Sichuan Airlines,3U3905,2,11L,Landed,B-8323,A320,passenger
2026-02-01,22:06,01:01,Vientiane,VTE,Vietnam Airlines,VN920,2,11L,Landed,VN-A327,A321,passenger
2026-02-01,22:04,04:04,Jakarta,CGK,Cathay Pacific,CX3248,0,11L,Landed,B-LIA,B744,cargo
2026-02-01,22:01,02:00,Can Tho,VCA,Vietnam Airlines,VN1206,1,11L,Landed,VN-A512,A21N,passenger
2026-02-01,21:58,01:21,Haikou,HAK,Hainan Airlines,HU783,2,11L,Landed,B-6063,B738,passenger
2026-02-01,21:55,02:16,Kolkata,CCU,IndiGo,6E8961,0,11L,Landed,VT-IKW,A321,cargo
2026-02-01,21:53,01:02,Da Nang,DAD,N/A,VN6070,1,11L,Landed,VN-A363,A321,passenger
2026-02-01,21:50,01:37,Macau,MFM,Air Macau,NX982,2,11L,Landed,B-MCH,A320,passenger
2026-02-01,21:46,01:40,Ho Chi Minh City,SGN,VietJet Air,VJ196,1,11L,Landed,VN-A820,A333,passenger
2026-02-01,21:43,02:52,Taipei,TPE,VietJet Air,VJ943,2,11L,Landed,VN-A536,A21N,passenger
2026-02-01,21:38,01:33,Nha Trang,CXR,Vietnam Airlines,VN1562,1,11L,Landed,VN-A334,A321,passenger
2026-02-01,21:34,01:44,Ho Chi Minh City,SGN,VietJet Air,VJ160,1,11L,Landed,VN-A635,A321,passenger
2026-02-01,21:32,01:38,Ho Chi Minh City,SGN,Vietnam Airlines,VN262,1,11L,Landed,VN-A894,A359,passenger
2026-02-01,21:23,01:43,Ho Chi Minh City,SGN,VietJet Air,VJ166,1,11L,Landed,VN-A516,A21N,passenger
2026-02-01,21:18,04:38,Denpasar,DPS,VietJet Air,VJ998,2,11L,Landed,VN-A547,A21N,passenger
2026-02-01,21:14,00:59,Da Nang,DAD,Vietravel Airlines,VU658,1,11L,Landed,VN-A136,A320,passenger
2026-02-01,21:11,01:23,Bangkok,BKK,VietJet Air,VJ904,2,11L,Landed,VN-A575,A21N,passenger
2026-02-01,21:08,00:39,Dien Bien Phu,DIN,Vietnam Airlines,VN1807,1,11L,Landed,VN-A397,A321,passenger
2026-02-01,21:05,01:25,Bangkok,BKK,FedEx,FX9125,0,11L,Landed,N117FE,B763,cargo
2026-02-01,21:02,01:42,Ho Chi Minh City,SGN,Vietnam Airlines,VN258,1,11L,Landed,VN-A872,B78X,passenger
2026-02-01,20:59,01:34,Nha Trang,CXR,Vietnam Airlines,VN1560,1,11L,Landed,VN-A353,A321,passenger
2026-02-01,20:57,01:49,Ho Chi Minh City,SGN,Sun PhuQuoc Airways,9G872,1,11L,Landed,VN-A286,A21N,passenger
2026-02-01,20:54,01:46,Hong Kong,HKG,HK express,UO542,2,11L,Landed,B-HSL,A320,passenger
2026-02-01,20:51,04:28,Seoul,ICN,Vietnam Airlines,VN415,2,11L,Landed,VN-A895,A359,passenger
2026-02-01,20:49,01:42,Phu Quoc,PQC,Sun PhuQuoc Airways,9G1230,1,11L,Landed,VN-A281,A21N,passenger
2026-02-01,20:45,06:08,Tokyo,NRT,VietJet Air,VJ935,2,11L,Landed,VN-A646,A21N,passenger
2026-02-01,20:41,01:33,Da Lat,DLI,VietJet Air,VJ410,1,11L,Landed,VN-A550,A21N,passenger
2026-02-01,20:37,01:25,Bangkok,DMK,AirAsia,FD644,2,11L,Landed,HS-EAA,A21N,passenger
2026-02-01,20:35,01:30,Shenzhen,SZX,China Southern Airlines,CZ8083,2,11L,Landed,B-6976,A320,passenger
2026-02-01,20:28,01:19,Siem Reap,SAI,VietJet Air,VJ914,2,11L,Landed,VN-A657,A321,passenger
2026-02-01,20:24,05:33,Tokyo,HND,Vietnam Airlines,VN385,2,11L,Landed,VN-A862,B789,passenger
2026-02-01,20:20,01:42,Phu Quoc,PQC,VietJet Air,VJ1440,1,11L,Landed,VN-A525,A21N,passenger
2026-02-01,20:15,00:55,Da Nang,DAD,Vietnam Airlines,VN188,1,11L,Landed,VN-A625,A21N,passenger
2026-02-01,20:08,01:43,Ho Chi Minh City,SGN,Vietnam Airlines,VN218,1,11L,Landed,VN-A873,B78X,passenger
2026-02-01,20:05,01:42,Ho Chi Minh City,SGN,Avion Express,VU778,1,11L,Landed,9H-MLW,A320,passenger
2026-02-01,20:02,00:59,Da Nang,DAD,VietJet Air,VJ516,1,11L,Landed,VN-A668,A320,passenger
2026-02-01,19:59,02:44,Taichung,RMQ,VietJet Air,VJ949,2,11L,Landed,VN-A698,A321,passenger
2026-02-01,19:57,01:49,Ho Chi Minh City,SGN,Vietravel Airlines,VU780,1,11L,Landed,VN-A289,A321,passenger
2026-02-01,19:53,00:59,Hue,HUI,Vietnam Airlines,VN1544,1,11L,Landed,VN-A609,A321,passenger
2026-02-01,19:51,01:24,Siem Reap,SAI,Vietnam Airlines,VN836,2,11L,Landed,VN-A399,A321,passenger
2026-02-01,19:47,01:14,Pleiku,PXU,VietJet Air,VJ424,1,11L,Landed,VN-A640,A321,passenger
2026-02-01,19:44,01:31,Yangon,RGN,Myanmar Airways International,8M450,2,11L,Landed,XY-ALN,A319,passenger
2026-02-01,19:38,01:40,Ho Chi Minh City,SGN,Vietnam Airlines,VN7290,1,11L,Landed,VN-A886,A359,passenger
2026-02-01,19:34,00:36,Vinh,VII,Vietnam Airlines,VN1718,1,11L,Landed,VN-A611,A321,passenger
2026-02-01,19:31,00:58,Da Nang,DAD,Vietnam Airlines,VN180,1,11L,Landed,VN-A515,A20N,passenger
2026-02-01,19:26,01:43,Ho Chi Minh City,SGN,VietJet Air,VJ152,1,11L,Landed,VN-A528,A21N,passenger
2026-02-01,19:23,02:45,Singapore,SIN,China Airlines,CI6876,0,11L,Landed,B-18722,B744,cargo
2026-02-01,19:20,01:42,Ho Chi Minh City,SGN,Vietnam Airlines,VN254,1,11L,Landed,VN-A869,B789,passenger
2026-02-01,19:13,01:31,Chongqing,CKG,West Air,PN6423,2,11L,Landed,B-302F,A20N,passenger
2026-02-01,19:10,01:17,Qui Nhon,UIH,VietJet Air,VJ432,1,11L,Landed,VN-A662,A320,passenger
2026-02-01,18:59,01:22,Bangkok,BKK,VietJet Air,VJ902,2,11L,Landed,VN-A647,A321,passenger
2026-02-01,18:56,01:52,Changsha,CSX,China Southern Airlines,CZ8359,2,11L,Landed,B-32FY,A20N,passenger
2026-02-01,18:52,01:42,Ho Chi Minh City,SGN,Vietnam Airlines,VN252,1,11L,Landed,VN-A878,B78X,passenger
2026-02-01,18:50,01:47,Hong Kong,HKG,Hong Kong Airlines,HX528,2,11L,Landed,B-LPE,A320,passenger
2026-02-01,18:47,01:30,Nha Trang,CXR,Vietnam Airlines,VN1558,1,11L,Landed,VN-A610,A321,passenger
2026-02-01,18:39,03:47,Beijing,PEK,Vietnam Airlines,VN513,2,11L,Landed,VN-A326,A321,passenger
2026-02-01,18:36,01:11,Da Nang,DAD,Vietnam Airlines,VN174,1,11L,Landed,VN-A507,A21N,passenger
2026-02-01,18:31,01:51,Guangzhou,CAN,China Southern Airlines,CZ8177,2,11L,Landed,B-1829,A320,passenger
2026-02-01,18:28,01:48,Ho Chi Minh City,SGN,VietJet Air,VJ194,1,11L,Landed,VN-A549,A21N,passenger
2026-02-01,18:24,01:52,Shenzhen,SZX,Shenzhen Airlines,ZH105,2,11L,Landed,B-1941,B738,passenger
2026-02-01,18:22,02:36,Guwahati,GAU,Quikjet Cargo Airlines,QO354,0,11L,Landed,VT-BAZ,B738,cargo
2026-02-01,18:20,03:01,Singapore,SIN,VietJet Air,VJ916,2,11L,Landed,VN-A500,A21N,passenger
2026-02-01,18:16,01:53,Phu Quoc,PQC,Sun PhuQuoc Airways,9G1216,1,11L,Landed,VN-A284,A21N,passenger
2026-02-01,18:12,01:48,Ho Chi Minh City,SGN,Vietnam Airlines,VN216,1,11L,Landed,VN-A861,B789,passenger
2026-02-01,18:09,03:57,Jakarta,CGK,VietJet Air,VJ928,2,11L,Landed,VN-A658,A320,passenger
2026-02-01,18:06,01:25,Bangkok,BKK,Vietnam Airlines,VN614,2,11L,Landed,VN-A358,A321,passenger
2026-02-01,18:04,01:35,Da Lat,DLI,Vietnam Airlines,VN1576,1,11L,Landed,VN-A501,A21N,passenger
2026-02-01,18:00,01:07,Luang Prabang,LPQ,Lao Airlines,QV313,2,11L,Landed,RDPL-34225,AT76,passenger
2026-02-01,17:55,05:30,Abu Dhabi,AUH,Etihad Airways,EY430,2,11L,Landed,A6-BLQ,B789,passenger
2026-02-01,17:50,03:38,Shanghai,PVG,China Eastern Airlines,MU6013,2,11L,Landed,B-32LT,A21N,passenger
2026-02-01,17:46,01:05,Da Nang,DAD,VietJet Air,VJ512,1,11L,Landed,VN-A632,A321,passenger
2026-02-01,17:43,01:57,Phu Quoc,PQC,N/A,VN6400,1,11L,Landed,VN-A363,A321,passenger
2026-02-01,17:43,01:54,Phu Quoc,PQC,VietJet Air,VJ446,1,11L,Landed,VN-A522,A321,passenger
2026-02-01,17:37,03:10,Singapore,SIN,Singapore Airlines,SQ194,2,11L,Landed,9V-MBA,B38M,passenger
2026-02-01,17:34,01:46,Ho Chi Minh City,SGN,Vietnam Airlines,VN232,1,11L,Landed,VN-A879,B78X,passenger
2026-02-01,17:32,01:49,Guangzhou,CAN,Vietnam Airlines,VN507,2,11L,Landed,VN-A508,A21N,passenger
2026-02-01,17:28,01:45,Ho Chi Minh City,SGN,Sun PhuQuoc Airways,9G854,1,11L,Landed,VN-A280,A321,passenger
2026-02-01,17:26,03:08,Taipei,TPE,EVA Air,BR385,2,11L,Landed,B-16220,A321,passenger
2026-02-01,17:17,01:47,Ho Chi Minh City,SGN,Vietnam Airlines,VN250,1,11L,Landed,VN-A871,B789,passenger
2026-02-01,17:14,02:51,Singapore,SIN,China Cargo Airlines,CK288,0,11L,Landed,B-221W,B77L,cargo
2026-02-01,17:11,01:49,Ho Chi Minh City,SGN,VietJet Air,VJ172,1,11L,Landed,VN-A814,A333,passenger
2026-02-01,17:08,05:19,Hiroshima,HIJ,VietJet Air,VJ953,2,11L,Landed,VN-A663,A320,passenger
2026-02-01,17:05,00:52,Luang Prabang,LPQ,AirAsia,FD1038,2,11L,Landed,HS-BBP,A320,passenger
2026-02-01,17:00,01:10,Da Nang,DAD,VietJet Air,VJ514,1,11L,Landed,VN-A651,A321,passenger
2026-02-01,16:57,03:34,Shanghai,PVG,Air China,CA755,2,11L,Landed,B-8585,A321,passenger
2026-02-01,16:54,01:58,Ho Chi Minh City,SGN,VietJet Air,VJ198,1,11L,Landed,VN-A643,A321,passenger
2026-02-01,16:51,00:46,Dien Bien Phu,DIN,Vietnam Airlines,VN1805,1,11L,Landed,VN-A332,A321,passenger
2026-02-01,16:49,01:14,Da Nang,DAD,Vietnam Airlines,VN7164,1,11L,Landed,VN-A608,A321,passenger
2026-02-01,16:45,03:11,Taipei,TPE,China Airlines,CI793,2,11L,Landed,B-18652,B738,passenger
2026-02-01,16:39,02:10,Can Tho,VCA,VietJet Air,VJ460,1,11L,Landed,VN-A637,A321,passenger
2026-02-01,16:37,05:10,Kabul,KBL,Turkish Airlines,TK6369,0,11L,Landed,TC-LJV,B77L,cargo
2026-02-01,16:33,02:00,Ho Chi Minh City,SGN,Vietnam Airlines,VN7248,1,11L,Landed,VN-A866,B789,passenger
2026-02-01,16:31,01:33,Qui Nhon,UIH,Bamboo Airways,QH1214,1,11L,Landed,VN-A227,A321,passenger
2026-02-01,16:28,01:56,Da Lat,DLI,Vietnam Airlines,VN1574,1,11L,Landed,VN-A514,A20N,passenger
2026-02-01,16:26,01:44,Tuy Hoa,TBB,Vietnam Airlines,VN1650,1,11L,Landed,VN-A334,A321,passenger
2026-02-01,16:20,01:07,Da Nang,DAD,Vietnam Airlines,VN7186,1,11L,Landed,VN-A625,A21N,passenger
2026-02-01,16:17,02:10,Con Dao,VCS,VietJet Air,VJ108,1,11L,Landed,B-656E,AJ27,passenger
2026-02-01,16:14,00:59,Vientiane,VTE,Lao Airlines,QV311,2,11L,Landed,RDPL-34199,A320,passenger
2026-02-01,16:09,01:37,Shenzhen,SZX,Shenzhen Airlines,ZH103,2,11L,Landed,B-8079,A320,passenger
2026-02-01,15:55,04:16,Busan,PUS,Vietnam Airlines,VN429,2,11L,Landed,VN-A890,A359,passenger
2026-02-01,15:50,01:40,Ho Chi Minh City,SGN,Vietnam Airlines,VN246,1,11L,Landed,VN-A874,B78X,passenger
2026-02-01,15:47,02:46,Singapore,SIN,Vietnam Airlines,VN660,2,11L,Landed,VN-A512,A21N,passenger
2026-02-01,15:40,01:57,Can Tho,VCA,VietJet Air,VJ462,1,11L,Landed,VN-A668,A320,passenger
2026-02-01,15:36,04:32,Seoul,ICN,Vietnam Airlines,VN5417,2,11L,Landed,VN-A353,A321,passenger
2026-02-01,15:33,01:40,Hong Kong,HKG,Vietnam Airlines,VN593,2,11L,Landed,VN-A609,A321,passenger
2026-02-01,15:29,01:49,Ho Chi Minh City,SGN,BBN Airlines Indonesia,QH242,1,11L,Landed,PK-BBK,B739,passenger
2026-02-01,15:25,01:47,Ho Chi Minh City,SGN,VietJet Air,VJ138,1,11L,Landed,VN-A673,A321,passenger
2026-02-01,15:22,01:40,Da Lat,DLI,VietJet Air,VJ408,1,11L,Landed,VN-A657,A321,passenger
2026-02-01,15:19,01:07,Da Nang,DAD,Vietnam Airlines,VN170,1,11L,Landed,VN-A612,A321,passenger
2026-02-01,15:16,08:17,Istanbul,IST,Turkish Airlines,TK164,2,11L,Landed,TC-LGL,A359,passenger
2026-02-01,15:13,01:45,Ho Chi Minh City,SGN,Vietnam Airlines,VN248,1,11L,Landed,VN-A892,A359,passenger
2026-02-01,15:10,01:47,Phu Quoc,PQC,Sun PhuQuoc Airways,9G1208,1,11L,Landed,VN-A281,A21N,passenger
2026-02-01,15:07,01:26,Qui Nhon,UIH,Vietnam Airlines,VN1622,1,11L,Landed,VN-A515,A20N,passenger
2026-02-01,15:04,02:44,Fuzhou,FOC,Xiamen Air,MF8697,2,11L,Landed,B-1371,B738,passenger
2026-02-01,15:02,01:01,Kunming,KMG,China Eastern Airlines,MU9605,2,11L,Landed,B-1253,B738,passenger
2026-02-01,14:58,01:51,Ho Chi Minh City,SGN,Pegasus,VJ188,1,11L,Landed,LY-NVE,A320,passenger
2026-02-01,14:56,01:37,Shenzhen,SZX,China Southern Airlines,CZ8469,2,11L,Landed,B-6976,A320,passenger
2026-02-01,14:53,01:51,Ho Chi Minh City,SGN,Sun PhuQuoc Airways,9G838,1,11L,Landed,VN-A279,A321,passenger
2026-02-01,14:50,02:36,Xiamen,XMN,Xiamen Air,MF869,2,11L,Landed,B-5435,B738,passenger
2026-02-01,14:47,01:40,Da Lat,DLI,VietJet Air,VJ404,1,11L,Landed,VN-A662,A320,passenger
2026-02-01,14:44,01:49,Guangzhou,CAN,China Southern Airlines,CZ8315,2,11L,Landed,B-6291,A320,passenger
2026-02-01,14:41,01:16,Chiang Mai,CNX,AirAsia,FD870,2,11L,Landed,HS-BBJ,A320,passenger
2026-02-01,14:36,01:43,Nha Trang,CXR,Vietnam Airlines,VN1552,1,11L,Landed,VN-A398,A321,passenger
2026-02-01,14:33,01:09,Da Nang,DAD,Vietnam Airlines,VN168,1,11L,Landed,VN-A399,A321,passenger
2026-02-01,14:30,02:55,Kuala Lumpur,KUL,AirAsia,AK512,2,11L,Landed,9M-AHY,A320,passenger
2026-02-01,14:27,02:48,Kuala Lumpur,KUL,VietJet Air,VJ906,2,11L,Landed,VN-A640,A321,passenger
2026-02-01,14:24,02:54,Taipei,TPE,VietJet Air,VJ941,2,11L,Landed,VN-A525,A21N,passenger
2026-02-01,14:19,01:44,Ho Chi Minh City,SGN,Vietnam Airlines,VN230,1,11L,Landed,VN-A507,A21N,passenger
2026-02-01,14:15,01:07,Da Nang,DAD,VietJet Air,VJ508,1,11L,Landed,VN-A641,A321,passenger
2026-02-01,14:10,02:01,Con Dao,VCS,VietJet Air,VJ106,1,11L,Landed,B-652G,AJ27,passenger
2026-02-01,14:07,06:03,Tokyo,NRT,VietJet Air,VJ933,2,11L,Landed,VN-A820,A333,passenger
2026-02-01,14:04,01:41,Ho Chi Minh City,SGN,Vietnam Airlines,VN212,1,11L,Landed,VN-A865,B789,passenger
2026-02-01,14:01,01:22,Bangkok,BKK,Vietnam Airlines,VN610,2,11L,Landed,VN-A505,A21N,passenger
2026-02-01,13:58,01:43,Ho Chi Minh City,SGN,VietJet Air,VJ144,1,11L,Landed,VN-A633,A321,passenger
2026-02-01,13:50,03:25,Shanghai,PVG,China Eastern Airlines,MU6011,2,11L,Landed,B-1679,A321,passenger
2026-02-01,13:45,00:59,Da Nang,DAD,Vietnam Airlines,VN166,1,11L,Landed,VN-A332,A321,passenger
2026-02-01,13:39,02:01,Dhaka,DAC,Ethiopian Airlines,ET678,2,11L,Landed,ET-ATK,B788,passenger
2026-02-01,13:36,00:57,Hue,HUI,VietJet Air,VJ566,1,11L,Landed,VN-A632,A321,passenger
2026-02-01,13:32,05:50,Tokyo,NRT,Vietnam Airlines,VN311,2,11L,Landed,VN-A872,B78X,passenger
2026-02-01,13:29,04:29,Seoul,ICN,Vietnam Airlines,VN417,2,11L,Landed,VN-A610,A321,passenger
2026-02-01,13:24,05:33,Nagoya,NGO,VietJet Air,VJ921,2,11L,Landed,VN-A550,A21N,passenger
2026-02-01,13:20,03:12,Shanghai,PVG,China Cargo Airlines,CK285,0,11L,Landed,B-227G,B77L,cargo
2026-02-01,13:10,04:58,Osaka,KIX,Vietnam Airlines,VN335,2,11L,Landed,VN-A873,B78X,passenger
2026-02-01,13:03,01:40,Phu Quoc,PQC,Sun PhuQuoc Airways,9G1204,1,11L,Landed,VN-A286,A21N,passenger
2026-02-01,13:00,05:17,Osaka,KIX,VietJet Air,VJ939,2,11L,Landed,VN-A536,A21N,passenger
2026-02-01,12:56,05:18,Nagoya,NGO,Vietnam Airlines,VN349,2,11L,Landed,VN-A889,A359,passenger
2026-02-01,12:45,05:13,Vladivostok,VVO,VietJet Air,VJ3522,2,11L,Landed,VN-A539,A21N,passenger
2026-02-01,12:38,03:38,Delhi,DEL,IndiGo,6E1633,2,11L,Landed,VT-IQN,A20N,passenger
2026-02-01,12:35,01:48,Ho Chi Minh City,SGN,Bamboo Airways,QH224,1,11L,Landed,JU-1410,A320,passenger
2026-02-01,12:31,01:41,Guangzhou,CAN,Shenzhen Airlines,ZH121,2,11L,Landed,B-1517,B738,passenger
2026-02-01,12:29,01:42,Phu Quoc,PQC,Sun PhuQuoc Airways,9G1202,1,11L,Landed,VN-A284,A21N,passenger
2026-02-01,12:26,01:42,Phu Quoc,PQC,Vietnam Airlines,VN1236,1,11L,Landed,VN-A608,A321,passenger
2026-02-01,12:22,01:31,Nha Trang,CXR,VietJet Air,VJ780,1,11L,Landed,VN-A698,A321,passenger
2026-02-01,12:19,01:45,Phu Quoc,PQC,VietJet Air,VJ440,1,11L,Landed,VN-A656,A320,passenger
2026-02-01,12:16,02:54,Kuala Lumpur,KUL,Malaysia Airlines,MH752,2,11L,Landed,9M-MLO,B738,passenger
2026-02-01,12:12,04:32,Seoul,ICN,Asiana Airlines,OZ729,2,11L,Landed,HL8522,A359,passenger
2026-02-01,12:08,04:43,Fukuoka,FUK,VietJet Air,VJ959,2,11L,Landed,VN-A651,A321,passenger
2026-02-01,12:03,05:45,Doha,DOH,Qatar Airways,QR976,2,11L,Landed,A7-BHH,B789,passenger
2026-02-01,11:58,01:51,Can Tho,VCA,Vietnam Airlines,VN1200,1,11L,Landed,VN-A358,A321,passenger
2026-02-01,11:53,01:34,Nha Trang,CXR,VietJet Air,VJ770,1,11L,Landed,VN-A647,A321,passenger
2026-02-01,11:49,04:40,Fukuoka,FUK,Vietnam Airlines,VN359,2,11L,Landed,VN-A501,A21N,passenger
2026-02-01,11:46,01:38,Da Lat,DLI,Bamboo Airways,QH1422,1,11L,Landed,VN-A227,A321,passenger
2026-02-01,11:42,02:51,Taipei,TPE,EVA Air,BR397,2,11L,Landed,B-16723,B77W,passenger
2026-02-01,11:40,03:27,Shanghai,PVG,Air China,CA703,2,11L,Landed,B-6742,A321,passenger
2026-02-01,11:29,03:37,Beijing,PEK,Air China,CA741,2,11L,Landed,B-326D,A21N,passenger
2026-02-01,11:26,01:00,Da Nang,DAD,N/A,VN6080,1,11L,Landed,VN-A363,A321,passenger
2026-02-01,11:23,01:49,Ho Chi Minh City,SGN,Sun PhuQuoc Airways,9G822,1,11L,Landed,VN-A280,A321,passenger
2026-02-01,11:20,01:32,Buon Ma Thuot,BMV,Vietnam Airlines,VN1602,1,11L,Landed,VN-A334,A321,passenger
2026-02-01,11:18,04:49,Seoul,ICN,Korean Air,KE441,2,11L,Landed,HL8531,A21N,passenger
2026-02-01,11:14,00:47,Dong Hoi,VDH,Vietnam Airlines,VN1590,1,11L,Landed,VN-A611,A321,passenger
2026-02-01,11:11,01:41,Ho Chi Minh City,SGN,VietJet Air,VJ132,1,11L,Landed,VN-A635,A321,passenger
2026-02-01,11:04,01:39,Da Lat,DLI,Vietnam Airlines,VN1572,1,11L,Landed,VN-A514,A20N,passenger
2026-02-01,11:00,01:42,Ho Chi Minh City,SGN,Vietnam Airlines,VN244,1,11L,Landed,VN-A871,B789,passenger
2026-02-01,10:58,01:02,Da Nang,DAD,Vietnam Airlines,VN164,1,11L,Landed,VN-A508,A21N,passenger
2026-02-01,10:55,01:15,Pleiku,PXU,Vietnam Airlines,VN1614,1,11L,Landed,VN-A612,A321,passenger
2026-02-01,10:52,01:47,Phu Quoc,PQC,VietJet Air,VJ442,1,11L,Landed,VN-A684,A321,passenger
2026-02-01,10:50,04:23,Busan,PUS,VietJet Air,VJ981,2,11L,Landed,VN-A645,A321,passenger
2026-02-01,10:47,01:00,Da Nang,DAD,VietJet Air,VJ524,1,11L,Landed,VN-A637,A321,passenger
2026-02-01,10:42,02:50,Taipei,TPE,China Airlines,CI791,2,11L,Landed,B-18112,A21N,passenger
2026-02-01,10:38,01:44,Ho Chi Minh City,SGN,VietJet Air,VJ184,1,11L,Landed,VN-A814,A333,passenger
2026-02-01,10:35,02:56,Taipei,TPE,STARLUX,JX715,2,11L,Landed,B-58204,A21N,passenger
2026-02-01,10:31,01:14,Qui Nhon,UIH,VietJet Air,VJ430,1,11L,Landed,VN-A657,A321,passenger
2026-02-01,10:21,01:36,Guangzhou,CAN,China Southern Airlines,CZ3049,2,11L,Landed,B-30DG,A20N,passenger
2026-02-01,10:16,01:06,Chu Lai,VCL,Vietnam Airlines,VN1640,1,11L,Landed,VN-A515,A20N,passenger
2026-02-01,10:12,02:29,Kaohsiung,KHH,Vietnam Airlines,VN587,2,11L,Landed,VN-A399,A321,passenger
2026-02-01,10:07,01:40,Ho Chi Minh City,SGN,Vietnam Airlines,VN208,1,11L,Landed,VN-A869,B789,passenger
2026-02-01,10:05,04:28,Seoul,ICN,Air Zeta,KJ953,0,11L,Landed,HL7421,B744,cargo
2026-02-01,10:01,01:37,Da Lat,DLI,VietJet Air,VJ402,1,11L,Landed,VN-A522,A321,passenger
2026-02-01,09:58,01:43,Hong Kong,HKG,Cathay Pacific,CX741,2,11L,Landed,B-HNF,B773,passenger
2026-02-01,09:54,01:26,Buon Ma Thuot,BMV,VietJet Air,VJ492,1,11L,Landed,VN-A641,A321,passenger
2026-02-01,09:48,01:41,Ho Chi Minh City,SGN,VietJet Air,VJ126,1,11L,Landed,VN-A547,A21N,passenger
2026-02-01,09:45,02:52,Taipei,TPE,Vietnam Airlines,VN579,2,11L,Landed,VN-A609,A321,passenger
2026-02-01,09:43,01:42,Ho Chi Minh City,SGN,Avion Express,VJ148,1,11L,Landed,LY-NVG,A320,passenger
2026-02-01,09:38,01:23,Pleiku,PXU,VietJet Air,VJ422,1,11L,Landed,VN-A632,A321,passenger
2026-02-01,09:34,01:30,Bangkok,BKK,Thai Airways,TG560,2,11L,Landed,HS-TXA,A320,passenger
2026-02-01,09:31,00:39,Vinh,VII,Vietnam Airlines,VN1716,1,11L,Landed,VN-A332,A321,passenger
2026-02-01,09:27,01:42,Ho Chi Minh City,SGN,VietJet Air,VJ124,1,11L,Landed,VN-A670,A321,passenger
2026-02-01,09:19,04:44,Seoul,ICN,VietJet Air,VJ963,2,11L,Landed,VN-A500,A21N,passenger
2026-02-01,09:15,01:05,Da Nang,DAD,VietJet Air,VJ504,1,11L,Landed,VN-A672,A320,passenger
2026-02-01,09:12,01:45,Ho Chi Minh City,SGN,Sun PhuQuoc Airways,9G808,1,11L,Landed,VN-A281,A21N,passenger
2026-02-01,09:09,01:45,Ho Chi Minh City,SGN,Vietravel Airlines,VU774,1,11L,Landed,VN-A129,A321,passenger
2026-02-01,09:06,00:55,Hue,HUI,Vietnam Airlines,VN1540,1,11L,Landed,VN-A329,A321,passenger
2026-02-01,09:03,00:56,Da Nang,DAD,Vietnam Airlines,VN158,1,11L,Landed,VN-A398,A321,passenger
2026-02-01,08:59,01:44,Hong Kong,HKG,HK express,UO540,2,11L,Landed,B-HSM,A320,passenger
2026-02-01,08:55,01:44,Ho Chi Minh City,SGN,Bamboo Airways,QH204,1,11L,Landed,VN-A596,A20N,passenger
2026-02-01,08:52,01:37,Ho Chi Minh City,SGN,Vietnam Airlines,VN240,1,11L,Landed,VN-A892,A359,passenger
2026-02-01,08:37,09:53,Oslo,OSL,Ethiopian Airlines,ET3792,0,11L,Landed,ET-BAA,B77L,cargo
2026-02-01,08:32,01:28,Bangkok,BKK,K-Mile Air,8K528,0,11L,Landed,HS-KMD,B738,cargo
2026-02-01,08:29,01:38,Shenzhen,SZX,Shenzhen Airlines,ZH101,2,11L,Landed,B-6855,A320,passenger
2026-02-01,08:26,01:21,Bangkok,DMK,AirAsia,FD642,2,11L,Landed,HS-BBZ,A20N,passenger
2026-02-01,08:22,02:50,Singapore,SIN,Scoot,TR300,2,11L,Landed,9V-OFJ,B788,passenger
2026-02-01,08:17,01:40,Ho Chi Minh City,SGN,Sun PhuQuoc Airways,9G806,1,11L,Landed,VN-A279,A321,passenger
2026-02-01,08:05,00:58,Da Nang,DAD,Vietnam Airlines,VN156,1,11L,Landed,VN-A505,A21N,passenger
2026-02-01,07:50,01:39,Ho Chi Minh City,SGN,Vietnam Airlines,VN206,1,11L,Landed,VN-A865,B789,passenger
2026-02-01,07:45,01:43,Ho Chi Minh City,SGN,Vietravel Airlines,VU750,1,11L,Landed,VN-A289,A321,passenger
2026-02-01,07:40,03:01,Manila,MNL,Cebu Pacific,5J744,2,11L,Landed,RP-C4126,A21N,passenger
2026-02-01,07:25,02:49,Manila,MNL,Vietnam Airlines,VN646,2,11L,Landed,VN-A326,A321,passenger
2026-02-01,07:18,01:44,Ho Chi Minh City,SGN,VietJet Air,VJ122,1,11L,Landed,VN-A633,A321,passenger
2026-02-01,06:58,01:00,Da Nang,DAD,VietJet Air,VJ502,1,11L,Landed,VN-A647,A321,passenger
2026-02-01,06:47,01:40,Ho Chi Minh City,SGN,N/A,VN6002,1,11L,Landed,VN-A363,A321,passenger
2026-02-01,06:27,05:40,Doha,DOH,Qatar Airways,QR982,2,11L,Landed,A7-BHO,B789,passenger
2026-02-01,06:21,03:46,Jakarta,CGK,Vietnam Airlines,VN634,2,11L,Landed,VN-A601,A321,passenger
2026-02-01,06:06,03:45,Bengaluru,BLR,Vietnam Airlines,VN982,2,11L,Landed,VN-A508,A21N,passenger
2026-02-01,06:02,09:58,Frankfurt,FRA,Vietnam Airlines,VN36,2,11L,Landed,VN-A862,B789,passenger
2026-02-01,05:56,05:48,Doha,DOH,Qatar Airways,QR8956,0,11L,Landed,A7-BFD,B77L,cargo
2026-02-01,05:49,10:25,Paris,CDG,Vietnam Airlines,VN18,2,11L,Landed,VN-A895,A359,passenger
2026-02-01,05:35,03:44,Ahmedabad,AMD,VietJet Air,VJ1926,2,11L,Landed,VN-A658,A320,passenger
2026-02-01,05:23,03:17,Shanghai,PVG,VietJet Air,VJ7239,2,11L,Landed,VN-A666,A320,passenger
2026-02-01,05:16,03:24,Delhi,DEL,VietJet Air,VJ972,2,11L,Landed,VN-A812,A333,passenger
2026-02-01,05:04,04:40,Seoul,ICN,Air Zeta,KJ389,0,11L,Landed,HL7507,B763,cargo
2026-02-01,04:57,03:39,Mumbai,BOM,Vietnam Airlines,VN972,2,N/A,Landed,VN-A888,A359,passenger
2026-02-01,04:25,09:57,Milan,MXP,Vietnam Airlines,VN72,2,11L,Landed,VN-A890,A359,passenger
2026-02-01,04:21,01:40,Guangzhou,CAN,VietJet Air,VJ7527,2,11L,Landed,VN-A641,A321,passenger
2026-02-01,04:17,09:36,Munich,MUC,Vietnam Airlines,VN34,2,11L,Landed,VN-A861,B789,passenger
2026-02-01,04:06,03:34,Beijing,PKX,VietJet Air,VJ7713,2,11L,Landed,VN-A662,A320,passenger
2026-02-01,02:35,01:38,Chengdu,TFU,VietJet Air,VJ7307,2,11L,Landed,VN-A545,A21N,passenger
2026-02-01,02:26,04:47,Seoul,ICN,Air Zeta,KJ373,0,11L,Landed,HL8355,B738,cargo
2026-02-01,02:13,04:30,Seoul,ICN,Korean Air,KE361,0,11L,Landed,HL7603,B744,cargo
2026-02-01,02:10,01:40,Ho Chi Minh City,SGN,VietJet Air,VJ178,1,11L,Landed,VN-A632,A321,passenger
2026-02-01,01:42,01:33,Nha Trang,CXR,Vietnam Airlines,VN7560,1,11L,Landed,VN-A619,A21N,passenger
2026-02-01,01:38,01:43,Ho Chi Minh City,SGN,VietJet Air,VJ182,1,11L,Landed,VN-A668,A320,passenger
2026-02-01,01:30,03:18,Shanghai,PVG,China Eastern Airlines,MU5075,2,11L,Landed,B-5838,B738,passenger
2026-02-01,01:20,01:40,Ho Chi Minh City,SGN,Bamboo Airways,QH282,1,11L,Landed,VN-A227,A321,passenger
2026-02-01,01:09,02:54,Manila,MNL,Philippine Airlines,PR595,2,11L,Landed,RP-C9903,A321,passenger
2026-02-01,01:01,02:11,Wuhan,WUH,China Eastern Airlines,MU2573,2,11L,Landed,B-7876,B738,passenger
2026-02-01,00:56,01:34,Shenzhen,SZX,Shenzhen Airlines,ZH107,2,11L,Landed,B-1683,A320,passenger
2026-02-01,00:52,01:45,Ho Chi Minh City,SGN,Vietnam Airlines,VN270,1,11L,Landed,VN-A329,A321,passenger
2026-02-01,00:49,04:59,Seoul,ICN,Jeju Air,7C2201,2,11L,Landed,HL8523,B38M,passenger
2026-02-01,00:45,03:18,Shanghai,PVG,Juneyao Air,HO1329,2,11L,Landed,B-6787,A320,passenger
2026-02-01,00:36,01:45,Hong Kong,HKG,Hong Kong Air Cargo,RH317,0,11L,Landed,B-LMA,A332,cargo
2026-02-01,00:32,03:23,Jinan,TNA,Shandong Airlines,SC8071,2,11L,Landed,B-7806,B738,passenger
2026-02-01,00:22,01:47,Phu Quoc,PQC,VietJet Air,VJ3521,1,11L,Landed,VN-A539,A21N,passenger
2026-02-01,00:20,00:46,Vinh,VII,Vietnam Airlines,VN7718,1,11L,Landed,VN-A513,A20N,passenger
2026-02-01,00:13,00:57,Da Nang,DAD,Vietnam Airlines,VN7192,1,11L,Landed,VN-A611,A321,passenger
2026-02-01,00:07,04:42,Busan,PUS,Air Busan,BX7395,2,11L,Landed,HL8525,A21N,passenger
2026-02-02,23:59,00:59,Da Nang,DAD,Vietnam Airlines,VN7192,1,11L,Landed,VN-A605,A321,passenger
2026-02-02,23:56,01:27,Bangkok,BKK,Vietnam Airlines,VN616,2,11L,Landed,VN-A507,A21N,passenger
2026-02-02,23:51,01:39,Ho Chi Minh City,SGN,Vietnam Airlines,VN224,1,11L,Landed,VN-A623,A21N,passenger
2026-02-02,23:47,00:56,Da Nang,DAD,VietJet Air,VJ520,1,11L,Landed,VN-A544,A321,passenger
2026-02-02,23:44,04:34,Ulaanbaatar,UBN,Aero Mongolia,M0535,2,11L,Landed,JU-1188,A319,passenger
2026-02-02,23:40,04:40,Daegu,TAE,T'way Air,TW63,2,11L,Landed,HL8056,B738,passenger
2026-02-02,23:38,01:41,Ho Chi Minh City,SGN,VietJet Air,VJ164,1,11L,Landed,VN-A815,A333,passenger
2026-02-02,23:35,01:41,Ho Chi Minh City,SGN,Sun PhuQuoc Airways,9G882,1,11L,Landed,VN-A280,A321,passenger
2026-02-02,23:31,01:51,Can Tho,VCA,VietJet Air,VJ464,1,11L,Landed,VN-A687,A321,passenger
2026-02-02,23:28,01:37,Ho Chi Minh City,SGN,Vietnam Airlines,VN260,1,11L,Landed,VN-A873,B78X,passenger
2026-02-02,23:24,01:38,Ho Chi Minh City,SGN,Vietnam Airlines,VN7200,1,11L,Landed,VN-A398,A321,passenger
2026-02-02,23:21,01:40,Ho Chi Minh City,SGN,Bamboo Airways,QH280,1,11L,Landed,VN-A597,A321,passenger
2026-02-02,23:17,01:42,Ho Chi Minh City,SGN,VietJet Air,VJ158,1,11L,Landed,VN-A537,A21N,passenger
2026-02-02,23:13,04:39,Seoul,ICN,T'way Air,TW61,2,11L,Landed,HL8326,B738,passenger
2026-02-02,23:11,01:38,Ho Chi Minh City,SGN,VietJet Air,VJ180,1,11L,Landed,VN-A812,A333,passenger
2026-02-02,23:06,01:41,Guangzhou,CAN,China Southern Airlines,CZ371,2,11L,Landed,B-20CU,B38M,passenger
2026-02-02,22:59,00:53,Hue,HUI,Vietnam Airlines,VN1548,1,11L,Landed,VN-A614,A321,passenger
2026-02-02,22:55,04:32,Seoul,ICN,Asiana Airlines,OZ733,2,11L,Landed,HL7578,A359,passenger
2026-02-02,22:50,03:39,Delhi,DEL,SF Airlines,O3168,0,11L,Landed,B-221N,B763,cargo
2026-02-02,22:46,01:41,Ho Chi Minh City,SGN,Vietnam Airlines,VN256,1,11L,Landed,VN-A894,A359,passenger
2026-02-02,22:42,06:06,Tokyo,NRT,All Nippon Airways,NH897,2,11L,Landed,JA836A,B789,passenger
2026-02-02,22:37,04:49,Seoul,ICN,FedEx,FX9073,0,11L,Landed,N118FE,B763,cargo
2026-02-02,22:34,01:40,Ho Chi Minh City,SGN,VietJet Air,VJ196,1,11L,Landed,VN-A814,A333,passenger
2026-02-02,22:30,01:36,Phnom Penh,KTI,Vietnam Airlines,VN922,2,11L,Landed,VN-A608,A321,passenger
2026-02-02,22:27,02:03,Can Tho,VCA,Vietnam Airlines,VN1206,1,11L,Landed,VN-A332,A321,passenger
2026-02-02,22:25,01:54,Ho Chi Minh City,SGN,VietJet Air,VJ160,1,11L,Landed,VN-A549,A21N,passenger
2026-02-02,22:22,01:51,Chengdu,TFU,Sichuan Airlines,3U3905,2,11L,Landed,B-1662,A320,passenger
2026-02-02,22:18,01:44,Ho Chi Minh City,SGN,Vietnam Airlines,VN220,1,11L,Landed,VN-A868,B789,passenger
2026-02-02,22:15,02:48,Kuala Lumpur,KUL,Vietnam Airlines,VN680,2,11L,Landed,VN-A324,A321,passenger
2026-02-02,22:12,01:40,Macau,MFM,Air Macau,NX982,2,11L,Landed,B-MBO,A20N,passenger
2026-02-02,22:10,01:44,Ho Chi Minh City,SGN,VietJet Air,VJ166,1,11L,Landed,VN-A644,A321,passenger
2026-02-02,22:07,,Hue,HUI,VietJet Air,VJ568,1,11L,Landed,VN-A642,A321,passenger
2026-02-02,22:04,04:37,Seoul,ICN,Korean Air,KE447,2,11L,Landed,HL8573,B78X,passenger
2026-02-02,22:02,01:19,Pleiku,PXU,VietJet Air,VJ424,1,11L,Landed,VN-A649,A321,passenger
2026-02-02,21:59,12:47,Anchorage,ANC,UPS,5X72,0,11L,Landed,N609UP,B748,cargo
2026-02-02,21:55,01:04,Da Nang,DAD,N/A,VN6070,1,11L,Landed,VN-A363,A321,passenger
2026-02-02,21:53,01:55,Ho Chi Minh City,SGN,Vietnam Airlines,VN262,1,11L,Landed,VN-A335,A321,passenger
2026-02-02,21:50,01:48,Nha Trang,CXR,Vietnam Airlines,VN1562,1,11L,Landed,VN-A609,A321,passenger
2026-02-02,21:47,03:02,Taipei,TPE,VietJet Air,VJ943,2,11L,Landed,VN-A536,A21N,passenger
2026-02-02,21:41,01:51,Phu Quoc,PQC,Sun PhuQuoc Airways,9G1230,1,11L,Landed,VN-A281,A21N,passenger
2026-02-02,21:39,01:35,Siem Reap,SAI,VietJet Air,VJ914,2,11L,Landed,VN-A534,A21N,passenger
2026-02-02,21:37,00:54,Vientiane,VTE,Vietnam Airlines,VN920,2,11L,Landed,VN-A625,A21N,passenger
2026-02-02,21:27,01:45,Bangkok,BKK,VietJet Air,VJ904,2,11L,Landed,VN-A528,A21N,passenger
2026-02-02,21:25,01:53,Ho Chi Minh City,SGN,Sun PhuQuoc Airways,9G872,1,11L,Landed,VN-A286,A21N,passenger
2026-02-02,21:18,01:38,Da Lat,DLI,VietJet Air,VJ410,1,11L,Landed,VN-A637,A321,passenger
2026-02-02,21:12,00:49,Luang Prabang,LPQ,Vietnam Airlines,VN930,2,11L,Landed,VN-A606,A321,passenger
2026-02-02,21:09,01:06,Da Nang,DAD,Vietnam Airlines,VN188,1,11L,Landed,VN-A508,A21N,passenger
2026-02-02,21:06,06:18,Tokyo,NRT,VietJet Air,VJ935,2,11L,Landed,VN-A550,A21N,passenger
2026-02-02,21:03,09:13,Sydney,SYD,Vietnam Airlines,VN786,2,11L,Landed,VN-A889,A359,passenger
2026-02-02,21:01,00:36,Dien Bien Phu,DIN,Vietnam Airlines,VN1807,1,11L,Landed,VN-A601,A321,passenger
2026-02-02,20:57,04:24,Denpasar,DPS,VietJet Air,VJ998,2,11L,Landed,VN-A525,A21N,passenger
2026-02-02,20:50,00:57,Da Nang,DAD,Vietravel Airlines,VU658,1,11L,Landed,VN-A129,A321,passenger
2026-02-02,20:41,04:23,Seoul,ICN,Vietnam Airlines,VN415,2,11L,Landed,VN-A893,A359,passenger
2026-02-02,20:36,01:24,Bangkok,DMK,AirAsia,FD644,2,11L,Landed,HS-EAG,A21N,passenger
2026-02-02,20:29,05:44,Tokyo,HND,Vietnam Airlines,VN385,2,11L,Landed,VN-A864,B789,passenger
2026-02-02,20:18,01:42,Phu Quoc,PQC,VietJet Air,VJ1440,1,11L,Landed,VN-A629,A321,passenger
2026-02-02,20:14,01:02,Da Nang,DAD,VietJet Air,VJ516,1,11L,Landed,VN-A662,A320,passenger
2026-02-02,20:11,07:20,Amman,AMM,Turkish Airlines,TK6232,0,11L,Landed,TC-LJY,B77L,cargo
2026-02-02,20:08,,Ho Chi Minh City,SGN,Vietnam Airlines,VN252,1,11L,Landed,VN-A891,A359,passenger
2026-02-02,20:05,02:40,Taichung,RMQ,VietJet Air,VJ949,2,11L,Landed,VN-A640,A321,passenger
2026-02-02,19:58,10:51,Leipzig,LEJ,DHL Air,QY578,0,11L,Landed,D-ALMD,A332,cargo
2026-02-02,19:53,01:20,Qui Nhon,UIH,VietJet Air,VJ432,1,11L,Landed,VN-A676,A320,passenger
2026-02-02,19:43,00:33,Vinh,VII,Vietnam Airlines,VN1718,1,11L,Landed,VN-A356,A321,passenger
2026-02-02,19:39,01:35,Ho Chi Minh City,SGN,Vietnam Airlines,VN254,1,11L,Landed,VN-A888,A359,passenger
2026-02-02,19:34,01:38,Ho Chi Minh City,SGN,Vietravel Airlines,VU780,1,11L,Landed,VN-A289,A321,passenger
2026-02-02,19:17,01:17,Siem Reap,SAI,Vietnam Airlines,VN836,2,11L,Landed,VN-A358,A321,passenger
2026-02-02,19:14,01:21,Bangkok,BKK,Thai Airways,TG564,2,11L,Landed,HS-TXA,A320,passenger
2026-02-02,19:10,05:22,Osaka,KIX,VietJet Air,VJ931,2,11L,Landed,VN-A516,A21N,passenger
2026-02-02,19:01,01:45,Hong Kong,HKG,Hong Kong Airlines,HX528,2,11L,Landed,B-LPE,A320,passenger
2026-02-02,18:47,06:43,Tbilisi,TBS,Turkish Airlines,TK6268,0,11L,Landed,TC-LJR,B77L,cargo
2026-02-02,18:34,01:30,Buon Ma Thuot,BMV,VietJet Air,VJ1492,1,11L,Landed,VN-A642,A321,passenger
2026-02-02,18:30,01:35,Shenzhen,SZX,Shenzhen Airlines,ZH105,2,11L,Landed,B-1936,B738,passenger
2026-02-02,18:27,01:04,Da Nang,DAD,Vietnam Airlines,VN174,1,11L,Landed,VN-A329,A321,passenger
2026-02-02,18:24,01:35,Nha Trang,CXR,Vietnam Airlines,VN1558,1,11L,Landed,VN-A505,A21N,passenger
2026-02-02,18:21,01:45,Guangzhou,CAN,China Southern Airlines,CZ8177,2,29R,Landed,B-1176,B38M,passenger
2026-02-02,18:17,01:40,Hong Kong,HKG,Cathay Pacific,CX743,2,11L,Landed,B-KPU,B77W,passenger
2026-02-02,18:15,03:53,Jakarta,CGK,VietJet Air,VJ928,2,11L,Landed,VN-A666,A320,passenger
2026-02-02,18:10,01:30,Phnom Penh,KTI,Air Cambodia,K6850,2,11L,Landed,XU-356,A320,passenger
2026-02-02,18:06,01:38,Guangzhou,CAN,Vietnam Airlines,VN507,2,11L,Landed,VN-A614,A321,passenger
2026-02-02,18:02,01:40,Phu Quoc,PQC,Sun PhuQuoc Airways,9G1216,1,11L,Landed,VN-A284,A21N,passenger
2026-02-02,17:58,02:52,Singapore,SIN,VietJet Air,VJ916,2,11L,Landed,VN-A647,A321,passenger
2026-02-02,17:56,03:13,Shanghai,PVG,Vietnam Airlines,VN533,2,11L,Landed,VN-A507,A21N,passenger
2026-02-02,17:54,01:47,Ho Chi Minh City,SGN,Sun PhuQuoc Airways,9G854,1,11L,Landed,VN-A280,A321,passenger
2026-02-02,17:50,02:29,Kaohsiung,KHH,VietJet Air,VJ947,2,11L,Landed,VN-A633,A321,passenger
2026-02-02,17:48,01:46,Ho Chi Minh City,SGN,Transavia,VJ134,1,11L,Landed,LY-MLI,A320,passenger
2026-02-02,17:45,01:19,Bangkok,BKK,Vietnam Airlines,VN614,2,11L,Landed,VN-A601,A321,passenger
2026-02-02,17:39,00:59,Luang Prabang,LPQ,Lao Airlines,QV313,2,11L,Landed,RDPL-34225,AT76,passenger
2026-02-02,17:37,03:32,Shanghai,PVG,China Eastern Airlines,MU6013,2,11L,Landed,B-32KD,A21N,passenger
2026-02-02,17:32,01:35,Ho Chi Minh City,SGN,Vietnam Airlines,VN232,1,11L,Landed,VN-A886,A359,passenger
2026-02-02,17:29,00:57,Da Nang,DAD,VietJet Air,VJ514,1,11L,Landed,VN-A649,A321,passenger
2026-02-02,17:25,01:43,Ho Chi Minh City,SGN,VietJet Air,VJ132,1,11L,Landed,VN-A548,A21N,passenger
2026-02-02,17:22,01:32,Nha Trang,CXR,Bamboo Airways,QH1416,1,11L,Landed,VN-A597,A321,passenger
2026-02-02,17:19,03:00,Singapore,SIN,Singapore Airlines,SQ194,2,11L,Landed,9V-SHL,A359,passenger
2026-02-02,17:16,04:42,Busan,PUS,VietJet Air,VJ957,2,11L,Landed,VN-A658,A320,passenger
2026-02-02,17:12,01:44,Phu Quoc,PQC,N/A,VN6400,1,11L,Landed,VN-A363,A321,passenger
2026-02-02,17:09,01:21,Bangkok,BKK,VietJet Air,VJ902,2,11L,Landed,VN-A575,A21N,passenger
2026-02-02,17:03,01:36,Ho Chi Minh City,SGN,Vietnam Airlines,VN250,1,11L,Landed,VN-A874,B78X,passenger
2026-02-02,17:01,03:02,Taipei,TPE,EVA Air,BR385,2,11L,Landed,B-16225,A321,passenger
2026-02-02,16:57,01:38,Ho Chi Minh City,SGN,VietJet Air,VJ146,1,11L,Landed,VN-A815,A333,passenger
2026-02-02,16:53,03:32,Shanghai,PVG,Air China,CA755,2,11L,Landed,B-8495,A321,passenger
2026-02-02,16:47,02:57,Taipei,TPE,China Airlines,CI793,2,11L,Landed,B-18106,A21N,passenger
2026-02-02,16:43,00:58,Da Nang,DAD,Vietnam Airlines,VN7164,1,11L,Landed,VN-A323,A321,passenger
2026-02-02,16:40,01:14,Qui Nhon,UIH,Bamboo Airways,QH1214,1,29R,Landed,VN-A596,A20N,passenger
2026-02-02,16:38,01:38,Ho Chi Minh City,SGN,VietJet Air,VJ130,1,11L,Landed,VN-A810,A333,passenger
2026-02-02,16:31,02:12,Kolkata,CCU,IndiGo,6E1631,2,11L,Landed,VT-IFZ,A320,passenger
2026-02-02,16:23,01:34,Da Lat,DLI,Vietnam Airlines,VN1574,1,11L,Landed,VN-A508,A21N,passenger
2026-02-02,16:20,01:03,Da Nang,DAD,Vietnam Airlines,VN172,1,11L,Landed,VN-A612,A321,passenger
2026-02-02,16:11,01:40,Ho Chi Minh City,SGN,Vietravel Airlines,VU770,1,11R,Landed,VN-A129,A321,passenger
2026-02-02,16:01,02:49,Singapore,SIN,Vietnam Airlines,VN660,2,11L,Landed,VN-A356,A321,passenger
2026-02-02,15:58,01:34,Ho Chi Minh City,SGN,Vietnam Airlines,VN214,1,11L,Landed,VN-A867,B789,passenger
2026-02-02,15:55,01:33,Da Lat,DLI,VietJet Air,VJ408,1,11L,Landed,VN-A637,A321,passenger
2026-02-02,15:52,01:21,Tuy Hoa,TBB,Vietnam Airlines,VN1650,1,11L,Landed,VN-A396,A321,passenger
2026-02-02,15:49,01:49,Phu Quoc,PQC,Sun PhuQuoc Airways,9G1208,1,29R,Landed,VN-A281,A21N,passenger
2026-02-02,15:45,01:10,Da Nang,DAD,Vietnam Airlines,VN170,1,11L,Landed,VN-A609,A321,passenger
2026-02-02,15:42,01:53,Hong Kong,HKG,Vietnam Airlines,VN593,2,11L,Landed,VN-A332,A321,passenger
2026-02-02,15:39,01:50,Ho Chi Minh City,SGN,BBN Airlines Indonesia,QH242,1,11L,Landed,PK-BBK,B739,passenger
2026-02-02,15:36,10:11,Tel Aviv,TLV,arkia,IZ595,2,11L,Landed,9H-ALC,A332,passenger
2026-02-02,15:34,04:40,Seoul,ICN,CMA CGM Air Cargo,5Y8531,0,11L,Landed,N760GT,B77L,cargo
2026-02-02,15:30,01:45,Ho Chi Minh City,SGN,Avion Express,VU778,1,11L,Landed,9H-MLW,A320,passenger
2026-02-02,15:28,01:52,Can Tho,VCA,VietJet Air,VJ462,1,11L,Landed,VN-A662,A320,passenger
2026-02-02,15:24,02:48,Fuzhou,FOC,Xiamen Air,MF8697,2,11L,Landed,B-7848,B738,passenger
2026-02-02,15:21,05:28,Blagoveshchensk,BQS,VietJet Air,VJ7615,2,11L,Landed,VN-A539,A21N,passenger
2026-02-02,15:18,01:16,Kunming,KMG,China Eastern Airlines,MU9605,2,11L,Landed,B-1308,B738,passenger
2026-02-02,15:14,01:44,Ho Chi Minh City,SGN,Vietnam Airlines,VN248,1,11L,Landed,VN-A896,A359,passenger
2026-02-02,15:08,01:46,Shenzhen,SZX,China Southern Airlines,CZ8469,2,11L,Landed,B-1805,A320,passenger
2026-02-02,15:05,08:23,Istanbul,IST,Turkish Airlines,TK164,2,11L,Landed,TC-LHG,A359,passenger
2026-02-02,15:02,01:23,Qui Nhon,UIH,Vietnam Airlines,VN1622,1,11L,Landed,VN-A515,A20N,passenger
2026-02-02,14:59,02:32,Xiamen,XMN,Xiamen Air,MF869,2,11L,Landed,B-5791,B738,passenger
2026-02-02,14:56,04:37,Seoul,ICN,Kalitta Air,K4602,0,11L,Landed,N705CK,B744,cargo
2026-02-02,14:53,01:43,Ho Chi Minh City,SGN,Pegasus,VJ188,1,11L,Landed,LY-NVE,A320,passenger
2026-02-02,14:50,01:44,Ho Chi Minh City,SGN,Sun PhuQuoc Airways,9G838,1,11L,Landed,VN-A279,A321,passenger
2026-02-02,14:47,06:17,Tokyo,NRT,VietJet Air,VJ933,2,11L,Landed,VN-A814,A333,passenger
2026-02-02,14:43,01:33,Shenzhen,SZX,Shenzhen Airlines,ZH103,2,11L,Landed,B-1683,A320,passenger
2026-02-02,14:40,01:40,Guangzhou,CAN,China Southern Airlines,CZ8315,2,11L,Landed,B-301J,A20N,passenger
2026-02-02,14:34,02:45,Kuala Lumpur,KUL,AirAsia,AK512,2,11L,Landed,9M-NEO,A20N,passenger
2026-02-02,14:31,01:09,Chiang Mai,CNX,AirAsia,FD870,2,11L,Landed,HS-BBJ,A320,passenger
2026-02-02,14:25,01:58,Con Dao,VCS,VietJet Air,VJ106,1,11L,Landed,B-652G,AJ27,passenger
2026-02-02,14:20,01:27,Bangkok,DMK,MJets,MJJ821,2,11L,Landed,HS-WEH,GLF5,business jet
2026-02-02,14:16,01:41,Ho Chi Minh City,SGN,VietJet Air,VJ144,1,11L,Landed,VN-A811,A333,passenger
2026-02-02,14:12,01:01,Da Nang,DAD,VietJet Air,VJ508,1,11L,Landed,VN-A641,A321,passenger
2026-02-02,14:07,04:45,Seoul,ICN,VietJet Air,VJ961,2,11R,Landed,VN-A528,A21N,passenger
2026-02-02,14:03,01:27,Nha Trang,CXR,Vietnam Airlines,VN1552,1,11R,Landed,VN-A611,A321,passenger
2026-02-02,14:01,03:27,Shanghai,PVG,China Eastern Airlines,MU6011,2,11L,Landed,B-6886,A321,passenger
2026-02-02,13:57,01:19,Bangkok,BKK,Vietnam Airlines,VN610,2,11L,Landed,VN-A329,A321,passenger
2026-02-02,13:56,05:26,Osaka,KIX,Vietnam Airlines,VN5335,2,11L,Landed,VN-A334,A321,passenger
2026-02-02,13:47,00:58,Da Nang,DAD,Vietnam Airlines,VN166,1,11L,Landed,VN-A358,A321,passenger
2026-02-02,13:45,04:31,Seoul,ICN,Vietnam Airlines,VN417,2,11L,Landed,VN-A872,B78X,passenger
2026-02-02,13:44,02:22,Penang,PEN,China Airlines,CI6596,0,11L,Landed,B-18722,B744,cargo
2026-02-02,13:37,05:54,Tokyo,NRT,Vietnam Airlines,VN311,2,11L,Landed,VN-A877,B78X,passenger
2026-02-02,13:32,01:43,Ho Chi Minh City,SGN,Vietnam Airlines,VN7014,1,11L,Landed,VN-A888,A359,passenger
2026-02-02,13:29,05:57,Nagoya,NGO,VietJet Air,VJ921,2,11L,Landed,VN-A547,A21N,passenger
2026-02-02,13:25,03:45,Delhi,DEL,Atlas Air,5Y8138,0,11L,Landed,N472MC,B744,cargo
2026-02-02,13:21,05:34,Nagoya,NGO,Vietnam Airlines,VN349,2,11L,Landed,VN-A865,B789,passenger
2026-02-02,13:18,03:54,Delhi,DEL,IndiGo,6E1633,2,11L,Landed,VT-IIR,A20N,passenger
2026-02-02,13:15,01:43,Ho Chi Minh City,SGN,Vietnam Airlines,VN246,1,11L,Landed,VN-A324,A321,passenger
2026-02-02,13:11,00:44,Dien Bien Phu,DIN,Vietnam Airlines,VN7805,1,11L,Landed,VN-A326,A321,passenger
2026-02-02,13:06,04:26,Busan,PUS,Vietnam Airlines,VN429,2,11L,Landed,VN-A871,B789,passenger
2026-02-02,13:01,05:29,Dubai,DXB,Emirates,EK394,2,11R,Landed,A6-ENA,B77W,passenger
2026-02-02,12:54,05:08,Osaka,KIX,VietJet Air,VJ939,2,11L,Landed,VN-A536,A21N,passenger
2026-02-02,12:51,01:34,Phu Quoc,PQC,Sun PhuQuoc Airways,9G1204,1,11L,Landed,VN-A286,A21N,passenger
2026-02-02,12:44,04:36,Fukuoka,FUK,Vietnam Airlines,VN357,2,11L,Landed,VN-A505,A21N,passenger
2026-02-02,12:35,01:52,Guangzhou,CAN,Shenzhen Airlines,ZH121,2,11L,Landed,B-1518,B738,passenger
2026-02-02,12:32,02:43,Kuala Lumpur,KUL,Batik Air,OD571,2,11L,Landed,9M-LRF,B38M,passenger
2026-02-02,12:29,01:43,Ho Chi Minh City,SGN,Bamboo Airways,QH224,1,11L,Landed,JU-1410,A320,passenger
2026-02-02,12:26,01:49,Phu Quoc,PQC,VietJet Air,VJ440,1,11L,Landed,VN-A656,A320,passenger
2026-02-02,12:24,05:56,Doha,DOH,Qatar Airways,QR976,2,11L,Landed,A7-BHR,B789,passenger
2026-02-02,12:20,04:42,Seoul,ICN,Asiana Airlines,OZ729,2,11L,Landed,HL7791,B772,passenger
2026-02-02,12:17,12:07,Auckland,AKL,Emirates,EK9827,0,11L,Landed,A6-EFM,B77L,cargo
2026-02-02,12:13,01:50,Ho Chi Minh City,SGN,Vietnam Airlines,VN210,1,11L,Landed,VN-A866,B789,passenger
2026-02-02,12:10,03:56,Shanghai,PVG,Air China,CA703,2,11L,Landed,B-8595,A321,passenger
2026-02-02,12:08,01:13,Da Nang,DAD,Bamboo Airways,QH104,1,11L,Landed,VN-A596,A20N,passenger
2026-02-02,12:05,01:54,Phu Quoc,PQC,Vietnam Airlines,VN1236,1,11L,Landed,VN-A614,A321,passenger
2026-02-02,12:02,02:00,Can Tho,VCA,Vietnam Airlines,VN1200,1,11L,Landed,VN-A612,A321,passenger
2026-02-02,11:59,01:37,Bangkok,DMK,AirAsia,FD640,2,11L,Landed,HS-CBR,A320,passenger
2026-02-02,11:56,03:01,Kuala Lumpur,KUL,Malaysia Airlines,MH752,2,11L,Landed,9M-MXA,B738,passenger
2026-02-02,11:54,01:47,Ho Chi Minh City,SGN,Vietnam Airlines,VN7044,1,11L,Landed,VN-A601,A321,passenger
2026-02-02,11:51,03:41,Beijing,PEK,Air China,CA741,2,11L,Landed,B-328N,A21N,passenger
2026-02-02,11:48,01:36,Nha Trang,CXR,VietJet Air,VJ770,1,11L,Landed,VN-A642,A321,passenger
2026-02-02,11:44,01:35,Da Lat,DLI,Bamboo Airways,QH1422,1,11L,Landed,VN-A597,A321,passenger
2026-02-02,11:41,01:00,Da Nang,DAD,N/A,VN6080,1,11L,Landed,VN-A363,A321,passenger
2026-02-02,11:39,01:40,Ho Chi Minh City,SGN,VietJet Air,VJ136,1,11L,Landed,VN-A651,A321,passenger
2026-02-02,11:33,02:42,Taipei,TPE,EVA Air,BR397,2,11L,Landed,B-16725,B77W,passenger
2026-02-02,11:29,01:44,Ho Chi Minh City,SGN,Sun PhuQuoc Airways,9G822,1,11L,Landed,VN-A280,A321,passenger
2026-02-02,11:25,04:57,Seoul,ICN,Korean Air,KE441,2,11L,Landed,HL8528,A21N,passenger
2026-02-02,11:21,03:01,Taipei,TPE,EVA Air,BR6061,0,11R,Landed,B-16781,B77L,cargo
2026-02-02,11:19,00:49,Dong Hoi,VDH,Vietnam Airlines,VN1590,1,11R,Landed,VN-A323,A321,passenger
2026-02-02,11:15,01:05,Da Nang,DAD,Vietnam Airlines,VN164,1,11L,Landed,VN-A609,A321,passenger
2026-02-02,11:10,02:57,Taipei,TPE,China Airlines,CI791,2,11L,Landed,B-18311,A333,passenger
2026-02-02,11:03,01:27,Buon Ma Thuot,BMV,Vietnam Airlines,VN1602,1,11L,Landed,VN-A396,A321,passenger
2026-02-02,11:01,01:14,Pleiku,PXU,Vietnam Airlines,VN1614,1,11L,Landed,VN-A606,A321,passenger
2026-02-02,10:58,01:41,Phu Quoc,PQC,VietJet Air,VJ442,1,11L,Landed,VN-A637,A321,passenger
2026-02-02,10:54,01:34,Da Lat,DLI,Vietnam Airlines,VN1572,1,11L,Landed,VN-A508,A21N,passenger
2026-02-02,10:51,01:37,Phu Quoc,PQC,Sun PhuQuoc Airways,9G1202,1,11L,Landed,VN-A284,A21N,passenger
2026-02-02,10:46,04:27,Busan,PUS,VietJet Air,VJ981,2,11L,Landed,VN-A640,A321,passenger
2026-02-02,10:38,01:50,Guangzhou,CAN,China Southern Airlines,CZ3049,2,11L,Landed,B-30DG,A20N,passenger
2026-02-02,10:34,01:31,Nha Trang,CXR,VietJet Air,VJ772,1,11L,Landed,VN-A815,A333,passenger
2026-02-02,10:29,01:09,Chu Lai,VCL,Vietnam Airlines,VN1640,1,11L,Landed,VN-A515,A20N,passenger
2026-02-02,10:26,02:55,Taipei,TPE,STARLUX,JX715,2,11L,Landed,B-58213,A21N,passenger
2026-02-02,10:23,01:39,Ho Chi Minh City,SGN,VietJet Air,VJ184,1,11L,Landed,VN-A810,A333,passenger
2026-02-02,10:03,01:38,Ho Chi Minh City,SGN,Vietnam Airlines,VN208,1,11L,Landed,VN-A867,B789,passenger
2026-02-02,10:00,02:29,Kaohsiung,KHH,Vietnam Airlines,VN587,2,11L,Landed,VN-A608,A321,passenger
2026-02-02,09:56,01:35,Da Lat,DLI,VietJet Air,VJ402,1,11L,Landed,VN-A676,A320,passenger
2026-02-02,09:54,01:28,Buon Ma Thuot,BMV,VietJet Air,VJ492,1,11L,Landed,VN-A641,A321,passenger
2026-02-02,09:50,00:54,Vientiane,VTE,VietJet Air,VJ20,2,11L,Landed,VN-A687,A321,passenger
2026-02-02,09:41,02:56,Taipei,TPE,Vietnam Airlines,VN579,2,11L,Landed,VN-A332,A321,passenger
2026-02-02,09:39,00:45,Vinh,VII,Vietnam Airlines,VN1716,1,11L,Landed,VN-A358,A321,passenger
2026-02-02,09:35,04:55,Seoul,ICN,VietJet Air,VJ963,2,11L,Landed,VN-A575,A21N,passenger
2026-02-02,09:32,01:19,Pleiku,PXU,VietJet Air,VJ422,1,11L,Landed,VN-A673,A321,passenger
2026-02-02,09:29,01:02,Da Nang,DAD,VietJet Air,VJ504,1,11L,Landed,VN-A525,A21N,passenger
2026-02-02,09:26,01:41,Ho Chi Minh City,SGN,Avion Express,VJ148,1,11L,Landed,LY-NVG,A320,passenger
2026-02-02,09:21,01:20,Bangkok,BKK,Thai Airways,TG560,2,11L,Landed,HS-TXP,A320,passenger
2026-02-02,09:15,00:55,Da Nang,DAD,Vietnam Airlines,VN158,1,11L,Landed,VN-A507,A21N,passenger
2026-02-02,09:05,01:42,Ho Chi Minh City,SGN,Avion Express,VU774,1,11L,Landed,9H-MLW,A320,passenger
2026-02-02,09:01,00:56,Hue,HUI,Vietnam Airlines,VN1540,1,11L,Landed,VN-A611,A321,passenger
2026-02-02,08:55,01:47,Hong Kong,HKG,HK express,UO540,2,11L,Landed,B-LCH,A320,passenger
2026-02-02,08:52,01:42,Ho Chi Minh City,SGN,VietJet Air,VJ176,1,11L,Landed,VN-A685,A321,passenger
2026-02-02,08:48,01:44,Hong Kong,HKG,Cathay Pacific,CX2049,0,11L,Landed,B-LIE,B744,cargo
2026-02-02,08:37,01:29,Bangkok,DMK,AirAsia,FD642,2,11L,Landed,HS-CBK,A20N,passenger
2026-02-02,08:34,01:39,Ho Chi Minh City,SGN,Vietnam Airlines,VN7032,1,11L,Landed,VN-A893,A359,passenger
2026-02-02,08:31,02:53,Singapore,SIN,Scoot,TR300,2,11L,Landed,9V-OJB,B789,passenger
2026-02-02,08:28,02:38,Lanzhou,LHW,VietJet Air,VJ38,2,11L,Landed,VN-A661,A321,passenger
2026-02-02,08:24,01:41,Ho Chi Minh City,SGN,Sun PhuQuoc Airways,9G806,1,11L,Landed,VN-A279,A321,passenger
2026-02-02,08:13,01:43,Ho Chi Minh City,SGN,VietJet Air,VJ126,1,11L,Landed,VN-A657,A321,passenger
2026-02-02,08:02,04:29,Seoul,ICN,Atlas Air,5Y8522,0,11L,Landed,N493MC,B744,cargo
2026-02-02,08:00,00:41,Nanning,NNG,GX Airlines,GX8971,2,11L,Landed,B-32DD,A320,passenger
2026-02-02,07:51,02:10,Kolkata,CCU,IndiGo,6E9478,0,11L,Landed,VT-IKY,A321,cargo
2026-02-02,07:48,01:41,Ho Chi Minh City,SGN,Vietnam Airlines,VN206,1,11L,Landed,VN-A323,A321,passenger
2026-02-02,07:44,01:45,Ho Chi Minh City,SGN,Vietravel Airlines,VU750,1,11L,Landed,VN-A289,A321,passenger
2026-02-02,07:38,01:43,Ho Chi Minh City,SGN,VietJet Air,VJ124,1,11L,Landed,VN-A811,A333,passenger
2026-02-02,07:34,02:58,Manila,MNL,Cebu Pacific,5J744,2,11L,Landed,RP-C4142,A21N,passenger
2026-02-02,07:30,00:55,Da Nang,DAD,VietJet Air,VJ524,1,11L,Landed,VN-A649,A321,passenger
2026-02-02,07:11,02:51,Manila,MNL,Vietnam Airlines,VN646,2,11L,Landed,VN-A329,A321,passenger
2026-02-02,07:05,03:27,Cebu,CEB,Vietnam Airlines,VN642,2,11L,Landed,VN-A327,A321,passenger
2026-02-02,07:00,00:59,Da Nang,DAD,Vietnam Airlines,VN154,1,11L,Landed,VN-A392,A321,passenger
2026-02-02,06:56,01:00,Da Nang,DAD,VietJet Air,VJ502,1,11L,Landed,VN-A642,A321,passenger
2026-02-02,06:52,01:44,Ho Chi Minh City,SGN,N/A,VN6002,1,11L,Landed,VN-A363,A321,passenger
2026-02-02,06:37,01:40,Ho Chi Minh City,SGN,Vietnam Airlines,VN7214,1,11L,Landed,VN-A625,A21N,passenger
2026-02-02,06:33,09:52,Frankfurt,FRA,Vietnam Airlines,VN36,2,11L,Landed,VN-A864,B789,passenger
2026-02-02,06:26,05:39,Doha,DOH,Qatar Airways,QR982,2,11L,Landed,A7-BHE,B789,passenger
2026-02-02,06:18,01:39,Ho Chi Minh City,SGN,Vietnam Airlines,VN7210,1,11L,Landed,VN-A356,A321,passenger
2026-02-02,06:14,01:39,Ho Chi Minh City,SGN,Vietnam Airlines,VN7218,1,11L,Landed,VN-A358,A321,passenger
2026-02-02,06:02,01:40,Ho Chi Minh City,SGN,Vietnam Airlines,VN7012,1,11L,Landed,VN-A614,A321,passenger
2026-02-02,05:59,09:00,Melbourne,MEL,Vietnam Airlines,VN778,2,11L,Landed,VN-A888,A359,passenger
2026-02-02,05:57,10:24,Paris,CDG,Vietnam Airlines,VN18,2,N/A,Landed,VN-A899,A359,passenger
2026-02-02,05:53,03:51,Bengaluru,BLR,Vietnam Airlines,VN982,2,11L,Landed,VN-A508,A21N,passenger
2026-02-02,05:50,03:49,Jakarta,CGK,Vietnam Airlines,VN634,2,11L,Landed,VN-A503,A21N,passenger
2026-02-02,05:38,03:48,Ahmedabad,AMD,VietJet Air,VJ1926,2,11R,Landed,VN-A663,A320,passenger
2026-02-02,05:15,03:23,Hyderabad,HYD,Vietnam Airlines,VN984,2,11L,Landed,VN-A398,A321,passenger
2026-02-02,05:11,03:13,Shanghai,PVG,VietJet Air,VJ7239,2,11L,Landed,VN-A658,A320,passenger
2026-02-02,05:02,03:42,Mumbai,BOM,Vietnam Airlines,VN972,2,11L,Landed,VN-A866,B789,passenger
2026-02-02,04:53,10:32,London,LHR,Vietnam Airlines,VN56,2,11L,Landed,VN-A870,B789,passenger
2026-02-02,04:46,04:43,Seoul,ICN,Air Zeta,KJ387,0,11L,Landed,HL7507,B763,cargo
2026-02-02,04:41,03:28,Delhi,DEL,Vietnam Airlines,VN980,2,11L,Landed,VN-A879,B78X,passenger
2026-02-02,04:38,01:31,Guangzhou,CAN,VietJet Air,VJ7527,2,11L,Landed,VN-A637,A321,passenger
2026-02-02,04:35,01:42,Hong Kong,HKG,Hong Kong Air Cargo,RH317,0,11L,Landed,B-LMA,A332,cargo
2026-02-02,04:18,03:28,Beijing,PKX,VietJet Air,VJ7713,2,11L,Landed,VN-A662,A320,passenger
2026-02-02,04:06,06:06,Riyadh,RUH,Cargolux,CV7956,0,11L,Landed,LX-VCM,B748,cargo
2026-02-02,03:43,02:43,Taipei,TPE,EVA Air,BR6021,0,11L,Landed,B-16787,B77L,cargo
2026-02-02,03:21,05:29,Dubai,DWC,China Southern Cargo,CSG2585,0,11L,Landed,B-2080,B77L,cargo
2026-02-02,02:48,01:36,Guangzhou,CAN,FedEx,FX5775,0,11L,Landed,N108FE,B763,cargo
2026-02-02,02:45,01:41,Ho Chi Minh City,SGN,VietJet Air,VJ182,1,11L,Landed,VN-A673,A321,passenger
2026-02-02,02:17,01:32,Nha Trang,CXR,VietJet Air,VJ7614,1,11L,Landed,VN-A539,A21N,passenger
2026-02-02,02:08,04:46,Seoul,ICN,Air Zeta,KJ371,0,11L,Landed,HL8338,B738,cargo
2026-02-02,01:36,03:26,Shanghai,PVG,China Eastern Airlines,MU5075,2,11L,Landed,B-7966,B738,passenger
2026-02-02,01:28,03:44,Qingdao,TAO,Shandong Airlines,SC4649,2,11L,Landed,B-7805,B738,passenger
2026-02-02,01:20,06:00,Tokyo,NRT,Japan Airlines,JL6739,0,11L,Landed,JA654J,B763,cargo
2026-02-02,01:07,02:56,Hangzhou,HGH,Air China,CA707,2,11L,Landed,B-8337,A320,passenger
2026-02-02,01:00,04:49,Seoul,ICN,T'way Air,TW61,2,11L,Landed,HL8047,B738,passenger
2026-02-02,00:56,01:45,Ho Chi Minh City,SGN,VietJet Air,VJ178,1,11L,Landed,VN-A633,A321,passenger
2026-02-02,00:52,03:28,Shanghai,PVG,Juneyao Air,HO1329,2,11L,Landed,B-6901,A320,passenger
2026-02-02,00:49,01:39,Ho Chi Minh City,SGN,Vietnam Airlines,VN270,1,11L,Landed,VN-A606,A321,passenger
2026-02-02,00:46,01:27,Bangkok,BKK,Vietnam Airlines,VN616,2,11L,Landed,VN-A326,A321,passenger
2026-02-02,00:43,01:47,Ho Chi Minh City,SGN,BBN Airlines Indonesia,QH268,1,11L,Landed,PK-BBK,B739,passenger
2026-02-02,00:35,01:44,Ho Chi Minh City,SGN,Vietnam Airlines,VN224,1,11L,Landed,VN-A396,A321,passenger
2026-02-02,00:33,04:39,Seoul,ICN,Jeju Air,7C2201,2,11L,Landed,HL8592,B38M,passenger
2026-02-02,00:29,01:44,Ho Chi Minh City,SGN,VietJet Air,VJ190,1,11L,Landed,VN-A666,A320,passenger
2026-02-02,00:25,01:38,Ho Chi Minh City,SGN,Sun PhuQuoc Airways,9G886,1,11L,Landed,VN-A284,A21N,passenger
2026-02-02,00:10,01:00,Da Nang,DAD,Vietnam Airlines,VN7192,1,11L,Landed,VN-A515,A20N,passenger
2026-02-03,23:54,01:24,Bangkok,BKK,Vietnam Airlines,VN616,2,11L,Landed,VN-A503,A21N,passenger
2026-02-03,23:42,01:37,Ho Chi Minh City,SGN,VietJet Air,VJ156,1,11L,Landed,VN-A671,A320,passenger
2026-02-03,23:25,01:35,Ho Chi Minh City,SGN,Vietnam Airlines,VN7020,1,11L,Landed,VN-A889,A359,passenger
2026-02-03,23:19,00:59,Da Nang,DAD,VietJet Air,VJ520,1,11L,Landed,VN-A635,A321,passenger
2026-02-03,23:16,04:41,Seoul,ICN,T'way Air,TW61,2,11L,Landed,HL8363,B738,passenger
2026-02-03,23:04,01:39,Ho Chi Minh City,SGN,Bamboo Airways,QH280,1,11L,Landed,VN-A596,A20N,passenger
2026-02-03,23:00,00:53,Hue,HUI,Vietnam Airlines,VN1548,1,11L,Landed,VN-A334,A321,passenger
2026-02-03,22:53,01:33,Guangzhou,CAN,China Southern Airlines,CZ371,2,11L,Landed,B-1206,B38M,passenger
2026-02-03,22:50,01:41,Ho Chi Minh City,SGN,Vietravel Airlines,VU794,1,11L,Landed,VN-A129,A321,passenger
2026-02-03,22:44,01:38,Nha Trang,CXR,VietJet Air,VJ778,1,11L,Landed,VN-A657,A321,passenger
2026-02-03,22:39,01:53,Chengdu,TFU,Sichuan Airlines,3U3905,2,11L,Landed,B-6732,A320,passenger
2026-02-03,22:36,01:48,Can Tho,VCA,VietJet Air,VJ464,1,11L,Landed,VN-A637,A321,passenger
2026-02-03,22:29,05:45,Tokyo,NRT,All Nippon Airways,NH897,2,11L,Landed,JA876A,B789,passenger
2026-02-03,22:26,01:30,Buon Ma Thuot,BMV,VietJet Air,VJ494,1,11L,Landed,VN-A658,A320,passenger
2026-02-03,22:23,01:40,Ho Chi Minh City,SGN,VietJet Air,VJ180,1,11L,Landed,VN-A820,A333,passenger
2026-02-03,22:20,01:35,Ho Chi Minh City,SGN,Vietnam Airlines,VN256,1,11L,Landed,VN-A869,B789,passenger
2026-02-03,22:15,01:39,Ho Chi Minh City,SGN,Vietnam Airlines,VN7242,1,11L,Landed,VN-A896,A359,passenger
2026-02-03,22:14,01:00,Hue,HUI,VietJet Air,VJ568,1,11L,Landed,VN-A666,A320,passenger
2026-02-03,22:10,01:43,Ho Chi Minh City,SGN,BBN Airlines Indonesia,QH268,1,11L,Landed,PK-BBK,B739,passenger
2026-02-03,22:07,05:41,Tokyo,NRT,Japan Airlines,JL751,2,11L,Landed,JA618J,B763,passenger
2026-02-03,22:01,01:56,Can Tho,VCA,Vietnam Airlines,VN1206,1,11L,Landed,VN-A605,A321,passenger
2026-02-03,21:58,01:31,Macau,MFM,Air Macau,NX982,2,11L,Landed,B-MBO,A20N,passenger
2026-02-03,21:55,01:46,Hong Kong,HKG,HK express,UO542,2,11L,Landed,B-KKD,A21N,passenger
2026-02-03,21:52,01:45,Ho Chi Minh City,SGN,VietJet Air,VJ166,1,11L,Landed,VN-A547,A21N,passenger
2026-02-03,21:49,02:47,Singapore,SIN,VietJet Air,VJ916,2,11L,Landed,VN-A550,A21N,passenger
2026-02-03,21:46,12:15,Anchorage,ANC,UPS,5X72,0,11L,Landed,N611UP,B748,cargo
2026-02-03,21:43,01:21,Siem Reap,SAI,Vietnam Airlines,VN842,2,11L,Landed,VN-A608,A321,passenger
2026-02-03,21:40,01:35,Bangkok,BKK,Vietnam Airlines,VN618,2,11L,Landed,VN-A609,A321,passenger
2026-02-03,21:38,01:44,Ho Chi Minh City,SGN,Vietnam Airlines,VN262,1,11L,Landed,VN-A395,A321,passenger
2026-02-03,21:35,01:34,Bangkok,BKK,FedEx,FX6002,0,11L,Landed,N117FE,B763,cargo
2026-02-03,21:31,02:48,Taipei,TPE,VietJet Air,VJ943,2,11L,Landed,VN-A528,A21N,passenger
2026-02-03,21:29,01:43,Phu Quoc,PQC,Sun PhuQuoc Airways,9G1230,1,29R,Landed,VN-A281,A21N,passenger
2026-02-03,21:24,00:58,Da Nang,DAD,N/A,VN6070,1,11L,Landed,VN-A363,A321,passenger
2026-02-03,21:23,01:37,Ho Chi Minh City,SGN,VietJet Air,VJ196,1,11L,Landed,VN-A812,A333,passenger
2026-02-03,21:15,01:35,Nha Trang,CXR,Vietnam Airlines,VN1562,1,11L,Landed,VN-A610,A321,passenger
2026-02-03,21:12,04:22,Seoul,ICN,Vietnam Airlines,VN415,2,11L,Landed,VN-A895,A359,passenger
2026-02-03,21:09,01:34,Ho Chi Minh City,SGN,Vietnam Airlines,VN258,1,11L,Landed,VN-A877,B78X,passenger
2026-02-03,21:04,01:32,Ho Chi Minh City,SGN,Sun PhuQuoc Airways,9G872,1,11L,Landed,VN-A286,A21N,passenger
2026-02-03,20:58,01:44,Ho Chi Minh City,SGN,Sun PhuQuoc Airways,9G868,1,11L,Landed,VN-A279,A321,passenger
2026-02-03,20:53,02:05,Dhaka,DAC,Cathay Pacific,CX48,0,11L,Landed,B-LJD,B748,cargo
2026-02-03,20:49,01:44,Bangkok,DMK,AirAsia,FD644,2,11L,Landed,HS-EAG,A21N,passenger
2026-02-03,20:47,04:30,Denpasar,DPS,VietJet Air,VJ998,2,11L,Landed,VN-A548,A21N,passenger
2026-02-03,20:41,01:38,Shenzhen,SZX,China Southern Airlines,CZ8083,2,11L,Landed,B-1651,A320,passenger
2026-02-03,20:37,01:39,Da Lat,DLI,VietJet Air,VJ410,1,11L,Landed,VN-A632,A321,passenger
2026-02-03,20:31,01:45,Ho Chi Minh City,SGN,AeroLogic,3S621,0,11L,Landed,D-AALG,B77L,cargo
2026-02-03,20:29,01:28,Siem Reap,SAI,VietJet Air,VJ914,2,11L,Landed,VN-A663,A320,passenger
2026-02-03,20:26,01:02,Da Nang,DAD,Vietnam Airlines,VN188,1,11L,Landed,VN-A614,A321,passenger
2026-02-03,20:20,01:45,Phu Quoc,PQC,VietJet Air,VJ1440,1,11L,Landed,VN-A687,A321,passenger
2026-02-03,20:17,01:37,Ho Chi Minh City,SGN,Vietnam Airlines,VN218,1,11L,Landed,VN-A879,B78X,passenger
2026-02-03,20:15,05:23,Tokyo,HND,Vietnam Airlines,VN385,2,11L,Landed,VN-A870,B789,passenger
2026-02-03,20:11,01:00,Da Nang,DAD,Vietravel Airlines,VU658,1,11L,Landed,VN-A136,A320,passenger
2026-02-03,20:06,01:43,Yangon,RGN,Myanmar Airways International,8M450,2,11L,Landed,XY-ALP,E190,passenger
2026-02-03,20:02,01:05,Da Nang,DAD,VietJet Air,VJ516,1,11L,Landed,VN-A639,A321,passenger
2026-02-03,20:00,00:42,Vinh,VII,Vietnam Airlines,VN1718,1,11L,Landed,VN-A623,A21N,passenger
2026-02-03,19:54,01:43,Ho Chi Minh City,SGN,VietJet Air,VJ172,1,11L,Landed,VN-A816,A333,passenger
2026-02-03,19:48,01:42,Ho Chi Minh City,SGN,VietJet Air,VJ152,1,11L,Landed,VN-A672,A320,passenger
2026-02-03,19:45,01:01,Hue,HUI,Vietnam Airlines,VN1544,1,11L,Landed,VN-A612,A321,passenger
2026-02-03,19:42,05:51,Doha,DOH,Qatar Airways,QR984,2,11L,Landed,A7-BCK,B788,passenger
2026-02-03,19:40,02:51,Xi'an,XIY,China Eastern Airlines,MU867,2,11L,Landed,B-32C5,A20N,passenger
2026-02-03,19:36,01:39,Ho Chi Minh City,SGN,Vietravel Airlines,VU780,1,11L,Landed,VN-A289,A321,passenger
2026-02-03,19:32,01:38,Chongqing,CKG,West Air,PN6423,2,11L,Landed,B-9981,A320,passenger
2026-02-03,19:25,01:17,Siem Reap,SAI,Vietnam Airlines,VN836,2,11L,Landed,VN-A616,A21N,passenger
2026-02-03,19:20,01:12,Pleiku,PXU,VietJet Air,VJ424,1,11L,Landed,VN-A525,A21N,passenger
2026-02-03,19:16,00:37,Vinh,VII,Bluesky Airways,BSF999,1,11L,Landed,VN-A999,FA8X,business jet
2026-02-03,19:11,01:39,Ho Chi Minh City,SGN,Vietnam Airlines,VN254,1,11L,Landed,VN-A892,A359,passenger
2026-02-03,19:04,01:43,Hong Kong,HKG,Hong Kong Air Cargo,RH317,0,11L,Landed,B-LNX,A332,cargo
2026-02-03,18:57,01:53,Changsha,CSX,China Southern Airlines,CZ8359,2,11L,Landed,B-32FY,A20N,passenger
2026-02-03,18:51,01:41,Ho Chi Minh City,SGN,Vietnam Airlines,VN252,1,11L,Landed,VN-A862,B789,passenger
2026-02-03,18:49,01:45,Guangzhou,CAN,China Southern Airlines,CZ8177,2,11L,Landed,B-6783,A320,passenger
2026-02-03,18:45,01:27,Buon Ma Thuot,BMV,VietJet Air,VJ1492,1,11L,Landed,VN-A635,A321,passenger
2026-02-03,18:42,01:47,Hong Kong,HKG,Hong Kong Airlines,HX528,2,29R,Landed,B-LPP,A320,passenger
2026-02-03,18:39,01:34,Shenzhen,SZX,Shenzhen Airlines,ZH105,2,11L,Landed,B-1712,B738,passenger
2026-02-03,18:36,01:42,Ho Chi Minh City,SGN,VietJet Air,VJ192,1,11L,Landed,VN-A811,A333,passenger
2026-02-03,18:25,01:49,Phu Quoc,PQC,Sun PhuQuoc Airways,9G1216,1,11L,Landed,VN-A284,A21N,passenger
2026-02-03,18:22,03:41,Beijing,PEK,Vietnam Airlines,VN513,2,11L,Landed,VN-A329,A321,passenger
2026-02-03,18:16,01:00,Luang Prabang,LPQ,Lao Airlines,QV313,2,11L,Landed,RDPL-34225,AT76,passenger
2026-02-03,18:10,01:43,Hong Kong,HKG,Cathay Pacific,CX743,2,11L,Landed,B-KPO,B77W,passenger
2026-02-03,18:07,01:34,Ho Chi Minh City,SGN,Vietnam Airlines,VN216,1,11L,Landed,VN-A874,B78X,passenger
2026-02-03,18:04,01:30,Nha Trang,CXR,Vietnam Airlines,VN1558,1,11L,Landed,VN-A357,A321,passenger
2026-02-03,18:00,03:49,Jakarta,CGK,VietJet Air,VJ928,2,11L,Landed,VN-A666,A320,passenger
2026-02-03,17:57,05:30,Abu Dhabi,AUH,Etihad Airways,EY430,2,11L,Landed,A6-BNE,B789,passenger
2026-02-03,17:55,03:27,Shanghai,PVG,China Eastern Airlines,MU6013,2,11L,Landed,B-32LT,A21N,passenger
2026-02-03,17:51,03:01,Singapore,SIN,Singapore Airlines,SQ194,2,11L,Landed,9V-MBC,B38M,passenger
2026-02-03,17:49,01:26,Bangkok,BKK,Vietnam Airlines,VN614,2,11L,Landed,VN-A398,A321,passenger
2026-02-03,17:46,01:35,Nha Trang,CXR,VietJet Air,VJ784,1,11L,Landed,VN-A522,A321,passenger
2026-02-03,17:43,02:34,Kaohsiung,KHH,VietJet Air,VJ947,2,11L,Landed,VN-A516,A21N,passenger
2026-02-03,17:40,01:50,Ho Chi Minh City,SGN,Transavia,VJ134,1,11L,Landed,LY-MLI,A320,passenger
2026-02-03,17:37,01:05,Da Nang,DAD,VietJet Air,VJ512,1,11L,Landed,VN-A657,A321,passenger
2026-02-03,17:35,01:24,Bangkok,BKK,VietJet Air,VJ902,2,11L,Landed,VN-A649,A321,passenger
2026-02-03,17:32,01:45,Phu Quoc,PQC,VietJet Air,VJ446,1,11L,Landed,VN-A658,A320,passenger
2026-02-03,17:28,01:30,Bangkok,BKK,China Airlines,CI6654,0,11L,Landed,B-18725,B744,cargo
2026-02-03,17:23,01:42,Phu Quoc,PQC,N/A,VN6400,1,11L,Landed,VN-A363,A321,passenger
2026-02-03,17:21,01:42,Ho Chi Minh City,SGN,Sun PhuQuoc Airways,9G854,1,11L,Landed,VN-A280,A321,passenger
2026-02-03,17:17,01:31,Nha Trang,CXR,Bamboo Airways,QH1416,1,11L,Landed,VN-A597,A321,passenger
2026-02-03,17:14,01:33,Da Lat,DLI,Bamboo Airways,QH1424,1,11L,Landed,VN-A596,A20N,passenger
2026-02-03,17:12,03:27,Shanghai,PVG,Air China,CA755,2,11L,Landed,B-8595,A321,passenger
2026-02-03,17:04,01:39,Ho Chi Minh City,SGN,Vietnam Airlines,VN250,1,11L,Landed,VN-A888,A359,passenger
2026-02-03,16:58,01:03,Da Nang,DAD,VietJet Air,VJ514,1,11L,Landed,VN-A637,A321,passenger
2026-02-03,16:56,04:58,Hiroshima,HIJ,VietJet Air,VJ953,2,11L,Landed,VN-A662,A320,passenger
2026-02-03,16:51,02:45,Taipei,TPE,EVA Air,BR385,2,11L,Landed,B-16227,A321,passenger
2026-02-03,16:48,,Busan,PUS,VietJet Air,VJ957,2,11L,Landed,,A320,unknown
2026-02-03,16:44,,Luang Prabang,LPQ,AirAsia,FD1038,2,11L,Landed,,A320,unknown
2026-02-03,16:41,,Dien Bien Phu,DIN,Vietnam Airlines,VN1805,1,11L,Landed,,A321,unknown
2026-02-03,16:38,,Vientiane,VTE,Lao Airlines,QV311,2,11L,Landed,,A320,unknown
2026-02-03,16:34,,Ho Chi Minh City,SGN,Vietnam Airlines,VN214,1,11L,Landed,,B789,unknown
2026-02-03,16:32,,Ho Chi Minh City,SGN,VietJet Air,VJ130,1,11L,Landed,,A333,unknown
2026-02-03,16:29,02:52,Taipei,TPE,China Airlines,CI793,2,11L,Landed,B-18105,A21N,passenger
2026-02-03,16:26,02:11,Kolkata,CCU,IndiGo,6E1631,2,11L,Landed,VT-ISV,A20N,passenger
2026-02-03,16:22,00:56,Da Nang,DAD,Vietnam Airlines,VN172,1,11L,Landed,VN-A623,A21N,passenger
2026-02-03,16:18,02:39,Singapore,SIN,Vietnam Airlines,VN660,2,11L,Landed,VN-A891,A359,passenger
2026-02-03,16:11,01:46,Can Tho,VCA,Vietnam Airlines,VN1202,1,11L,Landed,VN-A396,A321,passenger
2026-02-03,16:08,01:40,Ho Chi Minh City,SGN,VietJet Air,VJ198,1,11L,Landed,VN-A648,A321,passenger
2026-02-03,16:01,01:39,Ho Chi Minh City,SGN,Vietravel Airlines,VU770,1,11L,Landed,VN-A136,A320,passenger
2026-02-03,15:56,01:58,Con Dao,VCS,VietJet Air,VJ108,1,11L,Landed,B-656E,AJ27,passenger
2026-02-03,15:53,01:23,Tuy Hoa,TBB,Vietnam Airlines,VN1650,1,11L,Landed,VN-A605,A321,passenger
2026-02-03,15:49,01:52,Can Tho,VCA,VietJet Air,VJ462,1,11L,Landed,VN-A639,A321,passenger
2026-02-03,15:46,01:42,Hong Kong,HKG,Vietnam Airlines,VN593,2,11L,Landed,VN-A612,A321,passenger
2026-02-03,15:31,01:36,Da Lat,DLI,VietJet Air,VJ408,1,11L,Landed,VN-A632,A321,passenger
2026-02-03,15:27,01:41,Ho Chi Minh City,SGN,BBN Airlines Indonesia,QH242,1,11L,Landed,PK-BBK,B739,passenger
2026-02-03,15:23,01:38,Phu Quoc,PQC,Sun PhuQuoc Airways,9G1208,1,11L,Landed,VN-A281,A21N,passenger
2026-02-03,15:20,01:39,Ho Chi Minh City,SGN,Avion Express,VU778,1,11L,Landed,9H-MLW,A320,passenger
2026-02-03,15:16,01:16,Qui Nhon,UIH,Vietnam Airlines,VN1622,1,11L,Landed,VN-A515,A20N,passenger
2026-02-03,15:13,01:07,Da Nang,DAD,Vietnam Airlines,VN170,1,11L,Landed,VN-A610,A321,passenger
2026-02-03,15:10,01:46,Ho Chi Minh City,SGN,Vietnam Airlines,VN248,1,11L,Landed,VN-A866,B789,passenger
2026-02-03,15:06,08:29,Istanbul,IST,Turkish Airlines,TK164,2,11L,Landed,TC-LGJ,A359,passenger
2026-02-03,15:04,01:17,Kunming,KMG,China Eastern Airlines,MU9605,2,11L,Landed,B-7170,B738,passenger
2026-02-03,15:00,01:51,Ho Chi Minh City,SGN,VietJet Air,VJ138,1,11L,Landed,VN-A629,A321,passenger
2026-02-03,14:58,01:52,Shenzhen,SZX,China Southern Airlines,CZ8469,2,11L,Landed,B-1651,A320,passenger
2026-02-03,14:54,01:37,Da Lat,DLI,VietJet Air,VJ404,1,11L,Landed,VN-A663,A320,passenger
2026-02-03,14:47,01:49,Ho Chi Minh City,SGN,Sun PhuQuoc Airways,9G838,1,11L,Landed,VN-A279,A321,passenger
2026-02-03,14:44,02:59,Taipei,TPE,VietJet Air,VJ941,2,11L,Landed,VN-A549,A21N,passenger
2026-02-03,14:41,01:53,Guangzhou,CAN,China Southern Airlines,CZ8315,2,11L,Landed,B-6776,A320,passenger
2026-02-03,14:38,01:14,Chiang Mai,CNX,AirAsia,FD870,2,11L,Landed,HS-BBZ,A20N,passenger
2026-02-03,14:35,02:44,Wuhu,WHA,JD Airlines,JG2723,0,11L,Landed,B-5333,B738,cargo
2026-02-03,14:31,02:46,Kuala Lumpur,KUL,VietJet Air,VJ906,2,11L,Landed,VN-A698,A321,passenger
2026-02-03,14:28,01:32,Bangkok,BKK,Vietnam Airlines,VN610,2,11L,Landed,VN-A390,A321,passenger
2026-02-03,14:25,01:29,Nha Trang,CXR,Vietnam Airlines,VN1552,1,11L,Landed,VN-A609,A321,passenger
2026-02-03,14:22,01:35,Ho Chi Minh City,SGN,VietJet Air,VJ144,1,11L,Landed,VN-A810,A333,passenger
2026-02-03,14:18,01:00,Da Nang,DAD,Vietnam Airlines,VN168,1,11L,Landed,VN-A616,A21N,passenger
2026-02-03,14:16,04:41,Seoul,ICN,VietJet Air,VJ961,2,11L,Landed,VN-A687,A321,passenger
2026-02-03,14:09,,Ho Chi Minh City,SGN,Vietnam Airlines,VN212,1,11L,Landed,,A359,unknown
2026-02-03,14:06,,Kuala Lumpur,KUL,AirAsia,AK512,2,11L,Landed,,A320,unknown
2026-02-03,14:03,,Tokyo,NRT,VietJet Air,VJ933,2,11L,Landed,,A333,unknown
2026-02-03,14:00,,Shanghai,PVG,China Eastern Airlines,MU6011,2,11L,Landed,,A321,unknown
2026-02-03,13:54,,Da Nang,DAD,VietJet Air,VJ508,1,11L,Landed,,A321,unknown
2026-02-03,13:50,,Ho Chi Minh City,SGN,Vietnam Airlines,VN7258,1,11L,Landed,,A321,unknown
2026-02-03,13:39,01:41,Shenzhen,SZX,Shenzhen Airlines,ZH103,2,11L,Landed,B-6855,A320,passenger
2026-02-03,13:36,02:38,Kaohsiung,KHH,Vietnam Airlines,VN583,2,11L,Landed,VN-A601,A321,passenger
2026-02-03,13:33,01:01,Da Nang,DAD,Vietnam Airlines,VN166,1,11L,Landed,VN-A608,A321,passenger
2026-02-03,13:30,05:04,Osaka,KIX,Vietnam Airlines,VN335,2,11L,Landed,VN-A893,A359,passenger
2026-02-03,13:23,04:28,Seoul,ICN,Vietnam Airlines,VN417,2,11L,Landed,VN-A872,B78X,passenger
2026-02-03,13:20,03:58,Delhi,DEL,IndiGo,6E1633,2,11L,Landed,VT-IZF,A20N,passenger
2026-02-03,13:14,05:21,Tokyo,NRT,Vietnam Airlines,VN311,2,11L,Landed,VN-A873,B78X,passenger
2026-02-03,13:12,05:18,Osaka,KIX,VietJet Air,VJ939,2,11L,Landed,VN-A528,A21N,passenger
2026-02-03,13:10,01:47,Phu Quoc,PQC,Sun PhuQuoc Airways,9G1204,1,11L,Landed,VN-A286,A21N,passenger
2026-02-03,13:07,05:17,Nagoya,NGO,Vietnam Airlines,VN349,2,11L,Landed,VN-A889,A359,passenger
2026-02-03,13:01,05:17,Nagoya,NGO,VietJet Air,VJ921,2,11L,Landed,VN-A525,A21N,passenger
2026-02-03,12:57,01:42,Ho Chi Minh City,SGN,Vietnam Airlines,VN246,1,11L,Landed,VN-A357,A321,passenger
2026-02-03,12:54,04:31,Fukuoka,FUK,Vietnam Airlines,VN357,2,11L,Landed,VN-A625,A21N,passenger
2026-02-03,12:52,01:46,Guangzhou,CAN,Shenzhen Airlines,ZH121,2,11L,Landed,B-5612,B738,passenger
2026-02-03,12:47,04:10,Busan,PUS,Vietnam Airlines,VN429,2,11L,Landed,VN-A871,B789,passenger
2026-02-03,12:39,01:42,Phu Quoc,PQC,Sun PhuQuoc Airways,9G1202,1,11L,Landed,VN-A284,A21N,passenger
2026-02-03,12:36,01:35,Nha Trang,CXR,VietJet Air,VJ780,1,11L,Landed,VN-A522,A321,passenger
2026-02-03,12:33,02:10,Dhaka,DAC,Ethiopian Airlines,ET678,2,11L,Landed,ET-ASH,B788,passenger
2026-02-03,12:30,01:43,Phu Quoc,PQC,VietJet Air,VJ440,1,11L,Landed,VN-A656,A320,passenger
2026-02-03,12:27,01:41,Ho Chi Minh City,SGN,Bamboo Airways,QH224,1,11L,Landed,VN-A596,A20N,passenger
2026-02-03,12:24,02:41,Kuala Lumpur,KUL,Batik Air,OD571,2,11L,Landed,9M-LRR,B38M,passenger
2026-02-03,12:22,04:34,Seoul,ICN,Asiana Airlines,OZ729,2,11L,Landed,HL7755,B772,passenger
2026-02-03,12:18,04:21,Seoul,ICN,Kalitta Air,K4604,0,11L,Landed,N700CK,B744,cargo
2026-02-03,12:15,01:30,Nha Trang,CXR,VietJet Air,VJ770,1,11L,Landed,VN-A635,A321,passenger
2026-02-03,12:09,02:47,Manila,MNL,Philippine Airlines,PR593,2,11L,Landed,RP-C9903,A321,passenger
2026-02-03,12:05,05:56,Doha,DOH,Qatar Airways,QR976,2,11L,Landed,A7-BHN,B789,passenger
2026-02-03,11:59,04:36,Fukuoka,FUK,VietJet Air,VJ959,2,11L,Landed,VN-A647,A321,passenger
2026-02-03,11:56,01:40,Ho Chi Minh City,SGN,Vietnam Airlines,VN210,1,11L,Landed,VN-A862,B789,passenger
2026-02-03,11:54,01:45,Phu Quoc,PQC,Vietnam Airlines,VN1236,1,11L,Landed,VN-A623,A21N,passenger
2026-02-03,11:50,03:38,Beijing,PEK,Air China,CA741,2,11L,Landed,B-32A1,A21N,passenger
2026-02-03,11:47,01:44,Can Tho,VCA,Vietnam Airlines,VN1200,1,11L,Landed,VN-A326,A321,passenger
2026-02-03,11:39,01:33,Bangkok,DMK,AirAsia,FD640,2,11L,Landed,HS-CBR,A320,passenger
2026-02-03,11:36,01:47,Ho Chi Minh City,SGN,VietJet Air,VJ186,1,11L,Landed,VN-A811,A333,passenger
2026-02-03,11:30,02:46,Taipei,TPE,EVA Air,BR397,2,11L,Landed,B-16726,B77W,passenger
2026-02-03,11:24,,Singapore,SIN,Singapore Airlines,SQ192,2,11L,Landed,,A359,unknown
2026-02-03,11:21,,Shanghai,PVG,Air China,CA703,2,11L,Landed,,A321,unknown
2026-02-03,11:18,,Da Lat,DLI,Vietnam Airlines,VN1572,1,11L,Landed,,A321,unknown
2026-02-03,11:12,,Buon Ma Thuot,BMV,Vietnam Airlines,VN1602,1,11L,Landed,,A321,unknown
2026-02-03,11:10,,Pleiku,PXU,Vietnam Airlines,VN1614,1,11L,Landed,,A321,unknown
2026-02-03,11:04,,Ho Chi Minh City,SGN,Vietnam Airlines,VN244,1,11L,Landed,,B789,unknown
2026-02-03,11:01,04:44,Seoul,ICN,Korean Air,KE441,2,11L,Landed,HL8589,A21N,passenger
2026-02-03,10:58,03:01,Taipei,TPE,China Airlines,CI791,2,11L,Landed,B-18120,A21N,passenger
2026-02-03,10:56,01:08,Chu Lai,VCL,Vietnam Airlines,VN1640,1,11L,Landed,VN-A515,A20N,passenger
2026-02-03,10:52,04:24,Busan,PUS,VietJet Air,VJ981,2,11L,Landed,VN-A550,A21N,passenger
2026-02-03,10:49,01:03,Da Nang,DAD,Bamboo Airways,QH104,1,11L,Landed,JU-1410,A320,passenger
2026-02-03,10:46,01:43,Ho Chi Minh City,SGN,VietJet Air,VJ136,1,11L,Landed,VN-A516,A21N,passenger
2026-02-03,10:43,02:50,Taipei,TPE,STARLUX,JX715,2,11L,Landed,B-58207,A21N,passenger
2026-02-03,10:40,01:39,Phu Quoc,PQC,VietJet Air,VJ442,1,11L,Landed,VN-A658,A320,passenger
2026-02-03,10:35,01:43,Guangzhou,CAN,China Southern Airlines,CZ3049,2,11L,Landed,B-322F,A20N,passenger
2026-02-03,10:28,01:35,Ho Chi Minh City,SGN,VietJet Air,VJ184,1,11L,Landed,VN-A817,A333,passenger
2026-02-03,10:14,01:40,Ho Chi Minh City,SGN,Vietnam Airlines,VN208,1,11L,Landed,VN-A861,B789,passenger
2026-02-03,10:11,02:34,Kaohsiung,KHH,Vietnam Airlines,VN587,2,11L,Landed,VN-A396,A321,passenger
2026-02-03,10:08,01:42,Hong Kong,HKG,Cathay Pacific,CX741,2,11L,Landed,B-HNK,B773,passenger
2026-02-03,10:02,02:47,Taipei,TPE,Vietnam Airlines,VN579,2,11L,Landed,VN-A612,A321,passenger
2026-02-03,09:56,01:29,Da Lat,DLI,VietJet Air,VJ402,1,11L,Landed,VN-A663,A320,passenger
2026-02-03,09:42,01:15,Pleiku,PXU,VietJet Air,VJ422,1,11L,Landed,VN-A642,A321,passenger
2026-02-03,09:39,03:22,Shanghai,PVG,Air China Cargo,CA3115,0,11L,Landed,B-2475,B744,cargo
2026-02-03,09:34,01:26,Bangkok,BKK,Thai Airways,TG560,2,11L,Landed,HS-TXS,A320,passenger
2026-02-03,09:27,01:40,Ho Chi Minh City,SGN,Avion Express,VJ148,1,11L,Landed,LY-NVG,A320,passenger
2026-02-03,09:22,00:32,Vinh,VII,Vietnam Airlines,VN1716,1,11L,Landed,VN-A608,A321,passenger
2026-02-03,09:15,01:47,Ho Chi Minh City,SGN,BBN Airlines Indonesia,QH204,1,11L,Landed,PK-BBK,B739,passenger
2026-02-03,09:13,01:47,Ho Chi Minh City,SGN,Avion Express,VU774,1,11L,Landed,9H-MLW,A320,passenger
2026-02-03,09:09,01:03,Da Nang,DAD,Vietnam Airlines,VN158,1,11L,Landed,VN-A609,A321,passenger
2026-02-03,09:06,02:46,Singapore,XSP,N/A,N/A,2,11L,Landed,M-ARCO,GLF5,business jet
2026-02-03,09:03,04:22,Seoul,ICN,VietJet Air,VJ963,2,11L,Landed,VN-A536,A21N,passenger
2026-02-03,09:00,00:59,Da Nang,DAD,VietJet Air,VJ504,1,11L,Landed,VN-A661,A321,passenger
2026-02-03,08:55,00:53,Hue,HUI,Vietnam Airlines,VN1540,1,11L,Landed,VN-A356,A321,passenger
2026-02-03,08:51,01:34,Ho Chi Minh City,SGN,Vietnam Airlines,VN240,1,11L,Landed,VN-A866,B789,passenger
2026-02-03,08:44,01:41,Hong Kong,HKG,HK express,UO540,2,11L,Landed,B-KKM,A21N,passenger
2026-02-03,08:28,01:22,Bangkok,DMK,AirAsia,FD642,2,11L,Landed,HS-BBO,A320,passenger
2026-02-03,08:25,01:23,Bangkok,BKK,K-Mile Air,8K525,0,11L,Landed,HS-KMD,B738,cargo
2026-02-03,08:17,01:37,Ho Chi Minh City,SGN,Sun PhuQuoc Airways,9G806,1,11L,Landed,VN-A279,A321,passenger
2026-02-03,08:12,01:34,Shenzhen,SZX,Shenzhen Airlines,ZH101,2,11L,Landed,B-9939,A320,passenger
2026-02-03,08:04,05:55,Doha,DOH,Qatar Airways,QR8954,0,11L,Landed,A7-BFT,B77L,cargo
2026-02-03,07:55,01:35,Ho Chi Minh City,SGN,Vietnam Airlines,VN206,1,11L,Landed,VN-A898,A359,passenger
2026-02-03,07:47,03:44,Mumbai,BOM,Turkish Airlines,TK6388,0,11L,Landed,TC-LJU,B77L,cargo
2026-02-03,07:44,,Ho Chi Minh City,SGN,Bamboo Airways,QH202,1,11L,Landed,,A321,unknown
2026-02-03,07:40,,Ho Chi Minh City,SGN,VietJet Air,VJ124,1,11L,Landed,,A333,unknown
2026-02-03,07:38,,Da Nang,DAD,Vietnam Airlines,VN156,1,11L,Landed,,A321,unknown
2026-02-03,07:31,,Da Nang,DAD,VietJet Air,VJ524,1,11L,Landed,,A321,unknown
2026-02-03,07:27,02:54,Manila,MNL,Cebu Pacific,5J744,2,11L,Landed,RP-C4123,A21N,passenger
2026-02-03,07:15,02:46,Manila,MNL,Vietnam Airlines,VN646,2,11L,Landed,VN-A332,A321,passenger
2026-02-03,07:01,03:50,Mumbai,BOM,VietJet Air,VJ910,2,11L,Landed,VN-A548,A21N,passenger
2026-02-03,06:56,08:12,Istanbul,IST,Turkish Airlines,TK252,2,11L,Landed,TC-LLY,B789,passenger
2026-02-03,06:49,01:38,Ho Chi Minh City,SGN,N/A,VN6002,1,11L,Landed,VN-A363,A321,passenger
2026-02-03,06:43,00:59,Da Nang,DAD,VietJet Air,VJ502,1,11L,Landed,VN-A635,A321,passenger
2026-02-03,06:35,01:40,Ho Chi Minh City,SGN,Vietnam Airlines,VN7214,1,11L,Landed,VN-A392,A321,passenger
2026-02-03,06:30,05:48,Doha,DOH,Qatar Airways,QR982,2,11L,Landed,A7-BHK,B789,passenger
2026-02-03,06:25,01:42,Ho Chi Minh City,SGN,Vietnam Airlines,VN7210,1,11L,Landed,VN-A515,A20N,passenger
2026-02-03,06:19,02:39,Xi'an,XIY,VietJet Air,VJ7343,2,11L,Landed,VN-A676,A320,passenger
2026-02-03,06:13,08:07,Moscow,SVO,Vietnam Airlines,VN62,2,11L,Landed,VN-A870,B789,passenger
2026-02-03,05:57,09:47,Frankfurt,FRA,Vietnam Airlines,VN36,2,11L,Landed,VN-A890,A359,passenger
2026-02-03,05:41,03:48,Ahmedabad,AMD,VietJet Air,VJ1926,2,11L,Landed,VN-A666,A320,passenger
2026-02-03,05:36,04:18,Seoul,ICN,Air Zeta,KJ933,0,11L,Landed,HL7620,B744,cargo
2026-02-03,05:30,03:42,Jakarta,CGK,Vietnam Airlines,VN634,2,11L,Landed,VN-A329,A321,passenger
2026-02-03,05:09,01:32,Guangzhou,CAN,FedEx,FX6826,0,11L,Landed,N117FE,B763,cargo
2026-02-03,05:03,03:23,Delhi,DEL,Vietnam Airlines,VN980,2,11L,Landed,VN-A886,A359,passenger
2026-02-03,04:45,10:32,London,LHR,Vietnam Airlines,VN56,2,11L,Landed,VN-A862,B789,passenger
2026-02-03,04:43,03:06,Shanghai,PVG,VietJet Air,VJ7239,2,11L,Landed,VN-A640,A321,passenger
2026-02-03,04:36,01:33,Guangzhou,CAN,VietJet Air,VJ7527,2,11L,Landed,VN-A649,A321,passenger
2026-02-03,04:11,09:29,Munich,MUC,Vietnam Airlines,VN34,2,11L,Landed,VN-A863,B789,passenger
2026-02-03,03:59,03:13,Beijing,PKX,VietJet Air,VJ7713,2,11L,Landed,VN-A658,A320,passenger
2026-02-03,02:25,04:23,Seoul,ICN,Atlas Air,5Y8242,0,11L,Landed,N859GT,B748,cargo
2026-02-03,02:19,04:43,Seoul,ICN,Air Zeta,KJ375,0,11L,Landed,HL8503,B738,cargo
2026-02-03,01:58,04:17,Seoul,ICN,Korean Air,KE361,0,11L,Landed,HL7602,B744,cargo
2026-02-03,01:45,01:39,Ho Chi Minh City,SGN,VietJet Air,VJ182,1,11L,Landed,VN-A632,A321,passenger
2026-02-03,01:34,03:28,Shanghai,PVG,China Eastern Airlines,MU5075,2,11L,Landed,B-1722,B738,passenger
2026-02-03,01:31,04:28,Seoul,ICN,Air Zeta,KJ391,0,11L,Landed,HL7507,B763,cargo
2026-02-03,01:08,02:51,Manila,MNL,Philippine Airlines,PR595,2,11L,Landed,RP-C9919,A321,passenger
2026-02-03,01:04,02:55,Manila,MNL,Cebu Pacific,5J746,2,11L,Landed,RP-C4121,A21N,passenger
2026-02-03,01:01,01:39,Ho Chi Minh City,SGN,Vietnam Airlines,VN270,1,11L,Landed,VN-A610,A321,passenger
2026-02-03,00:58,01:39,Ho Chi Minh City,SGN,VietJet Air,VJ156,1,11L,Landed,VN-A698,A321,passenger
2026-02-03,00:49,03:26,Jinan,TNA,Shandong Airlines,SC8071,2,11L,Landed,B-5349,B738,passenger
2026-02-03,00:45,01:32,Shenzhen,SZX,Shenzhen Airlines,ZH107,2,11L,Landed,B-9939,A320,passenger
2026-02-03,00:30,01:39,Ho Chi Minh City,SGN,VietJet Air,VJ174,1,11L,Landed,VN-A647,A321,passenger
2026-02-03,00:20,01:45,Ho Chi Minh City,SGN,Sun PhuQuoc Airways,9G886,1,11L,Landed,VN-A284,A21N,passenger
2026-02-03,00:17,05:52,Tokyo,NRT,All Nippon Airways,NH8447,0,11L,Landed,JA604F,B763,cargo
2026-02-03,00:13,,Seoul,ICN,Jeju Air,7C2201,2,11L,Landed,,B38M,unknown
2026-02-03,00:10,,Shanghai,PVG,Juneyao Air,HO1329,2,11L,Landed,,A320,unknown
2026-02-03,00:03,,Ho Chi Minh City,SGN,Bamboo Airways,QH262,1,11L,Landed,,A320,unknown
2026-02-05,23:49,02:48,Taipei,TPE,Emirates,EK9869,0,11L,Landed,A6-EFY,B77L,cargo
2026-02-05,23:46,01:44,Ho Chi Minh City,SGN,VietJet Air,VJ158,1,11L,Landed,VN-A676,A320,passenger
2026-02-05,23:43,01:43,Ho Chi Minh City,SGN,Vietravel Airlines,VU794,1,11L,Landed,VN-A129,A321,passenger
2026-02-05,23:39,06:02,Tokyo,NRT,All Nippon Airways,NH8447,0,11L,Landed,JA601F,B763,cargo
2026-02-05,23:37,01:43,Ho Chi Minh City,SGN,Bamboo Airways,QH280,1,11L,Landed,VN-A597,A321,passenger
2026-02-05,23:33,00:59,Hue,HUI,Vietnam Airlines,VN1548,1,11L,Landed,VN-A326,A321,passenger
2026-02-05,23:27,01:39,Ho Chi Minh City,SGN,VietJet Air,VJ196,1,11L,Landed,VN-A817,A333,passenger
2026-02-05,23:24,01:40,Phu Quoc,PQC,VietJet Air,VJ3525,1,11L,Landed,VN-A550,A21N,passenger
2026-02-05,23:21,01:28,Buon Ma Thuot,BMV,VietJet Air,VJ494,1,11L,Landed,VN-A580,A21N,passenger
2026-02-05,23:05,00:59,Da Nang,DAD,VietJet Air,VJ520,1,11L,Landed,VN-A547,A21N,passenger
2026-02-05,22:58,01:49,Can Tho,VCA,VietJet Air,VJ464,1,11L,Landed,VN-A637,A321,passenger
2026-02-05,22:54,06:02,Tokyo,NRT,All Nippon Airways,NH897,2,11L,Landed,JA928A,B789,passenger
2026-02-05,22:51,01:41,Ho Chi Minh City,SGN,Vietnam Airlines,VN220,1,11L,Landed,VN-A878,B78X,passenger
2026-02-05,22:49,01:48,Ho Chi Minh City,SGN,Sun PhuQuoc Airways,9G872,1,11L,Landed,VN-A281,A21N,passenger
2026-02-05,22:46,05:54,Tokyo,NRT,Japan Airlines,JL751,2,11L,Landed,JA619J,B763,passenger
2026-02-05,22:43,01:44,Ho Chi Minh City,SGN,VietJet Air,VJ180,1,11L,Landed,VN-A820,A333,passenger
2026-02-05,22:37,00:37,Vinh,VII,Vietnam Airlines,VN7718,1,11L,Landed,VN-A332,A321,passenger
2026-02-05,22:34,01:45,Ho Chi Minh City,SGN,VietJet Air,VJ190,1,N/A,Landed,VN-A633,A321,passenger
2026-02-05,22:31,01:47,Chengdu,TFU,Sichuan Airlines,3U3905,2,11L,Landed,B-1883,A320,passenger
2026-02-05,22:27,01:36,Macau,MFM,Air Macau,NX984,2,11L,Landed,B-MBO,A20N,passenger
2026-02-05,22:23,01:05,Da Nang,DAD,N/A,VN6070,1,11L,Landed,VN-A363,A321,passenger
2026-02-05,22:21,01:36,Nha Trang,CXR,VietJet Air,VJ778,1,11L,Landed,VN-A641,A321,passenger
2026-02-05,22:19,01:00,Hue,HUI,VietJet Air,VJ568,1,11L,Landed,VN-A662,A320,passenger
2026-02-05,22:16,04:25,Seoul,ICN,Korean Air,KE447,2,11L,Landed,HL8536,B78X,passenger
2026-02-05,22:13,01:39,Ho Chi Minh City,SGN,Vietnam Airlines,VN7208,1,11L,Landed,VN-A605,A321,passenger
2026-02-05,22:07,01:44,Ho Chi Minh City,SGN,BBN Airlines Indonesia,QH268,1,11L,Landed,PK-BBK,B739,passenger
2026-02-05,22:04,02:43,Taipei,TPE,VietJet Air,VJ943,2,11L,Landed,VN-A516,A21N,passenger
2026-02-05,21:59,02:39,Kuala Lumpur,KUL,Vietnam Airlines,VN680,2,11L,Landed,VN-A392,A321,passenger
2026-02-05,21:56,01:29,Macau,MFM,Air Macau,NX982,2,11L,Landed,B-MBP,A20N,passenger
2026-02-05,21:52,01:25,Siem Reap,SAI,Vietnam Airlines,VN842,2,11L,Landed,VN-A609,A321,passenger
2026-02-05,21:47,01:32,Nha Trang,CXR,Vietnam Airlines,VN1562,1,11L,Landed,VN-A610,A321,passenger
2026-02-05,21:42,01:35,Ho Chi Minh City,SGN,Vietnam Airlines,VN262,1,11L,Landed,VN-A897,A359,passenger
2026-02-05,21:35,12:31,Anchorage,ANC,UPS,5X72,0,11L,Landed,N575UP,B744,cargo
2026-02-05,21:30,01:50,Ho Chi Minh City,SGN,Sun PhuQuoc Airways,9G868,1,11L,Landed,VN-A279,A321,passenger
2026-02-05,21:22,06:01,Tokyo,NRT,VietJet Air,VJ935,2,11L,Landed,VN-A646,A21N,passenger
2026-02-05,21:19,01:42,Ho Chi Minh City,SGN,Pegasus,VJ160,1,11L,Landed,LY-NVE,A320,passenger
2026-02-05,21:16,04:38,Denpasar,DPS,VietJet Air,VJ998,2,11L,Landed,VN-A693,A21N,passenger
2026-02-05,21:08,01:32,Da Lat,DLI,VietJet Air,VJ410,1,11R,Landed,VN-A645,A321,passenger
2026-02-05,21:02,00:48,Vientiane,VTE,Vietnam Airlines,VN920,2,11L,Landed,VN-A358,A321,passenger
2026-02-05,21:00,04:28,Seoul,ICN,Vietnam Airlines,VN415,2,11L,Landed,VN-A895,A359,passenger
2026-02-05,20:53,01:32,Bangkok,BKK,VietJet Air,VJ904,2,N/A,Landed,VN-A538,A21N,passenger
2026-02-05,20:50,01:36,Bangkok,BKK,Vietnam Airlines,VN618,2,11L,Landed,VN-A331,A321,passenger
2026-02-05,20:48,01:36,Shenzhen,SZX,China Southern Airlines,CZ8083,2,11L,Landed,B-1696,A320,passenger
2026-02-05,20:46,01:50,Ho Chi Minh City,SGN,Vietnam Airlines,VN7014,1,11L,Landed,VN-A613,A321,passenger
2026-02-05,20:38,01:26,Siem Reap,SAI,VietJet Air,VJ914,2,N/A,Landed,VN-A632,A321,passenger
2026-02-05,20:34,01:35,Ho Chi Minh City,SGN,Vietnam Airlines,VN218,1,11L,Landed,VN-A866,B789,passenger
2026-02-05,20:31,00:59,Da Nang,DAD,Vietnam Airlines,VN188,1,11L,Landed,VN-A515,A20N,passenger
2026-02-05,20:27,01:33,Bangkok,DMK,AirAsia,FD644,2,11L,Landed,HS-EAD,A21N,passenger
2026-02-05,20:24,01:41,Phu Quoc,PQC,VietJet Air,VJ1440,1,11L,Landed,VN-A528,A21N,passenger
2026-02-05,20:19,01:06,Da Nang,DAD,Vietravel Airlines,VU658,1,11L,Landed,VN-A136,A320,passenger
2026-02-05,20:09,00:41,Luang Prabang,LPQ,Vietnam Airlines,VN930,2,N/A,Landed,VN-A334,A321,passenger
2026-02-05,20:03,01:44,Ho Chi Minh City,SGN,Bamboo Airways,QH262,1,11L,Landed,VN-A227,A321,passenger
2026-02-05,20:00,02:51,Taichung,RMQ,VietJet Air,VJ949,2,N/A,Landed,VN-A537,A21N,passenger
2026-02-05,19:56,01:06,Da Nang,DAD,VietJet Air,VJ516,1,N/A,Landed,VN-A650,A320,passenger
2026-02-05,19:46,00:43,Vinh,VII,Vietnam Airlines,VN1718,1,11L,Landed,VN-A616,A21N,passenger
2026-02-05,19:43,00:59,Hue,HUI,Vietnam Airlines,VN1544,1,29R,Landed,VN-A332,A321,passenger
2026-02-05,19:40,01:45,Chongqing,CKG,West Air,PN6423,2,11L,Landed,B-9981,A320,passenger
2026-02-05,19:35,01:41,Ho Chi Minh City,SGN,Vietnam Airlines,VN7290,1,11L,Landed,VN-A623,A21N,passenger
2026-02-05,19:30,01:14,Qui Nhon,UIH,VietJet Air,VJ432,1,11L,Landed,VN-A655,A320,passenger
2026-02-05,19:24,08:14,Istanbul,IST,Turkish Airlines,TK164,2,29R,Landed,TC-LGH,A359,passenger
2026-02-05,19:21,01:25,Bangkok,BKK,Thai Airways,TG564,2,11L,Landed,HS-TXO,A320,passenger
2026-02-05,19:18,,Ho Chi Minh City,SGN,Vietravel Airlines,VU780,1,29R,Landed,,A321,unknown
2026-02-05,19:15,,Changsha,CSX,China Southern Airlines,CZ8359,2,N/A,Landed,,A20N,unknown
2026-02-05,19:12,,Ho Chi Minh City,SGN,VietJet Air,VJ152,1,11L,Landed,,A321,unknown
2026-02-05,19:04,01:48,Hong Kong,HKG,Hong Kong Airlines,HX528,2,N/A,Landed,B-LPQ,A320,passenger
2026-02-05,19:00,01:42,Ho Chi Minh City,SGN,Vietnam Airlines,VN252,1,11L,Landed,VN-A862,B789,passenger
2026-02-05,18:54,05:11,Osaka,KIX,VietJet Air,VJ931,2,11L,Landed,VN-A548,A21N,passenger
2026-02-05,18:51,01:45,Hong Kong,HKG,Cathay Pacific,CX3247,0,29R,Landed,B-LJJ,B748,cargo
2026-02-05,18:48,01:39,Shenzhen,SZX,Shenzhen Airlines,ZH105,2,11L,Landed,B-5379,B738,passenger
2026-02-05,18:46,01:41,Phu Quoc,PQC,Sun PhuQuoc Airways,9G1216,1,11L,Landed,VN-A284,A21N,passenger
2026-02-05,18:41,01:00,Da Nang,DAD,Vietnam Airlines,VN174,1,11L,Landed,VN-A326,A321,passenger
2026-02-05,18:38,03:13,Shanghai,PVG,Vietnam Airlines,VN533,2,11L,Landed,VN-A357,A321,passenger
2026-02-05,18:31,01:26,Buon Ma Thuot,BMV,VietJet Air,VJ1492,1,11L,Landed,VN-A522,A321,passenger
2026-02-05,18:28,01:44,Phu Quoc,PQC,VietJet Air,VJ446,1,11L,Landed,VN-A662,A320,passenger
2026-02-05,18:25,01:42,Guangzhou,CAN,China Southern Airlines,CZ8177,2,11L,Landed,B-9929,A320,passenger
2026-02-05,18:21,01:45,Ho Chi Minh City,SGN,Vietnam Airlines,VN216,1,11L,Landed,VN-A874,B78X,passenger
2026-02-05,18:15,01:33,Nha Trang,CXR,Vietnam Airlines,VN1558,1,11L,Landed,VN-A625,A21N,passenger
2026-02-05,18:11,,Luang Prabang,LPQ,Lao Airlines,QV313,2,N/A,Landed,RDPL-34175,AT75,passenger
2026-02-05,18:09,01:44,Phu Quoc,PQC,N/A,VN6400,1,11L,Landed,VN-A363,A321,passenger
2026-02-05,18:02,01:43,Ho Chi Minh City,SGN,Transavia,VJ134,1,N/A,Landed,LY-MLI,A320,passenger
2026-02-05,17:59,05:37,Abu Dhabi,AUH,Etihad Airways,EY430,2,N/A,Landed,A6-BND,B789,passenger
2026-02-05,17:53,01:39,Nha Trang,CXR,VietJet Air,VJ784,1,11L,Landed,VN-A580,A21N,passenger
2026-02-05,17:51,02:33,Kaohsiung,KHH,VietJet Air,VJ947,2,11L,Landed,VN-A547,A21N,passenger
2026-02-05,17:47,01:48,Ho Chi Minh City,SGN,VietJet Air,VJ194,1,29R,Landed,VN-A674,A21N,passenger
2026-02-05,17:45,03:37,Shanghai,PVG,China Eastern Airlines,MU6013,2,11L,Landed,B-32LH,A21N,passenger
2026-02-05,17:38,02:51,Singapore,SIN,VietJet Air,VJ916,2,N/A,Landed,VN-A670,A321,passenger
2026-02-05,17:35,03:03,Singapore,SIN,Singapore Airlines,SQ194,2,N/A,Landed,9V-MBM,B38M,passenger
2026-02-05,17:32,01:42,Ho Chi Minh City,SGN,Sun PhuQuoc Airways,9G854,1,11L,Landed,VN-A280,A321,passenger
2026-02-05,17:29,01:37,Nha Trang,CXR,Bamboo Airways,QH1416,1,11L,Landed,VN-A597,A321,passenger
2026-02-05,17:23,01:27,Bangkok,BKK,VietJet Air,VJ902,2,11R,Landed,VN-A535,A321,passenger
2026-02-05,17:21,04:41,Busan,PUS,VietJet Air,VJ957,2,11L,Landed,VN-A671,A320,passenger
2026-02-05,17:18,00:50,Vientiane,VTE,N/A,N/A,2,11L,Landed,T7-852,GLEX,business jet
2026-02-05,17:14,03:45,Shanghai,PVG,Air China,CA755,2,11L,Landed,B-6791,A321,passenger
2026-02-05,17:11,02:48,Taipei,TPE,STARLUX,JX717,2,11L,Landed,B-58209,A21N,passenger
2026-02-05,17:04,01:40,Ho Chi Minh City,SGN,Vietnam Airlines,VN250,1,11L,Landed,VN-A896,A359,passenger
2026-02-05,16:56,00:44,Luang Prabang,LPQ,AirAsia,FD1038,2,11L,Landed,HS-CBI,A320,passenger
2026-02-05,16:53,02:49,Taipei,TPE,EVA Air,BR385,2,11L,Landed,B-16220,A321,passenger
2026-02-05,16:45,04:53,Hiroshima,HIJ,VietJet Air,VJ953,2,N/A,Landed,VN-A672,A320,passenger
2026-02-05,16:41,01:07,Da Nang,DAD,Vietnam Airlines,VN172,1,11L,Landed,VN-A609,A321,passenger
2026-02-05,16:39,00:39,Dien Bien Phu,DIN,Vietnam Airlines,VN1805,1,11L,Landed,VN-A604,A321,passenger
2026-02-05,16:34,,Phu Quoc,PQC,Sun PhuQuoc Airways,9G1208,1,11L,Landed,,A21N,unknown
2026-02-05,16:30,,Can Tho,VCA,Vietnam Airlines,VN1202,1,11L,Landed,,A321,unknown
2026-02-05,16:21,,Kolkata,CCU,IndiGo,6E1631,2,11L,Landed,,A20N,unknown
2026-02-05,16:19,,Taipei,TPE,China Airlines,CI793,2,11L,Landed,,A21N,unknown
2026-02-05,16:07,01:50,Ho Chi Minh City,SGN,Vietravel Airlines,VU770,1,N/A,Landed,VN-A136,A320,passenger
2026-02-05,16:04,00:45,Vientiane,VTE,Lao Airlines,QV311,2,11L,Landed,RDPL-34188,A320,passenger
2026-02-05,16:00,02:02,Con Dao,VCS,VietJet Air,VJ108,1,11L,Landed,B-656E,AJ27,passenger
2026-02-05,15:56,06:18,Ashgabat,ASB,Turkmenistan Airlines,T5697,0,11L,Landed,EZ-F430,A332,cargo
2026-02-05,15:51,01:37,Da Lat,DLI,VietJet Air,VJ408,1,11L,Landed,VN-A645,A321,passenger
2026-02-05,15:44,02:51,Singapore,SIN,Vietnam Airlines,VN660,2,N/A,Landed,VN-A615,A321,passenger
2026-02-05,15:41,01:02,Da Nang,DAD,Vietnam Airlines,VN170,1,11L,Landed,VN-A325,A321,passenger
2026-02-05,15:38,01:22,Qui Nhon,UIH,Vietnam Airlines,VN1622,1,11L,Landed,VN-A616,A21N,passenger
2026-02-05,15:34,01:41,Hong Kong,HKG,Vietnam Airlines,VN593,2,11L,Landed,VN-A332,A321,passenger
2026-02-05,15:30,01:53,Can Tho,VCA,VietJet Air,VJ462,1,N/A,Landed,VN-A650,A320,passenger
2026-02-05,15:28,01:40,Shenzhen,SZX,Shenzhen Airlines,ZH103,2,11L,Landed,B-8077,A320,passenger
2026-02-05,15:23,01:48,Ho Chi Minh City,SGN,BBN Airlines Indonesia,QH242,1,11L,Landed,PK-BBK,B739,passenger
2026-02-05,15:17,01:52,Ho Chi Minh City,SGN,VietJet Air,VJ198,1,11L,Landed,VN-A632,A321,passenger
2026-02-05,15:14,01:43,Da Lat,DLI,VietJet Air,VJ404,1,11L,Landed,VN-A655,A320,passenger
2026-02-05,15:11,02:01,Ho Chi Minh City,SGN,Sun PhuQuoc Airways,9G838,1,11L,Landed,VN-A279,A321,passenger
2026-02-05,15:08,01:53,Shenzhen,SZX,China Southern Airlines,CZ8469,2,N/A,Landed,B-1696,A320,passenger
2026-02-05,15:05,02:06,Bangkok,BKK,Vietnam Airlines,VN610,2,11L,Landed,VN-A396,A321,passenger
2026-02-05,15:02,01:21,Kunming,KMG,China Eastern Airlines,MU9605,2,11L,Landed,B-5756,B738,passenger
2026-02-05,14:59,01:58,Ho Chi Minh City,SGN,VietJet Air,VJ144,1,11L,Landed,VN-A820,A333,passenger
2026-02-05,14:57,01:33,Chiang Mai,CNX,AirAsia,FD870,2,11L,Landed,HS-BBJ,A320,passenger
2026-02-05,14:54,03:06,Kuala Lumpur,KUL,AirAsia,AK512,2,11L,Landed,9M-AGP,A320,passenger
2026-02-05,14:51,02:36,Xiamen,XMN,Xiamen Air,MF869,2,11L,Landed,B-5435,B738,passenger
2026-02-05,14:48,02:01,Nha Trang,CXR,Vietnam Airlines,VN1552,1,11L,Landed,VN-A331,A321,passenger
2026-02-05,14:45,06:24,Tokyo,NRT,VietJet Air,VJ933,2,11L,Landed,VN-A815,A333,passenger
2026-02-05,14:43,01:16,Da Nang,DAD,VietJet Air,VJ508,1,11L,Landed,VN-A657,A321,passenger
2026-02-05,14:39,02:55,Taipei,TPE,VietJet Air,VJ941,2,11L,Landed,VN-A698,A321,passenger
2026-02-05,14:36,01:52,Guangzhou,CAN,China Southern Airlines,CZ8315,2,11L,Landed,B-1831,A321,passenger
2026-02-05,14:34,02:56,Kuala Lumpur,KUL,VietJet Air,VJ906,2,11L,Landed,VN-A538,A21N,passenger
2026-02-05,14:28,01:08,Da Nang,DAD,Vietnam Airlines,VN168,1,11L,Landed,VN-A326,A321,passenger
2026-02-05,14:24,01:45,Ho Chi Minh City,SGN,Vietnam Airlines,VN212,1,11L,Landed,VN-A871,B789,passenger
2026-02-05,14:22,01:33,Phnom Penh,KTI,Air Cambodia,K6854,2,N/A,Landed,XU-353,A320,passenger
2026-02-05,14:15,03:36,Shanghai,PVG,China Eastern Airlines,MU6011,2,11L,Landed,B-6886,A321,passenger
2026-02-05,14:12,05:49,Vladivostok,VVO,VietJet Air,VJ7705,2,29R,Landed,VN-A549,A21N,passenger
2026-02-05,14:07,01:58,Con Dao,VCS,VietJet Air,VJ106,1,11L,Landed,B-652G,AJ27,passenger
2026-02-05,14:00,06:12,Tokyo,NRT,Vietnam Airlines,VN311,2,11L,Landed,VN-A872,B78X,passenger
2026-02-05,13:55,05:39,Nagoya,NGO,VietJet Air,VJ921,2,11L,Landed,VN-A516,A21N,passenger
2026-02-05,13:51,01:03,N/A,,N/A,N/A,2,11L,Landed,VN-B469,C208,passenger
2026-02-05,13:48,02:40,Kaohsiung,KHH,Vietnam Airlines,VN583,2,11L,Landed,VN-A392,A321,passenger
2026-02-05,13:45,04:31,Seoul,ICN,Air Zeta,KJ933,0,11L,Landed,HL7420,B744,cargo
2026-02-05,13:40,04:42,Seoul,ICN,Vietnam Airlines,VN417,2,11L,Landed,VN-A873,B78X,passenger
2026-02-05,13:37,01:05,Da Nang,DAD,Vietnam Airlines,VN166,1,11L,Landed,VN-A618,A21N,passenger
2026-02-05,13:34,01:47,Ho Chi Minh City,SGN,Vietnam Airlines,VN7256,1,11L,Landed,VN-A604,A321,passenger
2026-02-05,13:26,01:00,Hue,HUI,VietJet Air,VJ566,1,11L,Landed,VN-A648,A321,passenger
2026-02-05,13:20,02:49,Manila,MNL,Philippine Airlines,PR593,2,11L,Landed,RP-C9907,A321,passenger
2026-02-05,13:15,01:48,Phu Quoc,PQC,Sun PhuQuoc Airways,9G1204,1,11L,Landed,VN-A281,A21N,passenger
2026-02-05,13:12,04:17,Busan,PUS,Vietnam Airlines,VN429,2,11L,Landed,VN-A866,B789,passenger
2026-02-05,13:08,05:22,Osaka,KIX,VietJet Air,VJ939,2,11L,Landed,VN-A536,A21N,passenger
2026-02-05,12:52,01:52,Guangzhou,CAN,Shenzhen Airlines,ZH121,2,11L,Landed,B-5607,B738,passenger
2026-02-05,12:49,01:40,Phu Quoc,PQC,Sun PhuQuoc Airways,9G1202,1,11L,Landed,VN-A284,A21N,passenger
2026-02-05,12:45,04:33,Fukuoka,FUK,Vietnam Airlines,VN357,2,11L,Landed,VN-A625,A21N,passenger
2026-02-05,12:40,03:30,Delhi,DEL,IndiGo,6E1633,2,11L,Landed,VT-IXH,A20N,passenger
2026-02-05,12:32,01:37,Nha Trang,CXR,VietJet Air,VJ780,1,11L,Landed,VN-A522,A321,passenger
2026-02-05,12:29,01:47,Ho Chi Minh City,SGN,Bamboo Airways,QH224,1,11L,Landed,JU-1410,A320,passenger
2026-02-05,12:26,04:47,Seoul,ICN,Asiana Airlines,OZ729,2,11L,Landed,HL7775,B772,passenger
2026-02-05,12:22,02:45,Kuala Lumpur,KUL,Batik Air,OD571,2,11L,Landed,9M-LRQ,B38M,passenger
2026-02-05,12:16,01:31,Nha Trang,CXR,VietJet Air,VJ770,1,11L,Landed,VN-A580,A21N,passenger
2026-02-05,12:06,01:50,Ho Chi Minh City,SGN,Vietnam Airlines,VN7044,1,11L,Landed,VN-A622,A21N,passenger
2026-02-05,12:03,03:53,Beijing,PEK,Air China,CA741,2,11L,Landed,B-326D,A21N,passenger
2026-02-05,12:00,01:39,Da Lat,DLI,Bamboo Airways,QH1422,1,11L,Landed,VN-A597,A321,passenger
2026-02-05,11:54,05:45,Doha,DOH,Qatar Airways,QR976,2,11L,Landed,A7-BHR,B789,passenger
2026-02-05,11:52,01:47,Phu Quoc,PQC,Vietnam Airlines,VN1236,1,11L,Landed,VN-A395,A321,passenger
2026-02-05,11:43,01:29,Bangkok,DMK,AirAsia,FD640,2,N/A,Landed,HS-BBD,A320,passenger
2026-02-05,11:37,00:59,Da Nang,DAD,N/A,VN6080,1,11L,Landed,VN-A363,A321,passenger
2026-02-05,11:34,01:45,Ho Chi Minh City,SGN,Sun PhuQuoc Airways,9G822,1,11L,Landed,VN-A280,A321,passenger
2026-02-05,11:31,01:51,Ho Chi Minh City,SGN,VietJet Air,VJ132,1,11L,Landed,VN-A550,A21N,passenger
2026-02-05,11:27,01:20,Pleiku,PXU,Vietnam Airlines,VN1614,1,11L,Landed,VN-A610,A321,passenger
2026-02-05,11:24,00:48,Dong Hoi,VDH,Vietnam Airlines,VN1590,1,11L,Landed,VN-A399,A321,passenger
2026-02-05,11:21,01:30,Buon Ma Thuot,BMV,Vietnam Airlines,VN1602,1,11L,Landed,VN-A609,A321,passenger
2026-02-05,11:18,01:40,Ho Chi Minh City,SGN,Vietnam Airlines,VN244,1,11L,Landed,VN-A899,A359,passenger
2026-02-05,11:15,02:43,Singapore,SIN,China Airlines,CI6856,0,11L,Landed,B-18725,B744,cargo
2026-02-05,11:12,01:02,Da Nang,DAD,Vietnam Airlines,VN164,1,29R,Landed,VN-A325,A321,passenger
2026-02-05,11:06,01:37,Da Lat,DLI,Vietnam Airlines,VN1572,1,N/A,Landed,VN-A515,A20N,passenger
2026-02-05,11:05,01:02,Da Nang,DAD,Bamboo Airways,QH104,1,N/A,Landed,VN-A596,A20N,passenger
2026-02-05,11:01,04:39,Seoul,ICN,Korean Air,KE441,2,11L,Landed,HL8589,A21N,passenger
2026-02-05,10:53,01:07,Chu Lai,VCL,Vietnam Airlines,VN1640,1,11L,Landed,VN-A613,A321,passenger
2026-02-05,10:50,,Qui Nhon,UIH,VietJet Air,VJ430,1,11L,Landed,,A321,unknown
2026-02-05,10:42,,Phu Quoc,PQC,VietJet Air,VJ442,1,11L,Landed,,A21N,unknown
2026-02-05,10:39,,Hanoi,HAN,Vietnam Airlines,N/A,2,11L,Landed,,A21N,unknown
2026-02-05,10:36,,Taipei,TPE,China Airlines,CI791,2,11L,Landed,,A333,unknown
2026-02-05,10:33,,Ho Chi Minh City,SGN,N/A,VJ136,1,N/A,Landed,,A21N,unknown
2026-02-05,10:19,,Guangzhou,CAN,China Southern Airlines,CZ3049,2,11L,Landed,,A320,unknown
2026-02-05,10:15,01:43,Hong Kong,HKG,Cathay Pacific,CX741,2,11L,Landed,B-HNU,B773,passenger
2026-02-05,10:04,02:25,Kaohsiung,KHH,Vietnam Airlines,VN587,2,11L,Landed,VN-A612,A321,passenger
2026-02-05,09:59,01:35,Ho Chi Minh City,SGN,Vietnam Airlines,VN208,1,11L,Landed,VN-A879,B78X,passenger
2026-02-05,09:53,01:14,Pleiku,PXU,VietJet Air,VJ422,1,11L,Landed,VN-A648,A321,passenger
2026-02-05,09:49,01:34,Bangkok,BKK,Thai Airways,TG560,2,11L,Landed,HS-TXQ,A320,passenger
2026-02-05,09:47,00:35,Vinh,VII,Vietnam Airlines,VN1716,1,11L,Landed,VN-A616,A21N,passenger
2026-02-05,09:32,01:05,Da Nang,DAD,VietJet Air,VJ504,1,11L,Landed,VN-A693,A21N,passenger
2026-02-05,09:26,04:42,Seoul,ICN,VietJet Air,VJ963,2,11L,Landed,VN-A547,A21N,passenger
2026-02-05,09:19,01:42,Ho Chi Minh City,SGN,Avion Express,VU774,1,11L,Landed,9H-MLW,A320,passenger
2026-02-05,09:16,01:47,Ho Chi Minh City,SGN,BBN Airlines Indonesia,QH204,1,11L,Landed,PK-BBK,B739,passenger
2026-02-05,09:11,00:58,Da Nang,DAD,Vietnam Airlines,VN158,1,11L,Landed,VN-A331,A321,passenger
2026-02-05,08:54,01:37,Ho Chi Minh City,SGN,Vietnam Airlines,VN240,1,11L,Landed,VN-A895,A359,passenger
2026-02-05,08:42,05:42,Doha,DOH,Qatar Airways,QR8954,0,11L,Landed,A7-BFF,B77L,cargo
2026-02-05,08:37,01:42,Hong Kong,HKG,HK express,UO540,2,11L,Landed,B-KKI,A21N,passenger
2026-02-05,08:34,01:27,Bangkok,DMK,AirAsia,FD642,2,11L,Landed,HS-BBB,A320,passenger
2026-02-05,08:31,01:47,Ho Chi Minh City,SGN,Sun PhuQuoc Airways,9G806,1,11L,Landed,VN-A279,A321,passenger
2026-02-05,08:24,02:49,Kuala Lumpur,KUL,MJets Air,WW220,0,11L,Landed,9M-KXD,B738,cargo
2026-02-05,08:20,01:42,Ho Chi Minh City,SGN,VietJet Air,VJ126,1,11L,Landed,VN-A542,A321,passenger
2026-02-05,08:17,01:43,Ho Chi Minh City,SGN,Vietnam Airlines,VN7042,1,11L,Landed,VN-A618,A21N,passenger
2026-02-05,08:11,01:21,Bangkok,BKK,K-Mile Air,8K525,0,11L,Landed,HS-KMD,B738,cargo
2026-02-05,08:05,01:41,Ho Chi Minh City,SGN,Vietnam Airlines,VN206,1,11L,Landed,VN-A358,A321,passenger
2026-02-05,07:44,03:04,Manila,MNL,Cebu Pacific,5J744,2,11L,Landed,RP-C4127,A21N,passenger
2026-02-05,07:43,01:01,Da Nang,DAD,Vietnam Airlines,VN156,1,11L,Landed,VN-A399,A321,passenger
2026-02-05,07:38,01:40,Ho Chi Minh City,SGN,VietJet Air,VJ124,1,11L,Landed,VN-A816,A333,passenger
2026-02-05,07:35,01:39,Ho Chi Minh City,SGN,Vietravel Airlines,VU750,1,N/A,Landed,VN-A289,A321,passenger
2026-02-05,07:26,00:58,Da Nang,DAD,VietJet Air,VJ524,1,29R,Landed,VN-A663,A320,passenger
2026-02-05,07:19,02:52,Manila,MNL,Vietnam Airlines,VN646,2,11L,Landed,VN-A396,A321,passenger
2026-02-05,07:15,01:41,Ho Chi Minh City,SGN,VietJet Air,VJ122,1,11L,Landed,VN-A646,A21N,passenger
2026-02-05,06:55,01:40,Ho Chi Minh City,SGN,N/A,VN6002,1,11L,Landed,VN-A363,A321,passenger
2026-02-05,06:52,00:57,Da Nang,DAD,VietJet Air,VJ502,1,11L,Landed,VN-A580,A21N,passenger
2026-02-05,06:32,05:41,Doha,DOH,Qatar Airways,QR982,2,11L,Landed,A7-BHW,B789,passenger
2026-02-05,06:24,01:46,Ho Chi Minh City,SGN,Vietnam Airlines,VN7210,1,N/A,Landed,VN-A615,A321,passenger
2026-02-05,06:20,03:52,Mumbai,BOM,VietJet Air,VJ910,2,N/A,Landed,VN-A548,A21N,passenger
2026-02-05,06:16,10:04,Frankfurt,FRA,Vietnam Airlines,VN36,2,11L,Landed,VN-A896,A359,passenger
2026-02-05,06:12,03:54,Jakarta,CGK,Vietnam Airlines,VN634,2,11L,Landed,VN-A609,A321,passenger
2026-02-05,06:10,01:42,Ho Chi Minh City,SGN,Vietnam Airlines,VN7012,1,11L,Landed,VN-A515,A20N,passenger
2026-02-05,06:05,01:40,Ho Chi Minh City,SGN,Bamboo Airways,QH294,1,11L,Landed,VN-A585,A321,passenger
2026-02-05,06:02,10:18,Paris,CDG,Vietnam Airlines,VN18,2,N/A,Landed,VN-A898,A359,passenger
2026-02-05,05:59,03:40,Mumbai,BOM,Turkish Airlines,TK6340,0,11L,Landed,TC-LJN,B77L,cargo
2026-02-05,05:50,05:34,Abu Dhabi,AUH,Etihad Airways,EY432,2,11L,Landed,A6-BLF,B789,passenger
2026-02-05,05:40,04:31,Seoul,ICN,Air Zeta,KJ387,0,11L,Landed,HL7507,B763,cargo
2026-02-05,05:33,08:14,Moscow,SVO,Vietnam Airlines,VN62,2,11L,Landed,VN-A870,B789,passenger
2026-02-05,05:28,01:31,Guangzhou,CAN,FedEx,FX6001,0,11L,Landed,N122FE,B763,cargo
2026-02-05,05:20,03:42,Ahmedabad,AMD,VietJet Air,VJ1926,2,11L,Landed,VN-A656,A320,passenger
2026-02-05,04:57,03:08,Hyderabad,HYD,Vietnam Airlines,VN984,2,11L,Landed,VN-A610,A321,passenger
2026-02-05,04:49,10:39,London,LHR,Vietnam Airlines,VN56,2,11L,Landed,VN-A862,B789,passenger
2026-02-05,04:31,03:27,Delhi,DEL,Vietnam Airlines,VN980,2,11L,Landed,VN-A899,A359,passenger
2026-02-05,04:22,07:31,Amman,AMM,Cargolux,CV7623,0,11L,Landed,LX-OCV,B744,cargo
2026-02-05,03:16,03:39,Shanghai,PVG,China Eastern Airlines,MU7235,2,11L,Landed,B-32LX,A21N,passenger
2026-02-05,02:43,04:21,Seoul,ICN,Korean Air,KE8373,0,11L,Landed,HL8044,B77L,cargo
2026-02-05,02:36,04:42,Seoul,ICN,CMA CGM Air Cargo,5Y8527,0,11L,Landed,N761GT,B77L,cargo
2026-02-05,02:32,04:34,Seoul,ICN,N/A,5Y8244,0,11L,Landed,N863GT,B748,cargo
2026-02-05,02:28,04:25,Seoul,ICN,Korean Air,KE361,0,N/A,Landed,HL7602,B744,cargo
2026-02-05,02:03,01:40,Ho Chi Minh City,SGN,VietJet Air,VJ182,1,N/A,Landed,VN-A537,A21N,passenger
2026-02-05,01:56,03:44,Shanghai,PVG,China Eastern Airlines,MU5075,2,11L,Landed,B-1318,B738,passenger
2026-02-05,01:44,03:02,Manila,MNL,Cebu Pacific,5J746,2,11L,Landed,RP-C4121,A21N,passenger
2026-02-05,01:40,11:32,Anchorage,ANC,MSC Air,5Y3012,0,11L,Landed,N707GT,B77L,cargo
2026-02-05,01:19,04:01,Qingdao,TAO,Shandong Airlines,SC4649,2,11L,Landed,B-7885,B738,passenger
2026-02-05,01:16,01:40,Ho Chi Minh City,SGN,VietJet Air,VJ178,1,11L,Landed,VN-A670,A321,passenger
2026-02-05,01:12,02:54,Manila,MNL,Philippine Airlines,PR595,2,11L,Landed,RP-C9929,A321,passenger
2026-02-05,01:05,03:29,Delhi,DEL,Atlas Air,5Y8132,0,11L,Landed,N471MC,B744,cargo
2026-02-05,01:01,01:41,Ho Chi Minh City,SGN,Vietnam Airlines,VN270,1,N/A,Landed,VN-A398,A321,passenger
2026-02-05,00:59,01:43,Ho Chi Minh City,SGN,Vietnam Airlines,VN7010,1,11L,Landed,VN-A616,A21N,passenger
2026-02-05,00:55,03:27,Jinan,TNA,Shandong Airlines,SC8071,2,11L,Landed,B-5626,B738,passenger
2026-02-05,00:42,04:42,Seoul,ICN,Jeju Air,7C2201,2,11L,Landed,HL8339,B738,passenger
2026-02-05,00:39,01:41,Ho Chi Minh City,SGN,Sun PhuQuoc Airways,9G886,1,11L,Landed,VN-A284,A21N,passenger
2026-02-05,00:35,03:08,Shanghai,PVG,Juneyao Air,HO1329,2,11L,Landed,B-8457,A321,passenger
2026-02-05,00:32,01:37,Shenzhen,SZX,Shenzhen Airlines,ZH107,2,11L,Landed,B-9939,A320,passenger
2026-02-05,00:25,01:31,Nha Trang,CXR,VietJet Air,VJ7704,1,N/A,Landed,VN-A549,A21N,passenger
2026-02-05,00:14,01:43,Ho Chi Minh City,SGN,Vietnam Airlines,VN224,1,11L,Landed,VN-A331,A321,passenger
2026-02-05,00:10,01:34,Ho Chi Minh City,SGN,Vietnam Airlines,VN7020,1,N/A,Landed,VN-A888,A359,passenger
2026-02-05,00:07,01:39,Ho Chi Minh City,SGN,Sun PhuQuoc Airways,9G882,1,N/A,Landed,VN-A280,A321,passenger
2026-02-06,23:57,01:00,Da Nang,DAD,VietJet Air,VJ520,1,11L,Landed,VN-A657,A321,passenger
2026-02-06,23:53,01:40,Ho Chi Minh City,SGN,Vietnam Airlines,VN7200,1,11L,Landed,VN-A334,A321,passenger
2026-02-06,23:43,01:38,Ho Chi Minh City,SGN,Vietnam Airlines,VN256,1,11L,Landed,VN-A886,A359,passenger
2026-02-06,23:37,01:04,Hue,HUI,Vietnam Airlines,VN1548,1,11L,Landed,VN-A399,A321,passenger
2026-02-06,23:33,01:43,Ho Chi Minh City,SGN,Vietnam Airlines,VN260,1,11L,Landed,VN-A892,A359,passenger
2026-02-06,23:31,06:37,Tokyo,NRT,Japan Airlines,JL751,2,11L,Landed,JA607J,B763,passenger
2026-02-06,23:28,01:15,Da Nang,DAD,Bamboo Airways,QH148,1,11L,Landed,VN-A597,A321,passenger
2026-02-06,23:25,01:47,Phnom Penh,KTI,Vietnam Airlines,VN922,2,11L,Landed,VN-A331,A321,passenger
2026-02-06,23:22,01:09,Hue,HUI,VietJet Air,VJ568,1,11L,Landed,VN-A644,A321,passenger
2026-02-06,23:19,01:50,Ho Chi Minh City,SGN,Vietnam Airlines,VN7292,1,11L,Landed,VN-A618,A21N,passenger
2026-02-06,23:17,02:08,Chengdu,TFU,Sichuan Airlines,3U3905,2,11L,Landed,B-6732,A320,passenger
2026-02-06,23:13,01:53,Guangzhou,CAN,China Southern Airlines,CZ371,2,11L,Landed,B-225D,B38M,passenger
2026-02-06,23:11,05:01,Seoul,ICN,Asiana Airlines,OZ733,2,11L,Landed,HL8359,A359,passenger
2026-02-06,23:08,06:19,Bahrain,BAH,DHL Air,QY576,0,11L,Landed,D-AJFK,A333,cargo
2026-02-06,23:05,02:01,Hong Kong,HKG,HK express,UO542,2,11L,Landed,B-KKG,A21N,passenger
2026-02-06,23:00,01:41,Phnom Penh,KTI,Vietnam Airlines,VN1,2,11R,Landed,VN-A868,B789,passenger
2026-02-06,22:55,04:57,Seoul,ICN,Korean Air,KE447,2,11L,Landed,HL8732,B78X,passenger
2026-02-06,22:49,01:41,Macau,MFM,Air Macau,NX982,2,11L,Landed,B-MCL,A20N,passenger
2026-02-06,22:46,01:48,Hong Kong,HKG,Cathay Pacific,CX3147,0,11L,Landed,B-LJL,B748,cargo
2026-02-06,22:44,01:42,Ho Chi Minh City,SGN,VietJet Air,VJ180,1,11L,Landed,VN-A820,A333,passenger
2026-02-06,22:38,02:45,Kuala Lumpur,KUL,Vietnam Airlines,VN680,2,11L,Landed,VN-A625,A21N,passenger
2026-02-06,22:35,01:42,Ho Chi Minh City,SGN,VietJet Air,VJ160,1,11L,Landed,VN-A549,A21N,passenger
2026-02-06,22:32,01:46,Ho Chi Minh City,SGN,VietJet Air,VJ166,1,N/A,Landed,VN-A663,A320,passenger
2026-02-06,22:26,13:03,Anchorage,ANC,UPS,5X72,0,11L,Landed,N621UP,B748,cargo
2026-02-06,22:18,01:41,Phu Quoc,PQC,Sun PhuQuoc Airways,9G1230,1,11L,Landed,VN-A286,A21N,passenger
2026-02-06,22:15,01:22,Siem Reap,SAI,VietJet Air,VJ914,2,11L,Landed,VN-A632,A321,passenger
2026-02-06,22:12,00:35,Dien Bien Phu,DIN,Vietnam Airlines,VN1807,1,11L,Landed,VN-A338,A321,passenger
2026-02-06,22:06,10:30,Liege,LGG,MSC Air,5Y3070,0,11L,Landed,N709GT,B77L,cargo
2026-02-06,22:00,01:03,Da Nang,DAD,Vietravel Airlines,VU658,1,11L,Landed,VN-A129,A321,passenger
2026-02-06,21:58,02:17,Kolkata,CCU,IndiGo,6E8961,0,11L,Landed,VT-IKW,A321,cargo
2026-02-06,21:54,06:49,Tokyo,NRT,VietJet Air,VJ935,2,11L,Landed,VN-A536,A21N,passenger
2026-02-06,21:48,01:42,Shenzhen,SZX,China Southern Airlines,CZ8083,2,11L,Landed,B-9913,A320,passenger
2026-02-06,21:45,04:35,Denpasar,DPS,VietJet Air,VJ998,2,11L,Landed,VN-A542,A321,passenger
2026-02-06,21:44,01:37,Nha Trang,CXR,Vietnam Airlines,VN1562,1,11L,Landed,VN-A325,A321,passenger
2026-02-06,21:39,04:43,Seoul,ICN,Vietnam Airlines,VN415,2,11L,Landed,VN-A889,A359,passenger
2026-02-06,21:36,01:00,Da Nang,DAD,VietJet Air,VJ516,1,N/A,Landed,VN-A655,A320,passenger
2026-02-06,21:33,02:49,Taipei,TPE,VietJet Air,VJ943,2,11R,Landed,VN-A538,A21N,passenger
2026-02-06,21:29,01:28,Bangkok,BKK,VietJet Air,VJ904,2,11L,Landed,VN-A528,A21N,passenger
2026-02-06,21:22,01:36,Ho Chi Minh City,SGN,Vietnam Airlines,VN258,1,11L,Landed,VN-A899,A359,passenger
2026-02-06,21:19,01:22,Qui Nhon,UIH,Bamboo Airways,QH1214,1,11L,Landed,VN-A227,A321,passenger
2026-02-06,21:16,02:35,Taichung,RMQ,VietJet Air,VJ949,2,11L,Landed,VN-A544,A321,passenger
2026-02-06,21:10,00:44,Vientiane,VTE,Vietnam Airlines,VN920,2,11L,Landed,VN-A396,A321,passenger
2026-02-06,21:03,01:25,Bangkok,BKK,FedEx,FX6002,0,29R,Landed,N102FE,B763,cargo
2026-02-06,21:00,01:42,Ho Chi Minh City,SGN,Sun PhuQuoc Airways,9G872,1,11L,Landed,VN-A281,A21N,passenger
2026-02-06,20:56,01:26,Bangkok,DMK,AirAsia,FD644,2,N/A,Landed,HS-EAA,A21N,passenger
2026-02-06,20:53,01:49,Phu Quoc,PQC,VietJet Air,VJ1440,1,11L,Landed,VN-A522,A321,passenger
2026-02-06,20:46,01:16,Pleiku,PXU,VietJet Air,VJ424,1,11L,Landed,VN-A547,A21N,passenger
2026-02-06,20:43,05:52,Tokyo,HND,Vietnam Airlines,VN385,2,11L,Landed,VN-A861,B789,passenger
2026-02-06,20:39,01:38,Ho Chi Minh City,SGN,Vietnam Airlines,VN218,1,11L,Landed,VN-A869,B789,passenger
2026-02-06,20:36,01:45,Ho Chi Minh City,SGN,BBN Airlines Indonesia,QH262,1,11L,Landed,PK-BBK,B739,passenger
2026-02-06,20:19,02:45,Singapore,SIN,China Airlines,CI6876,0,N/A,Landed,B-18720,B744,cargo
2026-02-06,20:12,01:01,Da Nang,DAD,Vietnam Airlines,VN180,1,11L,Landed,VN-A515,A20N,passenger
2026-02-06,20:09,00:42,Vinh,VII,Vietnam Airlines,VN1718,1,11L,Landed,VN-A604,A321,passenger
2026-02-06,20:05,01:39,Ho Chi Minh City,SGN,Vietnam Airlines,VN252,1,11L,Landed,VN-A877,B78X,passenger
2026-02-06,19:51,01:35,Yangon,RGN,Myanmar Airways International,8M450,2,11L,Landed,XY-ALZ,A319,passenger
2026-02-06,19:45,03:22,Shanghai,PVG,Vietnam Airlines,VN533,2,11L,Landed,VN-A358,A321,passenger
2026-02-06,19:43,01:00,Hue,HUI,Vietnam Airlines,VN1544,1,11L,Landed,VN-A605,A321,passenger
2026-02-06,19:40,01:34,Bangkok,BKK,Thai Airways,TG564,2,11L,Landed,HS-TXA,A320,passenger
2026-02-06,19:37,01:44,Ho Chi Minh City,SGN,Vietnam Airlines,VN7290,1,11L,Landed,VN-A894,A359,passenger
2026-02-06,19:34,01:48,Hong Kong,HKG,Hong Kong Air Cargo,RH317,0,11L,Landed,B-LMA,A332,cargo
2026-02-06,19:31,01:37,Nha Trang,CXR,Vietnam Airlines,VN1560,1,11L,Landed,VN-A399,A321,passenger
2026-02-06,19:22,01:22,Siem Reap,SAI,Vietnam Airlines,VN836,2,11L,Landed,VN-A324,A321,passenger
2026-02-06,19:19,01:34,Chongqing,CKG,West Air,PN6423,2,11L,Landed,B-9981,A320,passenger
2026-02-06,19:17,01:43,Ho Chi Minh City,SGN,Vietnam Airlines,VN254,1,11L,Landed,VN-A503,A21N,passenger
2026-02-06,19:13,02:47,Xi'an,XIY,China Eastern Airlines,MU867,2,11L,Landed,B-329P,A20N,passenger
2026-02-06,19:05,01:50,Hong Kong,HKG,Hong Kong Airlines,HX528,2,N/A,Landed,B-LPT,A320,passenger
2026-02-06,19:00,,Buon Ma Thuot,BMV,VietJet Air,VJ1492,1,11L,Landed,VN-A644,A321,passenger
2026-02-06,18:53,01:55,Ho Chi Minh City,SGN,VietJet Air,VJ198,1,11L,Landed,VN-A657,A321,passenger
2026-02-06,18:50,01:40,Nha Trang,CXR,Vietnam Airlines,VN1558,1,11L,Landed,VN-A507,A21N,passenger
2026-02-06,18:44,01:51,Bangkok,BKK,Vietnam Airlines,VN614,2,11L,Landed,VN-A338,A321,passenger
2026-02-06,18:35,01:19,Da Nang,DAD,Vietnam Airlines,VN174,1,11L,Landed,VN-A512,A21N,passenger
2026-02-06,18:31,04:12,Jakarta,CGK,N/A,VJ928,2,11L,Landed,,N/A,unknown
2026-02-06,18:31,02:01,Ho Chi Minh City,SGN,Hai Au Aviation,HAI499,1,11L,Landed,VN-A499,FA8X,business jet
2026-02-06,18:28,04:00,Beijing,PEK,Vietnam Airlines,VN513,2,11L,Landed,VN-A610,A321,passenger
2026-02-06,18:16,01:52,Phu Quoc,PQC,Sun PhuQuoc Airways,9G1216,1,11L,Landed,VN-A284,A21N,passenger
2026-02-06,18:14,04:03,Shanghai,PVG,China Eastern Airlines,MU6013,2,11L,Landed,B-32LX,A21N,passenger
2026-02-06,18:10,01:53,Ho Chi Minh City,SGN,Transavia,VJ134,1,11L,Landed,LY-MLI,A320,passenger
2026-02-06,18:07,01:59,Ho Chi Minh City,SGN,Sun PhuQuoc Airways,9G854,1,11L,Landed,VN-A280,A321,passenger
2026-02-06,18:03,02:08,Ho Chi Minh City,SGN,Vietnam Airlines,VN232,1,11L,Landed,VN-A874,B78X,passenger
2026-02-06,18:01,02:53,Kaohsiung,KHH,VietJet Air,VJ947,2,11L,Landed,VN-A693,A21N,passenger
2026-02-06,17:58,02:20,Can Tho,VCA,Vietnam Airlines,VN1202,1,11L,Landed,VN-A395,A321,passenger
2026-02-06,17:52,02:09,Phu Quoc,PQC,N/A,VN6400,1,11L,Landed,VN-A363,A321,passenger
2026-02-06,17:50,02:08,Ho Chi Minh City,SGN,VietJet Air,VJ194,1,11L,Landed,VN-A545,A21N,passenger
2026-02-06,17:46,02:08,Ho Chi Minh City,SGN,Vietnam Airlines,VN7044,1,11L,Landed,VN-A621,A21N,passenger
2026-02-06,17:43,02:01,Guangzhou,CAN,Vietnam Airlines,VN507,2,11L,Landed,VN-A505,A21N,passenger
2026-02-06,17:40,03:17,Taipei,TPE,EVA Air,BR385,2,29R,Landed,B-16223,A321,passenger
2026-02-06,17:37,05:04,Busan,PUS,VietJet Air,VJ957,2,11L,Landed,VN-A650,A320,passenger
2026-02-06,17:35,02:04,Phu Quoc,PQC,VietJet Air,VJ446,1,11L,Landed,VN-A634,A321,passenger
2026-02-06,17:26,03:09,Singapore,SIN,Singapore Airlines,SQ194,2,11L,Landed,9V-SHH,A359,passenger
2026-02-06,17:24,01:44,Bangkok,BKK,VietJet Air,VJ902,2,11L,Landed,VN-A648,A321,passenger
2026-02-06,17:18,02:00,Ho Chi Minh City,SGN,Vietravel Airlines,VU770,1,11L,Landed,VN-A129,A321,passenger
2026-02-06,17:15,00:54,Luang Prabang,LPQ,AirAsia,FD1038,2,N/A,Landed,HS-ABO,A320,passenger
2026-02-06,17:10,00:58,Dien Bien Phu,DIN,Vietnam Airlines,VN1805,1,11L,Landed,VN-A608,A321,passenger
2026-02-06,17:06,02:00,Ho Chi Minh City,SGN,Vietnam Airlines,VN7040,1,11L,Landed,VN-A602,A321,passenger
2026-02-06,17:03,03:03,Taipei,TPE,China Airlines,CI793,2,11L,Landed,B-18112,A21N,passenger
2026-02-06,17:00,02:41,Kolkata,CCU,IndiGo,6E1631,2,11L,Landed,VT-IXH,A20N,passenger
2026-02-06,16:58,02:58,Singapore,SIN,China Cargo Airlines,CK288,0,11L,Landed,B-227K,B77L,cargo
2026-02-06,16:51,01:13,Vientiane,VTE,Lao Airlines,QV311,2,11L,Landed,RDPL-34188,A320,passenger
2026-02-06,16:48,02:02,Ho Chi Minh City,SGN,Avion Express,VU778,1,11L,Landed,9H-MLW,A320,passenger
2026-02-06,16:45,01:56,Ho Chi Minh City,SGN,Vietnam Airlines,VN248,1,11L,Landed,VN-A890,A359,passenger
2026-02-06,16:41,01:55,Da Lat,DLI,Vietnam Airlines,VN1574,1,11L,Landed,VN-A331,A321,passenger
2026-02-06,16:39,01:19,Da Nang,DAD,Vietnam Airlines,VN172,1,11L,Landed,VN-A392,A321,passenger
2026-02-06,16:36,02:10,Can Tho,VCA,VietJet Air,VJ460,1,11L,Landed,VN-A632,A321,passenger
2026-02-06,16:32,01:54,Ho Chi Minh City,SGN,Vietnam Airlines,VN214,1,11L,Landed,VN-A864,B789,passenger
2026-02-06,16:29,01:38,Tuy Hoa,TBB,Vietnam Airlines,VN1650,1,11L,Landed,VN-A514,A20N,passenger
2026-02-06,16:25,02:16,Con Dao,VCS,VietJet Air,VJ108,1,11L,Landed,B-652G,AJ27,passenger
2026-02-06,16:17,01:10,Da Nang,DAD,Vietnam Airlines,VN7186,1,11L,Landed,VN-A613,A321,passenger
2026-02-06,16:10,02:00,Can Tho,VCA,VietJet Air,VJ462,1,N/A,Landed,VN-A655,A320,passenger
2026-02-06,16:04,01:51,Hong Kong,HKG,Vietnam Airlines,VN593,2,N/A,Landed,VN-A604,A321,passenger
2026-02-06,16:01,01:08,Da Nang,DAD,Vietnam Airlines,VN170,1,11L,Landed,VN-A508,A21N,passenger
2026-02-06,15:58,01:07,Da Nang,DAD,Vietnam Airlines,VN7164,1,11L,Landed,VN-A356,A321,passenger
2026-02-06,15:49,01:47,Phu Quoc,PQC,Sun PhuQuoc Airways,9G1208,1,11L,Landed,VN-A286,A21N,passenger
2026-02-06,15:39,01:49,Ho Chi Minh City,SGN,Bamboo Airways,QH242,1,11L,Landed,VN-A227,A321,passenger
2026-02-06,15:28,02:41,Singapore,SIN,Vietnam Airlines,VN660,2,11L,Landed,VN-A898,A359,passenger
2026-02-06,15:23,01:38,Shenzhen,SZX,China Southern Airlines,CZ8469,2,11L,Landed,B-9913,A320,passenger
2026-02-06,15:10,02:54,Kuala Lumpur,KUL,VietJet Air,VJ906,2,11L,Landed,VN-A537,A21N,passenger
2026-02-06,15:03,01:51,Ho Chi Minh City,SGN,VietJet Air,VJ138,1,11L,Landed,VN-A674,A21N,passenger
2026-02-06,15:00,01:04,Kunming,KMG,China Eastern Airlines,MU9605,2,11L,Landed,B-1309,B738,passenger
2026-02-06,14:58,02:44,Fuzhou,FOC,Xiamen Air,MF8697,2,11L,Landed,B-1580,B738,passenger
2026-02-06,14:55,01:21,Qui Nhon,UIH,Vietnam Airlines,VN1622,1,11L,Landed,VN-A515,A20N,passenger
2026-02-06,14:52,01:45,Ho Chi Minh City,SGN,Pegasus,VJ188,1,N/A,Landed,LY-NVE,A320,passenger
2026-02-06,14:49,01:35,Da Lat,DLI,VietJet Air,VJ404,1,11L,Landed,VN-A671,A320,passenger
2026-02-06,14:46,02:49,Kuala Lumpur,KUL,AirAsia,AK512,2,11L,Landed,9M-RAB,A20N,passenger
2026-02-06,14:44,01:46,Guangzhou,CAN,China Southern Airlines,CZ8315,2,11L,Landed,B-8637,A20N,passenger
2026-02-06,14:41,01:13,Chiang Mai,CNX,AirAsia,FD870,2,11L,Landed,HS-CBD,A320,passenger
2026-02-06,14:37,01:45,Ho Chi Minh City,SGN,Sun PhuQuoc Airways,9G838,1,11L,Landed,VN-A279,A321,passenger
2026-02-06,14:32,06:44,Tokyo,NRT,VietJet Air,VJ933,2,11L,Landed,VN-A646,A21N,passenger
2026-02-06,14:29,01:43,Ho Chi Minh City,SGN,VietJet Air,VJ144,1,N/A,Landed,VN-A820,A333,passenger
2026-02-06,14:26,03:36,Shanghai,PVG,China Eastern Airlines,MU6011,2,N/A,Landed,B-1615,A321,passenger
2026-02-06,14:20,02:48,Taipei,TPE,VietJet Air,VJ941,2,11L,Landed,VN-A522,A321,passenger
2026-02-06,14:19,01:27,Bangkok,BKK,Vietnam Airlines,VN610,2,11L,Landed,VN-A614,A321,passenger
2026-02-06,14:14,01:40,Nha Trang,CXR,Vietnam Airlines,VN1552,1,11L,Landed,VN-A324,A321,passenger
2026-02-06,14:14,01:47,Ho Chi Minh City,SGN,Hai Au Aviation,HAI489,1,11L,Landed,VN-A489,FA8X,business jet
2026-02-06,14:08,01:02,Da Nang,DAD,Vietnam Airlines,VN168,1,29R,Landed,VN-A399,A321,passenger
2026-02-06,14:05,04:48,Seoul,ICN,VietJet Air,VJ961,2,11L,Landed,VN-A528,A21N,passenger
2026-02-06,14:03,03:42,Shanghai,PVG,Air China Cargo,N/A,0,11L,Landed,B-2475,B744,cargo
2026-02-06,13:59,01:04,Hue,HUI,VietJet Air,VJ566,1,11L,Landed,VN-A644,A321,passenger
2026-02-06,13:54,01:07,Da Nang,DAD,VietJet Air,VJ508,1,11L,Landed,VN-A661,A321,passenger
2026-02-06,13:51,01:38,Nha Trang,CXR,Vietnam Airlines,VN7552,1,29R,Landed,VN-A512,A21N,passenger
2026-02-06,13:48,05:21,Osaka,KIX,Vietnam Airlines,VN335,2,11L,Landed,VN-A877,B78X,passenger
2026-02-06,13:39,01:14,Da Nang,DAD,Vietnam Airlines,VN166,1,11L,Landed,VN-A605,A321,passenger
2026-02-06,13:36,04:38,Seoul,ICN,Vietnam Airlines,VN417,2,11L,Landed,VN-A873,B78X,passenger
2026-02-06,13:33,06:04,Nagoya,NGO,VietJet Air,VJ921,2,11L,Landed,VN-A547,A21N,passenger
2026-02-06,13:27,05:28,Osaka,KIX,VietJet Air,VJ939,2,11L,Landed,VN-A538,A21N,passenger
2026-02-06,13:25,04:45,Busan,PUS,Vietnam Airlines,VN429,2,11L,Landed,VN-A866,B789,passenger
2026-02-06,13:22,04:56,Fukuoka,FUK,Vietnam Airlines,VN357,2,11L,Landed,VN-A357,A321,passenger
2026-02-06,13:10,01:49,Phu Quoc,PQC,Sun PhuQuoc Airways,9G1204,1,11L,Landed,VN-A281,A21N,passenger
2026-02-06,13:06,05:08,Seoul,ICN,Asiana Airlines,OZ729,2,11L,Landed,HL7775,B772,passenger
2026-02-06,13:01,01:07,Da Nang,DAD,VietJet Air,VJ528,1,11L,Landed,VN-A643,A321,passenger
2026-02-06,12:57,01:32,Bangkok,BKK,China Cargo Airlines,CK278,0,11L,Landed,B-227M,B77L,cargo
2026-02-06,12:49,06:02,Blagoveshchensk,BQS,VietJet Air,VJ3525,2,11L,Landed,VN-A550,A21N,passenger
2026-02-06,12:47,03:00,Kuala Lumpur,KUL,Batik Air,OD571,2,11L,Landed,9M-LRU,B38M,passenger
2026-02-06,12:43,01:57,Phu Quoc,PQC,Sun PhuQuoc Airways,9G1202,1,11L,Landed,VN-A284,A21N,passenger
2026-02-06,12:39,05:18,Dubai,DXB,Emirates,EK394,2,11L,Landed,A6-END,B77W,passenger
2026-02-06,12:36,04:06,Beijing,PEK,Air China,CA741,2,11L,Landed,B-328N,A21N,passenger
2026-02-06,12:30,01:53,Ho Chi Minh City,SGN,Vietnam Airlines,VN210,1,11L,Landed,VN-A865,B789,passenger
2026-02-06,12:27,02:01,Ho Chi Minh City,SGN,VietJet Air,VJ128,1,11L,Landed,VN-A816,A333,passenger
2026-02-06,12:21,06:10,Doha,DOH,Qatar Airways,QR976,2,11L,Landed,A7-BHI,B789,passenger
2026-02-06,12:18,03:18,Kuala Lumpur,KUL,Malaysia Airlines,MH752,2,11L,Landed,9M-MLV,B738,passenger
2026-02-06,12:14,05:07,Seoul,ICN,Air Zeta,KJ931,0,11L,Landed,HL7620,B744,cargo
2026-02-06,12:10,01:56,Phu Quoc,PQC,Vietnam Airlines,VN1236,1,11L,Landed,VN-A338,A321,passenger
2026-02-06,12:04,01:08,Hue,HUI,Vietnam Airlines,VN1540,1,11L,Landed,VN-A508,A21N,passenger
2026-02-06,12:00,05:47,Abu Dhabi,AUH,Etihad Airways,EY979,0,11L,Landed,A6-DDB,B77L,cargo
2026-02-06,11:57,01:46,Da Lat,DLI,Bamboo Airways,QH1422,1,11L,Landed,VN-A596,A20N,passenger
2026-02-06,11:52,03:46,Shanghai,PVG,Air China,CA703,2,11L,Landed,B-6942,A321,passenger
2026-02-06,11:44,01:52,Ho Chi Minh City,SGN,Sun PhuQuoc Airways,9G822,1,11L,Landed,VN-A280,A321,passenger
2026-02-06,11:41,01:52,Ho Chi Minh City,SGN,VietJet Air,VJ132,1,11L,Landed,VN-A534,A21N,passenger
2026-02-06,11:40,01:09,Da Nang,DAD,N/A,VN6080,1,11L,Landed,VN-A363,A321,passenger
2026-02-06,11:35,01:40,Buon Ma Thuot,BMV,Vietnam Airlines,VN1602,1,11L,Landed,VN-A625,A21N,passenger
2026-02-06,11:33,00:48,Vinh,VII,Vietnam Airlines,VN1716,1,11L,Landed,VN-A395,A321,passenger
2026-02-06,11:30,01:03,Hue,HUI,Vietnam Airlines,VN1542,1,11L,Landed,VN-A505,A21N,passenger
2026-02-06,11:28,05:06,Seoul,ICN,Korean Air,KE441,2,29R,Landed,HL8509,A21N,passenger
2026-02-06,11:24,01:40,Da Lat,DLI,Vietnam Airlines,VN1572,1,11L,Landed,VN-A514,A20N,passenger
2026-02-06,11:17,01:13,Pleiku,PXU,Vietnam Airlines,VN1614,1,11L,Landed,VN-A331,A321,passenger
2026-02-06,11:14,00:42,Dong Hoi,VDH,Vietnam Airlines,VN1590,1,11L,Landed,VN-A398,A321,passenger
2026-02-06,11:12,01:00,Da Nang,DAD,Vietnam Airlines,VN164,1,11L,Landed,VN-A613,A321,passenger
2026-02-06,11:08,01:46,Guangzhou,CAN,China Southern Airlines,CZ3049,2,11L,Landed,B-301W,A20N,passenger
2026-02-06,11:05,01:40,Ho Chi Minh City,SGN,Vietnam Airlines,VN244,1,29R,Landed,VN-A358,A321,passenger
2026-02-06,10:55,01:42,Ho Chi Minh City,SGN,VietJet Air,VJ136,1,11L,Landed,VN-A580,A21N,passenger
2026-02-06,10:51,01:16,Qui Nhon,UIH,VietJet Air,VJ430,1,11L,Landed,VN-A641,A321,passenger
2026-02-06,10:46,01:42,Phu Quoc,PQC,VietJet Air,VJ442,1,11L,Landed,VN-A648,A321,passenger
2026-02-06,10:43,01:43,Ho Chi Minh City,SGN,Bamboo Airways,QH208,1,11L,Landed,VN-A597,A321,passenger
2026-02-06,10:36,01:06,Chu Lai,VCL,Vietnam Airlines,VN1640,1,11L,Landed,VN-A515,A20N,passenger
2026-02-06,10:28,01:34,Da Lat,DLI,VietJet Air,VJ402,1,11L,Landed,VN-A676,A320,passenger
2026-02-06,10:22,02:50,Taipei,TPE,STARLUX,JX715,2,11L,Landed,B-58213,A21N,passenger
2026-02-06,10:14,01:24,Buon Ma Thuot,BMV,VietJet Air,VJ492,1,11L,Landed,VN-A632,A321,passenger
2026-02-06,10:03,02:29,Kaohsiung,KHH,Vietnam Airlines,VN587,2,11L,Landed,VN-A399,A321,passenger
2026-02-06,10:00,02:27,Pleiku,PXU,VietJet Air,VJ422,1,11L,Landed,VN-A644,A321,passenger
2026-02-06,09:57,02:47,Taipei,TPE,Vietnam Airlines,VN579,2,11L,Landed,VN-A604,A321,passenger
2026-02-06,09:48,01:41,Ho Chi Minh City,SGN,Avion Express,VJ148,1,11L,Landed,LY-NVG,A320,passenger
2026-02-06,09:41,01:42,Ho Chi Minh City,SGN,VietJet Air,VJ176,1,11L,Landed,VN-A542,A321,passenger
2026-02-06,09:36,01:39,Ho Chi Minh City,SGN,Vietnam Airlines,VN242,1,11L,Landed,VN-A889,A359,passenger
2026-02-06,09:33,01:25,Bangkok,BKK,Thai Airways,TG560,2,11L,Landed,HS-TXG,A320,passenger
2026-02-06,09:31,04:47,Seoul,ICN,VietJet Air,VJ963,2,11L,Landed,VN-A693,A21N,passenger
2026-02-06,09:25,01:44,Ho Chi Minh City,SGN,Sun PhuQuoc Airways,9G808,1,11L,Landed,VN-A286,A21N,passenger
2026-02-06,09:22,01:53,Ho Chi Minh City,SGN,Vietravel Airlines,VU774,1,11L,Landed,VN-A136,A320,passenger
2026-02-06,09:18,01:39,Ho Chi Minh City,SGN,Vietnam Airlines,VN240,1,11L,Landed,VN-A893,A359,passenger
2026-02-06,09:10,00:58,Da Nang,DAD,VietJet Air,VJ504,1,11L,Landed,VN-A661,A321,passenger
2026-02-06,09:05,00:58,Da Nang,DAD,Vietnam Airlines,VN158,1,11L,Landed,VN-A605,A321,passenger
2026-02-06,08:39,03:04,Singapore,SIN,Scoot,TR300,2,11L,Landed,9V-NCB,A21N,passenger
2026-02-06,08:36,01:46,Hong Kong,HKG,HK express,UO540,2,11L,Landed,B-KKM,A21N,passenger
2026-02-06,08:31,01:24,Bangkok,DMK,AirAsia,FD642,2,11L,Landed,HS-BBV,A320,passenger
2026-02-06,08:28,01:47,Ho Chi Minh City,SGN,Vietnam Airlines,VN238,1,11L,Landed,VN-A324,A321,passenger
2026-02-06,08:22,01:43,Ho Chi Minh City,SGN,Sun PhuQuoc Airways,9G806,1,11L,Landed,VN-A279,A321,passenger
2026-02-06,08:18,01:34,Shenzhen,SZX,Shenzhen Airlines,ZH101,2,11L,Landed,B-6835,A320,passenger
2026-02-06,08:11,01:24,Bangkok,BKK,K-Mile Air,8K525,0,11L,Landed,HS-KMD,B738,cargo
2026-02-06,08:00,01:39,Ho Chi Minh City,SGN,Vietnam Airlines,VN206,1,11L,Landed,VN-A869,B789,passenger
2026-02-06,07:58,00:44,Nanning,NNG,GX Airlines,GX8971,2,11L,Landed,B-6817,A320,passenger
2026-02-06,07:43,01:01,Da Nang,DAD,Vietnam Airlines,VN156,1,11L,Landed,VN-A614,A321,passenger
2026-02-06,07:40,01:41,Ho Chi Minh City,SGN,VietJet Air,VJ124,1,11L,Landed,VN-A820,A333,passenger
2026-02-06,07:36,01:41,Ho Chi Minh City,SGN,Bamboo Airways,QH202,1,11L,Landed,VN-A227,A321,passenger
2026-02-06,07:30,03:01,Manila,MNL,Cebu Pacific,5J744,2,11L,Landed,RP-C4133,A21N,passenger
2026-02-06,07:26,02:55,Manila,MNL,Vietnam Airlines,VN646,2,11L,Landed,VN-A396,A321,passenger
2026-02-06,07:22,00:59,Da Nang,DAD,N/A,VJ524,1,11L,Landed,,N/A,unknown
2026-02-06,07:21,03:31,Cebu,CEB,Vietnam Airlines,VN642,2,11L,Landed,VN-A610,A321,passenger
2026-02-06,07:16,01:40,Ho Chi Minh City,SGN,Vietnam Airlines,VN7016,1,11L,Landed,VN-A398,A321,passenger
2026-02-06,07:08,01:40,Ho Chi Minh City,SGN,VietJet Air,VJ122,1,11L,Landed,VN-A697,A21N,passenger
2026-02-06,07:01,01:42,Ho Chi Minh City,SGN,N/A,VN6002,1,11L,Landed,VN-A363,A321,passenger
2026-02-06,06:54,00:59,Da Nang,DAD,VietJet Air,VJ502,1,11L,Landed,VN-A634,A321,passenger
2026-02-06,06:34,01:38,Ho Chi Minh City,SGN,Vietnam Airlines,VN7214,1,11L,Landed,VN-A601,A321,passenger
2026-02-06,06:24,06:24,Kuwait City,KWI,Turkish Airlines,TK6382,0,11L,Landed,TC-LJS,B77L,cargo
2026-02-06,06:19,05:41,Doha,DOH,Qatar Airways,QR982,2,11L,Landed,A7-BHO,B789,passenger
2026-02-06,06:16,01:40,Ho Chi Minh City,SGN,Vietnam Airlines,VN7210,1,11L,Landed,VN-A515,A20N,passenger
2026-02-06,06:12,03:42,Bengaluru,BLR,Vietnam Airlines,VN982,2,11L,Landed,VN-A625,A21N,passenger
2026-02-06,06:09,08:53,Melbourne,MEL,Vietnam Airlines,VN778,2,11L,Landed,VN-A898,A359,passenger
2026-02-06,06:05,09:52,Frankfurt,FRA,Vietnam Airlines,VN36,2,11L,Landed,VN-A867,B789,passenger
2026-02-06,05:55,03:22,Delhi,DEL,VietJet Air,VJ972,2,11L,Landed,VN-A815,A333,passenger
2026-02-06,05:46,10:15,Paris,CDG,Vietnam Airlines,VN18,2,N/A,Landed,VN-A890,A359,passenger
2026-02-06,05:29,03:42,Ahmedabad,AMD,VietJet Air,VJ1926,2,N/A,Landed,VN-A671,A320,passenger
2026-02-06,05:24,01:38,Guangzhou,CAN,FedEx,FX6020,0,11L,Landed,N102FE,B763,cargo
2026-02-06,04:59,01:39,Ho Chi Minh City,SGN,Vietnam Airlines,VN7030,1,11L,Landed,VN-A338,A321,passenger
2026-02-06,04:50,03:40,Mumbai,BOM,Vietnam Airlines,VN972,2,11L,Landed,VN-A865,B789,passenger
2026-02-06,04:29,01:37,Guangzhou,CAN,VietJet Air,VJ7527,2,11L,Landed,VN-A649,A321,passenger
2026-02-06,04:15,09:35,Munich,MUC,Vietnam Airlines,VN34,2,11L,Landed,VN-A861,B789,passenger
2026-02-06,04:03,03:32,Beijing,PKX,VietJet Air,VJ7713,2,11L,Landed,VN-A670,A321,passenger
2026-02-06,03:56,04:43,Seoul,ICN,Air Zeta,KJ389,0,11L,Landed,HL7507,B763,cargo
2026-02-06,03:15,05:27,Dubai,DWC,China Southern Cargo,CSG2585,0,11L,Landed,B-2081,B77L,cargo
2026-02-06,02:21,04:47,Seoul,ICN,Air Zeta,KJ373,0,11L,Landed,HL8355,B738,cargo
2026-02-06,02:08,04:40,Seoul,ICN,Korean Air,KE9575,0,11L,Landed,HL8077,B77L,cargo
2026-02-06,01:44,03:28,Jinan,TNA,Shandong Airlines,SC8071,2,11L,Landed,B-5452,B738,passenger
2026-02-06,01:40,01:43,Ho Chi Minh City,SGN,VietJet Air,VJ178,1,11L,Landed,VN-A536,A21N,passenger
2026-02-06,01:37,04:00,Qingdao,TAO,Shandong Airlines,SC4649,2,11L,Landed,B-1226,B738,passenger
2026-02-06,01:33,03:22,Shanghai,PVG,China Eastern Airlines,MU5075,2,11L,Landed,B-1722,B738,passenger
2026-02-06,01:30,02:35,Wuhan,WUH,China Eastern Airlines,MU2573,2,11L,Landed,B-7875,B738,passenger
2026-02-06,01:27,02:56,Manila,MNL,Philippine Airlines,PR595,2,11L,Landed,RP-C9926,A321,passenger
2026-02-06,01:24,03:07,Hangzhou,HGH,Air China,CA707,2,11L,Landed,B-8429,A320,passenger
2026-02-06,01:21,01:43,Ho Chi Minh City,SGN,VietJet Air,VJ182,1,11L,Landed,VN-A644,A321,passenger
2026-02-06,01:17,04:39,Seoul,ICN,Atlas Air,5Y8123,0,11L,Landed,N859GT,B748,cargo
2026-02-06,01:15,00:40,Vinh,VII,Bamboo Airways,QH14,1,11L,Landed,VN-A585,A321,passenger
2026-02-06,01:11,01:39,Ho Chi Minh City,SGN,Sun PhuQuoc Airways,9G886,1,11L,Landed,VN-A284,A21N,passenger
2026-02-06,01:07,04:52,Seoul,ICN,T'way Air,TW61,2,11L,Landed,HL8070,B738,passenger
2026-02-06,01:04,01:47,Ho Chi Minh City,SGN,Vietnam Airlines,VN270,1,11L,Landed,VN-A505,A21N,passenger
2026-02-06,01:01,01:46,Ho Chi Minh City,SGN,VietJet Air,VJ174,1,11L,Landed,VN-A522,A321,passenger
2026-02-06,00:59,01:42,Shenzhen,SZX,Shenzhen Airlines,ZH107,2,11L,Landed,B-6296,A320,passenger
2026-02-06,00:55,00:28,Sao Vang,THD,Bamboo Airways,QH18,1,N/A,Landed,VN-A596,A20N,passenger
2026-02-06,00:51,01:45,Ho Chi Minh City,SGN,Sun PhuQuoc Airways,9G884,1,11L,Landed,VN-A280,A321,passenger
2026-02-06,00:47,03:29,Shanghai,PVG,Juneyao Air,HO1329,2,11L,Landed,B-6901,A320,passenger
2026-02-06,00:42,02:53,Taipei,TPE,China Airlines,CI6887,0,11L,Landed,B-18722,B744,cargo
2026-02-06,00:24,04:46,Seoul,ICN,Jeju Air,7C2201,2,11L,Landed,HL8593,B38M,passenger
2026-02-06,00:18,01:34,Ho Chi Minh City,SGN,Vietnam Airlines,VN7294,1,11L,Landed,VN-A877,B78X,passenger
2026-02-06,00:16,01:42,Ho Chi Minh City,SGN,Vietnam Airlines,VN260,1,11L,Landed,VN-A508,A21N,passenger
2026-02-06,00:12,01:00,Da Nang,DAD,Vietnam Airlines,VN7192,1,11L,Landed,VN-A603,A321,passenger
2026-02-06,00:08,06:00,Bahrain,BAH,DHL Air,QY574,0,11L,Landed,D-ALMG,A333,cargo
2026-02-06,00:04,01:41,Ho Chi Minh City,SGN,Vietnam Airlines,VN7048,1,11L,Landed,VN-A514,A20N,passenger
2026-02-06,00:00,01:31,Ho Chi Minh City,SGN,Vietnam Airlines,VN7020,1,11L,Landed,VN-A871,B789,passenger
2026-02-07,23:50,05:38,Abu Dhabi,AUH,Etihad Airways,EY979,0,11L,Landed,A6-DDF,B77L,cargo
2026-02-07,23:47,01:37,Nha Trang,CXR,VietJet Air,VJ778,1,11L,Landed,VN-A536,A21N,passenger
2026-02-07,23:44,05:02,Busan,PUS,Air Busan,BX7395,2,11L,Landed,HL8395,A21N,passenger
2026-02-07,23:41,01:41,Ho Chi Minh City,SGN,Vietnam Airlines,VN262,1,11L,Landed,VN-A877,B78X,passenger
2026-02-07,23:39,01:40,Macau,MFM,Air Macau,NX984,2,11L,Landed,B-MBO,A20N,passenger
2026-02-07,23:36,01:46,Ho Chi Minh City,SGN,VietJet Air,VJ156,1,11L,Landed,VN-A637,A321,passenger
2026-02-07,23:33,01:41,Ho Chi Minh City,SGN,Vietnam Airlines,VN260,1,11L,Landed,VN-A868,B789,passenger
2026-02-07,23:30,01:42,Ho Chi Minh City,SGN,Vietnam Airlines,VN256,1,11L,Landed,VN-A325,A321,passenger
2026-02-07,23:26,00:58,Hue,HUI,VietJet Air,VJ568,1,11L,Landed,VN-A697,A21N,passenger
2026-02-07,23:24,00:59,Hue,HUI,Vietnam Airlines,VN1548,1,11L,Landed,VN-A623,A21N,passenger
2026-02-07,23:21,01:48,Ho Chi Minh City,SGN,VietJet Air,VJ196,1,11L,Landed,VN-A537,A21N,passenger
2026-02-07,23:18,06:23,Tokyo,NRT,All Nippon Airways,NH897,2,11L,Landed,JA876A,B789,passenger
2026-02-07,23:15,06:25,Tokyo,NRT,Japan Airlines,JL751,2,11L,Landed,JA606J,B763,passenger
2026-02-07,23:10,01:04,Da Nang,DAD,Vietravel Airlines,VU658,1,11L,Landed,VN-A129,A321,passenger
2026-02-07,23:08,01:43,Guangzhou,CAN,China Southern Airlines,CZ371,2,11L,Landed,B-1206,B38M,passenger
2026-02-07,23:05,04:50,Seoul,ICN,Asiana Airlines,OZ733,2,11L,Landed,HL8308,A359,passenger
2026-02-07,23:02,01:54,Chengdu,TFU,Sichuan Airlines,3U3905,2,11L,Landed,B-6732,A320,passenger
2026-02-07,22:58,01:54,Can Tho,VCA,VietJet Air,VJ464,1,11L,Landed,VN-A636,A321,passenger
2026-02-07,22:55,01:41,Ho Chi Minh City,SGN,VietJet Air,VJ180,1,11L,Landed,VN-A816,A333,passenger
2026-02-07,22:52,01:34,Phnom Penh,KTI,Air Cambodia,K6850,2,11L,Landed,XU-353,A320,passenger
2026-02-07,22:50,01:39,Ho Chi Minh City,SGN,VietJet Air,VJ190,1,11L,Landed,VN-A634,A321,passenger
2026-02-07,22:44,01:30,Buon Ma Thuot,BMV,VietJet Air,VJ1492,1,11L,Landed,VN-A645,A321,passenger
2026-02-07,22:40,04:44,Seoul,ICN,Korean Air,KE447,2,11L,Landed,HL8537,B78X,passenger
2026-02-07,22:37,04:59,Busan,PUS,T'way Air,TW65,2,11L,Landed,HL8354,B738,passenger
2026-02-07,22:32,02:38,Kuala Lumpur,KUL,Vietnam Airlines,VN680,2,11L,Landed,VN-A610,A321,passenger
2026-02-07,22:23,01:34,Macau,MFM,Air Macau,NX982,2,11L,Landed,B-MBP,A20N,passenger
2026-02-07,22:19,01:24,Buon Ma Thuot,BMV,VietJet Air,VJ494,1,11L,Landed,VN-A542,A321,passenger
2026-02-07,22:12,02:46,Zhengzhou,CGO,N/A,JD647,0,11L,Landed,B-32MG,A332,cargo
2026-02-07,22:08,01:41,Ho Chi Minh City,SGN,Vietnam Airlines,VN220,1,11L,Landed,VN-A874,B78X,passenger
2026-02-07,22:06,01:46,Ho Chi Minh City,SGN,Sun PhuQuoc Airways,9G872,1,11L,Landed,VN-A281,A21N,passenger
2026-02-07,22:03,01:46,Ho Chi Minh City,SGN,VietJet Air,VJ166,1,11L,Landed,VN-A646,A21N,passenger
2026-02-07,21:59,01:24,Siem Reap,SAI,Vietnam Airlines,VN842,2,11L,Landed,VN-A331,A321,passenger
2026-02-07,21:57,01:49,Ho Chi Minh City,SGN,VietJet Air,VJ152,1,11L,Landed,VN-A642,A321,passenger
2026-02-07,21:54,01:09,Da Nang,DAD,N/A,VN6070,1,29R,Landed,VN-A363,A321,passenger
2026-02-07,21:51,01:57,Ho Chi Minh City,SGN,Sun PhuQuoc Airways,9G868,1,11L,Landed,VN-A279,A321,passenger
2026-02-07,21:49,01:58,Ho Chi Minh City,SGN,VietJet Air,VJ144,1,11L,Landed,VN-A500,A21N,passenger
2026-02-07,21:39,02:04,Ho Chi Minh City,SGN,VietJet Air,VJ158,1,11L,Landed,VN-A657,A321,passenger
2026-02-07,21:36,02:01,Phu Quoc,PQC,Sun PhuQuoc Airways,9G1230,1,11L,Landed,VN-A286,A21N,passenger
2026-02-07,21:34,01:39,Siem Reap,SAI,VietJet Air,VJ914,2,11L,Landed,VN-A544,A321,passenger
2026-02-07,21:30,03:07,Singapore,SIN,UPS,5X99,0,11L,Landed,N622UP,B748,cargo
2026-02-07,21:28,02:00,Shenzhen,SZX,China Southern Airlines,CZ8083,2,11L,Landed,B-32H3,A20N,passenger
2026-02-07,21:24,00:47,Vinh,VII,Vietnam Airlines,VN1718,1,11L,Landed,VN-A622,A21N,passenger
2026-02-07,21:20,00:47,Dien Bien Phu,DIN,Vietnam Airlines,VN1807,1,11L,Landed,VN-A399,A321,passenger
2026-02-07,21:17,06:14,Tokyo,HND,Vietnam Airlines,VN385,2,11L,Landed,VN-A870,B789,passenger
2026-02-07,21:14,01:41,Ho Chi Minh City,SGN,Vietnam Airlines,VN258,1,11L,Landed,VN-A862,B789,passenger
2026-02-07,21:12,04:36,Denpasar,DPS,VietJet Air,VJ998,2,11L,Landed,VN-A522,A321,passenger
2026-02-07,21:09,02:52,Taipei,TPE,VietJet Air,VJ943,2,11L,Landed,VN-A528,A21N,passenger
2026-02-07,21:02,08:48,Sydney,SYD,Vietnam Airlines,VN786,2,11L,Landed,VN-A899,A359,passenger
2026-02-07,20:58,00:39,Luang Prabang,LPQ,Vietnam Airlines,VN930,2,11L,Landed,VN-A602,A321,passenger
2026-02-07,20:55,04:35,Seoul,ICN,Vietnam Airlines,VN415,2,11L,Landed,VN-A891,A359,passenger
2026-02-07,20:52,01:39,Ho Chi Minh City,SGN,Vietnam Airlines,VN218,1,11L,Landed,VN-A878,B78X,passenger
2026-02-07,20:49,00:44,Vientiane,VTE,Vietnam Airlines,VN920,2,11L,Landed,VN-A329,A321,passenger
2026-02-07,20:45,01:21,Bangkok,BKK,Vietnam Airlines,VN618,2,11L,Landed,VN-A612,A321,passenger
2026-02-07,20:41,01:46,Ho Chi Minh City,SGN,Vietnam Airlines,VN7048,1,11L,Landed,VN-A613,A321,passenger
2026-02-07,20:36,01:34,Da Lat,DLI,VietJet Air,VJ410,1,11L,Landed,VN-A655,A320,passenger
2026-02-07,20:33,00:58,Da Nang,DAD,Vietnam Airlines,VN188,1,11L,Landed,VN-A515,A20N,passenger
2026-02-07,20:29,01:22,Bangkok,DMK,AirAsia,FD644,2,11L,Landed,HS-EAC,A21N,passenger
2026-02-07,20:26,01:23,Bangkok,BKK,VietJet Air,VJ904,2,11L,Landed,VN-A538,A21N,passenger
2026-02-07,20:12,08:14,Istanbul,IST,Turkish Airlines,TK164,2,11L,Landed,TC-LGM,A359,passenger
2026-02-07,20:08,01:41,Ho Chi Minh City,SGN,Vietnam Airlines,VN252,1,11L,Landed,VN-A869,B789,passenger
2026-02-07,20:06,01:08,Da Nang,DAD,VietJet Air,VJ516,1,11L,Landed,VN-A539,A21N,passenger
2026-02-07,20:02,01:34,Bangkok,BKK,Thai Airways,TG564,2,11L,Landed,HS-TXJ,A320,passenger
2026-02-07,19:59,01:30,Pleiku,PXU,VietJet Air,VJ424,1,11L,Landed,VN-A632,A321,passenger
2026-02-07,19:53,02:41,Taichung,RMQ,VietJet Air,VJ949,2,11L,Landed,VN-A547,A21N,passenger
2026-02-07,19:50,01:50,Ho Chi Minh City,SGN,Vietnam Airlines,VN254,1,11L,Landed,VN-A867,B789,passenger
2026-02-07,19:48,10:54,Leipzig,LEJ,DHL Air,QY578,0,29R,Landed,D-ALMA,A332,cargo
2026-02-07,19:44,01:49,Ho Chi Minh City,SGN,VietJet Air,VJ172,1,11L,Landed,VN-A820,A333,passenger
2026-02-07,19:43,02:52,Kuala Lumpur,KUL,China Airlines,CI5866,0,11L,Landed,B-18721,B744,cargo
2026-02-07,19:38,01:57,Chongqing,CKG,West Air,PN6423,2,11L,Landed,B-6811,A320,passenger
2026-02-07,19:32,01:01,Da Nang,DAD,Vietnam Airlines,VN180,1,N/A,Landed,VN-A514,A20N,passenger
2026-02-07,19:29,01:23,Siem Reap,SAI,Vietnam Airlines,VN836,2,11L,Landed,VN-A398,A321,passenger
2026-02-07,19:27,01:42,Ho Chi Minh City,SGN,Vietravel Airlines,VU780,1,11L,Landed,VN-A136,A320,passenger
2026-02-07,19:23,00:59,Da Nang,DAD,Vietnam Airlines,VN174,1,11L,Landed,VN-A338,A321,passenger
2026-02-07,19:21,01:46,Phu Quoc,PQC,VietJet Air,VJ446,1,11L,Landed,VN-A672,A320,passenger
2026-02-07,19:18,05:30,Osaka,KIX,VietJet Air,VJ931,2,11L,Landed,VN-A693,A21N,passenger
2026-02-07,19:15,05:43,Doha,DOH,Qatar Airways,QR984,2,11L,Landed,A7-BCV,B788,passenger
2026-02-07,19:13,01:40,Phu Quoc,PQC,Sun PhuQuoc Airways,9G1216,1,11L,Landed,VN-A284,A21N,passenger
2026-02-07,19:08,01:16,Qui Nhon,UIH,VietJet Air,VJ432,1,11L,Landed,VN-A669,A320,passenger
2026-02-07,19:01,01:47,Hong Kong,HKG,Hong Kong Airlines,HX528,2,11L,Landed,B-LPN,A320,passenger
2026-02-07,18:45,02:50,Singapore,SIN,China Cargo Airlines,CK288,0,11L,Landed,B-2077,B77L,cargo
2026-02-07,18:42,01:39,Shenzhen,SZX,Shenzhen Airlines,ZH105,2,11L,Landed,B-5690,B738,passenger
2026-02-07,18:39,01:41,Ho Chi Minh City,SGN,Vietravel Airlines,VU770,1,N/A,Landed,VN-A129,A321,passenger
2026-02-07,18:36,01:53,Ho Chi Minh City,SGN,Vietnam Airlines,VN216,1,11L,Landed,VN-A896,A359,passenger
2026-02-07,18:33,03:15,Singapore,SIN,Singapore Airlines,SQ194,2,11L,Landed,9V-MBQ,B38M,passenger
2026-02-07,18:30,01:44,Hong Kong,HKG,Cathay Pacific,CX743,2,11L,Landed,B-KPI,B77W,passenger
2026-02-07,18:29,01:41,Nha Trang,CXR,Vietnam Airlines,VN1558,1,11L,Landed,VN-A623,A21N,passenger
2026-02-07,18:23,03:36,Beijing,PEK,Vietnam Airlines,VN513,2,11L,Landed,VN-A601,A321,passenger
2026-02-07,18:19,01:47,Ho Chi Minh City,SGN,Transavia,VJ134,1,11L,Landed,LY-MLI,A320,passenger
2026-02-07,18:15,01:39,Guangzhou,CAN,China Southern Airlines,CZ8177,2,11L,Landed,B-6783,A320,passenger
2026-02-07,18:11,00:59,Luang Prabang,LPQ,Lao Airlines,QV313,2,11L,Landed,RDPL-34225,AT76,passenger
2026-02-07,18:08,02:06,Con Dao,VCS,VietJet Air,VJ108,1,11L,Landed,B-652G,AJ27,passenger
2026-02-07,18:04,01:06,Da Nang,DAD,VietJet Air,VJ512,1,11L,Landed,VN-A661,A321,passenger
2026-02-07,18:02,03:22,Shanghai,PVG,Vietnam Airlines,VN533,2,11L,Landed,VN-A505,A21N,passenger
2026-02-07,18:00,01:46,Ho Chi Minh City,SGN,VietJet Air,VJ194,1,11L,Landed,VN-A516,A21N,passenger
2026-02-07,17:56,03:47,Shanghai,PVG,China Eastern Airlines,MU6013,2,11L,Landed,B-32KT,A21N,passenger
2026-02-07,17:54,01:40,Nha Trang,CXR,Bamboo Airways,QH1416,1,11L,Landed,VN-A597,A321,passenger
2026-02-07,17:48,03:52,Jakarta,CGK,VietJet Air,VJ928,2,11R,Landed,VN-A650,A320,passenger
2026-02-07,17:45,01:39,Ho Chi Minh City,SGN,Vietnam Airlines,VN232,1,11L,Landed,VN-A877,B78X,passenger
2026-02-07,17:42,01:46,Ho Chi Minh City,SGN,Sun PhuQuoc Airways,9G854,1,11L,Landed,VN-A280,A321,passenger
2026-02-07,17:40,02:36,Kaohsiung,KHH,VietJet Air,VJ947,2,11L,Landed,VN-A542,A321,passenger
2026-02-07,17:37,02:55,Taipei,TPE,STARLUX,JX717,2,29R,Landed,B-58206,A21N,passenger
2026-02-07,17:33,03:33,Shanghai,PVG,Air China,CA755,2,11L,Landed,B-8502,A321,passenger
2026-02-07,17:30,01:38,Ho Chi Minh City,SGN,Vietnam Airlines,VN250,1,29R,Landed,VN-A873,B78X,passenger
2026-02-07,17:27,01:48,Phu Quoc,PQC,N/A,VN6400,1,11L,Landed,VN-A363,A321,passenger
2026-02-07,17:25,01:41,Guangzhou,CAN,Vietnam Airlines,VN507,2,11L,Landed,VN-A324,A321,passenger
2026-02-07,17:22,01:28,Bangkok,BKK,VietJet Air,VJ902,2,11L,Landed,VN-A629,A321,passenger
2026-02-07,17:19,04:42,Busan,PUS,VietJet Air,VJ957,2,11L,Landed,VN-A663,A320,passenger
2026-02-07,17:16,01:03,Da Nang,DAD,VietJet Air,VJ514,1,11L,Landed,VN-A636,A321,passenger
2026-02-07,17:13,00:40,Dien Bien Phu,DIN,Vietnam Airlines,VN1805,1,11L,Landed,VN-A611,A321,passenger
2026-02-07,17:11,01:32,N/A,,Air Cambodia,K6854,2,11L,Landed,XU-356,A320,passenger
2026-02-07,17:08,01:37,Ho Chi Minh City,SGN,Vietnam Airlines,VN7230,1,11L,Landed,VN-A879,B78X,passenger
2026-02-07,17:05,01:34,Nha Trang,CXR,VietJet Air,VJ784,1,11L,Landed,VN-A634,A321,passenger
2026-02-07,17:02,02:47,Taipei,TPE,EVA Air,BR385,2,11L,Landed,B-16208,A321,passenger
2026-02-07,16:51,00:43,Luang Prabang,LPQ,AirAsia,FD1038,2,11L,Landed,HS-BBR,A320,passenger
2026-02-07,16:48,02:51,Taipei,TPE,China Airlines,CI793,2,11L,Landed,B-18102,A21N,passenger
2026-02-07,16:44,01:32,Da Lat,DLI,Bamboo Airways,QH1424,1,11L,Landed,VN-A596,A20N,passenger
2026-02-07,16:32,05:21,Hiroshima,HIJ,VietJet Air,VJ953,2,11L,Landed,VN-A671,A320,passenger
2026-02-07,16:27,01:07,Da Nang,DAD,Vietnam Airlines,VN172,1,11L,Landed,VN-A353,A321,passenger
2026-02-07,16:25,00:49,Vientiane,VTE,Lao Airlines,QV311,2,11L,Landed,RDPL-34188,A320,passenger
2026-02-07,16:21,01:53,Can Tho,VCA,Vietnam Airlines,VN1202,1,11L,Landed,VN-A608,A321,passenger
2026-02-07,16:18,01:27,Tuy Hoa,TBB,Vietnam Airlines,VN1650,1,11L,Landed,VN-A331,A321,passenger
2026-02-07,16:16,01:34,Da Lat,DLI,Vietnam Airlines,VN1574,1,11L,Landed,VN-A515,A20N,passenger
2026-02-07,16:13,01:33,Nha Trang,CXR,Vietnam Airlines,VN7568,1,11L,Landed,VN-A503,A21N,passenger
2026-02-07,16:10,01:41,Hong Kong,HKG,Vietnam Airlines,VN593,2,11L,Landed,VN-A392,A321,passenger
2026-02-07,16:02,01:46,Ho Chi Minh City,SGN,BBN Airlines Indonesia,QH242,1,11L,Landed,PK-BBK,B739,passenger
2026-02-07,15:49,01:41,Phu Quoc,PQC,Sun PhuQuoc Airways,9G1208,1,29R,Landed,VN-A286,A21N,passenger
2026-02-07,15:44,01:38,Ho Chi Minh City,SGN,Vietnam Airlines,VN248,1,11L,Landed,VN-A868,B789,passenger
2026-02-07,15:41,01:46,Can Tho,VCA,VietJet Air,VJ462,1,11L,Landed,VN-A539,A21N,passenger
2026-02-07,15:31,02:39,Singapore,SIN,Vietnam Airlines,VN660,2,11L,Landed,VN-A897,A359,passenger
2026-02-07,15:28,01:04,Da Nang,DAD,Vietnam Airlines,VN170,1,11L,Landed,VN-A397,A321,passenger
2026-02-07,15:24,01:51,Can Tho,VCA,VietJet Air,VJ460,1,11L,Landed,VN-A549,A21N,passenger
2026-02-07,15:21,02:23,Xiamen,XMN,Xiamen Air,MF869,2,11L,Landed,B-1970,B738,passenger
2026-02-07,15:00,01:11,Chiang Mai,CNX,AirAsia,FD870,2,11L,Landed,HS-ABX,A320,passenger
2026-02-07,14:58,01:48,Ho Chi Minh City,SGN,VietJet Air,VJ132,1,N/A,Landed,VN-A673,A321,passenger
2026-02-07,14:55,05:51,Khabarovsk,KHV,VietJet Air,VJ3524,2,11L,Landed,VN-A537,A21N,passenger
2026-02-07,14:51,06:10,Tokyo,NRT,Vietnam Airlines,VN311,2,11L,Landed,VN-A874,B78X,passenger
2026-02-07,14:45,01:04,Da Nang,DAD,Vietnam Airlines,VN168,1,11L,Landed,VN-A508,A21N,passenger
2026-02-07,14:42,02:49,Taipei,TPE,VietJet Air,VJ941,2,11L,Landed,VN-A670,A321,passenger
2026-02-07,14:38,00:55,Kunming,KMG,China Eastern Airlines,MU9605,2,11L,Landed,B-1703,B738,passenger
2026-02-07,14:33,01:35,Nha Trang,CXR,Vietnam Airlines,VN1552,1,11L,Landed,VN-A398,A321,passenger
2026-02-07,14:30,01:58,Con Dao,VCS,VietJet Air,VJ106,1,N/A,Landed,B-656E,AJ27,passenger
2026-02-07,14:27,06:34,Tokyo,NRT,VietJet Air,VJ933,2,11L,Landed,VN-A646,A21N,passenger
2026-02-07,14:24,01:42,Ho Chi Minh City,SGN,Vietnam Airlines,VN212,1,11L,Landed,VN-A862,B789,passenger
2026-02-07,14:21,01:40,Guangzhou,CAN,China Southern Airlines,CZ8315,2,11L,Landed,B-1616,A321,passenger
2026-02-07,14:18,03:33,Shanghai,PVG,China Eastern Airlines,MU6011,2,11L,Landed,B-1640,A321,passenger
2026-02-07,14:14,02:45,Kuala Lumpur,KUL,VietJet Air,VJ906,2,11L,Landed,VN-A544,A321,passenger
2026-02-07,14:11,02:48,Kuala Lumpur,KUL,AirAsia,AK512,2,11L,Landed,9M-AJJ,A320,passenger
2026-02-07,14:08,05:46,Doha,DOH,Qatar Airways,QR976,2,11L,Landed,A7-BHV,B789,passenger
2026-02-07,14:05,04:44,Seoul,ICN,VietJet Air,VJ961,2,11L,Landed,VN-A538,A21N,passenger
2026-02-07,14:01,02:57,Wuhu,WHA,JD Airlines,JG2723,0,11L,Landed,B-5333,B738,cargo
2026-02-07,13:59,05:24,Osaka,KIX,Vietnam Airlines,VN335,2,11L,Landed,VN-A889,A359,passenger
2026-02-07,13:57,01:00,Da Nang,DAD,Vietnam Airlines,VN166,1,11L,Landed,VN-A611,A321,passenger
2026-02-07,13:53,01:06,Da Nang,DAD,VietJet Air,VJ508,1,11L,Landed,VN-A661,A321,passenger
2026-02-07,13:51,01:42,Shenzhen,SZX,Shenzhen Airlines,ZH103,2,11L,Landed,B-6935,A320,passenger
2026-02-07,13:47,01:00,Hue,HUI,VietJet Air,VJ566,1,11L,Landed,VN-A632,A321,passenger
2026-02-07,13:46,01:49,Phu Quoc,PQC,Sun PhuQuoc Airways,9G1204,1,11L,Landed,VN-A281,A21N,passenger
2026-02-07,13:40,01:47,Ho Chi Minh City,SGN,Vietnam Airlines,VN7256,1,N/A,Landed,VN-A612,A321,passenger
2026-02-07,13:37,01:46,Phu Quoc,PQC,Sun PhuQuoc Airways,9G1202,1,11L,Landed,VN-A284,A21N,passenger
2026-02-07,13:31,01:52,Phu Quoc,PQC,VietJet Air,VJ440,1,N/A,Landed,VN-A672,A320,passenger
2026-02-07,13:28,00:53,N/A,,N/A,N/A,2,11L,Landed,VN-B469,C208,passenger
2026-02-07,13:25,02:49,Manila,MNL,Philippine Airlines,PR593,2,11L,Landed,RP-C9926,A321,passenger
2026-02-07,13:22,02:36,Kaohsiung,KHH,Vietnam Airlines,VN583,2,11L,Landed,VN-A610,A321,passenger
2026-02-07,13:15,01:37,Ho Chi Minh City,SGN,Vietnam Airlines,VN246,1,11L,Landed,VN-A867,B789,passenger
2026-02-07,13:13,01:44,Phu Quoc,PQC,VietJet Air,VJ450,1,11L,Landed,VN-A817,A333,passenger
2026-02-07,13:11,05:30,Osaka,KIX,VietJet Air,VJ939,2,11L,Landed,VN-A528,A21N,passenger
2026-02-07,13:07,04:20,Busan,PUS,Vietnam Airlines,VN429,2,11L,Landed,VN-A869,B789,passenger
2026-02-07,13:03,04:48,Fukuoka,FUK,Vietnam Airlines,VN357,2,11L,Landed,VN-A623,A21N,passenger
2026-02-07,12:55,03:30,Delhi,DEL,IndiGo,6E1633,2,11L,Landed,VT-IVX,A20N,passenger
2026-02-07,12:50,04:47,Fukuoka,FUK,VietJet Air,VJ959,2,11L,Landed,VN-A547,A21N,passenger
2026-02-07,12:47,01:52,Guangzhou,CAN,Shenzhen Airlines,ZH121,2,11L,Landed,B-5607,B738,passenger
2026-02-07,12:44,04:44,Seoul,ICN,Asiana Airlines,OZ729,2,11L,Landed,HL8254,B772,passenger
2026-02-07,12:41,01:46,Ho Chi Minh City,SGN,VietJet Air,VJ128,1,11L,Landed,VN-A820,A333,passenger
2026-02-07,12:38,01:52,Ho Chi Minh City,SGN,Bamboo Airways,QH224,1,11L,Landed,JU-1410,A320,passenger
2026-02-07,12:35,02:53,Kuala Lumpur,KUL,Batik Air,OD571,2,11L,Landed,9M-LRS,B38M,passenger
2026-02-07,12:32,05:17,Dubai,DXB,Emirates,EK394,2,11L,Landed,A6-ENC,B77W,passenger
2026-02-07,12:29,01:51,Can Tho,VCA,Vietnam Airlines,VN1200,1,N/A,Landed,VN-A512,A21N,passenger
2026-02-07,12:26,01:33,Nha Trang,CXR,VietJet Air,VJ770,1,29R,Landed,VN-A636,A321,passenger
2026-02-07,12:20,01:43,Phu Quoc,PQC,Vietnam Airlines,VN1236,1,11L,Landed,VN-A602,A321,passenger
2026-02-07,12:17,01:30,Da Lat,DLI,Bamboo Airways,QH1422,1,11L,Landed,VN-A597,A321,passenger
2026-02-07,12:11,01:45,Ho Chi Minh City,SGN,Vietnam Airlines,VN7014,1,11L,Landed,VN-A616,A21N,passenger
2026-02-07,12:02,03:36,Shanghai,PVG,Air China,CA703,2,11L,Landed,B-6791,A321,passenger
2026-02-07,11:51,01:48,Ho Chi Minh City,SGN,Vietnam Airlines,VN7044,1,11L,Landed,VN-A353,A321,passenger
2026-02-07,11:47,02:41,Taipei,TPE,EVA Air,BR397,2,11L,Landed,B-16725,B77W,passenger
2026-02-07,11:44,03:39,Beijing,PEK,Air China,CA741,2,11L,Landed,B-325N,A21N,passenger
2026-02-07,11:41,05:02,Seoul,ICN,Korean Air,KE441,2,N/A,Landed,HL8528,A21N,passenger
2026-02-07,11:38,01:50,Ho Chi Minh City,SGN,Sun PhuQuoc Airways,9G822,1,11L,Landed,VN-A280,A321,passenger
2026-02-07,11:34,01:05,Da Nang,DAD,N/A,VN6080,1,11L,Landed,VN-A363,A321,passenger
2026-02-07,11:32,01:30,Buon Ma Thuot,BMV,Vietnam Airlines,VN1602,1,11L,Landed,VN-A331,A321,passenger
2026-02-07,11:29,03:01,Singapore,SIN,Singapore Airlines,SQ192,2,11L,Landed,9V-SHM,A359,passenger
2026-02-07,11:26,01:28,Bangkok,DMK,AirAsia,FD640,2,11L,Landed,HS-BBE,A320,passenger
2026-02-07,11:23,00:50,Dong Hoi,VDH,Vietnam Airlines,VN1590,1,11L,Landed,VN-A399,A321,passenger
2026-02-07,11:21,01:36,Da Lat,DLI,Vietnam Airlines,VN1572,1,11L,Landed,VN-A515,A20N,passenger
2026-02-07,11:17,01:07,Da Nang,DAD,Vietnam Airlines,VN164,1,11L,Landed,VN-A397,A321,passenger
2026-02-07,11:09,01:16,Pleiku,PXU,Vietnam Airlines,VN1614,1,11L,Landed,VN-A324,A321,passenger
2026-02-07,11:07,01:41,Guangzhou,CAN,China Southern Airlines,CZ3049,2,11L,Landed,B-322F,A20N,passenger
2026-02-07,11:03,01:45,Phu Quoc,PQC,VietJet Air,VJ442,1,11L,Landed,VN-A542,A321,passenger
2026-02-07,10:55,01:14,Qui Nhon,UIH,VietJet Air,VJ430,1,11L,Landed,VN-A655,A320,passenger
2026-02-07,10:46,00:58,Da Nang,DAD,Bamboo Airways,QH104,1,11L,Landed,VN-A596,A20N,passenger
2026-02-07,10:38,05:41,Dubai,DWC,Sun PhuQuoc Airways,9G9909,2,11L,Landed,VN-A909,A20N,passenger
2026-02-07,10:24,02:32,Kaohsiung,KHH,Vietnam Airlines,VN587,2,11L,Landed,VN-A608,A321,passenger
2026-02-07,10:21,01:27,Buon Ma Thuot,BMV,VietJet Air,VJ492,1,11L,Landed,VN-A645,A321,passenger
2026-02-07,10:18,01:50,Ho Chi Minh City,SGN,Avion Express,VJ148,1,11L,Landed,LY-NVG,A320,passenger
2026-02-07,10:16,02:50,Taipei,TPE,Vietnam Airlines,VN579,2,11L,Landed,VN-A392,A321,passenger
2026-02-07,10:09,,Da Lat,DLI,N/A,VJ402,1,11L,Landed,,N/A,unknown
2026-02-07,09:56,01:36,Ho Chi Minh City,SGN,Vietnam Airlines,VN208,1,11L,Landed,VN-A866,B789,passenger
2026-02-07,09:49,01:15,Pleiku,PXU,VietJet Air,VJ422,1,11L,Landed,VN-A632,A321,passenger
2026-02-07,09:45,00:37,Vinh,VII,Vietnam Airlines,VN1716,1,11L,Landed,VN-A611,A321,passenger
2026-02-07,09:42,01:40,Ho Chi Minh City,SGN,VietJet Air,VJ124,1,11L,Landed,VN-A812,A333,passenger
2026-02-07,09:39,01:43,Ho Chi Minh City,SGN,Sun PhuQuoc Airways,9G808,1,11L,Landed,VN-A286,A21N,passenger
2026-02-07,09:34,01:00,Da Nang,DAD,VietJet Air,VJ504,1,11L,Landed,VN-A549,A21N,passenger
2026-02-07,09:30,01:24,Bangkok,BKK,K-Mile Air,8K525,0,11L,Landed,HS-KME,B738,cargo
2026-02-07,09:23,01:39,Ho Chi Minh City,SGN,Vietravel Airlines,VU774,1,11L,Landed,VN-A289,A321,passenger
2026-02-07,09:20,01:46,Ho Chi Minh City,SGN,BBN Airlines Indonesia,QH204,1,11L,Landed,PK-BBK,B739,passenger
2026-02-07,09:12,00:56,Da Nang,DAD,Vietnam Airlines,VN158,1,11L,Landed,VN-A508,A21N,passenger
2026-02-07,08:57,00:52,Hue,HUI,Vietnam Airlines,VN1540,1,11L,Landed,VN-A505,A21N,passenger
2026-02-07,08:47,01:46,Hong Kong,HKG,HK express,UO540,2,11L,Landed,B-KKD,A21N,passenger
2026-02-07,08:37,01:39,Shenzhen,SZX,Shenzhen Airlines,ZH101,2,11L,Landed,B-6835,A320,passenger
2026-02-07,08:23,01:41,Phu Quoc,PQC,Vietnam Airlines,VN7236,1,11L,Landed,VN-A396,A321,passenger
2026-02-07,08:10,01:41,Ho Chi Minh City,SGN,Vietnam Airlines,VN7042,1,11L,Landed,VN-A613,A321,passenger
2026-02-07,08:00,01:41,Ho Chi Minh City,SGN,Vietravel Airlines,VU750,1,11L,Landed,VN-A136,A320,passenger
2026-02-07,07:54,01:42,Ho Chi Minh City,SGN,Vietnam Airlines,VN206,1,11L,Landed,VN-A601,A321,passenger
2026-02-07,07:44,01:47,Ho Chi Minh City,SGN,Bamboo Airways,QH202,1,11L,Landed,VN-A227,A321,passenger
2026-02-07,07:41,01:03,Da Nang,DAD,Vietnam Airlines,VN156,1,11L,Landed,VN-A338,A321,passenger
2026-02-07,07:38,02:54,Manila,MNL,Vietnam Airlines,VN646,2,11L,Landed,VN-A399,A321,passenger
2026-02-07,07:35,05:53,Doha,DOH,Qatar Airways,QR8954,0,11L,Landed,A7-BFI,B77L,cargo
2026-02-07,07:34,04:00,Mumbai,BOM,VietJet Air,VJ910,2,11L,Landed,VN-A693,A21N,passenger
2026-02-07,07:29,01:01,Da Nang,DAD,VietJet Air,VJ524,1,11L,Landed,VN-A661,A321,passenger
2026-02-07,07:25,02:59,Manila,MNL,Cebu Pacific,5J744,2,11L,Landed,RP-C4142,A21N,passenger
2026-02-07,07:22,01:39,Ho Chi Minh City,SGN,VietJet Air,VJ120,1,11L,Landed,VN-A816,A333,passenger
2026-02-07,07:02,01:00,Da Nang,DAD,VietJet Air,VJ502,1,11L,Landed,VN-A636,A321,passenger
2026-02-07,06:54,01:41,Ho Chi Minh City,SGN,N/A,VN6002,1,11L,Landed,VN-A363,A321,passenger
2026-02-07,06:44,08:13,Istanbul,IST,Turkish Airlines,TK252,2,11L,Landed,TC-LLT,B789,passenger
2026-02-07,06:41,04:46,Seoul,ICN,Atlas Air,5Y8246,0,N/A,Landed,N405KZ,B744,cargo
2026-02-07,06:39,02:42,Xi'an,XIY,VietJet Air,VJ7343,2,11L,Landed,VN-A663,A320,passenger
2026-02-07,06:35,05:33,Abu Dhabi,AUH,Etihad Airways,EY432,2,11L,Landed,A6-BLG,B789,passenger
2026-02-07,06:31,01:41,Ho Chi Minh City,SGN,Vietnam Airlines,VN7214,1,11L,Landed,VN-A331,A321,passenger
2026-02-07,06:25,05:41,Doha,DOH,Qatar Airways,QR982,2,11L,Landed,A7-BHS,B789,passenger
2026-02-07,06:22,03:47,Jakarta,CGK,Vietnam Airlines,VN634,2,11L,Landed,VN-A512,A21N,passenger
2026-02-07,06:12,01:39,Ho Chi Minh City,SGN,Vietnam Airlines,VN7210,1,29R,Landed,VN-A611,A321,passenger
2026-02-07,06:09,01:40,Ho Chi Minh City,SGN,Vietnam Airlines,VN7012,1,11L,Landed,VN-A515,A20N,passenger
2026-02-07,05:57,07:53,Moscow,SVO,Vietnam Airlines,VN62,2,11L,Landed,VN-A867,B789,passenger
2026-02-07,05:54,09:50,Frankfurt,FRA,Vietnam Airlines,VN36,2,11L,Landed,VN-A870,B789,passenger
2026-02-07,05:51,03:44,Ahmedabad,AMD,VietJet Air,VJ1926,2,N/A,Landed,VN-A650,A320,passenger
2026-02-07,05:48,03:09,Shanghai,PVG,VietJet Air,VJ7239,2,11L,Landed,VN-A655,A320,passenger
2026-02-07,05:45,10:11,Paris,CDG,Vietnam Airlines,VN18,2,N/A,Landed,VN-A897,A359,passenger
2026-02-07,05:40,01:37,Ho Chi Minh City,SGN,AeroLogic,3S621,0,11L,Landed,D-AALK,B77L,cargo
2026-02-07,05:25,05:38,Abu Dhabi,AUH,Etihad Airways,EY971,0,11L,Landed,A6-DDB,B77L,cargo
2026-02-07,05:08,03:18,Hyderabad,HYD,Vietnam Airlines,VN984,2,11L,Landed,VN-A610,A321,passenger
2026-02-07,05:02,04:34,Seoul,ICN,Air Zeta,KJ951,0,29R,Landed,HL7645,B744,cargo
2026-02-07,04:57,01:46,Ho Chi Minh City,SGN,Bamboo Airways,QH292,1,11L,Landed,VN-A596,A20N,passenger
2026-02-07,04:53,03:35,Beijing,PKX,N/A,VJ7713,2,11L,Landed,,N/A,unknown
2026-02-07,04:49,10:21,London,LHR,Vietnam Airlines,VN56,2,11L,Landed,VN-A862,B789,passenger
2026-02-07,04:37,01:37,Guangzhou,CAN,VietJet Air,VJ7527,2,11L,Landed,VN-A632,A321,passenger
2026-02-07,04:09,01:45,Ho Chi Minh City,SGN,Vietravel Airlines,VU702,1,11L,Landed,VN-A129,A321,passenger
2026-02-07,04:01,04:43,Seoul,ICN,Air Zeta,KJ387,0,11L,Landed,HL7507,B763,cargo
2026-02-07,03:57,07:33,Amman,AMM,Cargolux,CV7625,0,11L,Landed,LX-OCV,B744,cargo
2026-02-07,03:53,09:43,Milan,MXP,Vietnam Airlines,VN72,2,11L,Landed,VN-A895,A359,passenger
2026-02-07,03:05,04:34,Seoul,ICN,Korean Air,KE373,0,11L,Landed,HL7601,B744,cargo
2026-02-07,02:36,05:05,Seoul,ICN,Air Zeta,KJ371,0,11L,Landed,HL8319,B738,cargo
2026-02-07,02:27,01:43,Ho Chi Minh City,SGN,VietJet Air,VJ190,1,11L,Landed,VN-A645,A321,passenger
2026-02-07,02:19,01:41,Ho Chi Minh City,SGN,Vietnam Airlines,VN270,1,11L,Landed,VN-A353,A321,passenger
2026-02-07,02:07,04:28,Seoul,ICN,Korean Air,KE361,0,11L,Landed,HL7603,B744,cargo
2026-02-07,01:59,03:42,Shanghai,PVG,China Eastern Airlines,MU5075,2,11L,Landed,B-6166,B738,passenger
2026-02-07,01:55,01:50,Ho Chi Minh City,SGN,Vietravel Airlines,VU782,1,11L,Landed,VN-A289,A321,passenger
2026-02-07,01:53,00:46,Vinh,VII,Bamboo Airways,QH14,1,11L,Landed,VN-A585,A321,passenger
2026-02-07,01:50,01:54,Ho Chi Minh City,SGN,VietJet Air,VJ178,1,11L,Landed,VN-A697,A21N,passenger
2026-02-07,01:46,01:53,Ho Chi Minh City,SGN,VietJet Air,VJ182,1,11L,Landed,VN-A676,A320,passenger
2026-02-07,01:43,04:45,Seoul,ICN,Kalitta Air,K4604,0,11L,Landed,N706CK,B744,cargo
2026-02-07,01:40,03:36,Shanghai,PVG,Juneyao Air,HO1329,2,11L,Landed,B-8587,A321,passenger
2026-02-07,01:33,03:12,Manila,MNL,Philippine Airlines,PR595,2,11L,Landed,RP-C9936,A21N,passenger
2026-02-07,01:30,03:16,Hangzhou,HGH,Air China,CA707,2,11L,Landed,B-6731,A320,passenger
2026-02-07,01:28,01:54,Ho Chi Minh City,SGN,Sun PhuQuoc Airways,9G886,1,11L,Landed,VN-A284,A21N,passenger
2026-02-07,01:26,01:46,Shenzhen,SZX,Shenzhen Airlines,ZH107,2,11L,Landed,B-1842,A320,passenger
2026-02-07,01:22,03:57,Qingdao,TAO,Shandong Airlines,SC4649,2,11L,Landed,B-5627,B738,passenger
2026-02-07,01:18,01:12,Da Nang,DAD,Vietnam Airlines,VN7192,1,11L,Landed,VN-A514,A20N,passenger
2026-02-07,01:15,03:42,Jinan,TNA,Shandong Airlines,SC8071,2,11L,Landed,B-7979,B738,passenger
2026-02-07,01:11,01:41,Ho Chi Minh City,SGN,Vietnam Airlines,VN7020,1,11L,Landed,VN-A874,B78X,passenger
2026-02-07,01:08,04:58,Seoul,ICN,CMA CGM Air Cargo,5Y8529,0,11L,Landed,N761GT,B77L,cargo
2026-02-07,00:58,01:47,Ho Chi Minh City,SGN,VietJet Air,VJ174,1,11L,Landed,VN-A670,A321,passenger
2026-02-07,00:50,01:51,Can Tho,VCA,Vietnam Airlines,VN1206,1,11L,Landed,VN-A395,A321,passenger
2026-02-07,00:45,05:05,Seoul,ICN,Jeju Air,7C2201,2,11R,Landed,HL8555,B38M,passenger
2026-02-07,00:40,01:47,Ho Chi Minh City,SGN,Sun PhuQuoc Airways,9G882,1,11R,Landed,VN-A280,A321,passenger
2026-02-07,00:35,01:27,Bangkok,BKK,Vietnam Airlines,VN616,2,11L,Landed,VN-A508,A21N,passenger
2026-02-07,00:29,01:44,Ho Chi Minh City,SGN,VietJet Air,VJ150,1,11L,Landed,VN-A500,A21N,passenger
2026-02-07,00:25,01:42,Ho Chi Minh City,SGN,Vietnam Airlines,VN224,1,11L,Landed,VN-A623,A21N,passenger
2026-02-07,00:21,01:23,Bangkok,BKK,Vietnam Airlines,VN618,2,11L,Landed,VN-A614,A321,passenger
2026-02-07,00:07,04:50,Daegu,TAE,T'way Air,TW63,2,11L,Landed,HL8329,B738,passenger
2026-02-07,00:03,01:30,Macau,MFM,Air Macau,NX988,2,11L,Landed,B-MBB,A321,passenger
2026-02-07,00:00,01:53,Can Tho,VCA,VietJet Air,VJ464,1,29R,Landed,VN-A643,A321,passenger
2026-02-08,23:57,01:43,Ho Chi Minh City,SGN,Vietnam Airlines,VN7244,1,11L,Landed,VN-A871,B789,passenger
2026-02-08,23:54,01:54,Can Tho,VCA,VietJet Air,VJ464,1,11L,Landed,VN-A636,A321,passenger
2026-02-08,23:50,01:43,Ho Chi Minh City,SGN,VietJet Air,VJ156,1,11L,Landed,VN-A516,A21N,passenger
2026-02-08,23:48,01:00,Da Nang,DAD,Bamboo Airways,QH148,1,11L,Landed,VN-A597,A321,passenger
2026-02-08,23:41,01:41,Ho Chi Minh City,SGN,VietJet Air,VJ196,1,11L,Landed,VN-A816,A333,passenger
2026-02-08,23:37,01:26,Buon Ma Thuot,BMV,VietJet Air,VJ494,1,11L,Landed,VN-A539,A21N,passenger
2026-02-08,23:31,05:32,Tokyo,NRT,All Nippon Airways,NH897,2,11L,Landed,JA928A,B789,passenger
2026-02-08,23:27,01:43,Ho Chi Minh City,SGN,VietJet Air,VJ190,1,11L,Landed,VN-A663,A320,passenger
2026-02-08,23:24,01:30,Macau,MFM,Air Macau,NX984,2,11L,Landed,B-MCF,A320,passenger
2026-02-08,23:19,01:43,Guangzhou,CAN,China Southern Airlines,CZ371,2,11L,Landed,B-20CA,B38M,passenger
2026-02-08,23:12,01:38,Ho Chi Minh City,SGN,Vietnam Airlines,VN260,1,11L,Landed,VN-A864,B789,passenger
2026-02-08,23:09,01:43,Ho Chi Minh City,SGN,Bamboo Airways,QH242,1,11L,Landed,VN-A585,A321,passenger
2026-02-08,23:07,01:55,Ho Chi Minh City,SGN,Sun PhuQuoc Airways,9G868,1,11L,Landed,VN-A279,A321,passenger
2026-02-08,23:04,05:46,Tokyo,NRT,Japan Airlines,JL751,2,11L,Landed,JA608J,B763,passenger
2026-02-08,23:01,03:08,Taipei,TPE,VietJet Air,VJ943,2,11L,Landed,VN-A537,A21N,passenger
2026-02-08,22:57,04:45,Seoul,ICN,Asiana Airlines,OZ733,2,11L,Landed,HL7771,A359,passenger
2026-02-08,22:53,04:08,Jakarta,CGK,Cathay Pacific,CX3248,0,11L,Landed,B-LIA,B744,cargo
2026-02-08,22:47,03:00,Kuala Lumpur,KUL,Vietnam Airlines,VN680,2,11L,Landed,VN-A613,A321,passenger
2026-02-08,22:45,01:09,Vientiane,VTE,Vietnam Airlines,VN920,2,11L,Landed,VN-A327,A321,passenger
2026-02-08,22:42,03:01,Kuala Lumpur,KUL,MJets Air,WW220,0,11L,Landed,9M-KXD,B738,cargo
2026-02-08,22:36,04:34,Seoul,ICN,Korean Air,KE447,2,11L,Landed,HL8571,B78X,passenger
2026-02-08,22:34,01:53,Ho Chi Minh City,SGN,VietJet Air,VJ180,1,11L,Landed,VN-A820,A333,passenger
2026-02-08,22:30,01:11,Hue,HUI,VietJet Air,VJ568,1,11L,Landed,VN-A650,A320,passenger
2026-02-08,22:27,01:50,Ho Chi Minh City,SGN,Vietnam Airlines,VN262,1,11L,Landed,VN-A878,B78X,passenger
2026-02-08,22:25,01:32,Bangkok,BKK,VietJet Air,VJ904,2,11L,Landed,VN-A528,A21N,passenger
2026-02-08,22:22,01:51,Phu Quoc,PQC,Vietnam Airlines,VN7236,1,11L,Landed,VN-A334,A321,passenger
2026-02-08,22:19,01:30,Siem Reap,SAI,VietJet Air,VJ914,2,11L,Landed,VN-A640,A321,passenger
2026-02-08,22:17,01:31,Bangkok,BKK,Vietnam Airlines,VN618,2,11L,Landed,VN-A512,A21N,passenger
2026-02-08,22:14,01:41,Ho Chi Minh City,SGN,Vietnam Airlines,VN220,1,11L,Landed,VN-A870,B789,passenger
2026-02-08,22:11,01:38,Phnom Penh,KTI,Air Cambodia,K6850,2,11L,Landed,XU-350,A321,passenger
2026-02-08,22:09,01:01,Da Nang,DAD,Vietravel Airlines,VU658,1,11L,Landed,VN-A129,A321,passenger
2026-02-08,22:06,01:35,Phnom Penh,KTI,Vietnam Airlines,VN922,2,11L,Landed,VN-A612,A321,passenger
2026-02-08,22:03,02:00,Can Tho,VCA,Vietnam Airlines,VN1206,1,11L,Landed,VN-A358,A321,passenger
2026-02-08,22:00,01:44,Chengdu,TFU,Sichuan Airlines,3U3905,2,11L,Landed,B-6388,A320,passenger
2026-02-08,21:57,01:04,Da Nang,DAD,N/A,VN6070,1,11L,Landed,VN-A363,A321,passenger
2026-02-08,21:53,01:46,Phu Quoc,PQC,Sun PhuQuoc Airways,9G1230,1,11L,Landed,VN-A286,A21N,passenger
2026-02-08,21:50,01:41,Ho Chi Minh City,SGN,Sun PhuQuoc Airways,9G872,1,11L,Landed,VN-A281,A21N,passenger
2026-02-08,21:48,01:29,Macau,MFM,Air Macau,NX982,2,11L,Landed,B-MCL,A20N,passenger
2026-02-08,21:44,01:33,Nha Trang,CXR,Vietnam Airlines,VN1562,1,11L,Landed,VN-A622,A21N,passenger
2026-02-08,21:41,01:24,Bangkok,BKK,FedEx,FX9125,0,11L,Landed,N123FE,B763,cargo
2026-02-08,21:37,06:11,Tokyo,NRT,VietJet Air,VJ935,2,11L,Landed,VN-A523,A21N,passenger
2026-02-08,21:32,00:35,Dien Bien Phu,DIN,Vietnam Airlines,VN1807,1,11L,Landed,VN-A397,A321,passenger
2026-02-08,21:28,01:25,Bangkok,DMK,AirAsia,FD644,2,11L,Landed,HS-EAF,A21N,passenger
2026-02-08,21:21,01:38,Ho Chi Minh City,SGN,Vietnam Airlines,VN258,1,11L,Landed,VN-A899,A359,passenger
2026-02-08,21:07,01:41,Ho Chi Minh City,SGN,VietJet Air,VJ166,1,11L,Landed,VN-A651,A321,passenger
2026-02-08,21:02,04:32,Denpasar,DPS,VietJet Air,VJ998,2,11L,Landed,VN-A697,A21N,passenger
2026-02-08,20:59,02:45,Singapore,SIN,China Airlines,CI6876,0,11L,Landed,B-18723,B744,cargo
2026-02-08,20:55,01:36,Da Lat,DLI,VietJet Air,VJ410,1,11L,Landed,VN-A661,A321,passenger
2026-02-08,20:53,01:48,Ho Chi Minh City,SGN,Vietnam Airlines,VN7048,1,11L,Landed,VN-A508,A21N,passenger
2026-02-08,20:49,00:59,Hue,HUI,Vietnam Airlines,VN1544,1,11L,Landed,VN-A611,A321,passenger
2026-02-08,20:47,01:35,Shenzhen,SZX,China Southern Airlines,CZ8083,2,11L,Landed,B-1653,A320,passenger
2026-02-08,20:44,03:26,Delhi,DEL,Atlas Air,5Y8138,0,11L,Landed,N450PA,B744,cargo
2026-02-08,20:37,00:59,Da Nang,DAD,Vietnam Airlines,VN188,1,11R,Landed,VN-A515,A20N,passenger
2026-02-08,20:32,05:34,Tokyo,HND,Vietnam Airlines,VN385,2,11L,Landed,VN-A861,B789,passenger
2026-02-08,20:29,04:14,Seoul,ICN,Vietnam Airlines,VN415,2,11L,Landed,VN-A893,A359,passenger
2026-02-08,20:26,01:25,Bangkok,BKK,Thai Airways,TG564,2,11L,Landed,HS-TXN,A320,passenger
2026-02-08,20:23,01:41,Ho Chi Minh City,SGN,Vietnam Airlines,VN218,1,11L,Landed,VN-A889,A359,passenger
2026-02-08,20:21,01:23,Qui Nhon,UIH,Bamboo Airways,QH1214,1,11L,Landed,VN-A596,A20N,passenger
2026-02-08,20:17,01:47,Phu Quoc,PQC,VietJet Air,VJ1440,1,11L,Landed,VN-A671,A320,passenger
2026-02-08,20:14,,Vinh,VII,Vietnam Airlines,VN1718,1,11L,Landed,VN-A396,A321,passenger
2026-02-08,20:12,01:42,Ho Chi Minh City,SGN,Vietnam Airlines,VN254,1,11L,Landed,VN-A873,B78X,passenger
2026-02-08,20:10,01:17,Pleiku,PXU,VietJet Air,VJ424,1,11L,Landed,VN-A657,A321,passenger
2026-02-08,20:06,01:45,Hong Kong,HKG,Hong Kong Airlines,HX528,2,11L,Landed,B-LPL,A320,passenger
2026-02-08,20:03,00:57,Da Nang,DAD,N/A,VJ516,1,11L,Landed,,N/A,unknown
2026-02-08,19:59,01:32,Yangon,RGN,Myanmar Airways International,8M450,2,11L,Landed,XY-ALP,E190,passenger
2026-02-08,19:54,02:35,Taichung,RMQ,VietJet Air,VJ949,2,11L,Landed,VN-A547,A21N,passenger
2026-02-08,19:50,01:01,Da Nang,DAD,Vietnam Airlines,VN174,1,11L,Landed,VN-A610,A321,passenger
2026-02-08,19:47,03:05,Singapore,SIN,Singapore Airlines,SQ194,2,11L,Landed,9V-MBJ,B38M,passenger
2026-02-08,19:45,01:22,Siem Reap,SAI,Vietnam Airlines,VN836,2,11L,Landed,VN-A505,A21N,passenger
2026-02-08,19:42,01:44,Ho Chi Minh City,SGN,Vietravel Airlines,VU780,1,11L,Landed,VN-A289,A321,passenger
2026-02-08,19:38,01:09,Da Nang,DAD,Vietnam Airlines,VN180,1,11L,Landed,VN-A324,A321,passenger
2026-02-08,19:34,01:47,Ho Chi Minh City,SGN,Vietnam Airlines,VN252,1,11L,Landed,VN-A888,A359,passenger
2026-02-08,19:31,01:48,Chongqing,CKG,West Air,PN6423,2,11L,Landed,B-6811,A320,passenger
2026-02-08,19:28,05:18,Osaka,KIX,VietJet Air,VJ931,2,11L,Landed,VN-A538,A21N,passenger
2026-02-08,19:26,01:21,Qui Nhon,UIH,VietJet Air,VJ432,1,11L,Landed,VN-A542,A321,passenger
2026-02-08,19:22,01:35,Nha Trang,CXR,Vietnam Airlines,VN1560,1,11L,Landed,VN-A503,A21N,passenger
2026-02-08,19:19,01:38,Hong Kong,HKG,FedEx,FX9123,0,11L,Landed,N853FD,B77L,cargo
2026-02-08,19:17,01:43,Ho Chi Minh City,SGN,VietJet Air,VJ152,1,11L,Landed,VN-A545,A21N,passenger
2026-02-08,19:14,01:45,Shenzhen,SZX,Shenzhen Airlines,ZH105,2,11L,Landed,B-5617,B738,passenger
2026-02-08,19:09,01:54,Changsha,CSX,China Southern Airlines,CZ8359,2,11L,Landed,B-32FY,A20N,passenger
2026-02-08,19:05,02:47,Singapore,SIN,China Cargo Airlines,CK288,0,11L,Landed,B-220F,B77L,cargo
2026-02-08,19:00,03:34,Chennai,MAA,N/A,N/A,0,11L,Landed,VT-AFO,B738,cargo
2026-02-08,18:48,01:07,Da Nang,DAD,VietJet Air,VJ512,1,11L,Landed,VN-A632,A321,passenger
2026-02-08,18:46,01:52,Ho Chi Minh City,SGN,Sun PhuQuoc Airways,9G854,1,11L,Landed,VN-A280,A321,passenger
2026-02-08,18:43,01:52,Ho Chi Minh City,SGN,Vietnam Airlines,VN216,1,11L,Landed,VN-A886,A359,passenger
2026-02-08,18:40,02:03,Hong Kong,HKG,Cathay Pacific,CX743,2,11L,Landed,B-KPO,B77W,passenger
2026-02-08,18:37,01:56,Guangzhou,CAN,China Southern Airlines,CZ8177,2,11L,Landed,B-6293,A320,passenger
2026-02-08,18:33,08:33,Istanbul,IST,Turkish Airlines,TK164,2,11L,Landed,TC-LGN,A359,passenger
2026-02-08,18:30,05:58,Doha,DOH,Qatar Airways,QR8952,0,11L,Landed,A7-BFF,B77L,cargo
2026-02-08,18:28,03:55,Jakarta,CGK,VietJet Air,VJ928,2,11L,Landed,VN-A672,A320,passenger
2026-02-08,18:24,03:36,Beijing,PEK,Vietnam Airlines,VN513,2,11L,Landed,VN-A329,A321,passenger
2026-02-08,18:19,01:46,Ho Chi Minh City,SGN,VietJet Air,VJ194,1,11L,Landed,VN-A539,A21N,passenger
2026-02-08,18:16,01:38,Nha Trang,CXR,Vietnam Airlines,VN1558,1,11L,Landed,VN-A397,A321,passenger
2026-02-08,18:13,01:47,Phu Quoc,PQC,Sun PhuQuoc Airways,9G1216,1,11L,Landed,VN-A284,A21N,passenger
2026-02-08,18:11,01:51,Phu Quoc,PQC,VietJet Air,VJ446,1,11L,Landed,VN-A629,A321,passenger
2026-02-08,18:08,01:06,Da Nang,DAD,VietJet Air,VJ514,1,11L,Landed,VN-A636,A321,passenger
2026-02-08,18:04,03:22,Shanghai,PVG,Vietnam Airlines,VN533,2,11L,Landed,VN-A325,A321,passenger
2026-02-08,18:02,02:20,Guwahati,GAU,Quikjet Cargo Airlines,QO354,0,11L,Landed,VT-BAZ,B738,cargo
2026-02-08,17:59,01:47,Ho Chi Minh City,SGN,Transavia,VJ134,1,11L,Landed,LY-MLI,A320,passenger
2026-02-08,17:56,01:43,Bangkok,BKK,Vietnam Airlines,VN614,2,11L,Landed,VN-A602,A321,passenger
2026-02-08,17:53,01:49,Ho Chi Minh City,SGN,Vietravel Airlines,VU770,1,11L,Landed,VN-A129,A321,passenger
2026-02-08,17:51,02:39,Kaohsiung,KHH,VietJet Air,VJ947,2,11L,Landed,VN-A693,A21N,passenger
2026-02-08,17:47,01:45,Ho Chi Minh City,SGN,Vietnam Airlines,VN250,1,11L,Landed,VN-A866,B789,passenger
2026-02-08,17:44,05:26,Abu Dhabi,AUH,Etihad Airways,EY430,2,11L,Landed,A6-BND,B789,passenger
2026-02-08,17:39,01:06,Luang Prabang,LPQ,Lao Airlines,QV313,2,11L,Landed,RDPL-34225,AT76,passenger
2026-02-08,17:36,03:31,Shanghai,PVG,China Eastern Airlines,MU6013,2,11L,Landed,B-32L9,A21N,passenger
2026-02-08,17:33,03:17,Shanghai,PVG,China Cargo Airlines,CK285,0,11L,Landed,B-227G,B77L,cargo
2026-02-08,17:31,05:09,Hiroshima,HIJ,VietJet Air,VJ953,2,11L,Landed,VN-A655,A320,passenger
2026-02-08,17:27,01:45,Ho Chi Minh City,SGN,Vietnam Airlines,VN7248,1,11L,Landed,VN-A869,B789,passenger
2026-02-08,17:18,01:43,Guangzhou,CAN,Vietnam Airlines,VN507,2,11L,Landed,VN-A399,A321,passenger
2026-02-08,17:16,02:52,Singapore,SIN,VietJet Air,VJ916,2,11L,Landed,VN-A544,A321,passenger
2026-02-08,17:10,01:44,Phu Quoc,PQC,N/A,VN6400,1,11L,Landed,VN-A363,A321,passenger
2026-02-08,17:07,02:52,Taipei,TPE,EVA Air,BR385,2,11L,Landed,B-16222,A321,passenger
2026-02-08,17:02,01:25,Bangkok,BKK,VietJet Air,VJ902,2,11L,Landed,VN-A640,A321,passenger
2026-02-08,16:58,02:55,Taipei,TPE,China Airlines,CI793,2,11L,Landed,B-18102,A21N,passenger
2026-02-08,16:56,00:41,Luang Prabang,LPQ,AirAsia,FD1038,2,11L,Landed,HS-ABJ,A320,passenger
2026-02-08,16:53,01:37,Ho Chi Minh City,SGN,Vietnam Airlines,VN248,1,11L,Landed,VN-A871,B789,passenger
2026-02-08,16:45,03:23,Shanghai,PVG,Air China,CA755,2,11L,Landed,B-6825,A321,passenger
2026-02-08,16:41,01:42,Ho Chi Minh City,SGN,Avion Express,VU778,1,11L,Landed,9H-MLW,A320,passenger
2026-02-08,16:37,01:03,Da Nang,DAD,Vietnam Airlines,VN172,1,11L,Landed,VN-A618,A21N,passenger
2026-02-08,16:31,01:45,Ho Chi Minh City,SGN,Bamboo Airways,QH204,1,11L,Landed,VN-A227,A321,passenger
2026-02-08,16:29,00:36,Dien Bien Phu,DIN,Vietnam Airlines,VN1805,1,11L,Landed,VN-A609,A321,passenger
2026-02-08,16:26,02:09,Kolkata,CCU,IndiGo,6E1631,2,11L,Landed,VT-ISR,A20N,passenger
2026-02-08,16:22,00:59,Da Nang,DAD,Vietnam Airlines,VN7186,1,11L,Landed,VN-A356,A321,passenger
2026-02-08,16:19,01:51,Can Tho,VCA,Vietnam Airlines,VN1202,1,11L,Landed,VN-A396,A321,passenger
2026-02-08,16:15,01:32,Da Lat,DLI,Vietnam Airlines,VN1574,1,11L,Landed,VN-A612,A321,passenger
2026-02-08,16:12,01:22,Tuy Hoa,TBB,Vietnam Airlines,VN1650,1,11L,Landed,VN-A515,A20N,passenger
2026-02-08,16:08,01:41,Hong Kong,HKG,Vietnam Airlines,VN593,2,11L,Landed,VN-A611,A321,passenger
2026-02-08,16:02,06:36,Tokyo,NRT,VietJet Air,VJ933,2,11L,Landed,VN-A816,A333,passenger
2026-02-08,15:54,01:53,Ho Chi Minh City,SGN,Pegasus,VJ188,1,11L,Landed,LY-NVE,A320,passenger
2026-02-08,15:52,02:01,Can Tho,VCA,N/A,VJ462,1,11L,Landed,,N/A,unknown
2026-02-08,15:50,01:56,Ho Chi Minh City,SGN,Sun PhuQuoc Airways,9G838,1,11L,Landed,VN-A279,A321,passenger
2026-02-08,15:47,01:04,Vientiane,VTE,Lao Airlines,QV311,2,11L,Landed,RDPL-34188,A320,passenger
2026-02-08,15:39,05:53,Tokyo,NRT,Vietnam Airlines,VN311,2,11L,Landed,VN-A877,B78X,passenger
2026-02-08,15:37,02:55,Singapore,SIN,Vietnam Airlines,VN660,2,11L,Landed,VN-A358,A321,passenger
2026-02-08,15:35,01:54,Can Tho,VCA,VietJet Air,VJ460,1,11L,Landed,VN-A657,A321,passenger
2026-02-08,15:32,01:38,Da Lat,DLI,VietJet Air,VJ407,1,11L,Landed,VN-A661,A321,passenger
2026-02-08,15:29,01:44,Phu Quoc,PQC,Sun PhuQuoc Airways,9G1208,1,11L,Landed,VN-A286,A21N,passenger
2026-02-08,15:26,01:40,Ho Chi Minh City,SGN,Vietnam Airlines,VN230,1,11L,Landed,VN-A610,A321,passenger
2026-02-08,15:22,01:36,Nha Trang,CXR,VietJet Air,VJ770,1,11L,Landed,VN-A644,A321,passenger
2026-02-08,15:20,01:04,Da Nang,DAD,Vietnam Airlines,VN170,1,11L,Landed,VN-A622,A21N,passenger
2026-02-08,15:15,01:27,Siem Reap,SAI,VietJet Air,VJ2948,2,11L,Landed,VN-A663,A320,passenger
2026-02-08,15:11,01:47,Ho Chi Minh City,SGN,VietJet Air,VJ144,1,11L,Landed,VN-A820,A333,passenger
2026-02-08,15:08,01:03,Kunming,KMG,China Eastern Airlines,MU9605,2,11L,Landed,B-1255,B738,passenger
2026-02-08,15:05,02:30,Xiamen,XMN,Xiamen Air,MF869,2,11L,Landed,B-1970,B738,passenger
2026-02-08,15:03,05:25,Vladivostok,VVO,VietJet Air,VJ7705,2,11L,Landed,VN-A549,A21N,passenger
2026-02-08,14:59,01:23,Qui Nhon,UIH,Vietnam Airlines,VN1622,1,11L,Landed,VN-A324,A321,passenger
2026-02-08,14:57,02:49,Fuzhou,FOC,Xiamen Air,MF8697,2,11L,Landed,B-1303,B738,passenger
2026-02-08,14:53,01:50,Ho Chi Minh City,SGN,Vietnam Airlines,VN7046,1,11L,Landed,VN-A512,A21N,passenger
2026-02-08,14:50,02:54,Taipei,TPE,VietJet Air,VJ941,2,11L,Landed,VN-A542,A321,passenger
2026-02-08,14:47,02:45,Kuala Lumpur,KUL,VietJet Air,VJ906,2,11L,Landed,VN-A646,A21N,passenger
2026-02-08,14:44,01:35,Ho Chi Minh City,SGN,Vietnam Airlines,VN212,1,11L,Landed,VN-A865,B789,passenger
2026-02-08,14:42,01:35,Shenzhen,SZX,China Southern Airlines,CZ8469,2,11L,Landed,B-1653,A320,passenger
2026-02-08,14:39,01:10,Lijiang,LJG,Bamboo Airways,QH801,2,11L,Landed,VN-A596,A20N,passenger
2026-02-08,14:36,01:05,Chiang Mai,CNX,AirAsia,FD870,2,11L,Landed,HS-ABU,A320,passenger
2026-02-08,14:32,00:59,Da Nang,DAD,Vietnam Airlines,VN168,1,11L,Landed,VN-A505,A21N,passenger
2026-02-08,14:29,01:32,Nha Trang,CXR,Vietnam Airlines,VN1552,1,11L,Landed,VN-A334,A321,passenger
2026-02-08,14:25,01:01,Da Nang,DAD,VietJet Air,VJ508,1,11L,Landed,VN-A632,A321,passenger
2026-02-08,14:21,01:37,Guangzhou,CAN,China Southern Airlines,CZ8315,2,11L,Landed,B-327G,A21N,passenger
2026-02-08,14:10,01:58,Con Dao,VCS,VietJet Air,VJ106,1,11L,Landed,B-652G,AJ27,passenger
2026-02-08,14:04,01:22,Bangkok,BKK,Vietnam Airlines,VN610,2,11L,Landed,VN-A503,A21N,passenger
2026-02-08,14:01,08:05,Beirut,BEY,Turkish Airlines,TK6244,0,11L,Landed,TC-LJT,B77L,cargo
2026-02-08,13:56,01:38,Ho Chi Minh City,SGN,Atlas Air,5Y8666,0,11L,Landed,N477MC,B744,cargo
2026-02-08,13:50,04:28,Seoul,ICN,VietJet Air,VJ961,2,11L,Landed,VN-A528,A21N,passenger
2026-02-08,13:46,01:38,Shenzhen,SZX,Shenzhen Airlines,ZH103,2,11L,Landed,B-6750,A320,passenger
2026-02-08,13:43,05:38,Nagoya,NGO,Vietnam Airlines,VN349,2,11L,Landed,VN-A889,A359,passenger
2026-02-08,13:41,01:01,Da Nang,DAD,Vietnam Airlines,VN166,1,11L,Landed,VN-A609,A321,passenger
2026-02-08,13:35,05:45,Nagoya,NGO,VietJet Air,VJ921,2,11L,Landed,VN-A500,A21N,passenger
2026-02-08,13:31,05:35,Osaka,KIX,VietJet Air,VJ939,2,11L,Landed,VN-A537,A21N,passenger
2026-02-08,13:29,01:03,Hue,HUI,VietJet Air,VJ566,1,11L,Landed,VN-A636,A321,passenger
2026-02-08,13:26,01:42,Ho Chi Minh City,SGN,Vietnam Airlines,VN246,1,11L,Landed,VN-A864,B789,passenger
2026-02-08,13:23,09:45,Oslo,OSL,Ethiopian Airlines,ET3792,0,11L,Landed,ET-ARK,B77L,cargo
2026-02-08,13:20,01:45,Phu Quoc,PQC,VietJet Air,VJ440,1,11L,Landed,VN-A671,A320,passenger
2026-02-08,13:16,04:24,Seoul,ICN,Vietnam Airlines,VN417,2,11L,Landed,VN-A878,B78X,passenger
2026-02-08,13:13,00:35,N/A,,N/A,N/A,2,11L,Landed,VN-B469,C208,passenger
2026-02-08,13:01,01:43,Phu Quoc,PQC,Sun PhuQuoc Airways,9G1204,1,11L,Landed,VN-A281,A21N,passenger
2026-02-08,12:53,04:13,Busan,PUS,Vietnam Airlines,VN429,2,11L,Landed,VN-A870,B789,passenger
2026-02-08,12:51,01:52,Ho Chi Minh City,SGN,Bamboo Airways,QH224,1,11L,Landed,JU-1410,A320,passenger
2026-02-08,12:48,03:38,Delhi,DEL,IndiGo,6E1633,2,11L,Landed,VT-IAN,A320,passenger
2026-02-08,12:45,04:56,Seoul,ICN,Asiana Airlines,OZ729,2,11L,Landed,HL7791,B772,passenger
2026-02-08,12:39,01:53,Guangzhou,CAN,Shenzhen Airlines,ZH121,2,11L,Landed,B-1711,B738,passenger
2026-02-08,12:36,02:54,Kuala Lumpur,KUL,Batik Air,OD571,2,11L,Landed,9M-LRQ,B38M,passenger
2026-02-08,12:31,05:30,Dubai,DWC,Emirates,EK9852,0,11L,Landed,A6-EFY,B77L,cargo
2026-02-08,12:27,01:40,Phu Quoc,PQC,Sun PhuQuoc Airways,9G1202,1,11L,Landed,VN-A284,A21N,passenger
2026-02-08,12:24,01:30,Nha Trang,CXR,VietJet Air,VJ780,1,11L,Landed,VN-A629,A321,passenger
2026-02-08,12:21,01:37,Ho Chi Minh City,SGN,Vietnam Airlines,VN210,1,11L,Landed,VN-A888,A359,passenger
2026-02-08,12:18,01:44,Ho Chi Minh City,SGN,Vietnam Airlines,VN7014,1,11L,Landed,VN-A613,A321,passenger
2026-02-08,12:15,01:58,Dhaka,DAC,Ethiopian Airlines,ET678,2,11L,Landed,ET-ATH,B788,passenger
2026-02-08,12:12,04:59,Fukuoka,FUK,Vietnam Airlines,VN359,2,11L,Landed,VN-A623,A21N,passenger
2026-02-08,12:08,05:46,Doha,DOH,Qatar Airways,QR976,2,11L,Landed,A7-BHT,B789,passenger
2026-02-08,12:06,01:50,Ho Chi Minh City,SGN,Vietnam Airlines,VN7044,1,11L,Landed,VN-A618,A21N,passenger
2026-02-08,12:03,04:54,Fukuoka,FUK,VietJet Air,VJ959,2,11L,Landed,VN-A547,A21N,passenger
2026-02-08,12:00,01:33,Bangkok,DMK,AirAsia,FD640,2,11L,Landed,HS-CBB,A20N,passenger
2026-02-08,11:57,01:49,Phu Quoc,PQC,Vietnam Airlines,VN1236,1,11L,Landed,VN-A397,A321,passenger
2026-02-08,11:54,01:47,Ho Chi Minh City,SGN,Sun PhuQuoc Airways,9G822,1,11L,Landed,VN-A280,A321,passenger
2026-02-08,11:52,01:52,Ho Chi Minh City,SGN,VietJet Air,VJ132,1,11L,Landed,VN-A673,A321,passenger
2026-02-08,11:48,03:32,Shanghai,PVG,Air China,CA703,2,11L,Landed,B-8503,A321,passenger
2026-02-08,11:45,02:02,Can Tho,VCA,Vietnam Airlines,VN1200,1,11L,Landed,VN-A602,A321,passenger
2026-02-08,11:43,03:37,Beijing,PEK,Air China,CA741,2,11L,Landed,B-327U,A21N,passenger
2026-02-08,11:40,01:36,Buon Ma Thuot,BMV,Vietnam Airlines,VN1602,1,11L,Landed,VN-A616,A21N,passenger
2026-02-08,11:37,01:54,Phu Quoc,PQC,VietJet Air,VJ442,1,11L,Landed,VN-A634,A321,passenger
2026-02-08,11:34,01:45,Da Lat,DLI,Vietnam Airlines,VN1572,1,11L,Landed,VN-A515,A20N,passenger
2026-02-08,11:31,04:53,Seoul,ICN,Korean Air,KE441,2,11L,Landed,HL8528,A21N,passenger
2026-02-08,11:27,02:50,Taipei,TPE,EVA Air,BR397,2,11L,Landed,B-16727,B77W,passenger
2026-02-08,11:24,00:53,Dong Hoi,VDH,Vietnam Airlines,VN1590,1,11L,Landed,VN-A399,A321,passenger
2026-02-08,11:21,01:21,Pleiku,PXU,Vietnam Airlines,VN1614,1,11L,Landed,VN-A612,A321,passenger
2026-02-08,11:18,01:06,Da Nang,DAD,N/A,VN6080,1,11L,Landed,VN-A363,A321,passenger
2026-02-08,11:15,02:56,Singapore,SIN,Singapore Airlines,SQ192,2,11L,Landed,9V-SHS,A359,passenger
2026-02-08,11:12,01:38,Da Lat,DLI,Bamboo Airways,QH1422,1,11L,Landed,VN-A597,A321,passenger
2026-02-08,11:09,04:30,Busan,PUS,VietJet Air,VJ981,2,11L,Landed,VN-A640,A321,passenger
2026-02-08,11:06,01:43,Ho Chi Minh City,SGN,Vietnam Airlines,VN244,1,11L,Landed,VN-A866,B789,passenger
2026-02-08,11:04,01:00,Da Nang,DAD,Vietnam Airlines,VN164,1,11L,Landed,VN-A622,A21N,passenger
2026-02-08,11:00,04:37,Seoul,ICN,Air Zeta,KJ953,0,11L,Landed,HL7646,B744,cargo
2026-02-08,10:39,01:39,Ho Chi Minh City,SGN,VietJet Air,VJ184,1,11L,Landed,VN-A810,A333,passenger
2026-02-08,10:36,01:05,Chu Lai,VCL,Vietnam Airlines,VN1640,1,11L,Landed,VN-A396,A321,passenger
2026-02-08,10:28,02:54,Taipei,TPE,STARLUX,JX715,2,11L,Landed,B-58206,A21N,passenger
2026-02-08,10:25,01:40,Guangzhou,CAN,China Southern Airlines,CZ3049,2,11L,Landed,B-30DG,A20N,passenger
2026-02-08,10:21,02:51,Taipei,TPE,China Airlines,CI791,2,11L,Landed,B-18317,A333,passenger
2026-02-08,10:18,02:31,Kaohsiung,KHH,Vietnam Airlines,VN587,2,11L,Landed,VN-A324,A321,passenger
2026-02-08,10:15,02:57,Taipei,TPE,Vietnam Airlines,VN579,2,11L,Landed,VN-A611,A321,passenger
2026-02-08,10:12,01:40,Ho Chi Minh City,SGN,Vietnam Airlines,VN208,1,11L,Landed,VN-A871,B789,passenger
2026-02-08,10:09,01:29,Buon Ma Thuot,BMV,VietJet Air,VJ492,1,11L,Landed,VN-A632,A321,passenger
2026-02-08,10:02,01:43,Hong Kong,HKG,Cathay Pacific,CX741,2,11L,Landed,B-HNI,B773,passenger
2026-02-08,09:59,00:55,Hue,HUI,Vietnam Airlines,VN1542,1,11L,Landed,VN-A505,A21N,passenger
2026-02-08,09:45,01:14,Pleiku,PXU,VietJet Air,VJ422,1,11L,Landed,VN-A657,A321,passenger
2026-02-08,09:42,01:46,Ho Chi Minh City,SGN,Bamboo Airways,QH202,1,11L,Landed,VN-A227,A321,passenger
2026-02-08,09:36,00:36,Vinh,VII,Vietnam Airlines,VN1716,1,11L,Landed,VN-A609,A321,passenger
2026-02-08,09:32,01:45,Ho Chi Minh City,SGN,Sun PhuQuoc Airways,9G808,1,11L,Landed,VN-A286,A21N,passenger
2026-02-08,09:30,01:30,Bangkok,BKK,Thai Airways,TG560,2,11L,Landed,HS-TXS,A320,passenger
2026-02-08,09:27,01:01,Da Nang,DAD,VietJet Air,VJ504,1,11L,Landed,VN-A636,A321,passenger
2026-02-08,09:24,04:48,Seoul,ICN,VietJet Air,VJ963,2,11L,Landed,VN-A693,A21N,passenger
2026-02-08,09:18,01:48,Ho Chi Minh City,SGN,VietJet Air,VJ126,1,11L,Landed,VN-A535,A321,passenger
2026-02-08,09:09,01:37,Ho Chi Minh City,SGN,Vietnam Airlines,VN240,1,11L,Landed,VN-A886,A359,passenger
2026-02-08,09:02,01:01,Da Nang,DAD,VietJet Air,VJ524,1,11L,Landed,VN-A656,A320,passenger
2026-02-08,08:53,01:43,Hong Kong,HKG,HK express,UO540,2,11L,Landed,B-KKH,A21N,passenger
2026-02-08,08:46,01:02,Da Nang,DAD,VietJet Air,VJ510,1,11L,Landed,VN-A544,A321,passenger
2026-02-08,08:43,00:39,Haiphong,HPH,N/A,N/A,1,11L,Landed,M-ARCO,GLF5,business jet
2026-02-08,08:39,01:40,Shenzhen,SZX,Shenzhen Airlines,ZH101,2,11L,Landed,B-6857,A320,passenger
2026-02-08,08:35,01:26,Bangkok,DMK,AirAsia,FD642,2,11L,Landed,HS-BBJ,A320,passenger
2026-02-08,08:31,01:29,Bangkok,BKK,K-Mile Air,8K528,0,11L,Landed,HS-KME,B738,cargo
2026-02-08,08:28,02:54,Singapore,SIN,Scoot,TR300,2,11L,Landed,9V-OFD,B788,passenger
2026-02-08,08:25,01:49,Ho Chi Minh City,SGN,Sun PhuQuoc Airways,9G806,1,11L,Landed,VN-A279,A321,passenger
2026-02-08,08:20,01:02,Da Nang,DAD,VietJet Air,VJ502,1,11L,Landed,VN-A644,A321,passenger
2026-02-08,07:58,01:37,Ho Chi Minh City,SGN,Vietnam Airlines,VN206,1,11L,Landed,VN-A865,B789,passenger
2026-02-08,07:41,01:42,Ho Chi Minh City,SGN,Vietravel Airlines,VU750,1,11L,Landed,VN-A289,A321,passenger
2026-02-08,07:35,01:38,Ho Chi Minh City,SGN,VietJet Air,VJ124,1,11L,Landed,VN-A820,A333,passenger
2026-02-08,07:30,02:54,Manila,MNL,Cebu Pacific,5J744,2,11L,Landed,RP-C4123,A21N,passenger
2026-02-08,07:04,02:47,Manila,MNL,Vietnam Airlines,VN646,2,11L,Landed,VN-A399,A321,passenger
2026-02-08,06:47,03:42,Ahmedabad,AMD,VietJet Air,VJ1926,2,11L,Landed,VN-A672,A320,passenger
2026-02-08,06:43,01:38,Ho Chi Minh City,SGN,N/A,VN6002,1,11L,Landed,VN-A363,A321,passenger
2026-02-08,06:35,01:43,Ho Chi Minh City,SGN,Vietnam Airlines,VN7214,1,11L,Landed,VN-A358,A321,passenger
2026-02-08,06:23,01:45,Ho Chi Minh City,SGN,Vietnam Airlines,VN7210,1,11L,Landed,VN-A612,A321,passenger
2026-02-08,06:20,01:46,Ho Chi Minh City,SGN,Bamboo Airways,QH294,1,11L,Landed,VN-A585,A321,passenger
2026-02-08,06:15,03:56,Bengaluru,BLR,Vietnam Airlines,VN982,2,N/A,Landed,VN-A503,A21N,passenger
2026-02-08,06:14,01:42,Ho Chi Minh City,SGN,Vietnam Airlines,VN7218,1,11L,Landed,VN-A515,A20N,passenger
2026-02-08,06:06,01:42,Ho Chi Minh City,SGN,Vietnam Airlines,VN7012,1,11L,Landed,VN-A613,A321,passenger
2026-02-08,06:03,03:54,Jakarta,CGK,Vietnam Airlines,VN634,2,11L,Landed,VN-A601,A321,passenger
2026-02-08,06:00,09:37,Frankfurt,FRA,Vietnam Airlines,VN36,2,11R,Landed,VN-A861,B789,passenger
2026-02-08,05:46,05:01,Seoul,ICN,Air Zeta,KJ389,0,11R,Landed,HL7507,B763,cargo
2026-02-08,05:35,01:45,Ho Chi Minh City,SGN,Vietravel Airlines,VU702,1,11R,Landed,VN-A129,A321,passenger
2026-02-08,05:28,03:16,Shanghai,PVG,VietJet Air,VJ7239,2,11R,Landed,VN-A661,A321,passenger
2026-02-08,05:10,01:45,Hong Kong,HKG,Hong Kong Air Cargo,RH317,0,11R,Landed,B-LNX,A332,cargo
2026-02-08,04:41,03:23,Delhi,DEL,SF Airlines,O3168,0,11R,Landed,B-222X,B763,cargo
2026-02-08,04:11,04:30,Seoul,ICN,Kalitta Air,K4616,0,11R,Landed,N705CK,B744,cargo
2026-02-08,04:08,01:32,Guangzhou,CAN,VietJet Air,VJ7527,2,11R,Landed,VN-A544,A321,passenger
2026-02-08,04:03,03:18,Beijing,PKX,VietJet Air,VJ7713,2,11R,Landed,VN-A669,A320,passenger
2026-02-08,03:59,04:40,Seoul,ICN,Atlas Air,5Y8559,0,11R,Landed,N859GT,B748,cargo
2026-02-08,03:56,09:23,Milan,MXP,Vietnam Airlines,VN72,2,11R,Landed,VN-A892,A359,passenger
2026-02-08,03:49,09:15,Munich,MUC,Vietnam Airlines,VN34,2,11R,Landed,VN-A864,B789,passenger
2026-02-08,03:45,05:38,Dubai,DWC,China Southern Cargo,CSG2585,0,11R,Landed,B-2071,B77L,cargo
2026-02-08,03:23,03:37,Shanghai,PVG,China Eastern Airlines,MU7235,2,11R,Landed,B-32KT,A21N,passenger
2026-02-08,03:05,01:35,Chengdu,TFU,VietJet Air,VJ7307,2,11R,Landed,VN-A650,A320,passenger
2026-02-08,02:58,01:45,Ho Chi Minh City,SGN,VietJet Air,VJ174,1,11R,Landed,VN-A675,A320,passenger
2026-02-08,02:39,02:56,Manila,MNL,Philippine Airlines,PR595,2,11R,Landed,RP-C9905,A321,passenger
2026-02-08,02:34,01:06,Da Nang,DAD,VietJet Air,VJ520,1,11R,Landed,VN-A642,A321,passenger
2026-02-08,02:31,04:40,Seoul,ICN,Korean Air,KE361,0,11L,Landed,HL7602,B744,cargo
2026-02-08,02:27,04:53,Seoul,ICN,Air Zeta,KJ373,0,11L,Landed,HL8503,B738,cargo
2026-02-08,02:24,01:31,Nha Trang,CXR,Vietnam Airlines,VN7564,1,11L,Landed,VN-A602,A321,passenger
2026-02-08,02:16,01:30,Nha Trang,CXR,Vietnam Airlines,VN7560,1,11L,Landed,VN-A618,A21N,passenger
2026-02-08,02:03,06:38,Tokyo,NRT,VietJet Air,VJ935,2,11L,Landed,VN-A523,A21N,passenger
2026-02-08,01:47,01:44,Ho Chi Minh City,SGN,VietJet Air,VJ178,1,11L,Landed,VN-A632,A321,passenger
2026-02-08,01:42,01:31,Nha Trang,CXR,VietJet Air,VJ7704,1,11L,Landed,VN-A549,A21N,passenger
2026-02-08,01:36,03:31,Shanghai,PVG,China Eastern Airlines,MU5075,2,11L,Landed,B-1722,B738,passenger
2026-02-08,01:34,01:51,Ho Chi Minh City,SGN,VietJet Air,VJ182,1,11L,Landed,VN-A663,A320,passenger
2026-02-08,01:30,01:50,Ho Chi Minh City,SGN,Vietravel Airlines,VU782,1,11L,Landed,VN-A136,A320,passenger
2026-02-08,01:27,03:02,Zhengzhou,CGO,China Southern Airlines,CZ5029,2,11L,Landed,B-1405,B738,passenger
2026-02-08,01:16,05:10,Seoul,ICN,Jeju Air,7C2201,2,11L,Landed,HL8524,B38M,passenger
2026-02-08,01:11,02:16,Wuhan,WUH,China Eastern Airlines,MU2573,2,11L,Landed,B-1933,B738,passenger
2026-02-08,01:07,01:41,Ho Chi Minh City,SGN,Vietnam Airlines,VN7010,1,11L,Landed,VN-A512,A21N,passenger
2026-02-08,01:04,01:43,Ho Chi Minh City,SGN,Sun PhuQuoc Airways,9G886,1,11L,Landed,VN-A284,A21N,passenger
2026-02-08,01:00,03:38,Shanghai,PVG,Juneyao Air,HO1329,2,11L,Landed,B-32EY,A20N,passenger
2026-02-08,00:56,01:41,Ho Chi Minh City,SGN,Vietnam Airlines,VN270,1,11L,Landed,VN-A609,A321,passenger
2026-02-08,00:49,01:36,Shenzhen,SZX,Shenzhen Airlines,ZH107,2,11L,Landed,B-9908,A320,passenger
2026-02-08,00:46,03:33,Jinan,TNA,Shandong Airlines,SC8071,2,11L,Landed,B-5649,B738,passenger
2026-02-08,00:43,00:24,Sao Vang,THD,Bamboo Airways,QH18,1,11R,Landed,VN-A596,A20N,passenger
2026-02-08,00:28,01:43,Ho Chi Minh City,SGN,Bamboo Airways,QH280,1,11L,Landed,VN-A597,A321,passenger
2026-02-08,00:25,01:43,Ho Chi Minh City,SGN,Vietnam Airlines,VN224,1,11L,Landed,VN-A396,A321,passenger
2026-02-08,00:21,06:26,Tokyo,NRT,All Nippon Airways,NH8447,0,11L,Landed,JA601F,B763,cargo
2026-02-08,00:16,01:41,Ho Chi Minh City,SGN,Sun PhuQuoc Airways,9G884,1,11L,Landed,VN-A280,A321,passenger
2026-02-08,00:12,05:03,Seoul,ICN,T'way Air,TW61,2,11L,Landed,HL8379,B738,passenger
2026-02-08,00:04,01:45,Ho Chi Minh City,SGN,Vietnam Airlines,VN7020,1,11L,Landed,VN-A616,A21N,passenger
2026-02-09,23:56,01:46,Ho Chi Minh City,SGN,VietJet Air,VJ156,1,11L,Landed,VN-A629,A321,passenger
2026-02-09,23:52,01:22,Bangkok,BKK,Vietnam Airlines,VN616,2,11L,Landed,VN-A358,A321,passenger
2026-02-09,23:50,01:33,Macau,MFM,Air Macau,NX988,2,11L,Landed,B-MCH,A320,passenger
2026-02-09,23:45,04:31,Ulaanbaatar,UBN,Aero Mongolia,M0535,2,11L,Landed,JU-1188,A319,passenger
2026-02-09,23:42,01:43,Ho Chi Minh City,SGN,Bamboo Airways,QH280,1,11L,Landed,VN-A597,A321,passenger
2026-02-09,23:36,04:37,Daegu,TAE,T'way Air,TW63,2,11L,Landed,HL8327,B738,passenger
2026-02-09,23:29,01:00,Hue,HUI,Vietnam Airlines,VN1548,1,11L,Landed,VN-A327,A321,passenger
2026-02-09,23:24,01:46,Ho Chi Minh City,SGN,VietJet Air,VJ190,1,11L,Landed,VN-A637,A321,passenger
2026-02-09,23:21,04:35,Seoul,ICN,T'way Air,TW61,2,11L,Landed,HL8378,B738,passenger
2026-02-09,23:19,01:56,Chengdu,TFU,Sichuan Airlines,3U3905,2,11L,Landed,B-6347,A320,passenger
2026-02-09,23:13,05:40,Tokyo,NRT,All Nippon Airways,NH8447,0,11L,Landed,JA601F,B763,cargo
2026-02-09,23:09,02:49,Taipei,TPE,VietJet Air,VJ943,2,11L,Landed,VN-A684,A321,passenger
2026-02-09,23:01,05:45,Tokyo,NRT,All Nippon Airways,NH897,2,11L,Landed,JA876A,B789,passenger
2026-02-09,22:55,01:33,Guangzhou,CAN,China Southern Airlines,CZ371,2,11L,Landed,B-1175,B38M,passenger
2026-02-09,22:48,01:41,Ho Chi Minh City,SGN,Vietnam Airlines,VN256,1,11L,Landed,VN-A874,B78X,passenger
2026-02-09,22:45,01:35,Nha Trang,CXR,VietJet Air,VJ778,1,11L,Landed,VN-A635,A321,passenger
2026-02-09,22:43,01:40,Ho Chi Minh City,SGN,VietJet Air,VJ180,1,11L,Landed,VN-A820,A333,passenger
2026-02-09,22:34,05:35,Tokyo,NRT,Japan Airlines,JL751,2,11L,Landed,JA618J,B763,passenger
2026-02-09,22:31,02:52,Kuala Lumpur,KUL,Vietnam Airlines,VN680,2,11L,Landed,VN-A507,A21N,passenger
2026-02-09,22:29,01:50,Ho Chi Minh City,SGN,VietJet Air,VJ196,1,11L,Landed,VN-A816,A333,passenger
2026-02-09,22:26,01:55,Can Tho,VCA,VietJet Air,VJ464,1,11L,Landed,VN-A639,A321,passenger
2026-02-09,22:24,01:31,Buon Ma Thuot,BMV,VietJet Air,VJ1492,1,11L,Landed,VN-A547,A21N,passenger
2026-02-09,22:19,04:27,Seoul,ICN,FedEx,FX9073,0,11L,Landed,N122FE,B763,cargo
2026-02-09,22:17,01:00,Hue,HUI,VietJet Air,VJ568,1,11L,Landed,VN-A542,A321,passenger
2026-02-09,22:15,01:49,Ho Chi Minh City,SGN,VietJet Air,VJ166,1,11L,Landed,VN-A580,A21N,passenger
2026-02-09,22:12,04:10,Seoul,ICN,Asiana Airlines,OZ733,2,11L,Landed,HL8078,A359,passenger
2026-02-09,22:09,01:48,Ho Chi Minh City,SGN,Sun PhuQuoc Airways,9G872,1,11L,Landed,VN-A281,A21N,passenger
2026-02-09,22:06,05:01,Seoul,ICN,Korean Air,KE447,2,11L,Landed,HL8572,B78X,passenger
2026-02-09,22:03,01:31,Macau,MFM,Air Macau,NX982,2,11L,Landed,B-MBP,A20N,passenger
2026-02-09,22:00,01:36,Ho Chi Minh City,SGN,Vietnam Airlines,VN220,1,11L,Landed,VN-A886,A359,passenger
2026-02-09,21:55,01:44,Ho Chi Minh City,SGN,VietJet Air,VJ160,1,11L,Landed,VN-A658,A320,passenger
2026-02-09,21:51,12:38,Anchorage,ANC,UPS,5X72,0,11L,Landed,N626UP,B748,cargo
2026-02-09,21:48,01:33,Phnom Penh,KTI,Vietnam Airlines,VN922,2,11R,Landed,VN-A324,A321,passenger
2026-02-09,21:45,01:42,Ho Chi Minh City,SGN,VietJet Air,VJ154,1,11R,Landed,VN-A671,A320,passenger
2026-02-09,21:38,01:49,Can Tho,VCA,Vietnam Airlines,VN1206,1,29L,Landed,VN-A623,A21N,passenger
2026-02-09,21:34,01:01,Da Nang,DAD,N/A,VN6070,1,11L,Landed,VN-A363,A321,passenger
2026-02-09,21:28,01:01,Da Nang,DAD,Vietravel Airlines,VU658,1,11L,Landed,VN-A129,A321,passenger
2026-02-09,21:25,01:46,Ho Chi Minh City,SGN,Sun PhuQuoc Airways,9G868,1,11L,Landed,VN-A280,A321,passenger
2026-02-09,21:22,01:36,Nha Trang,CXR,Vietnam Airlines,VN1562,1,11L,Landed,VN-A602,A321,passenger
2026-02-09,21:18,01:42,Ho Chi Minh City,SGN,Vietnam Airlines,VN258,1,11L,Landed,VN-A878,B78X,passenger
2026-02-09,21:15,04:38,Denpasar,DPS,VietJet Air,VJ998,2,11L,Landed,VN-A651,A321,passenger
2026-02-09,21:12,01:41,Phu Quoc,PQC,Sun PhuQuoc Airways,9G1230,1,11L,Landed,VN-A286,A21N,passenger
2026-02-09,21:08,00:33,Dien Bien Phu,DIN,Vietnam Airlines,VN1807,1,11L,Landed,VN-A396,A321,passenger
2026-02-09,21:03,01:35,Shenzhen,SZX,China Southern Airlines,CZ8083,2,11L,Landed,B-1805,A320,passenger
2026-02-09,20:56,08:55,Sydney,SYD,Vietnam Airlines,VN786,2,11L,Landed,VN-A899,A359,passenger
2026-02-09,20:54,04:26,Seoul,ICN,Vietnam Airlines,VN415,2,11L,Landed,VN-A896,A359,passenger
2026-02-09,20:48,01:47,Phu Quoc,PQC,VietJet Air,VJ1440,1,11L,Landed,VN-A693,A21N,passenger
2026-02-09,20:44,01:30,Siem Reap,SAI,VietJet Air,VJ914,2,11L,Landed,VN-A528,A21N,passenger
2026-02-09,20:41,00:46,Luang Prabang,LPQ,Vietnam Airlines,VN930,2,11L,Landed,VN-A611,A321,passenger
2026-02-09,20:38,01:57,Ho Chi Minh City,SGN,VietJet Air,VJ152,1,11L,Landed,VN-A552,A21N,passenger
2026-02-09,20:36,05:46,Tokyo,NRT,VietJet Air,VJ935,2,11L,Landed,VN-A523,A21N,passenger
2026-02-09,20:34,01:04,Da Nang,DAD,Vietnam Airlines,VN188,1,11L,Landed,VN-A515,A20N,passenger
2026-02-09,20:30,01:26,Bangkok,BKK,VietJet Air,VJ904,2,11L,Landed,VN-A657,A321,passenger
2026-02-09,20:28,01:35,Da Lat,DLI,VietJet Air,VJ410,1,11L,Landed,VN-A650,A320,passenger
2026-02-09,20:24,01:37,Ho Chi Minh City,SGN,Vietnam Airlines,VN218,1,11L,Landed,VN-A897,A359,passenger
2026-02-09,20:17,01:22,Bangkok,DMK,AirAsia,FD644,2,11L,Landed,HS-EAA,A21N,passenger
2026-02-09,20:13,01:01,Hue,HUI,Vietnam Airlines,VN1544,1,11L,Landed,VN-A601,A321,passenger
2026-02-09,20:11,02:47,Taichung,RMQ,VietJet Air,VJ949,2,11L,Landed,VN-A545,A21N,passenger
2026-02-09,20:05,01:41,Ho Chi Minh City,SGN,Vietnam Airlines,VN252,1,11R,Landed,VN-A877,B78X,passenger
2026-02-09,20:00,01:02,Da Nang,DAD,VietJet Air,VJ516,1,11L,Landed,VN-A668,A320,passenger
2026-02-09,19:54,01:44,Ho Chi Minh City,SGN,Vietravel Airlines,VU780,1,11L,Landed,VN-A136,A320,passenger
2026-02-09,19:47,01:45,Chongqing,CKG,West Air,PN6423,2,11L,Landed,B-8110,A320,passenger
2026-02-09,19:40,00:38,Vinh,VII,Vietnam Airlines,VN1718,1,11L,Landed,VN-A329,A321,passenger
2026-02-09,19:35,00:59,Da Nang,DAD,Vietnam Airlines,VN180,1,11L,Landed,VN-A609,A321,passenger
2026-02-09,19:31,02:09,Kolkata,CCU,IndiGo,6E8961,0,11L,Landed,VT-IKY,A321,cargo
2026-02-09,19:28,01:41,Ho Chi Minh City,SGN,Vietnam Airlines,VN254,1,11L,Landed,VN-A871,B789,passenger
2026-02-09,19:21,01:24,Siem Reap,SAI,Vietnam Airlines,VN836,2,11L,Landed,VN-A327,A321,passenger
2026-02-09,19:18,01:13,Pleiku,PXU,VietJet Air,VJ424,1,11L,Landed,VN-A697,A21N,passenger
2026-02-09,19:14,01:37,Shenzhen,SZX,Shenzhen Airlines,ZH105,2,11L,Landed,B-5617,B738,passenger
2026-02-09,19:07,01:19,Qui Nhon,UIH,VietJet Air,VJ432,1,11L,Landed,VN-A655,A320,passenger
2026-02-09,19:03,01:39,Ho Chi Minh City,SGN,Vietnam Airlines,VN216,1,11L,Landed,VN-A865,B789,passenger
2026-02-09,18:59,01:32,Nha Trang,CXR,Vietnam Airlines,VN1558,1,11L,Landed,VN-A353,A321,passenger
2026-02-09,18:55,05:03,Osaka,KIX,VietJet Air,VJ931,2,11L,Landed,VN-A516,A21N,passenger
2026-02-09,18:52,01:48,Hong Kong,HKG,Hong Kong Airlines,HX528,2,11L,Landed,B-LPC,A320,passenger
2026-02-09,18:41,01:34,Nha Trang,CXR,Vietnam Airlines,VN7554,1,11L,Landed,VN-A501,A21N,passenger
2026-02-09,18:37,03:56,Jakarta,CGK,VietJet Air,VJ928,2,11L,Landed,VN-A675,A320,passenger
2026-02-09,18:32,01:33,Phnom Penh,KTI,Air Cambodia,K6850,2,29R,Landed,XU-356,A320,passenger
2026-02-09,18:28,01:39,Hong Kong,HKG,Cathay Pacific,CX743,2,11L,Landed,B-HNE,B773,passenger
2026-02-09,18:23,01:43,Guangzhou,CAN,China Southern Airlines,CZ8177,2,11L,Landed,B-6827,A320,passenger
2026-02-09,18:19,01:05,Da Nang,DAD,Vietnam Airlines,VN174,1,11L,Landed,VN-A331,A321,passenger
2026-02-09,18:17,01:47,Phu Quoc,PQC,Sun PhuQuoc Airways,9G1216,1,11L,Landed,VN-A284,A21N,passenger
2026-02-09,18:13,01:01,Luang Prabang,LPQ,Lao Airlines,QV313,2,11L,Landed,RDPL-34225,AT76,passenger
2026-02-09,18:06,01:45,Ho Chi Minh City,SGN,Transavia,VJ134,1,11L,Landed,LY-MLI,A320,passenger
2026-02-09,18:01,03:18,Shanghai,PVG,Vietnam Airlines,VN533,2,11L,Landed,VN-A358,A321,passenger
2026-02-09,17:58,01:28,Bangkok,BKK,Vietnam Airlines,VN614,2,11L,Landed,VN-A396,A321,passenger
2026-02-09,17:54,02:38,Kaohsiung,KHH,VietJet Air,VJ947,2,11L,Landed,VN-A542,A321,passenger
2026-02-09,17:52,03:35,Shanghai,PVG,China Eastern Airlines,MU6013,2,11L,Landed,B-32HX,A21N,passenger
2026-02-09,17:47,01:46,Ho Chi Minh City,SGN,Vietnam Airlines,VN232,1,11L,Landed,VN-A889,A359,passenger
2026-02-09,17:44,01:49,Ho Chi Minh City,SGN,VietJet Air,VJ194,1,11L,Landed,VN-A538,A21N,passenger
2026-02-09,17:41,01:57,Ho Chi Minh City,SGN,Sun PhuQuoc Airways,9G854,1,11L,Landed,VN-A279,A321,passenger
2026-02-09,17:38,01:15,Da Nang,DAD,VietJet Air,VJ512,1,11L,Landed,VN-A635,A321,passenger
2026-02-09,17:35,03:06,Singapore,SIN,Singapore Airlines,SQ194,2,11L,Landed,9V-SHD,A359,passenger
2026-02-09,17:32,01:57,Guangzhou,CAN,Vietnam Airlines,VN507,2,11L,Landed,VN-A392,A321,passenger
2026-02-09,17:29,01:47,Ho Chi Minh City,SGN,Vietnam Airlines,VN7292,1,11L,Landed,VN-A872,B78X,passenger
2026-02-09,17:26,03:11,Taipei,TPE,EVA Air,BR385,2,11L,Landed,B-16225,A321,passenger
2026-02-09,17:23,01:52,Ho Chi Minh City,SGN,Vietravel Airlines,VU770,1,11L,Landed,VN-A129,A321,passenger
2026-02-09,17:21,01:50,Phu Quoc,PQC,N/A,VN6400,1,11L,Landed,VN-A363,A321,passenger
2026-02-09,17:18,01:28,Bangkok,BKK,VietJet Air,VJ902,2,11L,Landed,VN-A500,A21N,passenger
2026-02-09,17:15,01:38,Nha Trang,CXR,Bamboo Airways,QH1416,1,11L,Landed,VN-A597,A321,passenger
2026-02-09,17:12,00:48,Luang Prabang,LPQ,AirAsia,FD1038,2,11L,Landed,HS-BBY,A20N,passenger
2026-02-09,17:08,02:53,Singapore,SIN,VietJet Air,VJ916,2,11L,Landed,VN-A539,A21N,passenger
2026-02-09,17:06,01:41,Ho Chi Minh City,SGN,Vietnam Airlines,VN7046,1,11L,Landed,VN-A879,B78X,passenger
2026-02-09,17:03,01:42,Ho Chi Minh City,SGN,VietJet Air,VJ146,1,11L,Landed,VN-A815,A333,passenger
2026-02-09,17:00,04:25,Busan,PUS,N/A,VJ957,2,11L,Landed,,N/A,unknown
2026-02-09,16:58,07:33,Amman,AMM,Turkish Airlines,TK6232,0,11L,Landed,TC-LJY,B77L,cargo
2026-02-09,16:53,02:06,Con Dao,VCS,VietJet Air,VJ108,1,11L,Landed,B-656E,AJ27,passenger
2026-02-09,16:50,02:14,Kolkata,CCU,IndiGo,6E1631,2,11L,Landed,VT-IQF,A20N,passenger
2026-02-09,16:47,01:05,Da Nang,DAD,VietJet Air,VJ514,1,11L,Landed,VN-A639,A321,passenger
2026-02-09,16:45,01:44,Ho Chi Minh City,SGN,VietJet Air,VJ130,1,11L,Landed,VN-A812,A333,passenger
2026-02-09,16:42,03:22,Shanghai,PVG,Air China,CA755,2,11L,Landed,B-6825,A321,passenger
2026-02-09,16:39,01:57,Can Tho,VCA,Vietnam Airlines,VN1202,1,11L,Landed,VN-A324,A321,passenger
2026-02-09,16:36,02:51,Taipei,TPE,China Airlines,CI793,2,11L,Landed,B-18306,A333,passenger
2026-02-09,16:31,00:38,Dien Bien Phu,DIN,Vietnam Airlines,VN1805,1,11L,Landed,VN-A338,A321,passenger
2026-02-09,16:29,00:59,Da Nang,DAD,Vietnam Airlines,VN7164,1,11L,Landed,VN-A617,A21N,passenger
2026-02-09,16:24,01:19,Qui Nhon,UIH,Bamboo Airways,QH1214,1,11L,Landed,VN-A596,A20N,passenger
2026-02-09,16:21,01:01,Da Nang,DAD,Vietnam Airlines,VN172,1,11L,Landed,VN-A329,A321,passenger
2026-02-09,16:18,00:54,Vientiane,VTE,Lao Airlines,QV311,2,11L,Landed,RDPL-34188,A320,passenger
2026-02-09,16:15,01:37,Da Lat,DLI,Vietnam Airlines,VN1574,1,11L,Landed,VN-A515,A20N,passenger
2026-02-09,16:12,01:37,Ho Chi Minh City,SGN,Vietnam Airlines,VN214,1,11L,Landed,VN-A862,B789,passenger
2026-02-09,16:09,01:26,Tuy Hoa,TBB,Vietnam Airlines,VN1650,1,11L,Landed,VN-A602,A321,passenger
2026-02-09,16:07,02:46,Fuzhou,FOC,Xiamen Air,MF8697,2,11L,Landed,B-7848,B738,passenger
2026-02-09,16:03,01:46,Ho Chi Minh City,SGN,BBN Airlines Indonesia,QH242,1,11L,Landed,PK-BBK,B739,passenger
2026-02-09,15:59,01:42,Shenzhen,SZX,Shenzhen Airlines,ZH103,2,11L,Landed,B-6835,A320,passenger
2026-02-09,15:55,02:06,Can Tho,VCA,VietJet Air,VJ462,1,11L,Landed,VN-A668,A320,passenger
2026-02-09,15:53,01:54,Hong Kong,HKG,Vietnam Airlines,VN593,2,11L,Landed,VN-A601,A321,passenger
2026-02-09,15:46,10:24,Tel Aviv,TLV,arkia,IZ595,2,11L,Landed,9H-ALC,A332,passenger
2026-02-09,15:43,03:01,Singapore,SIN,Vietnam Airlines,VN660,2,11L,Landed,VN-A503,A21N,passenger
2026-02-09,15:41,01:57,Phu Quoc,PQC,Sun PhuQuoc Airways,9G1208,1,11L,Landed,VN-A286,A21N,passenger
2026-02-09,15:37,08:30,Istanbul,IST,Turkish Airlines,TK164,2,11L,Landed,TC-JJO,B77W,passenger
2026-02-09,15:34,01:54,Ho Chi Minh City,SGN,Avion Express,VU778,1,11L,Landed,9H-MLW,A320,passenger
2026-02-09,15:31,01:43,Da Lat,DLI,VietJet Air,VJ408,1,11L,Landed,VN-A672,A320,passenger
2026-02-09,15:29,01:53,Ho Chi Minh City,SGN,Pegasus,VJ188,1,11L,Landed,LY-NVE,A320,passenger
2026-02-09,15:25,01:53,Shenzhen,SZX,China Southern Airlines,CZ8469,2,11L,Landed,B-1805,A320,passenger
2026-02-09,15:23,01:50,Ho Chi Minh City,SGN,Vietnam Airlines,VN248,1,11L,Landed,VN-A891,A359,passenger
2026-02-09,15:18,05:53,Blagoveshchensk,BQS,VietJet Air,VJ7614,2,11L,Landed,VN-A549,A21N,passenger
2026-02-09,15:14,01:27,Qui Nhon,UIH,Vietnam Airlines,VN1622,1,11L,Landed,VN-A399,A321,passenger
2026-02-09,15:12,01:07,Da Nang,DAD,Vietnam Airlines,VN170,1,11L,Landed,VN-A609,A321,passenger
2026-02-09,15:09,01:36,Nha Trang,CXR,VietJet Air,VJ774,1,11L,Landed,VN-A671,A320,passenger
2026-02-09,15:06,02:53,Taipei,TPE,VietJet Air,VJ941,2,11L,Landed,VN-A684,A321,passenger
2026-02-09,15:03,02:47,Kuala Lumpur,KUL,VietJet Air,VJ906,2,11L,Landed,VN-A544,A321,passenger
2026-02-09,15:00,00:56,Kunming,KMG,China Eastern Airlines,MU9605,2,11L,Landed,B-1308,B738,passenger
2026-02-09,14:57,02:05,Con Dao,VCS,VietJet Air,VJ106,1,11L,Landed,B-652G,AJ27,passenger
2026-02-09,14:54,01:44,Ho Chi Minh City,SGN,Sun PhuQuoc Airways,9G838,1,11L,Landed,VN-A280,A321,passenger
2026-02-09,14:51,01:33,Nha Trang,CXR,Vietnam Airlines,VN1552,1,11L,Landed,VN-A623,A21N,passenger
2026-02-09,14:48,01:54,Guangzhou,CAN,China Southern Airlines,CZ8315,2,11L,Landed,B-32L2,A20N,passenger
2026-02-09,14:43,01:45,Ho Chi Minh City,SGN,Vietnam Airlines,VN212,1,11L,Landed,VN-A892,A359,passenger
2026-02-09,14:37,02:49,Kuala Lumpur,KUL,AirAsia,AK512,2,11L,Landed,9M-AQP,A320,passenger
2026-02-09,14:34,01:43,Ho Chi Minh City,SGN,VietJet Air,VJ144,1,11L,Landed,VN-A820,A333,passenger
2026-02-09,14:34,04:29,Seoul,ICN,N/A,5Y8121,0,11L,Landed,N863GT,B748,cargo
2026-02-09,14:27,01:04,Chiang Mai,CNX,AirAsia,FD870,2,11L,Landed,HS-ABU,A320,passenger
2026-02-09,14:18,01:01,Da Nang,DAD,VietJet Air,VJ508,1,11L,Landed,VN-A644,A321,passenger
2026-02-09,14:09,01:23,Bangkok,BKK,Vietnam Airlines,VN610,2,11L,Landed,VN-A327,A321,passenger
2026-02-09,14:05,03:24,Shanghai,PVG,China Eastern Airlines,MU6011,2,11L,Landed,B-1640,A321,passenger
2026-02-09,13:58,05:46,Tokyo,NRT,VietJet Air,VJ933,2,11L,Landed,VN-A816,A333,passenger
2026-02-09,13:55,04:31,Seoul,ICN,VietJet Air,VJ961,2,11L,Landed,VN-A693,A21N,passenger
2026-02-09,13:44,00:57,Da Nang,DAD,Vietnam Airlines,VN166,1,11L,Landed,VN-A613,A321,passenger
2026-02-09,13:34,00:40,Dien Bien Phu,DIN,Vietnam Airlines,VN7805,1,11L,Landed,VN-A338,A321,passenger
2026-02-09,13:30,04:28,Seoul,ICN,Vietnam Airlines,VN417,2,11L,Landed,VN-A874,B78X,passenger
2026-02-09,13:29,01:08,Hue,HUI,VietJet Air,VJ566,1,11L,Landed,VN-A657,A321,passenger
2026-02-09,13:25,05:00,Osaka,KIX,Vietnam Airlines,VN335,2,11L,Landed,VN-A886,A359,passenger
2026-02-09,13:23,02:25,Penang,PEN,China Airlines,CI6596,0,11L,Landed,B-18723,B744,cargo
2026-02-09,13:17,01:48,Ho Chi Minh City,SGN,Bamboo Airways,QH224,1,11L,Landed,JU-1410,A320,passenger
2026-02-09,13:14,05:27,Tokyo,NRT,Vietnam Airlines,VN311,2,11L,Landed,VN-A873,B78X,passenger
2026-02-09,13:11,01:52,Phu Quoc,PQC,Sun PhuQuoc Airways,9G1204,1,11L,Landed,VN-A281,A21N,passenger
2026-02-09,13:08,04:31,Busan,PUS,Vietnam Airlines,VN429,2,11L,Landed,VN-A871,B789,passenger
2026-02-09,13:05,05:18,Nagoya,NGO,Vietnam Airlines,VN349,2,11L,Landed,VN-A888,A359,passenger
2026-02-09,13:02,03:41,Delhi,DEL,IndiGo,6E1633,2,11L,Landed,VT-IPF,A20N,passenger
2026-02-09,12:59,01:09,Da Nang,DAD,VietJet Air,VJ528,1,11L,Landed,VN-A639,A321,passenger
2026-02-09,12:56,05:08,Osaka,KIX,VietJet Air,VJ939,2,11L,Landed,VN-A697,A21N,passenger
2026-02-09,12:53,04:36,Fukuoka,FUK,Vietnam Airlines,VN357,2,11L,Landed,VN-A357,A321,passenger
2026-02-09,12:50,05:12,Nagoya,NGO,VietJet Air,VJ921,2,11L,Landed,VN-A547,A21N,passenger
2026-02-09,12:47,01:53,Phu Quoc,PQC,VietJet Air,VJ440,1,11L,Landed,VN-A655,A320,passenger
2026-02-09,12:44,01:56,Guangzhou,CAN,Shenzhen Airlines,ZH121,2,11L,Landed,B-5619,B738,passenger
2026-02-09,12:38,04:40,Seoul,ICN,Asiana Airlines,OZ729,2,11L,Landed,HL7775,B772,passenger
2026-02-09,12:34,05:21,Dubai,DXB,Emirates,EK394,2,11L,Landed,A6-ECZ,B77W,passenger
2026-02-09,12:32,01:46,Phu Quoc,PQC,Sun PhuQuoc Airways,9G1202,1,11L,Landed,VN-A284,A21N,passenger
2026-02-09,12:28,01:41,Ho Chi Minh City,SGN,VietJet Air,VJ128,1,11L,Landed,VN-A817,A333,passenger
2026-02-09,12:25,01:41,Ho Chi Minh City,SGN,Vietnam Airlines,VN7044,1,11L,Landed,VN-A617,A21N,passenger
2026-02-09,12:19,05:40,Doha,DOH,Qatar Airways,QR976,2,11L,Landed,A7-BHE,B789,passenger
2026-02-09,12:13,02:46,Kuala Lumpur,KUL,Batik Air,OD571,2,11L,Landed,9M-LRD,B38M,passenger
2026-02-09,12:10,02:48,Taipei,TPE,China Airlines,CI791,2,11L,Landed,B-18315,A333,passenger
2026-02-09,12:06,01:32,Nha Trang,CXR,VietJet Air,VJ770,1,11L,Landed,VN-A643,A321,passenger
2026-02-09,12:02,01:43,Phu Quoc,PQC,Vietnam Airlines,VN1236,1,11L,Landed,VN-A611,A321,passenger
2026-02-09,12:00,01:47,Ho Chi Minh City,SGN,VietJet Air,VJ132,1,11L,Landed,VN-A637,A321,passenger
2026-02-09,11:57,01:30,Bangkok,DMK,AirAsia,FD640,2,11L,Landed,HS-ABA,A320,passenger
2026-02-09,11:54,03:43,Beijing,PEK,Air China,CA741,2,11L,Landed,B-32CD,A21N,passenger
2026-02-09,11:50,00:45,Dong Hoi,VDH,Vietnam Airlines,VN1590,1,11L,Landed,VN-A392,A321,passenger
2026-02-09,11:48,01:36,Da Lat,DLI,Bamboo Airways,QH1422,1,11L,Landed,VN-A597,A321,passenger
2026-02-09,11:44,02:55,Singapore,SIN,Singapore Airlines,SQ192,2,11L,Landed,9V-SHB,A359,passenger
2026-02-09,11:41,02:58,Kuala Lumpur,KUL,Malaysia Airlines,MH752,2,11L,Landed,9M-MXK,B738,passenger
2026-02-09,11:38,01:49,Can Tho,VCA,Vietnam Airlines,VN1200,1,11L,Landed,VN-A396,A321,passenger
2026-02-09,11:36,01:43,Ho Chi Minh City,SGN,Sun PhuQuoc Airways,9G822,1,11L,Landed,VN-A279,A321,passenger
2026-02-09,11:32,02:45,Singapore,SIN,EVA Air,BR6061,0,11L,Landed,B-16786,B77L,cargo
2026-02-09,11:30,02:50,Taipei,TPE,EVA Air,BR397,2,11L,Landed,B-16722,B77W,passenger
2026-02-09,11:27,01:11,Da Nang,DAD,N/A,VN6080,1,11L,Landed,VN-A363,A321,passenger
2026-02-09,11:25,03:24,Shanghai,PVG,Air China,CA703,2,11L,Landed,B-6885,A321,passenger
2026-02-09,11:18,01:42,Da Lat,DLI,Vietnam Airlines,VN1572,1,11L,Landed,VN-A515,A20N,passenger
2026-02-09,11:15,01:22,N/A,,Vietnam Airlines,VN1614,2,11L,Landed,VN-A602,A321,passenger
2026-02-09,11:12,01:33,Buon Ma Thuot,BMV,Vietnam Airlines,VN1602,1,11L,Landed,VN-A356,A321,passenger
2026-02-09,11:09,01:51,Phu Quoc,PQC,VietJet Air,VJ442,1,11L,Landed,VN-A542,A321,passenger
2026-02-09,11:06,04:41,Seoul,ICN,Korean Air,KE441,2,11L,Landed,HL8528,A21N,passenger
2026-02-09,11:04,01:01,Da Nang,DAD,Vietnam Airlines,VN164,1,11L,Landed,VN-A329,A321,passenger
2026-02-09,11:01,01:18,Qui Nhon,UIH,VietJet Air,VJ430,1,11L,Landed,VN-A545,A21N,passenger
2026-02-09,10:58,01:44,Ho Chi Minh City,SGN,VietJet Air,VJ136,1,11L,Landed,VN-A698,A321,passenger
2026-02-09,10:55,04:21,Busan,PUS,VietJet Air,VJ981,2,11L,Landed,VN-A500,A21N,passenger
2026-02-09,10:52,01:01,Da Nang,DAD,Bamboo Airways,QH104,1,11L,Landed,VN-A596,A20N,passenger
2026-02-09,10:48,05:36,Dubai,DWC,Emirates,EK9854,0,11L,Landed,A6-EFY,B77L,cargo
2026-02-09,10:46,01:36,Nha Trang,CXR,VietJet Air,VJ772,1,11L,Landed,VN-A815,A333,passenger
2026-02-09,10:43,01:47,Ho Chi Minh City,SGN,VietJet Air,VJ184,1,11L,Landed,VN-A812,A333,passenger
2026-02-09,10:40,02:58,Taipei,TPE,STARLUX,JX715,2,11L,Landed,B-58203,A21N,passenger
2026-02-09,10:37,01:12,Chu Lai,VCL,Vietnam Airlines,VN1640,1,11L,Landed,VN-A324,A321,passenger
2026-02-09,10:34,01:42,Ho Chi Minh City,SGN,Hai Au Aviation,HAI489,1,11L,Landed,VN-A489,FA8X,business jet
2026-02-09,10:31,01:41,Guangzhou,CAN,China Southern Airlines,CZ3049,2,11L,Landed,B-2406,A320,passenger
2026-02-09,10:21,02:35,Kaohsiung,KHH,Vietnam Airlines,VN587,2,11L,Landed,VN-A399,A321,passenger
2026-02-09,10:19,06:46,Tbilisi,TBS,Turkish Airlines,TK6268,0,11L,Landed,TC-LJL,B77L,cargo
2026-02-09,10:15,01:38,Ho Chi Minh City,SGN,Vietnam Airlines,VN208,1,11L,Landed,VN-A862,B789,passenger
2026-02-09,10:12,01:25,Buon Ma Thuot,BMV,VietJet Air,VJ492,1,11L,Landed,VN-A644,A321,passenger
2026-02-09,10:03,01:27,Bangkok,DMK,N/A,N/A,2,11L,Landed,T7-852,GLEX,business jet
2026-02-09,10:00,01:36,Da Lat,DLI,VietJet Air,VJ402,1,11L,Landed,VN-A672,A320,passenger
2026-02-09,09:55,02:50,Taipei,TPE,Vietnam Airlines,VN579,2,11L,Landed,VN-A609,A321,passenger
2026-02-09,09:52,01:45,Ho Chi Minh City,SGN,BBN Airlines Indonesia,QH204,1,11L,Landed,PK-BBK,B739,passenger
2026-02-09,09:49,01:48,Ho Chi Minh City,SGN,Avion Express,VJ148,1,11L,Landed,LY-NVG,A320,passenger
2026-02-09,09:45,03:06,Singapore,SIN,Scoot,TR300,2,11L,Landed,9V-OFB,B788,passenger
2026-02-09,09:41,01:32,Bangkok,BKK,Thai Airways,TG560,2,11L,Landed,HS-TXE,A320,passenger
2026-02-09,09:39,01:24,Pleiku,PXU,VietJet Air,VJ422,1,11L,Landed,VN-A671,A320,passenger
2026-02-09,09:36,04:41,Seoul,ICN,VietJet Air,VJ963,2,11L,Landed,VN-A528,A21N,passenger
2026-02-09,09:32,00:42,Vinh,VII,Vietnam Airlines,VN1716,1,11L,Landed,VN-A623,A21N,passenger
2026-02-09,09:30,01:54,Ho Chi Minh City,SGN,Sun PhuQuoc Airways,9G808,1,11L,Landed,VN-A286,A21N,passenger
2026-02-09,09:25,01:55,Hong Kong,HKG,HK express,UO540,2,11L,Landed,B-KKJ,A21N,passenger
2026-02-09,09:19,01:45,Ho Chi Minh City,SGN,Vietravel Airlines,VU774,1,11L,Landed,VN-A289,A321,passenger
2026-02-09,09:16,00:59,Hue,HUI,Vietnam Airlines,VN1540,1,11L,Landed,VN-A358,A321,passenger
2026-02-09,09:13,01:02,Da Nang,DAD,VietJet Air,VJ504,1,11L,Landed,VN-A657,A321,passenger
2026-02-09,09:10,01:39,Ho Chi Minh City,SGN,Vietnam Airlines,VN240,1,11L,Landed,VN-A896,A359,passenger
2026-02-09,09:05,00:56,Da Nang,DAD,Vietnam Airlines,VN158,1,11L,Landed,VN-A613,A321,passenger
2026-02-09,09:01,01:44,Ho Chi Minh City,SGN,Vietnam Airlines,VN7032,1,11L,Landed,VN-A331,A321,passenger
2026-02-09,08:58,01:00,Da Nang,DAD,VietJet Air,VJ524,1,11L,Landed,VN-A650,A320,passenger
2026-02-09,08:45,01:42,Ho Chi Minh City,SGN,VietJet Air,VJ176,1,11L,Landed,VN-A639,A321,passenger
2026-02-09,08:39,01:26,Bangkok,DMK,AirAsia,FD642,2,11L,Landed,HS-BBM,A320,passenger
2026-02-09,08:36,00:59,Da Nang,DAD,VietJet Air,VJ510,1,11L,Landed,VN-A651,A321,passenger
2026-02-09,08:28,01:43,Ho Chi Minh City,SGN,Sun PhuQuoc Airways,9G806,1,11L,Landed,VN-A280,A321,passenger
2026-02-09,08:21,01:42,Hong Kong,HKG,Cathay Pacific,CX2049,0,11L,Landed,B-LJH,B748,cargo
2026-02-09,08:19,01:45,Ho Chi Minh City,SGN,Bamboo Airways,QH202,1,11L,Landed,ER-00005,A320,passenger
2026-02-09,08:15,01:45,Ho Chi Minh City,SGN,Vietnam Airlines,VN7042,1,11L,Landed,VN-A601,A321,passenger
2026-02-09,08:11,01:44,Ho Chi Minh City,SGN,VietJet Air,VJ126,1,11L,Landed,VN-A578,A21N,passenger
2026-02-09,08:08,01:37,Shenzhen,SZX,Shenzhen Airlines,ZH101,2,11L,Landed,B-8409,A320,passenger
2026-02-09,08:02,01:43,Ho Chi Minh City,SGN,Vietnam Airlines,VN206,1,11L,Landed,VN-A392,A321,passenger
2026-02-09,07:53,01:46,Hong Kong,HKG,Hong Kong Air Cargo,RH317,0,11L,Landed,B-LMA,A332,cargo
2026-02-09,07:50,06:23,Riyadh,RUH,Cargolux,CV7956,0,11L,Landed,LX-VCL,B748,cargo
2026-02-09,07:47,01:42,Ho Chi Minh City,SGN,VietJet Air,VJ124,1,11L,Landed,VN-A820,A333,passenger
2026-02-09,07:44,00:41,Nanning,NNG,GX Airlines,GX8971,2,11L,Landed,B-8851,A320,passenger
2026-02-09,07:39,01:43,Ho Chi Minh City,SGN,Vietravel Airlines,VU750,1,11L,Landed,VN-A136,A320,passenger
2026-02-09,07:35,02:58,Manila,MNL,Cebu Pacific,5J744,2,11L,Landed,RP-C4146,A21N,passenger
2026-02-09,07:31,03:30,Cebu,CEB,Vietnam Airlines,VN642,2,11L,Landed,VN-A612,A321,passenger
2026-02-09,07:19,02:48,Manila,MNL,Vietnam Airlines,VN646,2,11L,Landed,VN-A327,A321,passenger
2026-02-09,07:14,01:43,Ho Chi Minh City,SGN,VietJet Air,VJ122,1,11L,Landed,VN-A684,A321,passenger
2026-02-09,07:04,01:00,Da Nang,DAD,Vietnam Airlines,VN154,1,11L,Landed,VN-A339,A321,passenger
2026-02-09,06:58,00:59,Da Nang,DAD,VietJet Air,VJ502,1,11L,Landed,VN-A643,A321,passenger
2026-02-09,06:52,01:44,Ho Chi Minh City,SGN,N/A,VN6002,1,11L,Landed,VN-A363,A321,passenger
2026-02-09,06:35,01:44,Ho Chi Minh City,SGN,Vietnam Airlines,VN7214,1,11L,Landed,VN-A507,A21N,passenger
2026-02-09,06:21,05:37,Doha,DOH,Qatar Airways,QR982,2,11L,Landed,A7-BHN,B789,passenger
2026-02-09,06:17,01:40,Ho Chi Minh City,SGN,Vietnam Airlines,VN7218,1,11L,Landed,VN-A329,A321,passenger
2026-02-09,06:12,03:52,Jakarta,CGK,Vietnam Airlines,VN634,2,11L,Landed,VN-A324,A321,passenger
2026-02-09,06:06,01:46,Ho Chi Minh City,SGN,Vietnam Airlines,VN7012,1,11L,Landed,VN-A623,A21N,passenger
2026-02-09,06:03,09:04,Melbourne,MEL,Vietnam Airlines,VN778,2,11L,Landed,VN-A892,A359,passenger
2026-02-09,05:58,09:42,Frankfurt,FRA,Vietnam Airlines,VN36,2,11R,Landed,VN-A867,B789,passenger
2026-02-09,05:55,01:39,Ho Chi Minh City,SGN,Bamboo Airways,QH294,1,11R,Landed,VN-A597,A321,passenger
2026-02-09,05:48,05:34,Abu Dhabi,AUH,Etihad Airways,EY432,2,11R,Landed,A6-BLX,B789,passenger
2026-02-09,05:45,01:44,Ho Chi Minh City,SGN,Vietnam Airlines,VN7210,1,11R,Landed,VN-A512,A21N,passenger
2026-02-09,05:33,03:39,Ahmedabad,AMD,VietJet Air,VJ1926,2,11R,Landed,VN-A544,A321,passenger
2026-02-09,05:27,10:08,Paris,CDG,Vietnam Airlines,VN18,2,11R,Landed,VN-A891,A359,passenger
2026-02-09,05:22,01:38,Guangzhou,CAN,VietJet Air,VJ7527,2,11R,Landed,VN-A636,A321,passenger
2026-02-09,05:18,03:13,Hanoi,HAN,N/A,VJ7239,2,11R,Landed,,N/A,unknown
2026-02-09,05:07,01:39,Ho Chi Minh City,SGN,Sun PhuQuoc Airways,9G8802,1,11R,Landed,VN-A279,A321,passenger
2026-02-09,05:03,03:37,Mumbai,BOM,Vietnam Airlines,VN972,2,11R,Landed,VN-A865,B789,passenger
2026-02-09,04:54,10:29,London,LHR,Vietnam Airlines,VN56,2,11R,Landed,VN-A868,B789,passenger
2026-02-09,04:41,03:18,Delhi,DEL,Vietnam Airlines,VN980,2,11R,Landed,VN-A866,B789,passenger
2026-02-09,04:24,01:45,Ho Chi Minh City,SGN,Vietravel Airlines,VU702,1,11R,Landed,VN-A129,A321,passenger
2026-02-09,04:09,03:34,Beijing,PKX,VietJet Air,VJ7713,2,11R,Landed,VN-A672,A320,passenger
2026-02-09,03:51,01:44,Ho Chi Minh City,SGN,Bamboo Airways,QH262,1,11R,Landed,VN-A227,A321,passenger
2026-02-09,03:48,04:31,Seoul,ICN,Air Zeta,KJ387,0,11R,Landed,HL7507,B763,cargo
2026-02-09,03:39,04:18,Seoul,ICN,Kalitta Air,K4602,0,11R,Landed,N702CK,B744,cargo
2026-02-09,03:35,01:42,Ho Chi Minh City,SGN,Vietnam Airlines,VN7208,1,11R,Landed,VN-A622,A21N,passenger
2026-02-09,03:24,00:27,Haiphong,HPH,Bamboo Airways,QH14,1,11R,Landed,VN-A596,A20N,passenger
2026-02-09,03:16,02:38,Taipei,TPE,EVA Air,BR6021,0,11R,Landed,B-16787,B77L,cargo
2026-02-09,03:06,03:27,Shanghai,PVG,China Eastern Airlines,MU7235,2,11R,Landed,B-32L9,A21N,passenger
2026-02-09,02:52,01:33,Guangzhou,CAN,FedEx,FX5775,0,11R,Landed,N117FE,B763,cargo
2026-02-09,02:37,01:46,Ho Chi Minh City,SGN,VietJet Air,VJ178,1,11R,Landed,VN-A657,A321,passenger
2026-02-09,02:33,01:45,Ho Chi Minh City,SGN,VietJet Air,VJ182,1,11R,Landed,VN-A675,A320,passenger
2026-02-09,02:26,04:33,Seoul,ICN,Air Zeta,KJ371,0,11R,Landed,HL8319,B738,cargo
2026-02-09,02:04,04:27,Seoul,ICN,Korean Air,KE361,0,11L,Landed,HL8285,B77L,cargo
2026-02-09,01:56,01:41,Ho Chi Minh City,SGN,Vietravel Airlines,VU782,1,11L,Landed,VN-A289,A321,passenger
2026-02-09,01:51,01:34,Nha Trang,CXR,VietJet Air,VJ7614,1,11L,Landed,VN-A549,A21N,passenger
2026-02-09,01:46,03:33,Shanghai,PVG,China Eastern Airlines,MU5075,2,11L,Landed,B-1773,B738,passenger
2026-02-09,01:30,01:42,Shenzhen,SZX,Shenzhen Airlines,ZH107,2,11L,Landed,B-6857,A320,passenger
2026-02-09,01:27,03:49,Qingdao,TAO,Shandong Airlines,SC4649,2,11L,Landed,B-1443,B738,passenger
2026-02-09,01:23,05:46,Tokyo,NRT,Japan Airlines,JL6739,0,11L,Landed,JA654J,B763,cargo
2026-02-09,01:20,03:00,Manila,MNL,Philippine Airlines,PR595,2,11L,Landed,RP-C9902,A321,passenger
2026-02-09,01:17,02:54,Zhengzhou,CGO,China Southern Airlines,CZ5029,2,11L,Landed,B-1582,B738,passenger
2026-02-09,01:14,03:03,Hangzhou,HGH,Air China,CA707,2,11L,Landed,B-8337,A320,passenger
2026-02-09,01:01,01:44,Ho Chi Minh City,SGN,Sun PhuQuoc Airways,9G8894,1,11L,Landed,VN-A282,A21N,passenger
2026-02-09,00:56,01:36,Ho Chi Minh City,SGN,Vietnam Airlines,VN7020,1,11L,Landed,VN-A886,A359,passenger
2026-02-09,00:53,01:44,Ho Chi Minh City,SGN,Vietnam Airlines,VN224,1,11L,Landed,VN-A604,A321,passenger
2026-02-09,00:50,03:32,Jinan,TNA,Shandong Airlines,SC8071,2,11L,Landed,B-7805,B738,passenger
2026-02-09,00:46,01:42,Ho Chi Minh City,SGN,Sun PhuQuoc Airways,9G882,1,11L,Landed,VN-A280,A321,passenger
2026-02-09,00:42,01:43,Hong Kong,HKG,HK express,UO542,2,11L,Landed,B-KKM,A21N,passenger
2026-02-09,00:38,01:45,Ho Chi Minh City,SGN,Sun PhuQuoc Airways,9G886,1,11L,Landed,VN-A284,A21N,passenger
2026-02-09,00:32,01:50,Ho Chi Minh City,SGN,VietJet Air,VJ174,1,11L,Landed,VN-A668,A320,passenger
2026-02-09,00:29,04:51,Seoul,ICN,Jeju Air,7C2201,2,11L,Landed,HL8593,B38M,passenger
2026-02-09,00:26,01:46,Ho Chi Minh City,SGN,Vietnam Airlines,VN7010,1,11L,Landed,VN-A601,A321,passenger
2026-02-09,00:23,01:00,Da Nang,DAD,Vietnam Airlines,VN7192,1,11L,Landed,VN-A356,A321,passenger
2026-02-09,00:20,04:36,Seoul,ICN,T'way Air,TW61,2,11L,Landed,HL8379,B738,passenger
2026-02-09,00:17,01:21,Bangkok,BKK,Vietnam Airlines,VN616,2,11L,Landed,VN-A325,A321,passenger
2026-02-09,00:09,01:00,Hue,HUI,Vietnam Airlines,VN1548,1,11L,Landed,VN-A396,A321,passenger
2026-02-09,00:06,01:45,Ho Chi Minh City,SGN,MJets Air,N/A,0,11L,Landed,9M-WWA,B738,cargo
2026-02-09,00:03,01:35,Nha Trang,CXR,VietJet Air,VJ778,1,11L,Landed,VN-A632,A321,passenger
2026-02-09,00:00,04:57,Irkutsk,IKT,IrAero,IO893,2,11L,Landed,RA-89077,SU95,passenger
2026-02-10,23:59,06:12,Bahrain,BAH,DHL Air,QY574,0,11L,Landed,D-ACVG,A333,cargo
2026-02-10,23:55,01:20,Bangkok,BKK,Vietnam Airlines,VN616,2,11L,Landed,VN-A512,A21N,passenger
2026-02-10,23:51,01:30,Nha Trang,CXR,Vietnam Airlines,VN7562,1,11L,Landed,VN-A608,A321,passenger
2026-02-10,23:38,01:46,Ho Chi Minh City,SGN,VietJet Air,VJ190,1,11L,Landed,VN-A675,A320,passenger
2026-02-10,23:34,01:52,Can Tho,VCA,VietJet Air,VJ464,1,11L,Landed,VN-A637,A321,passenger
2026-02-10,23:19,02:38,Zhengzhou,CGO,N/A,JD647,0,11L,Landed,B-32MG,A332,cargo
2026-02-10,23:16,00:53,Hue,HUI,Vietnam Airlines,VN1548,1,11L,Landed,VN-A399,A321,passenger
2026-02-10,23:12,01:38,Ho Chi Minh City,SGN,Vietnam Airlines,VN256,1,11L,Landed,VN-A872,B78X,passenger
2026-02-10,23:08,01:39,Ho Chi Minh City,SGN,VietJet Air,VJ166,1,11L,Landed,VN-A635,A321,passenger
2026-02-10,23:05,01:45,Guangzhou,CAN,China Southern Airlines,CZ371,2,11L,Landed,B-225D,B38M,passenger
2026-02-10,23:02,04:37,Seoul,ICN,Asiana Airlines,OZ733,2,11L,Landed,HL8360,A359,passenger
2026-02-10,22:58,01:37,Macau,MFM,Air Macau,NX984,2,11L,Landed,B-MBO,A20N,passenger
2026-02-10,22:55,06:09,Tokyo,NRT,Japan Airlines,JL751,2,11L,Landed,JA617J,B763,passenger
2026-02-10,22:52,01:52,Phu Quoc,PQC,VietJet Air,VJ1446,1,11L,Landed,VN-A542,A321,passenger
2026-02-10,22:49,05:57,Tokyo,NRT,All Nippon Airways,NH897,2,11L,Landed,JA836A,B789,passenger
2026-02-10,22:46,01:27,Buon Ma Thuot,BMV,VietJet Air,VJ1492,1,11L,Landed,VN-A547,A21N,passenger
2026-02-10,22:43,01:41,Chengdu,TFU,Sichuan Airlines,3U3905,2,11L,Landed,B-6697,A320,passenger
2026-02-10,22:40,01:02,Hue,HUI,N/A,VJ568,1,11L,Landed,,N/A,unknown
2026-02-10,22:37,01:42,Ho Chi Minh City,SGN,VietJet Air,VJ180,1,11L,Landed,VN-A820,A333,passenger
2026-02-10,22:34,01:46,Ho Chi Minh City,SGN,BBN Airlines Indonesia,QH268,1,11L,Landed,PK-BBK,B739,passenger
2026-02-10,22:31,01:40,Ho Chi Minh City,SGN,Vietnam Airlines,VN220,1,11L,Landed,VN-A861,B789,passenger
2026-02-10,22:28,01:30,Macau,MFM,Air Macau,NX982,2,11L,Landed,B-MBT,A21N,passenger
2026-02-10,22:25,01:25,Buon Ma Thuot,BMV,VietJet Air,VJ494,1,11L,Landed,VN-A544,A321,passenger
2026-02-10,22:22,01:42,Ho Chi Minh City,SGN,Vietnam Airlines,VN7048,1,11L,Landed,VN-A393,A321,passenger
2026-02-10,22:19,02:51,Kuala Lumpur,KUL,Vietnam Airlines,VN680,2,11L,Landed,VN-A326,A321,passenger
2026-02-10,22:16,02:51,Taipei,TPE,VietJet Air,VJ943,2,11L,Landed,VN-A651,A321,passenger
2026-02-10,22:13,01:46,Ho Chi Minh City,SGN,Sun PhuQuoc Airways,9G868,1,11L,Landed,VN-A279,A321,passenger
2026-02-10,22:10,01:23,Siem Reap,SAI,Vietnam Airlines,VN842,2,11L,Landed,VN-A623,A21N,passenger
2026-02-10,22:04,12:46,Anchorage,ANC,UPS,5X72,0,11L,Landed,N629UP,B748,cargo
2026-02-10,21:57,01:41,Ho Chi Minh City,SGN,VietJet Air,VJ196,1,11L,Landed,VN-A812,A333,passenger
2026-02-10,21:54,01:48,Ho Chi Minh City,SGN,VietJet Air,VJ160,1,11L,Landed,VN-A687,A321,passenger
2026-02-10,21:51,01:53,Can Tho,VCA,Vietnam Airlines,VN1206,1,11L,Landed,VN-A612,A321,passenger
2026-02-10,21:47,00:47,Vientiane,VTE,Vietnam Airlines,VN920,2,11L,Landed,VN-A395,A321,passenger
2026-02-10,21:43,00:56,Da Nang,DAD,N/A,VN6070,1,11L,Landed,VN-A363,A321,passenger
2026-02-10,21:35,01:49,Ho Chi Minh City,SGN,Bamboo Airways,QH262,1,11L,Landed,VN-A227,A321,passenger
2026-02-10,21:32,01:44,Ho Chi Minh City,SGN,Vietnam Airlines,VN7290,1,11L,Landed,VN-A888,A359,passenger
2026-02-10,21:30,02:07,Dhaka,DAC,Cathay Pacific,CX48,0,11L,Landed,B-LIA,B744,cargo
2026-02-10,21:26,01:55,Ho Chi Minh City,SGN,Sun PhuQuoc Airways,9G872,1,11L,Landed,VN-A281,A21N,passenger
2026-02-10,21:24,01:47,Nha Trang,CXR,Vietnam Airlines,VN1562,1,11L,Landed,VN-A507,A21N,passenger
2026-02-10,21:05,01:47,Phu Quoc,PQC,Sun PhuQuoc Airways,9G1230,1,11L,Landed,VN-A286,A21N,passenger
2026-02-10,21:03,01:23,Bangkok,BKK,FedEx,FX6002,0,11L,Landed,N122FE,B763,cargo
2026-02-10,21:00,04:27,Denpasar,DPS,VietJet Air,VJ998,2,11L,Landed,VN-A528,A21N,passenger
2026-02-10,20:57,04:34,Seoul,ICN,Vietnam Airlines,VN415,2,11L,Landed,VN-A890,A359,passenger
2026-02-10,20:53,01:28,Bangkok,DMK,AirAsia,FD644,2,11L,Landed,HS-EAA,A21N,passenger
2026-02-10,20:51,01:47,Hong Kong,HKG,Hong Kong Air Cargo,RH317,0,11L,Landed,B-LNW,A332,cargo
2026-02-10,20:47,01:40,Ho Chi Minh City,SGN,DHL Air,3S621,0,11L,Landed,D-AALQ,B77L,cargo
2026-02-10,20:43,05:59,Tokyo,NRT,VietJet Air,VJ935,2,11L,Landed,VN-A523,A21N,passenger
2026-02-10,20:41,01:33,Shenzhen,SZX,China Southern Airlines,CZ8083,2,11L,Landed,B-9917,A320,passenger
2026-02-10,20:36,02:36,Taichung,RMQ,VietJet Air,VJ949,2,11L,Landed,VN-A552,A21N,passenger
2026-02-10,20:33,01:43,Phu Quoc,PQC,VietJet Air,VJ1440,1,11L,Landed,VN-A661,A321,passenger
2026-02-10,20:30,01:25,Bangkok,BKK,VietJet Air,VJ904,2,11L,Landed,VN-A684,A321,passenger
2026-02-10,20:27,01:40,Ho Chi Minh City,SGN,Vietnam Airlines,VN218,1,11L,Landed,VN-A877,B78X,passenger
2026-02-10,20:24,01:35,Da Lat,DLI,VietJet Air,VJ410,1,11L,Landed,VN-A671,A320,passenger
2026-02-10,20:21,01:23,Siem Reap,SAI,VietJet Air,VJ914,2,11L,Landed,VN-A539,A21N,passenger
2026-02-10,20:17,00:58,Da Nang,DAD,Vietnam Airlines,VN188,1,11L,Landed,VN-A515,A20N,passenger
2026-02-10,20:14,05:33,Tokyo,HND,Vietnam Airlines,VN385,2,11R,Landed,VN-A863,B789,passenger
2026-02-10,20:11,01:40,Ho Chi Minh City,SGN,Vietnam Airlines,VN254,1,11R,Landed,VN-A864,B789,passenger
2026-02-10,20:05,01:42,Ho Chi Minh City,SGN,VietJet Air,VJ172,1,11L,Landed,VN-A811,A333,passenger
2026-02-10,20:02,01:37,Yangon,RGN,Myanmar Airways International,8M450,2,11L,Landed,XY-ALP,E190,passenger
2026-02-10,19:59,01:39,Ho Chi Minh City,SGN,Vietnam Airlines,VN216,1,11L,Landed,VN-A886,A359,passenger
2026-02-10,19:56,01:49,Hong Kong,HKG,Hong Kong Airlines,HX528,2,11L,Landed,B-LPC,A320,passenger
2026-02-10,19:54,01:45,Ho Chi Minh City,SGN,Vietravel Airlines,VU780,1,11L,Landed,VN-A289,A321,passenger
2026-02-10,19:50,00:59,Hue,HUI,Vietnam Airlines,VN1544,1,11L,Landed,VN-A338,A321,passenger
2026-02-10,19:45,01:00,Da Nang,DAD,VietJet Air,VJ516,1,11L,Landed,VN-A650,A320,passenger
2026-02-10,19:42,01:17,Pleiku,PXU,VietJet Air,VJ424,1,11L,Landed,VN-A639,A321,passenger
2026-02-10,19:40,01:38,Chongqing,CKG,West Air,PN6423,2,11L,Landed,B-302F,A20N,passenger
2026-02-10,19:34,00:36,Vinh,VII,Vietnam Airlines,VN1718,1,11L,Landed,VN-A397,A321,passenger
2026-02-10,19:30,01:19,Siem Reap,SAI,Vietnam Airlines,VN836,2,11L,Landed,VN-A396,A321,passenger
2026-02-10,19:27,05:55,Doha,DOH,Qatar Airways,QR984,2,11L,Landed,A7-BHX,B789,passenger
2026-02-10,19:24,01:22,Bangkok,BKK,Thai Airways,TG564,2,11L,Landed,HS-TQF,B788,passenger
2026-02-10,19:21,01:44,Ho Chi Minh City,SGN,Transavia,VJ134,1,11L,Landed,LY-MLI,A320,passenger
2026-02-10,19:13,01:42,Ho Chi Minh City,SGN,VietJet Air,VJ152,1,11L,Landed,VN-A648,A321,passenger
2026-02-10,19:10,01:36,Ho Chi Minh City,SGN,Vietnam Airlines,VN252,1,11L,Landed,VN-A891,A359,passenger
2026-02-10,19:07,01:17,Qui Nhon,UIH,VietJet Air,VJ432,1,11L,Landed,VN-A672,A320,passenger
2026-02-10,19:02,01:42,Ho Chi Minh City,SGN,VietJet Air,VJ192,1,11L,Landed,VN-A814,A333,passenger
2026-02-10,19:00,05:13,Osaka,KIX,VietJet Air,VJ931,2,11L,Landed,VN-A580,A21N,passenger
2026-02-10,18:57,01:51,Changsha,CSX,China Southern Airlines,CZ8359,2,11L,Landed,B-32FU,A20N,passenger
2026-02-10,18:51,00:59,Da Nang,DAD,VietJet Air,VJ512,1,11L,Landed,VN-A516,A21N,passenger
2026-02-10,18:46,00:58,Da Nang,DAD,Vietnam Airlines,VN174,1,11L,Landed,VN-A332,A321,passenger
2026-02-10,18:43,01:43,Phu Quoc,PQC,Sun PhuQuoc Airways,9G1216,1,11L,Landed,VN-A284,A21N,passenger
2026-02-10,18:40,01:44,Ho Chi Minh City,SGN,Vietnam Airlines,VN248,1,11L,Landed,VN-A866,B789,passenger
2026-02-10,18:37,01:37,Nha Trang,CXR,Vietnam Airlines,VN1558,1,11L,Landed,VN-A622,A21N,passenger
2026-02-10,18:35,01:54,Guangzhou,CAN,China Southern Airlines,CZ8177,2,11L,Landed,B-6775,A320,passenger
2026-02-10,18:28,01:46,Ho Chi Minh City,SGN,Sun PhuQuoc Airways,9G854,1,11L,Landed,VN-A280,A321,passenger
2026-02-10,18:25,01:06,Luang Prabang,LPQ,Lao Airlines,QV313,2,11L,Landed,RDPL-34225,AT76,passenger
2026-02-10,18:22,01:44,Guangzhou,CAN,Vietnam Airlines,VN507,2,11L,Landed,VN-A327,A321,passenger
2026-02-10,18:13,03:36,Beijing,PEK,Vietnam Airlines,VN513,2,11L,Landed,VN-A399,A321,passenger
2026-02-10,18:10,01:33,Phnom Penh,KTI,Air Cambodia,K6850,2,11L,Landed,XU-353,A320,passenger
2026-02-10,18:07,01:34,Bangkok,BKK,Vietnam Airlines,VN614,2,11L,Landed,VN-A602,A321,passenger
2026-02-10,18:05,03:40,Shanghai,PVG,China Eastern Airlines,MU6013,2,11L,Landed,B-32KT,A21N,passenger
2026-02-10,18:01,05:35,Abu Dhabi,AUH,Etihad Airways,EY430,2,11L,Landed,A6-BLY,B789,passenger
2026-02-10,17:59,03:51,Jakarta,CGK,VietJet Air,VJ928,2,11L,Landed,VN-A669,A320,passenger
2026-02-10,17:56,03:20,Shanghai,PVG,Vietnam Airlines,VN533,2,N/A,Landed,VN-A616,A21N,passenger
2026-02-10,17:53,01:34,Nha Trang,CXR,VietJet Air,VJ784,1,11L,Landed,VN-A549,A21N,passenger
2026-02-10,17:49,01:45,Ho Chi Minh City,SGN,Vietnam Airlines,VN232,1,11L,Landed,VN-A879,B78X,passenger
2026-02-10,17:47,03:09,Singapore,SIN,Singapore Airlines,SQ194,2,11L,Landed,9V-MBC,B38M,passenger
2026-02-10,17:44,02:36,Kaohsiung,KHH,VietJet Air,VJ947,2,11L,Landed,VN-A683,A321,passenger
2026-02-10,17:39,01:43,Ho Chi Minh City,SGN,Vietnam Airlines,VN7200,1,11L,Landed,VN-A889,A359,passenger
2026-02-10,17:36,01:47,Ho Chi Minh City,SGN,VietJet Air,VJ194,1,11L,Landed,VN-A544,A321,passenger
2026-02-10,17:31,01:40,Nha Trang,CXR,Bamboo Airways,QH1416,1,11L,Landed,VN-A597,A321,passenger
2026-02-10,17:25,01:42,Ho Chi Minh City,SGN,Vietnam Airlines,VN7292,1,11L,Landed,VN-A873,B78X,passenger
2026-02-10,17:23,01:36,Bangkok,BKK,VietJet Air,VJ902,2,11L,Landed,VN-A542,A321,passenger
2026-02-10,17:20,00:57,Luang Prabang,LPQ,AirAsia,FD1038,2,11L,Landed,HS-BBG,A320,passenger
2026-02-10,17:17,01:47,Phu Quoc,PQC,N/A,VN6400,1,11L,Landed,VN-A363,A321,passenger
2026-02-10,17:14,04:44,Busan,PUS,VietJet Air,VJ957,2,11L,Landed,VN-A655,A320,passenger
2026-02-10,17:12,03:00,Singapore,SIN,VietJet Air,VJ916,2,11L,Landed,VN-A674,A21N,passenger
2026-02-10,17:09,05:04,Hiroshima,HIJ,VietJet Air,VJ953,2,N/A,Landed,VN-A675,A320,passenger
2026-02-10,17:06,01:45,Ho Chi Minh City,SGN,Vietnam Airlines,VN7248,1,11L,Landed,VN-A869,B789,passenger
2026-02-10,16:59,02:58,Taipei,TPE,EVA Air,BR385,2,11L,Landed,B-16213,A321,passenger
2026-02-10,16:56,01:32,Bangkok,BKK,China Airlines,CI6654,0,11L,Landed,B-18723,B744,cargo
2026-02-10,16:53,00:37,Dien Bien Phu,DIN,Vietnam Airlines,VN1805,1,11L,Landed,VN-A603,A321,passenger
2026-02-10,16:49,01:35,Da Lat,DLI,Bamboo Airways,QH1424,1,N/A,Landed,VN-A596,A20N,passenger
2026-02-10,16:38,03:29,Shanghai,PVG,Air China,CA755,2,11L,Landed,B-8502,A321,passenger
2026-02-10,16:32,02:12,Kolkata,CCU,IndiGo,6E1631,2,11L,Landed,VT-IFI,A320,passenger
2026-02-10,16:28,00:58,Da Nang,DAD,Vietnam Airlines,VN172,1,29R,Landed,VN-A329,A321,passenger
2026-02-10,16:26,02:53,Taipei,TPE,China Airlines,CI793,2,N/A,Landed,B-18117,A21N,passenger
2026-02-10,16:22,01:45,Ho Chi Minh City,SGN,Avion Express,VU778,1,11L,Landed,9H-MLW,A320,passenger
2026-02-10,16:20,01:35,Shenzhen,SZX,Shenzhen Airlines,ZH9112,2,11L,Landed,B-6780,A320,passenger
2026-02-10,16:16,01:38,Ho Chi Minh City,SGN,Vietnam Airlines,VN214,1,11L,Landed,VN-A872,B78X,passenger
2026-02-10,16:13,01:44,Ho Chi Minh City,SGN,Vietnam Airlines,VN7040,1,11L,Landed,VN-A612,A321,passenger
2026-02-10,16:10,01:50,Can Tho,VCA,Vietnam Airlines,VN1202,1,11L,Landed,VN-A392,A321,passenger
2026-02-10,16:06,01:45,Ho Chi Minh City,SGN,BBN Airlines Indonesia,QH242,1,N/A,Landed,PK-BBK,B739,passenger
2026-02-10,16:01,01:44,Ho Chi Minh City,SGN,VietJet Air,VJ138,1,11L,Landed,VN-A641,A321,passenger
2026-02-10,15:55,00:58,Da Nang,DAD,Vietnam Airlines,VN7164,1,11L,Landed,VN-A512,A21N,passenger
2026-02-10,15:52,00:47,Vientiane,VTE,Lao Airlines,QV311,2,29R,Landed,RDPL-34188,A320,passenger
2026-02-10,15:49,01:22,Tuy Hoa,TBB,Vietnam Airlines,VN1650,1,29R,Landed,VN-A507,A21N,passenger
2026-02-10,15:43,02:44,Singapore,SIN,Vietnam Airlines,VN660,2,11L,Landed,VN-A893,A359,passenger
2026-02-10,15:40,01:42,Hong Kong,HKG,Vietnam Airlines,VN593,2,11L,Landed,VN-A338,A321,passenger
2026-02-10,15:37,01:45,Phu Quoc,PQC,Sun PhuQuoc Airways,9G1208,1,11L,Landed,VN-A286,A21N,passenger
2026-02-10,15:34,01:44,Ho Chi Minh City,SGN,Sun PhuQuoc Airways,9G838,1,11L,Landed,VN-A279,A321,passenger
2026-02-10,15:31,00:59,Da Nang,DAD,Vietnam Airlines,VN170,1,11L,Landed,VN-A397,A321,passenger
2026-02-10,15:28,01:33,Da Lat,DLI,VietJet Air,VJ408,1,11L,Landed,VN-A671,A320,passenger
2026-02-10,15:25,01:50,Can Tho,VCA,VietJet Air,VJ462,1,29R,Landed,VN-A650,A320,passenger
2026-02-10,15:11,02:59,Taipei,TPE,VietJet Air,VJ941,2,11L,Landed,VN-A661,A321,passenger
2026-02-10,15:04,01:45,Ho Chi Minh City,SGN,Vietnam Airlines,VN212,1,11L,Landed,VN-A867,B789,passenger
2026-02-10,15:01,02:31,Xiamen,XMN,Xiamen Air,MF869,2,N/A,Landed,B-7823,B738,passenger
2026-02-10,14:58,01:19,Qui Nhon,UIH,Vietnam Airlines,VN1622,1,11L,Landed,VN-A501,A21N,passenger
2026-02-10,14:55,02:04,Con Dao,VCS,VietJet Air,VJ106,1,11L,Landed,B-652G,AJ27,passenger
2026-02-10,14:52,01:07,Kunming,KMG,China Eastern Airlines,MU9605,2,11L,Landed,B-6149,B738,passenger
2026-02-10,14:50,01:44,Ho Chi Minh City,SGN,Vietnam Airlines,VN7046,1,11L,Landed,VN-A505,A21N,passenger
2026-02-10,14:50,01:10,Chiang Mai,CNX,AirAsia,FD870,2,11L,Landed,HS-BBJ,A320,passenger
2026-02-10,14:42,01:34,Shenzhen,SZX,China Southern Airlines,CZ8469,2,N/A,Landed,B-9917,A320,passenger
2026-02-10,14:40,01:45,Guangzhou,CAN,China Southern Airlines,CZ8315,2,11L,Landed,B-8637,A20N,passenger
2026-02-10,14:37,01:36,Ho Chi Minh City,SGN,Vietnam Airlines,VN210,1,11L,Landed,VN-A894,A359,passenger
2026-02-10,14:30,02:44,Kuala Lumpur,KUL,VietJet Air,VJ906,2,11L,Landed,VN-A539,A21N,passenger
2026-02-10,14:28,02:54,Kuala Lumpur,KUL,AirAsia,AK512,2,29R,Landed,9M-AGF,A20N,passenger
2026-02-10,14:27,01:03,Da Nang,DAD,Vietnam Airlines,VN168,1,11L,Landed,VN-A396,A321,passenger
2026-02-10,14:21,01:30,Bangkok,BKK,Vietnam Airlines,VN610,2,11L,Landed,VN-A332,A321,passenger
2026-02-10,14:18,01:45,Ho Chi Minh City,SGN,VietJet Air,VJ144,1,29R,Landed,VN-A815,A333,passenger
2026-02-10,14:15,06:01,Tokyo,NRT,VietJet Air,VJ933,2,11L,Landed,VN-A812,A333,passenger
2026-02-10,14:12,03:34,Shanghai,PVG,China Eastern Airlines,MU6011,2,11L,Landed,B-6886,A321,passenger
2026-02-10,14:09,03:10,N/A,,N/A,JG2723,0,11L,Landed,B-224N,B738,cargo
2026-02-10,14:06,04:43,Seoul,ICN,VietJet Air,VJ961,2,11L,Landed,VN-A684,A321,passenger
2026-02-10,14:03,01:54,Ho Chi Minh City,SGN,Vietnam Airlines,VN7256,1,11L,Landed,VN-A326,A321,passenger
2026-02-10,14:00,01:10,Da Nang,DAD,VietJet Air,VJ508,1,11L,Landed,VN-A639,A321,passenger
2026-02-10,13:57,02:06,Ho Chi Minh City,SGN,Vietnam Airlines,VN246,1,11L,Landed,VN-A864,B789,passenger
2026-02-10,13:54,01:26,Da Nang,DAD,Vietnam Airlines,VN166,1,11L,Landed,VN-A358,A321,passenger
2026-02-10,13:53,05:56,Tokyo,NRT,Vietnam Airlines,VN311,2,11L,Landed,VN-A874,B78X,passenger
2026-02-10,13:49,05:30,Osaka,KIX,VietJet Air,VJ939,2,11L,Landed,VN-A547,A21N,passenger
2026-02-10,13:45,02:53,Kaohsiung,KHH,Vietnam Airlines,VN583,2,11L,Landed,VN-A603,A321,passenger
2026-02-10,13:43,05:41,Nagoya,NGO,VietJet Air,VJ921,2,N/A,Landed,VN-A516,A21N,passenger
2026-02-10,13:40,02:01,Phu Quoc,PQC,Sun PhuQuoc Airways,9G1204,1,N/A,Landed,VN-A281,A21N,passenger
2026-02-10,13:37,04:43,Seoul,ICN,Vietnam Airlines,VN417,2,11L,Landed,VN-A877,B78X,passenger
2026-02-10,13:34,01:46,Phnom Penh,KTI,Air Cambodia,K6854,2,11L,Landed,XU-350,A321,passenger
2026-02-10,13:31,01:03,N/A,,N/A,N/A,2,11L,Landed,VN-B469,C208,passenger
2026-02-10,13:28,01:15,Hue,HUI,VietJet Air,VJ566,1,11L,Landed,VN-A637,A321,passenger
2026-02-10,13:22,05:37,Nagoya,NGO,Vietnam Airlines,VN349,2,11L,Landed,VN-A886,A359,passenger
2026-02-10,13:19,03:06,Manila,MNL,Philippine Airlines,PR593,2,11L,Landed,RP-C9919,A321,passenger
2026-02-10,13:15,04:12,Delhi,DEL,IndiGo,6E1633,2,11L,Landed,VT-IPT,A20N,passenger
2026-02-10,13:12,01:40,Nha Trang,CXR,VietJet Air,VJ770,1,11L,Landed,VN-A552,A21N,passenger
2026-02-10,13:09,01:58,Ho Chi Minh City,SGN,Bamboo Airways,QH224,1,11L,Landed,JU-1410,A320,passenger
2026-02-10,12:57,05:49,Dubai,DXB,Emirates,EK394,2,29R,Landed,A6-ECY,B77W,passenger
2026-02-10,12:54,04:52,Fukuoka,FUK,VietJet Air,VJ959,2,11L,Landed,VN-A651,A321,passenger
2026-02-10,12:51,02:00,Phu Quoc,PQC,Sun PhuQuoc Airways,9G1202,1,11L,Landed,VN-A284,A21N,passenger
2026-02-10,12:48,01:59,Ho Chi Minh City,SGN,VietJet Air,VJ128,1,11L,Landed,VN-A820,A333,passenger
2026-02-10,12:45,03:05,Kuala Lumpur,KUL,Batik Air,OD571,2,11L,Landed,9M-LRS,B38M,passenger
2026-02-10,12:42,02:25,Dhaka,DAC,Ethiopian Airlines,ET678,2,11L,Landed,ET-ATJ,B788,passenger
2026-02-10,12:40,04:58,Seoul,ICN,Asiana Airlines,OZ729,2,11L,Landed,HL7755,B772,passenger
2026-02-10,12:37,01:43,Nha Trang,CXR,VietJet Air,VJ780,1,11L,Landed,VN-A549,A21N,passenger
2026-02-10,12:34,06:12,Doha,DOH,Qatar Airways,QR976,2,11L,Landed,A7-BHD,B789,passenger
2026-02-10,12:31,01:53,Ho Chi Minh City,SGN,Vietnam Airlines,VN7258,1,11L,Landed,VN-A622,A21N,passenger
2026-02-10,12:26,04:06,Beijing,PEK,Air China,CA741,2,11L,Landed,B-327U,A21N,passenger
2026-02-10,12:22,01:55,Ho Chi Minh City,SGN,VietJet Air,VJ186,1,11L,Landed,VN-A814,A333,passenger
2026-02-10,12:19,01:50,Ho Chi Minh City,SGN,Vietnam Airlines,VN7296,1,11L,Landed,VN-A866,B789,passenger
2026-02-10,12:16,01:55,Phu Quoc,PQC,VietJet Air,VJ440,1,11L,Landed,VN-A672,A320,passenger
2026-02-10,12:11,03:10,Kuala Lumpur,KUL,Malaysia Airlines,MH752,2,11L,Landed,9M-MXM,B738,passenger
2026-02-10,12:08,02:03,Can Tho,VCA,Vietnam Airlines,VN1200,1,11L,Landed,VN-A327,A321,passenger
2026-02-10,12:03,01:30,Qui Nhon,UIH,VietJet Air,VJ430,1,11L,Landed,VN-A644,A321,passenger
2026-02-10,12:00,01:42,Bangkok,DMK,AirAsia,FD640,2,11L,Landed,HS-BBP,A320,passenger
2026-02-10,11:54,03:50,Shanghai,PVG,Air China,CA703,2,11L,Landed,B-6825,A321,passenger
2026-02-10,11:52,01:48,Phu Quoc,PQC,Vietnam Airlines,VN1236,1,11L,Landed,VN-A602,A321,passenger
2026-02-10,11:49,01:42,Da Lat,DLI,Bamboo Airways,QH1422,1,11L,Landed,VN-A597,A321,passenger
2026-02-10,11:43,04:07,Mumbai,BOM,Turkish Airlines,TK6388,0,11L,Landed,TC-LJP,B77L,cargo
2026-02-10,11:39,02:56,Taipei,TPE,EVA Air,BR397,2,11L,Landed,B-16728,B77W,passenger
2026-02-10,11:37,01:10,Da Nang,DAD,N/A,VN6080,1,11L,Landed,VN-A363,A321,passenger
2026-02-10,11:34,05:05,Seoul,ICN,Korean Air,KE441,2,11L,Landed,HL8506,A21N,passenger
2026-02-10,11:31,01:51,Ho Chi Minh City,SGN,VietJet Air,VJ132,1,11L,Landed,VN-A632,A321,passenger
2026-02-10,11:29,00:55,Dong Hoi,VDH,Vietnam Airlines,VN1590,1,11L,Landed,VN-A329,A321,passenger
2026-02-10,11:25,01:06,Da Nang,DAD,Vietnam Airlines,VN164,1,11L,Landed,VN-A397,A321,passenger
2026-02-10,11:23,04:48,Busan,PUS,VietJet Air,VJ981,2,11L,Landed,VN-A542,A321,passenger
2026-02-10,11:19,01:46,Ho Chi Minh City,SGN,VietJet Air,VJ136,1,11L,Landed,VN-A683,A321,passenger
2026-02-10,11:16,01:51,Hong Kong,HKG,Cathay Pacific,CX741,2,11L,Landed,B-HNW,B773,passenger
2026-02-10,11:12,01:18,Pleiku,PXU,Vietnam Airlines,VN1614,1,11L,Landed,VN-A512,A21N,passenger
2026-02-10,11:09,02:55,Singapore,SIN,Singapore Airlines,SQ192,2,11L,Landed,9V-SHL,A359,passenger
2026-02-10,11:08,01:28,Buon Ma Thuot,BMV,Vietnam Airlines,VN1602,1,11L,Landed,VN-A503,A21N,passenger
2026-02-10,11:05,01:33,Da Lat,DLI,Vietnam Airlines,VN1572,1,11L,Landed,VN-A515,A20N,passenger
2026-02-10,11:01,01:41,Phu Quoc,PQC,VietJet Air,VJ442,1,11L,Landed,VN-A635,A321,passenger
2026-02-10,10:52,03:17,Shanghai,PVG,Air China Cargo,N/A,0,11L,Landed,B-2475,B744,cargo
2026-02-10,10:47,02:37,Taipei,TPE,China Airlines,CI791,2,11L,Landed,B-18307,A333,passenger
2026-02-10,10:43,01:00,Da Nang,DAD,Bamboo Airways,QH104,1,11L,Landed,VN-A596,A20N,passenger
2026-02-10,10:41,01:40,Ho Chi Minh City,SGN,VietJet Air,VJ184,1,11L,Landed,VN-A817,A333,passenger
2026-02-10,10:38,01:49,Guangzhou,CAN,China Southern Airlines,CZ3049,2,11L,Landed,B-306G,A20N,passenger
2026-02-10,10:34,01:13,Chu Lai,VCL,Vietnam Airlines,VN1640,1,11L,Landed,VN-A507,A21N,passenger
2026-02-10,10:31,01:02,Da Nang,DAD,VietJet Air,VJ504,1,11L,Landed,VN-A671,A320,passenger
2026-02-10,10:28,01:43,Ho Chi Minh City,SGN,Vietnam Airlines,VN208,1,11L,Landed,VN-A869,B789,passenger
2026-02-10,10:26,02:51,Taipei,TPE,STARLUX,JX715,2,11L,Landed,B-58203,A21N,passenger
2026-02-10,10:22,01:43,Ho Chi Minh City,SGN,Pegasus,VJ148,1,11L,Landed,LY-NVE,A320,passenger
2026-02-10,10:18,10:29,Leipzig,LEJ,DHL Air,QY578,0,11L,Landed,D-ALMG,A333,cargo
2026-02-10,10:08,01:41,Ho Chi Minh City,SGN,Sun PhuQuoc Airways,9G808,1,11L,Landed,VN-A286,A21N,passenger
2026-02-10,10:04,01:30,Da Lat,DLI,VietJet Air,VJ402,1,11L,Landed,VN-A668,A320,passenger
2026-02-10,10:00,02:27,Kaohsiung,KHH,Vietnam Airlines,VN587,2,11L,Landed,VN-A392,A321,passenger
2026-02-10,09:52,01:38,Ho Chi Minh City,SGN,Vietnam Airlines,VN7016,1,11L,Landed,VN-A896,A359,passenger
2026-02-10,09:48,01:23,Buon Ma Thuot,BMV,VietJet Air,VJ492,1,11L,Landed,VN-A639,A321,passenger
2026-02-10,09:41,01:40,Ho Chi Minh City,SGN,Vietnam Airlines,VN7202,1,11L,Landed,VN-A501,A21N,passenger
2026-02-10,09:36,01:16,Pleiku,PXU,VietJet Air,VJ422,1,11L,Landed,VN-A637,A321,passenger
2026-02-10,09:33,00:39,Vinh,VII,Vietnam Airlines,VN1716,1,11L,Landed,VN-A396,A321,passenger
2026-02-10,09:30,02:45,Taipei,TPE,Vietnam Airlines,VN579,2,11L,Landed,VN-A338,A321,passenger
2026-02-10,09:18,01:42,Ho Chi Minh City,SGN,Vietnam Airlines,VN240,1,11L,Landed,VN-A890,A359,passenger
2026-02-10,09:15,04:34,Seoul,ICN,VietJet Air,VJ963,2,11L,Landed,VN-A528,A21N,passenger
2026-02-10,09:11,00:59,Da Nang,DAD,Vietnam Airlines,VN158,1,11L,Landed,VN-A331,A321,passenger
2026-02-10,09:08,01:41,Ho Chi Minh City,SGN,Vietravel Airlines,VU774,1,11L,Landed,VN-A136,A320,passenger
2026-02-10,09:02,00:53,Hue,HUI,Vietnam Airlines,VN1540,1,11L,Landed,VN-A358,A321,passenger
2026-02-10,08:58,01:42,Hong Kong,HKG,HK express,UO540,2,11L,Landed,B-KKB,A21N,passenger
2026-02-10,08:49,01:25,Bangkok,DMK,AirAsia,FD642,2,N/A,Landed,HS-BBU,A320,passenger
2026-02-10,08:45,01:42,Ho Chi Minh City,SGN,Sun PhuQuoc Airways,9G806,1,11L,Landed,VN-A279,A321,passenger
2026-02-10,08:34,01:21,Bangkok,BKK,K-Mile Air,8K525,0,11L,Landed,HS-KME,B738,cargo
2026-02-10,08:31,01:35,Shenzhen,SZX,Shenzhen Airlines,ZH101,2,11L,Landed,B-8409,A320,passenger
2026-02-10,08:25,01:41,Ho Chi Minh City,SGN,VietJet Air,VJ126,1,11L,Landed,VN-A674,A21N,passenger
2026-02-10,08:19,01:41,Ho Chi Minh City,SGN,Vietnam Airlines,VN7042,1,11L,Landed,VN-A616,A21N,passenger
2026-02-10,08:13,02:51,Kuala Lumpur,KUL,AirAsia,AK516,2,11L,Landed,9M-AQI,A320,passenger
2026-02-10,08:09,04:22,Seoul,ICN,Air Zeta,KJ933,0,11L,Landed,HL7620,B744,cargo
2026-02-10,08:06,01:44,Ho Chi Minh City,SGN,Vietnam Airlines,VN206,1,11L,Landed,VN-A325,A321,passenger
2026-02-10,08:02,01:43,Ho Chi Minh City,SGN,Bamboo Airways,QH202,1,11L,Landed,VN-A227,A321,passenger
2026-02-10,07:56,01:43,Ho Chi Minh City,SGN,Vietravel Airlines,VU750,1,11L,Landed,VN-A289,A321,passenger
2026-02-10,07:49,01:39,Ho Chi Minh City,SGN,VietJet Air,VJ124,1,11L,Landed,VN-A815,A333,passenger
2026-02-10,07:45,04:43,Seoul,ICN,Air Zeta,KJ375,0,11L,Landed,HL8319,B738,cargo
2026-02-10,07:39,00:57,Da Nang,DAD,Vietnam Airlines,VN156,1,11L,Landed,VN-A332,A321,passenger
2026-02-10,07:36,01:00,Da Nang,DAD,VietJet Air,VJ524,1,11L,Landed,VN-A644,A321,passenger
2026-02-10,07:22,02:58,Manila,MNL,Cebu Pacific,5J744,2,11L,Landed,RP-C4124,A21N,passenger
2026-02-10,07:07,01:40,Ho Chi Minh City,SGN,VietJet Air,VJ122,1,11L,Landed,VN-A551,A21N,passenger
2026-02-10,07:02,02:50,Manila,MNL,Vietnam Airlines,VN646,2,11L,Landed,VN-A399,A321,passenger
2026-02-10,06:58,01:44,Ho Chi Minh City,SGN,N/A,VN6002,1,11L,Landed,VN-A363,A321,passenger
2026-02-10,06:49,05:49,Doha,DOH,Qatar Airways,QR982,2,11L,Landed,A7-BHS,B789,passenger
2026-02-10,06:45,00:57,Da Nang,DAD,VietJet Air,VJ502,1,11L,Landed,VN-A661,A321,passenger
2026-02-10,06:36,01:42,Ho Chi Minh City,SGN,Vietnam Airlines,VN7214,1,11L,Landed,VN-A512,A21N,passenger
2026-02-10,06:29,07:50,Istanbul,IST,Turkish Airlines,TK252,2,11L,Landed,TC-LLD,B789,passenger
2026-02-10,06:16,01:39,Ho Chi Minh City,SGN,Vietnam Airlines,VN7210,1,11L,Landed,VN-A397,A321,passenger
2026-02-10,06:06,03:52,Jakarta,CGK,Vietnam Airlines,VN634,2,11L,Landed,VN-A329,A321,passenger
2026-02-10,06:01,01:39,Ho Chi Minh City,SGN,Bamboo Airways,QH294,1,11L,Landed,VN-A585,A321,passenger
2026-02-10,05:53,09:33,Frankfurt,FRA,Vietnam Airlines,VN36,2,11L,Landed,VN-A863,B789,passenger
2026-02-10,05:38,10:07,Paris,CDG,Vietnam Airlines,VN18,2,11L,Landed,VN-A893,A359,passenger
2026-02-10,05:35,01:41,Ho Chi Minh City,SGN,Bamboo Airways,QH292,1,11L,Landed,VN-A596,A20N,passenger
2026-02-10,05:27,03:45,Ahmedabad,AMD,VietJet Air,VJ1926,2,11L,Landed,VN-A669,A320,passenger
2026-02-10,05:15,01:35,Guangzhou,CAN,FedEx,FX6001,0,11L,Landed,N122FE,B763,cargo
2026-02-10,05:12,03:24,Delhi,DEL,Vietnam Airlines,VN980,2,11L,Landed,VN-A866,B789,passenger
2026-02-10,05:07,03:13,Shanghai,PVG,VietJet Air,VJ7239,2,11L,Landed,VN-A668,A320,passenger
2026-02-10,04:50,10:20,London,LHR,Vietnam Airlines,VN56,2,11L,Landed,VN-A864,B789,passenger
2026-02-10,04:25,03:26,Beijing,PKX,VietJet Air,VJ7713,2,11L,Landed,VN-A500,A21N,passenger
2026-02-10,04:18,01:37,Guangzhou,CAN,VietJet Air,VJ7527,2,11L,Landed,VN-A639,A321,passenger
2026-02-10,04:07,09:22,Munich,MUC,Vietnam Airlines,VN34,2,11L,Landed,VN-A861,B789,passenger
2026-02-10,04:05,01:37,Ho Chi Minh City,SGN,Vietnam Airlines,VN7024,1,11L,Landed,VN-A897,A359,passenger
2026-02-10,03:41,01:43,Ho Chi Minh City,SGN,Vietravel Airlines,VU702,1,11L,Landed,VN-A129,A321,passenger
2026-02-10,03:25,03:31,Shanghai,PVG,China Eastern Airlines,MU7235,2,11L,Landed,B-32HX,A21N,passenger
2026-02-10,03:22,01:37,Ho Chi Minh City,SGN,Sun PhuQuoc Airways,9G8802,1,11L,Landed,VN-A280,A321,passenger
2026-02-10,03:14,01:43,Ho Chi Minh City,SGN,Vietnam Airlines,VN270,1,11L,Landed,VN-A603,A321,passenger
2026-02-10,03:04,04:19,Seoul,ICN,Atlas Air,5Y8242,0,11L,Landed,N405KZ,B744,cargo
2026-02-10,02:43,02:24,Xi'an,XIY,VietJet Air,VJ7343,2,11L,Landed,VN-A655,A320,passenger
2026-02-10,02:13,01:40,Chengdu,TFU,VietJet Air,VJ7307,2,11L,Landed,VN-A675,A320,passenger
2026-02-10,02:09,04:20,Seoul,ICN,Korean Air,KE361,0,11L,Landed,HL7603,B744,cargo
2026-02-10,01:50,01:43,Ho Chi Minh City,SGN,Vietravel Airlines,VU782,1,11L,Landed,VN-A136,A320,passenger
2026-02-10,01:40,04:23,Seoul,ICN,Air Zeta,KJ391,0,11L,Landed,HL7507,B763,cargo
2026-02-10,01:35,01:47,Ho Chi Minh City,SGN,VietJet Air,VJ178,1,11L,Landed,VN-A697,A21N,passenger
2026-02-10,01:32,01:47,Ho Chi Minh City,SGN,VietJet Air,VJ182,1,11L,Landed,VN-A649,A321,passenger
2026-02-10,01:28,03:24,Shanghai,PVG,China Eastern Airlines,MU5075,2,11L,Landed,B-7966,B738,passenger
2026-02-10,01:26,01:46,Ho Chi Minh City,SGN,Sun PhuQuoc Airways,9G886,1,11L,Landed,VN-A284,A21N,passenger
2026-02-10,01:22,03:07,Manila,MNL,Cebu Pacific,5J746,2,11L,Landed,RP-C4123,A21N,passenger
2026-02-10,01:19,04:16,Seoul,ICN,Kalitta Air,K4604,0,11L,Landed,N768CK,B744,cargo
2026-02-10,01:15,03:35,Delhi,DEL,SF Airlines,O3168,0,11L,Landed,B-226X,B763,cargo
2026-02-10,01:11,03:41,Qingdao,TAO,Shandong Airlines,SC4649,2,11L,Landed,B-5352,B738,passenger
2026-02-10,01:07,01:40,Ho Chi Minh City,SGN,Sun PhuQuoc Airways,9G8894,1,11L,Landed,VN-A282,A21N,passenger
2026-02-10,01:04,01:04,Da Nang,DAD,VietJet Air,VJ520,1,11L,Landed,VN-A552,A21N,passenger
2026-02-10,01:01,02:53,Manila,MNL,Philippine Airlines,PR595,2,11L,Landed,RP-C9928,A321,passenger
2026-02-10,00:58,02:41,Zhengzhou,CGO,China Southern Airlines,CZ5029,2,11L,Landed,B-1979,B738,passenger
2026-02-10,00:55,01:34,Shenzhen,SZX,Shenzhen Airlines,ZH107,2,11L,Landed,B-8409,A320,passenger
2026-02-10,00:51,03:25,Shanghai,PVG,Juneyao Air,HO1329,2,11L,Landed,B-30CT,A20N,passenger
2026-02-10,00:41,,Jinan,TNA,,,2,,Landed,,,unknown
2026-02-10,00:37,00:57,Da Nang,DAD,Vietnam Airlines,VN7192,1,11L,Landed,VN-A601,A321,passenger
2026-02-10,00:33,01:44,Ho Chi Minh City,SGN,Sun PhuQuoc Airways,9G882,1,11L,Landed,VN-A279,A321,passenger
2026-02-10,00:23,04:38,Seoul,ICN,Jeju Air,7C2201,2,11L,Landed,HL8555,B38M,passenger
2026-02-10,00:11,01:40,Ho Chi Minh City,SGN,VietJet Air,VJ164,1,11L,Landed,VN-A812,A333,passenger
2026-02-11,23:59,00:59,Da Nang,DAD,VietJet Air,VJ520,1,11L,Landed,VN-A693,A21N,passenger
2026-02-11,23:56,02:53,Kuala Lumpur,KUL,MJets Air,WW220,0,11L,Landed,9M-WWA,B738,cargo
2026-02-11,23:53,05:52,Tokyo,NRT,All Nippon Airways,NH8447,0,11L,Landed,JA602F,B763,cargo
2026-02-11,23:50,01:40,Ho Chi Minh City,SGN,VietJet Air,VJ166,1,11L,Landed,VN-A634,A321,passenger
2026-02-11,23:47,00:53,Hue,HUI,Vietnam Airlines,VN1548,1,11L,Landed,VN-A603,A321,passenger
2026-02-11,23:38,01:14,Qui Nhon,UIH,Bamboo Airways,QH1215,1,11L,Landed,VN-A596,A20N,passenger
2026-02-11,23:29,00:58,Hue,HUI,Vietnam Airlines,VN1544,1,11L,Landed,VN-A612,A321,passenger
2026-02-11,23:26,01:54,Ho Chi Minh City,SGN,VietJet Air,VJ154,1,11L,Landed,VN-A544,A321,passenger
2026-02-11,23:24,04:31,Busan,PUS,Air Busan,BX7395,2,11L,Landed,HL8525,A21N,passenger
2026-02-11,23:19,01:38,Ho Chi Minh City,SGN,Bamboo Airways,QH262,1,11L,Landed,VN-A227,A321,passenger
2026-02-11,23:13,01:35,Ho Chi Minh City,SGN,Vietnam Airlines,VN220,1,11L,Landed,VN-A889,A359,passenger
2026-02-11,23:10,01:23,Buon Ma Thuot,BMV,VietJet Air,VJ1492,1,11L,Landed,VN-A547,A21N,passenger
2026-02-11,23:07,01:44,Guangzhou,CAN,China Southern Airlines,CZ371,2,11L,Landed,B-1585,B738,passenger
2026-02-11,23:05,02:05,Chengdu,TFU,Sichuan Airlines,3U3905,2,11L,Landed,B-6770,A320,passenger
2026-02-11,23:01,05:53,Tokyo,NRT,Japan Airlines,JL751,2,11L,Landed,JA606J,B763,passenger
2026-02-11,22:57,01:52,Ho Chi Minh City,SGN,Vietnam Airlines,VN258,1,11L,Landed,VN-A871,B789,passenger
2026-02-11,22:46,04:36,Busan,PUS,T'way Air,TW65,2,11L,Landed,HL8547,B738,passenger
2026-02-11,22:43,01:51,Ho Chi Minh City,SGN,Sun PhuQuoc Airways,9G868,1,11L,Landed,VN-A280,A321,passenger
2026-02-11,22:41,02:53,Taipei,TPE,VietJet Air,VJ943,2,11L,Landed,VN-A528,A21N,passenger
2026-02-11,22:38,02:42,Kuala Lumpur,KUL,Vietnam Airlines,VN680,2,11L,Landed,VN-A621,A21N,passenger
2026-02-11,22:36,05:46,Tokyo,NRT,All Nippon Airways,NH897,2,11L,Landed,JA928A,B789,passenger
2026-02-11,22:33,04:11,Seoul,ICN,Korean Air,KE447,2,11L,Landed,HL8570,B78X,passenger
2026-02-11,22:30,01:27,Macau,MFM,Air Macau,NX982,2,11L,Landed,B-MCC,A321,passenger
2026-02-11,22:19,00:59,Hue,HUI,VietJet Air,VJ568,1,11L,Landed,VN-A671,A320,passenger
2026-02-11,22:17,04:14,Seoul,ICN,Asiana Airlines,OZ733,2,11L,Landed,HL8079,A359,passenger
2026-02-11,22:09,01:45,Ho Chi Minh City,SGN,Sun PhuQuoc Airways,9G872,1,11L,Landed,VN-A281,A21N,passenger
2026-02-11,22:06,01:47,Ho Chi Minh City,SGN,VietJet Air,VJ160,1,11L,Landed,VN-A645,A321,passenger
2026-02-11,22:02,01:41,Ho Chi Minh City,SGN,Vietnam Airlines,VN218,1,11L,Landed,VN-A897,A359,passenger
2026-02-11,21:56,00:57,Da Nang,DAD,N/A,VN6070,1,11L,Landed,VN-A363,A321,passenger
2026-02-11,21:44,01:31,Phnom Penh,KTI,Vietnam Airlines,VN922,2,11L,Landed,VN-A602,A321,passenger
2026-02-11,21:36,05:39,Tokyo,NRT,VietJet Air,VJ935,2,11L,Landed,VN-A523,A21N,passenger
2026-02-11,21:34,04:34,Denpasar,DPS,VietJet Air,VJ998,2,11L,Landed,VN-A552,A21N,passenger
2026-02-11,21:27,01:34,Bangkok,BKK,FedEx,FX6002,0,11L,Landed,N117FE,B763,cargo
2026-02-11,21:23,01:41,Nha Trang,CXR,Vietnam Airlines,VN1562,1,11L,Landed,VN-A613,A321,passenger
2026-02-11,21:21,01:50,Phu Quoc,PQC,Sun PhuQuoc Airways,9G1230,1,11L,Landed,VN-A286,A21N,passenger
2026-02-11,21:18,01:23,Qui Nhon,UIH,Vietnam Airlines,VN7620,1,11L,Landed,VN-A618,A21N,passenger
2026-02-11,21:15,01:45,Ho Chi Minh City,SGN,Vietnam Airlines,VN7240,1,11L,Landed,VN-A896,A359,passenger
2026-02-11,21:12,01:05,Da Nang,DAD,Vietravel Airlines,VU658,1,11L,Landed,VN-A129,A321,passenger
2026-02-11,21:10,01:52,Ho Chi Minh City,SGN,VietJet Air,VJ158,1,11L,Landed,VN-A516,A21N,passenger
2026-02-11,21:07,02:39,Taichung,RMQ,VietJet Air,VJ949,2,11L,Landed,VN-A546,A21N,passenger
2026-02-11,21:04,00:50,Vientiane,VTE,Vietnam Airlines,VN920,2,11L,Landed,VN-A331,A321,passenger
2026-02-11,21:01,01:45,Ho Chi Minh City,SGN,Vietnam Airlines,VN7040,1,11L,Landed,VN-A327,A321,passenger
2026-02-11,20:59,01:46,Ho Chi Minh City,SGN,Vietnam Airlines,VN7018,1,11L,Landed,VN-A879,B78X,passenger
2026-02-11,20:56,01:02,Da Nang,DAD,Vietnam Airlines,VN188,1,11L,Landed,VN-A515,A20N,passenger
2026-02-11,20:53,01:40,Da Lat,DLI,VietJet Air,VJ408,1,11L,Landed,VN-A672,A320,passenger
2026-02-11,20:51,03:28,Beijing,PEK,Hai Au Aviation,HAI488,2,11L,Landed,VN-A488,FA8X,business jet
2026-02-11,20:48,01:26,Siem Reap,SAI,VietJet Air,VJ914,2,11L,Landed,VN-A635,A321,passenger
2026-02-11,20:45,08:48,Sydney,SYD,Vietnam Airlines,VN786,2,11L,Landed,VN-A890,A359,passenger
2026-02-11,20:42,01:21,Bangkok,BKK,Vietnam Airlines,VN618,2,11L,Landed,VN-A335,A321,passenger
2026-02-11,20:39,01:35,Ho Chi Minh City,SGN,Vietnam Airlines,VN7290,1,11L,Landed,VN-A872,B78X,passenger
2026-02-11,20:33,01:28,Shenzhen,SZX,China Southern Airlines,CZ8083,2,11L,Landed,B-2287,A321,passenger
2026-02-11,20:30,04:17,Seoul,ICN,Vietnam Airlines,VN415,2,11L,Landed,VN-A892,A359,passenger
2026-02-11,20:27,01:30,Bangkok,DMK,AirAsia,FD644,2,11L,Landed,HS-EAD,A21N,passenger
2026-02-11,20:25,05:35,Tokyo,HND,Vietnam Airlines,VN385,2,11L,Landed,VN-A868,B789,passenger
2026-02-11,20:21,,Phu Quoc,PQC,VietJet Air,VJ1440,1,11L,Landed,VN-A683,A321,passenger
2026-02-11,20:19,01:42,Ho Chi Minh City,SGN,Vietravel Airlines,VU780,1,11L,Landed,VN-A136,A320,passenger
2026-02-11,20:06,00:40,Luang Prabang,LPQ,Vietnam Airlines,VN930,2,11L,Landed,VN-A399,A321,passenger
2026-02-11,20:04,01:34,Yangon,RGN,Myanmar Airways International,8M450,2,11L,Landed,XY-ALZ,A319,passenger
2026-02-11,20:00,01:39,Chongqing,CKG,West Air,PN6423,2,11L,Landed,B-6811,A320,passenger
2026-02-11,19:57,01:35,Ho Chi Minh City,SGN,Vietnam Airlines,VN232,1,11L,Landed,VN-A888,A359,passenger
2026-02-11,19:54,01:33,Da Lat,DLI,VietJet Air,VJ410,1,11L,Landed,VN-A650,A320,passenger
2026-02-11,19:51,00:40,Vinh,VII,Vietnam Airlines,VN1718,1,11L,Landed,VN-A603,A321,passenger
2026-02-11,19:48,03:43,Jakarta,CGK,China Airlines,CI5870,0,11L,Landed,B-18721,B744,cargo
2026-02-11,19:46,01:45,Ho Chi Minh City,SGN,VietJet Air,VJ146,1,11L,Landed,VN-A815,A333,passenger
2026-02-11,19:41,01:46,Ho Chi Minh City,SGN,Vietnam Airlines,VN7046,1,11L,Landed,VN-A356,A321,passenger
2026-02-11,19:39,01:03,Da Nang,DAD,VietJet Air,VJ516,1,11L,Landed,VN-A675,A320,passenger
2026-02-11,19:35,01:38,Ho Chi Minh City,SGN,Vietnam Airlines,VN252,1,11L,Landed,VN-A869,B789,passenger
2026-02-11,19:30,01:14,Pleiku,PXU,VietJet Air,VJ424,1,11L,Landed,VN-A648,A321,passenger
2026-02-11,19:25,01:49,Changsha,CSX,China Southern Airlines,CZ8359,2,11L,Landed,B-322V,A20N,passenger
2026-02-11,19:19,01:38,Ho Chi Minh City,SGN,Vietnam Airlines,VN254,1,11L,Landed,VN-A867,B789,passenger
2026-02-11,19:16,01:23,Siem Reap,SAI,Vietnam Airlines,VN836,2,11L,Landed,VN-A612,A321,passenger
2026-02-11,19:10,01:45,Ho Chi Minh City,SGN,VietJet Air,VJ152,1,11L,Landed,VN-A693,A21N,passenger
2026-02-11,19:05,02:27,Guwahati,GAU,Quikjet Cargo Airlines,QO354,0,11L,Landed,VT-BAZ,B738,cargo
2026-02-11,19:01,03:23,Beijing,PEK,Vietnam Airlines,VN513,2,11L,Landed,VN-A390,A321,passenger
2026-02-11,18:52,01:49,Hong Kong,HKG,Hong Kong Airlines,HX528,2,11L,Landed,B-LPE,A320,passenger
2026-02-11,18:49,01:01,Da Nang,DAD,Vietnam Airlines,VN174,1,11L,Landed,VN-A393,A321,passenger
2026-02-11,18:46,01:39,Hong Kong,HKG,Cathay Pacific,CX743,2,11L,Landed,B-HNM,B773,passenger
2026-02-11,18:35,03:10,Shanghai,PVG,Vietnam Airlines,VN533,2,11L,Landed,VN-A623,A21N,passenger
2026-02-11,18:32,01:24,Buon Ma Thuot,BMV,Vietnam Airlines,VN7602,1,11R,Landed,VN-A608,A321,passenger
2026-02-11,18:24,01:38,Shenzhen,SZX,Shenzhen Airlines,ZH105,2,11L,Landed,B-1477,B738,passenger
2026-02-11,18:22,01:44,Guangzhou,CAN,China Southern Airlines,CZ8177,2,11L,Landed,B-6776,A320,passenger
2026-02-11,18:18,01:31,Nha Trang,CXR,Vietnam Airlines,VN1558,1,11L,Landed,VN-A616,A21N,passenger
2026-02-11,18:14,01:31,Phnom Penh,KTI,Air Cambodia,K6850,2,11L,Landed,XU-350,A321,passenger
2026-02-11,18:11,01:49,Ho Chi Minh City,SGN,BBN Airlines Indonesia,QH242,1,11L,Landed,PK-BBK,B739,passenger
2026-02-11,18:04,01:40,Phu Quoc,PQC,Sun PhuQuoc Airways,9G1216,1,11L,Landed,VN-A284,A21N,passenger
2026-02-11,17:57,03:49,Jakarta,CGK,VietJet Air,VJ928,2,11L,Landed,VN-A656,A320,passenger
2026-02-11,17:54,00:54,Luang Prabang,LPQ,Lao Airlines,QV313,2,11L,Landed,RDPL-34225,AT76,passenger
2026-02-11,17:51,01:42,Ho Chi Minh City,SGN,Sun PhuQuoc Airways,9G854,1,11L,Landed,VN-A279,A321,passenger
2026-02-11,17:47,01:22,Bangkok,BKK,Vietnam Airlines,VN614,2,11L,Landed,VN-A397,A321,passenger
2026-02-11,17:44,02:49,Singapore,SIN,VietJet Air,VJ916,2,11L,Landed,VN-A580,A21N,passenger
2026-02-11,17:42,02:30,Kaohsiung,KHH,VietJet Air,VJ947,2,11L,Landed,VN-A651,A321,passenger
2026-02-11,17:38,01:01,Da Nang,DAD,VietJet Air,VJ514,1,11L,Landed,VN-A641,A321,passenger
2026-02-11,17:37,03:34,Shanghai,PVG,China Eastern Airlines,MU6013,2,11L,Landed,B-32LX,A21N,passenger
2026-02-11,17:33,01:43,Ho Chi Minh City,SGN,VietJet Air,VJ194,1,11L,Landed,VN-A534,A21N,passenger
2026-02-11,17:30,01:48,Ho Chi Minh City,SGN,Vietnam Airlines,VN7230,1,11L,Landed,VN-A866,B789,passenger
2026-02-11,17:28,00:50,Luang Prabang,LPQ,AirAsia,FD1038,2,11L,Landed,HS-ABZ,A320,passenger
2026-02-11,17:26,01:45,Guangzhou,CAN,Vietnam Airlines,VN507,2,11L,Landed,VN-A338,A321,passenger
2026-02-11,17:22,02:55,Taipei,TPE,STARLUX,JX717,2,11L,Landed,B-58211,A21N,passenger
2026-02-11,17:18,01:40,Ho Chi Minh City,SGN,Vietnam Airlines,VN250,1,11L,Landed,VN-A886,A359,passenger
2026-02-11,17:16,01:43,Ho Chi Minh City,SGN,Vietnam Airlines,VN7292,1,11L,Landed,VN-A878,B78X,passenger
2026-02-11,17:13,01:51,Phu Quoc,PQC,N/A,VN6400,1,11L,Landed,VN-A363,A321,passenger
2026-02-11,17:10,02:59,Singapore,SIN,Singapore Airlines,SQ194,2,11L,Landed,9V-SHK,A359,passenger
2026-02-11,17:07,02:55,Singapore,SIN,China Cargo Airlines,CK288,0,11L,Landed,B-220F,B77L,cargo
2026-02-11,17:04,04:29,Busan,PUS,VietJet Air,VJ957,2,11L,Landed,VN-A671,A320,passenger
2026-02-11,16:59,02:49,Taipei,TPE,EVA Air,BR385,2,11L,Landed,B-16220,A321,passenger
2026-02-11,16:53,01:53,Ho Chi Minh City,SGN,VietJet Air,VJ138,1,11L,Landed,VN-A539,A21N,passenger
2026-02-11,16:50,00:53,Dien Bien Phu,DIN,Vietnam Airlines,VN1805,1,11L,Landed,VN-A332,A321,passenger
2026-02-11,16:47,01:49,Ho Chi Minh City,SGN,Vietravel Airlines,VU770,1,11L,Landed,VN-A129,A321,passenger
2026-02-11,16:44,02:22,Kolkata,CCU,IndiGo,6E1631,2,11L,Landed,VT-IQL,A20N,passenger
2026-02-11,16:40,03:20,Shanghai,PVG,Air China,CA755,2,11L,Landed,B-8502,A321,passenger
2026-02-11,16:36,01:41,Da Lat,DLI,Vietnam Airlines,VN1574,1,11L,Landed,VN-A515,A20N,passenger
2026-02-11,16:31,02:56,Taipei,TPE,China Airlines,CI793,2,11L,Landed,B-18111,A21N,passenger
2026-02-11,16:26,01:43,Ho Chi Minh City,SGN,Avion Express,VU778,1,11L,Landed,9H-MLW,A320,passenger
2026-02-11,16:23,00:57,Da Nang,DAD,Vietnam Airlines,VN172,1,11L,Landed,VN-A602,A321,passenger
2026-02-11,16:17,00:58,Da Nang,DAD,Vietnam Airlines,VN7164,1,11L,Landed,VN-A357,A321,passenger
2026-02-11,16:12,01:22,Tuy Hoa,TBB,Vietnam Airlines,VN1650,1,11L,Landed,VN-A613,A321,passenger
2026-02-11,16:03,01:37,Hong Kong,HKG,Vietnam Airlines,VN593,2,11L,Landed,VN-A392,A321,passenger
2026-02-11,15:58,01:33,Da Lat,DLI,VietJet Air,VJ404,1,11L,Landed,VN-A672,A320,passenger
2026-02-11,15:54,01:33,Nha Trang,CXR,VietJet Air,VJ774,1,11L,Landed,VN-A635,A321,passenger
2026-02-11,15:51,00:49,Vientiane,VTE,Lao Airlines,QV311,2,11L,Landed,RDPL-34199,A320,passenger
2026-02-11,15:49,01:42,Ho Chi Minh City,SGN,Pegasus,VJ188,1,11L,Landed,LY-NVE,A320,passenger
2026-02-11,15:44,01:38,Phu Quoc,PQC,Sun PhuQuoc Airways,9G1208,1,11L,Landed,VN-A286,A21N,passenger
2026-02-11,15:41,01:46,Can Tho,VCA,VietJet Air,VJ460,1,11L,Landed,VN-A544,A321,passenger
2026-02-11,15:36,01:40,Ho Chi Minh City,SGN,Vietnam Airlines,VN248,1,11L,Landed,VN-A871,B789,passenger
2026-02-11,15:31,01:41,Ho Chi Minh City,SGN,Sun PhuQuoc Airways,9G838,1,11L,Landed,VN-A280,A321,passenger
2026-02-11,15:26,01:47,Can Tho,VCA,VietJet Air,VJ462,1,11L,Landed,VN-A675,A320,passenger
2026-02-11,15:23,01:45,Ho Chi Minh City,SGN,VietJet Air,VJ144,1,11L,Landed,VN-A811,A333,passenger
2026-02-11,15:16,01:16,Qui Nhon,UIH,Vietnam Airlines,VN1622,1,11L,Landed,VN-A514,A20N,passenger
2026-02-11,15:13,05:49,Khabarovsk,KHV,VietJet Air,VJ7707,2,11L,Landed,VN-A549,A21N,passenger
2026-02-11,15:10,01:33,Shenzhen,SZX,China Southern Airlines,CZ8469,2,11L,Landed,B-2287,A321,passenger
2026-02-11,15:07,00:58,Kunming,KMG,China Eastern Airlines,MU9605,2,11L,Landed,B-1253,B738,passenger
2026-02-11,15:04,02:30,Fuzhou,FOC,Xiamen Air,MF8697,2,11L,Landed,B-7849,B738,passenger
2026-02-11,14:44,02:26,Xiamen,XMN,Xiamen Air,MF869,2,11L,Landed,B-7823,B738,passenger
2026-02-11,14:41,01:18,Chiang Mai,CNX,AirAsia,FD870,2,11L,Landed,HS-BBZ,A20N,passenger
2026-02-11,14:38,02:52,Kuala Lumpur,KUL,VietJet Air,VJ906,2,11L,Landed,VN-A648,A321,passenger
2026-02-11,14:35,02:57,Taipei,TPE,VietJet Air,VJ941,2,11L,Landed,VN-A683,A321,passenger
2026-02-11,14:32,01:41,Guangzhou,CAN,China Southern Airlines,CZ8315,2,11L,Landed,B-9930,A320,passenger
2026-02-11,14:28,01:31,Nha Trang,CXR,Vietnam Airlines,VN1552,1,11L,Landed,VN-A393,A321,passenger
2026-02-11,14:24,01:19,Bangkok,BKK,Vietnam Airlines,VN610,2,11L,Landed,VN-A335,A321,passenger
2026-02-11,14:21,01:34,Shenzhen,SZX,Shenzhen Airlines,ZH103,2,11L,Landed,B-8220,A320,passenger
2026-02-11,14:16,01:43,Ho Chi Minh City,SGN,Vietnam Airlines,VN244,1,11L,Landed,VN-A896,A359,passenger
2026-02-11,14:13,02:50,Kuala Lumpur,KUL,AirAsia,AK512,2,11L,Landed,9M-AGW,A20N,passenger
2026-02-11,14:10,02:03,Con Dao,VCS,VietJet Air,VJ106,1,11L,Landed,B-652G,AJ27,passenger
2026-02-11,14:07,04:37,Seoul,ICN,VietJet Air,VJ961,2,11L,Landed,VN-A528,A21N,passenger
2026-02-11,14:04,01:00,Da Nang,DAD,VietJet Air,VJ508,1,11L,Landed,VN-A655,A320,passenger
2026-02-11,14:01,01:47,Ho Chi Minh City,SGN,Bamboo Airways,QH224,1,11L,Landed,ER-00005,A320,passenger
2026-02-11,13:58,05:57,Tokyo,NRT,VietJet Air,VJ933,2,11L,Landed,VN-A820,A333,passenger
2026-02-11,13:55,01:02,Da Nang,DAD,VietJet Air,VJ528,1,11L,Landed,VN-A546,A21N,passenger
2026-02-11,13:49,01:00,Da Nang,DAD,Vietnam Airlines,VN166,1,11L,Landed,VN-A612,A321,passenger
2026-02-11,13:46,01:39,Ho Chi Minh City,SGN,VietJet Air,VJ128,1,11L,Landed,VN-A814,A333,passenger
2026-02-11,13:40,01:30,Nha Trang,CXR,Vietnam Airlines,VN7552,1,11L,Landed,VN-A356,A321,passenger
2026-02-11,13:38,00:54,Hue,HUI,VietJet Air,VJ566,1,11L,Landed,VN-A639,A321,passenger
2026-02-11,13:28,00:35,Dien Bien Phu,DIN,Vietnam Airlines,VN7805,1,11L,Landed,VN-A332,A321,passenger
2026-02-11,13:21,05:29,Nagoya,NGO,VietJet Air,VJ921,2,11L,Landed,VN-A547,A21N,passenger
2026-02-11,13:18,01:37,Ho Chi Minh City,SGN,Vietnam Airlines,VN7014,1,11L,Landed,VN-A869,B789,passenger
2026-02-11,13:14,01:45,Phu Quoc,PQC,Sun PhuQuoc Airways,9G1204,1,11L,Landed,VN-A281,A21N,passenger
2026-02-11,13:11,05:20,Osaka,KIX,VietJet Air,VJ939,2,11L,Landed,VN-A516,A21N,passenger
2026-02-11,13:07,04:16,Seoul,ICN,Vietnam Airlines,VN417,2,11L,Landed,VN-A877,B78X,passenger
2026-02-11,13:04,01:41,Ho Chi Minh City,SGN,Vietnam Airlines,VN246,1,11L,Landed,VN-A867,B789,passenger
2026-02-11,13:01,01:40,Da Lat,DLI,Bamboo Airways,QH1422,1,11L,Landed,VN-A227,A321,passenger
2026-02-11,12:59,04:55,Osaka,KIX,Vietnam Airlines,VN335,2,11L,Landed,VN-A889,A359,passenger
2026-02-11,12:56,05:14,Nagoya,NGO,Vietnam Airlines,VN349,2,11L,Landed,VN-A888,A359,passenger
2026-02-11,12:53,04:05,Busan,PUS,Vietnam Airlines,VN429,2,11L,Landed,VN-A873,B78X,passenger
2026-02-11,12:50,02:04,Dhaka,DAC,Ethiopian Airlines,ET678,2,11L,Landed,ET-ATK,B788,passenger
2026-02-11,12:44,05:20,Dubai,DXB,Emirates,EK394,2,11L,Landed,A6-ENB,B77W,passenger
2026-02-11,12:42,01:48,Phu Quoc,PQC,Sun PhuQuoc Airways,9G1202,1,11L,Landed,VN-A284,A21N,passenger
2026-02-11,12:36,01:45,Ho Chi Minh City,SGN,Bamboo Airways,QH208,1,11L,Landed,VN-A597,A321,passenger
2026-02-11,12:33,01:45,Ho Chi Minh City,SGN,VietJet Air,VJ132,1,11L,Landed,VN-A642,A321,passenger
2026-02-11,12:31,01:35,Nha Trang,CXR,VietJet Air,VJ770,1,11L,Landed,VN-A637,A321,passenger
2026-02-11,12:28,01:40,Guangzhou,CAN,Shenzhen Airlines,ZH121,2,11L,Landed,B-5670,B738,passenger
2026-02-11,12:23,01:41,Ho Chi Minh City,SGN,Vietnam Airlines,VN210,1,11L,Landed,VN-A862,B789,passenger
2026-02-11,12:21,01:46,Phu Quoc,PQC,VietJet Air,VJ440,1,11L,Landed,VN-A668,A320,passenger
2026-02-11,12:18,04:27,Seoul,ICN,Asiana Airlines,OZ729,2,11L,Landed,HL8254,B772,passenger
2026-02-11,12:10,01:43,Ho Chi Minh City,SGN,Vietnam Airlines,VN7044,1,11L,Landed,VN-A357,A321,passenger
2026-02-11,12:04,03:00,Kuala Lumpur,KUL,Malaysia Airlines,MH752,2,11L,Landed,9M-MXF,B738,passenger
2026-02-11,11:59,01:49,Can Tho,VCA,Vietnam Airlines,VN1200,1,11L,Landed,VN-A338,A321,passenger
2026-02-11,11:55,03:29,Beijing,PEK,Air China,CA741,2,11L,Landed,B-328N,A21N,passenger
2026-02-11,11:52,01:48,Phu Quoc,PQC,Vietnam Airlines,VN1236,1,11L,Landed,VN-A602,A321,passenger
2026-02-11,11:48,01:30,Bangkok,DMK,AirAsia,FD640,2,11L,Landed,HS-ABO,A320,passenger
2026-02-11,11:46,01:47,Ho Chi Minh City,SGN,BBN Airlines Indonesia,QH204,1,11L,Landed,PK-BBK,B739,passenger
2026-02-11,11:43,01:48,Ho Chi Minh City,SGN,Sun PhuQuoc Airways,9G822,1,11L,Landed,VN-A279,A321,passenger
2026-02-11,11:42,00:56,Dong Hoi,VDH,Vietnam Airlines,VN1590,1,11L,Landed,VN-A397,A321,passenger
2026-02-11,11:37,04:35,Fukuoka,FUK,Vietnam Airlines,VN359,2,11L,Landed,VN-A512,A21N,passenger
2026-02-11,11:36,01:12,Da Nang,DAD,N/A,VN6080,1,11L,Landed,VN-A363,A321,passenger
2026-02-11,11:31,01:23,Pleiku,PXU,Vietnam Airlines,VN1614,1,11L,Landed,VN-A618,A21N,passenger
2026-02-11,11:28,01:36,Buon Ma Thuot,BMV,Vietnam Airlines,VN1602,1,11L,Landed,VN-A608,A321,passenger
2026-02-11,11:24,01:39,Da Lat,DLI,Vietnam Airlines,VN1572,1,11L,Landed,VN-A515,A20N,passenger
2026-02-11,11:21,02:45,Taipei,TPE,EVA Air,BR397,2,11L,Landed,B-16722,B77W,passenger
2026-02-11,11:19,02:56,Singapore,SIN,Singapore Airlines,SQ192,2,11L,Landed,9V-SHP,A359,passenger
2026-02-11,11:16,03:19,Shanghai,PVG,Air China,CA703,2,11L,Landed,B-8585,A321,passenger
2026-02-11,11:12,01:41,Ho Chi Minh City,SGN,VietJet Air,VJ136,1,11L,Landed,VN-A534,A21N,passenger
2026-02-11,11:09,00:56,Da Nang,DAD,Vietnam Airlines,VN164,1,11L,Landed,VN-A613,A321,passenger
2026-02-11,11:05,04:39,Seoul,ICN,Korean Air,KE441,2,11L,Landed,HL8509,A21N,passenger
2026-02-11,10:59,01:39,Ho Chi Minh City,SGN,VietJet Air,VJ1122,1,11L,Landed,VN-A672,A320,passenger
2026-02-11,10:52,02:48,Taipei,TPE,China Airlines,CI791,2,11L,Landed,B-18117,A21N,passenger
2026-02-11,10:47,01:17,Qui Nhon,UIH,VietJet Air,VJ430,1,11L,Landed,VN-A650,A320,passenger
2026-02-11,10:44,04:22,Busan,PUS,VietJet Air,VJ981,2,11L,Landed,VN-A684,A321,passenger
2026-02-11,10:40,01:46,Ho Chi Minh City,SGN,VietJet Air,VJ126,1,11L,Landed,VN-A539,A21N,passenger
2026-02-11,10:36,01:07,Chu Lai,VCL,Vietnam Airlines,VN1640,1,11L,Landed,VN-A514,A20N,passenger
2026-02-11,10:33,01:23,Buon Ma Thuot,BMV,VietJet Air,VJ492,1,11L,Landed,VN-A635,A321,passenger
2026-02-11,10:29,01:40,Phu Quoc,PQC,VietJet Air,VJ442,1,11L,Landed,VN-A651,A321,passenger
2026-02-11,10:22,01:35,Guangzhou,CAN,China Southern Airlines,CZ3049,2,11L,Landed,B-309K,A20N,passenger
2026-02-11,10:12,01:37,Ho Chi Minh City,SGN,Vietnam Airlines,VN208,1,11L,Landed,VN-A874,B78X,passenger
2026-02-11,10:09,01:26,Bangkok,BKK,Thai Airways,TG560,2,11L,Landed,HS-TXJ,A320,passenger
2026-02-11,10:05,02:30,Kaohsiung,KHH,Vietnam Airlines,VN587,2,11L,Landed,VN-A603,A321,passenger
2026-02-11,10:01,05:37,Abu Dhabi,AUH,Etihad Airways,EY971,0,11L,Landed,A6-DDE,B77L,cargo
2026-02-11,09:58,01:41,Ho Chi Minh City,SGN,Avion Express,VJ148,1,11L,Landed,LY-NVG,A320,passenger
2026-02-11,09:53,01:16,Pleiku,PXU,VietJet Air,VJ422,1,11L,Landed,VN-A544,A321,passenger
2026-02-11,09:50,01:38,Hong Kong,HKG,Cathay Pacific,CX741,2,11L,Landed,B-HNQ,B773,passenger
2026-02-11,09:46,02:43,Taipei,TPE,Vietnam Airlines,VN579,2,11L,Landed,VN-A392,A321,passenger
2026-02-11,09:43,01:50,Ho Chi Minh City,SGN,Vietnam Airlines,VN7042,1,11L,Landed,VN-A398,A321,passenger
2026-02-11,09:41,01:54,Ho Chi Minh City,SGN,Vietnam Airlines,VN7254,1,11L,Landed,VN-A390,A321,passenger
2026-02-11,09:36,00:44,Vinh,VII,Vietnam Airlines,VN1716,1,11L,Landed,VN-A399,A321,passenger
2026-02-11,09:34,01:50,Ho Chi Minh City,SGN,Sun PhuQuoc Airways,9G808,1,11L,Landed,VN-A286,A21N,passenger
2026-02-11,09:30,01:03,Da Nang,DAD,Vietnam Airlines,VN158,1,11R,Landed,VN-A612,A321,passenger
2026-02-11,09:25,02:43,Singapore,SIN,EVA Air,BR6061,0,11R,Landed,B-16789,B77L,cargo
2026-02-11,09:22,01:42,Ho Chi Minh City,SGN,VietJet Air,VJ176,1,11R,Landed,VN-A546,A21N,passenger
2026-02-11,09:19,01:40,Ho Chi Minh City,SGN,Vietravel Airlines,VU774,1,11R,Landed,VN-A289,A321,passenger
2026-02-11,09:13,01:43,Ho Chi Minh City,SGN,VietJet Air,VJ1120,1,11R,Landed,VN-A580,A21N,passenger
2026-02-11,09:10,00:54,Hue,HUI,Vietnam Airlines,VN1540,1,11R,Landed,VN-A393,A321,passenger
2026-02-11,09:07,04:29,Seoul,ICN,VietJet Air,VJ963,2,11R,Landed,VN-A552,A21N,passenger
2026-02-11,08:47,01:04,Da Nang,DAD,VietJet Air,VJ510,1,11R,Landed,VN-A639,A321,passenger
2026-02-11,08:45,01:45,Hong Kong,HKG,HK express,UO540,2,11R,Landed,B-HSM,A320,passenger
2026-02-11,08:41,01:47,Ho Chi Minh City,SGN,Sun PhuQuoc Airways,9G806,1,11R,Landed,VN-A280,A321,passenger
2026-02-11,08:38,01:28,Bangkok,DMK,AirAsia,FD642,2,11R,Landed,HS-CBL,A320,passenger
2026-02-11,08:36,01:36,Ho Chi Minh City,SGN,Vietnam Airlines,VN7234,1,11R,Landed,VN-A870,B789,passenger
2026-02-11,08:30,03:03,Ho Chi Minh City,SGN,VietJet Air,VJ1250,1,11L,Landed,VN-A526,A21N,passenger
2026-02-11,08:27,01:22,Bangkok,BKK,K-Mile Air,8K525,0,11L,Landed,HS-KME,B738,cargo
2026-02-11,08:23,02:49,Singapore,SIN,Scoot,TR300,2,11L,Landed,9V-OFG,B788,passenger
2026-02-11,08:21,01:36,Shenzhen,SZX,Shenzhen Airlines,ZH101,2,11L,Landed,B-6855,A320,passenger
2026-02-11,08:09,01:41,Ho Chi Minh City,SGN,Vietnam Airlines,VN206,1,11L,Landed,VN-A865,B789,passenger
2026-02-11,08:06,01:42,Ho Chi Minh City,SGN,VietJet Air,VJ122,1,11L,Landed,VN-A523,A21N,passenger
2026-02-11,08:03,06:02,Doha,DOH,Qatar Airways,QR8950,0,11L,Landed,A7-BFH,B77L,cargo
2026-02-11,08:01,01:41,Ho Chi Minh City,SGN,VietJet Air,VJ124,1,11L,Landed,VN-A817,A333,passenger
2026-02-11,07:57,01:44,Ho Chi Minh City,SGN,Vietravel Airlines,VU750,1,11L,Landed,VN-A136,A320,passenger
2026-02-11,07:55,01:43,Ho Chi Minh City,SGN,VietJet Air,VJ120,1,11L,Landed,VN-A811,A333,passenger
2026-02-11,07:52,00:42,Nanning,NNG,GX Airlines,GX8971,2,11L,Landed,B-306R,A20N,passenger
2026-02-11,07:49,02:53,Manila,MNL,Cebu Pacific,5J744,2,11L,Landed,RP-C4123,A21N,passenger
2026-02-11,07:45,00:57,Da Nang,DAD,Vietnam Airlines,VN156,1,11L,Landed,VN-A335,A321,passenger
2026-02-11,07:40,01:42,Ho Chi Minh City,SGN,Bamboo Airways,QH202,1,11L,Landed,VN-A227,A321,passenger
2026-02-11,07:34,08:49,Melbourne,MEL,Vietnam Airlines,VN778,2,11L,Landed,VN-A896,A359,passenger
2026-02-11,07:18,00:55,Da Nang,DAD,VietJet Air,VJ524,1,11L,Landed,VN-A656,A320,passenger
2026-02-11,07:14,02:56,Manila,MNL,Vietnam Airlines,VN646,2,11R,Landed,VN-A623,A21N,passenger
2026-02-11,07:09,03:54,Mumbai,BOM,Turkish Airlines,TK6334,0,11R,Landed,TC-LJS,B77L,cargo
2026-02-11,07:02,03:31,Delhi,DEL,VietJet Air,VJ972,2,11R,Landed,VN-A814,A333,passenger
2026-02-11,06:59,00:58,Da Nang,DAD,VietJet Air,VJ502,1,11R,Landed,VN-A697,A21N,passenger
2026-02-11,06:55,01:37,Ho Chi Minh City,SGN,Vietnam Airlines,VN7012,1,11R,Landed,VN-A869,B789,passenger
2026-02-11,06:52,01:41,Ho Chi Minh City,SGN,N/A,VN6002,1,11R,Landed,VN-A363,A321,passenger
2026-02-11,06:48,01:42,Ho Chi Minh City,SGN,Vietnam Airlines,VN7210,1,11R,Landed,VN-A618,A21N,passenger
2026-02-11,06:45,08:07,Istanbul,IST,Turkish Airlines,TK252,2,11R,Landed,TC-LJI,B77W,passenger
2026-02-11,06:44,05:45,Doha,DOH,Qatar Airways,QR982,2,11R,Landed,A7-BHF,B789,passenger
2026-02-11,06:34,01:43,Ho Chi Minh City,SGN,Bamboo Airways,QH292,1,11R,Landed,VN-A597,A321,passenger
2026-02-11,06:29,01:56,Ho Chi Minh City,SGN,Bamboo Airways,QH294,1,11R,Landed,VN-A585,A321,passenger
2026-02-11,06:26,04:36,Seoul,ICN,Air Zeta,KJ951,0,11R,Landed,HL7423,B744,cargo
2026-02-11,06:25,01:54,Ho Chi Minh City,SGN,Vietnam Airlines,VN7022,1,11R,Landed,VN-A613,A321,passenger
2026-02-11,06:07,09:43,Frankfurt,FRA,Vietnam Airlines,VN36,2,11L,Landed,VN-A868,B789,passenger
2026-02-11,05:55,03:53,Bengaluru,BLR,Vietnam Airlines,VN982,2,11L,Landed,VN-A602,A321,passenger
2026-02-11,05:51,10:10,Paris,CDG,Vietnam Airlines,VN18,2,N/A,Landed,VN-A899,A359,passenger
2026-02-11,05:31,01:43,Ho Chi Minh City,SGN,VietJet Air,VJ1124,1,11L,Landed,VN-A542,A321,passenger
2026-02-11,05:27,03:28,Beijing,PKX,VietJet Air,VJ7713,2,11L,Landed,VN-A650,A320,passenger
2026-02-11,05:24,01:31,Guangzhou,CAN,FedEx,FX6020,0,11L,Landed,N117FE,B763,cargo
2026-02-11,05:21,03:10,Shanghai,PVG,VietJet Air,VJ7239,2,11L,Landed,VN-A671,A320,passenger
2026-02-11,05:14,03:47,Ahmedabad,AMD,VietJet Air,VJ1926,2,11L,Landed,VN-A655,A320,passenger
2026-02-11,04:53,01:42,Ho Chi Minh City,SGN,Vietnam Airlines,VN7208,1,11L,Landed,VN-A393,A321,passenger
2026-02-11,04:41,03:42,Mumbai,BOM,Vietnam Airlines,VN972,2,11L,Landed,VN-A867,B789,passenger
2026-02-11,04:27,,Ho Chi Minh City,SGN,Sun PhuQuoc Airways,9G8802,1,11L,Landed,VN-A279,A321,passenger
2026-02-11,04:24,09:40,Milan,MXP,Vietnam Airlines,VN72,2,N/A,Landed,VN-A892,A359,passenger
2026-02-11,04:20,01:33,Guangzhou,CAN,VietJet Air,VJ7527,2,11L,Landed,VN-A651,A321,passenger
2026-02-11,04:08,01:42,Ho Chi Minh City,SGN,Vietravel Airlines,VU702,1,11L,Landed,VN-A129,A321,passenger
2026-02-11,04:04,05:20,Bishkek,BSZ,Silk Way West Airlines,7L8581,0,11L,Landed,VP-BMG,B77L,cargo
2026-02-11,03:46,04:42,Seoul,ICN,Air Zeta,KJ389,0,11L,Landed,HL7507,B763,cargo
2026-02-11,03:42,01:42,Ho Chi Minh City,SGN,VietJet Air,VJ1166,1,11L,Landed,VN-A693,A21N,passenger
2026-02-11,03:19,04:19,Seoul,ICN,Kalitta Air,K4602,0,11L,Landed,N701CK,B744,cargo
2026-02-11,03:10,03:28,Shanghai,PVG,China Eastern Airlines,MU7235,2,11L,Landed,B-32KT,A21N,passenger
2026-02-11,02:59,01:43,Ho Chi Minh City,SGN,VietJet Air,VJ182,1,11L,Landed,VN-A657,A321,passenger
2026-02-11,02:40,01:33,Ho Chi Minh City,SGN,Vietnam Airlines,VN7232,1,11L,Landed,VN-A870,B789,passenger
2026-02-11,02:38,01:44,Ho Chi Minh City,SGN,Vietravel Airlines,VU782,1,11L,Landed,VN-A289,A321,passenger
2026-02-11,02:23,01:41,Chengdu,TFU,VietJet Air,VJ7307,2,11L,Landed,VN-A580,A21N,passenger
2026-02-11,02:18,01:46,Ho Chi Minh City,SGN,VietJet Air,VJ178,1,11L,Landed,VN-A648,A321,passenger
2026-02-11,02:13,04:48,Seoul,ICN,Air Zeta,KJ373,0,11L,Landed,HL8503,B738,cargo
2026-02-11,02:10,04:23,Seoul,ICN,Korean Air,KE361,0,11L,Landed,HL7603,B744,cargo
2026-02-11,01:53,04:27,Seoul,ICN,Korean Air,KE9575,0,11L,Landed,HL8226,B77L,cargo
2026-02-11,01:48,03:41,Shanghai,PVG,China Eastern Airlines,MU5075,2,11L,Landed,B-1773,B738,passenger
2026-02-11,01:35,01:41,Ho Chi Minh City,SGN,Vietnam Airlines,VN270,1,11L,Landed,VN-A357,A321,passenger
2026-02-11,01:30,01:46,Ho Chi Minh City,SGN,Sun PhuQuoc Airways,9G886,1,11L,Landed,VN-A284,A21N,passenger
2026-02-11,01:28,02:44,Manila,MNL,Philippine Airlines,PR595,2,11L,Landed,RP-C8766,A333,passenger
2026-02-11,01:23,02:48,Zhengzhou,CGO,China Southern Airlines,CZ5029,2,11L,Landed,B-5021,B738,passenger
2026-02-11,01:20,02:19,Wuhan,WUH,China Eastern Airlines,MU2573,2,11L,Landed,B-7875,B738,passenger
2026-02-11,01:14,01:49,Ho Chi Minh City,SGN,VietJet Air,VJ158,1,11L,Landed,VN-A643,A321,passenger
2026-02-11,01:10,03:42,Qingdao,TAO,Shandong Airlines,SC4649,2,11L,Landed,B-7087,B738,passenger
2026-02-11,01:07,01:44,Ho Chi Minh City,SGN,Vietnam Airlines,VN7010,1,11L,Landed,VN-A869,B789,passenger
2026-02-11,01:00,03:19,Shanghai,PVG,Juneyao Air,HO1329,2,11L,Landed,B-323D,A20N,passenger
2026-02-11,00:58,02:55,Hangzhou,HGH,Air China,CA707,2,11L,Landed,B-8429,A320,passenger
2026-02-11,00:47,01:47,Ho Chi Minh City,SGN,Sun PhuQuoc Airways,9G882,1,11L,Landed,VN-A280,A321,passenger
2026-02-11,00:41,01:55,Ho Chi Minh City,SGN,Bamboo Airways,QH280,1,11L,Landed,VN-A597,A321,passenger
2026-02-11,00:37,03:18,Jinan,TNA,Shandong Airlines,SC8071,2,11L,Landed,B-7567,B738,passenger
2026-02-11,00:34,01:35,Shenzhen,SZX,Shenzhen Airlines,ZH107,2,11L,Landed,B-6286,A320,passenger
2026-02-11,00:30,04:47,Seoul,ICN,Jeju Air,7C2201,2,11L,Landed,HL8554,B38M,passenger
2026-02-11,00:27,01:31,Nha Trang,CXR,VietJet Air,VJ778,1,11L,Landed,VN-A516,A21N,passenger
2026-02-11,00:24,01:46,Ho Chi Minh City,SGN,VietJet Air,VJ174,1,11L,Landed,VN-A683,A321,passenger
2026-02-11,00:21,01:40,Ho Chi Minh City,SGN,Vietnam Airlines,VN7020,1,11L,Landed,VN-A889,A359,passenger
2026-02-11,00:18,01:43,Ho Chi Minh City,SGN,Vietnam Airlines,VN224,1,11L,Landed,VN-A329,A321,passenger
2026-02-11,00:12,01:40,Ho Chi Minh City,SGN,Vietnam Airlines,VN260,1,11L,Landed,VN-A873,B78X,passenger
2026-02-11,00:07,04:52,Seoul,ICN,T'way Air,TW61,2,11L,Landed,HL8547,B738,passenger
2026-02-11,00:03,01:44,Ho Chi Minh City,SGN,Vietnam Airlines,VN262,1,11L,Landed,VN-A614,A321,passenger
2026-02-12,23:55,00:37,Vinh,VII,Vietnam Airlines,VN7710,1,11L,Landed,VN-A395,A321,passenger
2026-02-12,23:51,01:42,Ho Chi Minh City,SGN,VietJet Air,VJ142,1,11L,Landed,VN-A633,A321,passenger
2026-02-12,23:38,04:42,Seoul,ICN,T'way Air,TW61,2,11L,Landed,HL8070,B738,passenger
2026-02-12,23:28,04:35,Denpasar,DPS,VietJet Air,VJ998,2,11L,Landed,VN-A536,A21N,passenger
2026-02-12,23:22,04:20,Busan,PUS,Air Busan,BX7395,2,11L,Landed,HL8357,A21N,passenger
2026-02-12,23:19,02:34,Taipei,TPE,Emirates,EK9869,0,11L,Landed,A6-EFO,B77L,cargo
2026-02-12,23:17,01:46,Can Tho,VCA,VietJet Air,VJ464,1,11L,Landed,VN-A552,A21N,passenger
2026-02-12,23:14,05:44,Tokyo,NRT,All Nippon Airways,NH8447,0,11L,Landed,JA604F,B763,cargo
2026-02-12,23:10,01:45,Ho Chi Minh City,SGN,VietJet Air,VJ166,1,11L,Landed,VN-A553,A21N,passenger
2026-02-12,23:08,01:35,Nha Trang,CXR,Vietnam Airlines,VN1562,1,11L,Landed,VN-A399,A321,passenger
2026-02-12,23:05,00:45,Vinh,VII,Vietnam Airlines,VN7718,1,11L,Landed,VN-A324,A321,passenger
2026-02-12,23:02,01:33,Macau,MFM,Air Macau,NX984,2,11L,Landed,B-MBS,A21N,passenger
2026-02-12,22:59,01:41,Ho Chi Minh City,SGN,Vietnam Airlines,VN220,1,11L,Landed,VN-A877,B78X,passenger
2026-02-12,22:57,01:57,Ho Chi Minh City,SGN,BBN Airlines Indonesia,QH268,1,11L,Landed,PK-BBK,B739,passenger
2026-02-12,22:54,01:32,Guangzhou,CAN,China Southern Airlines,CZ371,2,N/A,Landed,B-226J,B38M,passenger
2026-02-12,22:51,01:07,N/A,,Vietnam Airlines,VN1544,2,11L,Landed,VN-A609,A321,passenger
2026-02-12,22:49,01:28,Macau,MFM,Air Macau,NX982,2,11L,Landed,B-MCC,A321,passenger
2026-02-12,22:45,01:48,Ho Chi Minh City,SGN,Bamboo Airways,QH262,1,11L,Landed,VN-A227,A321,passenger
2026-02-12,22:37,12:35,Anchorage,ANC,UPS,5X72,0,11L,Landed,N572UP,B744,cargo
2026-02-12,22:34,05:45,Tokyo,NRT,All Nippon Airways,NH897,2,11L,Landed,JA836A,B789,passenger
2026-02-12,22:31,04:23,Seoul,ICN,Asiana Airlines,OZ733,2,11L,Landed,HL8362,A359,passenger
2026-02-12,22:28,01:04,Da Nang,DAD,N/A,VN6070,1,11L,Landed,VN-A363,A321,passenger
2026-02-12,22:25,01:49,Ho Chi Minh City,SGN,Vietnam Airlines,VN258,1,11L,Landed,VN-A898,A359,passenger
2026-02-12,22:22,02:03,Can Tho,VCA,Vietnam Airlines,VN1206,1,11L,Landed,VN-A358,A321,passenger
2026-02-12,22:19,04:20,Seoul,ICN,Korean Air,KE447,2,11L,Landed,HL8573,B78X,passenger
2026-02-12,22:16,01:52,Ho Chi Minh City,SGN,VietJet Air,VJ152,1,11L,Landed,VN-A698,A321,passenger
2026-02-12,22:13,02:56,Kuala Lumpur,KUL,Vietnam Airlines,VN680,2,11L,Landed,VN-A393,A321,passenger
2026-02-12,22:10,01:48,Ho Chi Minh City,SGN,VietJet Air,VJ196,1,11L,Landed,VN-A814,A333,passenger
2026-02-12,22:08,01:55,Ho Chi Minh City,SGN,Sun PhuQuoc Airways,9G854,1,11L,Landed,VN-A280,A321,passenger
2026-02-12,22:04,01:35,Siem Reap,SAI,Vietnam Airlines,VN842,2,11L,Landed,VN-A338,A321,passenger
2026-02-12,22:01,01:53,Ho Chi Minh City,SGN,Vietnam Airlines,VN262,1,11L,Landed,VN-A863,B789,passenger
2026-02-12,21:58,01:53,Ho Chi Minh City,SGN,Sun PhuQuoc Airways,9G868,1,11L,Landed,VN-A279,A321,passenger
2026-02-12,21:52,01:07,Hue,HUI,Vietnam Airlines,VN7548,1,11L,Landed,VN-A625,A21N,passenger
2026-02-12,21:49,01:40,Da Lat,DLI,VietJet Air,VJ408,1,11L,Landed,VN-A672,A320,passenger
2026-02-12,21:46,01:13,Da Nang,DAD,Vietnam Airlines,VN188,1,11L,Landed,VN-A515,A20N,passenger
2026-02-12,21:41,01:00,Vientiane,VTE,Vietnam Airlines,VN920,2,11L,Landed,VN-A614,A321,passenger
2026-02-12,21:38,01:24,Pleiku,PXU,VietJet Air,VJ424,1,11L,Landed,VN-A697,A21N,passenger
2026-02-12,21:35,01:34,Bangkok,DMK,AirAsia,FD644,2,11L,Landed,HS-EAC,A21N,passenger
2026-02-12,21:32,01:34,Bangkok,BKK,VietJet Air,VJ904,2,11L,Landed,VN-A684,A321,passenger
2026-02-12,21:28,00:31,Hanoi,HAN,VietJet Air,VJ147,2,11L,Landed,VN-A662,A320,passenger
2026-02-12,21:24,01:14,Chu Lai,VCL,Vietnam Airlines,VN7642,1,N/A,Landed,VN-A618,A21N,passenger
2026-02-12,21:19,00:46,Luang Prabang,LPQ,Vietnam Airlines,VN930,2,11L,Landed,VN-A395,A321,passenger
2026-02-12,21:18,01:27,Bangkok,BKK,FedEx,FX6002,0,11L,Landed,N126FE,B763,cargo
2026-02-12,21:14,01:44,Phu Quoc,PQC,Sun PhuQuoc Airways,9G1230,1,11L,Landed,VN-A286,A21N,passenger
2026-02-12,21:11,01:45,Ho Chi Minh City,SGN,Sun PhuQuoc Airways,9G872,1,11L,Landed,VN-A281,A21N,passenger
2026-02-12,21:08,02:30,Guwahati,GAU,N/A,QO354,0,11L,Landed,VT-AAZ,B738,cargo
2026-02-12,21:04,01:41,Ho Chi Minh City,SGN,Vietnam Airlines,VN7290,1,11L,Landed,VN-A899,A359,passenger
2026-02-12,21:01,01:45,Ho Chi Minh City,SGN,Vietnam Airlines,VN254,1,11L,Landed,VN-A866,B789,passenger
2026-02-12,20:56,05:43,Tokyo,NRT,VietJet Air,VJ935,2,11L,Landed,VN-A523,A21N,passenger
2026-02-12,20:52,01:28,Bangkok,BKK,Vietnam Airlines,VN618,2,11L,Landed,VN-A332,A321,passenger
2026-02-12,20:49,01:02,Da Nang,DAD,VietJet Air,VJ512,1,11L,Landed,VN-A645,A321,passenger
2026-02-12,20:46,01:32,Shenzhen,SZX,China Southern Airlines,CZ8083,2,11L,Landed,B-6629,A321,passenger
2026-02-12,20:43,00:59,Da Nang,DAD,Vietravel Airlines,VU658,1,11L,Landed,VN-A129,A321,passenger
2026-02-12,20:40,04:17,Seoul,ICN,Vietnam Airlines,VN415,2,N/A,Landed,VN-A891,A359,passenger
2026-02-12,20:30,02:39,Zhengzhou,CGO,N/A,JD647,0,11L,Landed,B-32MG,A332,cargo
2026-02-12,20:27,01:39,Ho Chi Minh City,SGN,Vietravel Airlines,VU780,1,11L,Landed,VN-A289,A321,passenger
2026-02-12,20:21,01:28,Bangkok,BKK,VietJet Air,VJ902,2,11L,Landed,VN-A657,A321,passenger
2026-02-12,20:19,,Da Lat,DLI,VietJet Air,VJ410,1,11L,Landed,VN-A542,A321,passenger
2026-02-12,20:09,05:16,Tokyo,HND,Vietnam Airlines,VN385,2,11L,Landed,VN-A870,B789,passenger
2026-02-12,20:06,05:07,Osaka,KIX,VietJet Air,VJ931,2,11L,Landed,VN-A580,A21N,passenger
2026-02-12,20:04,01:03,Da Nang,DAD,Vietnam Airlines,VN174,1,11L,Landed,VN-A324,A321,passenger
2026-02-12,20:01,03:04,Shanghai,PVG,Vietnam Airlines,VN533,2,11L,Landed,VN-A613,A321,passenger
2026-02-12,19:58,01:37,Yangon,RGN,Myanmar Airways International,8M450,2,11L,Landed,XY-ALP,E190,passenger
2026-02-12,19:55,01:02,Da Nang,DAD,VietJet Air,VJ516,1,11L,Landed,VN-A650,A320,passenger
2026-02-12,19:53,01:45,Phu Quoc,PQC,VietJet Air,VJ446,1,N/A,Landed,VN-A662,A320,passenger
2026-02-12,19:49,02:30,Taichung,RMQ,VietJet Air,VJ949,2,11L,Landed,VN-A528,A21N,passenger
2026-02-12,19:46,00:31,Vinh,VII,Vietnam Airlines,VN1718,1,11L,Landed,VN-A608,A321,passenger
2026-02-12,19:37,05:55,Doha,DOH,Qatar Airways,QR984,2,11L,Landed,A7-BCW,B788,passenger
2026-02-12,19:31,01:40,Chongqing,CKG,West Air,PN6423,2,N/A,Landed,B-1898,A320,passenger
2026-02-12,19:29,02:28,Kaohsiung,KHH,VietJet Air,VJ947,2,N/A,Landed,VN-A522,A321,passenger
2026-02-12,19:25,01:19,Siem Reap,SAI,Vietnam Airlines,VN836,2,11L,Landed,VN-A331,A321,passenger
2026-02-12,19:08,01:37,Phu Quoc,PQC,Sun PhuQuoc Airways,9G1216,1,11L,Landed,VN-A284,A21N,passenger
2026-02-12,19:03,01:45,Hong Kong,HKG,Hong Kong Airlines,HX528,2,11L,Landed,B-LPN,A320,passenger
2026-02-12,19:00,01:35,Ho Chi Minh City,SGN,Vietnam Airlines,VN216,1,N/A,Landed,VN-A872,B78X,passenger
2026-02-12,18:50,01:47,Ho Chi Minh City,SGN,Transavia,VJ134,1,11L,Landed,LY-MLI,A320,passenger
2026-02-12,18:47,01:38,Ho Chi Minh City,SGN,Vietnam Airlines,VN7292,1,N/A,Landed,VN-A873,B78X,passenger
2026-02-12,18:44,01:43,Ho Chi Minh City,SGN,VietJet Air,VJ144,1,N/A,Landed,VN-A820,A333,passenger
2026-02-12,18:41,01:48,Ho Chi Minh City,SGN,VietJet Air,VJ194,1,N/A,Landed,VN-A629,A321,passenger
2026-02-12,18:38,01:35,Nha Trang,CXR,VietJet Air,VJ784,1,11L,Landed,VN-A667,A321,passenger
2026-02-12,18:33,12:39,Anchorage,ANC,UPS,5X72,0,11L,Landed,N614UP,B748,cargo
2026-02-12,18:29,01:44,Phnom Penh,KTI,Air Cambodia,K6850,2,11L,Landed,XU-353,A320,passenger
2026-02-12,18:26,01:35,Shenzhen,SZX,Shenzhen Airlines,ZH105,2,11L,Landed,B-1476,B738,passenger
2026-02-12,18:23,01:35,Nha Trang,CXR,Vietnam Airlines,VN1558,1,11L,Landed,VN-A616,A21N,passenger
2026-02-12,18:21,03:52,Jakarta,CGK,VietJet Air,VJ928,2,11L,Landed,VN-A671,A320,passenger
2026-02-12,18:14,00:36,Dien Bien Phu,DIN,Vietnam Airlines,VN1805,1,11L,Landed,VN-A601,A321,passenger
2026-02-12,18:11,02:38,Taipei,TPE,China Airlines,CI6887,0,11L,Landed,B-18722,B744,cargo
2026-02-12,18:06,01:03,Luang Prabang,LPQ,Lao Airlines,QV313,2,11L,Landed,RDPL-34225,AT76,passenger
2026-02-12,18:03,01:50,Phu Quoc,PQC,N/A,VN6400,1,11L,Landed,VN-A363,A321,passenger
2026-02-12,18:00,01:38,Nha Trang,CXR,Bamboo Airways,QH1416,1,11L,Landed,VN-A597,A321,passenger
2026-02-12,17:57,03:37,Shanghai,PVG,China Eastern Airlines,MU6013,2,11L,Landed,B-32P5,A21N,passenger
2026-02-12,17:51,01:39,Ho Chi Minh City,SGN,Vietnam Airlines,VN232,1,11L,Landed,VN-A888,A359,passenger
2026-02-12,17:48,02:21,Kolkata,CCU,IndiGo,6E1631,2,11L,Landed,VT-IQH,A20N,passenger
2026-02-12,17:42,01:33,Guangzhou,CAN,Vietnam Airlines,VN507,2,N/A,Landed,VN-A603,A321,passenger
2026-02-12,17:39,03:00,Singapore,SIN,Singapore Airlines,SQ194,2,11L,Landed,9V-MBD,B38M,passenger
2026-02-12,17:37,01:05,Da Nang,DAD,VietJet Air,VJ514,1,11L,Landed,VN-A552,A21N,passenger
2026-02-12,17:34,01:28,Bangkok,BKK,Vietnam Airlines,VN610,2,11L,Landed,VN-A625,A21N,passenger
2026-02-12,17:20,01:07,Da Nang,DAD,Vietnam Airlines,VN7164,1,11L,Landed,VN-A618,A21N,passenger
2026-02-12,17:17,04:27,Busan,PUS,VietJet Air,VJ957,2,11L,Landed,VN-A656,A320,passenger
2026-02-12,17:14,04:41,Hiroshima,HIJ,VietJet Air,VJ953,2,11L,Landed,VN-A675,A320,passenger
2026-02-12,17:12,02:46,Taipei,TPE,STARLUX,JX717,2,11L,Landed,B-58213,A21N,passenger
2026-02-12,17:05,01:37,Da Lat,DLI,Bamboo Airways,QH1424,1,11L,Landed,VN-A596,A20N,passenger
2026-02-12,17:02,01:00,Da Nang,DAD,Vietnam Airlines,VN170,1,11L,Landed,VN-A609,A321,passenger
2026-02-12,16:57,02:50,Taipei,TPE,EVA Air,BR385,2,11L,Landed,B-16221,A321,passenger
2026-02-12,16:52,01:20,Qui Nhon,UIH,Vietnam Airlines,VN1622,1,11L,Landed,VN-A501,A21N,passenger
2026-02-12,16:50,01:03,Da Nang,DAD,VietJet Air,VJ508,1,11L,Landed,VN-A697,A21N,passenger
2026-02-12,16:47,00:59,Hue,HUI,VietJet Air,VJ566,1,11L,Landed,VN-A639,A321,passenger
2026-02-12,16:44,03:22,Shanghai,PVG,Air China,CA755,2,11L,Landed,B-8495,A321,passenger
2026-02-12,16:41,01:51,Can Tho,VCA,Vietnam Airlines,VN1202,1,N/A,Landed,VN-A338,A321,passenger
2026-02-12,16:38,01:02,Da Nang,DAD,Vietnam Airlines,VN172,1,11L,Landed,VN-A608,A321,passenger
2026-02-12,16:36,02:21,Kolkata,CCU,IndiGo,6E9478,0,11L,Landed,VT-IKW,A321,cargo
2026-02-12,16:32,01:38,Ho Chi Minh City,SGN,Vietnam Airlines,VN214,1,11L,Landed,VN-A869,B789,passenger
2026-02-12,16:29,01:40,Hong Kong,HKG,Vietnam Airlines,VN593,2,11L,Landed,VN-A397,A321,passenger
2026-02-12,16:26,01:43,Ho Chi Minh City,SGN,Vietravel Airlines,VU770,1,N/A,Landed,VN-A129,A321,passenger
2026-02-12,16:23,01:48,Can Tho,VCA,VietJet Air,VJ460,1,11L,Landed,VN-A537,A21N,passenger
2026-02-12,16:20,02:44,Taipei,TPE,China Airlines,CI793,2,11L,Landed,B-18307,A333,passenger
2026-02-12,16:17,01:42,Ho Chi Minh City,SGN,Avion Express,VU778,1,11L,Landed,9H-MLW,A320,passenger
2026-02-12,16:13,02:46,Singapore,SIN,Vietnam Airlines,VN660,2,11L,Landed,VN-A358,A321,passenger
2026-02-12,16:09,00:44,Vientiane,VTE,Lao Airlines,QV311,2,11L,Landed,RDPL-34199,A320,passenger
2026-02-12,16:04,01:42,Ho Chi Minh City,SGN,BBN Airlines Indonesia,QH242,1,N/A,Landed,PK-BBK,B739,passenger
2026-02-12,15:54,05:38,Ashgabat,ASB,Turkmenistan Airlines,T5697,0,11L,Landed,EZ-F430,A332,cargo
2026-02-12,15:50,01:30,Da Lat,DLI,VietJet Air,VJ404,1,11L,Landed,VN-A684,A321,passenger
2026-02-12,15:47,01:48,Can Tho,VCA,VietJet Air,VJ462,1,N/A,Landed,VN-A650,A320,passenger
2026-02-12,15:41,01:30,Nha Trang,CXR,Vietnam Airlines,VN1552,1,N/A,Landed,VN-A324,A321,passenger
2026-02-12,15:37,01:37,Phu Quoc,PQC,Sun PhuQuoc Airways,9G1208,1,11L,Landed,VN-A286,A21N,passenger
2026-02-12,15:25,01:33,Shenzhen,SZX,Shenzhen Airlines,ZH103,2,11L,Landed,B-6615,A320,passenger
2026-02-12,15:22,01:40,Ho Chi Minh City,SGN,Sun PhuQuoc Airways,9G838,1,N/A,Landed,VN-A279,A321,passenger
2026-02-12,15:19,05:19,Vladivostok,VVO,VietJet Air,VJ3522,2,11L,Landed,VN-A539,A21N,passenger
2026-02-12,15:14,08:17,Istanbul,IST,Turkish Airlines,TK164,2,N/A,Landed,TC-LGI,A359,passenger
2026-02-12,15:11,02:44,Taipei,TPE,VietJet Air,VJ941,2,11L,Landed,VN-A645,A321,passenger
2026-02-12,15:05,01:41,Ho Chi Minh City,SGN,Vietnam Airlines,VN7256,1,11L,Landed,VN-A601,A321,passenger
2026-02-12,15:01,01:04,Chiang Mai,CNX,AirAsia,FD870,2,11L,Landed,HS-BBC,A320,passenger
2026-02-12,14:59,01:29,Shenzhen,SZX,China Southern Airlines,CZ8469,2,N/A,Landed,B-6629,A321,passenger
2026-02-12,14:53,01:27,Nha Trang,CXR,Vietnam Airlines,VN7068,1,11L,Landed,VN-A623,A21N,passenger
2026-02-12,14:45,02:44,Kuala Lumpur,KUL,VietJet Air,VJ906,2,11L,Landed,VN-A546,A21N,passenger
2026-02-12,14:42,03:32,Shanghai,PVG,China Eastern Airlines,MU6011,2,N/A,Landed,B-1640,A321,passenger
2026-02-12,14:39,01:35,Ho Chi Minh City,SGN,Vietnam Airlines,VN212,1,11L,Landed,VN-A861,B789,passenger
2026-02-12,14:36,01:04,Kunming,KMG,China Eastern Airlines,MU9605,2,N/A,Landed,B-1789,B738,passenger
2026-02-12,14:30,01:42,Guangzhou,CAN,China Southern Airlines,CZ8315,2,11L,Landed,B-1829,A320,passenger
2026-02-12,14:27,01:01,Da Nang,DAD,Vietnam Airlines,VN166,1,11L,Landed,VN-A332,A321,passenger
2026-02-12,14:24,02:16,Xiamen,XMN,Xiamen Air,MF869,2,11L,Landed,B-1550,B738,passenger
2026-02-12,14:21,01:35,Ho Chi Minh City,SGN,Vietnam Airlines,VN246,1,11L,Landed,VN-A866,B789,passenger
2026-02-12,14:16,01:02,Da Nang,DAD,Vietnam Airlines,VN168,1,11L,Landed,VN-A331,A321,passenger
2026-02-12,14:13,02:45,Kuala Lumpur,KUL,AirAsia,AK512,2,11L,Landed,9M-RAD,A320,passenger
2026-02-12,14:10,01:30,Nha Trang,CXR,VietJet Air,VJ770,1,11L,Landed,VN-A657,A321,passenger
2026-02-12,14:03,03:04,Wuhu,WHA,N/A,JG2851,0,N/A,Landed,B-224N,B738,cargo
2026-02-12,14:00,06:06,Tokyo,NRT,VietJet Air,VJ933,2,11L,Landed,VN-A814,A333,passenger
2026-02-12,13:50,01:59,Ho Chi Minh City,SGN,VietJet Air,VJ1124,1,11L,Landed,VN-A815,A333,passenger
2026-02-12,13:47,03:08,Singapore,SIN,China Airlines,CI6856,0,11L,Landed,B-18721,B744,cargo
2026-02-12,13:45,02:07,Phu Quoc,PQC,Sun PhuQuoc Airways,9G1202,1,11L,Landed,VN-A284,A21N,passenger
2026-02-12,13:39,02:50,Kaohsiung,KHH,Vietnam Airlines,VN583,2,N/A,Landed,VN-A393,A321,passenger
2026-02-12,13:36,02:11,Ho Chi Minh City,SGN,VietJet Air,VJ132,1,11L,Landed,VN-A642,A321,passenger
2026-02-12,13:33,04:35,Busan,PUS,Vietnam Airlines,VN429,2,N/A,Landed,VN-A878,B78X,passenger
2026-02-12,13:31,05:25,Osaka,KIX,VietJet Air,VJ939,2,11L,Landed,VN-A552,A21N,passenger
2026-02-12,13:29,01:59,Phu Quoc,PQC,Sun PhuQuoc Airways,9G1204,1,11L,Landed,VN-A281,A21N,passenger
2026-02-12,13:26,01:51,Nha Trang,CXR,VietJet Air,VJ780,1,11L,Landed,VN-A554,A21N,passenger
2026-02-12,13:23,04:29,Seoul,ICN,Vietnam Airlines,VN417,2,11L,Landed,VN-A874,B78X,passenger
2026-02-12,13:20,01:58,Phu Quoc,PQC,VietJet Air,VJ450,1,11L,Landed,VN-A817,A333,passenger
2026-02-12,13:12,02:01,Ho Chi Minh City,SGN,Bamboo Airways,QH224,1,11L,Landed,JU-1410,A320,passenger
2026-02-12,13:10,03:59,Delhi,DEL,IndiGo,6E1633,2,11L,Landed,VT-IPR,A20N,passenger
2026-02-12,13:07,03:01,Manila,MNL,Philippine Airlines,PR593,2,11L,Landed,RP-C8764,A333,passenger
2026-02-12,13:04,01:02,Dong Hoi,VDH,Vietnam Airlines,VN1590,1,11L,Landed,VN-A395,A321,passenger
2026-02-12,12:59,04:42,Fukuoka,FUK,Vietnam Airlines,VN357,2,11L,Landed,VN-A616,A21N,passenger
2026-02-12,12:56,01:55,Ho Chi Minh City,SGN,Vietnam Airlines,VN7044,1,11L,Landed,VN-A618,A21N,passenger
2026-02-12,12:53,01:56,Guangzhou,CAN,Shenzhen Airlines,ZH121,2,11L,Landed,B-1756,B738,passenger
2026-02-12,12:50,01:51,Ho Chi Minh City,SGN,VietJet Air,VJ1122,1,11L,Landed,VN-A639,A321,passenger
2026-02-12,12:47,06:02,Doha,DOH,Qatar Airways,QR976,2,11L,Landed,A7-BHJ,B789,passenger
2026-02-12,12:45,01:27,Buon Ma Thuot,BMV,Vietnam Airlines,VN1602,1,11L,Landed,VN-A609,A321,passenger
2026-02-12,12:43,05:07,Nagoya,NGO,VietJet Air,VJ921,2,11L,Landed,VN-A544,A321,passenger
2026-02-12,12:39,01:47,Phu Quoc,PQC,VietJet Air,VJ440,1,11L,Landed,VN-A668,A320,passenger
2026-02-12,12:37,04:59,Nagoya,NGO,Vietnam Airlines,VN349,2,11L,Landed,VN-A889,A359,passenger
2026-02-12,12:34,01:30,Da Lat,DLI,Bamboo Airways,QH1422,1,11L,Landed,VN-A597,A321,passenger
2026-02-12,12:24,04:26,Fukuoka,FUK,VietJet Air,VJ959,2,11L,Landed,VN-A522,A321,passenger
2026-02-12,12:21,04:26,Seoul,ICN,Asiana Airlines,OZ729,2,11L,Landed,HL7755,B772,passenger
2026-02-12,12:18,01:18,Pleiku,PXU,Vietnam Airlines,VN1614,1,11L,Landed,VN-A399,A321,passenger
2026-02-12,12:09,02:45,Kuala Lumpur,KUL,Batik Air,OD571,2,11L,Landed,9M-LRQ,B38M,passenger
2026-02-12,12:06,02:56,Kuala Lumpur,KUL,Malaysia Airlines,MH752,2,11L,Landed,9M-MLM,B738,passenger
2026-02-12,12:03,01:39,Ho Chi Minh City,SGN,Vietnam Airlines,VN244,1,11L,Landed,VN-A873,B78X,passenger
2026-02-12,12:00,01:46,Can Tho,VCA,Vietnam Airlines,VN1200,1,11L,Landed,VN-A390,A321,passenger
2026-02-12,11:57,01:44,Ho Chi Minh City,SGN,Vietnam Airlines,VN7042,1,11L,Landed,VN-A501,A21N,passenger
2026-02-12,11:54,01:44,Phu Quoc,PQC,Vietnam Airlines,VN1236,1,11L,Landed,VN-A608,A321,passenger
2026-02-12,11:51,01:02,Da Nang,DAD,Vietnam Airlines,VN164,1,11L,Landed,VN-A603,A321,passenger
2026-02-12,11:48,01:43,Ho Chi Minh City,SGN,VietJet Air,VJ124,1,11L,Landed,VN-A820,A333,passenger
2026-02-12,11:45,01:40,Da Lat,DLI,Vietnam Airlines,VN1572,1,11L,Landed,VN-A515,A20N,passenger
2026-02-12,11:42,01:48,Ho Chi Minh City,SGN,VietJet Air,VJ136,1,11L,Landed,VN-A607,A21N,passenger
2026-02-12,11:40,01:37,Bangkok,DMK,AirAsia,FD640,2,11L,Landed,HS-ABO,A320,passenger
2026-02-12,11:38,03:34,Beijing,PEK,Air China,CA741,2,11L,Landed,B-327U,A21N,passenger
2026-02-12,11:34,01:04,Da Nang,DAD,Bamboo Airways,QH104,1,11L,Landed,VN-A596,A20N,passenger
2026-02-12,11:31,03:32,Shanghai,PVG,Air China,CA703,2,11L,Landed,B-6883,A321,passenger
2026-02-12,11:29,01:42,Ho Chi Minh City,SGN,Bamboo Airways,QH202,1,11L,Landed,VN-A227,A321,passenger
2026-02-12,11:25,01:24,Bangkok,BKK,Thai Airways,TG560,2,11L,Landed,HS-TXR,A320,passenger
2026-02-12,11:21,02:34,Taipei,TPE,EVA Air,BR397,2,11L,Landed,B-16727,B77W,passenger
2026-02-12,11:18,01:37,Ho Chi Minh City,SGN,Vietnam Airlines,VN206,1,11L,Landed,VN-A890,A359,passenger
2026-02-12,11:15,01:42,Phu Quoc,PQC,VietJet Air,VJ442,1,11L,Landed,VN-A536,A21N,passenger
2026-02-12,11:05,01:16,Qui Nhon,UIH,VietJet Air,VJ430,1,11L,Landed,VN-A542,A321,passenger
2026-02-12,11:02,04:26,Busan,PUS,VietJet Air,VJ981,2,11L,Landed,VN-A684,A321,passenger
2026-02-12,10:59,01:42,Ho Chi Minh City,SGN,Vietnam Airlines,VN7006,1,11L,Landed,VN-A625,A21N,passenger
2026-02-12,10:56,04:32,Seoul,ICN,Korean Air,KE441,2,11L,Landed,HL8531,A21N,passenger
2026-02-12,10:49,01:30,Da Lat,DLI,VietJet Air,VJ402,1,11L,Landed,VN-A672,A320,passenger
2026-02-12,10:44,00:55,Da Nang,DAD,Vietnam Airlines,VN158,1,11L,Landed,VN-A324,A321,passenger
2026-02-12,10:36,00:31,Haiphong,HPH,VietJet Air,VJ7527,1,11L,Landed,VN-A641,A321,passenger
2026-02-12,10:31,01:36,Ho Chi Minh City,SGN,Vietnam Airlines,VN208,1,11L,Landed,VN-A864,B789,passenger
2026-02-12,10:28,01:46,Guangzhou,CAN,China Southern Airlines,CZ3049,2,11L,Landed,B-306G,A20N,passenger
2026-02-12,10:23,00:34,Vinh,VII,Vietnam Airlines,VN1716,1,11L,Landed,VN-A397,A321,passenger
2026-02-12,10:16,06:04,Doha,DOH,Qatar Airways,QR8954,0,11L,Landed,A7-BFI,B77L,cargo
2026-02-12,10:12,01:45,Ho Chi Minh City,SGN,VietJet Air,VJ1120,1,11L,Landed,VN-A537,A21N,passenger
2026-02-12,10:09,02:24,Kaohsiung,KHH,Vietnam Airlines,VN587,2,11L,Landed,VN-A338,A321,passenger
2026-02-12,10:03,01:45,Ho Chi Minh City,SGN,Avion Express,VJ148,1,11L,Landed,LY-NVG,A320,passenger
2026-02-12,09:59,01:30,Nha Trang,CXR,Vietnam Airlines,VN7550,1,11L,Landed,VN-A331,A321,passenger
2026-02-12,09:55,01:40,Hong Kong,HKG,Cathay Pacific,CX741,2,11L,Landed,B-HNW,B773,passenger
2026-02-12,09:51,02:43,Taipei,TPE,Vietnam Airlines,VN579,2,11L,Landed,VN-A332,A321,passenger
2026-02-12,09:48,01:41,Ho Chi Minh City,SGN,VietJet Air,VJ122,1,11L,Landed,VN-A526,A21N,passenger
2026-02-12,09:44,01:30,Phnom Penh,KTI,Air Cambodia,K6854,2,11L,Landed,XU-350,A321,passenger
2026-02-12,09:36,01:43,Ho Chi Minh City,SGN,Sun PhuQuoc Airways,9G808,1,11L,Landed,VN-A286,A21N,passenger
2026-02-12,09:32,00:28,Haiphong,HPH,Sun PhuQuoc Airways,9G8802,1,11L,Landed,VN-A280,A321,passenger
2026-02-12,09:27,01:38,Ho Chi Minh City,SGN,Vietnam Airlines,VN240,1,11L,Landed,VN-A891,A359,passenger
2026-02-12,09:24,01:43,Ho Chi Minh City,SGN,BBN Airlines Indonesia,QH204,1,11L,Landed,PK-BBK,B739,passenger
2026-02-12,09:18,04:18,Seoul,ICN,VietJet Air,VJ963,2,11L,Landed,VN-A528,A21N,passenger
2026-02-12,09:15,01:47,Ho Chi Minh City,SGN,Vietravel Airlines,VU774,1,11L,Landed,VN-A136,A320,passenger
2026-02-12,09:10,00:55,Hue,HUI,Vietnam Airlines,VN1540,1,11R,Landed,VN-A326,A321,passenger
2026-02-12,09:06,01:47,Ho Chi Minh City,SGN,Sun PhuQuoc Airways,9G806,1,11R,Landed,VN-A279,A321,passenger
2026-02-12,08:57,01:42,Ho Chi Minh City,SGN,VietJet Air,VJ126,1,11R,Landed,VN-A698,A321,passenger
2026-02-12,08:49,01:40,Hong Kong,HKG,HK express,UO540,2,11R,Landed,B-LEG,A321,passenger
2026-02-12,08:42,01:25,Bangkok,DMK,AirAsia,FD642,2,11R,Landed,HS-BBA,A320,passenger
2026-02-12,08:36,01:37,Ho Chi Minh City,SGN,Vietnam Airlines,VN7214,1,11R,Landed,VN-A395,A321,passenger
2026-02-12,08:32,02:12,Ho Chi Minh City,SGN,Vietravel Airlines,VU750,1,11R,Landed,VN-A289,A321,passenger
2026-02-12,08:23,01:38,Shenzhen,SZX,Shenzhen Airlines,ZH101,2,11R,Landed,B-6855,A320,passenger
2026-02-12,08:17,01:30,Bangkok,BKK,K-Mile Air,8K525,0,11R,Landed,HS-KME,B738,cargo
2026-02-12,08:12,02:48,Kuala Lumpur,KUL,AirAsia,AK516,2,11R,Landed,9M-AJE,A320,passenger
2026-02-12,07:58,00:57,Da Nang,DAD,VietJet Air,VJ524,1,11R,Landed,VN-A671,A320,passenger
2026-02-12,07:57,03:51,Mumbai,BOM,Turkish Airlines,TK6340,0,29L,Landed,TC-LJR,B77L,cargo
2026-02-12,07:37,01:54,Ho Chi Minh City,SGN,Vietnam Airlines,VN7218,1,11R,Landed,VN-A399,A321,passenger
2026-02-12,07:34,03:03,Manila,MNL,Cebu Pacific,5J744,2,11R,Landed,RP-C4140,A21N,passenger
2026-02-12,07:28,01:50,Ho Chi Minh City,SGN,Vietnam Airlines,VN7216,1,11R,Landed,VN-A609,A321,passenger
2026-02-12,07:24,02:47,Manila,MNL,Vietnam Airlines,VN646,2,11R,Landed,VN-A603,A321,passenger
2026-02-12,07:21,01:46,Ho Chi Minh City,SGN,Vietnam Airlines,VN7022,1,11R,Landed,VN-A623,A21N,passenger
2026-02-12,07:17,01:44,Ho Chi Minh City,SGN,Vietnam Airlines,VN7210,1,11R,Landed,VN-A358,A321,passenger
2026-02-12,07:12,01:42,Ho Chi Minh City,SGN,N/A,VN6002,1,11R,Landed,VN-A363,A321,passenger
2026-02-12,07:06,01:40,Ho Chi Minh City,SGN,Bamboo Airways,QH294,1,11R,Landed,VN-A585,A321,passenger
2026-02-12,06:45,08:14,Moscow,SVO,Vietnam Airlines,VN62,2,11R,Landed,VN-A870,B789,passenger
2026-02-12,06:41,01:46,Ho Chi Minh City,SGN,Bamboo Airways,QH292,1,11R,Landed,VN-A596,A20N,passenger
2026-02-12,06:36,01:44,Ho Chi Minh City,SGN,Vietnam Airlines,VN7220,1,11R,Landed,VN-A324,A321,passenger
2026-02-12,06:32,09:49,Frankfurt,FRA,Vietnam Airlines,VN36,2,11R,Landed,VN-A863,B789,passenger
2026-02-12,06:29,01:47,Ho Chi Minh City,SGN,VietJet Air,VJ196,1,11R,Landed,VN-A697,A21N,passenger
2026-02-12,06:25,04:00,Mumbai,BOM,VietJet Air,VJ910,2,11R,Landed,VN-A580,A21N,passenger
2026-02-12,06:19,01:41,Ho Chi Minh City,SGN,Vietnam Airlines,VN7036,1,11R,Landed,VN-A515,A20N,passenger
2026-02-12,06:14,01:30,Nha Trang,CXR,VietJet Air,VJ772,1,11R,Landed,VN-A816,A333,passenger
2026-02-12,06:10,01:41,Ho Chi Minh City,SGN,VietJet Air,VJ1166,1,11R,Landed,VN-A551,A21N,passenger
2026-02-12,05:52,05:47,Abu Dhabi,AUH,Etihad Airways,EY432,2,11R,Landed,A6-BLU,B789,passenger
2026-02-12,05:47,04:02,Ahmedabad,AMD,VietJet Air,VJ1926,2,11R,Landed,VN-A656,A320,passenger
2026-02-12,05:40,03:48,Jakarta,CGK,Vietnam Airlines,VN634,2,11R,Landed,VN-A390,A321,passenger
2026-02-12,05:36,04:33,Seoul,ICN,Air Zeta,KJ387,0,11R,Landed,HL7507,B763,cargo
2026-02-12,05:31,01:39,Ho Chi Minh City,SGN,Vietnam Airlines,VN7028,1,11R,Landed,VN-A897,A359,passenger
2026-02-12,05:26,10:06,Paris,CDG,Vietnam Airlines,VN18,2,N/A,Landed,VN-A893,A359,passenger
2026-02-12,05:21,01:30,Guangzhou,CAN,FedEx,FX6001,0,11R,Landed,N126FE,B763,cargo
2026-02-12,05:15,03:23,Hyderabad,HYD,Vietnam Airlines,VN984,2,11R,Landed,VN-A608,A321,passenger
2026-02-12,04:58,07:30,Amman,AMM,Cargolux,CV7623,0,11R,Landed,LX-VCM,B748,cargo
2026-02-12,04:55,03:20,Beijing,PKX,VietJet Air,VJ7713,2,11R,Landed,VN-A675,A320,passenger
2026-02-12,04:01,01:40,Ho Chi Minh City,SGN,Vietravel Airlines,VU702,1,11L,Landed,VN-A129,A321,passenger
2026-02-12,03:58,09:00,N/A,,MSC Air,5Y3012,0,11L,Landed,N707GT,B77L,cargo
2026-02-12,03:31,01:36,Ho Chi Minh City,SGN,Vietnam Airlines,VN270,1,11L,Landed,VN-A326,A321,passenger
2026-02-12,03:17,01:39,Ho Chi Minh City,SGN,Sun PhuQuoc Airways,9G886,1,11L,Landed,VN-A284,A21N,passenger
2026-02-12,03:09,01:38,Hong Kong,HKG,Cathay Pacific,CX3147,0,11L,Landed,B-LIB,B744,cargo
2026-02-12,03:05,03:20,Shanghai,PVG,China Eastern Airlines,MU7235,2,11L,Landed,B-32NK,A21N,passenger
2026-02-12,02:55,04:09,Seoul,ICN,N/A,5Y8244,0,11L,Landed,N863GT,B748,cargo
2026-02-12,02:48,01:39,Ho Chi Minh City,SGN,VietJet Air,VJ164,1,11L,Landed,VN-A815,A333,passenger
2026-02-12,02:27,02:55,Manila,MNL,Cebu Pacific,5J746,2,11L,Landed,RP-C4123,A21N,passenger
2026-02-12,02:23,04:14,Seoul,ICN,Korean Air,KE8373,0,11L,Landed,HL8043,B77L,cargo
2026-02-12,02:20,01:36,Ho Chi Minh City,SGN,Sun PhuQuoc Airways,9G8894,1,11L,Landed,VN-A282,A21N,passenger
2026-02-12,02:08,04:31,Seoul,ICN,Air Zeta,KJ371,0,29R,Landed,HL8503,B738,cargo
2026-02-12,02:01,01:43,Ho Chi Minh City,SGN,VietJet Air,VJ178,1,11L,Landed,VN-A648,A321,passenger
2026-02-12,01:59,02:44,Manila,MNL,Philippine Airlines,PR595,2,11L,Landed,RP-C9907,A321,passenger
2026-02-12,01:55,04:11,Seoul,ICN,Korean Air,KE361,0,11L,Landed,HL7602,B744,cargo
2026-02-12,01:49,01:44,Ho Chi Minh City,SGN,VietJet Air,VJ182,1,11L,Landed,VN-A542,A321,passenger
2026-02-12,01:45,01:39,Phu Quoc,PQC,VietJet Air,VJ3521,1,11L,Landed,VN-A539,A21N,passenger
2026-02-12,01:42,01:39,Ho Chi Minh City,SGN,BBN Airlines Indonesia,QH268,1,11L,Landed,PK-BBK,B739,passenger
2026-02-12,01:37,01:42,Ho Chi Minh City,SGN,VietJet Air,VJ156,1,11L,Landed,VN-A673,A321,passenger
2026-02-12,01:31,06:13,Bahrain,BAH,DHL Air,QY576,0,11L,Landed,D-ALMG,A333,cargo
2026-02-12,01:29,01:42,Ho Chi Minh City,SGN,VietJet Air,VJ174,1,11L,Landed,VN-A522,A321,passenger
2026-02-12,01:25,03:20,Shanghai,PVG,China Eastern Airlines,MU5075,2,11L,Landed,B-7966,B738,passenger
2026-02-12,01:21,01:36,Ho Chi Minh City,SGN,Vietnam Airlines,VN7010,1,11L,Landed,VN-A866,B789,passenger
2026-02-12,01:18,03:41,Qingdao,TAO,Shandong Airlines,SC4649,2,11L,Landed,B-1226,B738,passenger
2026-02-12,01:15,01:35,Nha Trang,CXR,VietJet Air,VJ778,1,11L,Landed,VN-A639,A321,passenger
2026-02-12,01:12,01:34,Shenzhen,SZX,Shenzhen Airlines,ZH107,2,11L,Landed,B-6855,A320,passenger
2026-02-12,01:04,02:45,Zhengzhou,CGO,China Southern Airlines,CZ5029,2,11L,Landed,B-1979,B738,passenger
2026-02-12,00:50,01:43,Ho Chi Minh City,SGN,Sun PhuQuoc Airways,9G882,1,11L,Landed,VN-A279,A321,passenger
2026-02-12,00:44,03:23,Jinan,TNA,Shandong Airlines,SC8071,2,11L,Landed,B-1745,B738,passenger
2026-02-12,00:40,01:24,Bangkok,BKK,Vietnam Airlines,VN616,2,11L,Landed,VN-A623,A21N,passenger
2026-02-12,00:37,01:00,Da Nang,DAD,Vietnam Airlines,VN7192,1,11L,Landed,VN-A616,A21N,passenger
2026-02-12,00:34,04:40,Seoul,ICN,Jeju Air,7C2201,2,11L,Landed,HL8523,B38M,passenger
2026-02-12,00:32,01:42,Ho Chi Minh City,SGN,Vietnam Airlines,VN224,1,11L,Landed,VN-A397,A321,passenger
2026-02-12,00:28,01:40,Ho Chi Minh City,SGN,Vietnam Airlines,VN256,1,11L,Landed,VN-A878,B78X,passenger
2026-02-12,00:26,01:31,Macau,MFM,Air Macau,NX988,2,11L,Landed,B-MCD,A321,passenger
2026-02-12,00:24,02:13,Kolkata,CCU,IndiGo,6E8961,0,11L,Landed,VT-IKW,A321,cargo
2026-02-12,00:20,03:10,Shanghai,PVG,Juneyao Air,HO1329,2,11L,Landed,B-1646,A321,passenger
2026-02-12,00:16,01:38,Ho Chi Minh City,SGN,VietJet Air,VJ180,1,11L,Landed,VN-A814,A333,passenger
2026-02-12,00:11,01:45,Ho Chi Minh City,SGN,VietJet Air,VJ190,1,11L,Landed,VN-A684,A321,passenger
2026-02-12,00:08,03:36,Delhi,DEL,Atlas Air,5Y8132,0,11L,Landed,N499MC,B744,cargo
2026-02-12,00:05,01:01,Da Nang,DAD,Bamboo Airways,QH148,1,11L,Landed,VN-A597,A321,passenger
2026-02-12,00:02,01:38,Ho Chi Minh City,SGN,Vietnam Airlines,VN7020,1,11L,Landed,VN-A894,A359,passenger
2026-02-13,23:59,04:39,Daegu,TAE,T'way Air,TW63,2,11L,Landed,HL8326,B738,passenger
2026-02-13,23:56,01:34,Nha Trang,CXR,VietJet Air,VJ778,1,11L,Landed,VN-A636,A321,passenger
2026-02-13,23:53,01:40,Hong Kong,HKG,Cathay Pacific,CX2047,0,11L,Landed,B-LJD,B748,cargo
2026-02-13,23:51,01:43,Ho Chi Minh City,SGN,VietJet Air,VJ166,1,11L,Landed,VN-A629,A321,passenger
2026-02-13,23:38,01:43,Ho Chi Minh City,SGN,Bamboo Airways,QH280,1,11L,Landed,VN-A585,A321,passenger
2026-02-13,23:35,04:45,Seoul,ICN,T'way Air,TW61,2,11L,Landed,HL8098,B738,passenger
2026-02-13,23:28,01:38,Ho Chi Minh City,SGN,Vietnam Airlines,VN256,1,N/A,Landed,VN-A892,A359,passenger
2026-02-13,23:25,02:41,Kuala Lumpur,KUL,Vietnam Airlines,VN680,2,11L,Landed,VN-A325,A321,passenger
2026-02-13,23:16,01:53,Can Tho,VCA,VietJet Air,VJ464,1,11L,Landed,VN-A552,A21N,passenger
2026-02-13,23:13,01:02,Da Nang,DAD,Bamboo Airways,QH148,1,11L,Landed,VN-A597,A321,passenger
2026-02-13,23:09,12:55,Anchorage,ANC,MSC Air,5Y3080,0,11L,Landed,N709GT,B77L,cargo
2026-02-13,23:03,01:38,Ho Chi Minh City,SGN,Vietnam Airlines,VN258,1,11L,Landed,VN-A862,B789,passenger
2026-02-13,23:01,05:57,Tokyo,NRT,All Nippon Airways,NH897,2,11L,Landed,JA836A,B789,passenger
2026-02-13,22:58,06:15,Bahrain,BAH,DHL Air,QY576,0,11L,Landed,D-ALMA,A332,cargo
2026-02-13,22:52,02:47,Kuala Lumpur,KUL,MJets Air,WW220,0,11L,Landed,9M-KXP,B738,cargo
2026-02-13,22:49,01:31,Guangzhou,CAN,China Southern Airlines,CZ371,2,11L,Landed,B-20CA,B38M,passenger
2026-02-13,22:45,01:44,Ho Chi Minh City,SGN,BBN Airlines Indonesia,QH268,1,11L,Landed,PK-BBK,B739,passenger
2026-02-13,22:42,01:50,Chengdu,TFU,Sichuan Airlines,3U3905,2,11L,Landed,B-6347,A320,passenger
2026-02-13,22:40,01:01,Da Nang,DAD,VietJet Air,VJ516,1,11L,Landed,VN-A662,A320,passenger
2026-02-13,22:37,01:48,Ho Chi Minh City,SGN,Vietnam Airlines,VN7048,1,11L,Landed,VN-A619,A21N,passenger
2026-02-13,22:33,05:56,Tokyo,NRT,Japan Airlines,JL751,2,11L,Landed,JA619J,B763,passenger
2026-02-13,22:31,02:32,Kolkata,CCU,IndiGo,6E8961,0,11L,Landed,VT-IKW,A321,cargo
2026-02-13,22:27,01:49,Ho Chi Minh City,SGN,Vietnam Airlines,VN220,1,29R,Landed,VN-A873,B78X,passenger
2026-02-13,22:23,01:15,Chu Lai,VCL,Vietnam Airlines,VN7642,1,11L,Landed,VN-A618,A21N,passenger
2026-02-13,22:21,01:01,Vientiane,VTE,Vietnam Airlines,VN920,2,11L,Landed,VN-A393,A321,passenger
2026-02-13,22:18,04:26,Seoul,ICN,Asiana Airlines,OZ733,2,11L,Landed,HL8308,A359,passenger
2026-02-13,22:12,02:46,Taipei,TPE,VietJet Air,VJ943,2,11L,Landed,VN-A684,A321,passenger
2026-02-13,22:06,01:36,Ho Chi Minh City,SGN,Vietnam Airlines,VN252,1,11L,Landed,VN-A861,B789,passenger
2026-02-13,22:03,01:30,Macau,MFM,Air Macau,NX982,2,11L,Landed,B-MBO,A20N,passenger
2026-02-13,22:00,00:57,Hue,HUI,Vietnam Airlines,VN1544,1,11L,Landed,VN-A395,A321,passenger
2026-02-13,21:54,04:33,Denpasar,DPS,VietJet Air,VJ998,2,11L,Landed,VN-A697,A21N,passenger
2026-02-13,21:47,01:35,Phnom Penh,KTI,Vietnam Airlines,VN922,2,11L,Landed,VN-A602,A321,passenger
2026-02-13,21:44,01:02,Da Nang,DAD,N/A,VN6070,1,11L,Landed,VN-A363,A321,passenger
2026-02-13,21:38,04:31,Seoul,ICN,Korean Air,KE447,2,11L,Landed,HL7208,B789,passenger
2026-02-13,21:34,01:57,Hong Kong,HKG,HK express,UO542,2,11L,Landed,B-LEL,A321,passenger
2026-02-13,21:32,01:55,Ho Chi Minh City,SGN,Sun PhuQuoc Airways,9G872,1,11L,Landed,VN-A281,A21N,passenger
2026-02-13,21:29,04:40,Seoul,ICN,Vietnam Airlines,VN415,2,N/A,Landed,VN-A895,A359,passenger
2026-02-13,21:26,01:43,Nha Trang,CXR,Vietnam Airlines,VN1562,1,11L,Landed,VN-A601,A321,passenger
2026-02-13,21:23,01:53,Ho Chi Minh City,SGN,VietJet Air,VJ154,1,11L,Landed,VN-A522,A321,passenger
2026-02-13,21:21,01:51,Hong Kong,HKG,Hong Kong Air Cargo,RH317,0,11L,Landed,B-LNY,A332,cargo
2026-02-13,21:18,00:48,Dien Bien Phu,DIN,Vietnam Airlines,VN1807,1,11L,Landed,VN-A324,A321,passenger
2026-02-13,21:15,02:39,Taichung,RMQ,VietJet Air,VJ949,2,11L,Landed,VN-A580,A21N,passenger
2026-02-13,21:13,01:37,Nha Trang,CXR,Vietnam Airlines,VN1560,1,11L,Landed,VN-A608,A321,passenger
2026-02-13,21:07,01:26,Bangkok,BKK,FedEx,FX6002,0,11L,Landed,N104FE,B763,cargo
2026-02-13,21:01,01:44,Ho Chi Minh City,SGN,Bamboo Airways,QH262,1,11L,Landed,VN-A227,A321,passenger
2026-02-13,21:00,01:27,Bangkok,BKK,Vietnam Airlines,VN618,2,11L,Landed,VN-A358,A321,passenger
2026-02-13,20:56,01:42,Ho Chi Minh City,SGN,Vietravel Airlines,VU780,1,11L,Landed,VN-A136,A320,passenger
2026-02-13,20:53,01:44,Ho Chi Minh City,SGN,Vietnam Airlines,VN7046,1,11L,Landed,VN-A613,A321,passenger
2026-02-13,20:44,03:48,Beijing,PEK,Vietnam Airlines,VN513,2,11L,Landed,VN-A610,A321,passenger
2026-02-13,20:41,01:44,Phu Quoc,PQC,VietJet Air,VJ1440,1,11L,Landed,VN-A648,A321,passenger
2026-02-13,20:39,05:56,Tokyo,NRT,VietJet Air,VJ935,2,11L,Landed,VN-A523,A21N,passenger
2026-02-13,20:36,01:24,Siem Reap,SAI,VietJet Air,VJ914,2,11L,Landed,VN-A698,A321,passenger
2026-02-13,20:33,01:32,Shenzhen,SZX,China Southern Airlines,CZ8083,2,11L,Landed,B-6552,A321,passenger
2026-02-13,20:30,00:46,Luang Prabang,LPQ,Vietnam Airlines,VN930,2,11L,Landed,VN-A326,A321,passenger
2026-02-13,20:27,01:25,Bangkok,DMK,AirAsia,FD644,2,11L,Landed,HS-EAF,A21N,passenger
2026-02-13,20:25,05:36,Tokyo,HND,Vietnam Airlines,VN385,2,29R,Landed,VN-A871,B789,passenger
2026-02-13,20:08,01:15,Qui Nhon,UIH,Bamboo Airways,QH1214,1,11L,Landed,VN-A596,A20N,passenger
2026-02-13,20:05,01:17,Pleiku,PXU,VietJet Air,VJ424,1,11L,Landed,VN-A685,A321,passenger
2026-02-13,19:59,01:34,Da Lat,DLI,VietJet Air,VJ410,1,11L,Landed,VN-A672,A320,passenger
2026-02-13,19:56,02:44,Singapore,SIN,VietJet Air,VJ916,2,11L,Landed,VN-A537,A21N,passenger
2026-02-13,19:53,01:39,Ho Chi Minh City,SGN,Vietnam Airlines,VN216,1,11L,Landed,VN-A874,B78X,passenger
2026-02-13,19:50,01:40,Ho Chi Minh City,SGN,Vietnam Airlines,VN7290,1,11L,Landed,VN-A889,A359,passenger
2026-02-13,19:47,01:29,Yangon,RGN,Myanmar Airways International,8M450,2,11L,Landed,XY-ALN,A319,passenger
2026-02-13,19:43,01:14,Siem Reap,SAI,Vietnam Airlines,VN836,2,11L,Landed,VN-A603,A321,passenger
2026-02-13,19:35,01:37,Phnom Penh,KTI,Air Cambodia,K6850,2,11L,Landed,XU-350,A321,passenger
2026-02-13,19:32,00:41,Vinh,VII,Vietnam Airlines,VN1718,1,11L,Landed,VN-A399,A321,passenger
2026-02-13,19:28,01:45,Chongqing,CKG,West Air,PN6423,2,N/A,Landed,B-32MF,A19N,passenger
2026-02-13,19:22,02:51,Xi'an,XIY,China Eastern Airlines,MU867,2,11L,Landed,B-305Z,A20N,passenger
2026-02-13,19:14,01:23,Bangkok,BKK,Thai Airways,TG564,2,11L,Landed,HS-TXE,A320,passenger
2026-02-13,19:09,01:41,Ho Chi Minh City,SGN,Vietnam Airlines,VN232,1,11L,Landed,VN-A877,B78X,passenger
2026-02-13,19:06,05:20,Osaka,KIX,VietJet Air,VJ931,2,N/A,Landed,VN-A526,A21N,passenger
2026-02-13,19:03,01:43,Hong Kong,HKG,Hong Kong Airlines,HX528,2,11L,Landed,B-LPP,A320,passenger
2026-02-13,18:59,01:28,Nha Trang,CXR,Vietnam Airlines,VN1558,1,29R,Landed,VN-A623,A21N,passenger
2026-02-13,18:57,01:43,Ho Chi Minh City,SGN,Transavia,VJ134,1,11L,Landed,LY-MLI,A320,passenger
2026-02-13,18:52,00:55,Da Nang,DAD,Vietnam Airlines,VN174,1,11L,Landed,VN-A398,A321,passenger
2026-02-13,18:45,01:32,Shenzhen,SZX,Shenzhen Airlines,ZH105,2,11L,Landed,B-5771,B738,passenger
2026-02-13,18:29,01:45,Ho Chi Minh City,SGN,Vietnam Airlines,VN7202,1,11L,Landed,VN-A864,B789,passenger
2026-02-13,18:27,02:50,Singapore,SIN,China Airlines,CI6876,0,11L,Landed,B-18717,B744,cargo
2026-02-13,18:23,01:41,Guangzhou,CAN,China Southern Airlines,CZ8177,2,11L,Landed,B-1616,A321,passenger
2026-02-13,18:21,02:31,Kaohsiung,KHH,VietJet Air,VJ947,2,11L,Landed,VN-A536,A21N,passenger
2026-02-13,18:17,01:15,Luang Prabang,LPQ,Lao Airlines,QV313,2,11L,Landed,RDPL-34225,AT76,passenger
2026-02-13,18:14,01:09,Da Nang,DAD,Vietnam Airlines,VN7164,1,11L,Landed,VN-A618,A21N,passenger
2026-02-13,18:11,01:57,Can Tho,VCA,VietJet Air,VJ462,1,11L,Landed,VN-A662,A320,passenger
2026-02-13,18:08,01:47,Ho Chi Minh City,SGN,Sun PhuQuoc Airways,9G854,1,11L,Landed,VN-A284,A21N,passenger
2026-02-13,18:06,01:46,Phu Quoc,PQC,Sun PhuQuoc Airways,9G1216,1,11L,Landed,VN-A280,A321,passenger
2026-02-13,18:04,01:49,Phu Quoc,PQC,VietJet Air,VJ446,1,11L,Landed,VN-A543,A21N,passenger
2026-02-13,18:03,01:46,Ho Chi Minh City,SGN,Vietnam Airlines,VN7040,1,11L,Landed,VN-A395,A321,passenger
2026-02-13,17:56,01:00,Da Nang,DAD,Vietnam Airlines,VN170,1,11L,Landed,VN-A507,A21N,passenger
2026-02-13,17:54,03:47,Jakarta,CGK,VietJet Air,VJ928,2,11L,Landed,VN-A650,A320,passenger
2026-02-13,17:51,01:25,Bangkok,BKK,Vietnam Airlines,VN614,2,11L,Landed,VN-A338,A321,passenger
2026-02-13,17:48,03:36,Shanghai,PVG,China Eastern Airlines,MU6013,2,11L,Landed,B-32LX,A21N,passenger
2026-02-13,17:45,01:31,Da Lat,DLI,Vietnam Airlines,VN1574,1,11L,Landed,VN-A324,A321,passenger
2026-02-13,17:43,02:50,Singapore,SIN,China Cargo Airlines,CK288,0,11L,Landed,B-222K,B77L,cargo
2026-02-13,17:41,05:44,N/A,,VietJet Air,VJ7615,2,11L,Landed,VN-A539,A21N,passenger
2026-02-13,17:37,03:10,Shanghai,PVG,Vietnam Airlines,VN533,2,11L,Landed,VN-A621,A21N,passenger
2026-02-13,17:30,00:52,Luang Prabang,LPQ,AirAsia,FD1038,2,11L,Landed,HS-BBW,A320,passenger
2026-02-13,17:28,01:40,Ho Chi Minh City,SGN,Vietnam Airlines,VN250,1,29R,Landed,VN-A868,B789,passenger
2026-02-13,17:25,01:43,Ho Chi Minh City,SGN,Vietnam Airlines,VN7292,1,11L,Landed,VN-A872,B78X,passenger
2026-02-13,17:22,01:45,Phu Quoc,PQC,N/A,VN6400,1,11L,Landed,VN-A363,A321,passenger
2026-02-13,17:19,01:04,Da Nang,DAD,VietJet Air,VJ514,1,11L,Landed,VN-A552,A21N,passenger
2026-02-13,17:12,01:30,Guangzhou,CAN,Vietnam Airlines,VN507,2,11L,Landed,VN-A392,A321,passenger
2026-02-13,17:09,04:31,Busan,PUS,VietJet Air,VJ957,2,11L,Landed,VN-A656,A320,passenger
2026-02-13,17:05,01:27,Bangkok,BKK,VietJet Air,VJ902,2,11L,Landed,VN-A633,A321,passenger
2026-02-13,17:03,02:54,Singapore,SIN,Singapore Airlines,SQ194,2,11L,Landed,9V-SHL,A359,passenger
2026-02-13,17:01,02:45,Taipei,TPE,China Airlines,CI793,2,11L,Landed,B-18120,A21N,passenger
2026-02-13,16:53,01:37,Ho Chi Minh City,SGN,Vietnam Airlines,VN7226,1,11L,Landed,VN-A866,B789,passenger
2026-02-13,16:49,01:36,Ho Chi Minh City,SGN,Vietnam Airlines,VN248,1,11L,Landed,VN-A862,B789,passenger
2026-02-13,16:45,02:40,Taipei,TPE,EVA Air,BR385,2,11L,Landed,B-16221,A321,passenger
2026-02-13,16:37,00:35,Dien Bien Phu,DIN,Vietnam Airlines,VN1805,1,11L,Landed,VN-A331,A321,passenger
2026-02-13,16:33,02:14,Kolkata,CCU,IndiGo,6E1631,2,11L,Landed,VT-ISQ,A20N,passenger
2026-02-13,16:28,00:48,Vientiane,VTE,Lao Airlines,QV311,2,11L,Landed,RDPL-34199,A320,passenger
2026-02-13,16:26,00:58,Da Nang,DAD,Vietnam Airlines,VN172,1,11L,Landed,VN-A602,A321,passenger
2026-02-13,16:22,01:25,Tuy Hoa,TBB,Vietnam Airlines,VN1650,1,11L,Landed,VN-A616,A21N,passenger
2026-02-13,16:17,01:58,Con Dao,VCS,VietJet Air,VJ108,1,11L,Landed,B-656E,AJ27,passenger
2026-02-13,16:11,01:45,Can Tho,VCA,Vietnam Airlines,VN1202,1,11L,Landed,VN-A399,A321,passenger
2026-02-13,16:08,00:58,Da Nang,DAD,Vietnam Airlines,VN7186,1,11L,Landed,VN-A390,A321,passenger
2026-02-13,16:04,01:35,Da Lat,DLI,VietJet Air,VJ404,1,11L,Landed,VN-A671,A320,passenger
2026-02-13,16:00,01:47,Ho Chi Minh City,SGN,BBN Airlines Indonesia,QH242,1,11L,Landed,PK-BBK,B739,passenger
2026-02-13,15:58,01:50,Ho Chi Minh City,SGN,Pegasus,VJ188,1,11L,Landed,LY-NVE,A320,passenger
2026-02-13,15:54,01:54,Phu Quoc,PQC,Sun PhuQuoc Airways,9G1208,1,11L,Landed,VN-A279,A321,passenger
2026-02-13,15:51,01:47,Nha Trang,CXR,Vietnam Airlines,VN1552,1,11L,Landed,VN-A608,A321,passenger
2026-02-13,15:48,02:54,Singapore,SIN,Vietnam Airlines,VN660,2,11L,Landed,VN-A892,A359,passenger
2026-02-13,15:45,01:51,Hong Kong,HKG,Vietnam Airlines,VN593,2,11L,Landed,VN-A601,A321,passenger
2026-02-13,15:41,01:54,Ho Chi Minh City,SGN,VietJet Air,VJ138,1,11L,Landed,VN-A641,A321,passenger
2026-02-13,15:35,01:43,Nha Trang,CXR,Vietnam Airlines,VN7068,1,11L,Landed,VN-A619,A21N,passenger
2026-02-13,15:33,01:57,Can Tho,VCA,VietJet Air,VJ460,1,29R,Landed,VN-A546,A21N,passenger
2026-02-13,15:25,00:57,N/A,,N/A,N/A,2,11L,Landed,VN-B469,C208,passenger
2026-02-13,15:18,01:43,Ho Chi Minh City,SGN,Sun PhuQuoc Airways,9G838,1,29R,Landed,VN-A286,A21N,passenger
2026-02-13,15:12,01:11,Kunming,KMG,China Eastern Airlines,MU9605,2,11L,Landed,B-1788,B738,passenger
2026-02-13,15:08,01:43,Nha Trang,CXR,VietJet Air,VJ774,1,11L,Landed,VN-A522,A321,passenger
2026-02-13,15:06,02:06,Con Dao,VCS,VietJet Air,VJ106,1,29R,Landed,B-652G,AJ27,passenger
2026-02-13,15:03,05:44,Tokyo,NRT,Vietnam Airlines,VN311,2,29R,Landed,VN-A873,B78X,passenger
2026-02-13,15:00,02:34,Fuzhou,FOC,Xiamen Air,MF8697,2,11L,Landed,B-7849,B738,passenger
2026-02-13,14:49,01:08,Chiang Mai,CNX,AirAsia,FD870,2,29R,Landed,HS-BBC,A320,passenger
2026-02-13,14:46,01:29,Shenzhen,SZX,China Southern Airlines,CZ8469,2,11L,Landed,B-6687,A321,passenger
2026-02-13,14:43,01:00,Da Nang,DAD,VietJet Air,VJ508,1,11L,Landed,VN-A636,A321,passenger
2026-02-13,14:36,02:20,Xiamen,XMN,Xiamen Air,MF869,2,N/A,Landed,B-5552,B738,passenger
2026-02-13,14:29,00:55,Da Nang,DAD,Vietnam Airlines,VN168,1,11L,Landed,VN-A603,A321,passenger
2026-02-13,14:26,02:52,Kuala Lumpur,KUL,AirAsia,AK512,2,11L,Landed,9M-AGS,A20N,passenger
2026-02-13,14:23,01:05,Da Nang,DAD,VietJet Air,VJ528,1,11L,Landed,VN-A685,A321,passenger
2026-02-13,14:20,02:46,Kuala Lumpur,KUL,VietJet Air,VJ906,2,11L,Landed,VN-A648,A321,passenger
2026-02-13,14:18,02:44,Taipei,TPE,VietJet Air,VJ941,2,11L,Landed,VN-A684,A321,passenger
2026-02-13,14:15,01:34,Guangzhou,CAN,China Southern Airlines,CZ8315,2,11L,Landed,B-6816,A320,passenger
2026-02-13,14:12,01:23,Lijiang,LJG,Bamboo Airways,QH801,2,11L,Landed,VN-A596,A20N,passenger
2026-02-13,14:08,01:45,Ho Chi Minh City,SGN,Vietnam Airlines,VN246,1,11L,Landed,VN-A893,A359,passenger
2026-02-13,14:05,05:20,Nagoya,NGO,VietJet Air,VJ921,2,11L,Landed,VN-A553,A21N,passenger
2026-02-13,14:02,04:57,Seoul,ICN,VietJet Air,VJ961,2,11L,Landed,VN-A698,A321,passenger
2026-02-13,14:00,01:45,Ho Chi Minh City,SGN,Vietnam Airlines,VN7044,1,11L,Landed,VN-A618,A21N,passenger
2026-02-13,13:56,01:31,Shenzhen,SZX,Shenzhen Airlines,ZH103,2,11L,Landed,B-8220,A320,passenger
2026-02-13,13:54,03:36,Shanghai,PVG,China Eastern Airlines,MU6011,2,11L,Landed,B-6923,A321,passenger
2026-02-13,13:43,00:59,Hue,HUI,VietJet Air,VJ566,1,11L,Landed,VN-A580,A21N,passenger
2026-02-13,13:38,01:03,Da Nang,DAD,Vietnam Airlines,VN166,1,11L,Landed,VN-A331,A321,passenger
2026-02-13,13:32,01:31,Nha Trang,CXR,Vietnam Airlines,VN7552,1,11L,Landed,VN-A623,A21N,passenger
2026-02-13,13:29,03:39,Delhi,DEL,IndiGo,6E1633,2,11L,Landed,VT-IPT,A20N,passenger
2026-02-13,13:26,01:39,Phu Quoc,PQC,Sun PhuQuoc Airways,9G1204,1,11L,Landed,VN-A281,A21N,passenger
2026-02-13,13:19,04:21,Seoul,ICN,Vietnam Airlines,VN417,2,11L,Landed,VN-A874,B78X,passenger
2026-02-13,13:17,01:42,Ho Chi Minh City,SGN,Bamboo Airways,QH224,1,11L,Landed,ER-00005,A320,passenger
2026-02-13,13:13,04:51,Osaka,KIX,Vietnam Airlines,VN335,2,11L,Landed,VN-A888,A359,passenger
2026-02-13,13:10,01:38,Ho Chi Minh City,SGN,VietJet Air,VJ132,1,11L,Landed,VN-A644,A321,passenger
2026-02-13,13:05,04:25,Fukuoka,FUK,Vietnam Airlines,VN357,2,11L,Landed,VN-A507,A21N,passenger
2026-02-13,12:59,05:13,Osaka,KIX,VietJet Air,VJ939,2,11L,Landed,VN-A552,A21N,passenger
2026-02-13,12:55,01:39,Ho Chi Minh City,SGN,VietJet Air,VJ128,1,11L,Landed,VN-A816,A333,passenger
2026-02-13,12:50,01:39,Ho Chi Minh City,SGN,Vietnam Airlines,VN7258,1,11L,Landed,VN-A877,B78X,passenger
2026-02-13,12:47,01:26,Bangkok,BKK,China Cargo Airlines,CK278,0,11L,Landed,B-223F,B77L,cargo
2026-02-13,12:41,05:06,Nagoya,NGO,Vietnam Airlines,VN349,2,11L,Landed,VN-A889,A359,passenger
2026-02-13,12:38,01:31,Da Lat,DLI,Vietnam Airlines,VN1572,1,29R,Landed,VN-A324,A321,passenger
2026-02-13,12:35,01:33,Ho Chi Minh City,SGN,Vietnam Airlines,VN210,1,11L,Landed,VN-A869,B789,passenger
2026-02-13,12:32,03:28,Shanghai,PVG,Air China,CA703,2,11L,Landed,B-6883,A321,passenger
2026-02-13,12:25,06:04,Doha,DOH,Qatar Airways,QR976,2,11L,Landed,A7-BHL,B789,passenger
2026-02-13,12:22,01:45,Phu Quoc,PQC,Sun PhuQuoc Airways,9G1202,1,11L,Landed,VN-A280,A321,passenger
2026-02-13,12:19,01:35,Guangzhou,CAN,Shenzhen Airlines,ZH121,2,11L,Landed,B-5617,B738,passenger
2026-02-13,12:17,01:43,Ho Chi Minh City,SGN,Sun PhuQuoc Airways,9G822,1,N/A,Landed,VN-A284,A21N,passenger
2026-02-13,12:14,04:32,Seoul,ICN,Asiana Airlines,OZ729,2,11L,Landed,HL7756,B772,passenger
2026-02-13,12:11,01:36,Nha Trang,CXR,VietJet Air,VJ770,1,11L,Landed,VN-A543,A21N,passenger
2026-02-13,12:08,02:44,Kuala Lumpur,KUL,Batik Air,OD571,2,11L,Landed,9M-LRQ,B38M,passenger
2026-02-13,12:05,01:45,Phu Quoc,PQC,VietJet Air,VJ440,1,11L,Landed,VN-A675,A320,passenger
2026-02-13,12:01,01:16,Pleiku,PXU,Vietnam Airlines,VN1614,1,11L,Landed,VN-A602,A321,passenger
2026-02-13,11:56,01:31,Bangkok,DMK,AirAsia,FD640,2,11L,Landed,HS-BBG,A320,passenger
2026-02-13,11:47,01:42,Phu Quoc,PQC,Vietnam Airlines,VN1236,1,11L,Landed,VN-A392,A321,passenger
2026-02-13,11:45,03:42,Beijing,PEK,Air China,CA741,2,11L,Landed,B-326D,A21N,passenger
2026-02-13,11:42,,Da Nang,DAD,N/A,VN6080,1,11L,Landed,VN-A363,A321,passenger
2026-02-13,11:38,02:37,Taipei,TPE,EVA Air,BR397,2,11L,Landed,B-16729,B77W,passenger
2026-02-13,11:36,01:31,Buon Ma Thuot,BMV,Vietnam Airlines,VN1602,1,11L,Landed,VN-A616,A21N,passenger
2026-02-13,11:29,01:39,Ho Chi Minh City,SGN,Vietnam Airlines,VN244,1,11L,Landed,VN-A864,B789,passenger
2026-02-13,11:17,01:39,Ho Chi Minh City,SGN,Vietnam Airlines,VN238,1,11L,Landed,VN-A610,A321,passenger
2026-02-13,11:14,00:44,Dong Hoi,VDH,Vietnam Airlines,VN1590,1,11L,Landed,VN-A338,A321,passenger
2026-02-13,10:55,01:28,Da Lat,DLI,Bamboo Airways,QH1422,1,11L,Landed,VN-A597,A321,passenger
2026-02-13,10:52,04:34,Seoul,ICN,Korean Air,KE441,2,11L,Landed,HL8506,A21N,passenger
2026-02-13,10:48,01:16,Qui Nhon,UIH,VietJet Air,VJ430,1,11L,Landed,VN-A672,A320,passenger
2026-02-13,10:44,04:22,Busan,PUS,VietJet Air,VJ981,2,11L,Landed,VN-A633,A321,passenger
2026-02-13,10:41,01:38,Ho Chi Minh City,SGN,Vietnam Airlines,VN208,1,11L,Landed,VN-A868,B789,passenger
2026-02-13,10:38,02:40,Taipei,TPE,STARLUX,JX715,2,11L,Landed,B-58208,A21N,passenger
2026-02-13,10:36,01:41,Ho Chi Minh City,SGN,VietJet Air,VJ1120,1,11L,Landed,VN-A537,A21N,passenger
2026-02-13,10:33,01:08,Chu Lai,VCL,Vietnam Airlines,VN1640,1,11L,Landed,VN-A515,A20N,passenger
2026-02-13,10:30,02:54,Taipei,TPE,China Airlines,CI791,2,11L,Landed,B-18315,A333,passenger
2026-02-13,10:24,01:40,Ho Chi Minh City,SGN,VietJet Air,VJ1122,1,11L,Landed,VN-A671,A320,passenger
2026-02-13,10:21,01:43,Ho Chi Minh City,SGN,Sun PhuQuoc Airways,9G808,1,11L,Landed,VN-A279,A321,passenger
2026-02-13,10:19,01:36,Guangzhou,CAN,China Southern Airlines,CZ3049,2,11L,Landed,B-301W,A20N,passenger
2026-02-13,10:16,01:43,Ho Chi Minh City,SGN,Vietnam Airlines,VN7214,1,11L,Landed,VN-A358,A321,passenger
2026-02-13,10:12,01:37,Hong Kong,HKG,Cathay Pacific,CX741,2,11L,Landed,B-HNI,B773,passenger
2026-02-13,10:10,00:35,Vinh,VII,Vietnam Airlines,VN1716,1,11L,Landed,VN-A608,A321,passenger
2026-02-13,10:05,01:43,Ho Chi Minh City,SGN,Avion Express,VJ148,1,11R,Landed,LY-NVG,A320,passenger
2026-02-13,09:57,01:41,Ho Chi Minh City,SGN,Vietnam Airlines,VN242,1,11L,Landed,VN-A895,A359,passenger
2026-02-13,09:54,01:42,Ho Chi Minh City,SGN,VietJet Air,VJ176,1,11L,Landed,VN-A685,A321,passenger
2026-02-13,09:51,04:34,Seoul,ICN,VietJet Air,VJ963,2,11L,Landed,VN-A522,A321,passenger
2026-02-13,09:48,01:14,Pleiku,PXU,VietJet Air,VJ422,1,11L,Landed,VN-A580,A21N,passenger
2026-02-13,09:45,02:42,Taipei,TPE,Vietnam Airlines,VN579,2,11L,Landed,VN-A601,A321,passenger
2026-02-13,09:42,01:34,Ho Chi Minh City,SGN,Vietnam Airlines,VN240,1,11L,Landed,VN-A862,B789,passenger
2026-02-13,09:39,01:42,Ho Chi Minh City,SGN,Vietnam Airlines,VN7018,1,11L,Landed,VN-A393,A321,passenger
2026-02-13,09:34,05:32,Dubai,DWC,China Southern Cargo,CSG2585,0,11L,Landed,B-2072,B77L,cargo
2026-02-13,09:30,00:58,Da Nang,DAD,VietJet Air,VJ510,1,11L,Landed,VN-A697,A21N,passenger
2026-02-13,09:23,01:40,Ho Chi Minh City,SGN,BBN Airlines Indonesia,QH204,1,11L,Landed,PK-BBK,B739,passenger
2026-02-13,09:15,00:57,Da Nang,DAD,Vietnam Airlines,VN158,1,11L,Landed,VN-A331,A321,passenger
2026-02-13,09:07,01:41,Ho Chi Minh City,SGN,Vietravel Airlines,VU774,1,11L,Landed,VN-A289,A321,passenger
2026-02-13,09:00,00:54,Hue,HUI,Vietnam Airlines,VN1540,1,11L,Landed,VN-A399,A321,passenger
2026-02-13,08:58,02:57,Singapore,SIN,Scoot,TR300,2,11L,Landed,9V-NCB,A21N,passenger
2026-02-13,08:47,01:39,Hong Kong,HKG,HK express,UO540,2,11L,Landed,B-KKG,A21N,passenger
2026-02-13,08:41,01:28,Bangkok,DMK,AirAsia,FD642,2,11L,Landed,HS-ABS,A320,passenger
2026-02-13,08:33,01:33,Shenzhen,SZX,Shenzhen Airlines,ZH101,2,11L,Landed,B-6359,A320,passenger
2026-02-13,08:29,01:42,Ho Chi Minh City,SGN,N/A,VJ122,1,11L,Landed,VN-A524,A21N,passenger
2026-02-13,08:27,00:58,Da Nang,DAD,Vietnam Airlines,VN156,1,11L,Landed,VN-A398,A321,passenger
2026-02-13,08:17,01:36,Ho Chi Minh City,SGN,Sun PhuQuoc Airways,9G806,1,11L,Landed,VN-A286,A21N,passenger
2026-02-13,08:13,01:38,Ho Chi Minh City,SGN,VietJet Air,VJ126,1,11L,Landed,VN-A542,A321,passenger
2026-02-13,08:08,01:53,Ho Chi Minh City,SGN,Vietravel Airlines,VU750,1,11L,Landed,VN-A136,A320,passenger
2026-02-13,08:03,01:23,Bangkok,BKK,K-Mile Air,8K525,0,29R,Landed,HS-KME,B738,cargo
2026-02-13,07:54,02:41,Kuala Lumpur,KUL,AirAsia,AK9516,2,N/A,Landed,9M-AGG,A20N,passenger
2026-02-13,07:51,01:38,Ho Chi Minh City,SGN,VietJet Air,VJ124,1,11L,Landed,VN-A817,A333,passenger
2026-02-13,07:44,00:45,Nanning,NNG,GX Airlines,GX8971,2,11L,Landed,B-8388,A320,passenger
2026-02-13,07:29,03:13,Cebu,CEB,Vietnam Airlines,VN642,2,11L,Landed,VN-A338,A321,passenger
2026-02-13,07:20,01:41,Ho Chi Minh City,SGN,Vietnam Airlines,VN7210,1,11L,Landed,VN-A602,A321,passenger
2026-02-13,07:16,01:39,Ho Chi Minh City,SGN,Vietnam Airlines,VN7022,1,11L,Landed,VN-A621,A21N,passenger
2026-02-13,07:11,02:46,Manila,MNL,Cebu Pacific,5J744,2,11L,Landed,RP-C4123,A21N,passenger
2026-02-13,07:04,01:41,Ho Chi Minh City,SGN,N/A,VN6002,1,11L,Landed,VN-A363,A321,passenger
2026-02-13,07:01,02:38,Manila,MNL,Vietnam Airlines,VN646,2,11L,Landed,VN-A324,A321,passenger
2026-02-13,06:52,00:55,Da Nang,DAD,VietJet Air,VJ502,1,11L,Landed,VN-A543,A21N,passenger
2026-02-13,06:39,05:57,Doha,DOH,Qatar Airways,QR982,2,11L,Landed,A7-BHO,B789,passenger
2026-02-13,06:34,06:39,Kuwait City,KWI,Turkish Airlines,TK6382,0,11L,Landed,TC-LJV,B77L,cargo
2026-02-13,06:21,09:07,Melbourne,MEL,Vietnam Airlines,VN778,2,11L,Landed,VN-A893,A359,passenger
2026-02-13,06:17,04:00,Bengaluru,BLR,Vietnam Airlines,VN982,2,N/A,Landed,VN-A616,A21N,passenger
2026-02-13,06:14,01:42,Ho Chi Minh City,SGN,Bamboo Airways,QH294,1,11L,Landed,VN-A585,A321,passenger
2026-02-13,06:11,09:52,Frankfurt,FRA,Vietnam Airlines,VN36,2,11L,Landed,VN-A867,B789,passenger
2026-02-13,06:08,03:09,Shanghai,PVG,VietJet Air,VJ7239,2,11L,Landed,VN-A672,A320,passenger
2026-02-13,06:04,01:45,Ho Chi Minh City,SGN,Bamboo Airways,QH292,1,11L,Landed,VN-A596,A20N,passenger
2026-02-13,06:02,03:27,Delhi,DEL,VietJet Air,VJ972,2,11L,Landed,VN-A820,A333,passenger
2026-02-13,05:54,01:39,Ho Chi Minh City,SGN,Vietnam Airlines,VN7216,1,11L,Landed,VN-A501,A21N,passenger
2026-02-13,05:48,01:40,Ho Chi Minh City,SGN,Vietnam Airlines,VN7030,1,11L,Landed,VN-A877,B78X,passenger
2026-02-13,05:42,01:41,Ho Chi Minh City,SGN,Vietnam Airlines,VN7036,1,11L,Landed,VN-A515,A20N,passenger
2026-02-13,05:34,10:08,Paris,CDG,Vietnam Airlines,VN18,2,N/A,Landed,VN-A892,A359,passenger
2026-02-13,05:30,01:38,Ho Chi Minh City,SGN,VietJet Air,VJ1124,1,11L,Landed,VN-A697,A21N,passenger
2026-02-13,05:25,01:41,Ho Chi Minh City,SGN,Vietnam Airlines,VN7208,1,11L,Landed,VN-A503,A21N,passenger
2026-02-13,05:22,01:43,Ho Chi Minh City,SGN,VietJet Air,VJ1166,1,11L,Landed,VN-A639,A321,passenger
2026-02-13,04:54,01:39,Ho Chi Minh City,SGN,Bamboo Airways,QH282,1,11L,Landed,VN-A227,A321,passenger
2026-02-13,04:50,01:38,Ho Chi Minh City,SGN,VietJet Air,VJ190,1,11L,Landed,VN-A523,A21N,passenger
2026-02-13,04:44,01:40,Ho Chi Minh City,SGN,VietJet Air,VJ178,1,11L,Landed,VN-A648,A321,passenger
2026-02-13,04:37,09:27,Munich,MUC,Vietnam Airlines,VN34,2,11L,Landed,VN-A871,B789,passenger
2026-02-13,04:33,,Guangzhou,CAN,VietJet Air,VJ7527,2,11L,Landed,VN-A684,A321,passenger
2026-02-13,04:25,03:45,Mumbai,BOM,Vietnam Airlines,VN972,2,11L,Landed,VN-A869,B789,passenger
2026-02-13,04:21,01:40,Ho Chi Minh City,SGN,Sun PhuQuoc Airways,9G882,1,11L,Landed,VN-A280,A321,passenger
2026-02-13,04:16,01:39,Ho Chi Minh City,SGN,VietJet Air,VJ158,1,11L,Landed,VN-A641,A321,passenger
2026-02-13,04:09,01:39,Ho Chi Minh City,SGN,Sun PhuQuoc Airways,9G8802,1,11L,Landed,VN-A279,A321,passenger
2026-02-13,03:58,03:30,Beijing,PKX,VietJet Air,VJ7713,2,11L,Landed,VN-A671,A320,passenger
2026-02-13,03:53,04:30,Seoul,ICN,Air Zeta,KJ389,0,11L,Landed,HL7507,B763,cargo
2026-02-13,03:47,01:29,Nha Trang,CXR,VietJet Air,VJ7614,1,11L,Landed,VN-A539,A21N,passenger
2026-02-13,03:35,01:39,Ho Chi Minh City,SGN,Vietnam Airlines,VN224,1,11L,Landed,VN-A392,A321,passenger
2026-02-13,03:32,01:34,Hong Kong,HKG,Cathay Pacific,CX3247,0,11L,Landed,B-LJF,B748,cargo
2026-02-13,03:19,00:58,Da Nang,DAD,Vietnam Airlines,VN7192,1,11L,Landed,VN-A618,A21N,passenger
2026-02-13,03:13,01:42,Ho Chi Minh City,SGN,VietJet Air,VJ182,1,11L,Landed,VN-A657,A321,passenger
2026-02-13,03:10,03:27,Shanghai,PVG,China Eastern Airlines,MU7235,2,11L,Landed,B-32KT,A21N,passenger
2026-02-13,02:59,01:40,Ho Chi Minh City,SGN,VietJet Air,VJ174,1,11L,Landed,VN-A580,A21N,passenger
2026-02-13,02:47,01:48,Chengdu,TFU,VietJet Air,VJ7307,2,11L,Landed,VN-A528,A21N,passenger
2026-02-13,02:43,01:39,Ho Chi Minh City,SGN,Vietravel Airlines,VU702,1,11L,Landed,VN-A129,A321,passenger
2026-02-13,02:40,00:57,Da Nang,DAD,VietJet Air,VJ520,1,11L,Landed,VN-A698,A321,passenger
2026-02-13,02:22,01:44,Ho Chi Minh City,SGN,Vietnam Airlines,VN270,1,11L,Landed,VN-A326,A321,passenger
2026-02-13,02:18,04:18,Seoul,ICN,Korean Air,KE361,0,11L,Landed,HL7605,B744,cargo
2026-02-13,02:15,01:28,Nha Trang,CXR,VietJet Air,VJ778,1,11L,Landed,VN-A636,A321,passenger
2026-02-13,02:06,04:31,Seoul,ICN,Air Zeta,KJ373,0,11L,Landed,HL8338,B738,cargo
2026-02-13,02:04,01:23,Bangkok,BKK,Vietnam Airlines,VN616,2,11L,Landed,VN-A613,A321,passenger
2026-02-13,01:47,04:16,Seoul,ICN,Korean Air,KE9575,0,11L,Landed,HL8005,B77L,cargo
2026-02-13,01:46,01:40,Ho Chi Minh City,SGN,VietJet Air,VJ180,1,11L,Landed,VN-A817,A333,passenger
2026-02-13,01:39,02:42,Manila,MNL,Philippine Airlines,PR595,2,11L,Landed,RP-C9915,A321,passenger
2026-02-13,01:36,03:25,Shanghai,PVG,China Eastern Airlines,MU5075,2,11L,Landed,B-7966,B738,passenger
2026-02-13,01:27,04:29,Seoul,ICN,Atlas Air,5Y8123,0,11L,Landed,N859GT,B748,cargo
2026-02-13,01:25,01:38,Ho Chi Minh City,SGN,Sun PhuQuoc Airways,9G886,1,11L,Landed,VN-A284,A21N,passenger
2026-02-13,01:21,01:45,Ho Chi Minh City,SGN,Sun PhuQuoc Airways,9G8894,1,N/A,Landed,VN-A282,A21N,passenger
2026-02-13,01:17,03:46,Qingdao,TAO,Shandong Airlines,SC4649,2,11L,Landed,B-1358,B738,passenger
2026-02-13,01:12,01:44,Ho Chi Minh City,SGN,Bamboo Airways,QH280,1,11L,Landed,VN-A597,A321,passenger
2026-02-13,01:06,01:43,Ho Chi Minh City,SGN,VietJet Air,VJ160,1,11L,Landed,VN-A575,A21N,passenger
2026-02-13,01:03,02:53,Hangzhou,HGH,Air China,CA707,2,11L,Landed,B-6731,A320,passenger
2026-02-13,01:00,02:15,Wuhan,WUH,China Eastern Airlines,MU2573,2,11L,Landed,B-1965,B738,passenger
2026-02-13,00:52,03:28,Jinan,TNA,Shandong Airlines,SC8071,2,11L,Landed,B-1743,B738,passenger
2026-02-13,00:48,00:52,Hue,HUI,Vietnam Airlines,VN1548,1,11L,Landed,VN-A397,A321,passenger
2026-02-13,00:35,05:23,Tokyo,NRT,Japan Airlines,JL751,2,11L,Landed,JA606J,B763,passenger
2026-02-13,00:31,00:54,Hue,HUI,VietJet Air,VJ568,1,11L,Landed,VN-A650,A320,passenger
2026-02-13,00:29,01:29,Shenzhen,SZX,Shenzhen Airlines,ZH107,2,N/A,Landed,B-9938,A320,passenger
2026-02-13,00:22,03:06,Shanghai,PVG,Juneyao Air,HO1329,2,N/A,Landed,B-30CT,A20N,passenger
2026-02-13,00:09,01:35,Ho Chi Minh City,SGN,Vietnam Airlines,VN260,1,11L,Landed,VN-A879,B78X,passenger
2026-02-13,00:00,01:25,Buon Ma Thuot,BMV,VietJet Air,VJ1492,1,11L,Landed,VN-A546,A21N,passenger
2026-02-14,23:54,06:30,Tokyo,NRT,All Nippon Airways,NH8447,0,N/A,Landed,JA602F,B763,cargo
2026-02-14,23:44,01:36,Ho Chi Minh City,SGN,Vietnam Airlines,VN260,1,N/A,Landed,VN-A878,B78X,passenger
2026-02-14,23:40,05:50,Tokyo,NRT,Japan Airlines,JL751,2,N/A,Landed,JA608J,B763,passenger
2026-02-14,23:37,01:46,Ho Chi Minh City,SGN,Bamboo Airways,QH280,1,11L,Landed,VN-A597,A321,passenger
2026-02-14,23:34,01:36,Nha Trang,CXR,VietJet Air,VJ778,1,11L,Landed,VN-A685,A321,passenger
2026-02-14,23:31,04:55,Seoul,ICN,T'way Air,TW61,2,N/A,Landed,HL8047,B738,passenger
2026-02-14,23:30,04:38,Busan,PUS,Air Busan,BX7395,2,11L,Landed,HL8396,A21N,passenger
2026-02-14,23:23,01:56,Ho Chi Minh City,SGN,VietJet Air,VJ190,1,11L,Landed,VN-A525,A21N,passenger
2026-02-14,23:20,01:58,Guangzhou,CAN,China Southern Airlines,CZ371,2,N/A,Landed,B-1126,B38M,passenger
2026-02-14,23:17,01:55,Hong Kong,HKG,Hong Kong Air Cargo,RH317,0,11L,Landed,B-LNY,A332,cargo
2026-02-14,23:14,01:52,Ho Chi Minh City,SGN,VietJet Air,VJ126,1,N/A,Landed,VN-A657,A321,passenger
2026-02-14,23:11,01:51,Chengdu,TFU,Sichuan Airlines,3U3905,2,11L,Landed,B-1821,A320,passenger
2026-02-14,23:08,01:29,Buon Ma Thuot,BMV,VietJet Air,VJ494,1,11L,Landed,VN-A629,A321,passenger
2026-02-14,23:02,06:08,Tokyo,NRT,VietJet Air,VJ935,2,11L,Landed,VN-A523,A21N,passenger
2026-02-14,22:58,02:01,Can Tho,VCA,VietJet Air,VJ464,1,N/A,Landed,VN-A643,A321,passenger
2026-02-14,22:53,01:36,Buon Ma Thuot,BMV,VietJet Air,VJ1492,1,11L,Landed,VN-A537,A21N,passenger
2026-02-14,22:50,01:06,Hue,HUI,VietJet Air,VJ568,1,29R,Landed,VN-A656,A320,passenger
2026-02-14,22:46,01:48,Ho Chi Minh City,SGN,Vietnam Airlines,VN262,1,11L,Landed,VN-A899,A359,passenger
2026-02-14,22:40,01:33,Siem Reap,SAI,Vietnam Airlines,VN842,2,11L,Landed,VN-A606,A321,passenger
2026-02-14,22:37,04:33,Seoul,ICN,Asiana Airlines,OZ733,2,11L,Landed,HL7771,A359,passenger
2026-02-14,22:34,01:32,Macau,MFM,Air Macau,NX984,2,11L,Landed,B-MBT,A21N,passenger
2026-02-14,22:31,01:45,Ho Chi Minh City,SGN,BBN Airlines Indonesia,QH268,1,N/A,Landed,PK-BBK,B739,passenger
2026-02-14,22:28,04:49,Busan,PUS,T'way Air,TW65,2,N/A,Landed,HL8069,B738,passenger
2026-02-14,22:26,01:39,Nha Trang,CXR,VietJet Air,VJ784,1,11L,Landed,VN-A645,A321,passenger
2026-02-14,22:22,04:22,Busan,PUS,Vietnam Airlines,VN429,2,N/A,Landed,VN-A879,B78X,passenger
2026-02-14,22:19,01:49,Ho Chi Minh City,SGN,Vietnam Airlines,VN218,1,11L,Landed,VN-A874,B78X,passenger
2026-02-14,22:16,02:48,Taipei,TPE,VietJet Air,VJ943,2,N/A,Landed,VN-A697,A21N,passenger
2026-02-14,22:14,02:20,Kolkata,CCU,IndiGo,6E8961,0,11L,Landed,VT-IKW,A321,cargo
2026-02-14,22:10,01:46,Ho Chi Minh City,SGN,VietJet Air,VJ166,1,N/A,Landed,VN-A667,A321,passenger
2026-02-14,22:07,01:11,Da Nang,DAD,Vietravel Airlines,VU658,1,11L,Landed,VN-A129,A321,passenger
2026-02-14,22:04,02:55,Kuala Lumpur,KUL,Vietnam Airlines,VN680,2,11L,Landed,VN-A324,A321,passenger
2026-02-14,22:02,02:55,Zhengzhou,CGO,N/A,JD647,0,11L,Landed,B-32MG,A332,cargo
2026-02-14,21:59,01:53,Ho Chi Minh City,SGN,Sun PhuQuoc Airways,9G872,1,11L,Landed,VN-A281,A21N,passenger
2026-02-14,21:56,02:03,Can Tho,VCA,Vietnam Airlines,VN1206,1,11L,Landed,VN-A619,A21N,passenger
2026-02-14,21:53,01:45,Nha Trang,CXR,Vietnam Airlines,VN1562,1,29R,Landed,VN-A332,A321,passenger
2026-02-14,21:53,00:51,Dien Bien Phu,DIN,Vietnam Airlines,VN1807,1,11L,Landed,VN-A601,A321,passenger
2026-02-14,21:44,01:04,Da Nang,DAD,N/A,VN6070,1,11L,Landed,VN-A363,A321,passenger
2026-02-14,21:41,01:21,Qui Nhon,UIH,Vietnam Airlines,VN7620,1,11L,Landed,VN-A356,A321,passenger
2026-02-14,21:39,01:49,Ho Chi Minh City,SGN,Sun PhuQuoc Airways,9G868,1,11L,Landed,VN-A284,A21N,passenger
2026-02-14,21:35,04:36,Seoul,ICN,Korean Air,KE447,2,11L,Landed,HL8081,B789,passenger
2026-02-14,21:32,04:36,Denpasar,DPS,VietJet Air,VJ998,2,11L,Landed,VN-A536,A21N,passenger
2026-02-14,21:23,01:42,Phu Quoc,PQC,Sun PhuQuoc Airways,9G1230,1,N/A,Landed,VN-A279,A321,passenger
2026-02-14,21:21,05:28,Osaka,KIX,VietJet Air,VJ931,2,11L,Landed,VN-A575,A21N,passenger
2026-02-14,21:14,01:31,Bangkok,BKK,Vietnam Airlines,VN618,2,11L,Landed,VN-A396,A321,passenger
2026-02-14,21:11,01:01,Luang Prabang,LPQ,Vietnam Airlines,VN930,2,11L,Landed,VN-A395,A321,passenger
2026-02-14,21:03,04:41,Seoul,ICN,Vietnam Airlines,VN415,2,N/A,Landed,VN-A896,A359,passenger
2026-02-14,20:59,01:53,Hong Kong,HKG,Cathay Pacific,CX743,2,N/A,Landed,B-HNF,B773,passenger
2026-02-14,20:57,01:47,Shenzhen,SZX,China Southern Airlines,CZ8083,2,11L,Landed,B-6978,A321,passenger
2026-02-14,20:54,01:48,Ho Chi Minh City,SGN,Vietnam Airlines,VN250,1,11L,Landed,VN-A888,A359,passenger
2026-02-14,20:51,09:09,Sydney,SYD,Vietnam Airlines,VN786,2,11L,Landed,VN-A895,A359,passenger
2026-02-14,20:48,05:55,Tokyo,HND,Vietnam Airlines,VN385,2,N/A,Landed,VN-A870,B789,passenger
2026-02-14,20:43,01:53,Phu Quoc,PQC,VietJet Air,VJ1440,1,11L,Landed,VN-A553,A21N,passenger
2026-02-14,20:39,01:31,Siem Reap,SAI,Vietnam Airlines,VN836,2,11L,Landed,VN-A398,A321,passenger
2026-02-14,20:36,01:47,Ho Chi Minh City,SGN,Vietnam Airlines,VN252,1,11L,Landed,VN-A872,B78X,passenger
2026-02-14,20:33,01:30,Bangkok,DMK,AirAsia,FD644,2,11L,Landed,HS-EAA,A21N,passenger
2026-02-14,20:31,01:03,Da Nang,DAD,Vietnam Airlines,VN188,1,11L,Landed,VN-A613,A321,passenger
2026-02-14,20:28,01:28,Siem Reap,SAI,VietJet Air,VJ914,2,11L,Landed,VN-A522,A321,passenger
2026-02-14,20:24,01:41,Ho Chi Minh City,SGN,Vietnam Airlines,VN254,1,11L,Landed,VN-A863,B789,passenger
2026-02-14,20:12,01:13,Pleiku,PXU,VietJet Air,VJ424,1,11L,Landed,VN-A550,A21N,passenger
2026-02-14,20:08,01:36,Ho Chi Minh City,SGN,Vietnam Airlines,VN7290,1,N/A,Landed,VN-A890,A359,passenger
2026-02-14,20:05,00:57,Hue,HUI,Vietnam Airlines,VN1544,1,11L,Landed,VN-A329,A321,passenger
2026-02-14,20:01,01:43,Ho Chi Minh City,SGN,Bamboo Airways,QH262,1,N/A,Landed,VN-A227,A321,passenger
2026-02-14,19:58,01:28,Da Lat,DLI,VietJet Air,VJ410,1,11L,Landed,VN-A633,A321,passenger
2026-02-14,19:54,00:59,Da Nang,DAD,Vietnam Airlines,VN174,1,N/A,Landed,VN-A611,A321,passenger
2026-02-14,19:51,01:38,Ho Chi Minh City,SGN,Vietnam Airlines,VN232,1,29R,Landed,VN-A877,B78X,passenger
2026-02-14,19:49,00:59,Da Nang,DAD,VietJet Air,VJ516,1,11L,Landed,VN-A671,A320,passenger
2026-02-14,19:45,01:02,Chu Lai,VCL,Vietnam Airlines,VN7642,1,11L,Landed,VN-A621,A21N,passenger
2026-02-14,19:40,05:56,Doha,DOH,Qatar Airways,QR984,2,11L,Landed,A7-BCL,B788,passenger
2026-02-14,19:35,00:57,Da Nang,DAD,Vietnam Airlines,VN180,1,29R,Landed,VN-A515,A20N,passenger
2026-02-14,19:30,01:47,Chongqing,CKG,West Air,PN6423,2,11L,Landed,B-32MF,A19N,passenger
2026-02-14,19:25,10:30,Leipzig,LEJ,DHL Air,QY578,0,11L,Landed,D-ACVG,A333,cargo
2026-02-14,19:19,01:31,Da Lat,DLI,VietJet Air,VJ408,1,11L,Landed,VN-A662,A320,passenger
2026-02-14,19:16,01:46,Ho Chi Minh City,SGN,VietJet Air,VJ194,1,11L,Landed,VN-A651,A321,passenger
2026-02-14,19:11,01:38,Ho Chi Minh City,SGN,Vietnam Airlines,VN7230,1,11L,Landed,VN-A866,B789,passenger
2026-02-14,19:07,01:26,Bangkok,BKK,Thai Airways,TG564,2,11L,Landed,HS-TXK,A320,passenger
2026-02-14,19:03,03:27,Delhi,DEL,SF Airlines,O3168,0,11L,Landed,B-227E,B763,cargo
2026-02-14,18:59,01:35,Shenzhen,SZX,Shenzhen Airlines,ZH105,2,N/A,Landed,B-1478,B738,passenger
2026-02-14,18:53,01:48,Ho Chi Minh City,SGN,Transavia,VJ134,1,11L,Landed,LY-MLI,A320,passenger
2026-02-14,18:50,03:18,Shanghai,PVG,Vietnam Airlines,VN533,2,11L,Landed,VN-A625,A21N,passenger
2026-02-14,18:47,01:52,Hong Kong,HKG,Hong Kong Airlines,HX528,2,N/A,Landed,B-LPE,A320,passenger
2026-02-14,18:42,01:43,Phu Quoc,PQC,VietJet Air,VJ446,1,11L,Landed,VN-A675,A320,passenger
2026-02-14,18:36,01:42,Phu Quoc,PQC,Sun PhuQuoc Airways,9G1216,1,11L,Landed,VN-A280,A321,passenger
2026-02-14,18:32,01:50,Phnom Penh,KTI,Air Cambodia,K6850,2,11L,Landed,XU-353,A320,passenger
2026-02-14,18:28,01:40,Nha Trang,CXR,Vietnam Airlines,VN1558,1,11L,Landed,VN-A507,A21N,passenger
2026-02-14,18:26,01:04,Luang Prabang,LPQ,Lao Airlines,QV313,2,N/A,Landed,RDPL-34225,AT76,passenger
2026-02-14,18:23,01:49,Guangzhou,CAN,China Southern Airlines,CZ8177,2,N/A,Landed,B-9929,A320,passenger
2026-02-14,18:19,03:58,Jakarta,CGK,VietJet Air,VJ928,2,11R,Landed,VN-A672,A320,passenger
2026-02-14,18:16,01:29,Bangkok,BKK,VietJet Air,VJ902,2,N/A,Landed,VN-A641,A321,passenger
2026-02-14,18:13,01:04,Da Nang,DAD,VietJet Air,VJ512,1,11L,Landed,VN-A685,A321,passenger
2026-02-14,18:11,02:41,Kuala Lumpur,KUL,China Airlines,CI5866,0,11L,Landed,B-18720,B744,cargo
2026-02-14,18:07,01:39,Ho Chi Minh City,SGN,Vietnam Airlines,VN214,1,11L,Landed,VN-A873,B78X,passenger
2026-02-14,18:04,01:40,Ho Chi Minh City,SGN,Vietnam Airlines,VN7240,1,11L,Landed,VN-A334,A321,passenger
2026-02-14,18:01,03:25,Beijing,PEK,Vietnam Airlines,VN513,2,11L,Landed,VN-A602,A321,passenger
2026-02-14,17:58,00:48,Luang Prabang,LPQ,AirAsia,FD1038,2,N/A,Landed,HS-CBR,A320,passenger
2026-02-14,17:55,01:31,Bangkok,BKK,Vietnam Airlines,VN614,2,11L,Landed,VN-A338,A321,passenger
2026-02-14,17:52,02:33,Kaohsiung,KHH,VietJet Air,VJ947,2,11L,Landed,VN-A629,A321,passenger
2026-02-14,17:49,02:52,Singapore,SIN,VietJet Air,VJ916,2,11L,Landed,VN-A684,A321,passenger
2026-02-14,17:46,01:45,Ho Chi Minh City,SGN,Vietnam Airlines,VN212,1,11L,Landed,VN-A868,B789,passenger
2026-02-14,17:44,01:41,Guangzhou,CAN,Vietnam Airlines,VN507,2,11L,Landed,VN-A616,A21N,passenger
2026-02-14,17:39,03:36,Shanghai,PVG,China Eastern Airlines,MU6013,2,29R,Landed,B-32LT,A21N,passenger
2026-02-14,17:32,01:44,Ho Chi Minh City,SGN,Vietravel Airlines,VU770,1,11L,Landed,VN-A129,A321,passenger
2026-02-14,17:28,01:34,Nha Trang,CXR,Bamboo Airways,QH1416,1,N/A,Landed,VN-A597,A321,passenger
2026-02-14,17:23,01:51,Can Tho,VCA,Vietnam Airlines,VN1202,1,29R,Landed,VN-A601,A321,passenger
2026-02-14,17:20,03:03,Singapore,SIN,Singapore Airlines,SQ194,2,11L,Landed,9V-MBM,B38M,passenger
2026-02-14,17:11,01:42,Da Lat,DLI,Bamboo Airways,QH1424,1,11L,Landed,VN-A596,A20N,passenger
2026-02-14,17:09,04:41,Busan,PUS,VietJet Air,VJ957,2,29R,Landed,VN-A656,A320,passenger
2026-02-14,17:06,02:51,Singapore,SIN,China Cargo Airlines,CK288,0,11L,Landed,B-227K,B77L,cargo
2026-02-14,17:02,01:01,Da Nang,DAD,VietJet Air,VJ514,1,11L,Landed,VN-A643,A321,passenger
2026-02-14,16:56,02:44,Taipei,TPE,EVA Air,BR385,2,11L,Landed,B-16223,A321,passenger
2026-02-14,16:50,01:40,Hong Kong,HKG,Vietnam Airlines,VN593,2,11L,Landed,VN-A392,A321,passenger
2026-02-14,16:48,01:38,Ho Chi Minh City,SGN,VietJet Air,VJ146,1,11L,Landed,VN-A525,A21N,passenger
2026-02-14,16:38,00:38,Dien Bien Phu,DIN,Vietnam Airlines,VN1805,1,11L,Landed,VN-A332,A321,passenger
2026-02-14,16:35,03:26,Shanghai,PVG,Air China,CA755,2,11L,Landed,B-6791,A321,passenger
2026-02-14,16:26,01:33,Da Lat,DLI,Vietnam Airlines,VN1574,1,11L,Landed,VN-A514,A20N,passenger
2026-02-14,16:23,01:41,Ho Chi Minh City,SGN,Vietnam Airlines,VN248,1,29R,Landed,VN-A891,A359,passenger
2026-02-14,16:20,05:04,Hiroshima,HIJ,VietJet Air,VJ953,2,11L,Landed,VN-A650,A320,passenger
2026-02-14,16:17,01:39,Nha Trang,CXR,Vietnam Airlines,VN7568,1,11L,Landed,VN-A613,A321,passenger
2026-02-14,16:14,00:49,Vientiane,VTE,Lao Airlines,QV311,2,11L,Landed,RDPL-34199,A320,passenger
2026-02-14,16:11,01:47,Ho Chi Minh City,SGN,Avion Express,VU778,1,11L,Landed,9H-MLW,A320,passenger
2026-02-14,16:09,02:38,Taipei,TPE,China Airlines,CI793,2,11L,Landed,B-18360,A333,passenger
2026-02-14,16:05,02:01,Con Dao,VCS,VietJet Air,VJ108,1,11L,Landed,B-656E,AJ27,passenger
2026-02-14,16:02,01:49,Can Tho,VCA,VietJet Air,VJ460,1,11L,Landed,VN-A636,A321,passenger
2026-02-14,15:59,01:21,Tuy Hoa,TBB,Vietnam Airlines,VN1650,1,N/A,Landed,VN-A329,A321,passenger
2026-02-14,15:53,01:03,Da Nang,DAD,Vietnam Airlines,VN170,1,11L,Landed,VN-A326,A321,passenger
2026-02-14,15:50,01:53,Ho Chi Minh City,SGN,BBN Airlines Indonesia,QH242,1,29R,Landed,PK-BBK,B739,passenger
2026-02-14,15:47,01:37,Nha Trang,CXR,Vietnam Airlines,VN1552,1,11L,Landed,VN-A398,A321,passenger
2026-02-14,15:44,01:54,Can Tho,VCA,VietJet Air,VJ462,1,11L,Landed,VN-A671,A320,passenger
2026-02-14,15:41,01:45,Phu Quoc,PQC,Sun PhuQuoc Airways,9G1208,1,11L,Landed,VN-A279,A321,passenger
2026-02-14,15:39,01:57,Ho Chi Minh City,SGN,Vietnam Airlines,VN7046,1,29R,Landed,VN-A619,A21N,passenger
2026-02-14,15:36,02:54,Singapore,SIN,Vietnam Airlines,VN660,2,11L,Landed,VN-A899,A359,passenger
2026-02-14,15:25,08:25,Istanbul,IST,Turkish Airlines,TK164,2,N/A,Landed,TC-LGL,A359,passenger
2026-02-14,15:21,01:07,Da Nang,DAD,Vietnam Airlines,VN166,1,N/A,Landed,VN-A611,A321,passenger
2026-02-14,15:18,01:39,Bangkok,BKK,Vietnam Airlines,VN610,2,11L,Landed,VN-A396,A321,passenger
2026-02-14,15:15,01:24,Chiang Mai,CNX,AirAsia,FD870,2,11L,Landed,HS-BBJ,A320,passenger
2026-02-14,15:13,01:28,Qui Nhon,UIH,Vietnam Airlines,VN1622,1,11L,Landed,VN-A515,A20N,passenger
2026-02-14,15:10,06:22,Khabarovsk,KHV,VietJet Air,VJ7707,2,11L,Landed,VN-A539,A21N,passenger
2026-02-14,15:06,01:51,Ho Chi Minh City,SGN,Sun PhuQuoc Airways,9G838,1,11L,Landed,VN-A284,A21N,passenger
2026-02-14,15:03,04:45,Seoul,ICN,VietJet Air,VJ961,2,11L,Landed,VN-A698,A321,passenger
2026-02-14,15:00,01:36,Nha Trang,CXR,Vietnam Airlines,VN7068,1,N/A,Landed,VN-A512,A21N,passenger
2026-02-14,14:48,01:51,Guangzhou,CAN,China Southern Airlines,CZ8315,2,11L,Landed,B-32MC,A21N,passenger
2026-02-14,14:45,04:41,Seoul,ICN,Air Zeta,KJ951,0,N/A,Landed,HL7620,B744,cargo
2026-02-14,14:42,02:18,Xiamen,XMN,Xiamen Air,MF869,2,N/A,Landed,B-5552,B738,passenger
2026-02-14,14:38,01:36,Ho Chi Minh City,SGN,Vietnam Airlines,VN246,1,29R,Landed,VN-A867,B789,passenger
2026-02-14,14:32,01:26,Da Lat,DLI,VietJet Air,VJ404,1,11L,Landed,VN-A662,A320,passenger
2026-02-14,14:28,02:43,Kuala Lumpur,KUL,VietJet Air,VJ906,2,11L,Landed,VN-A526,A21N,passenger
2026-02-14,14:26,02:03,Con Dao,VCS,VietJet Air,VJ106,1,11L,Landed,B-652G,AJ27,passenger
2026-02-14,14:14,00:58,Kunming,KMG,China Eastern Airlines,MU9605,2,N/A,Landed,B-1789,B738,passenger
2026-02-14,14:11,00:59,Da Nang,DAD,Vietnam Airlines,VN168,1,11L,Landed,VN-A621,A21N,passenger
2026-02-14,14:02,01:35,Shenzhen,SZX,Shenzhen Airlines,ZH103,2,11L,Landed,B-8220,A320,passenger
2026-02-14,13:59,03:34,Shanghai,PVG,China Eastern Airlines,MU6011,2,11L,Landed,B-9906,A321,passenger
2026-02-14,13:47,00:56,Hue,HUI,VietJet Air,VJ566,1,11L,Landed,VN-A685,A321,passenger
2026-02-14,13:43,06:03,Tokyo,NRT,VietJet Air,VJ933,2,11L,Landed,VN-A537,A21N,passenger
2026-02-14,13:41,01:51,Phu Quoc,PQC,Sun PhuQuoc Airways,9G1204,1,11L,Landed,VN-A281,A21N,passenger
2026-02-14,13:33,04:35,Seoul,ICN,Vietnam Airlines,VN417,2,11L,Landed,VN-A872,B78X,passenger
2026-02-14,13:31,05:45,Nagoya,NGO,Vietnam Airlines,VN349,2,11L,Landed,VN-A888,A359,passenger
2026-02-14,13:27,01:42,Ho Chi Minh City,SGN,Vietnam Airlines,VN210,1,11L,Landed,VN-A863,B789,passenger
2026-02-14,13:25,02:37,Kaohsiung,KHH,Vietnam Airlines,VN583,2,11L,Landed,VN-A324,A321,passenger
2026-02-14,13:16,01:54,Phu Quoc,PQC,Vietnam Airlines,VN1236,1,11L,Landed,VN-A606,A321,passenger
2026-02-14,13:14,05:30,Osaka,KIX,VietJet Air,VJ939,2,11L,Landed,VN-A580,A21N,passenger
2026-02-14,13:11,04:59,Fukuoka,FUK,Vietnam Airlines,VN357,2,11L,Landed,VN-A507,A21N,passenger
2026-02-14,13:09,03:50,Delhi,DEL,IndiGo,6E1633,2,11L,Landed,VT-ISU,A20N,passenger
2026-02-14,13:05,01:54,Ho Chi Minh City,SGN,Vietnam Airlines,VN7044,1,11L,Landed,VN-A356,A321,passenger
2026-02-14,13:03,01:53,Phu Quoc,PQC,Sun PhuQuoc Airways,9G1202,1,11L,Landed,VN-A280,A321,passenger
2026-02-14,12:57,05:45,Dubai,DXB,Emirates,EK394,2,N/A,Landed,A6-ENH,B77W,passenger
2026-02-14,12:54,01:53,Ho Chi Minh City,SGN,VietJet Air,VJ128,1,11L,Landed,VN-A816,A333,passenger
2026-02-14,12:51,02:00,Guangzhou,CAN,Shenzhen Airlines,ZH121,2,11L,Landed,B-5619,B738,passenger
2026-02-14,12:49,05:06,Fukuoka,FUK,VietJet Air,VJ959,2,11L,Landed,VN-A522,A321,passenger
2026-02-14,12:46,01:50,Ho Chi Minh City,SGN,Bamboo Airways,QH224,1,11L,Landed,ER-00005,A320,passenger
2026-02-14,12:43,01:40,Da Lat,DLI,VietJet Air,VJ402,1,11L,Landed,VN-A643,A321,passenger
2026-02-14,12:39,03:06,Manila,MNL,Philippine Airlines,PR593,2,11L,Landed,RP-C8781,A333,passenger
2026-02-14,12:36,01:55,Ho Chi Minh City,SGN,VietJet Air,VJ132,1,N/A,Landed,VN-A543,A21N,passenger
2026-02-14,12:34,04:56,Seoul,ICN,N/A,5Y8246,0,11L,Landed,N485MC,B744,cargo
2026-02-14,12:31,04:51,Seoul,ICN,Asiana Airlines,OZ729,2,11L,Landed,HL7791,B772,passenger
2026-02-14,12:28,01:50,Phu Quoc,PQC,VietJet Air,VJ440,1,11L,Landed,VN-A675,A320,passenger
2026-02-14,12:26,01:47,Ho Chi Minh City,SGN,VietJet Air,VJ1120,1,N/A,Landed,VN-A641,A321,passenger
2026-02-14,12:20,01:48,Ho Chi Minh City,SGN,Vietnam Airlines,VN7006,1,11L,Landed,VN-A616,A21N,passenger
2026-02-14,12:17,01:35,Nha Trang,CXR,VietJet Air,VJ770,1,11L,Landed,VN-A693,A21N,passenger
2026-02-14,12:14,02:51,Kuala Lumpur,KUL,Batik Air,OD571,2,N/A,Landed,9M-LRT,B38M,passenger
2026-02-14,12:10,06:04,Doha,DOH,Qatar Airways,QR976,2,N/A,Landed,A7-BHU,B789,passenger
2026-02-14,12:07,02:49,Taipei,TPE,EVA Air,BR397,2,11L,Landed,B-16718,B77W,passenger
2026-02-14,12:05,01:39,Da Lat,DLI,Bamboo Airways,QH1422,1,11L,Landed,VN-A597,A321,passenger
2026-02-14,12:02,03:05,Kuala Lumpur,KUL,Malaysia Airlines,MH752,2,11L,Landed,9M-MXS,B738,passenger
2026-02-14,12:00,03:49,Shanghai,PVG,Air China,CA703,2,11L,Landed,B-6825,A321,passenger
2026-02-14,11:54,01:47,Phu Quoc,PQC,VietJet Air,VJ442,1,11L,Landed,VN-A635,A321,passenger
2026-02-14,11:48,01:31,Bangkok,DMK,AirAsia,FD640,2,11L,Landed,HS-BBG,A320,passenger
2026-02-14,11:46,01:48,Can Tho,VCA,Vietnam Airlines,VN1200,1,11L,Landed,VN-A338,A321,passenger
2026-02-14,11:43,01:44,Ho Chi Minh City,SGN,Sun PhuQuoc Airways,9G822,1,11L,Landed,VN-A286,A21N,passenger
2026-02-14,11:41,03:44,Beijing,PEK,Air China,CA741,2,11L,Landed,B-326D,A21N,passenger
2026-02-14,11:38,02:55,Singapore,SIN,Singapore Airlines,SQ192,2,29R,Landed,9V-SHM,A359,passenger
2026-02-14,11:38,01:03,Da Nang,DAD,N/A,VN6080,1,11L,Landed,VN-A363,A321,passenger
2026-02-14,11:32,01:41,Ho Chi Minh City,SGN,Vietnam Airlines,VN7244,1,11L,Landed,VN-A610,A321,passenger
2026-02-14,11:28,01:39,Ho Chi Minh City,SGN,Vietnam Airlines,VN244,1,11L,Landed,VN-A868,B789,passenger
2026-02-14,11:22,01:43,Ho Chi Minh City,SGN,Avion Express,VJ148,1,11L,Landed,LY-NVG,A320,passenger
2026-02-14,11:19,00:33,Vinh,VII,Vietnam Airlines,VN1716,1,11L,Landed,VN-A601,A321,passenger
2026-02-14,11:17,04:38,Busan,PUS,VietJet Air,VJ981,2,11L,Landed,VN-A633,A321,passenger
2026-02-14,11:14,00:42,Dong Hoi,VDH,Vietnam Airlines,VN1590,1,11L,Landed,VN-A326,A321,passenger
2026-02-14,11:10,01:31,Da Lat,DLI,Vietnam Airlines,VN1572,1,N/A,Landed,VN-A514,A20N,passenger
2026-02-14,11:08,01:04,Da Nang,DAD,Vietnam Airlines,VN164,1,11L,Landed,VN-A611,A321,passenger
2026-02-14,11:07,01:57,Ho Chi Minh City,SGN,VietJet Air,VJ136,1,29R,Landed,VN-A525,A21N,passenger
2026-02-14,11:00,01:38,Ho Chi Minh City,SGN,VietJet Air,VJ124,1,11L,Landed,VN-A810,A333,passenger
2026-02-14,10:56,01:15,Qui Nhon,UIH,VietJet Air,VJ430,1,11L,Landed,VN-A629,A321,passenger
2026-02-14,10:48,02:43,Taipei,TPE,EVA Air,BR6023,0,11L,Landed,B-16786,B77L,cargo
2026-02-14,10:45,00:57,Da Nang,DAD,Bamboo Airways,QH104,1,11L,Landed,VN-A596,A20N,passenger
2026-02-14,10:37,01:07,Chu Lai,VCL,Vietnam Airlines,VN1640,1,11L,Landed,VN-A515,A20N,passenger
2026-02-14,10:33,00:58,Da Nang,DAD,Vietnam Airlines,VN158,1,11L,Landed,VN-A398,A321,passenger
2026-02-14,10:30,02:41,Taipei,TPE,China Airlines,CI791,2,11L,Landed,B-18317,A333,passenger
2026-02-14,10:18,01:37,Guangzhou,CAN,China Southern Airlines,CZ3049,2,11L,Landed,B-301W,A20N,passenger
2026-02-14,10:10,02:22,Kaohsiung,KHH,Vietnam Airlines,VN587,2,11L,Landed,VN-A392,A321,passenger
2026-02-14,10:04,01:36,Hong Kong,HKG,Cathay Pacific,CX741,2,11L,Landed,B-HNW,B773,passenger
2026-02-14,10:00,00:52,Hue,HUI,Vietnam Airlines,VN1540,1,11L,Landed,VN-A625,A21N,passenger
2026-02-14,09:59,01:45,Ho Chi Minh City,SGN,VietJet Air,VJ1122,1,11L,Landed,VN-A685,A321,passenger
2026-02-14,09:49,01:44,Ho Chi Minh City,SGN,Sun PhuQuoc Airways,9G808,1,11L,Landed,VN-A279,A321,passenger
2026-02-14,09:47,02:45,Taipei,TPE,Vietnam Airlines,VN579,2,11L,Landed,VN-A331,A321,passenger
2026-02-14,09:38,01:39,Ho Chi Minh City,SGN,VietJet Air,VJ122,1,11L,Landed,VN-A523,A21N,passenger
2026-02-14,09:26,04:44,Seoul,ICN,VietJet Air,VJ963,2,11L,Landed,VN-A684,A321,passenger
2026-02-14,09:22,01:23,Bangkok,BKK,Thai Airways,TG560,2,11L,Landed,HS-TXN,A320,passenger
2026-02-14,09:20,02:13,Kolkata,CCU,IndiGo,6E9478,0,11L,Landed,VT-IKY,A321,cargo
2026-02-14,09:15,00:59,Da Nang,DAD,Vietnam Airlines,VN156,1,11L,Landed,VN-A396,A321,passenger
2026-02-14,09:05,01:38,Ho Chi Minh City,SGN,Vietnam Airlines,VN240,1,11L,Landed,VN-A896,A359,passenger
2026-02-14,09:03,01:41,Ho Chi Minh City,SGN,Vietravel Airlines,VU774,1,11L,Landed,VN-A136,A320,passenger
2026-02-14,08:53,01:43,Ho Chi Minh City,SGN,BBN Airlines Indonesia,QH204,1,11L,Landed,PK-BBK,B739,passenger
2026-02-14,08:49,06:01,Dubai,DWC,Sun PhuQuoc Airways,9G9908,2,11L,Landed,VN-A908,A20N,passenger
2026-02-14,08:46,01:39,Hong Kong,HKG,HK express,UO540,2,11L,Landed,B-KKE,A21N,passenger
2026-02-14,08:42,01:51,Hanoi,HAN,Vietnam Airlines,VN7715,2,11L,Landed,VN-A395,A321,passenger
2026-02-14,08:37,01:33,Bangkok,BKK,K-Mile Air,8K525,0,11L,Landed,HS-KME,B738,cargo
2026-02-14,08:35,01:28,Bangkok,DMK,AirAsia,FD642,2,11L,Landed,HS-ABS,A320,passenger
2026-02-14,08:32,01:36,Shenzhen,SZX,Shenzhen Airlines,ZH101,2,11L,Landed,B-6835,A320,passenger
2026-02-14,08:29,01:43,Ho Chi Minh City,SGN,Vietnam Airlines,VN7042,1,11L,Landed,VN-A512,A21N,passenger
2026-02-14,08:26,01:41,Ho Chi Minh City,SGN,Vietnam Airlines,VN7218,1,11L,Landed,VN-A332,A321,passenger
2026-02-14,08:19,02:50,Singapore,SIN,Scoot,TR300,2,11L,Landed,9V-OFM,B788,passenger
2026-02-14,08:16,01:39,Ho Chi Minh City,SGN,Sun PhuQuoc Airways,9G806,1,11L,Landed,VN-A284,A21N,passenger
2026-02-14,08:13,02:44,Kuala Lumpur,KUL,AirAsia,AK516,2,11L,Landed,9M-RAL,A20N,passenger
2026-02-14,08:00,06:01,Doha,DOH,Qatar Airways,QR8954,0,11L,Landed,A7-BFN,B77L,cargo
2026-02-14,07:55,01:39,Ho Chi Minh City,SGN,Vietnam Airlines,VN206,1,11L,Landed,VN-A326,A321,passenger
2026-02-14,07:46,01:40,Ho Chi Minh City,SGN,VietJet Air,VJ120,1,11L,Landed,VN-A820,A333,passenger
2026-02-14,07:37,01:40,Ho Chi Minh City,SGN,Vietnam Airlines,VN7214,1,11L,Landed,VN-A601,A321,passenger
2026-02-14,07:31,,Doha,DOH,Qatar Airways,QR8950,0,11L,Landed,A7-BFS,B77L,cargo
2026-02-14,07:29,02:59,Manila,MNL,Cebu Pacific,5J744,2,11L,Landed,RP-C4118,A21N,passenger
2026-02-14,07:22,01:39,Ho Chi Minh City,SGN,Vietnam Airlines,VN7220,1,11L,Landed,VN-A606,A321,passenger
2026-02-14,07:18,01:41,Ho Chi Minh City,SGN,Vietnam Airlines,VN7012,1,11L,Landed,VN-A621,A21N,passenger
2026-02-14,07:05,01:39,Ho Chi Minh City,SGN,VietJet Air,VJ1166,1,11L,Landed,VN-A642,A321,passenger
2026-02-14,07:00,01:42,Ho Chi Minh City,SGN,N/A,VN6002,1,11L,Landed,VN-A363,A321,passenger
2026-02-14,06:57,00:58,Da Nang,DAD,VietJet Air,VJ502,1,11L,Landed,VN-A693,A21N,passenger
2026-02-14,06:53,05:51,Doha,DOH,Qatar Airways,QR982,2,11L,Landed,A7-BHY,B789,passenger
2026-02-14,06:49,03:58,Mumbai,BOM,VietJet Air,VJ910,2,11L,Landed,VN-A536,A21N,passenger
2026-02-14,06:46,07:59,Istanbul,IST,Turkish Airlines,TK252,2,11L,Landed,TC-LLC,B789,passenger
2026-02-14,06:43,01:44,Ho Chi Minh City,SGN,Vietnam Airlines,VN7216,1,11L,Landed,VN-A611,A321,passenger
2026-02-14,06:40,01:44,Ho Chi Minh City,SGN,Vietnam Airlines,VN7036,1,11L,Landed,VN-A356,A321,passenger
2026-02-14,06:36,01:43,Ho Chi Minh City,SGN,VietJet Air,VJ1124,1,11L,Landed,VN-A644,A321,passenger
2026-02-14,06:28,01:39,Ho Chi Minh City,SGN,Vietnam Airlines,VN7210,1,11L,Landed,VN-A329,A321,passenger
2026-02-14,06:25,01:41,Ho Chi Minh City,SGN,Bamboo Airways,QH294,1,11L,Landed,VN-A585,A321,passenger
2026-02-14,06:12,01:41,Ho Chi Minh City,SGN,Vietnam Airlines,VN224,1,11L,Landed,VN-A625,A21N,passenger
2026-02-14,06:06,09:51,Frankfurt,FRA,Vietnam Airlines,VN36,2,11L,Landed,VN-A870,B789,passenger
2026-02-14,06:02,01:42,Ho Chi Minh City,SGN,Vietravel Airlines,VU702,1,11L,Landed,VN-A289,A321,passenger
2026-02-14,05:59,01:41,Ho Chi Minh City,SGN,Vietnam Airlines,VN7022,1,11L,Landed,VN-A514,A20N,passenger
2026-02-14,05:56,08:05,Moscow,SVO,Vietnam Airlines,VN62,2,11L,Landed,VN-A867,B789,passenger
2026-02-14,05:50,05:46,Abu Dhabi,AUH,Etihad Airways,EY432,2,11L,Landed,A6-BLK,B789,passenger
2026-02-14,05:48,01:05,Da Nang,DAD,Vietravel Airlines,VU658,1,11L,Landed,VN-A129,A321,passenger
2026-02-14,05:44,03:51,Jakarta,CGK,Vietnam Airlines,VN634,2,11L,Landed,VN-A338,A321,passenger
2026-02-14,05:43,01:44,Ho Chi Minh City,SGN,VietJet Air,VJ182,1,11L,Landed,VN-A635,A321,passenger
2026-02-14,05:36,10:04,Paris,CDG,Vietnam Airlines,VN18,2,11L,Landed,VN-A899,A359,passenger
2026-02-14,05:34,01:51,Ho Chi Minh City,SGN,AeroLogic,3S621,0,11L,Landed,D-AALH,B77L,cargo
2026-02-14,05:30,03:31,Hyderabad,HYD,Vietnam Airlines,VN984,2,11L,Landed,VN-A398,A321,passenger
2026-02-14,05:27,01:41,Ho Chi Minh City,SGN,VietJet Air,VJ174,1,11L,Landed,VN-A575,A21N,passenger
2026-02-14,05:15,01:35,Guangzhou,CAN,VietJet Air,VJ7527,2,11L,Landed,VN-A636,A321,passenger
2026-02-14,05:01,10:26,London,LHR,Vietnam Airlines,VN56,2,11L,Landed,VN-A863,B789,passenger
2026-02-14,04:52,01:01,Da Nang,DAD,VietJet Air,VJ520,1,N/A,Landed,VN-A643,A321,passenger
2026-02-14,04:45,03:13,Shanghai,PVG,VietJet Air,VJ7239,2,11L,Landed,VN-A672,A320,passenger
2026-02-14,04:28,03:18,Delhi,DEL,Vietnam Airlines,VN980,2,11L,Landed,VN-A886,A359,passenger
2026-02-14,04:07,01:47,Ho Chi Minh City,SGN,Sun PhuQuoc Airways,9G8802,1,11L,Landed,VN-A286,A21N,passenger
2026-02-14,04:04,03:40,Beijing,PKX,VietJet Air,VJ7713,2,11L,Landed,VN-A650,A320,passenger
2026-02-14,04:01,07:35,Amman,AMM,Cargolux,CV7625,0,11L,Landed,LX-VCB,B748,cargo
2026-02-14,03:57,04:39,Seoul,ICN,Air Zeta,KJ387,0,11L,Landed,HL7507,B763,cargo
2026-02-14,03:54,09:34,Milan,MXP,Vietnam Airlines,VN72,2,N/A,Landed,VN-A898,A359,passenger
2026-02-14,03:33,01:42,Ho Chi Minh City,SGN,VietJet Air,VJ196,1,11L,Landed,VN-A698,A321,passenger
2026-02-14,03:28,03:39,Shanghai,PVG,China Eastern Airlines,MU7235,2,11L,Landed,B-32LX,A21N,passenger
2026-02-14,03:11,01:41,Ho Chi Minh City,SGN,Bamboo Airways,QH282,1,11L,Landed,VN-A227,A321,passenger
2026-02-14,03:00,01:38,Hong Kong,HKG,Cathay Pacific,CX3147,0,11L,Landed,B-LIF,B744,cargo
2026-02-14,02:50,02:29,Xi'an,XIY,VietJet Air,VJ7343,2,11L,Landed,VN-A526,A21N,passenger
2026-02-14,02:45,01:42,Ho Chi Minh City,SGN,VietJet Air,VJ156,1,N/A,Landed,VN-A545,A21N,passenger
2026-02-14,02:42,04:25,Seoul,ICN,Korean Air,KE373,0,11L,Landed,HL7605,B744,cargo
2026-02-14,02:26,01:42,Ho Chi Minh City,SGN,VietJet Air,VJ190,1,11L,Landed,VN-A685,A321,passenger
2026-02-14,02:22,01:46,Ho Chi Minh City,SGN,Bamboo Airways,QH292,1,11L,Landed,VN-A596,A20N,passenger
2026-02-14,02:16,04:25,Seoul,ICN,Korean Air,KE361,0,11L,Landed,HL7601,B744,cargo
2026-02-14,02:15,01:43,Ho Chi Minh City,SGN,Vietnam Airlines,VN270,1,11L,Landed,VN-A332,A321,passenger
2026-02-14,01:56,03:42,Shanghai,PVG,China Eastern Airlines,MU5075,2,11L,Landed,B-7966,B738,passenger
2026-02-14,01:53,01:42,Ho Chi Minh City,SGN,VietJet Air,VJ178,1,N/A,Landed,VN-A550,A21N,passenger
2026-02-14,01:49,02:51,Manila,MNL,Philippine Airlines,PR595,2,11L,Landed,RP-C9918,A321,passenger
2026-02-14,01:46,02:49,Hefei,HFE,China Eastern Airlines,MU7155,2,11L,Landed,B-8973,A320,passenger
2026-02-14,01:37,00:55,Hue,HUI,Vietnam Airlines,VN1548,1,11L,Landed,VN-A395,A321,passenger
2026-02-14,01:31,01:42,Ho Chi Minh City,SGN,Vietnam Airlines,VN7020,1,11L,Landed,VN-A877,B78X,passenger
2026-02-14,01:24,03:00,Manila,MNL,Cebu Pacific,5J746,2,11L,Landed,RP-C4121,A21N,passenger
2026-02-14,01:21,03:04,Zhengzhou,CGO,China Southern Airlines,CZ5029,2,11L,Landed,B-5193,B738,passenger
2026-02-14,01:18,01:46,Ho Chi Minh City,SGN,Vietravel Airlines,VU770,1,11L,Landed,VN-A129,A321,passenger
2026-02-14,01:16,03:05,Hangzhou,HGH,Air China,CA707,2,11L,Landed,B-8493,A320,passenger
2026-02-14,01:13,01:49,Ho Chi Minh City,SGN,VietJet Air,VJ160,1,11L,Landed,VN-A642,A321,passenger
2026-02-14,01:11,03:42,Shanghai,PVG,Juneyao Air,HO1329,2,11L,Landed,B-8317,A321,passenger
2026-02-14,01:08,01:46,Ho Chi Minh City,SGN,Sun PhuQuoc Airways,9G8894,1,11L,Landed,VN-A282,A21N,passenger
2026-02-14,01:04,04:20,Seoul,ICN,Kalitta Air,K4604,0,11L,Landed,N745CK,B744,cargo
2026-02-14,01:00,01:33,Nha Trang,CXR,VietJet Air,VJ7706,1,11L,Landed,VN-A539,A21N,passenger
2026-02-14,00:58,03:29,Jinan,TNA,Shandong Airlines,SC8071,2,11L,Landed,B-7566,B738,passenger
2026-02-14,00:53,01:41,Ho Chi Minh City,SGN,Sun PhuQuoc Airways,9G886,1,11L,Landed,VN-A280,A321,passenger
2026-02-14,00:49,00:53,Hue,HUI,VietJet Air,VJ568,1,11L,Landed,VN-A671,A320,passenger
2026-02-14,00:46,01:41,Ho Chi Minh City,SGN,Sun PhuQuoc Airways,9G882,1,11L,Landed,VN-A284,A21N,passenger
2026-02-14,00:40,01:32,Shenzhen,SZX,Shenzhen Airlines,ZH107,2,11L,Landed,B-6359,A320,passenger
2026-02-14,00:36,01:46,Can Tho,VCA,Vietnam Airlines,VN1206,1,11L,Landed,VN-A623,A21N,passenger
2026-02-14,00:32,04:39,Seoul,ICN,Jeju Air,7C2201,2,11L,Landed,HL8554,B38M,passenger
2026-02-14,00:25,01:41,Ho Chi Minh City,SGN,VietJet Air,VJ152,1,11L,Landed,VN-A643,A321,passenger
2026-02-14,00:10,01:43,Ho Chi Minh City,SGN,Vietnam Airlines,VN262,1,11L,Landed,VN-A872,B78X,passenger
2026-02-14,00:07,01:33,Macau,MFM,Air Macau,NX988,2,11L,Landed,B-MCG,A321,passenger
2026-02-14,00:04,01:29,Bangkok,BKK,Vietnam Airlines,VN616,2,N/A,Landed,VN-A621,A21N,passenger
2026-02-14,00:01,01:45,Phu Quoc,PQC,VietJet Air,VJ1446,1,11L,Landed,VN-A633,A321,passenger
2026-02-15,23:56,01:23,Bangkok,BKK,Vietnam Airlines,VN616,2,11L,Landed,VN-A621,A21N,passenger
2026-02-15,23:48,02:42,Kuala Lumpur,KUL,Vietnam Airlines,VN680,2,11L,Landed,VN-A606,A321,passenger
2026-02-15,23:41,01:43,Ho Chi Minh City,SGN,Vietnam Airlines,VN7020,1,11L,Landed,VN-A879,B78X,passenger
2026-02-15,23:39,01:45,Phu Quoc,PQC,VietJet Air,VJ3525,1,11L,Landed,VN-A537,A21N,passenger
2026-02-15,23:32,01:24,Bangkok,BKK,VietJet Air,VJ904,2,11L,Landed,VN-A522,A321,passenger
2026-02-15,23:28,01:54,Ho Chi Minh City,SGN,Vietnam Airlines,VN256,1,11L,Landed,VN-A871,B789,passenger
2026-02-15,23:17,04:38,Seoul,ICN,T'way Air,TW61,2,N/A,Landed,HL8323,B738,passenger
2026-02-15,23:09,04:27,Busan,PUS,Air Busan,BX7395,2,N/A,Landed,HL8525,A21N,passenger
2026-02-15,22:56,01:29,Macau,MFM,Air Macau,NX984,2,11L,Landed,B-MBO,A20N,passenger
2026-02-15,22:53,02:51,Kuala Lumpur,KUL,MJets Air,WW220,0,11L,Landed,9M-WWA,B738,cargo
2026-02-15,22:50,01:32,Guangzhou,CAN,China Southern Airlines,CZ371,2,11L,Landed,B-20CU,B38M,passenger
2026-02-15,22:49,00:53,Hue,HUI,VietJet Air,VJ568,1,11L,Landed,VN-A643,A321,passenger
2026-02-15,22:45,,Buon Ma Thuot,BMV,VietJet Air,VJ1492,1,11L,Landed,VN-A536,A21N,passenger
2026-02-15,22:35,05:54,Tokyo,NRT,All Nippon Airways,NH897,2,11L,Landed,JA829A,B788,passenger
2026-02-15,22:29,04:24,Seoul,ICN,Asiana Airlines,OZ733,2,11L,Landed,HL8521,A359,passenger
2026-02-15,22:21,01:43,Ho Chi Minh City,SGN,VietJet Air,VJ166,1,11L,Landed,VN-A662,A320,passenger
2026-02-15,22:15,,Yangon,RGN,Myanmar Airways International,8M450,2,11L,Landed,XY-ALN,A319,passenger
2026-02-15,22:11,01:42,Phnom Penh,KTI,Vietnam Airlines,VN922,2,11L,Landed,VN-A603,A321,passenger
2026-02-15,22:09,01:46,Macau,MFM,Air Macau,NX982,2,11L,Landed,B-MBT,A21N,passenger
2026-02-15,22:06,01:46,Ho Chi Minh City,SGN,VietJet Air,VJ196,1,11L,Landed,VN-A810,A333,passenger
2026-02-15,22:03,02:02,Can Tho,VCA,Vietnam Airlines,VN1206,1,N/A,Landed,VN-A620,A21N,passenger
2026-02-15,22:00,01:58,Chengdu,TFU,Sichuan Airlines,3U3905,2,11L,Landed,B-6388,A320,passenger
2026-02-15,21:57,01:55,Hong Kong,HKG,HK express,UO542,2,11L,Landed,B-KKI,A21N,passenger
2026-02-15,21:54,01:02,Da Nang,DAD,N/A,VN6070,1,11L,Landed,VN-A363,A321,passenger
2026-02-15,21:48,04:26,Seoul,ICN,Korean Air,KE447,2,11L,Landed,HL8570,B78X,passenger
2026-02-15,21:46,01:49,Ho Chi Minh City,SGN,Vietnam Airlines,VN7048,1,11L,Landed,VN-A507,A21N,passenger
2026-02-15,21:43,00:54,Vientiane,VTE,Vietnam Airlines,VN920,2,29R,Landed,VN-A622,A21N,passenger
2026-02-15,21:40,01:46,Ho Chi Minh City,SGN,Vietnam Airlines,VN262,1,11L,Landed,VN-A895,A359,passenger
2026-02-15,21:37,,Phu Quoc,PQC,Sun PhuQuoc Airways,9G1230,1,11L,Landed,VN-A279,A321,passenger
2026-02-15,21:35,02:43,Taipei,TPE,VietJet Air,VJ943,2,11L,Landed,VN-A575,A21N,passenger
2026-02-15,21:32,01:43,Nha Trang,CXR,Vietnam Airlines,VN1562,1,11L,Landed,VN-A617,A21N,passenger
2026-02-15,21:30,01:44,Nha Trang,CXR,Vietnam Airlines,VN1560,1,11L,Landed,VN-A601,A321,passenger
2026-02-15,21:27,01:29,Bangkok,BKK,Vietnam Airlines,VN618,2,11L,Landed,VN-A611,A321,passenger
2026-02-15,21:24,01:26,Qui Nhon,UIH,Vietnam Airlines,VN7620,1,29R,Landed,VN-A392,A321,passenger
2026-02-15,21:21,01:47,Ho Chi Minh City,SGN,Sun PhuQuoc Airways,9G868,1,11L,Landed,VN-A286,A21N,passenger
2026-02-15,21:19,01:55,Ho Chi Minh City,SGN,Sun PhuQuoc Airways,9G872,1,11L,Landed,VN-A281,A21N,passenger
2026-02-15,21:16,01:34,Bangkok,BKK,FedEx,FX9125,0,11L,Landed,N104FE,B763,cargo
2026-02-15,21:13,01:46,Ho Chi Minh City,SGN,Vietnam Airlines,VN258,1,11L,Landed,VN-A873,B78X,passenger
2026-02-15,21:11,01:03,Da Nang,DAD,Vietravel Airlines,VU658,1,11L,Landed,VN-A129,A321,passenger
2026-02-15,21:07,00:42,Dien Bien Phu,DIN,Vietnam Airlines,VN1807,1,11L,Landed,VN-A399,A321,passenger
2026-02-15,21:05,01:37,Hong Kong,HKG,FedEx,FX9123,0,11L,Landed,N857FD,B77L,cargo
2026-02-15,21:02,01:23,Siem Reap,SAI,VietJet Air,VJ914,2,11L,Landed,VN-A651,A321,passenger
2026-02-15,20:59,01:45,Ho Chi Minh City,SGN,Vietnam Airlines,VN252,1,11L,Landed,VN-A886,A359,passenger
2026-02-15,20:57,03:51,Chennai,MAA,N/A,N/A,0,11L,Landed,VT-AFO,B738,cargo
2026-02-15,20:54,01:01,Da Nang,DAD,VietJet Air,VJ516,1,11L,Landed,VN-A657,A321,passenger
2026-02-15,20:48,04:26,Seoul,ICN,Vietnam Airlines,VN415,2,11L,Landed,VN-A889,A359,passenger
2026-02-15,20:43,01:08,Chu Lai,VCL,Vietnam Airlines,VN7642,1,11L,Landed,VN-A501,A21N,passenger
2026-02-15,20:39,01:33,Da Lat,DLI,VietJet Air,VJ408,1,11L,Landed,VN-A642,A321,passenger
2026-02-15,20:36,01:32,Phnom Penh,KTI,Air Cambodia,K6850,2,11L,Landed,XU-350,A321,passenger
2026-02-15,20:33,05:32,Tokyo,HND,Vietnam Airlines,VN385,2,11L,Landed,VN-A862,B789,passenger
2026-02-15,20:31,05:43,Tokyo,NRT,VietJet Air,VJ935,2,11L,Landed,VN-A523,A21N,passenger
2026-02-15,20:26,00:56,Da Nang,DAD,Vietnam Airlines,VN188,1,11L,Landed,VN-A514,A20N,passenger
2026-02-15,20:23,01:46,Ho Chi Minh City,SGN,BBN Airlines Indonesia,QH262,1,N/A,Landed,PK-BBK,B739,passenger
2026-02-15,20:20,01:27,Bangkok,DMK,AirAsia,FD644,2,N/A,Landed,HS-EAC,A21N,passenger
2026-02-15,20:18,01:42,Phu Quoc,PQC,VietJet Air,VJ1440,1,11L,Landed,VN-A684,A321,passenger
2026-02-15,20:15,00:54,Hue,HUI,Vietnam Airlines,VN1544,1,N/A,Landed,VN-A323,A321,passenger
2026-02-15,19:58,,Da Lat,DLI,VietJet Air,VJ410,1,11L,Landed,VN-A672,A320,passenger
2026-02-15,19:51,01:39,Ho Chi Minh City,SGN,Vietnam Airlines,VN7290,1,11L,Landed,VN-A893,A359,passenger
2026-02-15,19:42,01:34,Chongqing,CKG,West Air,PN6423,2,11L,Landed,B-32JM,A19N,passenger
2026-02-15,19:39,03:23,Shanghai,PVG,China Eastern Airlines,MU6013,2,11L,Landed,B-32KD,A21N,passenger
2026-02-15,19:35,01:22,Siem Reap,SAI,Vietnam Airlines,VN836,2,N/A,Landed,VN-A335,A321,passenger
2026-02-15,19:27,01:12,Pleiku,PXU,VietJet Air,VJ424,1,N/A,Landed,VN-A697,A21N,passenger
2026-02-15,19:23,01:41,Ho Chi Minh City,SGN,VietJet Air,VJ194,1,11L,Landed,VN-A814,A333,passenger
2026-02-15,19:15,01:26,Bangkok,BKK,Thai Airways,TG564,2,N/A,Landed,HS-TXD,A320,passenger
2026-02-15,19:12,01:41,Ho Chi Minh City,SGN,Vietravel Airlines,VU780,1,11L,Landed,VN-A136,A320,passenger
2026-02-15,19:04,01:43,Phu Quoc,PQC,VietJet Air,VJ446,1,11L,Landed,VN-A643,A321,passenger
2026-02-15,19:01,05:10,Osaka,KIX,VietJet Air,VJ931,2,11L,Landed,VN-A548,A21N,passenger
2026-02-15,18:57,01:38,Ho Chi Minh City,SGN,Vietnam Airlines,VN254,1,11L,Landed,VN-A877,B78X,passenger
2026-02-15,18:53,01:40,Hong Kong,HKG,Hong Kong Airlines,HX528,2,11L,Landed,B-LPN,A320,passenger
2026-02-15,18:50,01:51,Changsha,CSX,China Southern Airlines,CZ8359,2,11L,Landed,B-322V,A20N,passenger
2026-02-15,18:46,01:51,Ho Chi Minh City,SGN,Transavia,VJ134,1,11L,Landed,LY-MLI,A320,passenger
2026-02-15,18:43,01:52,Hong Kong,HKG,Cathay Pacific,CX743,2,11L,Landed,B-HNG,B773,passenger
2026-02-15,18:35,03:21,Shanghai,PVG,Vietnam Airlines,VN533,2,11L,Landed,VN-A625,A21N,passenger
2026-02-15,18:32,04:02,Beijing,PEK,Vietnam Airlines,VN513,2,11L,Landed,VN-A331,A321,passenger
2026-02-15,18:29,01:47,Guangzhou,CAN,China Southern Airlines,CZ8177,2,11L,Landed,B-1800,A320,passenger
2026-02-15,18:26,01:13,Da Nang,DAD,VietJet Air,VJ512,1,11L,Landed,VN-A683,A321,passenger
2026-02-15,18:23,01:42,Shenzhen,SZX,Shenzhen Airlines,ZH105,2,11L,Landed,B-5775,B738,passenger
2026-02-15,18:20,01:51,Ho Chi Minh City,SGN,Vietnam Airlines,VN7292,1,11L,Landed,VN-A896,A359,passenger
2026-02-15,18:17,01:53,Ho Chi Minh City,SGN,Vietnam Airlines,VN214,1,11L,Landed,VN-A874,B78X,passenger
2026-02-15,18:14,03:34,Shanghai,PVG,Air China,CA755,2,11L,Landed,B-8495,A321,passenger
2026-02-15,18:10,01:42,Da Lat,DLI,Vietnam Airlines,VN1576,1,29R,Landed,VN-A356,A321,passenger
2026-02-15,18:06,00:45,Dien Bien Phu,DIN,Vietnam Airlines,VN1805,1,11L,Landed,VN-A326,A321,passenger
2026-02-15,18:04,01:43,Phu Quoc,PQC,Sun PhuQuoc Airways,9G1216,1,11L,Landed,VN-A280,A321,passenger
2026-02-15,18:01,06:04,Doha,DOH,Qatar Airways,QR8952,0,11L,Landed,A7-BFQ,B77L,cargo
2026-02-15,17:58,05:38,Abu Dhabi,AUH,Etihad Airways,EY430,2,11L,Landed,A6-BLF,B789,passenger
2026-02-15,17:56,04:04,Jakarta,CGK,VietJet Air,VJ928,2,11L,Landed,VN-A656,A320,passenger
2026-02-15,17:52,01:34,Bangkok,BKK,VietJet Air,VJ902,2,11L,Landed,VN-A685,A321,passenger
2026-02-15,17:49,01:46,Ho Chi Minh City,SGN,VietJet Air,VJ172,1,11L,Landed,VN-A820,A333,passenger
2026-02-15,17:47,01:05,Luang Prabang,LPQ,Lao Airlines,QV313,2,11L,Landed,RDPL-34225,AT76,passenger
2026-02-15,17:44,01:45,Phu Quoc,PQC,N/A,VN6400,1,11L,Landed,VN-A363,A321,passenger
2026-02-15,17:40,03:14,Singapore,SIN,Singapore Airlines,SQ194,2,11L,Landed,9V-MBN,B38M,passenger
2026-02-15,17:38,02:22,Kaohsiung,KHH,VietJet Air,VJ947,2,11L,Landed,VN-A522,A321,passenger
2026-02-15,17:34,01:27,Bangkok,BKK,Vietnam Airlines,VN614,2,11L,Landed,VN-A398,A321,passenger
2026-02-15,17:32,01:43,Ho Chi Minh City,SGN,Sun PhuQuoc Airways,9G854,1,11L,Landed,VN-A284,A21N,passenger
2026-02-15,17:25,01:02,Da Nang,DAD,VietJet Air,VJ514,1,11L,Landed,VN-A550,A21N,passenger
2026-02-15,17:22,03:00,Singapore,SIN,VietJet Air,VJ916,2,11L,Landed,VN-A629,A321,passenger
2026-02-15,17:19,00:43,Luang Prabang,LPQ,AirAsia,FD1038,2,11L,Landed,HS-CBR,A320,passenger
2026-02-15,17:05,01:32,Guangzhou,CAN,Vietnam Airlines,VN507,2,29R,Landed,VN-A399,A321,passenger
2026-02-15,16:52,01:46,Ho Chi Minh City,SGN,Vietravel Airlines,VU770,1,11L,Landed,VN-A129,A321,passenger
2026-02-15,16:50,04:21,Busan,PUS,VietJet Air,VJ957,2,11L,Landed,VN-A650,A320,passenger
2026-02-15,16:47,01:38,Ho Chi Minh City,SGN,Vietnam Airlines,VN7248,1,11L,Landed,VN-A864,B789,passenger
2026-02-15,16:44,02:40,Taipei,TPE,EVA Air,BR385,2,11L,Landed,B-16216,A321,passenger
2026-02-15,16:35,02:18,Kolkata,CCU,IndiGo,6E1631,2,N/A,Landed,VT-IZF,A20N,passenger
2026-02-15,16:31,01:59,Can Tho,VCA,VietJet Air,VJ460,1,11L,Landed,VN-A657,A321,passenger
2026-02-15,16:28,01:53,Ho Chi Minh City,SGN,Avion Express,VU778,1,11L,Landed,9H-MLW,A320,passenger
2026-02-15,16:25,03:00,Singapore,SIN,Vietnam Airlines,VN660,2,11L,Landed,VN-A501,A21N,passenger
2026-02-15,16:23,04:53,Hiroshima,HIJ,VietJet Air,VJ953,2,11L,Landed,VN-A671,A320,passenger
2026-02-15,16:20,02:04,Con Dao,VCS,VietJet Air,VJ108,1,11L,Landed,B-656E,AJ27,passenger
2026-02-15,16:18,02:47,Taipei,TPE,China Airlines,CI793,2,11L,Landed,B-18115,A21N,passenger
2026-02-15,16:14,01:04,Da Nang,DAD,Vietnam Airlines,VN172,1,11L,Landed,VN-A392,A321,passenger
2026-02-15,16:12,01:37,Da Lat,DLI,Vietnam Airlines,VN1574,1,11L,Landed,VN-A514,A20N,passenger
2026-02-15,16:08,00:50,Vientiane,VTE,Lao Airlines,QV311,2,11L,Landed,RDPL-34199,A320,passenger
2026-02-15,16:05,01:56,Can Tho,VCA,Vietnam Airlines,VN1202,1,11L,Landed,VN-A329,A321,passenger
2026-02-15,16:02,01:33,Tuy Hoa,TBB,Vietnam Airlines,VN1650,1,11L,Landed,VN-A603,A321,passenger
2026-02-15,16:00,01:50,Ho Chi Minh City,SGN,VietJet Air,VJ144,1,11L,Landed,VN-A812,A333,passenger
2026-02-15,15:57,01:58,Ho Chi Minh City,SGN,Vietnam Airlines,VN7046,1,11L,Landed,VN-A323,A321,passenger
2026-02-15,15:54,01:57,Ho Chi Minh City,SGN,VietJet Air,VJ138,1,11L,Landed,VN-A651,A321,passenger
2026-02-15,15:52,01:57,Ho Chi Minh City,SGN,Bamboo Airways,QH242,1,11L,Landed,VN-A227,A321,passenger
2026-02-15,15:49,01:57,Phu Quoc,PQC,Sun PhuQuoc Airways,9G1208,1,11L,Landed,VN-A279,A321,passenger
2026-02-15,15:46,01:54,Ho Chi Minh City,SGN,Vietnam Airlines,VN7044,1,11L,Landed,VN-A613,A321,passenger
2026-02-15,15:43,02:02,Can Tho,VCA,VietJet Air,VJ462,1,11L,Landed,VN-A662,A320,passenger
2026-02-15,15:39,01:59,Phu Quoc,PQC,VietJet Air,VJ440,1,11L,Landed,VN-A675,A320,passenger
2026-02-15,15:35,01:14,Da Nang,DAD,Vietnam Airlines,VN170,1,11L,Landed,VN-A616,A21N,passenger
2026-02-15,15:32,01:43,Hong Kong,HKG,Vietnam Airlines,VN593,2,N/A,Landed,VN-A601,A321,passenger
2026-02-15,15:26,01:03,Kunming,KMG,China Eastern Airlines,MU9605,2,11L,Landed,B-1307,B738,passenger
2026-02-15,15:23,01:48,Nha Trang,CXR,Vietnam Airlines,VN1552,1,11L,Landed,VN-A621,A21N,passenger
2026-02-15,15:21,01:32,Qui Nhon,UIH,Vietnam Airlines,VN1622,1,11L,Landed,VN-A614,A321,passenger
2026-02-15,15:15,03:15,Shanghai,PVG,China Cargo Airlines,CK258,0,11L,Landed,B-228C,B77L,cargo
2026-02-15,15:12,01:51,Ho Chi Minh City,SGN,Sun PhuQuoc Airways,9G838,1,11L,Landed,VN-A286,A21N,passenger
2026-02-15,15:09,01:52,Ho Chi Minh City,SGN,Pegasus,VJ188,1,11L,Landed,LY-NVE,A320,passenger
2026-02-15,15:07,03:37,Shanghai,PVG,Air China,CA703,2,11L,Landed,B-8503,A321,passenger
2026-02-15,15:04,01:44,Nha Trang,CXR,Vietnam Airlines,VN7068,1,11L,Landed,VN-A620,A21N,passenger
2026-02-15,15:01,01:40,Shenzhen,SZX,China Southern Airlines,CZ8469,2,11L,Landed,B-1697,A320,passenger
2026-02-15,14:58,02:50,Fuzhou,FOC,Xiamen Air,MF8697,2,11L,Landed,B-1456,B738,passenger
2026-02-15,14:55,01:50,Phnom Penh,KTI,Air Cambodia,K6856,2,11L,Landed,XU-350,A321,passenger
2026-02-15,14:52,01:55,Ho Chi Minh City,SGN,Vietnam Airlines,VN210,1,11L,Landed,VN-A866,B789,passenger
2026-02-15,14:50,01:24,Chiang Mai,CNX,AirAsia,FD870,2,11L,Landed,HS-CBK,A20N,passenger
2026-02-15,14:46,03:03,Kuala Lumpur,KUL,VietJet Air,VJ906,2,11L,Landed,VN-A537,A21N,passenger
2026-02-15,14:43,02:23,Xiamen,XMN,Xiamen Air,MF869,2,11L,Landed,B-5383,B738,passenger
2026-02-15,14:41,01:47,Guangzhou,CAN,China Southern Airlines,CZ8315,2,11L,Landed,B-6776,A320,passenger
2026-02-15,14:37,01:54,Ho Chi Minh City,SGN,VietJet Air,VJ132,1,11L,Landed,VN-A693,A21N,passenger
2026-02-15,14:34,01:39,Bangkok,BKK,Vietnam Airlines,VN610,2,11L,Landed,VN-A606,A321,passenger
2026-02-15,14:32,01:08,Da Nang,DAD,Vietnam Airlines,VN166,1,29R,Landed,VN-A327,A321,passenger
2026-02-15,14:28,01:08,Da Nang,DAD,Vietnam Airlines,VN168,1,11L,Landed,VN-A335,A321,passenger
2026-02-15,14:26,00:44,Vinh,VII,Vietnam Airlines,VN7716,1,11L,Landed,VN-A353,A321,passenger
2026-02-15,14:23,02:10,Con Dao,VCS,VietJet Air,VJ106,1,11L,Landed,B-652G,AJ27,passenger
2026-02-15,14:18,02:52,Kuala Lumpur,KUL,AirAsia,AK512,2,11L,Landed,9M-AGN,A20N,passenger
2026-02-15,14:16,01:36,Shenzhen,SZX,Shenzhen Airlines,ZH103,2,11L,Landed,B-6939,A320,passenger
2026-02-15,14:14,08:15,Beirut,BEY,Turkish Airlines,TK6244,0,29R,Landed,TC-LJO,B77L,cargo
2026-02-15,14:07,01:43,Ho Chi Minh City,SGN,Vietnam Airlines,VN212,1,11L,Landed,VN-A869,B789,passenger
2026-02-15,14:05,01:46,Ho Chi Minh City,SGN,Vietravel Airlines,VU774,1,11L,Landed,VN-A289,A321,passenger
2026-02-15,14:03,05:41,Vladivostok,VVO,VietJet Air,VJ7705,2,11L,Landed,VN-A539,A21N,passenger
2026-02-15,13:56,05:07,Osaka,KIX,Vietnam Airlines,VN335,2,11L,Landed,VN-A886,A359,passenger
2026-02-15,13:52,01:40,Hong Kong,HKG,N/A,5Y8522,0,11L,Landed,N419MC,B744,cargo
2026-02-15,13:25,04:18,Seoul,ICN,VietJet Air,VJ961,2,11L,Landed,VN-A633,A321,passenger
2026-02-15,13:22,00:55,Hue,HUI,VietJet Air,VJ566,1,11L,Landed,VN-A643,A321,passenger
2026-02-15,13:16,05:32,Tokyo,NRT,Vietnam Airlines,VN311,2,11L,Landed,VN-A878,B78X,passenger
2026-02-15,13:14,04:29,Seoul,ICN,Air Zeta,KJ953,0,11L,Landed,HL7417,B744,cargo
2026-02-15,13:09,04:13,Seoul,ICN,Vietnam Airlines,VN417,2,29R,Landed,VN-A873,B78X,passenger
2026-02-15,13:04,01:45,Phu Quoc,PQC,Sun PhuQuoc Airways,9G1204,1,11L,Landed,VN-A281,A21N,passenger
2026-02-15,13:00,01:39,Ho Chi Minh City,SGN,Vietnam Airlines,VN246,1,11L,Landed,VN-A893,A359,passenger
2026-02-15,12:58,05:24,Nagoya,NGO,VietJet Air,VJ921,2,11L,Landed,VN-A575,A21N,passenger
2026-02-15,12:54,02:06,Dhaka,DAC,Ethiopian Airlines,ET678,2,11L,Landed,ET-AOP,B788,passenger
2026-02-15,12:48,05:31,Dubai,DXB,Emirates,EK394,2,11L,Landed,A6-ENB,B77W,passenger
2026-02-15,12:45,02:50,Kuala Lumpur,KUL,Batik Air,OD571,2,11L,Landed,9M-LRT,B38M,passenger
2026-02-15,12:42,04:15,Busan,PUS,Vietnam Airlines,VN429,2,11L,Landed,VN-A879,B78X,passenger
2026-02-15,12:39,04:49,Osaka,KIX,VietJet Air,VJ939,2,11L,Landed,VN-A536,A21N,passenger
2026-02-15,12:37,01:45,Ho Chi Minh City,SGN,Bamboo Airways,QH224,1,11L,Landed,JU-1410,A320,passenger
2026-02-15,12:34,04:19,Busan,PUS,VietJet Air,VJ981,2,11L,Landed,VN-A550,A21N,passenger
2026-02-15,12:28,01:36,Guangzhou,CAN,Shenzhen Airlines,ZH121,2,11L,Landed,B-1936,B738,passenger
2026-02-15,12:24,02:47,Ho Chi Minh City,SGN,VietJet Air,VJ136,1,11R,Landed,VN-A532,A321,passenger
2026-02-15,12:16,01:41,Phu Quoc,PQC,Sun PhuQuoc Airways,9G1202,1,11L,Landed,VN-A280,A321,passenger
2026-02-15,12:13,04:29,Seoul,ICN,Asiana Airlines,OZ729,2,11L,Landed,HL7791,B772,passenger
2026-02-15,12:04,05:56,Doha,DOH,Qatar Airways,QR976,2,11L,Landed,A7-BHS,B789,passenger
2026-02-15,12:01,02:59,Kuala Lumpur,KUL,Malaysia Airlines,MH752,2,11L,Landed,9M-MXN,B738,passenger
2026-02-15,11:58,01:00,Da Nang,DAD,N/A,VN6080,1,11L,Landed,VN-A363,A321,passenger
2026-02-15,11:55,01:44,Phu Quoc,PQC,Vietnam Airlines,VN1236,1,11L,Landed,VN-A392,A321,passenger
2026-02-15,11:51,04:23,Fukuoka,FUK,Vietnam Airlines,VN359,2,11L,Landed,VN-A356,A321,passenger
2026-02-15,11:47,01:26,Buon Ma Thuot,BMV,Vietnam Airlines,VN1602,1,11L,Landed,VN-A399,A321,passenger
2026-02-15,11:44,01:39,Ho Chi Minh City,SGN,Sun PhuQuoc Airways,9G822,1,11L,Landed,VN-A284,A21N,passenger
2026-02-15,11:38,01:33,Da Lat,DLI,Bamboo Airways,QH1422,1,11L,Landed,VN-A596,A20N,passenger
2026-02-15,11:35,01:25,Bangkok,DMK,AirAsia,FD640,2,11L,Landed,HS-BBA,A320,passenger
2026-02-15,11:32,01:42,Ho Chi Minh City,SGN,VietJet Air,VJ184,1,11L,Landed,VN-A820,A333,passenger
2026-02-15,11:30,01:46,Can Tho,VCA,Vietnam Airlines,VN1200,1,29R,Landed,VN-A398,A321,passenger
2026-02-15,11:21,03:01,Singapore,SIN,Singapore Airlines,SQ192,2,11L,Landed,9V-SHA,A359,passenger
2026-02-15,11:19,00:50,Dong Hoi,VDH,Vietnam Airlines,VN1590,1,11L,Landed,VN-A326,A321,passenger
2026-02-15,11:13,02:30,Taipei,TPE,EVA Air,BR397,2,11L,Landed,B-16726,B77W,passenger
2026-02-15,11:10,01:28,Da Lat,DLI,Vietnam Airlines,VN1572,1,11L,Landed,VN-A514,A20N,passenger
2026-02-15,11:04,04:36,Seoul,ICN,Korean Air,KE441,2,11L,Landed,HL8506,A21N,passenger
2026-02-15,10:56,00:59,Da Nang,DAD,Vietnam Airlines,VN164,1,11L,Landed,VN-A603,A321,passenger
2026-02-15,10:52,01:09,Pleiku,PXU,Vietnam Airlines,VN1614,1,11L,Landed,VN-A616,A21N,passenger
2026-02-15,10:45,01:44,Ho Chi Minh City,SGN,VietJet Air,VJ122,1,11L,Landed,VN-A553,A21N,passenger
2026-02-15,10:42,01:21,Qui Nhon,UIH,VietJet Air,VJ430,1,11L,Landed,VN-A672,A320,passenger
2026-02-15,10:39,01:45,Ho Chi Minh City,SGN,VietJet Air,VJ1120,1,11L,Landed,VN-A657,A321,passenger
2026-02-15,10:36,01:50,Ho Chi Minh City,SGN,VietJet Air,VJ1122,1,11L,Landed,VN-A642,A321,passenger
2026-02-15,10:33,01:10,Chu Lai,VCL,Vietnam Airlines,VN1640,1,11L,Landed,VN-A614,A321,passenger
2026-02-15,10:27,00:43,Vinh,VII,Vietnam Airlines,VN1716,1,11L,Landed,VN-A327,A321,passenger
2026-02-15,10:25,03:55,Jeju,CJU,Bamboo Airways,QH9497,2,11L,Landed,VN-A597,A321,passenger
2026-02-15,10:22,01:37,Guangzhou,CAN,China Southern Airlines,CZ3049,2,11L,Landed,B-30DG,A20N,passenger
2026-02-15,10:19,01:41,Ho Chi Minh City,SGN,Vietnam Airlines,VN208,1,11L,Landed,VN-A864,B789,passenger
2026-02-15,10:16,02:19,Kaohsiung,KHH,Vietnam Airlines,VN587,2,11L,Landed,VN-A329,A321,passenger
2026-02-15,10:11,02:44,Taipei,TPE,STARLUX,JX715,2,11L,Landed,B-58213,A21N,passenger
2026-02-15,10:07,01:38,Hong Kong,HKG,Cathay Pacific,CX741,2,11L,Landed,B-HNO,B773,passenger
2026-02-15,10:04,01:41,Ho Chi Minh City,SGN,Avion Express,VJ148,1,11L,Landed,LY-NVG,A320,passenger
2026-02-15,10:00,01:39,Ho Chi Minh City,SGN,Vietnam Airlines,VN240,1,29R,Landed,VN-A889,A359,passenger
2026-02-15,09:57,01:46,Ho Chi Minh City,SGN,Vietnam Airlines,VN7254,1,11L,Landed,VN-A338,A321,passenger
2026-02-15,09:51,01:29,Bangkok,BKK,Thai Airways,TG560,2,11L,Landed,HS-TXR,A320,passenger
2026-02-15,09:48,01:24,Buon Ma Thuot,BMV,VietJet Air,VJ492,1,11L,Landed,VN-A683,A321,passenger
2026-02-15,09:44,,Mumbai,BOM,Vietnam Airlines,VN972,2,N/A,Landed,VN-A888,A359,passenger
2026-02-15,09:41,01:14,Pleiku,PXU,VietJet Air,VJ422,1,11L,Landed,VN-A643,A321,passenger
2026-02-15,09:38,01:42,Ho Chi Minh City,SGN,VietJet Air,VJ126,1,11L,Landed,VN-A674,A21N,passenger
2026-02-15,09:35,02:40,Taipei,TPE,Vietnam Airlines,VN579,2,11L,Landed,VN-A601,A321,passenger
2026-02-15,09:32,01:41,Ho Chi Minh City,SGN,Sun PhuQuoc Airways,9G808,1,11L,Landed,VN-A279,A321,passenger
2026-02-15,09:28,01:01,Da Nang,DAD,Vietnam Airlines,VN158,1,11L,Landed,VN-A621,A21N,passenger
2026-02-15,09:25,01:44,Ho Chi Minh City,SGN,BBN Airlines Indonesia,QH204,1,11L,Landed,PK-BBK,B739,passenger
2026-02-15,09:15,00:56,Hue,HUI,Vietnam Airlines,VN1540,1,11L,Landed,VN-A625,A21N,passenger
2026-02-15,09:11,01:39,Ho Chi Minh City,SGN,VietJet Air,VJ124,1,11L,Landed,VN-A812,A333,passenger
2026-02-15,09:05,04:29,Seoul,ICN,VietJet Air,VJ963,2,11L,Landed,VN-A522,A321,passenger
2026-02-15,08:48,01:41,Hong Kong,HKG,HK express,UO540,2,11L,Landed,B-KKG,A21N,passenger
2026-02-15,08:42,02:55,Singapore,SIN,Scoot,TR300,2,11L,Landed,9V-OFC,B788,passenger
2026-02-15,08:37,01:38,Ho Chi Minh City,SGN,Sun PhuQuoc Airways,9G806,1,11L,Landed,VN-A286,A21N,passenger
2026-02-15,08:34,01:26,Bangkok,DMK,AirAsia,FD642,2,11L,Landed,HS-ABO,A320,passenger
2026-02-15,08:31,00:58,Da Nang,DAD,VietJet Air,VJ510,1,11L,Landed,VN-A629,A321,passenger
2026-02-15,08:27,01:25,Bangkok,BKK,K-Mile Air,8K528,0,11L,Landed,HS-KME,B738,cargo
2026-02-15,08:19,01:40,Shenzhen,SZX,Shenzhen Airlines,ZH101,2,11L,Landed,B-6835,A320,passenger
2026-02-15,08:15,01:53,Ho Chi Minh City,SGN,Vietravel Airlines,VU750,1,11L,Landed,VN-A136,A320,passenger
2026-02-15,08:10,01:43,Ho Chi Minh City,SGN,Vietnam Airlines,VN7012,1,11L,Landed,VN-A866,B789,passenger
2026-02-15,08:08,05:36,Dubai,DWC,Emirates,EK9852,0,11L,Landed,A6-EFS,B77L,cargo
2026-02-15,08:05,02:47,Kuala Lumpur,KUL,AirAsia,AK9516,2,11L,Landed,9M-RAQ,A20N,passenger
2026-02-15,07:57,01:37,Ho Chi Minh City,SGN,Vietnam Airlines,VN206,1,11L,Landed,VN-A869,B789,passenger
2026-02-15,07:55,01:40,Ho Chi Minh City,SGN,Bamboo Airways,QH202,1,11L,Landed,VN-A227,A321,passenger
2026-02-15,07:42,01:38,Ho Chi Minh City,SGN,N/A,VN6002,1,11L,Landed,VN-A363,A321,passenger
2026-02-15,07:32,00:57,Da Nang,DAD,Vietnam Airlines,VN156,1,11L,Landed,VN-A331,A321,passenger
2026-02-15,07:21,01:00,Da Nang,DAD,VietJet Air,VJ524,1,11L,Landed,VN-A656,A320,passenger
2026-02-15,07:17,02:56,Manila,MNL,Cebu Pacific,5J744,2,11L,Landed,RP-C4126,A21N,passenger
2026-02-15,07:10,02:41,Manila,MNL,Vietnam Airlines,VN646,2,11L,Landed,VN-A613,A321,passenger
2026-02-15,07:04,01:40,Ho Chi Minh City,SGN,Vietnam Airlines,VN7224,1,11L,Landed,VN-A501,A21N,passenger
2026-02-15,06:59,01:46,Ho Chi Minh City,SGN,Vietnam Airlines,VN7218,1,11L,Landed,VN-A399,A321,passenger
2026-02-15,06:55,09:49,Frankfurt,FRA,Vietnam Airlines,VN36,2,11L,Landed,VN-A862,B789,passenger
2026-02-15,06:53,01:47,Ho Chi Minh City,SGN,VietJet Air,VJ1166,1,N/A,Landed,VN-A636,A321,passenger
2026-02-15,06:46,01:47,Ho Chi Minh City,SGN,Vietnam Airlines,VN7214,1,11L,Landed,VN-A603,A321,passenger
2026-02-15,06:43,05:54,Doha,DOH,Qatar Airways,QR982,2,11L,Landed,A7-BHD,B789,passenger
2026-02-15,06:39,01:42,Ho Chi Minh City,SGN,Bamboo Airways,QH292,1,11L,Landed,VN-A596,A20N,passenger
2026-02-15,06:35,01:42,Ho Chi Minh City,SGN,Bamboo Airways,QH294,1,11L,Landed,VN-A585,A321,passenger
2026-02-15,06:32,01:44,Ho Chi Minh City,SGN,Vietnam Airlines,VN7022,1,11L,Landed,VN-A622,A21N,passenger
2026-02-15,06:24,01:41,Ho Chi Minh City,SGN,VietJet Air,VJ1124,1,11L,Landed,VN-A685,A321,passenger
2026-02-15,06:14,01:40,Ho Chi Minh City,SGN,Vietnam Airlines,VN7036,1,11L,Landed,VN-A514,A20N,passenger
2026-02-15,05:54,03:56,Bengaluru,BLR,Vietnam Airlines,VN982,2,11L,Landed,VN-A616,A21N,passenger
2026-02-15,05:50,01:46,Ho Chi Minh City,SGN,Vietnam Airlines,VN7216,1,11L,Landed,VN-A614,A321,passenger
2026-02-15,05:49,03:50,Jakarta,CGK,Vietnam Airlines,VN634,2,11L,Landed,VN-A392,A321,passenger
2026-02-15,05:29,10:01,Paris,CDG,Vietnam Airlines,VN18,2,N/A,Landed,VN-A893,A359,passenger
2026-02-15,05:25,03:25,Delhi,DEL,VietJet Air,VJ972,2,11L,Landed,VN-A817,A333,passenger
2026-02-15,05:14,03:48,Ahmedabad,AMD,VietJet Air,VJ1926,2,11L,Landed,VN-A650,A320,passenger
2026-02-15,04:54,01:42,Ho Chi Minh City,SGN,Vietravel Airlines,VU702,1,11L,Landed,VN-A129,A321,passenger
2026-02-15,04:51,04:31,Seoul,ICN,Air Zeta,KJ389,0,11L,Landed,HL7507,B763,cargo
2026-02-15,04:47,03:03,Shanghai,PVG,VietJet Air,VJ7239,2,11L,Landed,VN-A526,A21N,passenger
2026-02-15,04:43,03:31,Beijing,PKX,VietJet Air,VJ7713,2,11L,Landed,VN-A672,A320,passenger
2026-02-15,04:40,01:44,Ho Chi Minh City,SGN,VietJet Air,VJ152,1,11L,Landed,VN-A683,A321,passenger
2026-02-15,04:33,09:44,Munich,MUC,Vietnam Airlines,VN34,2,11L,Landed,VN-A861,B789,passenger
2026-02-15,04:32,03:22,Delhi,DEL,Atlas Air,5Y8138,0,11L,Landed,N445MC,B744,cargo
2026-02-15,04:27,01:42,Ho Chi Minh City,SGN,Sun PhuQuoc Airways,9G8802,1,11L,Landed,VN-A284,A21N,passenger
2026-02-15,04:21,01:32,Guangzhou,CAN,VietJet Air,VJ7527,2,11L,Landed,VN-A643,A321,passenger
2026-02-15,04:08,04:47,Seoul,ICN,CMA CGM Air Cargo,5Y8529,0,11L,Landed,N760GT,B77L,cargo
2026-02-15,03:40,09:34,Milan,MXP,Vietnam Airlines,VN72,2,11L,Landed,VN-A892,A359,passenger
2026-02-15,03:37,12:51,Anchorage,ANC,UPS,5X72,0,11L,Landed,N609UP,B748,cargo
2026-02-15,02:58,03:24,Shanghai,PVG,China Eastern Airlines,MU7235,2,11L,Landed,B-32LT,A21N,passenger
2026-02-15,02:34,01:44,Ho Chi Minh City,SGN,VietJet Air,VJ178,1,11L,Landed,VN-A550,A21N,passenger
2026-02-15,02:31,05:03,Seoul,ICN,Air Zeta,KJ373,0,11L,Landed,HL8503,B738,cargo
2026-02-15,02:26,01:41,Ho Chi Minh City,SGN,Vietnam Airlines,VN270,1,11L,Landed,VN-A327,A321,passenger
2026-02-15,02:21,01:45,Ho Chi Minh City,SGN,VietJet Air,VJ156,1,11L,Landed,VN-A651,A321,passenger
2026-02-15,02:17,01:38,Ho Chi Minh City,SGN,Vietnam Airlines,VN7020,1,11L,Landed,VN-A886,A359,passenger
2026-02-15,02:04,01:39,Ho Chi Minh City,SGN,Vietnam Airlines,VN7010,1,11L,Landed,VN-A866,B789,passenger
2026-02-15,01:57,01:42,Ho Chi Minh City,SGN,Vietnam Airlines,VN224,1,11L,Landed,VN-A605,A321,passenger
2026-02-15,01:46,10:41,Maastricht,MST,Ethiopian Airlines,ET3742,0,11L,Landed,ET-AVT,B77L,cargo
2026-02-15,01:42,03:33,Shanghai,PVG,China Eastern Airlines,MU5075,2,11L,Landed,B-1773,B738,passenger
2026-02-15,01:34,01:42,Ho Chi Minh City,SGN,Sun PhuQuoc Airways,9G886,1,11L,Landed,VN-A280,A321,passenger
2026-02-15,01:30,02:52,Manila,MNL,Philippine Airlines,PR595,2,11L,Landed,RP-C9907,A321,passenger
2026-02-15,01:26,01:41,Ho Chi Minh City,SGN,Sun PhuQuoc Airways,9G8894,1,11L,Landed,VN-A282,A21N,passenger
2026-02-15,01:23,03:49,Qingdao,TAO,Shandong Airlines,SC4649,2,11L,Landed,B-7978,B738,passenger
2026-02-15,01:16,01:22,Bangkok,BKK,Vietnam Airlines,VN616,2,11L,Landed,VN-A625,A21N,passenger
2026-02-15,01:06,02:14,Wuhan,WUH,China Eastern Airlines,MU2573,2,11L,Landed,B-7376,B738,passenger
2026-02-15,01:03,01:45,Ho Chi Minh City,SGN,VietJet Air,VJ160,1,11L,Landed,VN-A634,A321,passenger
2026-02-15,01:00,01:39,Ho Chi Minh City,SGN,Vietnam Airlines,VN258,1,11L,Landed,VN-A873,B78X,passenger
2026-02-15,00:57,03:28,Shanghai,PVG,Juneyao Air,HO1329,2,11L,Landed,B-30CT,A20N,passenger
2026-02-15,00:53,01:34,Nha Trang,CXR,VietJet Air,VJ7707,1,11L,Landed,VN-A539,A21N,passenger
2026-02-15,00:51,01:36,Shenzhen,SZX,Shenzhen Airlines,ZH107,2,11L,Landed,B-6835,A320,passenger
2026-02-15,00:46,03:27,Jinan,TNA,Shandong Airlines,SC8071,2,11L,Landed,B-1230,B738,passenger
2026-02-15,00:43,01:36,Ho Chi Minh City,SGN,Vietnam Airlines,VN220,1,11L,Landed,VN-A868,B789,passenger
2026-02-15,00:40,05:33,Abu Dhabi,AUH,Etihad Airways,EY979,0,N/A,Landed,A6-DDD,B77L,cargo
2026-02-15,00:30,01:42,Ho Chi Minh City,SGN,Sun PhuQuoc Airways,9G882,1,11L,Landed,VN-A286,A21N,passenger
2026-02-15,00:26,01:45,Phu Quoc,PQC,VietJet Air,VJ1446,1,11L,Landed,VN-A641,A321,passenger
2026-02-15,00:18,04:41,Seoul,ICN,Jeju Air,7C2201,2,11L,Landed,HL8554,B38M,passenger
2026-02-15,00:14,01:00,Da Nang,DAD,VietJet Air,VJ520,1,11L,Landed,VN-A633,A321,passenger
2026-02-15,00:07,02:46,Kuala Lumpur,KUL,MJets Air,WW220,0,N/A,Landed,9M-KXP,B738,cargo
2026-02-15,00:03,01:45,Ho Chi Minh City,SGN,Vietnam Airlines,VN256,1,11L,Landed,VN-A335,A321,passenger
2026-02-15,00:00,00:54,Hue,HUI,Vietnam Airlines,VN1548,1,11L,Landed,VN-A621,A21N,passenger
2026-02-16,23:55,04:30,Ulaanbaatar,UBN,Aero Mongolia,M0535,2,11L,Landed,JU-1188,A319,passenger
2026-02-16,23:51,01:41,Ho Chi Minh City,SGN,Vietnam Airlines,VN224,1,11L,Landed,VN-A613,A321,passenger
2026-02-16,23:36,01:28,Macau,MFM,Air Macau,NX988,2,11L,Landed,B-MCF,A320,passenger
2026-02-16,23:31,04:34,Daegu,TAE,T'way Air,TW63,2,11L,Landed,HL8737,B738,passenger
2026-02-16,23:28,01:40,Ho Chi Minh City,SGN,Sun PhuQuoc Airways,9G882,1,11L,Landed,VN-A286,A21N,passenger
2026-02-16,23:21,06:08,Tokyo,NRT,All Nippon Airways,NH897,2,11L,Landed,JA836A,B789,passenger
2026-02-16,23:17,04:39,Seoul,ICN,T'way Air,TW61,2,11L,Landed,HL8564,B738,passenger
2026-02-16,23:10,01:39,Ho Chi Minh City,SGN,VietJet Air,VJ164,1,11L,Landed,VN-A817,A333,passenger
2026-02-16,23:03,01:39,Ho Chi Minh City,SGN,Vietnam Airlines,VN260,1,11L,Landed,VN-A888,A359,passenger
2026-02-16,22:59,06:16,Tokyo,NRT,Japan Airlines,JL751,2,N/A,Landed,JA608J,B763,passenger
2026-02-16,22:47,01:42,Phu Quoc,PQC,VietJet Air,VJ1446,1,11L,Landed,VN-A657,A321,passenger
2026-02-16,22:37,00:56,Da Nang,DAD,VietJet Air,VJ520,1,N/A,Landed,VN-A554,A21N,passenger
2026-02-16,22:27,01:43,Ho Chi Minh City,SGN,Vietnam Airlines,VN256,1,11L,Landed,VN-A879,B78X,passenger
2026-02-16,22:25,01:32,Macau,MFM,Air Macau,NX982,2,11L,Landed,B-MBT,A21N,passenger
2026-02-16,22:22,01:46,Ho Chi Minh City,SGN,VietJet Air,VJ190,1,29R,Landed,VN-A539,A21N,passenger
2026-02-16,22:19,01:26,Buon Ma Thuot,BMV,VietJet Air,VJ1492,1,11L,Landed,VN-A667,A321,passenger
2026-02-16,22:16,01:04,Hue,HUI,VietJet Air,VJ568,1,11L,Landed,VN-A575,A21N,passenger
2026-02-16,22:12,01:39,Ho Chi Minh City,SGN,Vietnam Airlines,VN220,1,N/A,Landed,VN-A873,B78X,passenger
2026-02-16,22:10,12:50,Anchorage,ANC,UPS,5X72,0,11L,Landed,N606UP,B748,cargo
2026-02-16,22:06,02:43,Kuala Lumpur,KUL,Vietnam Airlines,VN680,2,11L,Landed,VN-A392,A321,passenger
2026-02-16,21:45,01:41,Chengdu,TFU,Sichuan Airlines,3U3905,2,11L,Landed,B-6732,A320,passenger
2026-02-16,21:38,01:40,Ho Chi Minh City,SGN,VietJet Air,VJ196,1,11L,Landed,VN-A820,A333,passenger
2026-02-16,21:35,04:38,Denpasar,DPS,VietJet Air,VJ998,2,11L,Landed,VN-A552,A21N,passenger
2026-02-16,21:31,01:51,Can Tho,VCA,Vietnam Airlines,VN1206,1,N/A,Landed,VN-A501,A21N,passenger
2026-02-16,21:28,00:58,Da Nang,DAD,N/A,VN6070,1,11L,Landed,VN-A363,A321,passenger
2026-02-16,21:25,01:38,Ho Chi Minh City,SGN,VietJet Air,VJ158,1,11L,Landed,VN-A543,A21N,passenger
2026-02-16,21:21,01:54,Ho Chi Minh City,SGN,VietJet Air,VJ166,1,11L,Landed,VN-A677,A321,passenger
2026-02-16,21:18,01:48,Hong Kong,HKG,HK express,UO542,2,11L,Landed,B-HSL,A320,passenger
2026-02-16,21:15,01:38,Nha Trang,CXR,Vietnam Airlines,VN1562,1,N/A,Landed,VN-A335,A321,passenger
2026-02-16,21:12,01:53,Phu Quoc,PQC,Sun PhuQuoc Airways,9G1230,1,11L,Landed,VN-A279,A321,passenger
2026-02-16,21:10,06:27,Tokyo,NRT,VietJet Air,VJ935,2,11L,Landed,VN-A553,A21N,passenger
2026-02-16,21:07,02:57,Taipei,TPE,VietJet Air,VJ943,2,29R,Landed,VN-A697,A21N,passenger
2026-02-16,21:07,01:45,Ho Chi Minh City,SGN,Vietnam Airlines,VN258,1,11L,Landed,VN-A896,A359,passenger
2026-02-16,21:05,01:49,Ho Chi Minh City,SGN,Sun PhuQuoc Airways,9G872,1,11L,Landed,VN-A281,A21N,passenger
2026-02-16,21:01,01:34,Bangkok,DMK,AirAsia,FD644,2,11L,Landed,HS-EAG,A21N,passenger
2026-02-16,20:56,01:00,Vientiane,VTE,Vietnam Airlines,VN920,2,N/A,Landed,VN-A601,A321,passenger
2026-02-16,20:49,03:41,Chennai,MAA,Turkish Airlines,TK6662,0,N/A,Landed,TC-LJO,B77L,cargo
2026-02-16,20:47,00:50,Luang Prabang,LPQ,Vietnam Airlines,VN930,2,11L,Landed,VN-A611,A321,passenger
2026-02-16,20:45,04:28,Seoul,ICN,Vietnam Airlines,VN415,2,11L,Landed,VN-A892,A359,passenger
2026-02-16,20:42,09:07,Sydney,SYD,Vietnam Airlines,VN786,2,11L,Landed,VN-A889,A359,passenger
2026-02-16,20:39,01:30,Bangkok,BKK,Vietnam Airlines,VN618,2,11L,Landed,VN-A357,A321,passenger
2026-02-16,20:36,05:39,Tokyo,HND,Vietnam Airlines,VN385,2,11L,Landed,VN-A868,B789,passenger
2026-02-16,20:34,01:41,Ho Chi Minh City,SGN,VietJet Air,VJ152,1,11L,Landed,VN-A525,A21N,passenger
2026-02-16,20:33,00:37,Dien Bien Phu,DIN,Vietnam Airlines,VN7716,1,11L,Landed,VN-A609,A321,passenger
2026-02-16,20:19,01:18,Siem Reap,SAI,VietJet Air,VJ914,2,11L,Landed,VN-A538,A21N,passenger
2026-02-16,20:14,01:41,Ho Chi Minh City,SGN,Sun PhuQuoc Airways,9G868,1,11L,Landed,VN-A284,A21N,passenger
2026-02-16,20:11,01:43,Ho Chi Minh City,SGN,Vietravel Airlines,VU780,1,11L,Landed,VN-A289,A321,passenger
2026-02-16,20:08,00:56,Da Nang,DAD,Vietravel Airlines,VU658,1,29R,Landed,VN-A129,A321,passenger
2026-02-16,20:02,01:41,Phu Quoc,PQC,VietJet Air,VJ1440,1,11L,Landed,VN-A683,A321,passenger
2026-02-16,20:00,01:30,Da Lat,DLI,VietJet Air,VJ410,1,11L,Landed,VN-A647,A321,passenger
2026-02-16,19:44,01:32,Yangon,RGN,Myanmar Airways International,8M450,2,11L,Landed,XY-ALP,E190,passenger
2026-02-16,19:37,01:08,Da Nang,DAD,VietJet Air,VJ516,1,11L,Landed,VN-A548,A21N,passenger
2026-02-16,19:30,01:50,Ho Chi Minh City,SGN,BBN Airlines Indonesia,QH262,1,11L,Landed,PK-BBK,B739,passenger
2026-02-16,19:27,01:03,Hue,HUI,Vietnam Airlines,VN1544,1,11L,Landed,VN-A603,A321,passenger
2026-02-16,19:21,00:41,Vinh,VII,Vietnam Airlines,VN1718,1,11L,Landed,VN-A329,A321,passenger
2026-02-16,19:19,01:39,Chongqing,CKG,West Air,PN6423,2,11L,Landed,B-9982,A320,passenger
2026-02-16,19:16,01:21,Siem Reap,SAI,Vietnam Airlines,VN836,2,N/A,Landed,VN-A358,A321,passenger
2026-02-16,19:12,01:22,Bangkok,BKK,Thai Airways,TG564,2,11L,Landed,HS-TXP,A320,passenger
2026-02-16,19:06,05:15,Osaka,KIX,VietJet Air,VJ931,2,11L,Landed,VN-A516,A21N,passenger
2026-02-16,18:40,01:44,Hong Kong,HKG,Hong Kong Airlines,HX528,2,11L,Landed,B-LPP,A320,passenger
2026-02-16,18:26,01:40,Hong Kong,HKG,Cathay Pacific,CX743,2,11L,Landed,B-HNE,B773,passenger
2026-02-16,18:24,04:00,Jakarta,CGK,Sun PhuQuoc Airways,9G9285,2,11L,Landed,VN-A285,A21N,passenger
2026-02-16,18:13,01:39,Ho Chi Minh City,SGN,Vietnam Airlines,VN216,1,11L,Landed,VN-A869,B789,passenger
2026-02-16,18:09,01:40,Phu Quoc,PQC,Sun PhuQuoc Airways,9G1216,1,11L,Landed,VN-A280,A321,passenger
2026-02-16,18:03,01:30,Phnom Penh,KTI,Air Cambodia,K6850,2,11L,Landed,XU-353,A320,passenger
2026-02-16,17:59,00:08,N/A,,Lao Airlines,N/A,2,N/A,Landed,RDPL-34175,AT75,passenger
2026-02-16,17:56,03:10,Shanghai,PVG,Vietnam Airlines,VN533,2,11L,Landed,VN-A356,A321,passenger
2026-02-16,17:51,01:34,Nha Trang,CXR,Vietnam Airlines,VN1558,1,11L,Landed,VN-A512,A21N,passenger
2026-02-16,17:48,01:00,Da Nang,DAD,VietJet Air,VJ512,1,11L,Landed,VN-A643,A321,passenger
2026-02-16,17:42,03:38,Shanghai,PVG,China Eastern Airlines,MU6013,2,11L,Landed,B-32KF,A21N,passenger
2026-02-16,17:39,01:52,Phu Quoc,PQC,VietJet Air,VJ446,1,11L,Landed,VN-A671,A320,passenger
2026-02-16,17:36,00:44,Luang Prabang,LPQ,AirAsia,FD1038,2,11L,Landed,HS-BBG,A320,passenger
2026-02-16,17:33,01:41,Ho Chi Minh City,SGN,Vietnam Airlines,VN232,1,11L,Landed,VN-A870,B789,passenger
2026-02-16,17:31,01:55,Can Tho,VCA,N/A,VJ462,1,11L,Landed,,N/A,unknown
2026-02-16,17:29,02:26,Kaohsiung,KHH,VietJet Air,VJ947,2,11L,Landed,VN-A575,A21N,passenger
2026-02-16,17:27,01:26,Bangkok,BKK,Vietnam Airlines,VN614,2,11L,Landed,VN-A609,A321,passenger
2026-02-16,17:21,01:39,Ho Chi Minh City,SGN,VietJet Air,VJ194,1,11L,Landed,VN-A578,A21N,passenger
2026-02-16,17:17,01:40,Ho Chi Minh City,SGN,Sun PhuQuoc Airways,9G854,1,11L,Landed,VN-A286,A21N,passenger
2026-02-16,17:13,01:32,Nha Trang,CXR,Bamboo Airways,QH1416,1,29R,Landed,VN-A597,A321,passenger
2026-02-16,17:11,01:25,Bangkok,BKK,VietJet Air,VJ902,2,11L,Landed,VN-A554,A21N,passenger
2026-02-16,17:01,01:42,Phu Quoc,PQC,N/A,VN6400,1,11L,Landed,VN-A363,A321,passenger
2026-02-16,16:55,02:46,Taipei,TPE,EVA Air,BR385,2,11L,Landed,B-16220,A321,passenger
2026-02-16,16:51,02:48,Singapore,SIN,VietJet Air,VJ916,2,11L,Landed,VN-A536,A21N,passenger
2026-02-16,16:48,01:36,Ho Chi Minh City,SGN,Vietnam Airlines,VN250,1,11L,Landed,VN-A888,A359,passenger
2026-02-16,16:44,01:41,Ho Chi Minh City,SGN,VietJet Air,VJ146,1,11L,Landed,VN-A817,A333,passenger
2026-02-16,16:39,00:59,Da Nang,DAD,VietJet Air,VJ514,1,11L,Landed,VN-A657,A321,passenger
2026-02-16,16:37,03:30,Shanghai,PVG,Air China,CA755,2,11L,Landed,B-8502,A321,passenger
2026-02-16,16:30,02:10,Kolkata,CCU,IndiGo,6E1631,2,11L,Landed,VT-IPQ,A20N,passenger
2026-02-16,16:24,00:34,Dien Bien Phu,DIN,Vietnam Airlines,VN1805,1,11L,Landed,VN-A396,A321,passenger
2026-02-16,16:22,01:16,Qui Nhon,UIH,Bamboo Airways,QH1214,1,11L,Landed,VN-A596,A20N,passenger
2026-02-16,16:18,02:43,Taipei,TPE,China Airlines,CI793,2,11L,Landed,B-18651,B738,passenger
2026-02-16,16:14,01:44,Da Lat,DLI,Vietnam Airlines,VN1574,1,11L,Landed,VN-A515,A20N,passenger
2026-02-16,16:10,01:59,Can Tho,VCA,Vietnam Airlines,VN1202,1,11L,Landed,VN-A329,A321,passenger
2026-02-16,16:07,01:46,Ho Chi Minh City,SGN,Vietnam Airlines,VN248,1,11L,Landed,VN-A866,B789,passenger
2026-02-16,16:01,02:02,Con Dao,VCS,VietJet Air,VJ108,1,11L,Landed,B-656E,AJ27,passenger
2026-02-16,15:59,01:48,Ho Chi Minh City,SGN,Vietravel Airlines,VU770,1,11L,Landed,VN-A129,A321,passenger
2026-02-16,15:48,01:31,Tuy Hoa,TBB,Vietnam Airlines,VN1650,1,11L,Landed,VN-A335,A321,passenger
2026-02-16,15:46,02:55,Singapore,SIN,Vietnam Airlines,VN660,2,11L,Landed,VN-A501,A21N,passenger
2026-02-16,15:42,01:47,Phu Quoc,PQC,Sun PhuQuoc Airways,9G1208,1,11L,Landed,VN-A279,A321,passenger
2026-02-16,15:39,10:19,Tel Aviv,TLV,arkia,IZ595,2,11L,Landed,9H-ALC,A332,passenger
2026-02-16,15:36,00:47,Vientiane,VTE,Lao Airlines,QV311,2,11L,Landed,RDPL-34199,A320,passenger
2026-02-16,15:34,01:40,Ho Chi Minh City,SGN,Avion Express,VU778,1,11L,Landed,9H-MLW,A320,passenger
2026-02-16,15:24,01:30,Da Lat,DLI,VietJet Air,VJ408,1,11L,Landed,VN-A672,A320,passenger
2026-02-16,15:20,01:34,Hong Kong,HKG,Vietnam Airlines,VN593,2,11L,Landed,VN-A603,A321,passenger
2026-02-16,15:10,01:49,Ho Chi Minh City,SGN,Pegasus,VJ188,1,11L,Landed,LY-NVE,A320,passenger
2026-02-16,15:06,08:08,Istanbul,IST,Turkish Airlines,TK164,2,N/A,Landed,TC-LGK,A359,passenger
2026-02-16,15:02,01:36,Nha Trang,CXR,VietJet Air,VJ774,1,11L,Landed,VN-A699,A320,passenger
2026-02-16,14:59,01:37,Da Lat,DLI,VietJet Air,VJ404,1,11L,Landed,VN-A642,A321,passenger
2026-02-16,14:56,01:00,Da Nang,DAD,Vietnam Airlines,VN170,1,11L,Landed,VN-A357,A321,passenger
2026-02-16,14:50,02:24,Penang,PEN,China Airlines,CI6596,0,11L,Landed,B-18717,B744,cargo
2026-02-16,14:47,01:14,Qui Nhon,UIH,Vietnam Airlines,VN1622,1,11L,Landed,VN-A514,A20N,passenger
2026-02-16,14:45,00:59,Kunming,KMG,China Eastern Airlines,MU9605,2,11L,Landed,B-1306,B738,passenger
2026-02-16,14:39,01:10,Chiang Mai,CNX,AirAsia,FD870,2,11L,Landed,HS-BBC,A320,passenger
2026-02-16,14:36,01:40,Ho Chi Minh City,SGN,Sun PhuQuoc Airways,9G838,1,11L,Landed,VN-A284,A21N,passenger
2026-02-16,14:27,01:29,Bangkok,BKK,Vietnam Airlines,VN610,2,11L,Landed,VN-A323,A321,passenger
2026-02-16,14:21,02:45,Kuala Lumpur,KUL,VietJet Air,VJ906,2,11L,Landed,VN-A538,A21N,passenger
2026-02-16,14:18,02:46,Taipei,TPE,VietJet Air,VJ941,2,11L,Landed,VN-A647,A321,passenger
2026-02-16,14:09,03:30,Shanghai,PVG,China Eastern Airlines,MU6011,2,11L,Landed,B-1680,A321,passenger
2026-02-16,14:07,01:39,Ho Chi Minh City,SGN,VietJet Air,VJ144,1,11L,Landed,VN-A820,A333,passenger
2026-02-16,14:04,01:42,Ho Chi Minh City,SGN,Vietnam Airlines,VN212,1,11L,Landed,VN-A899,A359,passenger
2026-02-16,13:59,00:36,Dien Bien Phu,DIN,Vietnam Airlines,VN7805,1,11L,Landed,VN-A358,A321,passenger
2026-02-16,13:56,01:27,Nha Trang,CXR,Vietnam Airlines,VN1552,1,11L,Landed,VN-A604,A321,passenger
2026-02-16,13:52,00:59,Da Nang,DAD,VietJet Air,VJ508,1,11L,Landed,VN-A643,A321,passenger
2026-02-16,13:49,06:03,Tokyo,NRT,VietJet Air,VJ933,2,29R,Landed,VN-A810,A333,passenger
2026-02-16,13:31,05:27,Tokyo,NRT,Vietnam Airlines,VN311,2,11L,Landed,VN-A874,B78X,passenger
2026-02-16,13:27,05:08,Osaka,KIX,VietJet Air,VJ939,2,11L,Landed,VN-A697,A21N,passenger
2026-02-16,13:22,04:57,Osaka,KIX,Vietnam Airlines,VN335,2,11L,Landed,VN-A872,B78X,passenger
2026-02-16,13:19,00:58,Da Nang,DAD,Vietnam Airlines,VN166,1,11L,Landed,VN-A617,A21N,passenger
2026-02-16,13:15,01:44,Ho Chi Minh City,SGN,Vietnam Airlines,VN246,1,11L,Landed,VN-A396,A321,passenger
2026-02-16,13:10,05:30,Nagoya,NGO,VietJet Air,VJ921,2,11L,Landed,VN-A548,A21N,passenger
2026-02-16,13:01,01:40,Phu Quoc,PQC,Sun PhuQuoc Airways,9G1204,1,11L,Landed,VN-A909,A20N,passenger
2026-02-16,12:48,04:14,Busan,PUS,Vietnam Airlines,VN429,2,11L,Landed,VN-A879,B78X,passenger
2026-02-16,12:43,04:33,Fukuoka,FUK,Vietnam Airlines,VN357,2,11L,Landed,VN-A505,A21N,passenger
2026-02-16,12:33,00:58,Da Nang,DAD,VietJet Air,VJ528,1,11L,Landed,VN-A657,A321,passenger
2026-02-16,12:28,01:47,Ho Chi Minh City,SGN,Bamboo Airways,QH224,1,29R,Landed,JU-1410,A320,passenger
2026-02-16,12:22,01:41,Guangzhou,CAN,Shenzhen Airlines,ZH121,2,11L,Landed,B-1973,B738,passenger
2026-02-16,12:19,06:02,Doha,DOH,Qatar Airways,QR976,2,11L,Landed,A7-AOE,A35K,passenger
2026-02-16,12:16,03:05,Kuala Lumpur,KUL,Malaysia Airlines,MH752,2,11L,Landed,9M-MXL,B738,passenger
2026-02-16,12:14,04:43,Seoul,ICN,Asiana Airlines,OZ729,2,11L,Landed,HL7791,B772,passenger
2026-02-16,12:10,01:42,Ho Chi Minh City,SGN,Vietnam Airlines,VN210,1,11L,Landed,VN-A869,B789,passenger
2026-02-16,12:08,02:48,Kuala Lumpur,KUL,Batik Air,OD571,2,11L,Landed,9M-LRT,B38M,passenger
2026-02-16,12:04,01:29,Bangkok,DMK,AirAsia,FD640,2,11L,Landed,HS-ABM,A320,passenger
2026-02-16,12:02,01:43,Phu Quoc,PQC,VietJet Air,VJ440,1,11L,Landed,VN-A671,A320,passenger
2026-02-16,12:00,01:39,Ho Chi Minh City,SGN,VietJet Air,VJ128,1,11L,Landed,VN-A815,A333,passenger
2026-02-16,11:56,01:40,Phu Quoc,PQC,Vietnam Airlines,VN1236,1,11L,Landed,VN-A611,A321,passenger
2026-02-16,11:53,01:29,Nha Trang,CXR,VietJet Air,VJ770,1,11L,Landed,VN-A677,A321,passenger
2026-02-16,11:47,03:45,Beijing,PEK,Air China,CA741,2,29R,Landed,B-326D,A21N,passenger
2026-02-16,11:43,01:36,Da Lat,DLI,Bamboo Airways,QH1422,1,11L,Landed,VN-A597,A321,passenger
2026-02-16,11:40,01:48,Ho Chi Minh City,SGN,VietJet Air,VJ136,1,11L,Landed,VN-A532,A321,passenger
2026-02-16,11:37,01:47,Ho Chi Minh City,SGN,VietJet Air,VJ184,1,11L,Landed,VN-A816,A333,passenger
2026-02-16,11:34,01:54,Can Tho,VCA,Vietnam Airlines,VN1200,1,N/A,Landed,VN-A331,A321,passenger
2026-02-16,11:31,01:11,Da Nang,DAD,N/A,VN6080,1,11L,Landed,VN-A363,A321,passenger
2026-02-16,11:25,01:49,Ho Chi Minh City,SGN,VietJet Air,VJ132,1,11L,Landed,VN-A636,A321,passenger
2026-02-16,11:23,03:30,Shanghai,PVG,Air China,CA703,2,11L,Landed,B-8495,A321,passenger
2026-02-16,11:20,02:53,Singapore,SIN,Singapore Airlines,SQ192,2,11L,Landed,9V-SHM,A359,passenger
2026-02-16,11:13,00:43,Dong Hoi,VDH,Vietnam Airlines,VN1590,1,11L,Landed,VN-A606,A321,passenger
2026-02-16,11:12,01:50,Ho Chi Minh City,SGN,Vietnam Airlines,VN244,1,29R,Landed,VN-A865,B789,passenger
2026-02-16,11:11,01:42,Ho Chi Minh City,SGN,Sun PhuQuoc Airways,9G822,1,11L,Landed,VN-A286,A21N,passenger
2026-02-16,11:07,01:23,Buon Ma Thuot,BMV,Vietnam Airlines,VN1602,1,11L,Landed,VN-A609,A321,passenger
2026-02-16,11:03,01:40,Phu Quoc,PQC,VietJet Air,VJ442,1,N/A,Landed,VN-A554,A21N,passenger
2026-02-16,10:57,01:13,Pleiku,PXU,Vietnam Airlines,VN1614,1,11L,Landed,VN-A335,A321,passenger
2026-02-16,10:50,00:56,Da Nang,DAD,Vietnam Airlines,VN164,1,11L,Landed,VN-A357,A321,passenger
2026-02-16,10:48,04:28,Busan,PUS,VietJet Air,VJ981,2,11L,Landed,VN-A629,A321,passenger
2026-02-16,10:40,00:56,Da Nang,DAD,Bamboo Airways,QH104,1,N/A,Landed,VN-A596,A20N,passenger
2026-02-16,10:35,01:30,Nha Trang,CXR,VietJet Air,VJ772,1,11L,Landed,VN-A817,A333,passenger
2026-02-16,10:28,02:40,Taipei,TPE,China Airlines,CI791,2,11L,Landed,B-18311,A333,passenger
2026-02-16,10:25,02:44,Taipei,TPE,STARLUX,JX715,2,11L,Landed,B-58211,A21N,passenger
2026-02-16,10:23,01:13,Qui Nhon,UIH,VietJet Air,VJ430,1,11L,Landed,VN-A672,A320,passenger
2026-02-16,10:17,02:25,Kaohsiung,KHH,Vietnam Airlines,VN587,2,11L,Landed,VN-A329,A321,passenger
2026-02-16,10:15,01:04,Chu Lai,VCL,Vietnam Airlines,VN1640,1,11L,Landed,VN-A514,A20N,passenger
2026-02-16,10:11,01:38,Ho Chi Minh City,SGN,VietJet Air,VJ1122,1,11L,Landed,VN-A699,A320,passenger
2026-02-16,10:07,01:32,Guangzhou,CAN,China Southern Airlines,CZ3049,2,N/A,Landed,B-30CD,A20N,passenger
2026-02-16,09:57,01:35,Ho Chi Minh City,SGN,Vietnam Airlines,VN208,1,11L,Landed,VN-A867,B789,passenger
2026-02-16,09:52,01:15,Pleiku,PXU,VietJet Air,VJ422,1,11L,Landed,VN-A667,A321,passenger
2026-02-16,09:34,01:46,Ho Chi Minh City,SGN,Avion Express,VJ148,1,11L,Landed,LY-NVG,A320,passenger
2026-02-16,09:31,01:47,Ho Chi Minh City,SGN,VietJet Air,VJ176,1,11L,Landed,VN-A552,A21N,passenger
2026-02-16,09:27,01:47,Ho Chi Minh City,SGN,Vietravel Airlines,VU750,1,11L,Landed,VN-A289,A321,passenger
2026-02-16,09:23,02:41,Taipei,TPE,Vietnam Airlines,VN579,2,11L,Landed,VN-A603,A321,passenger
2026-02-16,09:21,01:43,Ho Chi Minh City,SGN,Sun PhuQuoc Airways,9G808,1,11L,Landed,VN-A279,A321,passenger
2026-02-16,09:18,01:27,Bangkok,BKK,Thai Airways,TG560,2,11L,Landed,HS-TXQ,A320,passenger
2026-02-16,09:15,04:28,Seoul,ICN,VietJet Air,VJ963,2,11L,Landed,VN-A575,A21N,passenger
2026-02-16,09:03,01:43,Ho Chi Minh City,SGN,Vietravel Airlines,VU774,1,11L,Landed,VN-A136,A320,passenger
2026-02-16,08:58,01:00,Da Nang,DAD,Vietnam Airlines,VN158,1,11L,Landed,VN-A604,A321,passenger
2026-02-16,08:55,01:43,Ho Chi Minh City,SGN,Bamboo Airways,QH204,1,11L,Landed,ER-00005,A320,passenger
2026-02-16,08:52,01:38,Ho Chi Minh City,SGN,Vietnam Airlines,VN240,1,11L,Landed,VN-A863,B789,passenger
2026-02-16,08:49,00:52,Hue,HUI,Vietnam Airlines,VN1540,1,11L,Landed,VN-A617,A21N,passenger
2026-02-16,08:45,02:51,Singapore,SIN,Scoot,TR300,2,11L,Landed,9V-OJB,B789,passenger
2026-02-16,08:31,01:24,Bangkok,DMK,AirAsia,FD642,2,11L,Landed,HS-ABO,A320,passenger
2026-02-16,08:17,01:40,Ho Chi Minh City,SGN,Sun PhuQuoc Airways,9G806,1,11L,Landed,VN-A284,A21N,passenger
2026-02-16,08:12,01:42,Ho Chi Minh City,SGN,VietJet Air,VJ126,1,11L,Landed,VN-A544,A321,passenger
2026-02-16,08:11,00:40,Nanning,NNG,GX Airlines,GX8971,2,11L,Landed,B-8655,A320,passenger
2026-02-16,07:57,01:38,Ho Chi Minh City,SGN,Vietnam Airlines,VN206,1,11L,Landed,VN-A897,A359,passenger
2026-02-16,07:52,02:41,Kuala Lumpur,KUL,AirAsia,AK9516,2,11L,Landed,9M-AQF,A320,passenger
2026-02-16,07:46,01:39,Ho Chi Minh City,SGN,VietJet Air,VJ124,1,11L,Landed,VN-A820,A333,passenger
2026-02-16,07:27,02:54,Manila,MNL,Cebu Pacific,5J744,2,29R,Landed,RP-C4127,A21N,passenger
2026-02-16,07:21,00:58,Da Nang,DAD,VietJet Air,VJ524,1,11L,Landed,VN-A643,A321,passenger
2026-02-16,07:17,02:42,Manila,MNL,Vietnam Airlines,VN646,2,11L,Landed,VN-A392,A321,passenger
2026-02-16,07:11,01:39,Ho Chi Minh City,SGN,VietJet Air,VJ122,1,N/A,Landed,VN-A657,A321,passenger
2026-02-16,06:55,00:58,Da Nang,DAD,Vietnam Airlines,VN154,1,11L,Landed,VN-A323,A321,passenger
2026-02-16,06:52,01:42,Ho Chi Minh City,SGN,N/A,VN6002,1,11L,Landed,VN-A363,A321,passenger
2026-02-16,06:49,03:18,Cebu,CEB,Vietnam Airlines,VN642,2,11L,Landed,VN-A601,A321,passenger
2026-02-16,06:31,05:45,Doha,DOH,Qatar Airways,QR982,2,11L,Landed,A7-BHN,B789,passenger
2026-02-16,06:09,01:41,Ho Chi Minh City,SGN,Vietnam Airlines,VN7218,1,N/A,Landed,VN-A357,A321,passenger
2026-02-16,06:04,01:41,Ho Chi Minh City,SGN,Vietnam Airlines,VN7012,1,11L,Landed,VN-A612,A321,passenger
2026-02-16,06:00,01:39,Ho Chi Minh City,SGN,Vietnam Airlines,VN7036,1,11L,Landed,VN-A515,A20N,passenger
2026-02-16,05:55,09:44,Frankfurt,FRA,Vietnam Airlines,VN36,2,11L,Landed,VN-A870,B789,passenger
2026-02-16,05:45,03:52,Bengaluru,BLR,Vietnam Airlines,VN982,2,29R,Landed,VN-A625,A21N,passenger
2026-02-16,05:42,01:45,Ho Chi Minh City,SGN,Vietnam Airlines,VN7022,1,11L,Landed,VN-A512,A21N,passenger
2026-02-16,05:35,08:45,Melbourne,MEL,Vietnam Airlines,VN778,2,11L,Landed,VN-A892,A359,passenger
2026-02-16,05:33,03:32,Beijing,PKX,VietJet Air,VJ7713,2,N/A,Landed,VN-A675,A320,passenger
2026-02-16,05:27,01:40,Ho Chi Minh City,SGN,VietJet Air,VJ1124,1,11L,Landed,VN-A667,A321,passenger
2026-02-16,05:18,01:42,Ho Chi Minh City,SGN,Bamboo Airways,QH292,1,11L,Landed,VN-A596,A20N,passenger
2026-02-16,05:14,03:55,Ahmedabad,AMD,VietJet Air,VJ1926,2,11L,Landed,VN-A650,A320,passenger
2026-02-16,05:11,03:03,Shanghai,PVG,VietJet Air,VJ7239,2,11L,Landed,VN-A672,A320,passenger
2026-02-16,04:48,10:21,London,LHR,Vietnam Airlines,VN56,2,11L,Landed,VN-A868,B789,passenger
2026-02-16,04:40,01:34,Guangzhou,CAN,VietJet Air,VJ7527,2,11L,Landed,VN-A642,A321,passenger
2026-02-16,04:36,03:19,Delhi,DEL,Vietnam Airlines,VN980,2,11L,Landed,VN-A865,B789,passenger
2026-02-16,04:33,03:41,Mumbai,BOM,Vietnam Airlines,VN972,2,11L,Landed,VN-A869,B789,passenger
2026-02-16,03:53,02:40,Xi'an,XIY,VietJet Air,VJ7343,2,11L,Landed,VN-A554,A21N,passenger
2026-02-16,03:49,04:33,Seoul,ICN,Air Zeta,KJ387,0,11L,Landed,HL7507,B763,cargo
2026-02-16,03:37,01:41,Ho Chi Minh City,SGN,Sun PhuQuoc Airways,9G8802,1,11L,Landed,VN-A286,A21N,passenger
2026-02-16,03:23,01:43,Ho Chi Minh City,SGN,Vietnam Airlines,VN7208,1,11L,Landed,VN-A609,A321,passenger
2026-02-16,03:11,01:40,Ho Chi Minh City,SGN,Vietravel Airlines,VU702,1,11L,Landed,VN-A129,A321,passenger
2026-02-16,02:59,04:15,Seoul,ICN,Kalitta Air,K4602,0,11L,Landed,N702CK,B744,cargo
2026-02-16,02:42,01:26,Guangzhou,CAN,FedEx,FX5775,0,11L,Landed,N120FE,B763,cargo
2026-02-16,02:35,01:44,Ho Chi Minh City,SGN,VietJet Air,VJ158,1,11L,Landed,VN-A639,A321,passenger
2026-02-16,02:26,01:40,Ho Chi Minh City,SGN,VietJet Air,VJ182,1,11L,Landed,VN-A647,A321,passenger
2026-02-16,02:20,01:41,Ho Chi Minh City,SGN,VietJet Air,VJ152,1,11L,Landed,VN-A655,A320,passenger
2026-02-16,02:04,04:22,Seoul,ICN,Korean Air,KE361,0,11L,Landed,HL7602,B744,cargo
2026-02-16,01:57,06:33,Riyadh,RUH,Cargolux,CV7956,0,11L,Landed,LX-VCC,B748,cargo
2026-02-16,01:46,03:31,Shanghai,PVG,China Eastern Airlines,MU5075,2,11L,Landed,B-7966,B738,passenger
2026-02-16,01:35,03:59,Qingdao,TAO,Shandong Airlines,SC4649,2,11L,Landed,B-1438,B738,passenger
2026-02-16,01:25,01:43,Ho Chi Minh City,SGN,VietJet Air,VJ160,1,11L,Landed,VN-A538,A21N,passenger
2026-02-16,01:22,01:42,Ho Chi Minh City,SGN,VietJet Air,VJ190,1,11L,Landed,VN-A516,A21N,passenger
2026-02-16,01:18,06:05,Tokyo,NRT,Japan Airlines,JL6739,0,11L,Landed,JA654J,B763,cargo
2026-02-16,01:15,02:53,Hangzhou,HGH,Air China,CA707,2,11L,Landed,B-8493,A320,passenger
2026-02-16,01:12,01:40,Ho Chi Minh City,SGN,Vietnam Airlines,VN270,1,11L,Landed,VN-A505,A21N,passenger
2026-02-16,01:07,03:10,Shanghai,PVG,Juneyao Air,HO1329,2,11L,Landed,B-32HD,A20N,passenger
2026-02-16,01:04,01:44,Ho Chi Minh City,SGN,Sun PhuQuoc Airways,9G886,1,11L,Landed,VN-A280,A321,passenger
2026-02-16,01:01,02:43,Manila,MNL,Philippine Airlines,PR595,2,11L,Landed,RP-C9906,A321,passenger
2026-02-16,00:56,01:41,Ho Chi Minh City,SGN,Sun PhuQuoc Airways,9G8894,1,11L,Landed,VN-A282,A21N,passenger
2026-02-16,00:53,01:40,Ho Chi Minh City,SGN,VietJet Air,VJ180,1,11L,Landed,VN-A820,A333,passenger
2026-02-16,00:48,03:25,Jinan,TNA,Shandong Airlines,SC8071,2,11L,Landed,B-5628,B738,passenger
2026-02-16,00:44,01:34,Ho Chi Minh City,SGN,Vietnam Airlines,VN7010,1,11L,Landed,VN-A872,B78X,passenger
2026-02-16,00:40,01:33,Shenzhen,SZX,Shenzhen Airlines,ZH107,2,11L,Landed,B-6296,A320,passenger
2026-02-16,00:36,01:37,Ho Chi Minh City,SGN,Vietnam Airlines,VN260,1,11L,Landed,VN-A874,B78X,passenger
2026-02-16,00:27,04:31,Seoul,ICN,Jeju Air,7C2201,2,11L,Landed,HL8554,B38M,passenger
2026-02-16,00:13,04:31,Denpasar,DPS,VietJet Air,VJ998,2,11L,Landed,VN-A553,A21N,passenger
2026-02-16,00:10,01:00,Da Nang,DAD,VietJet Air,VJ520,1,N/A,Landed,VN-A548,A21N,passenger
2026-02-16,00:06,01:44,Ho Chi Minh City,SGN,Vietnam Airlines,VN224,1,11L,Landed,VN-A358,A321,passenger
2026-02-16,00:00,01:44,Ho Chi Minh City,SGN,Sun PhuQuoc Airways,9G882,1,11L,Landed,VN-A284,A21N,passenger
2026-02-17,23:43,01:25,Bangkok,BKK,Vietnam Airlines,VN616,2,11L,Landed,VN-A613,A321,passenger
2026-02-17,23:41,01:47,Phu Quoc,PQC,VietJet Air,VJ3523,1,11L,Landed,VN-A550,A21N,passenger
2026-02-17,23:37,01:33,Nha Trang,CXR,Vietnam Airlines,VN7566,1,11L,Landed,VN-A338,A321,passenger
2026-02-17,23:35,01:50,Can Tho,VCA,VietJet Air,VJ464,1,11L,Landed,VN-A677,A321,passenger
2026-02-17,23:31,00:58,Hue,HUI,Vietnam Airlines,VN1548,1,11L,Landed,VN-A331,A321,passenger
2026-02-17,23:28,04:51,Seoul,ICN,T'way Air,TW61,2,11L,Landed,HL8329,B738,passenger
2026-02-17,23:25,01:41,Ho Chi Minh City,SGN,VietJet Air,VJ152,1,11L,Landed,VN-A658,A320,passenger
2026-02-17,23:19,01:40,Ho Chi Minh City,SGN,VietJet Air,VJ156,1,11L,Landed,VN-A649,A321,passenger
2026-02-17,23:02,01:39,Ho Chi Minh City,SGN,Vietnam Airlines,VN260,1,11L,Landed,VN-A877,B78X,passenger
2026-02-17,22:59,01:38,Guangzhou,CAN,China Southern Airlines,CZ371,2,11L,Landed,B-20CU,B38M,passenger
2026-02-17,22:56,00:57,Hue,HUI,VietJet Air,VJ568,1,11L,Landed,VN-A650,A320,passenger
2026-02-17,22:52,06:13,Tokyo,NRT,All Nippon Airways,NH897,2,11L,Landed,JA928A,B789,passenger
2026-02-17,22:50,01:31,Nha Trang,CXR,VietJet Air,VJ778,1,11L,Landed,VN-A551,A21N,passenger
2026-02-17,22:46,02:07,Dhaka,DAC,Cathay Pacific,CX48,0,11L,Landed,B-LIF,B744,cargo
2026-02-17,22:44,01:46,Phu Quoc,PQC,VietJet Air,VJ1446,1,11L,Landed,VN-A525,A21N,passenger
2026-02-17,22:39,05:58,Tokyo,NRT,Japan Airlines,JL751,2,11L,Landed,JA619J,B763,passenger
2026-02-17,22:37,01:00,Da Nang,DAD,N/A,VN6070,1,11L,Landed,VN-A363,A321,passenger
2026-02-17,22:34,01:40,Ho Chi Minh City,SGN,Vietnam Airlines,VN256,1,11L,Landed,VN-A889,A359,passenger
2026-02-17,22:31,04:26,Seoul,ICN,Asiana Airlines,OZ733,2,11L,Landed,HL7771,A359,passenger
2026-02-17,22:28,01:42,Ho Chi Minh City,SGN,VietJet Air,VJ180,1,11L,Landed,VN-A816,A333,passenger
2026-02-17,22:24,01:27,Macau,MFM,Air Macau,NX984,2,11L,Landed,B-MBP,A20N,passenger
2026-02-17,22:17,01:40,Ho Chi Minh City,SGN,Vietnam Airlines,VN7242,1,11L,Landed,VN-A872,B78X,passenger
2026-02-17,22:13,01:23,Buon Ma Thuot,BMV,VietJet Air,VJ1492,1,11L,Landed,VN-A538,A21N,passenger
2026-02-17,22:08,01:41,Ho Chi Minh City,SGN,Bamboo Airways,QH262,1,11L,Landed,VN-A227,A321,passenger
2026-02-17,22:03,02:41,Kuala Lumpur,KUL,Vietnam Airlines,VN680,2,11L,Landed,VN-A336,A321,passenger
2026-02-17,21:59,01:44,Ho Chi Minh City,SGN,BBN Airlines Indonesia,QH268,1,11L,Landed,PK-BBK,B739,passenger
2026-02-17,21:56,01:44,Ho Chi Minh City,SGN,Sun PhuQuoc Airways,9G872,1,11L,Landed,VN-A281,A21N,passenger
2026-02-17,21:53,01:37,Chengdu,TFU,Sichuan Airlines,3U3905,2,11L,Landed,B-6697,A320,passenger
2026-02-17,21:45,04:28,Seoul,ICN,Korean Air,KE447,2,11L,Landed,HL8391,B789,passenger
2026-02-17,21:40,,Siem Reap,SAI,Vietnam Airlines,VN842,2,N/A,Landed,VN-A615,A321,passenger
2026-02-17,21:25,01:38,Ho Chi Minh City,SGN,Vietnam Airlines,VN262,1,11L,Landed,VN-A874,B78X,passenger
2026-02-17,21:24,01:52,Can Tho,VCA,Vietnam Airlines,VN1206,1,11L,Landed,VN-A622,A21N,passenger
2026-02-17,21:20,01:56,Hong Kong,HKG,HK express,UO542,2,11L,Landed,B-LEJ,A321,passenger
2026-02-17,21:17,01:52,Phu Quoc,PQC,Sun PhuQuoc Airways,9G1230,1,11L,Landed,VN-A280,A321,passenger
2026-02-17,21:14,01:35,Bangkok,BKK,Vietnam Airlines,VN618,2,11L,Landed,VN-A324,A321,passenger
2026-02-17,21:12,01:47,Ho Chi Minh City,SGN,VietJet Air,VJ196,1,11L,Landed,VN-A820,A333,passenger
2026-02-17,21:09,01:34,Nha Trang,CXR,Vietnam Airlines,VN1562,1,11L,Landed,VN-A323,A321,passenger
2026-02-17,21:03,01:44,Ho Chi Minh City,SGN,VietJet Air,VJ160,1,11L,Landed,VN-A685,A321,passenger
2026-02-17,21:00,01:35,Bangkok,DMK,AirAsia,FD644,2,11L,Landed,HS-EAG,A21N,passenger
2026-02-17,20:57,02:51,Taipei,TPE,VietJet Air,VJ943,2,11L,Landed,VN-A554,A21N,passenger
2026-02-17,20:55,01:40,Ho Chi Minh City,SGN,Vietnam Airlines,VN258,1,11L,Landed,VN-A898,A359,passenger
2026-02-17,20:52,06:09,Tokyo,NRT,VietJet Air,VJ935,2,11L,Landed,VN-A553,A21N,passenger
2026-02-17,20:48,01:32,Nha Trang,CXR,Bluesky Airways,BSF999,1,11L,Landed,VN-A999,FA8X,business jet
2026-02-17,20:41,01:28,Bangkok,BKK,VietJet Air,VJ904,2,11L,Landed,VN-A543,A21N,passenger
2026-02-17,20:29,01:40,Ho Chi Minh City,SGN,VietJet Air,VJ158,1,11L,Landed,VN-A674,A21N,passenger
2026-02-17,20:27,00:58,Da Nang,DAD,Vietnam Airlines,VN188,1,11L,Landed,VN-A358,A321,passenger
2026-02-17,20:25,01:41,Ho Chi Minh City,SGN,Sun PhuQuoc Airways,9G868,1,11L,Landed,VN-A284,A21N,passenger
2026-02-17,20:23,01:33,Da Lat,DLI,VietJet Air,VJ410,1,11L,Landed,VN-A667,A321,passenger
2026-02-17,20:19,01:25,Siem Reap,SAI,VietJet Air,VJ914,2,11L,Landed,VN-A657,A321,passenger
2026-02-17,20:15,05:28,Tokyo,HND,Vietnam Airlines,VN385,2,11L,Landed,VN-A864,B789,passenger
2026-02-17,20:11,01:39,Ho Chi Minh City,SGN,Vietnam Airlines,VN7290,1,11L,Landed,VN-A888,A359,passenger
2026-02-17,20:07,00:42,Vientiane,VTE,Vietnam Airlines,VN920,2,11L,Landed,VN-A611,A321,passenger
2026-02-17,20:03,00:58,Da Nang,DAD,Vietravel Airlines,VU658,1,11L,Landed,VN-A129,A321,passenger
2026-02-17,20:00,01:35,Yangon,RGN,Myanmar Airways International,8M450,2,11L,Landed,XY-ALP,E190,passenger
2026-02-17,19:57,01:43,Phu Quoc,PQC,VietJet Air,VJ1440,1,11L,Landed,VN-A516,A21N,passenger
2026-02-17,19:48,01:47,Bangkok,BKK,Thai Airways,TG564,2,11L,Landed,HS-TXB,A320,passenger
2026-02-17,19:45,01:02,Da Nang,DAD,VietJet Air,VJ516,1,11L,Landed,VN-A683,A321,passenger
2026-02-17,19:43,01:18,Pleiku,PXU,VietJet Air,VJ424,1,11L,Landed,VN-A575,A21N,passenger
2026-02-17,19:38,02:38,Taichung,RMQ,VietJet Air,VJ949,2,11L,Landed,VN-A647,A321,passenger
2026-02-17,19:35,03:09,Singapore,SIN,Singapore Airlines,SQ194,2,11L,Landed,9V-MBA,B38M,passenger
2026-02-17,19:32,06:03,Doha,DOH,Qatar Airways,QR984,2,11L,Landed,A7-BCK,B788,passenger
2026-02-17,19:30,01:41,Chongqing,CKG,West Air,PN6423,2,11L,Landed,B-9982,A320,passenger
2026-02-17,19:27,01:02,Hue,HUI,Vietnam Airlines,VN1544,1,11L,Landed,VN-A396,A321,passenger
2026-02-17,19:21,01:26,Siem Reap,SAI,Vietnam Airlines,VN836,2,11L,Landed,VN-A335,A321,passenger
2026-02-17,19:19,05:35,Osaka,KIX,VietJet Air,VJ931,2,11L,Landed,VN-A697,A21N,passenger
2026-02-17,19:15,01:43,Ho Chi Minh City,SGN,Vietnam Airlines,VN254,1,11L,Landed,VN-A896,A359,passenger
2026-02-17,19:12,01:44,Ho Chi Minh City,SGN,Vietravel Airlines,VU780,1,11L,Landed,VN-A136,A320,passenger
2026-02-17,19:09,00:36,Vinh,VII,Vietnam Airlines,VN1718,1,11L,Landed,VN-A331,A321,passenger
2026-02-17,19:04,01:01,Da Nang,DAD,VietJet Air,VJ512,1,11L,Landed,VN-A548,A21N,passenger
2026-02-17,19:01,01:49,Hong Kong,HKG,Hong Kong Airlines,HX528,2,11L,Landed,B-LPO,A320,passenger
2026-02-17,18:57,00:58,Da Nang,DAD,Vietnam Airlines,VN174,1,11L,Landed,VN-A329,A321,passenger
2026-02-17,18:55,01:43,Ho Chi Minh City,SGN,VietJet Air,VJ172,1,11L,Landed,VN-A811,A333,passenger
2026-02-17,18:51,02:39,Xi'an,XIY,China Eastern Airlines,MU867,2,11L,Landed,B-32C8,A20N,passenger
2026-02-17,18:46,01:50,Changsha,CSX,China Southern Airlines,CZ8359,2,11L,Landed,B-305D,A20N,passenger
2026-02-17,18:35,01:47,Shenzhen,SZX,Shenzhen Airlines,ZH105,2,11L,Landed,B-1712,B738,passenger
2026-02-17,18:31,01:52,Phu Quoc,PQC,N/A,VN6400,1,11L,Landed,VN-A363,A321,passenger
2026-02-17,18:29,01:56,Guangzhou,CAN,China Southern Airlines,CZ8177,2,11L,Landed,B-6783,A320,passenger
2026-02-17,18:25,01:41,Phnom Penh,KTI,Air Cambodia,K6850,2,11L,Landed,XU-350,A321,passenger
2026-02-17,18:22,01:50,Ho Chi Minh City,SGN,VietJet Air,VJ192,1,11L,Landed,VN-A815,A333,passenger
2026-02-17,18:16,01:47,Phu Quoc,PQC,Sun PhuQuoc Airways,9G1216,1,11L,Landed,VN-A279,A321,passenger
2026-02-17,18:12,00:18,N/A,,Lao Airlines,QV514,2,N/A,Landed,RDPL-34175,AT75,passenger
2026-02-17,18:10,03:35,Beijing,PEK,Vietnam Airlines,VN513,2,11L,Landed,VN-A338,A321,passenger
2026-02-17,18:07,01:37,Nha Trang,CXR,Vietnam Airlines,VN1558,1,11L,Landed,VN-A614,A321,passenger
2026-02-17,18:04,01:46,Ho Chi Minh City,SGN,Vietnam Airlines,VN216,1,11L,Landed,VN-A890,A359,passenger
2026-02-17,18:01,05:44,Abu Dhabi,AUH,Etihad Airways,EY430,2,11L,Landed,A6-BLZ,B789,passenger
2026-02-17,17:58,03:51,Jakarta,CGK,VietJet Air,VJ928,2,11L,Landed,VN-A650,A320,passenger
2026-02-17,17:55,01:41,Phu Quoc,PQC,VietJet Air,VJ446,1,11L,Landed,VN-A689,A320,passenger
2026-02-17,17:52,00:57,Da Nang,DAD,VietJet Air,VJ514,1,11L,Landed,VN-A677,A321,passenger
2026-02-17,17:43,03:16,Shanghai,PVG,Vietnam Airlines,VN533,2,11L,Landed,VN-A625,A21N,passenger
2026-02-17,17:41,03:36,Shanghai,PVG,China Eastern Airlines,MU6013,2,11L,Landed,B-32LT,A21N,passenger
2026-02-17,17:37,01:37,Nha Trang,CXR,VietJet Air,VJ784,1,11L,Landed,VN-A551,A21N,passenger
2026-02-17,17:34,01:46,Guangzhou,CAN,Vietnam Airlines,VN507,2,11L,Landed,VN-A601,A321,passenger
2026-02-17,17:31,01:27,Bangkok,BKK,Vietnam Airlines,VN614,2,11L,Landed,VN-A610,A321,passenger
2026-02-17,17:29,02:28,Kaohsiung,KHH,VietJet Air,VJ947,2,11L,Landed,VN-A539,A21N,passenger
2026-02-17,17:22,01:41,Ho Chi Minh City,SGN,VietJet Air,VJ194,1,11L,Landed,VN-A676,A320,passenger
2026-02-17,17:19,00:49,Luang Prabang,LPQ,AirAsia,FD1038,2,11L,Landed,HS-BBW,A320,passenger
2026-02-17,17:17,01:04,Da Nang,DAD,Vietnam Airlines,VN172,1,11L,Landed,VN-A353,A321,passenger
2026-02-17,17:13,00:46,Dien Bien Phu,DIN,Vietnam Airlines,VN1805,1,29R,Landed,VN-A604,A321,passenger
2026-02-17,17:08,02:53,Singapore,SIN,VietJet Air,VJ916,2,11L,Landed,VN-A525,A21N,passenger
2026-02-17,17:06,01:33,Nha Trang,CXR,Bamboo Airways,QH1416,1,11L,Landed,VN-A597,A321,passenger
2026-02-17,16:59,01:46,Ho Chi Minh City,SGN,Transavia,VJ134,1,11L,Landed,LY-MLI,A320,passenger
2026-02-17,16:55,02:56,Taipei,TPE,EVA Air,BR385,2,11L,Landed,B-16223,A321,passenger
2026-02-17,16:52,01:39,Da Lat,DLI,Bamboo Airways,QH1424,1,11L,Landed,VN-A596,A20N,passenger
2026-02-17,16:50,04:31,Busan,PUS,VietJet Air,VJ957,2,11L,Landed,VN-A655,A320,passenger
2026-02-17,16:46,01:46,Ho Chi Minh City,SGN,VietJet Air,VJ130,1,11L,Landed,VN-A814,A333,passenger
2026-02-17,16:44,03:36,Shanghai,PVG,Air China,CA755,2,11L,Landed,B-8503,A321,passenger
2026-02-17,16:41,05:07,Hiroshima,HIJ,VietJet Air,VJ953,2,11L,Landed,VN-A671,A320,passenger
2026-02-17,16:34,,Da Nang,DAD,Vietnam Airlines,VN7164,1,N/A,Landed,VN-A615,A321,passenger
2026-02-17,16:26,02:50,Taipei,TPE,China Airlines,CI793,2,N/A,Landed,B-18106,A21N,passenger
2026-02-17,16:23,02:10,Kolkata,CCU,IndiGo,6E1631,2,11L,Landed,VT-ISO,A20N,passenger
2026-02-17,16:19,01:37,Ho Chi Minh City,SGN,Vietnam Airlines,VN7248,1,11L,Landed,VN-A865,B789,passenger
2026-02-17,16:04,01:31,Da Lat,DLI,Vietnam Airlines,VN1574,1,11L,Landed,VN-A358,A321,passenger
2026-02-17,16:01,01:56,Can Tho,VCA,Vietnam Airlines,VN1202,1,11L,Landed,VN-A331,A321,passenger
2026-02-17,15:57,01:46,Ho Chi Minh City,SGN,Vietravel Airlines,VU770,1,11L,Landed,VN-A129,A321,passenger
2026-02-17,15:54,01:28,Tuy Hoa,TBB,Vietnam Airlines,VN1650,1,11L,Landed,VN-A323,A321,passenger
2026-02-17,15:51,01:47,Ho Chi Minh City,SGN,Vietnam Airlines,VN248,1,11L,Landed,VN-A334,A321,passenger
2026-02-17,15:49,01:39,Bangkok,BKK,China Airlines,CI6654,0,11L,Landed,B-18722,B744,cargo
2026-02-17,15:46,02:00,Can Tho,VCA,N/A,VJ462,1,11L,Landed,,N/A,unknown
2026-02-17,15:43,01:43,Hong Kong,HKG,Vietnam Airlines,VN593,2,11L,Landed,VN-A396,A321,passenger
2026-02-17,15:40,02:47,Singapore,SIN,Vietnam Airlines,VN660,2,11L,Landed,VN-A895,A359,passenger
2026-02-17,15:37,01:33,Da Lat,DLI,VietJet Air,VJ408,1,11L,Landed,VN-A667,A321,passenger
2026-02-17,15:33,01:39,Phu Quoc,PQC,Sun PhuQuoc Airways,9G1208,1,11L,Landed,VN-A280,A321,passenger
2026-02-17,15:31,00:46,Vientiane,VTE,Lao Airlines,QV311,2,11L,Landed,RDPL-34199,A320,passenger
2026-02-17,15:27,01:44,Ho Chi Minh City,SGN,BBN Airlines Indonesia,QH242,1,11L,Landed,PK-BBK,B739,passenger
2026-02-17,15:18,02:41,Kuala Lumpur,KUL,AirAsia,AK512,2,11L,Landed,9M-AHZ,A320,passenger
2026-02-17,15:14,01:46,Can Tho,VCA,VietJet Air,VJ460,1,11L,Landed,VN-A683,A321,passenger
2026-02-17,15:10,00:57,Da Nang,DAD,VietJet Air,VJ1510,1,11L,Landed,VN-A657,A321,passenger
2026-02-17,15:02,08:06,Istanbul,IST,Turkish Airlines,TK164,2,11L,Landed,TC-LGO,A359,passenger
2026-02-17,14:59,01:19,Qui Nhon,UIH,Vietnam Airlines,VN1622,1,11L,Landed,VN-A515,A20N,passenger
2026-02-17,14:55,01:36,Da Lat,DLI,VietJet Air,VJ404,1,29R,Landed,VN-A699,A320,passenger
2026-02-17,14:52,01:57,Con Dao,VCS,VietJet Air,VJ106,1,11L,Landed,B-656E,AJ27,passenger
2026-02-17,14:51,02:47,Paro,PBH,Bhutan Airlines,B3720,2,11L,Landed,A5-DOR,A319,passenger
2026-02-17,14:44,01:33,Shenzhen,SZX,China Southern Airlines,CZ8469,2,11L,Landed,B-9917,A320,passenger
2026-02-17,14:39,02:59,Taipei,TPE,VietJet Air,VJ941,2,11L,Landed,VN-A552,A21N,passenger
2026-02-17,14:35,01:51,Ho Chi Minh City,SGN,VietJet Air,VJ144,1,11L,Landed,VN-A816,A333,passenger
2026-02-17,14:33,01:15,Chiang Mai,CNX,AirAsia,FD870,2,11L,Landed,HS-ABX,A320,passenger
2026-02-17,14:29,01:50,Ho Chi Minh City,SGN,Sun PhuQuoc Airways,9G838,1,11L,Landed,VN-A284,A21N,passenger
2026-02-17,14:27,01:51,Ho Chi Minh City,SGN,Vietnam Airlines,VN7046,1,11L,Landed,VN-A622,A21N,passenger
2026-02-17,14:24,02:48,Kuala Lumpur,KUL,VietJet Air,VJ906,2,N/A,Landed,VN-A543,A21N,passenger
2026-02-17,14:21,00:59,Kunming,KMG,China Eastern Airlines,MU9605,2,11L,Landed,B-7591,B738,passenger
2026-02-17,14:19,01:04,Da Nang,DAD,Vietnam Airlines,VN168,1,11L,Landed,VN-A613,A321,passenger
2026-02-17,14:12,03:36,Shanghai,PVG,China Eastern Airlines,MU6011,2,11L,Landed,B-8979,A321,passenger
2026-02-17,14:09,02:32,Tainan,TNN,VietJet Air,VJ7423,2,11L,Landed,VN-A516,A21N,passenger
2026-02-17,14:05,06:18,Tokyo,NRT,VietJet Air,VJ933,2,11L,Landed,VN-A820,A333,passenger
2026-02-17,14:03,01:38,Ho Chi Minh City,SGN,Vietnam Airlines,VN212,1,11L,Landed,VN-A862,B789,passenger
2026-02-17,13:56,00:58,Da Nang,DAD,VietJet Air,VJ508,1,11L,Landed,VN-A548,A21N,passenger
2026-02-17,13:52,01:28,Bangkok,BKK,Vietnam Airlines,VN610,2,11L,Landed,VN-A329,A321,passenger
2026-02-17,13:48,00:58,Da Nang,DAD,Vietnam Airlines,VN166,1,11L,Landed,VN-A604,A321,passenger
2026-02-17,13:40,04:40,Seoul,ICN,VietJet Air,VJ961,2,11L,Landed,VN-A575,A21N,passenger
2026-02-17,13:37,01:34,Shenzhen,SZX,Shenzhen Airlines,ZH103,2,11L,Landed,B-6615,A320,passenger
2026-02-17,13:25,02:27,Kaohsiung,KHH,Vietnam Airlines,VN583,2,11L,Landed,VN-A336,A321,passenger
2026-02-17,13:23,04:58,Osaka,KIX,Vietnam Airlines,VN335,2,11L,Landed,VN-A888,A359,passenger
2026-02-17,13:20,05:29,Osaka,KIX,VietJet Air,VJ939,2,11L,Landed,VN-A554,A21N,passenger
2026-02-17,13:17,01:53,Phu Quoc,PQC,Sun PhuQuoc Airways,9G1204,1,11L,Landed,VN-A281,A21N,passenger
2026-02-17,13:11,01:03,Hue,HUI,VietJet Air,VJ566,1,11L,Landed,VN-A677,A321,passenger
2026-02-17,13:07,05:31,Nagoya,NGO,VietJet Air,VJ921,2,11L,Landed,VN-A538,A21N,passenger
2026-02-17,13:04,02:13,Dhaka,DAC,Ethiopian Airlines,ET678,2,11L,Landed,ET-AOQ,B788,passenger
2026-02-17,13:01,05:12,Nagoya,NGO,Vietnam Airlines,VN349,2,11L,Landed,VN-A889,A359,passenger
2026-02-17,12:58,04:38,Fukuoka,FUK,Vietnam Airlines,VN357,2,11L,Landed,VN-A357,A321,passenger
2026-02-17,12:49,04:23,Busan,PUS,Vietnam Airlines,VN429,2,11L,Landed,VN-A873,B78X,passenger
2026-02-17,12:46,05:44,Dubai,DXB,Emirates,EK394,2,11L,Landed,A6-ENF,B77W,passenger
2026-02-17,12:44,06:18,Doha,DOH,Qatar Airways,QR976,2,11L,Landed,A7-AOE,A35K,passenger
2026-02-17,12:42,01:42,Nha Trang,CXR,VietJet Air,VJ780,1,11L,Landed,VN-A551,A21N,passenger
2026-02-17,12:35,02:47,Kuala Lumpur,KUL,Batik Air,OD571,2,11L,Landed,9M-LRU,B38M,passenger
2026-02-17,12:33,01:57,Ho Chi Minh City,SGN,Bamboo Airways,QH224,1,11L,Landed,JU-1410,A320,passenger
2026-02-17,12:29,01:50,Guangzhou,CAN,Shenzhen Airlines,ZH121,2,11L,Landed,B-5670,B738,passenger
2026-02-17,12:26,04:50,Seoul,ICN,Asiana Airlines,OZ729,2,11L,Landed,HL7700,B772,passenger
2026-02-17,12:22,03:02,Kuala Lumpur,KUL,Malaysia Airlines,MH752,2,11L,Landed,9M-MXI,B738,passenger
2026-02-17,12:20,01:48,Phu Quoc,PQC,Sun PhuQuoc Airways,9G1202,1,11L,Landed,VN-A279,A321,passenger
2026-02-17,12:16,01:45,Ho Chi Minh City,SGN,Vietnam Airlines,VN210,1,11L,Landed,VN-A866,B789,passenger
2026-02-17,12:14,01:26,Bangkok,DMK,AirAsia,FD640,2,11L,Landed,HS-ABZ,A320,passenger
2026-02-17,12:10,01:46,Phu Quoc,PQC,VietJet Air,VJ440,1,11L,Landed,VN-A672,A320,passenger
2026-02-17,12:08,00:58,Da Nang,DAD,N/A,VN6080,1,11L,Landed,VN-A363,A321,passenger
2026-02-17,12:04,01:48,Phu Quoc,PQC,Vietnam Airlines,VN1236,1,11L,Landed,VN-A601,A321,passenger
2026-02-17,12:01,03:47,Beijing,PEK,Air China,CA741,2,11L,Landed,B-325N,A21N,passenger
2026-02-17,11:58,01:38,Ho Chi Minh City,SGN,VietJet Air,VJ128,1,11L,Landed,VN-A811,A333,passenger
2026-02-17,11:54,03:35,Shanghai,PVG,Air China,CA703,2,11L,Landed,B-8502,A321,passenger
2026-02-17,11:52,04:43,Fukuoka,FUK,VietJet Air,VJ959,2,11L,Landed,VN-A647,A321,passenger
2026-02-17,11:49,01:31,Phnom Penh,KTI,Air Cambodia,K6854,2,11L,Landed,XU-353,A320,passenger
2026-02-17,11:43,01:32,Da Lat,DLI,Bamboo Airways,QH1422,1,11L,Landed,VN-A597,A321,passenger
2026-02-17,11:39,07:43,Amman,AMM,Turkish Airlines,TK6232,0,11L,Landed,TC-LJR,B77L,cargo
2026-02-17,11:33,01:41,Ho Chi Minh City,SGN,VietJet Air,VJ186,1,11L,Landed,VN-A815,A333,passenger
2026-02-17,11:30,01:48,Can Tho,VCA,Vietnam Airlines,VN1200,1,11L,Landed,VN-A610,A321,passenger
2026-02-17,11:27,00:57,Da Nang,DAD,VietJet Air,VJ1508,1,11L,Landed,VN-A657,A321,passenger
2026-02-17,11:22,01:02,Da Nang,DAD,Bamboo Airways,QH104,1,11L,Landed,VN-A596,A20N,passenger
2026-02-17,11:19,01:42,Ho Chi Minh City,SGN,Sun PhuQuoc Airways,9G822,1,11L,Landed,VN-A286,A21N,passenger
2026-02-17,11:13,00:52,Dong Hoi,VDH,Vietnam Airlines,VN1590,1,11L,Landed,VN-A323,A321,passenger
2026-02-17,11:07,04:55,Seoul,ICN,Korean Air,KE441,2,11L,Landed,HL8559,A21N,passenger
2026-02-17,11:04,01:44,Ho Chi Minh City,SGN,VietJet Air,VJ184,1,11L,Landed,VN-A814,A333,passenger
2026-02-17,11:01,01:31,Buon Ma Thuot,BMV,Vietnam Airlines,VN1602,1,11L,Landed,VN-A358,A321,passenger
2026-02-17,10:58,04:40,Busan,PUS,VietJet Air,VJ981,2,11L,Landed,VN-A629,A321,passenger
2026-02-17,10:55,01:38,Ho Chi Minh City,SGN,Vietnam Airlines,VN244,1,11L,Landed,VN-A891,A359,passenger
2026-02-17,10:50,01:11,Pleiku,PXU,Vietnam Airlines,VN1614,1,11L,Landed,VN-A324,A321,passenger
2026-02-17,10:44,02:46,Taipei,TPE,China Airlines,CI791,2,11L,Landed,B-18111,A21N,passenger
2026-02-17,10:34,02:45,Taipei,TPE,STARLUX,JX715,2,11L,Landed,B-58210,A21N,passenger
2026-02-17,10:23,01:41,Ho Chi Minh City,SGN,VietJet Air,VJ136,1,11L,Landed,VN-A661,A321,passenger
2026-02-17,10:06,04:33,Seoul,ICN,CMA CGM Air Cargo,5Y8531,0,11L,Landed,N760GT,B77L,cargo
2026-02-17,10:03,01:41,Ho Chi Minh City,SGN,Vietnam Airlines,VN208,1,11L,Landed,VN-A865,B789,passenger
2026-02-17,09:59,02:27,Kaohsiung,KHH,Vietnam Airlines,VN587,2,11L,Landed,VN-A331,A321,passenger
2026-02-17,09:56,01:38,Hong Kong,HKG,Cathay Pacific,CX741,2,11L,Landed,B-HNJ,B773,passenger
2026-02-17,09:48,00:58,Da Nang,DAD,Vietravel Airlines,VU638,1,11L,Landed,VN-A129,A321,passenger
2026-02-17,09:34,02:42,Taipei,TPE,Vietnam Airlines,VN579,2,11L,Landed,VN-A396,A321,passenger
2026-02-17,09:30,01:24,Bangkok,BKK,Thai Airways,TG560,2,11L,Landed,HS-TXQ,A320,passenger
2026-02-17,09:21,01:41,Ho Chi Minh City,SGN,Sun PhuQuoc Airways,9G808,1,11L,Landed,VN-A280,A321,passenger
2026-02-17,09:17,01:40,Ho Chi Minh City,SGN,Avion Express,VJ148,1,11L,Landed,LY-NVG,A320,passenger
2026-02-17,09:13,04:42,Seoul,ICN,VietJet Air,VJ963,2,11L,Landed,VN-A683,A321,passenger
2026-02-17,09:01,01:44,Ho Chi Minh City,SGN,Vietravel Airlines,VU774,1,11L,Landed,VN-A289,A321,passenger
2026-02-17,08:55,00:55,Hue,HUI,Vietnam Airlines,VN1540,1,11L,Landed,VN-A613,A321,passenger
2026-02-17,08:51,01:45,Hong Kong,HKG,HK express,UO540,2,11L,Landed,B-KKE,A21N,passenger
2026-02-17,08:48,01:37,Ho Chi Minh City,SGN,Vietnam Airlines,VN240,1,11L,Landed,VN-A886,A359,passenger
2026-02-17,08:42,01:24,Bangkok,DMK,AirAsia,FD642,2,11L,Landed,HS-BBM,A320,passenger
2026-02-17,08:13,01:39,Ho Chi Minh City,SGN,Sun PhuQuoc Airways,9G806,1,11L,Landed,VN-A284,A21N,passenger
2026-02-17,08:09,01:41,Ho Chi Minh City,SGN,VietJet Air,VJ126,1,11L,Landed,VN-A644,A321,passenger
2026-02-17,08:05,01:41,Ho Chi Minh City,SGN,Vietnam Airlines,VN206,1,11L,Landed,VN-A625,A21N,passenger
2026-02-17,08:03,02:46,Kuala Lumpur,KUL,AirAsia,AK516,2,11L,Landed,9M-RAQ,A20N,passenger
2026-02-17,07:42,01:00,Da Nang,DAD,Vietnam Airlines,VN156,1,11L,Landed,VN-A338,A321,passenger
2026-02-17,07:34,01:39,Ho Chi Minh City,SGN,Bamboo Airways,QH202,1,11L,Landed,VN-A227,A321,passenger
2026-02-17,07:24,01:39,Ho Chi Minh City,SGN,Vietravel Airlines,VU750,1,11L,Landed,VN-A136,A320,passenger
2026-02-17,07:11,02:54,Manila,MNL,Cebu Pacific,5J744,2,11L,Landed,RP-C4147,A21N,passenger
2026-02-17,06:58,02:45,Manila,MNL,Vietnam Airlines,VN646,2,11L,Landed,VN-A611,A321,passenger
2026-02-17,06:49,01:43,Ho Chi Minh City,SGN,N/A,VN6002,1,11L,Landed,VN-A363,A321,passenger
2026-02-17,06:44,05:51,Doha,DOH,Qatar Airways,QR982,2,11L,Landed,A7-BHY,B789,passenger
2026-02-17,06:41,01:37,Ho Chi Minh City,SGN,Vietnam Airlines,VN9100,1,11L,Landed,VN-A868,B789,passenger
2026-02-17,06:32,07:49,Istanbul,IST,Turkish Airlines,TK252,2,11L,Landed,TC-LLM,B789,passenger
2026-02-17,06:23,01:36,Ho Chi Minh City,SGN,Vietnam Airlines,VN9104,1,11L,Landed,VN-A604,A321,passenger
2026-02-17,06:04,03:52,Mumbai,BOM,VietJet Air,VJ910,2,11L,Landed,VN-A536,A21N,passenger
2026-02-17,05:45,09:31,Frankfurt,FRA,Vietnam Airlines,VN36,2,11L,Landed,VN-A862,B789,passenger
2026-02-17,05:40,01:47,Ho Chi Minh City,SGN,Vietnam Airlines,VN9106,1,N/A,Landed,VN-A324,A321,passenger
2026-02-17,05:38,03:53,Jakarta,CGK,Vietnam Airlines,VN634,2,11L,Landed,VN-A329,A321,passenger
2026-02-17,05:24,09:58,Paris,CDG,Vietnam Airlines,VN18,2,N/A,Landed,VN-A895,A359,passenger
2026-02-17,05:02,03:46,Ahmedabad,AMD,VietJet Air,VJ1926,2,N/A,Landed,VN-A650,A320,passenger
2026-02-17,04:45,01:40,Ho Chi Minh City,SGN,Vietnam Airlines,VN9108,1,11L,Landed,VN-A353,A321,passenger
2026-02-17,04:37,03:06,Shanghai,PVG,VietJet Air,VJ7239,2,11L,Landed,VN-A671,A320,passenger
2026-02-17,04:22,10:11,London,LHR,Vietnam Airlines,VN56,2,11L,Landed,VN-A871,B789,passenger
2026-02-17,04:15,03:36,Beijing,PKX,VietJet Air,VJ7713,2,11L,Landed,VN-A655,A320,passenger
2026-02-17,04:02,01:36,Guangzhou,CAN,VietJet Air,VJ7527,2,11L,Landed,VN-A642,A321,passenger
2026-02-17,03:57,09:22,Munich,MUC,Vietnam Airlines,VN34,2,11L,Landed,VN-A864,B789,passenger
2026-02-17,03:54,01:36,Ho Chi Minh City,SGN,Vietnam Airlines,VN9102,1,11L,Landed,VN-A896,A359,passenger
2026-02-17,02:10,04:18,Seoul,ICN,DHL Air,K4604,0,11L,Landed,N740CK,B744,cargo
2026-02-17,02:02,04:42,Seoul,ICN,Air Zeta,KJ391,0,11L,Landed,HL7507,B763,cargo
2026-02-17,01:51,01:40,Ho Chi Minh City,SGN,Vietravel Airlines,VU702,1,11L,Landed,VN-A129,A321,passenger
2026-02-17,01:47,01:41,Chengdu,TFU,VietJet Air,VJ7307,2,11L,Landed,VN-A516,A21N,passenger
2026-02-17,01:41,03:33,Shanghai,PVG,China Eastern Airlines,MU5075,2,11L,Landed,B-1773,B738,passenger
2026-02-17,00:57,02:49,Manila,MNL,Cebu Pacific,5J746,2,11L,Landed,RP-C4112,A321,passenger
2026-02-17,00:37,01:36,Ho Chi Minh City,SGN,Vietnam Airlines,VN270,1,11L,Landed,VN-A336,A321,passenger
2026-02-17,00:30,03:09,Shanghai,PVG,Juneyao Air,HO1329,2,N/A,Landed,B-8536,A320,passenger
2026-02-17,00:27,00:24,Sao Vang,THD,Bamboo Airways,QH18,1,11L,Landed,VN-A596,A20N,passenger
2026-02-17,00:21,04:45,Seoul,ICN,Jeju Air,7C2201,2,11L,Landed,HL8523,B38M,passenger
2026-02-17,00:00,01:31,Bangkok,BKK,Vietnam Airlines,VN616,2,11L,Landed,VN-A356,A321,passenger
2026-02-18,23:55,01:26,Bangkok,BKK,Vietnam Airlines,VN616,2,11L,Landed,VN-A505,A21N,passenger
2026-02-18,23:52,01:42,Ho Chi Minh City,SGN,VietJet Air,VJ164,1,11L,Landed,VN-A817,A333,passenger
2026-02-18,23:48,01:39,Phu Quoc,PQC,Sun PhuQuoc Airways,9G1240,1,11L,Landed,VN-A286,A21N,passenger
2026-02-18,23:42,01:42,Phu Quoc,PQC,VietJet Air,VJ1446,1,11L,Landed,VN-A526,A21N,passenger
2026-02-18,23:30,01:32,Macau,MFM,Air Macau,NX988,2,11L,Landed,B-MCB,A320,passenger
2026-02-18,23:27,01:35,Nha Trang,CXR,VietJet Air,VJ778,1,11L,Landed,VN-A538,A21N,passenger
2026-02-18,23:24,01:45,Ho Chi Minh City,SGN,VietJet Air,VJ158,1,11L,Landed,VN-A672,A320,passenger
2026-02-18,23:21,01:39,Ho Chi Minh City,SGN,Vietnam Airlines,VN256,1,11L,Landed,VN-A872,B78X,passenger
2026-02-18,23:17,00:59,Da Nang,DAD,Bamboo Airways,QH148,1,11L,Landed,VN-A585,A321,passenger
2026-02-18,23:14,01:42,Ho Chi Minh City,SGN,VietJet Air,VJ160,1,11L,Landed,VN-A643,A321,passenger
2026-02-18,23:10,00:59,Hue,HUI,Vietnam Airlines,VN1548,1,11L,Landed,VN-A611,A321,passenger
2026-02-18,23:07,04:17,Busan,PUS,Air Busan,BX7395,2,11L,Landed,HL8396,A21N,passenger
2026-02-18,23:02,04:25,Seoul,ICN,T'way Air,TW61,2,11L,Landed,HL8070,B738,passenger
2026-02-18,23:00,01:00,Da Nang,DAD,VietJet Air,VJ520,1,11L,Landed,VN-A684,A321,passenger
2026-02-18,22:56,01:34,Guangzhou,CAN,China Southern Airlines,CZ371,2,11L,Landed,B-226J,B38M,passenger
2026-02-18,22:52,01:44,Ho Chi Minh City,SGN,Bamboo Airways,QH268,1,11L,Landed,VN-A596,A20N,passenger
2026-02-18,22:48,,Ho Chi Minh City,SGN,Sun PhuQuoc Airways,9G872,1,11L,Landed,VN-A281,A21N,passenger
2026-02-18,22:45,01:47,Ho Chi Minh City,SGN,VietJet Air,VJ180,1,11L,Landed,VN-A816,A333,passenger
2026-02-18,22:42,01:54,Can Tho,VCA,VietJet Air,VJ464,1,11L,Landed,VN-A662,A320,passenger
2026-02-18,22:39,05:50,Tokyo,NRT,All Nippon Airways,NH897,2,11L,Landed,JA888A,B789,passenger
2026-02-18,22:36,01:48,Ho Chi Minh City,SGN,Sun PhuQuoc Airways,9G868,1,11L,Landed,VN-A279,A321,passenger
2026-02-18,22:29,01:35,Buon Ma Thuot,BMV,VietJet Air,VJ1492,1,11L,Landed,VN-A636,A321,passenger
2026-02-18,22:23,04:24,Seoul,ICN,Asiana Airlines,OZ733,2,11L,Landed,HL7771,A359,passenger
2026-02-18,22:20,00:58,Hue,HUI,VietJet Air,VJ568,1,11L,Landed,VN-A650,A320,passenger
2026-02-18,22:17,02:54,Taipei,TPE,VietJet Air,VJ943,2,11L,Landed,VN-A677,A321,passenger
2026-02-18,22:14,04:35,Busan,PUS,T'way Air,TW65,2,11L,Landed,HL8056,B738,passenger
2026-02-18,22:11,05:47,Tokyo,NRT,Japan Airlines,JL751,2,11L,Landed,JA617J,B763,passenger
2026-02-18,22:10,01:07,Da Nang,DAD,N/A,VN6070,1,11L,Landed,VN-A363,A321,passenger
2026-02-18,22:04,01:57,Chengdu,TFU,Sichuan Airlines,3U3905,2,11L,Landed,B-6697,A320,passenger
2026-02-18,22:01,02:45,Kuala Lumpur,KUL,Vietnam Airlines,VN680,2,11L,Landed,VN-A614,A321,passenger
2026-02-18,21:59,05:59,Tokyo,NRT,VietJet Air,VJ935,2,11L,Landed,VN-A646,A21N,passenger
2026-02-18,21:49,01:46,Ho Chi Minh City,SGN,VietJet Air,VJ196,1,11L,Landed,VN-A820,A333,passenger
2026-02-18,21:46,04:20,Seoul,ICN,Korean Air,KE447,2,11L,Landed,HL8574,B78X,passenger
2026-02-18,21:45,01:48,Phu Quoc,PQC,Sun PhuQuoc Airways,9G1230,1,11L,Landed,VN-A284,A21N,passenger
2026-02-18,21:41,01:35,Phnom Penh,KTI,Vietnam Airlines,VN922,2,11L,Landed,VN-A512,A21N,passenger
2026-02-18,21:37,00:49,Vientiane,VTE,Vietnam Airlines,VN920,2,11L,Landed,VN-A395,A321,passenger
2026-02-18,21:22,01:45,Ho Chi Minh City,SGN,VietJet Air,VJ166,1,11L,Landed,VN-A528,A21N,passenger
2026-02-18,21:18,01:48,Ho Chi Minh City,SGN,BBN Airlines Indonesia,QH262,1,11L,Landed,PK-BBK,B739,passenger
2026-02-18,21:14,01:35,Nha Trang,CXR,Vietnam Airlines,VN1562,1,11L,Landed,VN-A625,A21N,passenger
2026-02-18,21:12,02:43,Taichung,RMQ,VietJet Air,VJ949,2,11L,Landed,VN-A535,A321,passenger
2026-02-18,21:07,01:28,Bangkok,BKK,Vietnam Airlines,VN618,2,11L,Landed,VN-A610,A321,passenger
2026-02-18,21:05,01:02,Da Nang,DAD,Vietravel Airlines,VU658,1,11L,Landed,VN-A129,A321,passenger
2026-02-18,21:02,01:45,Ho Chi Minh City,SGN,VietJet Air,VJ154,1,11L,Landed,VN-A554,A21N,passenger
2026-02-18,20:59,04:33,Denpasar,DPS,VietJet Air,VJ998,2,11L,Landed,VN-A516,A21N,passenger
2026-02-18,20:56,01:23,Qui Nhon,UIH,Vietnam Airlines,VN7620,1,11L,Landed,VN-A620,A21N,passenger
2026-02-18,20:52,00:43,Luang Prabang,LPQ,Vietnam Airlines,VN930,2,11L,Landed,VN-A325,A321,passenger
2026-02-18,20:50,01:04,Da Nang,DAD,Vietnam Airlines,VN188,1,11L,Landed,VN-A513,A20N,passenger
2026-02-18,20:45,01:43,Ho Chi Minh City,SGN,Vietnam Airlines,VN7018,1,11L,Landed,VN-A874,B78X,passenger
2026-02-18,20:43,09:16,Sydney,SYD,Vietnam Airlines,VN786,2,11L,Landed,VN-A896,A359,passenger
2026-02-18,20:40,01:49,Phu Quoc,PQC,VietJet Air,VJ1440,1,11L,Landed,VN-A667,A321,passenger
2026-02-18,20:36,01:29,Bangkok,DMK,AirAsia,FD644,2,11L,Landed,HS-EAD,A21N,passenger
2026-02-18,20:34,01:35,Da Lat,DLI,VietJet Air,VJ410,1,11L,Landed,VN-A675,A320,passenger
2026-02-18,20:31,01:39,Ho Chi Minh City,SGN,Vietnam Airlines,VN252,1,11L,Landed,VN-A889,A359,passenger
2026-02-18,20:27,01:26,Bangkok,BKK,VietJet Air,VJ904,2,11L,Landed,VN-A575,A21N,passenger
2026-02-18,20:24,01:21,Qui Nhon,UIH,Bamboo Airways,QH1214,1,11L,Landed,VN-A227,A321,passenger
2026-02-18,20:21,04:11,Seoul,ICN,Vietnam Airlines,VN415,2,11L,Landed,VN-A892,A359,passenger
2026-02-18,20:18,01:04,Chu Lai,VCL,Vietnam Airlines,VN7642,1,11L,Landed,VN-A353,A321,passenger
2026-02-18,20:12,01:20,Siem Reap,SAI,VietJet Air,VJ914,2,11L,Landed,VN-A553,A21N,passenger
2026-02-18,20:08,05:19,Tokyo,HND,Vietnam Airlines,VN385,2,11L,Landed,VN-A862,B789,passenger
2026-02-18,20:04,01:02,Hue,HUI,Vietnam Airlines,VN1544,1,11L,Landed,VN-A604,A321,passenger
2026-02-18,20:02,01:46,Ho Chi Minh City,SGN,VietJet Air,VJ152,1,11L,Landed,VN-A645,A321,passenger
2026-02-18,19:58,01:23,Siem Reap,SAI,Vietnam Airlines,VN836,2,11L,Landed,VN-A396,A321,passenger
2026-02-18,19:56,00:58,Da Nang,DAD,VietJet Air,VJ516,1,11L,Landed,VN-A669,A320,passenger
2026-02-18,19:52,01:42,Ho Chi Minh City,SGN,Vietravel Airlines,VU780,1,11L,Landed,VN-A289,A321,passenger
2026-02-18,19:44,01:33,Yangon,RGN,Myanmar Airways International,8M450,2,11L,Landed,XY-ALO,E190,passenger
2026-02-18,19:41,01:00,Da Nang,DAD,Vietnam Airlines,VN180,1,11L,Landed,VN-A515,A20N,passenger
2026-02-18,19:38,04:57,Osaka,KIX,VietJet Air,VJ931,2,11L,Landed,VN-A525,A21N,passenger
2026-02-18,19:34,01:41,Chongqing,CKG,West Air,PN6423,2,11L,Landed,B-8846,A320,passenger
2026-02-18,19:28,00:34,Vinh,VII,Vietnam Airlines,VN1718,1,11L,Landed,VN-A601,A321,passenger
2026-02-18,19:20,01:13,Pleiku,PXU,VietJet Air,VJ424,1,11L,Landed,VN-A674,A21N,passenger
2026-02-18,19:15,01:22,Bangkok,BKK,Thai Airways,TG564,2,11L,Landed,HS-TXS,A320,passenger
2026-02-18,19:12,01:38,Ho Chi Minh City,SGN,Vietnam Airlines,VN254,1,11R,Landed,VN-A878,B78X,passenger
2026-02-18,19:01,02:52,Singapore,XSP,Hai Au Aviation,HAI488,2,11L,Landed,VN-A488,FA8X,business jet
2026-02-18,18:57,01:38,Ho Chi Minh City,SGN,Vietnam Airlines,VN216,1,11L,Landed,VN-A886,A359,passenger
2026-02-18,18:52,01:54,Changsha,CSX,China Southern Airlines,CZ8359,2,11L,Landed,B-32FU,A20N,passenger
2026-02-18,18:48,01:49,Hong Kong,HKG,Hong Kong Airlines,HX528,2,11L,Landed,B-LPN,A320,passenger
2026-02-18,18:44,01:47,Phu Quoc,PQC,Vietnam Airlines,VN7246,1,11L,Landed,VN-A331,A321,passenger
2026-02-18,18:41,02:33,Kaohsiung,KHH,VietJet Air,VJ947,2,11L,Landed,VN-A697,A21N,passenger
2026-02-18,18:38,01:57,Phu Quoc,PQC,VietJet Air,VJ446,1,11L,Landed,VN-A671,A320,passenger
2026-02-18,18:35,01:52,Shenzhen,SZX,Shenzhen Airlines,ZH105,2,11L,Landed,B-5771,B738,passenger
2026-02-18,18:31,01:09,Da Nang,DAD,Vietnam Airlines,VN174,1,11L,Landed,VN-A339,A321,passenger
2026-02-18,18:28,01:55,Hong Kong,HKG,Cathay Pacific,CX743,2,11L,Landed,B-HNW,B773,passenger
2026-02-18,18:26,01:55,Ho Chi Minh City,SGN,Sun PhuQuoc Airways,9G854,1,11L,Landed,VN-A280,A321,passenger
2026-02-18,18:23,01:48,Nha Trang,CXR,Vietnam Airlines,VN1558,1,11L,Landed,VN-A616,A21N,passenger
2026-02-18,18:20,01:56,Ho Chi Minh City,SGN,VietJet Air,VJ194,1,11L,Landed,VN-A580,A21N,passenger
2026-02-18,18:17,01:43,Phnom Penh,KTI,Air Cambodia,K6850,2,11L,Landed,XU-350,A321,passenger
2026-02-18,18:14,01:53,Ho Chi Minh City,SGN,Transavia,VJ386,1,11L,Landed,LY-MLI,A320,passenger
2026-02-18,18:11,03:31,Beijing,PEK,Vietnam Airlines,VN513,2,11L,Landed,VN-A611,A321,passenger
2026-02-18,18:08,01:05,Da Nang,DAD,VietJet Air,VJ512,1,11L,Landed,VN-A538,A21N,passenger
2026-02-18,18:06,01:44,Phu Quoc,PQC,Sun PhuQuoc Airways,9G1216,1,11L,Landed,VN-A286,A21N,passenger
2026-02-18,18:02,01:28,Bangkok,BKK,Vietnam Airlines,VN614,2,11L,Landed,VN-A622,A21N,passenger
2026-02-18,17:59,03:52,Jakarta,CGK,VietJet Air,VJ928,2,11L,Landed,VN-A650,A320,passenger
2026-02-18,17:56,01:40,Phu Quoc,PQC,N/A,VN6400,1,11L,Landed,VN-A363,A321,passenger
2026-02-18,17:54,03:20,Shanghai,PVG,China Eastern Airlines,MU6013,2,11L,Landed,B-32KT,A21N,passenger
2026-02-18,17:42,03:13,Shanghai,PVG,Vietnam Airlines,VN533,2,11L,Landed,VN-A505,A21N,passenger
2026-02-18,17:38,01:39,Ho Chi Minh City,SGN,Vietnam Airlines,VN250,1,11L,Landed,VN-A888,A359,passenger
2026-02-18,17:33,00:10,N/A,,Lao Airlines,N/A,2,N/A,Landed,RDPL-34175,AT75,passenger
2026-02-18,17:28,01:38,Bangkok,BKK,VietJet Air,VJ902,2,11L,Landed,VN-A551,A21N,passenger
2026-02-18,17:25,01:39,Guangzhou,CAN,Vietnam Airlines,VN507,2,11L,Landed,VN-A324,A321,passenger
2026-02-18,17:23,01:42,Ho Chi Minh City,SGN,VietJet Air,VJ146,1,11L,Landed,VN-A817,A333,passenger
2026-02-18,17:19,00:43,Luang Prabang,LPQ,AirAsia,FD1038,2,11L,Landed,HS-BBI,A320,passenger
2026-02-18,17:16,02:47,Taipei,TPE,STARLUX,JX717,2,11L,Landed,B-58212,A21N,passenger
2026-02-18,17:07,02:54,Singapore,SIN,Singapore Airlines,SQ194,2,11L,Landed,9V-SHV,A359,passenger
2026-02-18,17:04,01:00,Da Nang,DAD,VietJet Air,VJ514,1,11L,Landed,VN-A662,A320,passenger
2026-02-18,16:57,02:56,Singapore,SIN,VietJet Air,VJ916,2,11L,Landed,VN-A539,A21N,passenger
2026-02-18,16:54,01:41,Ho Chi Minh City,SGN,Vietravel Airlines,VU770,1,11L,Landed,VN-A129,A321,passenger
2026-02-18,16:51,02:48,Taipei,TPE,EVA Air,BR385,2,11L,Landed,B-16216,A321,passenger
2026-02-18,16:47,00:37,Dien Bien Phu,DIN,Vietnam Airlines,VN1805,1,11L,Landed,VN-A338,A321,passenger
2026-02-18,16:45,01:41,Ho Chi Minh City,SGN,Vietnam Airlines,VN248,1,11L,Landed,VN-A863,B789,passenger
2026-02-18,16:43,03:26,Shanghai,PVG,Air China,CA755,2,11L,Landed,B-8492,A321,passenger
2026-02-18,16:34,02:21,Kolkata,CCU,IndiGo,6E1631,2,11L,Landed,VT-ISY,A20N,passenger
2026-02-18,16:30,01:41,Ho Chi Minh City,SGN,Vietnam Airlines,VN246,1,11L,Landed,VN-A866,B789,passenger
2026-02-18,16:27,01:58,Can Tho,VCA,VietJet Air,VJ460,1,11L,Landed,VN-A642,A321,passenger
2026-02-18,16:24,01:34,Da Lat,DLI,Vietnam Airlines,VN1574,1,11L,Landed,VN-A513,A20N,passenger
2026-02-18,16:22,02:49,Taipei,TPE,China Airlines,CI793,2,11L,Landed,B-18117,A21N,passenger
2026-02-18,16:18,01:54,Can Tho,VCA,Vietnam Airlines,VN1202,1,11L,Landed,VN-A601,A321,passenger
2026-02-18,16:08,01:01,Da Nang,DAD,Vietnam Airlines,VN7164,1,11L,Landed,VN-A512,A21N,passenger
2026-02-18,16:05,01:58,Con Dao,VCS,VietJet Air,VJ108,1,11L,Landed,B-656E,AJ27,passenger
2026-02-18,16:02,01:55,Ho Chi Minh City,SGN,Pegasus,VJ188,1,11L,Landed,LY-NVE,A320,passenger
2026-02-18,15:59,03:00,Singapore,SIN,Vietnam Airlines,VN660,2,11L,Landed,VN-A897,A359,passenger
2026-02-18,15:56,01:37,Tuy Hoa,TBB,Vietnam Airlines,VN1650,1,11L,Landed,VN-A625,A21N,passenger
2026-02-18,15:53,01:14,Vientiane,VTE,Lao Airlines,QV311,2,11L,Landed,RDPL-34223,A320,passenger
2026-02-18,15:50,08:43,Istanbul,IST,Turkish Airlines,TK164,2,N/A,Landed,TC-LGI,A359,passenger
2026-02-18,15:47,01:55,Phu Quoc,PQC,Sun PhuQuoc Airways,9G1208,1,11L,Landed,VN-A284,A21N,passenger
2026-02-18,15:43,01:53,Hong Kong,HKG,Vietnam Airlines,VN593,2,11L,Landed,VN-A604,A321,passenger
2026-02-18,15:41,01:39,Da Lat,DLI,VietJet Air,VJ408,1,11L,Landed,VN-A699,A320,passenger
2026-02-18,15:38,01:48,Ho Chi Minh City,SGN,Bamboo Airways,QH242,1,11L,Landed,VN-A227,A321,passenger
2026-02-18,15:35,01:57,Can Tho,VCA,N/A,VJ462,1,11L,Landed,,N/A,unknown
2026-02-18,15:32,01:43,Nha Trang,CXR,Vietnam Airlines,VN7068,1,11L,Landed,VN-A353,A321,passenger
2026-02-18,15:26,01:46,Ho Chi Minh City,SGN,Sun PhuQuoc Airways,9G838,1,11L,Landed,VN-A279,A321,passenger
2026-02-18,15:23,03:55,Jakarta,CGK,China Airlines,CI5870,0,11L,Landed,B-18725,B744,cargo
2026-02-18,15:20,01:38,Da Lat,DLI,VietJet Air,VJ404,1,11L,Landed,VN-A675,A320,passenger
2026-02-18,15:17,01:03,Da Nang,DAD,Vietnam Airlines,VN170,1,11L,Landed,VN-A610,A321,passenger
2026-02-18,15:14,01:45,Ho Chi Minh City,SGN,VietJet Air,VJ138,1,11L,Landed,VN-A637,A321,passenger
2026-02-18,15:11,01:24,Qui Nhon,UIH,Vietnam Airlines,VN1622,1,11L,Landed,VN-A515,A20N,passenger
2026-02-18,15:08,01:14,Chiang Mai,CNX,AirAsia,FD870,2,11L,Landed,HS-BBA,A320,passenger
2026-02-18,15:05,01:09,Da Nang,DAD,VietJet Air,VJ1510,1,11L,Landed,VN-A667,A321,passenger
2026-02-18,15:02,02:49,Fuzhou,FOC,Xiamen Air,MF8697,2,11L,Landed,B-6486,B738,passenger
2026-02-18,14:58,01:40,Nha Trang,CXR,VietJet Air,VJ774,1,11L,Landed,VN-A554,A21N,passenger
2026-02-18,14:55,01:48,Ho Chi Minh City,SGN,Vietnam Airlines,VN212,1,11L,Landed,VN-A869,B789,passenger
2026-02-18,14:53,01:02,Kunming,KMG,China Eastern Airlines,MU9605,2,11L,Landed,B-1789,B738,passenger
2026-02-18,14:50,01:46,Shenzhen,SZX,China Southern Airlines,CZ8469,2,11L,Landed,B-1805,A320,passenger
2026-02-18,14:46,02:57,Taipei,TPE,VietJet Air,VJ941,2,11L,Landed,VN-A674,A21N,passenger
2026-02-18,14:43,01:38,Bangkok,BKK,Vietnam Airlines,VN610,2,11L,Landed,VN-A396,A321,passenger
2026-02-18,14:40,01:44,Ho Chi Minh City,SGN,VietJet Air,VJ144,1,11L,Landed,VN-A816,A333,passenger
2026-02-18,14:37,02:27,Xiamen,XMN,Xiamen Air,MF869,2,11L,Landed,B-1371,B738,passenger
2026-02-18,14:34,01:00,Da Nang,DAD,Vietnam Airlines,VN166,1,11L,Landed,VN-A507,A21N,passenger
2026-02-18,14:32,01:49,Guangzhou,CAN,China Southern Airlines,CZ8315,2,11L,Landed,B-32L2,A20N,passenger
2026-02-18,14:28,01:18,Lijiang,LJG,Bamboo Airways,QH801,2,11L,Landed,VN-A596,A20N,passenger
2026-02-18,14:24,02:46,Kuala Lumpur,KUL,VietJet Air,VJ906,2,11L,Landed,VN-A548,A21N,passenger
2026-02-18,14:17,01:53,Con Dao,VCS,VietJet Air,VJ106,1,11L,Landed,B-652G,AJ27,passenger
2026-02-18,14:14,02:47,Kuala Lumpur,KUL,AirAsia,AK512,2,11L,Landed,9M-RAU,A320,passenger
2026-02-18,14:12,01:29,Nha Trang,CXR,Vietnam Airlines,VN1552,1,11L,Landed,VN-A339,A321,passenger
2026-02-18,14:01,01:01,Da Nang,DAD,VietJet Air,VJ508,1,11L,Landed,VN-A677,A321,passenger
2026-02-18,13:59,04:33,Seoul,ICN,VietJet Air,VJ961,2,11L,Landed,VN-A553,A21N,passenger
2026-02-18,13:54,05:59,Tokyo,NRT,VietJet Air,VJ933,2,11L,Landed,VN-A820,A333,passenger
2026-02-18,13:51,02:44,Taipei,TPE,VietJet Air,VJ7421,2,11L,Landed,VN-A575,A21N,passenger
2026-02-18,13:48,01:31,Shenzhen,SZX,Shenzhen Airlines,ZH103,2,11L,Landed,B-6650,A320,passenger
2026-02-18,13:45,01:34,Nha Trang,CXR,Vietnam Airlines,VN7552,1,11L,Landed,VN-A614,A321,passenger
2026-02-18,13:42,03:21,Shanghai,PVG,China Eastern Airlines,MU6011,2,11L,Landed,B-8172,A321,passenger
2026-02-18,13:37,02:46,Taipei,TPE,EVA Air,BR6061,0,11L,Landed,B-16786,B77L,cargo
2026-02-18,13:34,01:38,Ho Chi Minh City,SGN,Vietnam Airlines,VN7238,1,11L,Landed,VN-A606,A321,passenger
2026-02-18,13:29,05:37,Khabarovsk,KHV,VietJet Air,VJ3524,2,11L,Landed,VN-A550,A21N,passenger
2026-02-18,13:26,00:45,Dien Bien Phu,DIN,Vietnam Airlines,VN7805,1,11L,Landed,VN-A338,A321,passenger
2026-02-18,13:23,01:38,Ho Chi Minh City,SGN,Vietnam Airlines,VN240,1,11L,Landed,VN-A867,B789,passenger
2026-02-18,13:21,01:05,Hue,HUI,VietJet Air,VJ566,1,11L,Landed,VN-A636,A321,passenger
2026-02-18,13:17,01:50,Phu Quoc,PQC,Sun PhuQuoc Airways,9G1204,1,11L,Landed,VN-A281,A21N,passenger
2026-02-18,13:12,04:28,Seoul,ICN,Air Zeta,KJ951,0,11L,Landed,HL7420,B744,cargo
2026-02-18,13:09,01:42,Ho Chi Minh City,SGN,VietJet Air,VJ128,1,11L,Landed,VN-A812,A333,passenger
2026-02-18,13:06,02:05,Dhaka,DAC,Ethiopian Airlines,ET678,2,11L,Landed,ET-AOP,B788,passenger
2026-02-18,13:03,05:24,Tokyo,NRT,Vietnam Airlines,VN311,2,11L,Landed,VN-A877,B78X,passenger
2026-02-18,13:00,00:59,Da Nang,DAD,Bluesky Airways,BSF999,1,11L,Landed,VN-A999,FA8X,business jet
2026-02-18,12:58,05:10,Osaka,KIX,VietJet Air,VJ939,2,11L,Landed,VN-A538,A21N,passenger
2026-02-18,12:55,04:40,Osaka,KIX,Vietnam Airlines,VN335,2,11L,Landed,VN-A865,B789,passenger
2026-02-18,12:52,01:01,Da Nang,DAD,VietJet Air,VJ528,1,11L,Landed,VN-A662,A320,passenger
2026-02-18,12:48,03:36,Delhi,DEL,IndiGo,6E1633,2,11L,Landed,VT-IPF,A20N,passenger
2026-02-18,12:44,01:38,Ho Chi Minh City,SGN,Bamboo Airways,QH224,1,11L,Landed,JU-1410,A320,passenger
2026-02-18,12:41,04:59,Nagoya,NGO,Vietnam Airlines,VN349,2,11L,Landed,VN-A889,A359,passenger
2026-02-18,12:37,04:11,Busan,PUS,Vietnam Airlines,VN429,2,11R,Landed,VN-A874,B78X,passenger
2026-02-18,12:29,01:32,Nha Trang,CXR,VietJet Air,VJ770,1,11L,Landed,VN-A535,A321,passenger
2026-02-18,12:24,01:41,Guangzhou,CAN,Shenzhen Airlines,ZH121,2,11L,Landed,B-1936,B738,passenger
2026-02-18,12:22,01:45,Phu Quoc,PQC,Sun PhuQuoc Airways,9G1202,1,11L,Landed,VN-A286,A21N,passenger
2026-02-18,12:19,01:39,Ho Chi Minh City,SGN,Vietnam Airlines,VN210,1,11L,Landed,VN-A886,A359,passenger
2026-02-18,12:15,02:41,Kuala Lumpur,KUL,Batik Air,OD571,2,11L,Landed,9M-LRU,B38M,passenger
2026-02-18,12:12,01:26,Bangkok,DMK,AirAsia,FD640,2,11L,Landed,HS-BBJ,A320,passenger
2026-02-18,12:09,05:51,Doha,DOH,Qatar Airways,QR976,2,11L,Landed,A7-AOF,A35K,passenger
2026-02-18,12:04,04:32,Seoul,ICN,Asiana Airlines,OZ729,2,11L,Landed,HL7732,B772,passenger
2026-02-18,12:02,01:40,Ho Chi Minh City,SGN,Vietnam Airlines,VN7014,1,11L,Landed,VN-A325,A321,passenger
2026-02-18,11:58,01:48,Phu Quoc,PQC,VietJet Air,VJ440,1,11L,Landed,VN-A671,A320,passenger
2026-02-18,11:55,01:47,Phu Quoc,PQC,Vietnam Airlines,VN1236,1,11L,Landed,VN-A324,A321,passenger
2026-02-18,11:51,03:03,Kuala Lumpur,KUL,Malaysia Airlines,MH752,2,11L,Landed,9M-MXU,B738,passenger
2026-02-18,11:50,03:32,Beijing,PEK,Air China,CA741,2,11L,Landed,B-326D,A21N,passenger
2026-02-18,11:45,01:53,Can Tho,VCA,Vietnam Airlines,VN1200,1,11L,Landed,VN-A622,A21N,passenger
2026-02-18,11:39,01:45,Ho Chi Minh City,SGN,VietJet Air,VJ132,1,11L,Landed,VN-A635,A321,passenger
2026-02-18,11:37,01:02,Da Nang,DAD,VietJet Air,VJ1508,1,11L,Landed,VN-A697,A21N,passenger
2026-02-18,11:33,01:00,Da Nang,DAD,N/A,VN6080,1,11L,Landed,VN-A363,A321,passenger
2026-02-18,11:30,02:59,Singapore,SIN,Singapore Airlines,SQ192,2,11L,Landed,9V-SHR,A359,passenger
2026-02-18,11:27,03:17,Shanghai,PVG,Air China,CA703,2,11L,Landed,B-6791,A321,passenger
2026-02-18,11:22,01:27,Buon Ma Thuot,BMV,Vietnam Airlines,VN1602,1,11L,Landed,VN-A616,A21N,passenger
2026-02-18,11:19,01:40,Ho Chi Minh City,SGN,Sun PhuQuoc Airways,9G822,1,11L,Landed,VN-A280,A321,passenger
2026-02-18,11:15,01:29,Da Lat,DLI,Vietnam Airlines,VN1572,1,11L,Landed,VN-A513,A20N,passenger
2026-02-18,11:11,01:15,Pleiku,PXU,Vietnam Airlines,VN1614,1,11L,Landed,VN-A331,A321,passenger
2026-02-18,11:08,00:46,Dong Hoi,VDH,Vietnam Airlines,VN1590,1,11L,Landed,VN-A358,A321,passenger
2026-02-18,11:00,00:59,Da Nang,DAD,Vietnam Airlines,VN164,1,11L,Landed,VN-A625,A21N,passenger
2026-02-18,10:57,04:41,Seoul,ICN,Korean Air,KE441,2,11L,Landed,HL8509,A21N,passenger
2026-02-18,10:50,01:38,Da Lat,DLI,Bamboo Airways,QH1422,1,11L,Landed,VN-A585,A321,passenger
2026-02-18,10:47,04:32,Busan,PUS,VietJet Air,VJ981,2,11L,Landed,VN-A667,A321,passenger
2026-02-18,10:44,01:41,Phu Quoc,PQC,VietJet Air,VJ442,1,11L,Landed,VN-A551,A21N,passenger
2026-02-18,10:37,01:16,Qui Nhon,UIH,VietJet Air,VJ430,1,11L,Landed,VN-A699,A320,passenger
2026-02-18,10:33,01:44,Ho Chi Minh City,SGN,VietJet Air,VJ1122,1,11L,Landed,VN-A642,A321,passenger
2026-02-18,10:31,01:07,Chu Lai,VCL,Vietnam Airlines,VN1640,1,11L,Landed,VN-A515,A20N,passenger
2026-02-18,10:27,01:30,Nha Trang,CXR,VietJet Air,VJ772,1,11L,Landed,VN-A817,A333,passenger
2026-02-18,10:24,01:39,Guangzhou,CAN,China Southern Airlines,CZ3049,2,11L,Landed,B-309K,A20N,passenger
2026-02-18,10:21,01:37,Ho Chi Minh City,SGN,Vietnam Airlines,VN208,1,11L,Landed,VN-A879,B78X,passenger
2026-02-18,10:13,00:35,Vinh,VII,Vietnam Airlines,VN1716,1,11L,Landed,VN-A507,A21N,passenger
2026-02-18,10:02,01:27,Buon Ma Thuot,BMV,VietJet Air,VJ492,1,11L,Landed,VN-A677,A321,passenger
2026-02-18,09:59,01:26,Bangkok,DMK,N/A,N/A,2,11L,Landed,T7-852,GLEX,business jet
2026-02-18,09:55,02:51,Taipei,TPE,Vietnam Airlines,VN579,2,11L,Landed,VN-A604,A321,passenger
2026-02-18,09:52,02:29,Kaohsiung,KHH,Vietnam Airlines,VN587,2,11L,Landed,VN-A601,A321,passenger
2026-02-18,09:49,01:40,Hong Kong,HKG,Cathay Pacific,CX741,2,11L,Landed,B-HNF,B773,passenger
2026-02-18,09:47,00:57,Da Nang,DAD,Vietravel Airlines,VU638,1,11L,Landed,VN-A129,A321,passenger
2026-02-18,09:42,01:38,Ho Chi Minh City,SGN,Vietnam Airlines,VN7234,1,11L,Landed,VN-A863,B789,passenger
2026-02-18,09:31,01:19,Pleiku,PXU,VietJet Air,VJ422,1,11L,Landed,VN-A636,A321,passenger
2026-02-18,09:24,01:44,Ho Chi Minh City,SGN,Avion Express,VJ148,1,11L,Landed,LY-NVG,A320,passenger
2026-02-18,09:21,01:24,Bangkok,BKK,Thai Airways,TG560,2,11L,Landed,HS-TXR,A320,passenger
2026-02-18,09:18,01:40,Ho Chi Minh City,SGN,Sun PhuQuoc Airways,9G808,1,11L,Landed,VN-A284,A21N,passenger
2026-02-18,09:10,01:40,Ho Chi Minh City,SGN,Vietravel Airlines,VU774,1,11L,Landed,VN-A136,A320,passenger
2026-02-18,09:07,01:01,Da Nang,DAD,Vietnam Airlines,VN158,1,11L,Landed,VN-A339,A321,passenger
2026-02-18,09:04,04:38,Seoul,ICN,VietJet Air,VJ963,2,11L,Landed,VN-A543,A21N,passenger
2026-02-18,09:00,01:39,Ho Chi Minh City,SGN,VietJet Air,VJ1120,1,11L,Landed,VN-A662,A320,passenger
2026-02-18,08:57,01:30,Bangkok,DMK,AirAsia,FD642,2,11L,Landed,HS-ABZ,A320,passenger
2026-02-18,08:54,00:57,Hue,HUI,Vietnam Airlines,VN1540,1,11L,Landed,VN-A505,A21N,passenger
2026-02-18,08:49,01:41,Ho Chi Minh City,SGN,VietJet Air,VJ176,1,11L,Landed,VN-A675,A320,passenger
2026-02-18,08:43,01:40,Hong Kong,HKG,HK express,UO540,2,11L,Landed,B-KKM,A21N,passenger
2026-02-18,08:31,00:57,Da Nang,DAD,VietJet Air,VJ510,1,11L,Landed,VN-A554,A21N,passenger
2026-02-18,08:24,02:51,Singapore,SIN,Scoot,TR300,2,11L,Landed,9V-OJJ,B789,passenger
2026-02-18,08:21,01:42,Ho Chi Minh City,SGN,VietJet Air,VJ122,1,11L,Landed,VN-A646,A21N,passenger
2026-02-18,08:16,01:40,Ho Chi Minh City,SGN,Sun PhuQuoc Airways,9G806,1,11L,Landed,VN-A279,A321,passenger
2026-02-18,08:02,01:39,Ho Chi Minh City,SGN,Vietnam Airlines,VN206,1,11L,Landed,VN-A869,B789,passenger
2026-02-18,07:57,02:50,Kuala Lumpur,KUL,AirAsia,AK9516,2,11L,Landed,9M-AGE,A20N,passenger
2026-02-18,07:54,00:43,Nanning,NNG,GX Airlines,GX8971,2,11L,Landed,B-6940,A320,passenger
2026-02-18,07:49,01:41,Ho Chi Minh City,SGN,Bamboo Airways,QH202,1,11L,Landed,VN-A227,A321,passenger
2026-02-18,07:45,01:41,Ho Chi Minh City,SGN,VietJet Air,VJ120,1,11L,Landed,VN-A811,A333,passenger
2026-02-18,07:42,01:39,Ho Chi Minh City,SGN,VietJet Air,VJ124,1,11L,Landed,VN-A816,A333,passenger
2026-02-18,07:36,00:57,Da Nang,DAD,Vietnam Airlines,VN156,1,11L,Landed,VN-A611,A321,passenger
2026-02-18,07:33,01:41,Ho Chi Minh City,SGN,Vietravel Airlines,VU750,1,11L,Landed,VN-A289,A321,passenger
2026-02-18,07:15,02:52,Manila,MNL,Cebu Pacific,5J744,2,11L,Landed,RP-C4127,A21N,passenger
2026-02-18,07:12,00:56,Da Nang,DAD,VietJet Air,VJ524,1,11L,Landed,VN-A650,A320,passenger
2026-02-18,06:55,02:41,Manila,MNL,Vietnam Airlines,VN646,2,11L,Landed,VN-A358,A321,passenger
2026-02-18,06:50,01:42,Ho Chi Minh City,SGN,N/A,VN6002,1,11L,Landed,VN-A363,A321,passenger
2026-02-18,06:47,00:59,Da Nang,DAD,VietJet Air,VJ502,1,11L,Landed,VN-A535,A321,passenger
2026-02-18,06:43,07:57,Istanbul,IST,Turkish Airlines,TK252,2,11L,Landed,TC-JJM,B77W,passenger
2026-02-18,06:36,05:56,Doha,DOH,Qatar Airways,QR982,2,11L,Landed,A7-BHG,B789,passenger
2026-02-18,06:27,01:44,Ho Chi Minh City,SGN,Vietnam Airlines,VN9114,1,11L,Landed,VN-A619,A21N,passenger
2026-02-18,06:18,01:40,Ho Chi Minh City,SGN,Vietnam Airlines,VN9112,1,11L,Landed,VN-A616,A21N,passenger
2026-02-18,05:55,09:39,Frankfurt,FRA,Vietnam Airlines,VN36,2,11L,Landed,VN-A870,B789,passenger
2026-02-18,05:48,09:03,Melbourne,MEL,Vietnam Airlines,VN778,2,11L,Landed,VN-A897,A359,passenger
2026-02-18,05:41,10:10,Paris,CDG,Vietnam Airlines,VN18,2,11L,Landed,VN-A892,A359,passenger
2026-02-18,05:38,03:31,Delhi,DEL,VietJet Air,VJ972,2,11L,Landed,VN-A814,A333,passenger
2026-02-18,05:24,03:52,Ahmedabad,AMD,VietJet Air,VJ1926,2,11L,Landed,VN-A539,A21N,passenger
2026-02-18,05:13,03:50,Bengaluru,BLR,Vietnam Airlines,VN982,2,11L,Landed,VN-A625,A21N,passenger
2026-02-18,04:55,03:43,Mumbai,BOM,Vietnam Airlines,VN972,2,11L,Landed,VN-A862,B789,passenger
2026-02-18,04:48,01:41,Ho Chi Minh City,SGN,Vietnam Airlines,VN9108,1,11L,Landed,VN-A339,A321,passenger
2026-02-18,04:43,03:12,Shanghai,PVG,VietJet Air,VJ7239,2,11L,Landed,VN-A699,A320,passenger
2026-02-18,04:34,03:20,Beijing,PKX,VietJet Air,VJ7713,2,11L,Landed,VN-A669,A320,passenger
2026-02-18,03:06,03:30,Shanghai,PVG,China Eastern Airlines,MU7235,2,11L,Landed,B-32KF,A21N,passenger
2026-02-18,02:38,01:42,Ho Chi Minh City,SGN,Vietnam Airlines,VN9110,1,11L,Landed,VN-A505,A21N,passenger
2026-02-18,02:07,01:40,Ho Chi Minh City,SGN,Vietravel Airlines,VU702,1,11L,Landed,VN-A129,A321,passenger
2026-02-18,02:00,01:43,Chengdu,TFU,VietJet Air,VJ7307,2,11L,Landed,VN-A697,A21N,passenger
2026-02-18,01:56,04:31,Seoul,ICN,Korean Air,KE9575,0,11L,Landed,HL8226,B77L,cargo
2026-02-18,01:39,03:29,Shanghai,PVG,China Eastern Airlines,MU5075,2,11L,Landed,B-1722,B738,passenger
2026-02-18,01:24,01:43,Ho Chi Minh City,SGN,VietJet Air,VJ178,1,11L,Landed,VN-A575,A21N,passenger
2026-02-18,01:20,01:43,Ho Chi Minh City,SGN,VietJet Air,VJ182,1,11L,Landed,VN-A636,A321,passenger
2026-02-18,01:14,01:44,Ho Chi Minh City,SGN,Vietravel Airlines,VU782,1,11L,Landed,VN-A136,A320,passenger
2026-02-18,01:08,01:47,Ho Chi Minh City,SGN,Sun PhuQuoc Airways,9G882,1,11L,Landed,VN-A286,A21N,passenger
2026-02-18,01:05,02:59,Hangzhou,HGH,Air China,CA707,2,11L,Landed,B-6745,A320,passenger
2026-02-18,01:01,01:43,Ho Chi Minh City,SGN,Vietnam Airlines,VN270,1,11L,Landed,VN-A326,A321,passenger
2026-02-18,00:58,02:13,Wuhan,WUH,China Eastern Airlines,MU2573,2,11L,Landed,B-7876,B738,passenger
2026-02-18,00:54,02:45,Manila,MNL,Philippine Airlines,PR595,2,11L,Landed,RP-C9928,A321,passenger
2026-02-18,00:34,00:27,Sao Vang,THD,Bamboo Airways,QH18,1,11L,Landed,VN-A596,A20N,passenger
2026-02-18,00:32,04:48,Seoul,ICN,Jeju Air,7C2201,2,11L,Landed,HL8555,B38M,passenger
2026-02-18,00:21,03:19,Shanghai,PVG,Juneyao Air,HO1329,2,11L,Landed,B-8235,A320,passenger
2026-02-18,00:16,01:40,Ho Chi Minh City,SGN,Bamboo Airways,QH280,1,11L,Landed,VN-A585,A321,passenger
2026-02-18,00:09,01:23,Buon Ma Thuot,BMV,VietJet Air,VJ494,1,11L,Landed,VN-A548,A21N,passenger
2026-02-19,23:56,01:40,Phu Quoc,PQC,Sun PhuQuoc Airways,9G1240,1,11L,Landed,VN-A286,A21N,passenger
2026-02-19,23:51,01:26,Bangkok,BKK,Vietnam Airlines,VN616,2,11L,Landed,VN-A601,A321,passenger
2026-02-19,23:47,00:59,Da Nang,DAD,VietJet Air,VJ520,1,11L,Landed,VN-A632,A321,passenger
2026-02-19,23:44,01:41,Ho Chi Minh City,SGN,Sun PhuQuoc Airways,9G882,1,11L,Landed,VN-A279,A321,passenger
2026-02-19,23:34,01:40,Ho Chi Minh City,SGN,VietJet Air,VJ156,1,11L,Landed,VN-A657,A321,passenger
2026-02-19,23:25,01:41,Ho Chi Minh City,SGN,VietJet Air,VJ158,1,11L,Landed,VN-A642,A321,passenger
2026-02-19,23:13,04:33,Busan,PUS,Air Busan,BX7395,2,11L,Landed,HL8357,A21N,passenger
2026-02-19,23:09,00:54,Hue,HUI,Vietnam Airlines,VN1548,1,11L,Landed,VN-A327,A321,passenger
2026-02-19,23:05,01:39,Ho Chi Minh City,SGN,Vietnam Airlines,VN7020,1,11L,Landed,VN-A878,B78X,passenger
2026-02-19,23:01,01:37,Ho Chi Minh City,SGN,Vietnam Airlines,VN260,1,11L,Landed,VN-A873,B78X,passenger
2026-02-19,22:58,01:39,Guangzhou,CAN,China Southern Airlines,CZ371,2,11L,Landed,B-1176,B38M,passenger
2026-02-19,22:55,04:27,Seoul,ICN,Asiana Airlines,OZ733,2,11L,Landed,HL7579,A359,passenger
2026-02-19,22:52,06:12,Tokyo,NRT,All Nippon Airways,NH897,2,11L,Landed,JA928A,B789,passenger
2026-02-19,22:48,01:24,Siem Reap,SAI,Vietnam Airlines,VN842,2,11L,Landed,VN-A623,A21N,passenger
2026-02-19,22:45,01:49,Chengdu,TFU,Sichuan Airlines,3U3905,2,11L,Landed,B-6697,A320,passenger
2026-02-19,22:42,01:42,Ho Chi Minh City,SGN,Vietnam Airlines,VN256,1,11L,Landed,VN-A877,B78X,passenger
2026-02-19,22:39,01:33,Macau,MFM,Air Macau,NX984,2,11L,Landed,B-MCH,A320,passenger
2026-02-19,22:37,01:49,Phu Quoc,PQC,VietJet Air,VJ1446,1,11L,Landed,VN-A636,A321,passenger
2026-02-19,22:35,01:46,Ho Chi Minh City,SGN,VietJet Air,VJ180,1,11L,Landed,VN-A816,A333,passenger
2026-02-19,22:31,01:30,Buon Ma Thuot,BMV,VietJet Air,VJ1492,1,11L,Landed,VN-A553,A21N,passenger
2026-02-19,22:27,05:54,Tokyo,NRT,Japan Airlines,JL751,2,11L,Landed,JA618J,B763,passenger
2026-02-19,22:22,01:29,Buon Ma Thuot,BMV,VietJet Air,VJ494,1,11L,Landed,VN-A539,A21N,passenger
2026-02-19,22:19,01:44,Ho Chi Minh City,SGN,Vietnam Airlines,VN220,1,11L,Landed,VN-A865,B789,passenger
2026-02-19,22:16,01:35,Macau,MFM,Air Macau,NX982,2,11L,Landed,B-MCL,A20N,passenger
2026-02-19,22:13,00:54,Hue,HUI,VietJet Air,VJ568,1,11L,Landed,VN-A699,A320,passenger
2026-02-19,22:10,01:47,Can Tho,VCA,VietJet Air,VJ464,1,11L,Landed,VN-A677,A321,passenger
2026-02-19,22:06,01:41,Ho Chi Minh City,SGN,VietJet Air,VJ190,1,11L,Landed,VN-A689,A320,passenger
2026-02-19,22:02,01:30,Nha Trang,CXR,VietJet Air,VJ778,1,11L,Landed,VN-A547,A21N,passenger
2026-02-19,21:59,01:39,Ho Chi Minh City,SGN,Sun PhuQuoc Airways,9G872,1,11L,Landed,VN-A281,A21N,passenger
2026-02-19,21:40,01:39,Ho Chi Minh City,SGN,Vietnam Airlines,VN262,1,11L,Landed,VN-A871,B789,passenger
2026-02-19,21:37,04:34,Seoul,ICN,Korean Air,KE447,2,11L,Landed,HL8345,B789,passenger
2026-02-19,21:34,01:47,Can Tho,VCA,Vietnam Airlines,VN1206,1,11L,Landed,VN-A613,A321,passenger
2026-02-19,21:31,01:06,Da Nang,DAD,N/A,VN6070,1,11L,Landed,VN-A363,A321,passenger
2026-02-19,21:28,02:52,Taipei,TPE,VietJet Air,VJ943,2,11L,Landed,VN-A516,A21N,passenger
2026-02-19,21:25,01:41,Ho Chi Minh City,SGN,VietJet Air,VJ196,1,11L,Landed,VN-A820,A333,passenger
2026-02-19,21:19,06:03,Tokyo,NRT,VietJet Air,VJ935,2,11L,Landed,VN-A646,A21N,passenger
2026-02-19,21:13,01:44,Phu Quoc,PQC,Sun PhuQuoc Airways,9G1230,1,11L,Landed,VN-A284,A21N,passenger
2026-02-19,21:10,01:40,Ho Chi Minh City,SGN,VietJet Air,VJ160,1,11L,Landed,VN-A676,A320,passenger
2026-02-19,21:06,01:39,Ho Chi Minh City,SGN,Vietnam Airlines,VN258,1,11L,Landed,VN-A886,A359,passenger
2026-02-19,21:02,00:46,Vientiane,VTE,Vietnam Airlines,VN920,2,11L,Landed,VN-A505,A21N,passenger
2026-02-19,20:58,01:42,Ho Chi Minh City,SGN,VietJet Air,VJ166,1,11L,Landed,VN-A651,A321,passenger
2026-02-19,20:51,04:28,Seoul,ICN,Vietnam Airlines,VN415,2,11L,Landed,VN-A893,A359,passenger
2026-02-19,20:48,04:33,Denpasar,DPS,VietJet Air,VJ998,2,11L,Landed,VN-A543,A21N,passenger
2026-02-19,20:45,01:43,Ho Chi Minh City,SGN,Sun PhuQuoc Airways,9G868,1,11L,Landed,VN-A280,A321,passenger
2026-02-19,20:41,01:24,Bangkok,BKK,Vietnam Airlines,VN618,2,11L,Landed,VN-A323,A321,passenger
2026-02-19,20:38,01:26,Bangkok,DMK,AirAsia,FD644,2,11L,Landed,HS-EAG,A21N,passenger
2026-02-19,20:36,01:36,Shenzhen,SZX,China Southern Airlines,CZ8083,2,11L,Landed,B-1805,A320,passenger
2026-02-19,20:30,01:10,Da Nang,DAD,Vietnam Airlines,VN188,1,11L,Landed,VN-A513,A20N,passenger
2026-02-19,20:26,01:29,Siem Reap,SAI,VietJet Air,VJ914,2,11L,Landed,VN-A526,A21N,passenger
2026-02-19,20:24,01:33,Bangkok,BKK,VietJet Air,VJ904,2,11L,Landed,VN-A525,A21N,passenger
2026-02-19,20:18,00:48,Luang Prabang,LPQ,Vietnam Airlines,VN930,2,11L,Landed,VN-A604,A321,passenger
2026-02-19,20:16,01:48,Phu Quoc,PQC,VietJet Air,VJ1440,1,11L,Landed,VN-A661,A321,passenger
2026-02-19,20:13,01:36,Da Lat,DLI,VietJet Air,VJ410,1,11L,Landed,VN-A675,A320,passenger
2026-02-19,20:07,01:00,Da Nang,DAD,Vietravel Airlines,VU658,1,11L,Landed,VN-A129,A321,passenger
2026-02-19,20:05,,Yangon,RGN,Myanmar Airways International,8M450,2,11L,Landed,XY-ALP,E190,passenger
2026-02-19,19:59,01:46,Phu Quoc,PQC,Vietnam Airlines,VN7236,1,11L,Landed,VN-A325,A321,passenger
2026-02-19,19:55,01:54,Ho Chi Minh City,SGN,Bamboo Airways,QH262,1,11L,Landed,VN-A597,A321,passenger
2026-02-19,19:52,02:43,Taichung,RMQ,VietJet Air,VJ949,2,11L,Landed,VN-A684,A321,passenger
2026-02-19,19:49,06:21,Doha,DOH,Qatar Airways,QR984,2,11L,Landed,A7-BCY,B788,passenger
2026-02-19,19:43,01:57,Ho Chi Minh City,SGN,Vietravel Airlines,VU780,1,11L,Landed,VN-A136,A320,passenger
2026-02-19,19:40,01:51,Chongqing,CKG,West Air,PN6423,2,11L,Landed,B-8249,A320,passenger
2026-02-19,19:37,01:05,Hue,HUI,Vietnam Airlines,VN1544,1,11L,Landed,VN-A338,A321,passenger
2026-02-19,19:34,01:50,Ho Chi Minh City,SGN,VietJet Air,VJ152,1,11L,Landed,VN-A632,A321,passenger
2026-02-19,19:31,01:40,Shenzhen,SZX,Shenzhen Airlines,ZH105,2,11L,Landed,B-1476,B738,passenger
2026-02-19,19:29,01:25,Siem Reap,SAI,Vietnam Airlines,VN836,2,11L,Landed,VN-A327,A321,passenger
2026-02-19,19:26,01:15,Pleiku,PXU,VietJet Air,VJ424,1,11L,Landed,VN-A635,A321,passenger
2026-02-19,19:22,01:24,Bangkok,BKK,Thai Airways,TG564,2,11L,Landed,HS-TXF,A320,passenger
2026-02-19,19:18,00:34,Vinh,VII,Vietnam Airlines,VN1718,1,11L,Landed,VN-A610,A321,passenger
2026-02-19,19:13,00:57,Da Nang,DAD,Vietnam Airlines,VN180,1,11L,Landed,VN-A515,A20N,passenger
2026-02-19,19:05,01:39,Ho Chi Minh City,SGN,Vietnam Airlines,VN254,1,11L,Landed,VN-A889,A359,passenger
2026-02-19,18:56,01:46,Hong Kong,HKG,Hong Kong Airlines,HX528,2,11L,Landed,B-LPD,A320,passenger
2026-02-19,18:27,00:19,N/A,,Lao Airlines,N/A,2,N/A,Landed,RDPL-34175,AT75,passenger
2026-02-19,18:21,01:08,Da Nang,DAD,Vietnam Airlines,VN174,1,11L,Landed,VN-A339,A321,passenger
2026-02-19,18:17,05:54,Abu Dhabi,AUH,Etihad Airways,EY430,2,11L,Landed,A6-BNB,B789,passenger
2026-02-19,18:15,01:33,Phnom Penh,KTI,Air Cambodia,K6850,2,11L,Landed,XU-356,A320,passenger
2026-02-19,18:12,09:01,Beirut,BEY,Turkish Airlines,TK6321,0,11L,Landed,TC-JOV,A332,cargo
2026-02-19,18:09,01:45,Phu Quoc,PQC,VietJet Air,VJ446,1,11L,Landed,VN-A699,A320,passenger
2026-02-19,18:03,01:04,Da Nang,DAD,VietJet Air,VJ512,1,11L,Landed,VN-A645,A321,passenger
2026-02-19,17:59,01:40,Hong Kong,HKG,Cathay Pacific,CX743,2,11L,Landed,B-HNS,B773,passenger
2026-02-19,17:57,01:28,Bangkok,BKK,Vietnam Airlines,VN614,2,11L,Landed,VN-A601,A321,passenger
2026-02-19,17:54,01:39,Ho Chi Minh City,SGN,Vietnam Airlines,VN216,1,11L,Landed,VN-A888,A359,passenger
2026-02-19,17:51,03:14,Shanghai,PVG,Vietnam Airlines,VN533,2,11L,Landed,VN-A623,A21N,passenger
2026-02-19,17:49,03:57,Jakarta,CGK,N/A,VJ928,2,11L,Landed,,N/A,unknown
2026-02-19,17:45,02:26,Kaohsiung,KHH,VietJet Air,VJ947,2,11L,Landed,VN-A536,A21N,passenger
2026-02-19,17:42,03:25,Shanghai,PVG,China Eastern Airlines,MU6013,2,11L,Landed,B-32L9,A21N,passenger
2026-02-19,17:38,01:45,Ho Chi Minh City,SGN,VietJet Air,VJ194,1,11L,Landed,VN-A674,A21N,passenger
2026-02-19,17:35,02:47,Singapore,SIN,VietJet Air,VJ916,2,11L,Landed,VN-A539,A21N,passenger
2026-02-19,17:33,01:44,Ho Chi Minh City,SGN,Transavia,VJ134,1,11L,Landed,LY-MLI,A320,passenger
2026-02-19,17:28,01:42,Ho Chi Minh City,SGN,Sun PhuQuoc Airways,9G854,1,11L,Landed,VN-A279,A321,passenger
2026-02-19,17:24,01:35,Da Lat,DLI,Bamboo Airways,QH1424,1,11L,Landed,VN-A596,A20N,passenger
2026-02-19,17:22,03:04,Singapore,SIN,Singapore Airlines,SQ194,2,11L,Landed,9V-MBP,B38M,passenger
2026-02-19,17:19,01:29,Bangkok,BKK,VietJet Air,VJ902,2,11L,Landed,VN-A542,A321,passenger
2026-02-19,17:14,01:45,Phu Quoc,PQC,N/A,VN6400,1,11L,Landed,VN-A363,A321,passenger
2026-02-19,17:11,02:49,Taipei,TPE,STARLUX,JX717,2,11L,Landed,B-58205,A21N,passenger
2026-02-19,17:08,01:31,Nha Trang,CXR,VietJet Air,VJ784,1,11L,Landed,VN-A547,A21N,passenger
2026-02-19,17:05,04:32,Busan,PUS,VietJet Air,VJ957,2,11L,Landed,VN-A658,A320,passenger
2026-02-19,17:01,01:40,Ho Chi Minh City,SGN,Vietnam Airlines,VN7292,1,11L,Landed,VN-A873,B78X,passenger
2026-02-19,16:58,01:03,Da Nang,DAD,VietJet Air,VJ514,1,11L,Landed,VN-A677,A321,passenger
2026-02-19,16:56,01:31,Guangzhou,CAN,Vietnam Airlines,VN507,2,11L,Landed,VN-A611,A321,passenger
2026-02-19,16:52,02:53,Taipei,TPE,EVA Air,BR385,2,11L,Landed,B-16217,A321,passenger
2026-02-19,16:47,03:37,Shanghai,PVG,Air China,CA755,2,11L,Landed,B-6791,A321,passenger
2026-02-19,16:43,01:43,Ho Chi Minh City,SGN,Vietnam Airlines,VN214,1,11L,Landed,VN-A869,B789,passenger
2026-02-19,16:39,00:42,N/A,,N/A,N/A,2,11L,Landed,VN-B469,C208,passenger
2026-02-19,16:33,01:52,Can Tho,VCA,Vietnam Airlines,VN1202,1,11L,Landed,VN-A324,A321,passenger
2026-02-19,16:30,04:54,Hiroshima,HIJ,VietJet Air,VJ953,2,11L,Landed,VN-A672,A320,passenger
2026-02-19,16:24,02:50,Taipei,TPE,China Airlines,CI793,2,11L,Landed,B-18111,A21N,passenger
2026-02-19,16:21,02:14,Kolkata,CCU,IndiGo,6E1631,2,11L,Landed,VT-IQN,A20N,passenger
2026-02-19,16:18,00:58,Da Nang,DAD,Vietnam Airlines,VN172,1,11L,Landed,VN-A331,A321,passenger
2026-02-19,16:15,01:33,Da Lat,DLI,Vietnam Airlines,VN1574,1,11L,Landed,VN-A513,A20N,passenger
2026-02-19,16:11,01:40,Ho Chi Minh City,SGN,VietJet Air,VJ144,1,11L,Landed,VN-A816,A333,passenger
2026-02-19,16:06,01:56,Con Dao,VCS,VietJet Air,VJ108,1,11L,Landed,B-656E,AJ27,passenger
2026-02-19,16:03,01:50,Can Tho,VCA,VietJet Air,VJ460,1,11L,Landed,VN-A636,A321,passenger
2026-02-19,15:54,01:40,Ho Chi Minh City,SGN,Vietravel Airlines,VU770,1,11L,Landed,VN-A129,A321,passenger
2026-02-19,15:50,00:48,Vientiane,VTE,Lao Airlines,QV311,2,11L,Landed,RDPL-34199,A320,passenger
2026-02-19,15:48,02:53,Singapore,XSP,Hai Au Aviation,HAI488,2,11L,Landed,VN-A488,FA8X,business jet
2026-02-19,15:44,01:22,Tuy Hoa,TBB,Vietnam Airlines,VN1650,1,11L,Landed,VN-A610,A321,passenger
2026-02-19,15:40,01:50,Can Tho,VCA,VietJet Air,VJ462,1,11L,Landed,VN-A662,A320,passenger
2026-02-19,15:36,02:46,Singapore,SIN,Vietnam Airlines,VN660,2,11L,Landed,VN-A613,A321,passenger
2026-02-19,15:34,01:40,Phu Quoc,PQC,Sun PhuQuoc Airways,9G1208,1,11L,Landed,VN-A284,A21N,passenger
2026-02-19,15:31,01:43,Ho Chi Minh City,SGN,BBN Airlines Indonesia,QH242,1,11L,Landed,PK-BBK,B739,passenger
2026-02-19,15:28,01:39,Hong Kong,HKG,Vietnam Airlines,VN593,2,11L,Landed,VN-A338,A321,passenger
2026-02-19,15:25,01:28,Da Lat,DLI,VietJet Air,VJ408,1,11L,Landed,VN-A675,A320,passenger
2026-02-19,15:20,00:58,Da Nang,DAD,VietJet Air,VJ1510,1,11L,Landed,VN-A635,A321,passenger
2026-02-19,15:14,01:04,Da Nang,DAD,Vietnam Airlines,VN170,1,11L,Landed,VN-A323,A321,passenger
2026-02-19,15:11,01:20,Qui Nhon,UIH,Vietnam Airlines,VN1622,1,11L,Landed,VN-A515,A20N,passenger
2026-02-19,15:08,01:37,Da Lat,DLI,VietJet Air,VJ404,1,11L,Landed,VN-A535,A321,passenger
2026-02-19,15:05,08:09,Istanbul,IST,Turkish Airlines,TK164,2,11L,Landed,TC-LGO,A359,passenger
2026-02-19,15:01,01:38,Ho Chi Minh City,SGN,Vietnam Airlines,VN248,1,11L,Landed,VN-A871,B789,passenger
2026-02-19,14:57,01:29,Nha Trang,CXR,Vietnam Airlines,VN7068,1,11L,Landed,VN-A353,A321,passenger
2026-02-19,14:50,02:15,Xiamen,XMN,Xiamen Air,MF869,2,11L,Landed,B-5655,B738,passenger
2026-02-19,14:46,01:35,Shenzhen,SZX,China Southern Airlines,CZ8469,2,11L,Landed,B-1805,A320,passenger
2026-02-19,14:43,01:14,Chiang Mai,CNX,AirAsia,FD870,2,11L,Landed,HS-ABS,A320,passenger
2026-02-19,14:40,01:51,Ho Chi Minh City,SGN,Sun PhuQuoc Airways,9G838,1,11L,Landed,VN-A280,A321,passenger
2026-02-19,14:37,02:55,Kuala Lumpur,KUL,VietJet Air,VJ906,2,11L,Landed,VN-A525,A21N,passenger
2026-02-19,14:33,01:06,Kunming,KMG,China Eastern Airlines,MU9605,2,11L,Landed,B-1789,B738,passenger
2026-02-19,14:31,01:42,Shenzhen,SZX,Shenzhen Airlines,ZH103,2,11L,Landed,B-6780,A320,passenger
2026-02-19,14:25,02:54,Taipei,TPE,VietJet Air,VJ941,2,11L,Landed,VN-A526,A21N,passenger
2026-02-19,14:20,01:37,Guangzhou,CAN,China Southern Airlines,CZ8315,2,11L,Landed,B-32ET,A20N,passenger
2026-02-19,14:17,01:33,Nha Trang,CXR,Vietnam Airlines,VN1552,1,11L,Landed,VN-A620,A21N,passenger
2026-02-19,14:14,01:40,Ho Chi Minh City,SGN,Vietnam Airlines,VN212,1,11L,Landed,VN-A898,A359,passenger
2026-02-19,14:11,01:28,Bangkok,BKK,Vietnam Airlines,VN610,2,11L,Landed,VN-A327,A321,passenger
2026-02-19,14:07,02:43,Kuala Lumpur,KUL,AirAsia,AK512,2,11L,Landed,9M-AHX,A320,passenger
2026-02-19,14:04,05:13,Vladivostok,VVO,VietJet Air,VJ7705,2,11L,Landed,VN-A550,A21N,passenger
2026-02-19,13:59,00:55,Da Nang,DAD,VietJet Air,VJ508,1,11L,Landed,VN-A645,A321,passenger
2026-02-19,13:53,01:30,Nha Trang,CXR,Bluesky Airways,BSF999,1,11L,Landed,VN-A999,FA8X,business jet
2026-02-19,13:49,06:00,Tokyo,NRT,VietJet Air,VJ933,2,11L,Landed,VN-A820,A333,passenger
2026-02-19,13:46,03:28,Shanghai,PVG,China Eastern Airlines,MU6011,2,11L,Landed,B-8861,A321,passenger
2026-02-19,13:44,04:34,Seoul,ICN,VietJet Air,VJ961,2,11L,Landed,VN-A538,A21N,passenger
2026-02-19,13:30,01:00,Hue,HUI,VietJet Air,VJ566,1,11L,Landed,VN-A661,A321,passenger
2026-02-19,13:26,01:40,Phu Quoc,PQC,VietJet Air,VJ450,1,11L,Landed,VN-A811,A333,passenger
2026-02-19,13:22,00:58,Da Nang,DAD,Vietnam Airlines,VN166,1,11L,Landed,VN-A339,A321,passenger
2026-02-19,13:14,02:22,Kaohsiung,KHH,Vietnam Airlines,VN583,2,11L,Landed,VN-A390,A321,passenger
2026-02-19,13:06,05:24,Nagoya,NGO,Vietnam Airlines,VN349,2,11L,Landed,VN-A896,A359,passenger
2026-02-19,13:02,04:20,Seoul,ICN,Vietnam Airlines,VN417,2,11L,Landed,VN-A874,B78X,passenger
2026-02-19,13:00,04:17,Busan,PUS,Vietnam Airlines,VN429,2,11L,Landed,VN-A872,B78X,passenger
2026-02-19,12:56,03:37,Delhi,DEL,IndiGo,6E1633,2,11L,Landed,VT-ISY,A20N,passenger
2026-02-19,12:53,01:43,Ho Chi Minh City,SGN,Vietnam Airlines,VN246,1,11L,Landed,VN-A392,A321,passenger
2026-02-19,12:51,01:40,Phu Quoc,PQC,Sun PhuQuoc Airways,9G1204,1,11L,Landed,VN-A281,A21N,passenger
2026-02-19,12:45,05:15,Nagoya,NGO,VietJet Air,VJ921,2,11L,Landed,VN-A553,A21N,passenger
2026-02-19,12:42,05:34,Dubai,DXB,Emirates,EK394,2,11L,Landed,A6-END,B77W,passenger
2026-02-19,12:39,05:00,Osaka,KIX,VietJet Air,VJ939,2,11L,Landed,VN-A516,A21N,passenger
2026-02-19,12:36,01:40,Guangzhou,CAN,Shenzhen Airlines,ZH121,2,11L,Landed,B-7750,B738,passenger
2026-02-19,12:33,01:46,Phu Quoc,PQC,Sun PhuQuoc Airways,9G1202,1,11L,Landed,VN-A286,A21N,passenger
2026-02-19,12:30,02:49,Kuala Lumpur,KUL,Batik Air,OD571,2,11L,Landed,9M-LRQ,B38M,passenger
2026-02-19,12:27,04:23,Fukuoka,FUK,Vietnam Airlines,VN357,2,11L,Landed,VN-A625,A21N,passenger
2026-02-19,12:24,01:45,Ho Chi Minh City,SGN,Bamboo Airways,QH224,1,11L,Landed,JU-1410,A320,passenger
2026-02-19,12:15,01:46,Phu Quoc,PQC,VietJet Air,VJ440,1,11L,Landed,VN-A699,A320,passenger
2026-02-19,12:12,02:51,Manila,MNL,Philippine Airlines,PR593,2,11L,Landed,RP-C9918,A321,passenger
2026-02-19,12:08,02:56,Kuala Lumpur,KUL,Malaysia Airlines,MH752,2,11L,Landed,9M-MLV,B738,passenger
2026-02-19,12:05,01:39,Ho Chi Minh City,SGN,Vietnam Airlines,VN7014,1,11L,Landed,VN-A358,A321,passenger
2026-02-19,11:59,01:37,Ho Chi Minh City,SGN,Vietnam Airlines,VN210,1,11L,Landed,VN-A864,B789,passenger
2026-02-19,11:54,04:24,Seoul,ICN,Asiana Airlines,OZ729,2,11L,Landed,HL7791,B772,passenger
2026-02-19,11:48,01:31,Nha Trang,CXR,VietJet Air,VJ770,1,11L,Landed,VN-A542,A321,passenger
2026-02-19,11:44,01:28,Bangkok,DMK,AirAsia,FD640,2,11L,Landed,HS-ABT,A320,passenger
2026-02-19,11:41,01:43,Phu Quoc,PQC,Vietnam Airlines,VN1236,1,11L,Landed,VN-A331,A321,passenger
2026-02-19,11:38,01:48,Can Tho,VCA,Vietnam Airlines,VN1200,1,11L,Landed,VN-A611,A321,passenger
2026-02-19,11:36,04:28,Fukuoka,FUK,VietJet Air,VJ959,2,11L,Landed,VN-A677,A321,passenger
2026-02-19,11:32,03:30,Beijing,PEK,Air China,CA741,2,11L,Landed,B-32A1,A21N,passenger
2026-02-19,11:29,02:41,Taipei,TPE,EVA Air,BR397,2,11L,Landed,B-16721,B77W,passenger
2026-02-19,11:26,00:48,Dong Hoi,VDH,Vietnam Airlines,VN1590,1,11L,Landed,VN-A604,A321,passenger
2026-02-19,11:23,01:02,Da Nang,DAD,N/A,VN6080,1,11L,Landed,VN-A363,A321,passenger
2026-02-19,11:21,01:44,Ho Chi Minh City,SGN,VietJet Air,VJ132,1,11L,Landed,VN-A643,A321,passenger
2026-02-19,11:17,03:24,Shanghai,PVG,Air China,CA703,2,11L,Landed,B-8492,A321,passenger
2026-02-19,11:14,00:58,Da Nang,DAD,VietJet Air,VJ1508,1,11L,Landed,VN-A635,A321,passenger
2026-02-19,11:12,01:34,Da Lat,DLI,Vietnam Airlines,VN1572,1,11L,Landed,VN-A513,A20N,passenger
2026-02-19,11:08,01:42,Ho Chi Minh City,SGN,Sun PhuQuoc Airways,9G822,1,11L,Landed,VN-A279,A321,passenger
2026-02-19,11:07,01:29,Buon Ma Thuot,BMV,Vietnam Airlines,VN1602,1,11L,Landed,VN-A601,A321,passenger
2026-02-19,11:03,02:56,Singapore,SIN,Singapore Airlines,SQ192,2,11L,Landed,9V-SHA,A359,passenger
2026-02-19,11:01,04:40,Seoul,ICN,Korean Air,KE441,2,11L,Landed,HL8531,A21N,passenger
2026-02-19,10:58,01:14,Pleiku,PXU,Vietnam Airlines,VN1614,1,11L,Landed,VN-A610,A321,passenger
2026-02-19,10:55,01:36,Ho Chi Minh City,SGN,Vietnam Airlines,VN244,1,11L,Landed,VN-A873,B78X,passenger
2026-02-19,10:53,01:43,Phu Quoc,PQC,VietJet Air,VJ442,1,11L,Landed,VN-A536,A21N,passenger
2026-02-19,10:50,01:35,Da Lat,DLI,Vietnam Airlines,VN7572,1,11L,Landed,VN-A622,A21N,passenger
2026-02-19,10:47,00:57,Da Nang,DAD,Vietnam Airlines,VN164,1,11L,Landed,VN-A323,A321,passenger
2026-02-19,10:44,01:16,Qui Nhon,UIH,VietJet Air,VJ430,1,11L,Landed,VN-A675,A320,passenger
2026-02-19,10:42,01:40,Ho Chi Minh City,SGN,VietJet Air,VJ136,1,11L,Landed,VN-A500,A21N,passenger
2026-02-19,10:36,02:41,Taipei,TPE,China Airlines,CI791,2,11L,Landed,B-18307,A333,passenger
2026-02-19,10:32,00:56,Da Nang,DAD,Bamboo Airways,QH104,1,11L,Landed,VN-A596,A20N,passenger
2026-02-19,10:27,01:06,Chu Lai,VCL,Vietnam Airlines,VN1640,1,11L,Landed,VN-A515,A20N,passenger
2026-02-19,10:24,04:22,Busan,PUS,VietJet Air,VJ981,2,11L,Landed,VN-A684,A321,passenger
2026-02-19,10:21,00:38,Vinh,VII,Vietnam Airlines,VN1716,1,11L,Landed,VN-A325,A321,passenger
2026-02-19,10:18,01:44,Ho Chi Minh City,SGN,VietJet Air,VJ124,1,11L,Landed,VN-A816,A333,passenger
2026-02-19,10:15,01:40,Guangzhou,CAN,China Southern Airlines,CZ3049,2,11L,Landed,B-30CD,A20N,passenger
2026-02-19,10:11,01:38,Da Lat,DLI,VietJet Air,VJ402,1,11L,Landed,VN-A636,A321,passenger
2026-02-19,10:09,03:59,Jeju,CJU,Bamboo Airways,QH9497,2,11L,Landed,VN-A585,A321,passenger
2026-02-19,10:06,01:14,Chu Lai,VCL,Hai Au Aviation,HAI489,1,11L,Landed,VN-A489,FA8X,business jet
2026-02-19,10:03,01:41,Ho Chi Minh City,SGN,Vietnam Airlines,VN208,1,11L,Landed,VN-A861,B789,passenger
2026-02-19,09:59,01:28,Buon Ma Thuot,BMV,VietJet Air,VJ492,1,11L,Landed,VN-A645,A321,passenger
2026-02-19,09:57,02:25,Kaohsiung,KHH,Vietnam Airlines,VN587,2,11L,Landed,VN-A324,A321,passenger
2026-02-19,09:53,01:37,Hong Kong,HKG,Cathay Pacific,CX741,2,11L,Landed,B-HNN,B773,passenger
2026-02-19,09:48,01:02,Da Nang,DAD,Vietravel Airlines,VU638,1,11L,Landed,VN-A129,A321,passenger
2026-02-19,09:45,01:43,Ho Chi Minh City,SGN,Sun PhuQuoc Airways,9G808,1,11L,Landed,VN-A284,A21N,passenger
2026-02-19,09:43,01:47,Ho Chi Minh City,SGN,VietJet Air,VJ1122,1,11L,Landed,VN-A661,A321,passenger
2026-02-19,09:39,02:45,Taipei,TPE,Vietnam Airlines,VN579,2,11L,Landed,VN-A338,A321,passenger
2026-02-19,09:36,01:29,Bangkok,BKK,Thai Airways,TG560,2,11L,Landed,HS-TXK,A320,passenger
2026-02-19,09:32,01:41,Ho Chi Minh City,SGN,Avion Express,VJ148,1,11L,Landed,LY-NVG,A320,passenger
2026-02-19,09:07,04:27,Seoul,ICN,VietJet Air,VJ963,2,11L,Landed,VN-A535,A321,passenger
2026-02-19,09:04,01:45,Ho Chi Minh City,SGN,BBN Airlines Indonesia,QH204,1,11L,Landed,PK-BBK,B739,passenger
2026-02-19,09:01,00:59,Da Nang,DAD,Vietnam Airlines,VN158,1,11L,Landed,VN-A623,A21N,passenger
2026-02-19,08:57,01:36,Ho Chi Minh City,SGN,Vietnam Airlines,VN240,1,11L,Landed,VN-A893,A359,passenger
2026-02-19,08:53,00:55,Hue,HUI,Vietnam Airlines,VN1540,1,11L,Landed,VN-A339,A321,passenger
2026-02-19,08:40,01:42,Hong Kong,HKG,HK express,UO540,2,11L,Landed,B-KKB,A21N,passenger
2026-02-19,08:37,01:41,Shenzhen,SZX,Shenzhen Airlines,ZH101,2,11L,Landed,B-6935,A320,passenger
2026-02-19,08:31,01:44,Ho Chi Minh City,SGN,Sun PhuQuoc Airways,9G806,1,11L,Landed,VN-A280,A321,passenger
2026-02-19,08:27,00:57,Da Nang,DAD,Vietnam Airlines,VN7156,1,11L,Landed,VN-A619,A21N,passenger
2026-02-19,08:24,01:43,Ho Chi Minh City,SGN,VietJet Air,VJ126,1,11L,Landed,VN-A649,A321,passenger
2026-02-19,08:17,01:44,Ho Chi Minh City,SGN,VietJet Air,VJ122,1,11L,Landed,VN-A543,A21N,passenger
2026-02-19,08:12,01:44,Ho Chi Minh City,SGN,Vietnam Airlines,VN206,1,11L,Landed,VN-A505,A21N,passenger
2026-02-19,08:03,02:47,Kuala Lumpur,KUL,AirAsia,AK516,2,11L,Landed,9M-RAN,A320,passenger
2026-02-19,07:40,02:58,Manila,MNL,Cebu Pacific,5J744,2,11L,Landed,RP-C4133,A21N,passenger
2026-02-19,07:37,01:40,Ho Chi Minh City,SGN,Vietravel Airlines,VU750,1,11L,Landed,VN-A136,A320,passenger
2026-02-19,07:30,01:41,Ho Chi Minh City,SGN,Bamboo Airways,QH202,1,11L,Landed,VN-A227,A321,passenger
2026-02-19,07:18,00:56,Da Nang,DAD,VietJet Air,VJ524,1,11L,Landed,VN-A669,A320,passenger
2026-02-19,07:14,02:42,Manila,MNL,Vietnam Airlines,VN646,2,11L,Landed,VN-A604,A321,passenger
2026-02-19,06:54,00:58,Da Nang,DAD,VietJet Air,VJ502,1,11L,Landed,VN-A542,A321,passenger
2026-02-19,06:49,01:45,Ho Chi Minh City,SGN,N/A,VN6002,1,11L,Landed,VN-A363,A321,passenger
2026-02-19,06:40,05:58,Doha,DOH,Qatar Airways,QR982,2,11L,Landed,A7-BHA,B789,passenger
2026-02-19,06:36,01:42,Ho Chi Minh City,SGN,Vietnam Airlines,VN9104,1,11L,Landed,VN-A323,A321,passenger
2026-02-19,06:31,01:40,Ho Chi Minh City,SGN,Vietnam Airlines,VN9114,1,11L,Landed,VN-A325,A321,passenger
2026-02-19,06:23,03:55,Mumbai,BOM,VietJet Air,VJ910,2,11L,Landed,VN-A539,A21N,passenger
2026-02-19,06:20,01:40,Ho Chi Minh City,SGN,Vietnam Airlines,VN9112,1,11L,Landed,VN-A613,A321,passenger
2026-02-19,05:58,09:47,Frankfurt,FRA,Vietnam Airlines,VN36,2,11L,Landed,VN-A890,A359,passenger
2026-02-19,05:54,05:48,Abu Dhabi,AUH,Etihad Airways,EY432,2,11L,Landed,A6-BLP,B789,passenger
2026-02-19,05:50,01:38,Ho Chi Minh City,SGN,Vietnam Airlines,VN9100,1,11L,Landed,VN-A358,A321,passenger
2026-02-19,05:47,,Seoul,ICN,Air Zeta,KJ387,0,11L,Landed,HL7507,B763,cargo
2026-02-19,05:44,10:12,Paris,CDG,Vietnam Airlines,VN18,2,11L,Landed,VN-A898,A359,passenger
2026-02-19,05:42,03:51,Jakarta,CGK,Vietnam Airlines,VN634,2,11L,Landed,VN-A601,A321,passenger
2026-02-19,05:27,03:44,Ahmedabad,AMD,VietJet Air,VJ1926,2,11L,Landed,VN-A658,A320,passenger
2026-02-19,05:11,08:00,Moscow,SVO,Vietnam Airlines,VN62,2,11L,Landed,VN-A870,B789,passenger
2026-02-19,05:03,03:25,Beijing,PKX,VietJet Air,VJ7713,2,11L,Landed,VN-A525,A21N,passenger
2026-02-19,04:55,01:43,Ho Chi Minh City,SGN,Vietnam Airlines,VN9108,1,11L,Landed,VN-A623,A21N,passenger
2026-02-19,04:47,03:03,Shanghai,PVG,VietJet Air,VJ7239,2,11L,Landed,VN-A675,A320,passenger
2026-02-19,04:29,01:34,Guangzhou,CAN,VietJet Air,VJ7527,2,11L,Landed,VN-A636,A321,passenger
2026-02-19,04:25,03:28,Delhi,DEL,Vietnam Airlines,VN980,2,11L,Landed,VN-A865,B789,passenger
2026-02-19,04:22,10:16,London,LHR,Vietnam Airlines,VN56,2,11L,Landed,VN-A864,B789,passenger
2026-02-19,04:07,01:42,Ho Chi Minh City,SGN,Sun PhuQuoc Airways,9G8802,1,11L,Landed,VN-A279,A321,passenger
2026-02-19,03:27,02:32,Xi'an,XIY,VietJet Air,VJ7343,2,11L,Landed,VN-A645,A321,passenger
2026-02-19,03:24,04:22,Seoul,ICN,Air Zeta,KJ933,0,11L,Landed,HL7620,B744,cargo
2026-02-19,03:08,03:27,Shanghai,PVG,China Eastern Airlines,MU7235,2,11L,Landed,B-32KT,A21N,passenger
2026-02-19,02:50,01:41,Ho Chi Minh City,SGN,Vietravel Airlines,VU702,1,11L,Landed,VN-A129,A321,passenger
2026-02-19,02:07,01:37,Ho Chi Minh City,SGN,Vietnam Airlines,VN9118,1,11L,Landed,VN-A871,B789,passenger
2026-02-19,02:02,01:39,Ho Chi Minh City,SGN,VietJet Air,VJ182,1,11L,Landed,VN-A661,A321,passenger
2026-02-19,01:47,01:37,Ho Chi Minh City,SGN,Sun PhuQuoc Airways,9G886,1,11L,Landed,VN-A282,A21N,passenger
2026-02-19,01:43,01:44,Ho Chi Minh City,SGN,Vietravel Airlines,VU782,1,11L,Landed,VN-A289,A321,passenger
2026-02-19,01:41,03:30,Shanghai,PVG,China Eastern Airlines,MU5075,2,11L,Landed,B-5858,B738,passenger
2026-02-19,01:18,03:49,Qingdao,TAO,Shandong Airlines,SC4649,2,11L,Landed,B-1442,B738,passenger
2026-02-19,01:15,02:58,Manila,MNL,Cebu Pacific,5J746,2,11L,Landed,RP-C4140,A21N,passenger
2026-02-19,00:56,01:45,Ho Chi Minh City,SGN,Vietnam Airlines,VN270,1,11L,Landed,VN-A619,A21N,passenger
2026-02-19,00:52,01:43,Ho Chi Minh City,SGN,VietJet Air,VJ190,1,11L,Landed,VN-A635,A321,passenger
2026-02-19,00:49,02:44,Manila,MNL,Philippine Airlines,PR595,2,11L,Landed,RP-C9902,A321,passenger
2026-02-19,00:43,01:50,Ho Chi Minh City,SGN,Sun PhuQuoc Airways,9G882,1,11L,Landed,VN-A280,A321,passenger
2026-02-19,00:41,03:23,Jinan,TNA,Shandong Airlines,SC8071,2,11L,Landed,B-5649,B738,passenger
2026-02-19,00:36,03:24,Shanghai,PVG,Juneyao Air,HO1329,2,11L,Landed,B-6735,A320,passenger
2026-02-19,00:24,01:43,Ho Chi Minh City,SGN,Vietnam Airlines,VN7010,1,11L,Landed,VN-A503,A21N,passenger
2026-02-19,00:14,04:33,Seoul,ICN,Jeju Air,7C2201,2,11L,Landed,HL8593,B38M,passenger
2026-02-19,00:07,01:42,Ho Chi Minh City,SGN,Vietnam Airlines,VN7294,1,11L,Landed,VN-A327,A321,passenger
2026-02-19,00:03,01:43,Ho Chi Minh City,SGN,Vietnam Airlines,VN224,1,11L,Landed,VN-A390,A321,passenger
2026-02-20,23:58,01:45,Ho Chi Minh City,SGN,Vietnam Airlines,VN7020,1,11L,Landed,VN-A873,B78X,passenger
2026-02-20,23:54,01:22,Bangkok,BKK,Vietnam Airlines,VN616,2,N/A,Landed,VN-A609,A321,passenger
2026-02-20,23:51,01:31,Macau,MFM,Air Macau,NX988,2,11L,Landed,B-MCC,A321,passenger
2026-02-20,23:48,01:40,Ho Chi Minh City,SGN,VietJet Air,VJ156,1,11L,Landed,VN-A535,A321,passenger
2026-02-20,23:36,01:41,Ho Chi Minh City,SGN,VietJet Air,VJ190,1,11L,Landed,VN-A635,A321,passenger
2026-02-20,23:30,00:55,Hue,HUI,Vietnam Airlines,VN1548,1,11L,Landed,VN-A358,A321,passenger
2026-02-20,23:27,01:39,Ho Chi Minh City,SGN,Vietnam Airlines,VN260,1,29R,Landed,VN-A898,A359,passenger
2026-02-20,23:23,04:18,Daegu,TAE,T'way Air,TW63,2,11L,Landed,HL8329,B738,passenger
2026-02-20,23:15,01:35,Ho Chi Minh City,SGN,Vietnam Airlines,VN256,1,11L,Landed,VN-A888,A359,passenger
2026-02-20,23:12,01:39,Ho Chi Minh City,SGN,Vietnam Airlines,VN220,1,29R,Landed,VN-A878,B78X,passenger
2026-02-20,23:09,00:57,Da Nang,DAD,Bamboo Airways,QH148,1,11L,Landed,VN-A597,A321,passenger
2026-02-20,23:03,,Can Tho,VCA,VietJet Air,VJ464,1,N/A,Landed,VN-A677,A321,passenger
2026-02-20,23:00,05:33,Tokyo,NRT,All Nippon Airways,NH897,2,N/A,Landed,JA876A,B789,passenger
2026-02-20,22:57,01:38,Guangzhou,CAN,China Southern Airlines,CZ371,2,N/A,Landed,B-205K,B38M,passenger
2026-02-20,22:55,01:39,Ho Chi Minh City,SGN,VietJet Air,VJ154,1,11L,Landed,VN-A632,A321,passenger
2026-02-20,22:50,04:21,Seoul,ICN,T'way Air,TW61,2,11L,Landed,HL8069,B738,passenger
2026-02-20,22:39,00:55,Hue,HUI,VietJet Air,VJ568,1,11L,Landed,VN-A663,A320,passenger
2026-02-20,22:34,02:43,Kuala Lumpur,KUL,Vietnam Airlines,VN680,2,11L,Landed,VN-A334,A321,passenger
2026-02-20,22:31,01:44,Ho Chi Minh City,SGN,Bamboo Airways,QH268,1,11L,Landed,VN-A596,A20N,passenger
2026-02-20,22:22,04:17,Seoul,ICN,Asiana Airlines,OZ733,2,11L,Landed,HL8362,A359,passenger
2026-02-20,22:19,01:42,Ho Chi Minh City,SGN,Sun PhuQuoc Airways,9G872,1,N/A,Landed,VN-A281,A21N,passenger
2026-02-20,22:16,01:22,Buon Ma Thuot,BMV,VietJet Air,VJ1492,1,11L,Landed,VN-A642,A321,passenger
2026-02-20,22:13,01:39,Ho Chi Minh City,SGN,VietJet Air,VJ196,1,29R,Landed,VN-A816,A333,passenger
2026-02-20,22:09,,Ho Chi Minh City,SGN,,,1,,Landed,,,unknown
2026-02-20,22:03,01:34,Macau,MFM,Air Macau,NX982,2,11L,Landed,B-MBT,A21N,passenger
2026-02-20,22:00,01:49,Phu Quoc,PQC,VietJet Air,VJ1440,1,11L,Landed,VN-A542,A321,passenger
2026-02-20,21:57,01:49,Chengdu,TFU,Sichuan Airlines,3U3905,2,11L,Landed,B-8329,A320,passenger
2026-02-20,21:53,01:10,Da Nang,DAD,N/A,VN6070,1,11L,Landed,VN-A363,A321,passenger
2026-02-20,21:51,01:45,Ho Chi Minh City,SGN,Vietnam Airlines,VN262,1,11L,Landed,VN-A890,A359,passenger
2026-02-20,21:48,01:37,Phnom Penh,KTI,Vietnam Airlines,VN922,2,29R,Landed,VN-A323,A321,passenger
2026-02-20,21:43,04:20,Seoul,ICN,Korean Air,KE447,2,29R,Landed,HL8345,B789,passenger
2026-02-20,21:37,01:37,Nha Trang,CXR,Vietnam Airlines,VN1562,1,11L,Landed,VN-A505,A21N,passenger
2026-02-20,21:33,,Phu Quoc,PQC,,,1,,Landed,,,unknown
2026-02-20,21:31,,Hong Kong,HKG,,,2,,Landed,,,unknown
2026-02-20,21:28,00:43,Dien Bien Phu,DIN,Vietnam Airlines,VN1807,1,11L,Landed,VN-A325,A321,passenger
2026-02-20,21:24,01:26,Qui Nhon,UIH,Vietnam Airlines,VN7620,1,11L,Landed,VN-A623,A21N,passenger
2026-02-20,21:20,01:06,Da Nang,DAD,Vietravel Airlines,VU658,1,11L,Landed,VN-A129,A321,passenger
2026-02-20,21:17,01:45,Ho Chi Minh City,SGN,Vietnam Airlines,VN218,1,11L,Landed,VN-A866,B789,passenger
2026-02-20,21:12,04:37,Denpasar,DPS,VietJet Air,VJ998,2,11L,Landed,VN-A516,A21N,passenger
2026-02-20,21:06,01:21,Siem Reap,SAI,VietJet Air,VJ914,2,11L,Landed,VN-A539,A21N,passenger
2026-02-20,21:02,01:38,Ho Chi Minh City,SGN,BBN Airlines Indonesia,QH262,1,11L,Landed,PK-BBK,B739,passenger
2026-02-20,20:55,02:44,Taipei,TPE,VietJet Air,VJ943,2,11L,Landed,VN-A528,A21N,passenger
2026-02-20,20:51,01:24,Bangkok,DMK,AirAsia,FD644,2,11L,Landed,HS-EAB,A21N,passenger
2026-02-20,20:48,01:05,Da Nang,DAD,Vietnam Airlines,VN188,1,11L,Landed,VN-A515,A20N,passenger
2026-02-20,20:45,00:40,Vinh,VII,Vietnam Airlines,VN1718,1,11L,Landed,VN-A625,A21N,passenger
2026-02-20,20:42,00:51,Vientiane,VTE,Vietnam Airlines,VN920,2,11L,Landed,VN-A329,A321,passenger
2026-02-20,20:40,04:16,Seoul,ICN,Vietnam Airlines,VN415,2,11L,Landed,VN-A891,A359,passenger
2026-02-20,20:37,01:36,Da Lat,DLI,VietJet Air,VJ410,1,11L,Landed,VN-A689,A320,passenger
2026-02-20,20:34,01:24,Bangkok,BKK,VietJet Air,VJ904,2,11L,Landed,VN-A525,A21N,passenger
2026-02-20,20:31,01:44,Ho Chi Minh City,SGN,VietJet Air,VJ158,1,11L,Landed,VN-A649,A321,passenger
2026-02-20,20:28,01:29,Shenzhen,SZX,China Southern Airlines,CZ8083,2,11L,Landed,B-6629,A321,passenger
2026-02-20,20:25,01:46,Ho Chi Minh City,SGN,VietJet Air,VJ152,1,11L,Landed,VN-A661,A321,passenger
2026-02-20,20:24,01:10,Chu Lai,VCL,Vietnam Airlines,VN7642,1,11L,Landed,VN-A617,A21N,passenger
2026-02-20,20:19,01:05,Da Nang,DAD,VietJet Air,VJ516,1,N/A,Landed,VN-A633,A321,passenger
2026-02-20,20:14,05:17,Tokyo,HND,Vietnam Airlines,VN385,2,11L,Landed,VN-A862,B789,passenger
2026-02-20,20:05,01:16,Qui Nhon,UIH,Bamboo Airways,QH1214,1,11L,Landed,VN-A227,A321,passenger
2026-02-20,19:55,01:43,Ho Chi Minh City,SGN,Vietravel Airlines,VU780,1,11L,Landed,VN-A289,A321,passenger
2026-02-20,19:52,01:32,Yangon,RGN,Myanmar Airways International,8M450,2,11L,Landed,XY-ALN,A319,passenger
2026-02-20,19:40,02:33,Taichung,RMQ,VietJet Air,VJ949,2,11L,Landed,VN-A648,A321,passenger
2026-02-20,19:35,01:01,Da Nang,DAD,Vietnam Airlines,VN180,1,11L,Landed,VN-A513,A20N,passenger
2026-02-20,19:33,01:46,Ho Chi Minh City,SGN,Vietnam Airlines,VN7290,1,11L,Landed,VN-A886,A359,passenger
2026-02-20,19:30,01:41,Chongqing,CKG,West Air,PN6423,2,11L,Landed,B-8249,A320,passenger
2026-02-20,19:25,01:15,Pleiku,PXU,VietJet Air,VJ424,1,11L,Landed,VN-A637,A321,passenger
2026-02-20,19:22,01:19,Siem Reap,SAI,Vietnam Airlines,VN836,2,11L,Landed,VN-A358,A321,passenger
2026-02-20,19:16,01:42,Ho Chi Minh City,SGN,Vietnam Airlines,VN254,1,11L,Landed,VN-A897,A359,passenger
2026-02-20,19:12,01:31,Nha Trang,CXR,Vietnam Airlines,VN1560,1,11L,Landed,VN-A399,A321,passenger
2026-02-20,19:11,01:47,Hong Kong,HKG,Hong Kong Airlines,HX528,2,11L,Landed,B-LPC,A320,passenger
2026-02-20,19:08,02:32,Xi'an,XIY,China Eastern Airlines,MU867,2,11L,Landed,B-325T,A20N,passenger
2026-02-20,19:04,01:39,Phu Quoc,PQC,VietJet Air,VJ446,1,11L,Landed,VN-A663,A320,passenger
2026-02-20,18:53,00:59,Da Nang,DAD,Vietnam Airlines,VN174,1,11L,Landed,VN-A353,A321,passenger
2026-02-20,18:50,01:29,Phnom Penh,KTI,Air Cambodia,K6850,2,11L,Landed,XU-350,A321,passenger
2026-02-20,18:47,01:46,Ho Chi Minh City,SGN,Transavia,VJ134,1,11L,Landed,LY-MLI,A320,passenger
2026-02-20,18:41,01:37,Ho Chi Minh City,SGN,Vietnam Airlines,VN252,1,11L,Landed,VN-A872,B78X,passenger
2026-02-20,18:25,01:38,Ho Chi Minh City,SGN,Vietnam Airlines,VN216,1,11L,Landed,VN-A865,B789,passenger
2026-02-20,18:22,00:58,Da Nang,DAD,VietJet Air,VJ512,1,11L,Landed,VN-A553,A21N,passenger
2026-02-20,18:15,01:38,Shenzhen,SZX,Shenzhen Airlines,ZH105,2,11L,Landed,B-1712,B738,passenger
2026-02-20,18:08,01:32,Da Lat,DLI,Vietnam Airlines,VN1576,1,11L,Landed,VN-A609,A321,passenger
2026-02-20,18:05,01:27,Nha Trang,CXR,Vietnam Airlines,VN1558,1,11L,Landed,VN-A512,A21N,passenger
2026-02-20,18:02,01:41,Phu Quoc,PQC,Sun PhuQuoc Airways,9G1216,1,11L,Landed,VN-A280,A321,passenger
2026-02-20,17:58,01:37,Ho Chi Minh City,SGN,Vietnam Airlines,VN232,1,11L,Landed,VN-A874,B78X,passenger
2026-02-20,17:56,01:45,Ho Chi Minh City,SGN,Sun PhuQuoc Airways,9G854,1,11L,Landed,VN-A286,A21N,passenger
2026-02-20,17:52,01:27,Bangkok,BKK,Vietnam Airlines,VN614,2,11L,Landed,VN-A325,A321,passenger
2026-02-20,17:49,01:03,Luang Prabang,LPQ,Lao Airlines,QV313,2,11L,Landed,RDPL-34225,AT76,passenger
2026-02-20,17:43,00:45,Luang Prabang,LPQ,AirAsia,FD1038,2,11L,Landed,HS-BBL,A320,passenger
2026-02-20,17:41,02:32,Kaohsiung,KHH,VietJet Air,VJ947,2,11L,Landed,VN-A547,A21N,passenger
2026-02-20,17:35,01:52,Phu Quoc,PQC,N/A,VN6400,1,11L,Landed,VN-A363,A321,passenger
2026-02-20,17:32,03:25,Shanghai,PVG,China Eastern Airlines,MU6013,2,11L,Landed,B-32KD,A21N,passenger
2026-02-20,17:29,01:49,Ho Chi Minh City,SGN,VietJet Air,VJ194,1,11L,Landed,VN-A535,A321,passenger
2026-02-20,17:26,01:10,Da Nang,DAD,Vietnam Airlines,VN172,1,29R,Landed,VN-A625,A21N,passenger
2026-02-20,17:23,01:50,Ho Chi Minh City,SGN,Vietnam Airlines,VN7230,1,11L,Landed,VN-A889,A359,passenger
2026-02-20,17:20,03:06,Singapore,SIN,Singapore Airlines,SQ194,2,11L,Landed,9V-SHS,A359,passenger
2026-02-20,17:18,01:27,Bangkok,BKK,VietJet Air,VJ902,2,11L,Landed,VN-A677,A321,passenger
2026-02-20,17:11,,Dien Bien Phu,DIN,,,1,,Landed,,,unknown
2026-02-20,17:08,,Guangzhou,CAN,,,2,,Landed,,,unknown
2026-02-20,17:06,00:58,Da Nang,DAD,VietJet Air,VJ514,1,11L,Landed,VN-A635,A321,passenger
2026-02-20,17:02,02:57,Taipei,TPE,EVA Air,BR385,2,N/A,Landed,B-16227,A321,passenger
2026-02-20,16:59,01:39,Ho Chi Minh City,SGN,Vietravel Airlines,VU770,1,11L,Landed,VN-A129,A321,passenger
2026-02-20,16:55,02:43,Singapore,SIN,VietJet Air,VJ916,2,11L,Landed,VN-A538,A21N,passenger
2026-02-20,16:51,04:15,Busan,PUS,VietJet Air,VJ957,2,11L,Landed,VN-A675,A320,passenger
2026-02-20,16:49,04:39,Denpasar,DPS,VietJet Air,VJ900,2,11L,Landed,VN-A653,A21N,passenger
2026-02-20,16:45,01:59,Con Dao,VCS,VietJet Air,VJ108,1,11L,Landed,B-656E,AJ27,passenger
2026-02-20,16:43,01:35,Da Lat,DLI,VietJet Air,VJ404,1,11L,Landed,VN-A658,A320,passenger
2026-02-20,16:40,01:41,Ho Chi Minh City,SGN,Vietnam Airlines,VN7040,1,11L,Landed,VN-A331,A321,passenger
2026-02-20,16:36,01:42,Phu Quoc,PQC,Hai Au Aviation,HAI489,1,11L,Landed,VN-A489,FA8X,business jet
2026-02-20,16:33,00:58,Da Nang,DAD,Vietnam Airlines,VN7164,1,11L,Landed,VN-A623,A21N,passenger
2026-02-20,16:28,00:58,N/A,,N/A,N/A,2,11L,Landed,VN-B469,C208,passenger
2026-02-20,16:25,02:10,Kolkata,CCU,IndiGo,6E1631,2,11L,Landed,VT-IAN,A320,passenger
2026-02-20,16:22,01:34,Da Lat,DLI,Vietnam Airlines,VN1574,1,11L,Landed,VN-A515,A20N,passenger
2026-02-20,16:18,02:00,Can Tho,VCA,Vietnam Airlines,VN1202,1,11L,Landed,VN-A323,A321,passenger
2026-02-20,16:13,02:54,Taipei,TPE,China Airlines,CI793,2,N/A,Landed,B-18103,A21N,passenger
2026-02-20,16:10,01:01,Da Nang,DAD,Vietnam Airlines,VN7186,1,11L,Landed,VN-A613,A321,passenger
2026-02-20,16:08,01:45,Ho Chi Minh City,SGN,Pegasus,VJ188,1,11L,Landed,LY-NVE,A320,passenger
2026-02-20,16:02,01:26,Tuy Hoa,TBB,Vietnam Airlines,VN1650,1,11L,Landed,VN-A617,A21N,passenger
2026-02-20,15:59,01:40,Ho Chi Minh City,SGN,Vietnam Airlines,VN214,1,11L,Landed,VN-A869,B789,passenger
2026-02-20,15:57,01:43,Ho Chi Minh City,SGN,VietJet Air,VJ138,1,11L,Landed,VN-A575,A21N,passenger
2026-02-20,15:54,01:31,Da Lat,DLI,VietJet Air,VJ408,1,11L,Landed,VN-A539,A21N,passenger
2026-02-20,15:51,00:43,Vientiane,VTE,Lao Airlines,QV311,2,11L,Landed,RDPL-34199,A320,passenger
2026-02-20,15:46,01:49,Can Tho,VCA,VietJet Air,VJ462,1,11L,Landed,VN-A542,A321,passenger
2026-02-20,15:42,01:39,Ho Chi Minh City,SGN,Vietnam Airlines,VN248,1,11L,Landed,VN-A864,B789,passenger
2026-02-20,15:39,02:40,Singapore,SIN,China Airlines,CI6876,0,11L,Landed,B-18723,B744,cargo
2026-02-20,15:35,01:40,Ho Chi Minh City,SGN,Bamboo Airways,QH242,1,11L,Landed,VN-A227,A321,passenger
2026-02-20,15:28,01:58,Can Tho,VCA,VietJet Air,VJ460,1,11L,Landed,VN-A543,A21N,passenger
2026-02-20,15:25,02:44,Singapore,SIN,Vietnam Airlines,VN660,2,11L,Landed,VN-A892,A359,passenger
2026-02-20,15:22,01:42,Ho Chi Minh City,SGN,VietJet Air,VJ142,1,11L,Landed,VN-A632,A321,passenger
2026-02-20,15:17,02:50,Fuzhou,FOC,Xiamen Air,MF8697,2,11L,Landed,B-1457,B738,passenger
2026-02-20,15:08,,Da Nang,DAD,Vietnam Airlines,VN170,1,N/A,Landed,VN-A615,A321,passenger
2026-02-20,15:06,01:19,Qui Nhon,UIH,Vietnam Airlines,VN1622,1,11L,Landed,VN-A513,A20N,passenger
2026-02-20,15:04,01:50,Ho Chi Minh City,SGN,Sun PhuQuoc Airways,9G838,1,11L,Landed,VN-A284,A21N,passenger
2026-02-20,15:01,01:04,Kunming,KMG,China Eastern Airlines,MU9605,2,11L,Landed,B-1253,B738,passenger
2026-02-20,15:01,01:39,Nha Trang,CXR,Vietnam Airlines,VN7068,1,11L,Landed,VN-A505,A21N,passenger
2026-02-20,14:57,01:41,Shenzhen,SZX,China Southern Airlines,CZ8469,2,11L,Landed,B-6661,A321,passenger
2026-02-20,14:53,02:17,Con Dao,VCS,VietJet Air,VJ106,1,11L,Landed,B-652G,AJ27,passenger
2026-02-20,14:50,01:11,Chiang Mai,CNX,AirAsia,FD870,2,29R,Landed,HS-BBC,A320,passenger
2026-02-20,14:48,02:58,Kuala Lumpur,KUL,AirAsia,AK512,2,11L,Landed,9M-AQO,A320,passenger
2026-02-20,14:44,01:41,Nha Trang,CXR,Vietnam Airlines,VN1552,1,11L,Landed,VN-A353,A321,passenger
2026-02-20,14:42,05:24,Blagoveshchensk,BQS,VietJet Air,VJ7615,2,11L,Landed,VN-A550,A21N,passenger
2026-02-20,14:33,02:22,Xiamen,XMN,Xiamen Air,MF869,2,11L,Landed,B-7818,B738,passenger
2026-02-20,14:31,02:55,Taipei,TPE,VietJet Air,VJ941,2,29R,Landed,VN-A689,A320,passenger
2026-02-20,14:27,01:01,Da Nang,DAD,Vietnam Airlines,VN168,1,11L,Landed,VN-A392,A321,passenger
2026-02-20,14:22,01:36,Guangzhou,CAN,China Southern Airlines,CZ8315,2,11L,Landed,B-301H,A20N,passenger
2026-02-20,14:19,02:37,Kuala Lumpur,KUL,VietJet Air,VJ906,2,11L,Landed,VN-A651,A321,passenger
2026-02-20,14:16,01:43,Ho Chi Minh City,SGN,VietJet Air,VJ144,1,11L,Landed,VN-A816,A333,passenger
2026-02-20,14:08,01:23,Bangkok,BKK,Vietnam Airlines,VN610,2,11L,Landed,VN-A358,A321,passenger
2026-02-20,14:02,00:58,Da Nang,DAD,Vietnam Airlines,VN166,1,29R,Landed,VN-A399,A321,passenger
2026-02-20,13:57,04:22,Seoul,ICN,VietJet Air,VJ961,2,11L,Landed,VN-A525,A21N,passenger
2026-02-20,13:52,01:41,Ho Chi Minh City,SGN,Vietnam Airlines,VN7256,1,11L,Landed,VN-A612,A321,passenger
2026-02-20,13:48,05:46,Tokyo,NRT,VietJet Air,VJ933,2,11L,Landed,VN-A820,A333,passenger
2026-02-20,13:45,01:36,Shenzhen,SZX,Shenzhen Airlines,ZH103,2,11L,Landed,B-6296,A320,passenger
2026-02-20,13:41,03:19,Shanghai,PVG,China Eastern Airlines,MU6011,2,11L,Landed,B-6886,A321,passenger
2026-02-20,13:20,01:05,Hue,HUI,VietJet Air,VJ566,1,11L,Landed,VN-A642,A321,passenger
2026-02-20,13:17,01:49,Ho Chi Minh City,SGN,Vietnam Airlines,VN7226,1,11L,Landed,VN-A625,A21N,passenger
2026-02-20,13:15,01:56,Phu Quoc,PQC,Sun PhuQuoc Airways,9G1204,1,11L,Landed,VN-A281,A21N,passenger
2026-02-20,13:11,03:52,Delhi,DEL,IndiGo,6E1633,2,11L,Landed,VT-IPQ,A20N,passenger
2026-02-20,13:04,04:12,Seoul,ICN,Vietnam Airlines,VN417,2,11L,Landed,VN-A877,B78X,passenger
2026-02-20,13:02,01:02,Da Nang,DAD,VietJet Air,VJ528,1,11L,Landed,VN-A635,A321,passenger
2026-02-20,12:59,04:55,Osaka,KIX,Vietnam Airlines,VN335,2,11L,Landed,VN-A888,A359,passenger
2026-02-20,12:56,01:33,Bangkok,BKK,China Cargo Airlines,CK278,0,11L,Landed,B-223A,B77L,cargo
2026-02-20,12:53,05:17,Nagoya,NGO,VietJet Air,VJ921,2,11L,Landed,VN-A553,A21N,passenger
2026-02-20,12:50,05:06,Osaka,KIX,VietJet Air,VJ939,2,11L,Landed,VN-A528,A21N,passenger
2026-02-20,12:48,01:50,Ho Chi Minh City,SGN,Bamboo Airways,QH224,1,11L,Landed,JU-1410,A320,passenger
2026-02-20,12:42,05:35,Dubai,DXB,Emirates,EK394,2,11L,Landed,A6-EPR,B77W,passenger
2026-02-20,12:39,02:07,Dhaka,DAC,Ethiopian Airlines,ET678,2,11L,Landed,ET-ATJ,B788,passenger
2026-02-20,12:37,05:04,Nagoya,NGO,Vietnam Airlines,VN349,2,11L,Landed,VN-A886,A359,passenger
2026-02-20,12:34,04:23,Fukuoka,FUK,Vietnam Airlines,VN357,2,11L,Landed,VN-A620,A21N,passenger
2026-02-20,12:31,02:50,Kuala Lumpur,KUL,Batik Air,OD571,2,11L,Landed,9M-LRK,B38M,passenger
2026-02-20,12:25,01:41,Guangzhou,CAN,Shenzhen Airlines,ZH121,2,11L,Landed,B-5778,B738,passenger
2026-02-20,12:22,01:52,Can Tho,VCA,Vietnam Airlines,VN1200,1,11L,Landed,VN-A609,A321,passenger
2026-02-20,12:19,06:04,Doha,DOH,Qatar Airways,QR976,2,11L,Landed,A7-AOE,A35K,passenger
2026-02-20,12:14,01:39,Ho Chi Minh City,SGN,VietJet Air,VJ128,1,11L,Landed,VN-A815,A333,passenger
2026-02-20,12:11,04:34,Seoul,ICN,Asiana Airlines,OZ729,2,11L,Landed,HL7791,B772,passenger
2026-02-20,12:05,01:36,Nha Trang,CXR,VietJet Air,VJ770,1,11L,Landed,VN-A648,A321,passenger
2026-02-20,12:02,01:53,Ho Chi Minh City,SGN,VietJet Air,VJ132,1,11L,Landed,VN-A641,A321,passenger
2026-02-20,11:59,01:33,Bangkok,DMK,AirAsia,FD640,2,11L,Landed,HS-ABW,A320,passenger
2026-02-20,11:56,01:45,Phu Quoc,PQC,VietJet Air,VJ440,1,11L,Landed,VN-A672,A320,passenger
2026-02-20,11:54,01:05,Da Nang,DAD,Vietnam Airlines,VN164,1,11L,Landed,VN-A613,A321,passenger
2026-02-20,11:48,01:01,Da Nang,DAD,VietJet Air,VJ1508,1,11L,Landed,VN-A658,A320,passenger
2026-02-20,11:45,06:25,Kuwait City,KWI,Turkish Airlines,TK6382,0,11L,Landed,TC-LJV,B77L,cargo
2026-02-20,11:43,01:41,Ho Chi Minh City,SGN,Sun PhuQuoc Airways,9G822,1,11L,Landed,VN-A286,A21N,passenger
2026-02-20,11:32,03:29,Beijing,PEK,Air China,CA741,2,11L,Landed,B-326D,A21N,passenger
2026-02-20,11:29,01:00,Da Nang,DAD,N/A,VN6080,1,11L,Landed,VN-A363,A321,passenger
2026-02-20,11:27,01:38,Ho Chi Minh City,SGN,Vietnam Airlines,VN7258,1,11L,Landed,VN-A874,B78X,passenger
2026-02-20,11:24,01:42,Ho Chi Minh City,SGN,Bamboo Airways,QH208,1,11L,Landed,VN-A597,A321,passenger
2026-02-20,11:18,02:53,Singapore,SIN,Singapore Airlines,SQ192,2,11L,Landed,9V-SHD,A359,passenger
2026-02-20,11:16,00:46,Dong Hoi,VDH,Vietnam Airlines,VN1590,1,11L,Landed,VN-A325,A321,passenger
2026-02-20,11:08,01:41,Ho Chi Minh City,SGN,Vietnam Airlines,VN244,1,11L,Landed,VN-A861,B789,passenger
2026-02-20,11:05,01:34,Da Lat,DLI,Vietnam Airlines,VN1572,1,11L,Landed,VN-A515,A20N,passenger
2026-02-20,11:02,01:20,Qui Nhon,UIH,VietJet Air,VJ430,1,11L,Landed,VN-A539,A21N,passenger
2026-02-20,11:00,04:41,Seoul,ICN,Korean Air,KE441,2,11L,Landed,HL8590,A21N,passenger
2026-02-20,10:55,01:42,Ho Chi Minh City,SGN,VietJet Air,VJ1122,1,11L,Landed,VN-A544,A321,passenger
2026-02-20,10:53,02:53,Taipei,TPE,China Airlines,CI791,2,11L,Landed,B-18106,A21N,passenger
2026-02-20,10:50,01:42,Phu Quoc,PQC,VietJet Air,VJ442,1,11L,Landed,VN-A547,A21N,passenger
2026-02-20,10:47,04:20,Busan,PUS,VietJet Air,VJ981,2,11L,Landed,VN-A677,A321,passenger
2026-02-20,10:36,01:42,Ho Chi Minh City,SGN,VietJet Air,VJ136,1,11L,Landed,VN-A535,A321,passenger
2026-02-20,10:33,01:03,Chu Lai,VCL,Vietnam Airlines,VN1640,1,11L,Landed,VN-A513,A20N,passenger
2026-02-20,10:22,02:57,Taipei,TPE,STARLUX,JX715,2,11L,Landed,B-58204,A21N,passenger
2026-02-20,10:18,00:36,Vinh,VII,Vietnam Airlines,VN7716,1,11L,Landed,VN-A398,A321,passenger
2026-02-20,10:06,01:46,Ho Chi Minh City,SGN,BBN Airlines Indonesia,QH204,1,11L,Landed,PK-BBK,B739,passenger
2026-02-20,10:01,00:57,Hue,HUI,Vietnam Airlines,VN1542,1,11L,Landed,VN-A399,A321,passenger
2026-02-20,09:57,01:41,Hong Kong,HKG,Cathay Pacific,CX741,2,11L,Landed,B-HNE,B773,passenger
2026-02-20,09:55,02:50,Taipei,TPE,Vietnam Airlines,VN579,2,11L,Landed,VN-A392,A321,passenger
2026-02-20,09:52,01:29,Buon Ma Thuot,BMV,VietJet Air,VJ492,1,11L,Landed,VN-A637,A321,passenger
2026-02-20,09:49,02:28,Kaohsiung,KHH,Vietnam Airlines,VN587,2,11L,Landed,VN-A611,A321,passenger
2026-02-20,09:46,00:57,Da Nang,DAD,Vietravel Airlines,VU638,1,N/A,Landed,VN-A129,A321,passenger
2026-02-20,09:42,01:38,Ho Chi Minh City,SGN,Vietnam Airlines,VN242,1,11L,Landed,VN-A622,A21N,passenger
2026-02-20,09:39,01:44,Ho Chi Minh City,SGN,Avion Express,VJ148,1,11L,Landed,LY-NVG,A320,passenger
2026-02-20,09:32,01:39,Ho Chi Minh City,SGN,Sun PhuQuoc Airways,9G808,1,11L,Landed,VN-A279,A321,passenger
2026-02-20,09:26,01:17,Pleiku,PXU,VietJet Air,VJ422,1,11L,Landed,VN-A642,A321,passenger
2026-02-20,09:23,01:42,Ho Chi Minh City,SGN,VietJet Air,VJ1120,1,11L,Landed,VN-A516,A21N,passenger
2026-02-20,09:20,00:57,Da Nang,DAD,Vietnam Airlines,VN158,1,11L,Landed,VN-A353,A321,passenger
2026-02-20,09:16,01:40,Ho Chi Minh City,SGN,Vietravel Airlines,VU774,1,11L,Landed,VN-A136,A320,passenger
2026-02-20,09:05,01:37,Ho Chi Minh City,SGN,Vietnam Airlines,VN240,1,11L,Landed,VN-A864,B789,passenger
2026-02-20,09:02,04:23,Seoul,ICN,VietJet Air,VJ963,2,11L,Landed,VN-A543,A21N,passenger
2026-02-20,08:51,01:28,Bangkok,DMK,AirAsia,FD642,2,11L,Landed,HS-CBL,A320,passenger
2026-02-20,08:48,01:39,Ho Chi Minh City,SGN,Vietnam Airlines,VN9100,1,11L,Landed,VN-A891,A359,passenger
2026-02-20,08:42,03:03,Singapore,SIN,Scoot,TR300,2,11L,Landed,9V-NCD,A21N,passenger
2026-02-20,08:39,01:40,Hong Kong,HKG,HK express,UO540,2,11L,Landed,B-KKG,A21N,passenger
2026-02-20,08:36,01:39,Ho Chi Minh City,SGN,Vietnam Airlines,VN238,1,11L,Landed,VN-A603,A321,passenger
2026-02-20,08:36,01:46,Ho Chi Minh City,SGN,Sun PhuQuoc Airways,9G806,1,11L,Landed,VN-A284,A21N,passenger
2026-02-20,08:29,00:58,Da Nang,DAD,VietJet Air,VJ510,1,11L,Landed,VN-A635,A321,passenger
2026-02-20,08:19,01:40,Ho Chi Minh City,SGN,VietJet Air,VJ126,1,11L,Landed,VN-A549,A21N,passenger
2026-02-20,08:09,01:35,Shenzhen,SZX,Shenzhen Airlines,ZH101,2,11L,Landed,B-6286,A320,passenger
2026-02-20,08:03,02:50,Kuala Lumpur,KUL,AirAsia,AK9516,2,11L,Landed,9M-RAP,A20N,passenger
2026-02-20,07:57,00:42,Nanning,NNG,GX Airlines,GX8971,2,11L,Landed,B-6817,A320,passenger
2026-02-20,07:54,01:37,Ho Chi Minh City,SGN,Vietnam Airlines,VN206,1,11L,Landed,VN-A866,B789,passenger
2026-02-20,07:45,01:39,Ho Chi Minh City,SGN,VietJet Air,VJ124,1,11L,Landed,VN-A816,A333,passenger
2026-02-20,07:42,01:44,Ho Chi Minh City,SGN,Bamboo Airways,QH202,1,11L,Landed,VN-A227,A321,passenger
2026-02-20,07:37,00:57,Da Nang,DAD,Vietnam Airlines,VN156,1,11L,Landed,VN-A358,A321,passenger
2026-02-20,07:35,01:43,Ho Chi Minh City,SGN,Vietravel Airlines,VU750,1,11L,Landed,VN-A289,A321,passenger
2026-02-20,07:30,00:58,Da Nang,DAD,VietJet Air,VJ524,1,11L,Landed,VN-A656,A320,passenger
2026-02-20,07:19,02:55,Manila,MNL,Cebu Pacific,5J744,2,11L,Landed,RP-C4126,A21N,passenger
2026-02-20,07:16,02:46,Manila,MNL,Vietnam Airlines,VN646,2,11L,Landed,VN-A390,A321,passenger
2026-02-20,07:12,03:24,Cebu,CEB,Vietnam Airlines,VN642,2,11L,Landed,VN-A613,A321,passenger
2026-02-20,07:08,09:45,Frankfurt,FRA,Vietnam Airlines,VN36,2,11L,Landed,VN-A862,B789,passenger
2026-02-20,07:04,01:38,Ho Chi Minh City,SGN,VietJet Air,VJ122,1,11L,Landed,VN-A538,A21N,passenger
2026-02-20,07:00,00:58,Da Nang,DAD,VietJet Air,VJ502,1,11L,Landed,VN-A648,A321,passenger
2026-02-20,06:48,01:42,Ho Chi Minh City,SGN,N/A,VN6002,1,11L,Landed,VN-A363,A321,passenger
2026-02-20,06:28,01:41,Ho Chi Minh City,SGN,Vietnam Airlines,VN9112,1,11L,Landed,VN-A609,A321,passenger
2026-02-20,06:23,05:57,Doha,DOH,Qatar Airways,QR982,2,11L,Landed,A7-BHA,B789,passenger
2026-02-20,06:11,01:38,Ho Chi Minh City,SGN,Vietnam Airlines,VN9114,1,11L,Landed,VN-A399,A321,passenger
2026-02-20,05:56,08:55,Melbourne,MEL,Vietnam Airlines,VN778,2,11L,Landed,VN-A890,A359,passenger
2026-02-20,05:47,03:54,Bengaluru,BLR,Vietnam Airlines,VN982,2,11L,Landed,VN-A625,A21N,passenger
2026-02-20,05:43,10:15,Paris,CDG,Vietnam Airlines,VN18,2,11L,Landed,VN-A892,A359,passenger
2026-02-20,05:39,03:30,Delhi,DEL,VietJet Air,VJ972,2,11L,Landed,VN-A811,A333,passenger
2026-02-20,05:35,01:41,Ho Chi Minh City,SGN,VietJet Air,VJ1124,1,11L,Landed,VN-A632,A321,passenger
2026-02-20,05:18,03:52,Ahmedabad,AMD,VietJet Air,VJ1926,2,11L,Landed,VN-A658,A320,passenger
2026-02-20,05:14,,Ho Chi Minh City,SGN,,,1,,Landed,,,unknown
2026-02-20,05:06,01:41,Ho Chi Minh City,SGN,Bamboo Airways,QH292,1,11L,Landed,VN-A596,A20N,passenger
2026-02-20,04:59,01:39,Ho Chi Minh City,SGN,Vietnam Airlines,VN9108,1,11L,Landed,VN-A865,B789,passenger
2026-02-20,04:53,03:09,Shanghai,PVG,VietJet Air,VJ7239,2,11L,Landed,VN-A675,A320,passenger
2026-02-20,04:49,04:32,Seoul,ICN,Air Zeta,KJ389,0,11L,Landed,HL7507,B763,cargo
2026-02-20,04:38,04:41,Seoul,ICN,Air Zeta,KJ931,0,11L,Landed,HL7420,B744,cargo
2026-02-20,04:19,01:37,Guangzhou,CAN,VietJet Air,VJ7527,2,11L,Landed,VN-A646,A21N,passenger
2026-02-20,04:13,03:45,Mumbai,BOM,Vietnam Airlines,VN972,2,11L,Landed,VN-A874,B78X,passenger
2026-02-20,04:07,09:21,Munich,MUC,Vietnam Airlines,VN34,2,11L,Landed,VN-A867,B789,passenger
2026-02-20,03:50,03:17,Beijing,PKX,VietJet Air,VJ7713,2,11L,Landed,VN-A542,A321,passenger
2026-02-20,03:28,03:20,Shanghai,PVG,China Eastern Airlines,MU7235,2,11L,Landed,B-32L9,A21N,passenger
2026-02-20,03:24,01:33,Nha Trang,CXR,Vietnam Airlines,VN9501,1,11L,Landed,VN-A617,A21N,passenger
2026-02-20,02:58,01:44,Ho Chi Minh City,SGN,VietJet Air,VJ142,1,11L,Landed,VN-A643,A321,passenger
2026-02-20,02:51,01:40,Ho Chi Minh City,SGN,Bamboo Airways,QH280,1,11L,Landed,VN-A597,A321,passenger
2026-02-20,02:40,01:40,Ho Chi Minh City,SGN,VietJet Air,VJ182,1,11L,Landed,VN-A637,A321,passenger
2026-02-20,02:37,01:43,Ho Chi Minh City,SGN,Sun PhuQuoc Airways,9G8802,1,11L,Landed,VN-A280,A321,passenger
2026-02-20,02:33,01:41,Ho Chi Minh City,SGN,Vietravel Airlines,VU702,1,11L,Landed,VN-A129,A321,passenger
2026-02-20,02:17,01:44,Ho Chi Minh City,SGN,VietJet Air,VJ178,1,11L,Landed,VN-A649,A321,passenger
2026-02-20,01:57,01:35,Chengdu,TFU,VietJet Air,VJ7307,2,11L,Landed,VN-A635,A321,passenger
2026-02-20,01:43,01:43,Ho Chi Minh City,SGN,Vietravel Airlines,VU782,1,11L,Landed,VN-A136,A320,passenger
2026-02-20,01:40,01:32,Nha Trang,CXR,VietJet Air,VJ7614,1,11L,Landed,VN-A550,A21N,passenger
2026-02-20,01:36,03:28,Shanghai,PVG,China Eastern Airlines,MU5075,2,11L,Landed,B-1773,B738,passenger
2026-02-20,01:14,01:42,Ho Chi Minh City,SGN,Sun PhuQuoc Airways,9G8896,1,11L,Landed,VN-A909,A20N,passenger
2026-02-20,01:11,03:01,Hangzhou,HGH,Air China,CA707,2,11L,Landed,B-8429,A320,passenger
2026-02-20,01:04,02:13,Wuhan,WUH,China Eastern Airlines,MU2573,2,11L,Landed,B-1981,B738,passenger
2026-02-20,01:01,02:45,Manila,MNL,Philippine Airlines,PR595,2,11L,Landed,RP-C8765,A333,passenger
2026-02-20,00:54,01:48,Ho Chi Minh City,SGN,Vietnam Airlines,VN7290,1,11L,Landed,VN-A334,A321,passenger
2026-02-20,00:50,03:36,Qingdao,TAO,Shandong Airlines,SC4649,2,11L,Landed,B-1982,B738,passenger
2026-02-20,00:48,01:33,Nha Trang,CXR,Vietnam Airlines,VN7556,1,11L,Landed,VN-A338,A321,passenger
2026-02-20,00:44,01:40,Ho Chi Minh City,SGN,Vietnam Airlines,VN270,1,11L,Landed,VN-A398,A321,passenger
2026-02-20,00:40,03:22,Jinan,TNA,Shandong Airlines,SC8071,2,11L,Landed,B-1272,B738,passenger
2026-02-20,00:36,03:12,Shanghai,PVG,Juneyao Air,HO1329,2,11L,Landed,B-6966,A320,passenger
2026-02-20,00:30,01:41,Ho Chi Minh City,SGN,Sun PhuQuoc Airways,9G886,1,11L,Landed,VN-A282,A21N,passenger
2026-02-20,00:26,04:40,Seoul,ICN,Jeju Air,7C2201,2,11L,Landed,HL8593,B38M,passenger
2026-02-20,00:07,01:40,Ho Chi Minh City,SGN,Vietnam Airlines,VN7006,1,11L,Landed,VN-A614,A321,passenger
2026-02-20,00:03,01:44,Ho Chi Minh City,SGN,Vietnam Airlines,VN224,1,11L,Landed,VN-A888,A359,passenger
2026-02-20,00:00,01:43,Ho Chi Minh City,SGN,VietJet Air,VJ174,1,11L,Landed,VN-A536,A21N,passenger
2026-02-21,23:59,01:45,Ho Chi Minh City,SGN,Vietnam Airlines,VN224,1,11L,Landed,VN-A397,A321,passenger
2026-02-21,23:55,01:23,Bangkok,BKK,Vietnam Airlines,VN616,2,11L,Landed,VN-A623,A21N,passenger
2026-02-21,23:48,00:37,Vinh,VII,Vietnam Airlines,VN7718,1,11L,Landed,VN-A604,A321,passenger
2026-02-21,23:43,01:45,Phu Quoc,PQC,VietJet Air,VJ3521,1,11L,Landed,VN-A516,A21N,passenger
2026-02-21,23:39,01:03,Da Nang,DAD,VietJet Air,VJ520,1,11L,Landed,VN-A549,A21N,passenger
2026-02-21,23:32,,Hue,HUI,,,1,,Landed,,,unknown
2026-02-21,23:25,,Ho Chi Minh City,SGN,,,1,,Landed,,,unknown
2026-02-21,23:17,04:24,Seoul,ICN,T'way Air,TW61,2,N/A,Landed,HL8327,B738,passenger
2026-02-21,23:10,01:43,Ho Chi Minh City,SGN,VietJet Air,VJ190,1,11L,Landed,VN-A649,A321,passenger
2026-02-21,23:07,00:59,Hue,HUI,VietJet Air,VJ568,1,11L,Landed,VN-A675,A320,passenger
2026-02-21,23:03,01:43,Ho Chi Minh City,SGN,Vietnam Airlines,VN260,1,11L,Landed,VN-A353,A321,passenger
2026-02-21,23:01,01:43,Phu Quoc,PQC,Sun PhuQuoc Airways,9G1240,1,11L,Landed,VN-A284,A21N,passenger
2026-02-21,22:57,01:34,Guangzhou,CAN,China Southern Airlines,CZ371,2,11L,Landed,B-20CU,B38M,passenger
2026-02-21,22:54,04:12,Busan,PUS,Air Busan,BX7395,2,29R,Landed,HL8395,A21N,passenger
2026-02-21,22:50,01:27,Buon Ma Thuot,BMV,VietJet Air,VJ494,1,11L,Landed,VN-A554,A21N,passenger
2026-02-21,22:47,02:45,Kuala Lumpur,KUL,Vietnam Airlines,VN680,2,11L,Landed,VN-A331,A321,passenger
2026-02-21,22:44,01:44,Ho Chi Minh City,SGN,BBN Airlines Indonesia,QH268,1,11L,Landed,PK-BBK,B739,passenger
2026-02-21,22:40,01:50,Ho Chi Minh City,SGN,Vietnam Airlines,VN256,1,11L,Landed,VN-A390,A321,passenger
2026-02-21,22:37,01:50,Phu Quoc,PQC,Vietnam Airlines,VN7236,1,11L,Landed,VN-A613,A321,passenger
2026-02-21,22:34,01:56,Can Tho,VCA,VietJet Air,VJ464,1,11L,Landed,VN-A542,A321,passenger
2026-02-21,22:31,04:19,Seoul,ICN,Asiana Airlines,OZ733,2,11L,Landed,HL8079,A359,passenger
2026-02-21,22:28,01:29,Buon Ma Thuot,BMV,VietJet Air,VJ1492,1,11L,Landed,VN-A539,A21N,passenger
2026-02-21,22:26,01:47,Ho Chi Minh City,SGN,VietJet Air,VJ180,1,11L,Landed,VN-A816,A333,passenger
2026-02-21,22:19,01:39,Chengdu,TFU,Sichuan Airlines,3U3905,2,11L,Landed,B-6719,A320,passenger
2026-02-21,22:14,05:39,Tokyo,NRT,All Nippon Airways,NH897,2,11L,Landed,JA928A,B789,passenger
2026-02-21,22:11,01:33,Macau,MFM,Air Macau,NX982,2,11L,Landed,B-MBT,A21N,passenger
2026-02-21,22:07,01:42,Ho Chi Minh City,SGN,Sun PhuQuoc Airways,9G878,1,11L,Landed,VN-A286,A21N,passenger
2026-02-21,22:04,05:31,Tokyo,NRT,Japan Airlines,JL751,2,11L,Landed,JA617J,B763,passenger
2026-02-21,22:01,01:21,Siem Reap,SAI,Vietnam Airlines,VN842,2,11L,Landed,VN-A619,A21N,passenger
2026-02-21,21:49,04:27,Busan,PUS,T'way Air,TW65,2,11L,Landed,HL8738,B738,passenger
2026-02-21,21:42,01:02,Da Nang,DAD,N/A,VN6070,1,11L,Landed,VN-A363,A321,passenger
2026-02-21,21:39,02:59,Singapore,SIN,UPS,5X99,0,11L,Landed,N625UP,B748,cargo
2026-02-21,21:35,01:42,Ho Chi Minh City,SGN,Vietnam Airlines,VN262,1,11L,Landed,VN-A870,B789,passenger
2026-02-21,21:32,01:41,Nha Trang,CXR,Vietnam Airlines,VN1562,1,11L,Landed,VN-A332,A321,passenger
2026-02-21,21:30,02:01,Hong Kong,HKG,HK express,UO542,2,11L,Landed,B-HSM,A320,passenger
2026-02-21,21:27,04:30,Seoul,ICN,Korean Air,KE447,2,11L,Landed,HL8081,B789,passenger
2026-02-21,21:25,01:48,Ho Chi Minh City,SGN,VietJet Air,VJ166,1,N/A,Landed,VN-A677,A321,passenger
2026-02-21,21:22,00:44,Dien Bien Phu,DIN,Vietnam Airlines,VN1807,1,11L,Landed,VN-A609,A321,passenger
2026-02-21,21:19,01:55,Ho Chi Minh City,SGN,VietJet Air,VJ160,1,11L,Landed,VN-A544,A321,passenger
2026-02-21,21:18,01:12,Da Nang,DAD,Vietnam Airlines,VN188,1,11L,Landed,VN-A515,A20N,passenger
2026-02-21,21:11,01:41,Da Lat,DLI,VietJet Air,VJ410,1,11L,Landed,VN-A663,A320,passenger
2026-02-21,21:06,01:44,Shenzhen,SZX,China Southern Airlines,CZ8083,2,11L,Landed,B-6687,A321,passenger
2026-02-21,21:02,01:42,Ho Chi Minh City,SGN,Vietnam Airlines,VN258,1,29R,Landed,VN-A877,B78X,passenger
2026-02-21,21:01,04:42,Denpasar,DPS,VietJet Air,VJ998,2,29R,Landed,VN-A525,A21N,passenger
2026-02-21,20:57,01:47,Ho Chi Minh City,SGN,Sun PhuQuoc Airways,9G868,1,11L,Landed,VN-A279,A321,passenger
2026-02-21,20:55,00:50,Vientiane,VTE,Vietnam Airlines,VN920,2,11L,Landed,VN-A339,A321,passenger
2026-02-21,20:52,01:18,Qui Nhon,UIH,Vietnam Airlines,VN7620,1,29R,Landed,VN-A625,A21N,passenger
2026-02-21,20:50,01:26,Bangkok,BKK,VietJet Air,VJ904,2,N/A,Landed,VN-A633,A321,passenger
2026-02-21,20:47,05:06,Tokyo,HND,Vietnam Airlines,VN385,2,11L,Landed,VN-A894,A359,passenger
2026-02-21,20:43,01:25,Bangkok,DMK,AirAsia,FD644,2,11L,Landed,HS-EAB,A21N,passenger
2026-02-21,20:40,09:10,Sydney,SYD,Vietnam Airlines,VN786,2,N/A,Landed,VN-A891,A359,passenger
2026-02-21,20:37,01:25,Bangkok,BKK,Vietnam Airlines,VN618,2,11L,Landed,VN-A334,A321,passenger
2026-02-21,20:34,04:13,Seoul,ICN,Vietnam Airlines,VN415,2,11L,Landed,VN-A896,A359,passenger
2026-02-21,20:32,01:26,Siem Reap,SAI,VietJet Air,VJ914,2,11L,Landed,VN-A648,A321,passenger
2026-02-21,20:29,01:08,Da Nang,DAD,Vietravel Airlines,VU658,1,11L,Landed,VN-A129,A321,passenger
2026-02-21,20:27,03:09,Singapore,XSP,Hai Au Aviation,HAI488,2,11L,Landed,VN-A488,FA8X,business jet
2026-02-21,20:20,01:54,Phu Quoc,PQC,VietJet Air,VJ1440,1,11L,Landed,VN-A543,A21N,passenger
2026-02-21,20:17,01:48,Ho Chi Minh City,SGN,Vietnam Airlines,VN218,1,11L,Landed,VN-A878,B78X,passenger
2026-02-21,20:15,01:13,Da Nang,DAD,VietJet Air,VJ516,1,11L,Landed,VN-A642,A321,passenger
2026-02-21,20:12,01:36,Siem Reap,SAI,Vietnam Airlines,VN836,2,29R,Landed,VN-A503,A21N,passenger
2026-02-21,20:09,01:53,Ho Chi Minh City,SGN,Bamboo Airways,QH262,1,11L,Landed,VN-A227,A321,passenger
2026-02-21,20:07,01:30,Pleiku,PXU,VietJet Air,VJ424,1,11L,Landed,VN-A635,A321,passenger
2026-02-21,20:03,16:03,Camp Springs,ADW,Vietnam Airlines,VN1,2,11L,Landed,VN-A868,B789,passenger
2026-02-21,19:57,01:35,Yangon,RGN,Myanmar Airways International,8M450,2,11L,Landed,XY-AGR,A319,passenger
2026-02-21,19:54,01:46,Ho Chi Minh City,SGN,Vietnam Airlines,VN7290,1,11L,Landed,VN-A888,A359,passenger
2026-02-21,19:51,01:06,Da Nang,DAD,Vietnam Airlines,VN180,1,N/A,Landed,VN-A513,A20N,passenger
2026-02-21,19:48,02:47,Taichung,RMQ,VietJet Air,VJ949,2,11L,Landed,VN-A552,A21N,passenger
2026-02-21,19:43,00:45,Vinh,VII,Vietnam Airlines,VN1718,1,N/A,Landed,VN-A603,A321,passenger
2026-02-21,19:41,02:32,Tainan,TNN,VietJet Air,VJ7423,2,11L,Landed,VN-A578,A21N,passenger
2026-02-21,19:35,01:44,Ho Chi Minh City,SGN,Vietnam Airlines,VN254,1,11L,Landed,VN-A871,B789,passenger
2026-02-21,19:30,01:45,Ho Chi Minh City,SGN,VietJet Air,VJ152,1,11L,Landed,VN-A647,A321,passenger
2026-02-21,19:27,01:45,Chongqing,CKG,West Air,PN6423,2,11L,Landed,B-32JM,A19N,passenger
2026-02-21,19:24,01:47,Ho Chi Minh City,SGN,Vietravel Airlines,VU780,1,11L,Landed,VN-A136,A320,passenger
2026-02-21,19:21,05:55,Doha,DOH,Qatar Airways,QR984,2,11L,Landed,A7-BCM,B788,passenger
2026-02-21,19:11,01:38,Ho Chi Minh City,SGN,Vietnam Airlines,VN252,1,11L,Landed,VN-A867,B789,passenger
2026-02-21,19:06,01:22,Bangkok,BKK,Thai Airways,TG564,2,11L,Landed,HS-TXK,A320,passenger
2026-02-21,18:59,01:45,Ho Chi Minh City,SGN,Sun PhuQuoc Airways,9G854,1,11L,Landed,VN-A281,A21N,passenger
2026-02-21,18:53,01:44,Changsha,CSX,China Southern Airlines,CZ8359,2,11L,Landed,B-322V,A20N,passenger
2026-02-21,18:50,01:50,Hong Kong,HKG,Hong Kong Airlines,HX528,2,29R,Landed,B-LPM,A320,passenger
2026-02-21,18:46,01:04,Da Nang,DAD,VietJet Air,VJ512,1,N/A,Landed,VN-A670,A321,passenger
2026-02-21,18:43,01:35,Shenzhen,SZX,Shenzhen Airlines,ZH105,2,11L,Landed,B-1939,B738,passenger
2026-02-21,18:37,01:46,Phu Quoc,PQC,VietJet Air,VJ446,1,11L,Landed,VN-A675,A320,passenger
2026-02-21,18:34,02:02,Guangzhou,CAN,China Southern Airlines,CZ8177,2,11L,Landed,B-2406,A320,passenger
2026-02-21,18:28,01:11,Luang Prabang,LPQ,Lao Airlines,QV313,2,11L,Landed,RDPL-34225,AT76,passenger
2026-02-21,18:23,08:16,Istanbul,IST,Turkish Airlines,TK164,2,11L,Landed,TC-LHF,A359,passenger
2026-02-21,18:16,01:47,Nha Trang,CXR,Vietnam Airlines,VN1558,1,11L,Landed,VN-A623,A21N,passenger
2026-02-21,18:13,03:50,Beijing,PEK,Vietnam Airlines,VN513,2,11L,Landed,VN-A324,A321,passenger
2026-02-21,18:09,01:51,Ho Chi Minh City,SGN,Vietnam Airlines,VN232,1,11L,Landed,VN-A872,B78X,passenger
2026-02-21,18:07,03:29,Shanghai,PVG,Vietnam Airlines,VN533,2,11L,Landed,VN-A622,A21N,passenger
2026-02-21,18:03,01:46,Bangkok,BKK,Vietnam Airlines,VN614,2,11L,Landed,VN-A609,A321,passenger
2026-02-21,18:02,03:44,Shanghai,PVG,China Eastern Airlines,MU6013,2,11L,Landed,B-32LT,A21N,passenger
2026-02-21,17:58,01:49,Nha Trang,CXR,Bamboo Airways,QH1416,1,11L,Landed,VN-A597,A321,passenger
2026-02-21,17:53,04:29,Busan,PUS,VietJet Air,VJ957,2,11L,Landed,VN-A658,A320,passenger
2026-02-21,17:50,01:51,Ho Chi Minh City,SGN,VietJet Air,VJ194,1,11L,Landed,VN-A548,A21N,passenger
2026-02-21,17:48,03:52,Jakarta,CGK,VietJet Air,VJ928,2,11L,Landed,VN-A699,A320,passenger
2026-02-21,17:45,02:42,Kaohsiung,KHH,VietJet Air,VJ947,2,11L,Landed,VN-A575,A21N,passenger
2026-02-21,17:42,01:52,Phu Quoc,PQC,N/A,VN6400,1,11L,Landed,VN-A363,A321,passenger
2026-02-21,17:41,01:41,Phu Quoc,PQC,Hai Au Aviation,HAI799,1,11L,Landed,VN-A799,GA7C,business jet
2026-02-21,17:33,01:50,Ho Chi Minh City,SGN,Transavia,VJ134,1,N/A,Landed,LY-MLI,A320,passenger
2026-02-21,17:30,03:13,Singapore,SIN,Singapore Airlines,SQ194,2,11L,Landed,9V-MBF,B38M,passenger
2026-02-21,17:27,00:48,Luang Prabang,LPQ,AirAsia,FD1038,2,11L,Landed,HS-ABJ,A320,passenger
2026-02-21,17:25,01:46,Guangzhou,CAN,Vietnam Airlines,VN507,2,11L,Landed,VN-A399,A321,passenger
2026-02-21,17:22,03:08,Taipei,TPE,STARLUX,JX717,2,11L,Landed,B-58204,A21N,passenger
2026-02-21,17:19,01:30,Bangkok,BKK,VietJet Air,VJ902,2,11L,Landed,VN-A630,A321,passenger
2026-02-21,17:16,01:48,Ho Chi Minh City,SGN,Vietnam Airlines,VN7292,1,N/A,Landed,VN-A879,B78X,passenger
2026-02-21,17:13,01:52,Ho Chi Minh City,SGN,VietJet Air,VJ144,1,N/A,Landed,VN-A697,A21N,passenger
2026-02-21,17:11,01:39,Da Lat,DLI,Bamboo Airways,QH1424,1,11L,Landed,VN-A596,A20N,passenger
2026-02-21,17:07,01:43,Ho Chi Minh City,SGN,Vietnam Airlines,VN250,1,11L,Landed,VN-A874,B78X,passenger
2026-02-21,17:02,01:46,Ho Chi Minh City,SGN,Vietnam Airlines,VN7230,1,11L,Landed,VN-A886,A359,passenger
2026-02-21,16:59,01:06,Da Nang,DAD,VietJet Air,VJ514,1,11L,Landed,VN-A542,A321,passenger
2026-02-21,16:56,02:54,Singapore,SIN,VietJet Air,VJ916,2,11L,Landed,VN-A537,A21N,passenger
2026-02-21,16:54,02:56,Taipei,TPE,EVA Air,BR385,2,29R,Landed,B-16220,A321,passenger
2026-02-21,16:50,01:33,Nha Trang,CXR,VietJet Air,VJ784,1,11L,Landed,VN-A645,A321,passenger
2026-02-21,16:43,02:38,Kuala Lumpur,KUL,China Airlines,CI5866,0,11L,Landed,B-18721,B744,cargo
2026-02-21,16:40,02:18,Kolkata,CCU,IndiGo,6E1631,2,N/A,Landed,VT-IFL,A320,passenger
2026-02-21,16:37,01:08,Da Nang,DAD,Vietnam Airlines,VN172,1,11L,Landed,VN-A335,A321,passenger
2026-02-21,16:34,03:21,Shanghai,PVG,Air China,CA755,2,11L,Landed,B-8492,A321,passenger
2026-02-21,16:31,01:04,Da Nang,DAD,Vietnam Airlines,VN7164,1,11L,Landed,VN-A619,A21N,passenger
2026-02-21,16:28,03:02,Taipei,TPE,China Airlines,CI793,2,11L,Landed,B-18112,A21N,passenger
2026-02-21,16:24,01:59,Can Tho,VCA,Vietnam Airlines,VN1202,1,11L,Landed,VN-A603,A321,passenger
2026-02-21,16:23,01:43,Nha Trang,CXR,Vietnam Airlines,VN7568,1,11L,Landed,VN-A357,A321,passenger
2026-02-21,16:19,01:32,Tuy Hoa,TBB,Vietnam Airlines,VN1650,1,N/A,Landed,VN-A332,A321,passenger
2026-02-21,16:17,06:15,Khabarovsk,KHV,VietJet Air,VJ7707,2,11L,Landed,VN-A550,A21N,passenger
2026-02-21,16:13,01:49,Ho Chi Minh City,SGN,VietJet Air,VJ198,1,N/A,Landed,VN-A644,A321,passenger
2026-02-21,16:10,01:54,Ho Chi Minh City,SGN,Vietravel Airlines,VU770,1,11L,Landed,VN-A129,A321,passenger
2026-02-21,16:08,01:47,Ho Chi Minh City,SGN,Vietnam Airlines,VN248,1,11L,Landed,VN-A899,A359,passenger
2026-02-21,16:05,01:57,Hong Kong,HKG,Vietnam Airlines,VN593,2,11L,Landed,VN-A325,A321,passenger
2026-02-21,16:02,01:00,Vientiane,VTE,Lao Airlines,QV311,2,29R,Landed,RDPL-34199,A320,passenger
2026-02-21,15:59,02:03,Con Dao,VCS,VietJet Air,VJ108,1,11L,Landed,B-656E,AJ27,passenger
2026-02-21,15:56,04:31,Hiroshima,HIJ,VietJet Air,VJ953,2,11L,Landed,VN-A656,A320,passenger
2026-02-21,15:53,01:50,Ho Chi Minh City,SGN,Vietnam Airlines,VN7040,1,N/A,Landed,VN-A336,A321,passenger
2026-02-21,15:49,01:55,Can Tho,VCA,VietJet Air,VJ462,1,11L,Landed,VN-A663,A320,passenger
2026-02-21,15:47,02:45,Singapore,SIN,Vietnam Airlines,VN660,2,11L,Landed,VN-A889,A359,passenger
2026-02-21,15:44,01:45,Ho Chi Minh City,SGN,BBN Airlines Indonesia,QH242,1,11L,Landed,PK-BBK,B739,passenger
2026-02-21,15:40,01:34,Nha Trang,CXR,Vietnam Airlines,VN1552,1,11L,Landed,VN-A353,A321,passenger
2026-02-21,15:38,01:40,Phu Quoc,PQC,Sun PhuQuoc Airways,9G1208,1,11L,Landed,VN-A286,A21N,passenger
2026-02-21,15:34,01:48,Can Tho,VCA,VietJet Air,VJ460,1,11L,Landed,VN-A642,A321,passenger
2026-02-21,15:32,01:34,Shenzhen,SZX,China Southern Airlines,CZ8469,2,11L,Landed,B-6687,A321,passenger
2026-02-21,15:25,00:58,Da Nang,DAD,Vietnam Airlines,VN170,1,11L,Landed,VN-A601,A321,passenger
2026-02-21,15:22,01:31,Da Lat,DLI,VietJet Air,VJ408,1,11L,Landed,VN-A689,A320,passenger
2026-02-21,15:14,01:19,Qui Nhon,UIH,Vietnam Airlines,VN1622,1,11L,Landed,VN-A513,A20N,passenger
2026-02-21,15:06,05:53,Doha,DOH,Turkish Airlines,TK6360,0,29R,Landed,TC-LJT,B77L,cargo
2026-02-21,15:03,01:07,Chiang Mai,CNX,AirAsia,FD870,2,11L,Landed,HS-BBX,A20N,passenger
2026-02-21,15:00,01:53,Ho Chi Minh City,SGN,Vietnam Airlines,VN7200,1,11L,Landed,VN-A505,A21N,passenger
2026-02-21,14:54,01:43,Da Lat,DLI,VietJet Air,VJ404,1,11L,Landed,VN-A635,A321,passenger
2026-02-21,14:50,01:09,Da Nang,DAD,VietJet Air,VJ508,1,N/A,Landed,VN-A535,A321,passenger
2026-02-21,14:47,02:53,Kuala Lumpur,KUL,AirAsia,AK512,2,11L,Landed,9M-AGY,A320,passenger
2026-02-21,14:45,01:47,Shenzhen,SZX,Shenzhen Airlines,ZH103,2,29R,Landed,B-6286,A320,passenger
2026-02-21,14:41,01:04,Da Nang,DAD,Vietnam Airlines,VN166,1,11L,Landed,VN-A331,A321,passenger
2026-02-21,14:38,01:05,Da Nang,DAD,Vietnam Airlines,VN168,1,11L,Landed,VN-A503,A21N,passenger
2026-02-21,14:36,01:46,Ho Chi Minh City,SGN,Vietnam Airlines,VN7046,1,11L,Landed,VN-A396,A321,passenger
2026-02-21,14:32,02:57,Taipei,TPE,VietJet Air,VJ941,2,11L,Landed,VN-A633,A321,passenger
2026-02-21,14:29,01:46,Ho Chi Minh City,SGN,Vietnam Airlines,VN212,1,11L,Landed,VN-A870,B789,passenger
2026-02-21,14:26,02:26,Xiamen,XMN,Xiamen Air,MF869,2,29R,Landed,B-5533,B738,passenger
2026-02-21,14:20,01:49,Ho Chi Minh City,SGN,VietJet Air,VJ128,1,11L,Landed,VN-A816,A333,passenger
2026-02-21,14:18,01:36,Guangzhou,CAN,China Southern Airlines,CZ8315,2,11L,Landed,B-9929,A320,passenger
2026-02-21,14:15,02:40,Kuala Lumpur,KUL,VietJet Air,VJ906,2,N/A,Landed,VN-A648,A321,passenger
2026-02-21,14:11,02:00,Con Dao,VCS,VietJet Air,VJ106,1,11L,Landed,B-652G,AJ27,passenger
2026-02-21,14:07,01:20,Bangkok,BKK,Vietnam Airlines,VN610,2,11L,Landed,VN-A329,A321,passenger
2026-02-21,13:49,01:41,Phu Quoc,PQC,VietJet Air,VJ450,1,29R,Landed,VN-A811,A333,passenger
2026-02-21,13:38,03:17,Shanghai,PVG,China Eastern Airlines,MU6011,2,11L,Landed,B-1640,A321,passenger
2026-02-21,13:34,05:36,Tokyo,NRT,VietJet Air,VJ933,2,11L,Landed,VN-A543,A21N,passenger
2026-02-21,13:28,02:33,Kaohsiung,KHH,Vietnam Airlines,VN583,2,11L,Landed,VN-A334,A321,passenger
2026-02-21,13:26,01:39,Ho Chi Minh City,SGN,Vietnam Airlines,VN246,1,N/A,Landed,VN-A871,B789,passenger
2026-02-21,13:22,00:56,Hue,HUI,VietJet Air,VJ566,1,N/A,Landed,VN-A539,A21N,passenger
2026-02-21,13:19,01:47,Phu Quoc,PQC,Sun PhuQuoc Airways,9G1204,1,11L,Landed,VN-A284,A21N,passenger
2026-02-21,13:12,01:44,Ho Chi Minh City,SGN,Vietnam Airlines,VN210,1,11L,Landed,VN-A867,B789,passenger
2026-02-21,13:09,05:29,Tokyo,NRT,Vietnam Airlines,VN311,2,N/A,Landed,VN-A877,B78X,passenger
2026-02-21,13:03,01:48,Phu Quoc,PQC,Sun PhuQuoc Airways,9G1202,1,11L,Landed,VN-A281,A21N,passenger
2026-02-21,13:00,04:46,Osaka,KIX,Vietnam Airlines,VN335,2,11L,Landed,VN-A898,A359,passenger
2026-02-21,12:55,04:18,Busan,PUS,Vietnam Airlines,VN429,2,11L,Landed,VN-A873,B78X,passenger
2026-02-21,12:53,05:12,Osaka,KIX,VietJet Air,VJ939,2,29R,Landed,VN-A528,A21N,passenger
2026-02-21,12:50,05:46,Dubai,DXB,Emirates,EK394,2,11L,Landed,A6-ENW,B77W,passenger
2026-02-21,12:47,05:03,Nagoya,NGO,Vietnam Airlines,VN349,2,11L,Landed,VN-A888,A359,passenger
2026-02-21,12:42,04:29,Fukuoka,FUK,Vietnam Airlines,VN357,2,11L,Landed,VN-A623,A21N,passenger
2026-02-21,12:40,02:58,Manila,MNL,Philippine Airlines,PR593,2,11L,Landed,RP-C8763,A333,passenger
2026-02-21,12:34,01:55,Phu Quoc,PQC,VietJet Air,VJ440,1,11L,Landed,VN-A675,A320,passenger
2026-02-21,12:31,04:55,Nagoya,NGO,VietJet Air,VJ921,2,11L,Landed,VN-A516,A21N,passenger
2026-02-21,12:28,01:54,Guangzhou,CAN,Shenzhen Airlines,ZH121,2,11L,Landed,B-1479,B738,passenger
2026-02-21,12:25,02:53,Kuala Lumpur,KUL,Batik Air,OD571,2,11L,Landed,9M-LRS,B38M,passenger
2026-02-21,12:20,06:12,Doha,DOH,Qatar Airways,QR976,2,11L,Landed,A7-AOG,A35K,passenger
2026-02-21,12:17,03:05,Kuala Lumpur,KUL,Malaysia Airlines,MH752,2,11L,Landed,9M-MXQ,B738,passenger
2026-02-21,12:11,01:50,Bangkok,DMK,AirAsia,FD640,2,11L,Landed,HS-BBM,A320,passenger
2026-02-21,12:07,04:36,Seoul,ICN,Asiana Airlines,OZ729,2,11L,Landed,HL8078,A359,passenger
2026-02-21,12:01,01:39,Da Lat,DLI,Vietnam Airlines,VN1572,1,11L,Landed,VN-A515,A20N,passenger
2026-02-21,11:58,01:37,Nha Trang,CXR,VietJet Air,VJ770,1,11L,Landed,VN-A578,A21N,passenger
2026-02-21,11:55,01:48,Ho Chi Minh City,SGN,VietJet Air,VJ132,1,11L,Landed,VN-A552,A21N,passenger
2026-02-21,11:52,02:54,Taipei,TPE,EVA Air,BR397,2,29R,Landed,B-16727,B77W,passenger
2026-02-21,11:49,01:02,Da Nang,DAD,N/A,VN6080,1,11L,Landed,VN-A363,A321,passenger
2026-02-21,11:44,01:00,Da Nang,DAD,VietJet Air,VJ1508,1,11L,Landed,VN-A639,A321,passenger
2026-02-21,11:40,01:49,Can Tho,VCA,Vietnam Airlines,VN1200,1,11L,Landed,VN-A335,A321,passenger
2026-02-21,11:35,01:29,Buon Ma Thuot,BMV,Vietnam Airlines,VN1602,1,11L,Landed,VN-A609,A321,passenger
2026-02-21,11:31,04:25,Fukuoka,FUK,VietJet Air,VJ959,2,N/A,Landed,VN-A542,A321,passenger
2026-02-21,11:29,03:29,Beijing,PEK,Air China,CA741,2,11L,Landed,B-327U,A21N,passenger
2026-02-21,11:22,01:03,Da Nang,DAD,Vietnam Airlines,VN164,1,11L,Landed,VN-A601,A321,passenger
2026-02-21,11:19,01:15,Pleiku,PXU,Vietnam Airlines,VN1614,1,11L,Landed,VN-A332,A321,passenger
2026-02-21,11:08,01:40,Ho Chi Minh City,SGN,VietJet Air,VJ136,1,11L,Landed,VN-A697,A21N,passenger
2026-02-21,10:59,01:43,Phu Quoc,PQC,VietJet Air,VJ442,1,11L,Landed,VN-A575,A21N,passenger
2026-02-21,10:56,03:06,Shanghai,PVG,Air China,CA703,2,11L,Landed,B-8585,A321,passenger
2026-02-21,10:47,00:56,Da Nang,DAD,Bamboo Airways,QH104,1,11L,Landed,VN-A596,A20N,passenger
2026-02-21,10:38,01:16,Qui Nhon,UIH,VietJet Air,VJ430,1,11L,Landed,VN-A689,A320,passenger
2026-02-21,10:35,04:14,Busan,PUS,VietJet Air,VJ981,2,11L,Landed,VN-A630,A321,passenger
2026-02-21,10:25,00:37,Vinh,VII,Vietnam Airlines,VN1716,1,11L,Landed,VN-A353,A321,passenger
2026-02-21,10:23,01:37,Guangzhou,CAN,China Southern Airlines,CZ3049,2,11L,Landed,B-6680,A320,passenger
2026-02-21,10:19,01:47,Ho Chi Minh City,SGN,Vietnam Airlines,VN7006,1,11L,Landed,VN-A503,A21N,passenger
2026-02-21,10:14,00:35,Vinh,VII,Vietnam Airlines,VN7716,1,11L,Landed,VN-A325,A321,passenger
2026-02-21,10:10,01:42,Ho Chi Minh City,SGN,VietJet Air,VJ1122,1,11L,Landed,VN-A535,A321,passenger
2026-02-21,10:10,02:30,Kaohsiung,KHH,Vietnam Airlines,VN587,2,11L,Landed,VN-A603,A321,passenger
2026-02-21,10:04,01:38,Ho Chi Minh City,SGN,Vietnam Airlines,VN208,1,11L,Landed,VN-A899,A359,passenger
2026-02-21,10:00,02:48,Taipei,TPE,Vietnam Airlines,VN579,2,11L,Landed,VN-A331,A321,passenger
2026-02-21,09:56,01:03,Da Nang,DAD,Vietravel Airlines,VU638,1,11L,Landed,VN-A129,A321,passenger
2026-02-21,09:53,01:33,Da Lat,DLI,VietJet Air,VJ402,1,29R,Landed,VN-A635,A321,passenger
2026-02-21,09:49,01:24,Buon Ma Thuot,BMV,VietJet Air,VJ492,1,N/A,Landed,VN-A642,A321,passenger
2026-02-21,09:46,01:33,Phnom Penh,KTI,Air Cambodia,K6854,2,11L,Landed,XU-356,A320,passenger
2026-02-21,09:38,01:40,Ho Chi Minh City,SGN,Sun PhuQuoc Airways,9G808,1,11L,Landed,VN-A286,A21N,passenger
2026-02-21,09:28,01:33,Nha Trang,CXR,Bluesky Airways,BSF999,1,11L,Landed,VN-A999,FA8X,business jet
2026-02-21,09:24,01:43,Ho Chi Minh City,SGN,BBN Airlines Indonesia,QH204,1,11L,Landed,PK-BBK,B739,passenger
2026-02-21,09:20,01:23,Bangkok,BKK,Thai Airways,TG560,2,11L,Landed,HS-TXB,A320,passenger
2026-02-21,09:16,01:43,Ho Chi Minh City,SGN,Vietravel Airlines,VU774,1,11L,Landed,VN-A289,A321,passenger
2026-02-21,09:07,00:57,Da Nang,DAD,Vietnam Airlines,VN158,1,11L,Landed,VN-A622,A21N,passenger
2026-02-21,08:58,00:58,Hue,HUI,Vietnam Airlines,VN1540,1,11L,Landed,VN-A324,A321,passenger
2026-02-21,08:55,04:19,Seoul,ICN,VietJet Air,VJ963,2,11L,Landed,VN-A539,A21N,passenger
2026-02-21,08:52,01:38,Ho Chi Minh City,SGN,VietJet Air,VJ1120,1,11L,Landed,VN-A525,A21N,passenger
2026-02-21,08:40,01:43,Hong Kong,HKG,HK express,UO540,2,11L,Landed,B-KKI,A21N,passenger
2026-02-21,08:31,02:57,Singapore,SIN,Scoot,TR300,2,11L,Landed,9V-OJC,B789,passenger
2026-02-21,08:28,01:28,Bangkok,BKK,K-Mile Air,8K525,0,11L,Landed,HS-KMD,B738,cargo
2026-02-21,08:11,01:41,Ho Chi Minh City,SGN,VietJet Air,VJ126,1,11L,Landed,VN-A537,A21N,passenger
2026-02-21,08:08,02:46,Kuala Lumpur,KUL,AirAsia,AK516,2,11L,Landed,9M-RAH,A20N,passenger
2026-02-21,08:05,01:01,Da Nang,DAD,Vietnam Airlines,VN156,1,11L,Landed,VN-A604,A321,passenger
2026-02-21,07:54,01:42,Ho Chi Minh City,SGN,Vietnam Airlines,VN206,1,11L,Landed,VN-A329,A321,passenger
2026-02-21,07:45,01:43,Ho Chi Minh City,SGN,VietJet Air,VJ124,1,11L,Landed,VN-A812,A333,passenger
2026-02-21,07:43,01:53,Ho Chi Minh City,SGN,Vietravel Airlines,VU750,1,11L,Landed,VN-A136,A320,passenger
2026-02-21,07:36,02:58,Manila,MNL,Cebu Pacific,5J744,2,11L,Landed,RP-C4114,A321,passenger
2026-02-21,07:31,10:17,Paris,CDG,Vietnam Airlines,VN18,2,N/A,Landed,VN-A894,A359,passenger
2026-02-21,07:28,01:00,Da Nang,DAD,VietJet Air,VJ524,1,11L,Landed,VN-A699,A320,passenger
2026-02-21,07:25,01:39,Ho Chi Minh City,SGN,N/A,VJ120,1,11L,Landed,VN-A524,A21N,passenger
2026-02-21,06:59,01:40,Ho Chi Minh City,SGN,VietJet Air,VJ122,1,11L,Landed,VN-A549,A21N,passenger
2026-02-21,06:44,01:39,Ho Chi Minh City,SGN,N/A,VN6002,1,11L,Landed,VN-A363,A321,passenger
2026-02-21,06:41,01:39,Ho Chi Minh City,SGN,Vietnam Airlines,VN7012,1,11L,Landed,VN-A865,B789,passenger
2026-02-21,06:37,05:49,Doha,DOH,Qatar Airways,QR982,2,11L,Landed,A7-BHS,B789,passenger
2026-02-21,06:35,01:40,Ho Chi Minh City,SGN,Vietnam Airlines,VN7214,1,11L,Landed,VN-A332,A321,passenger
2026-02-21,06:04,09:55,Frankfurt,FRA,Vietnam Airlines,VN36,2,11L,Landed,VN-A871,B789,passenger
2026-02-21,06:01,01:40,Ho Chi Minh City,SGN,Bamboo Airways,QH294,1,11L,Landed,VN-A585,A321,passenger
2026-02-21,05:53,05:42,Abu Dhabi,AUH,Etihad Airways,EY432,2,11L,Landed,A6-BNB,B789,passenger
2026-02-21,05:50,03:52,Jakarta,CGK,Vietnam Airlines,VN634,2,11L,Landed,VN-A601,A321,passenger
2026-02-21,05:49,03:55,Mumbai,BOM,VietJet Air,VJ910,2,11L,Landed,VN-A653,A21N,passenger
2026-02-21,05:22,03:53,Ahmedabad,AMD,VietJet Air,VJ1926,2,11L,Landed,VN-A658,A320,passenger
2026-02-21,05:04,03:08,Shanghai,PVG,VietJet Air,VJ7239,2,11L,Landed,VN-A633,A321,passenger
2026-02-21,04:55,01:41,Ho Chi Minh City,SGN,VietJet Air,VJ1124,1,11L,Landed,VN-A642,A321,passenger
2026-02-21,04:50,01:40,Guangzhou,CAN,VietJet Air,VJ7527,2,11L,Landed,VN-A635,A321,passenger
2026-02-21,04:48,01:42,Ho Chi Minh City,SGN,Sun PhuQuoc Airways,9G8902,1,11L,Landed,VN-A281,A21N,passenger
2026-02-21,04:40,03:20,Delhi,DEL,Vietnam Airlines,VN980,2,N/A,Landed,VN-A889,A359,passenger
2026-02-21,04:34,10:20,London,LHR,Vietnam Airlines,VN56,2,29R,Landed,VN-A870,B789,passenger
2026-02-21,04:10,01:41,Ho Chi Minh City,SGN,VietJet Air,VJ246,1,11L,Landed,VN-A649,A321,passenger
2026-02-21,04:02,01:42,Ho Chi Minh City,SGN,VietJet Air,VJ182,1,11L,Landed,VN-A575,A21N,passenger
2026-02-21,03:59,03:26,Beijing,PKX,VietJet Air,VJ7713,2,11L,Landed,VN-A656,A320,passenger
2026-02-21,03:56,01:27,Tuy Hoa,TBB,Bamboo Airways,QH9261,1,11L,Landed,VN-A596,A20N,passenger
2026-02-21,03:51,09:54,Milan,MXP,Vietnam Airlines,VN72,2,N/A,Landed,VN-A893,A359,passenger
2026-02-21,03:47,04:31,Seoul,ICN,Air Zeta,KJ387,0,11L,Landed,HL7507,B763,cargo
2026-02-21,03:41,01:43,Ho Chi Minh City,SGN,Vietravel Airlines,VU702,1,11L,Landed,VN-A129,A321,passenger
2026-02-21,03:37,01:41,Ho Chi Minh City,SGN,Vietnam Airlines,VN9102,1,11L,Landed,VN-A353,A321,passenger
2026-02-21,03:29,02:13,Ho Chi Minh City,SGN,Viva,VN9140,1,11L,Landed,9H-MLX,A320,passenger
2026-02-21,02:56,03:17,Shanghai,PVG,China Eastern Airlines,MU7235,2,11L,Landed,B-32KT,A21N,passenger
2026-02-21,02:47,04:14,Seoul,ICN,Korean Air,KE373,0,11L,Landed,HL7603,B744,cargo
2026-02-21,02:29,02:22,Xi'an,XIY,VietJet Air,VJ7343,2,11L,Landed,VN-A536,A21N,passenger
2026-02-21,02:11,01:30,Nha Trang,CXR,VietJet Air,VJ1602,1,29R,Landed,VN-A550,A21N,passenger
2026-02-21,01:59,02:43,Manila,MNL,Philippine Airlines,PR595,2,11L,Landed,RP-C9909,A321,passenger
2026-02-21,01:46,01:41,Ho Chi Minh City,SGN,VietJet Air,VJ178,1,11L,Landed,VN-A644,A321,passenger
2026-02-21,01:42,03:21,Shanghai,PVG,China Eastern Airlines,MU5075,2,11L,Landed,B-5858,B738,passenger
2026-02-21,01:37,02:59,Manila,MNL,Cebu Pacific,5J746,2,11L,Landed,RP-C4146,A21N,passenger
2026-02-21,01:34,01:41,Ho Chi Minh City,SGN,Sun PhuQuoc Airways,9G886,1,11L,Landed,VN-A280,A321,passenger
2026-02-21,01:10,01:38,Ho Chi Minh City,SGN,Vietnam Airlines,VN270,1,11L,Landed,VN-A335,A321,passenger
2026-02-21,01:05,01:41,Ho Chi Minh City,SGN,Vietnam Airlines,VN7010,1,11L,Landed,VN-A865,B789,passenger
2026-02-21,01:02,03:39,Qingdao,TAO,Shandong Airlines,SC4649,2,11L,Landed,B-1746,B738,passenger
2026-02-21,00:54,02:52,Hangzhou,HGH,Air China,CA707,2,11L,Landed,B-6733,A320,passenger
2026-02-21,00:51,01:41,Ho Chi Minh City,SGN,VietJet Air,VJ174,1,N/A,Landed,VN-A578,A21N,passenger
2026-02-21,00:48,03:19,Jinan,TNA,Shandong Airlines,SC8071,2,11L,Landed,B-1358,B738,passenger
2026-02-21,00:36,01:04,Da Nang,DAD,VietJet Air,VJ520,1,11L,Landed,VN-A661,A321,passenger
2026-02-21,00:33,01:44,Ho Chi Minh City,SGN,VietJet Air,VJ180,1,11L,Landed,VN-A812,A333,passenger
2026-02-21,00:27,03:11,Shanghai,PVG,Juneyao Air,HO1329,2,11L,Landed,B-8407,A321,passenger
2026-02-21,00:09,01:39,Ho Chi Minh City,SGN,Sun PhuQuoc Airways,9G882,1,11L,Landed,VN-A286,A21N,passenger
2026-02-21,00:02,04:15,Seoul,ICN,Jeju Air,7C2201,2,11L,Landed,HL8524,B38M,passenger
2026-02-22,23:47,02:54,Taipei,TPE,VietJet Air,VJ7387,2,N/A,Landed,VN-A640,A321,passenger
2026-02-22,23:45,01:43,Ho Chi Minh City,SGN,Vietnam Airlines,VN260,1,11L,Landed,VN-A886,A359,passenger
2026-02-22,23:40,04:40,Irkutsk,IKT,IrAero,IO893,2,11L,Landed,RA-89076,SU95,passenger
2026-02-22,23:38,01:44,Ho Chi Minh City,SGN,VietJet Air,VJ160,1,29R,Landed,VN-A668,A320,passenger
2026-02-22,23:22,01:26,Buon Ma Thuot,BMV,VietJet Air,VJ494,1,11L,Landed,VN-A677,A321,passenger
2026-02-22,23:18,04:30,Seoul,ICN,T'way Air,TW61,2,11L,Landed,HL8354,B738,passenger
2026-02-22,23:14,01:36,Ho Chi Minh City,SGN,Vietnam Airlines,VN7212,1,11L,Landed,VN-A873,B78X,passenger
2026-02-22,23:10,00:57,Hue,HUI,VietJet Air,VJ568,1,11L,Landed,VN-A675,A320,passenger
2026-02-22,23:06,01:38,Ho Chi Minh City,SGN,Vietnam Airlines,VN220,1,11L,Landed,VN-A861,B789,passenger
2026-02-22,23:00,04:17,Busan,PUS,Air Busan,BX7395,2,11L,Landed,HL8396,A21N,passenger
2026-02-22,22:54,01:45,Ho Chi Minh City,SGN,VietJet Air,VJ190,1,N/A,Landed,VN-A656,A320,passenger
2026-02-22,22:52,01:50,Phu Quoc,PQC,Sun PhuQuoc Airways,9G1240,1,11L,Landed,VN-A281,A21N,passenger
2026-02-22,22:45,01:45,Ho Chi Minh City,SGN,VietJet Air,VJ166,1,11L,Landed,VN-A634,A321,passenger
2026-02-22,22:36,01:26,Buon Ma Thuot,BMV,VietJet Air,VJ1492,1,11L,Landed,VN-A636,A321,passenger
2026-02-22,22:34,01:37,Macau,MFM,Air Macau,NX984,2,11L,Landed,B-MBR,A21N,passenger
2026-02-22,22:31,01:45,Ho Chi Minh City,SGN,BBN Airlines Indonesia,QH268,1,11L,Landed,PK-BBK,B739,passenger
2026-02-22,22:27,05:55,Tokyo,NRT,Japan Airlines,JL751,2,11L,Landed,JA619J,B763,passenger
2026-02-22,22:24,01:52,Hong Kong,HKG,HK express,UO542,2,11L,Landed,B-KKF,A21N,passenger
2026-02-22,22:20,05:40,Tokyo,NRT,All Nippon Airways,NH897,2,11L,Landed,JA836A,B789,passenger
2026-02-22,22:16,01:32,Bangkok,BKK,Vietnam Airlines,VN618,2,11L,Landed,VN-A326,A321,passenger
2026-02-22,22:14,01:46,Ho Chi Minh City,SGN,Sun PhuQuoc Airways,9G878,1,11L,Landed,VN-A286,A21N,passenger
2026-02-22,22:11,00:41,Dien Bien Phu,DIN,Vietnam Airlines,VN1807,1,11L,Landed,VN-A396,A321,passenger
2026-02-22,22:08,01:36,Phnom Penh,KTI,Vietnam Airlines,VN922,2,11L,Landed,VN-A608,A321,passenger
2026-02-22,22:05,01:43,Ho Chi Minh City,SGN,Vietnam Airlines,VN7244,1,11L,Landed,VN-A863,B789,passenger
2026-02-22,22:01,01:46,Chengdu,TFU,Sichuan Airlines,3U3905,2,11L,Landed,B-6719,A320,passenger
2026-02-22,21:55,00:58,Da Nang,DAD,N/A,VN6070,1,11L,Landed,VN-A363,A321,passenger
2026-02-22,21:51,01:31,Macau,MFM,Air Macau,NX982,2,11L,Landed,B-MBC,A320,passenger
2026-02-22,21:49,01:44,Ho Chi Minh City,SGN,VietJet Air,VJ196,1,11L,Landed,VN-A816,A333,passenger
2026-02-22,21:45,01:53,Can Tho,VCA,Vietnam Airlines,VN1206,1,11L,Landed,VN-A614,A321,passenger
2026-02-22,21:42,01:46,Ho Chi Minh City,SGN,Vietnam Airlines,VN262,1,11L,Landed,VN-A893,A359,passenger
2026-02-22,21:40,02:54,Taipei,TPE,VietJet Air,VJ943,2,11L,Landed,VN-A549,A21N,passenger
2026-02-22,21:36,02:00,Ho Chi Minh City,SGN,Sun PhuQuoc Airways,9G868,1,11L,Landed,VN-A280,A321,passenger
2026-02-22,21:33,04:26,Seoul,ICN,Korean Air,KE447,2,11L,Landed,HL8538,B78X,passenger
2026-02-22,21:29,01:14,Da Nang,DAD,Vietravel Airlines,VU658,1,11L,Landed,VN-A129,A321,passenger
2026-02-22,21:27,01:14,Da Nang,DAD,VietJet Air,VJ512,1,11L,Landed,VN-A649,A321,passenger
2026-02-22,21:22,01:52,Ho Chi Minh City,SGN,Vietnam Airlines,VN258,1,11L,Landed,VN-A874,B78X,passenger
2026-02-22,21:18,05:49,Tokyo,NRT,VietJet Air,VJ935,2,11L,Landed,VN-A653,A21N,passenger
2026-02-22,21:14,01:24,Pleiku,PXU,VietJet Air,VJ424,1,11L,Landed,VN-A633,A321,passenger
2026-02-22,21:11,04:37,Denpasar,DPS,VietJet Air,VJ998,2,29R,Landed,VN-A528,A21N,passenger
2026-02-22,21:08,00:40,Vinh,VII,Vietnam Airlines,VN1718,1,11L,Landed,VN-A390,A321,passenger
2026-02-22,21:06,01:47,Ho Chi Minh City,SGN,Bamboo Airways,QH262,1,11L,Landed,VN-A227,A321,passenger
2026-02-22,21:03,01:05,Da Nang,DAD,Vietnam Airlines,VN188,1,11L,Landed,VN-A515,A20N,passenger
2026-02-22,21:00,01:05,Da Nang,DAD,Vietnam Airlines,VN7190,1,11L,Landed,VN-A503,A21N,passenger
2026-02-22,20:57,01:21,Qui Nhon,UIH,Vietnam Airlines,VN7620,1,11L,Landed,VN-A623,A21N,passenger
2026-02-22,20:54,01:06,Da Nang,DAD,VietJet Air,VJ516,1,11L,Landed,VN-A637,A321,passenger
2026-02-22,20:51,01:35,Siem Reap,SAI,VietJet Air,VJ914,2,11L,Landed,VN-A578,A21N,passenger
2026-02-22,20:48,01:37,Bangkok,BKK,VietJet Air,VJ904,2,11L,Landed,VN-A525,A21N,passenger
2026-02-22,20:34,00:56,Hue,HUI,Vietnam Airlines,VN1544,1,11L,Landed,VN-A329,A321,passenger
2026-02-22,20:31,04:09,Seoul,ICN,Vietnam Airlines,VN415,2,11L,Landed,VN-A898,A359,passenger
2026-02-22,20:24,01:31,Shenzhen,SZX,China Southern Airlines,CZ8083,2,11L,Landed,B-6661,A321,passenger
2026-02-22,20:10,01:26,Bangkok,DMK,AirAsia,FD644,2,11L,Landed,HS-EAG,A21N,passenger
2026-02-22,20:07,01:19,Qui Nhon,UIH,Bamboo Airways,QH1214,1,11L,Landed,VN-A596,A20N,passenger
2026-02-22,20:04,02:41,Taichung,RMQ,VietJet Air,VJ949,2,11L,Landed,VN-A647,A321,passenger
2026-02-22,20:01,01:39,Yangon,RGN,Myanmar Airways International,8M450,2,11L,Landed,XY-ALP,E190,passenger
2026-02-22,19:57,05:13,Tokyo,HND,Vietnam Airlines,VN385,2,29R,Landed,VN-A862,B789,passenger
2026-02-22,19:53,01:54,Changsha,CSX,China Southern Airlines,CZ8359,2,11L,Landed,B-32FY,A20N,passenger
2026-02-22,19:49,01:06,Da Nang,DAD,Vietnam Airlines,VN180,1,11L,Landed,VN-A513,A20N,passenger
2026-02-22,19:47,01:41,Chongqing,CKG,West Air,PN6423,2,11L,Landed,B-32JM,A19N,passenger
2026-02-22,19:43,01:25,Siem Reap,SAI,Vietnam Airlines,VN836,2,11L,Landed,VN-A505,A21N,passenger
2026-02-22,19:35,00:57,Da Nang,DAD,VietJet Air,VJ514,1,11L,Landed,VN-A698,A321,passenger
2026-02-22,19:26,01:39,Ho Chi Minh City,SGN,Vietnam Airlines,VN7290,1,11L,Landed,VN-A888,A359,passenger
2026-02-22,19:17,01:51,Ho Chi Minh City,SGN,VietJet Air,VJ152,1,11L,Landed,VN-A674,A21N,passenger
2026-02-22,19:13,03:37,Beijing,PEK,Vietnam Airlines,VN513,2,11L,Landed,VN-A621,A21N,passenger
2026-02-22,19:07,01:58,Phu Quoc,PQC,Vietnam Airlines,VN7236,1,29R,Landed,VN-A397,A321,passenger
2026-02-22,19:07,01:09,Da Nang,DAD,Vietnam Airlines,VN174,1,11L,Landed,VN-A616,A21N,passenger
2026-02-22,19:03,01:52,Phu Quoc,PQC,Sun PhuQuoc Airways,9G1216,1,11L,Landed,VN-A284,A21N,passenger
2026-02-22,19:01,01:26,Bangkok,BKK,VietJet Air,VJ902,2,11L,Landed,VN-A673,A321,passenger
2026-02-22,18:54,01:41,Ho Chi Minh City,SGN,Vietnam Airlines,VN254,1,11L,Landed,VN-A872,B78X,passenger
2026-02-22,18:48,01:53,Hong Kong,HKG,Hong Kong Airlines,HX528,2,29R,Landed,B-LPO,A320,passenger
2026-02-22,18:44,03:31,Chennai,MAA,N/A,O9707,0,N/A,Landed,VT-AFN,B738,cargo
2026-02-22,18:42,02:56,Singapore,SIN,China Airlines,CI6876,0,11L,Landed,B-18722,B744,cargo
2026-02-22,18:36,01:58,Hong Kong,HKG,Cathay Pacific,CX743,2,11L,Landed,B-HNG,B773,passenger
2026-02-22,18:33,01:47,Da Lat,DLI,Vietnam Airlines,VN1576,1,11L,Landed,VN-A334,A321,passenger
2026-02-22,18:30,01:53,Shenzhen,SZX,Shenzhen Airlines,ZH105,2,11L,Landed,B-1376,B738,passenger
2026-02-22,18:27,01:55,Guangzhou,CAN,China Southern Airlines,CZ8177,2,11L,Landed,B-1829,A320,passenger
2026-02-22,18:23,01:46,Ho Chi Minh City,SGN,Vietnam Airlines,VN216,1,11L,Landed,VN-A864,B789,passenger
2026-02-22,18:20,01:38,Nha Trang,CXR,Vietnam Airlines,VN1558,1,11L,Landed,VN-A327,A321,passenger
2026-02-22,18:16,05:54,Abu Dhabi,AUH,Etihad Airways,EY430,2,29R,Landed,A6-BLX,B789,passenger
2026-02-22,18:13,01:53,Ho Chi Minh City,SGN,Transavia,VJ134,1,11L,Landed,LY-MLI,A320,passenger
2026-02-22,18:10,04:04,Jakarta,CGK,VietJet Air,VJ928,2,11L,Landed,VN-A675,A320,passenger
2026-02-22,18:07,02:45,Kaohsiung,KHH,VietJet Air,VJ947,2,11L,Landed,VN-A677,A321,passenger
2026-02-22,18:00,01:54,Ho Chi Minh City,SGN,Sun PhuQuoc Airways,9G854,1,11L,Landed,VN-A279,A321,passenger
2026-02-22,17:58,01:11,Luang Prabang,LPQ,Lao Airlines,QV313,2,11L,Landed,RDPL-34225,AT76,passenger
2026-02-22,17:57,03:33,Shanghai,PVG,China Eastern Airlines,MU6013,2,11L,Landed,B-32L9,A21N,passenger
2026-02-22,17:51,01:51,Phu Quoc,PQC,N/A,VN6400,1,11L,Landed,VN-A363,A321,passenger
2026-02-22,17:46,01:46,Guangzhou,CAN,Vietnam Airlines,VN507,2,11L,Landed,VN-A390,A321,passenger
2026-02-22,17:42,01:37,Bangkok,BKK,Vietnam Airlines,VN614,2,11L,Landed,VN-A396,A321,passenger
2026-02-22,17:40,01:00,Luang Prabang,LPQ,AirAsia,FD1038,2,11L,Landed,HS-CBC,A20N,passenger
2026-02-22,17:36,04:31,Busan,PUS,VietJet Air,VJ957,2,11L,Landed,VN-A658,A320,passenger
2026-02-22,17:33,01:42,Ho Chi Minh City,SGN,Vietnam Airlines,VN232,1,11L,Landed,VN-A878,B78X,passenger
2026-02-22,17:30,01:51,Ho Chi Minh City,SGN,VietJet Air,VJ194,1,11L,Landed,VN-A643,A321,passenger
2026-02-22,17:28,05:02,Denpasar,DPS,VietJet Air,VJ900,2,11L,Landed,VN-A536,A21N,passenger
2026-02-22,17:25,01:17,Da Nang,DAD,Vietnam Airlines,VN7164,1,11L,Landed,VN-A618,A21N,passenger
2026-02-22,17:22,01:59,Ho Chi Minh City,SGN,VietJet Air,VJ172,1,11L,Landed,VN-A810,A333,passenger
2026-02-22,17:19,03:10,Taipei,TPE,EVA Air,BR385,2,11L,Landed,B-16220,A321,passenger
2026-02-22,17:15,03:00,Singapore,SIN,VietJet Air,VJ916,2,11L,Landed,VN-A648,A321,passenger
2026-02-22,17:13,03:08,Singapore,SIN,Singapore Airlines,SQ194,2,11L,Landed,9V-MBQ,B38M,passenger
2026-02-22,17:07,01:48,Ho Chi Minh City,SGN,Vietnam Airlines,VN250,1,11L,Landed,VN-A866,B789,passenger
2026-02-22,17:04,08:24,Beirut,BEY,Turkish Airlines,TK6244,0,11L,Landed,TC-LJV,B77L,cargo
2026-02-22,17:01,01:13,Da Nang,DAD,Vietnam Airlines,VN170,1,11L,Landed,VN-A609,A321,passenger
2026-02-22,17:00,02:29,Kolkata,CCU,IndiGo,6E1631,2,11L,Landed,VT-ISO,A20N,passenger
2026-02-22,16:56,01:46,Ho Chi Minh City,SGN,Vietnam Airlines,VN7292,1,11L,Landed,VN-A886,A359,passenger
2026-02-22,16:49,03:18,Taipei,TPE,China Airlines,CI793,2,11L,Landed,B-18105,A21N,passenger
2026-02-22,16:47,01:09,Da Nang,DAD,Vietnam Airlines,VN7186,1,11L,Landed,VN-A617,A21N,passenger
2026-02-22,16:44,03:37,Shanghai,PVG,Air China,CA755,2,11L,Landed,B-8492,A321,passenger
2026-02-22,16:41,01:50,Ho Chi Minh City,SGN,Vietnam Airlines,VN7248,1,11L,Landed,VN-A861,B789,passenger
2026-02-22,16:38,02:04,Ho Chi Minh City,SGN,Vietravel Airlines,VU770,1,11L,Landed,VN-A129,A321,passenger
2026-02-22,16:33,02:03,Ho Chi Minh City,SGN,VietJet Air,VJ138,1,11L,Landed,VN-A644,A321,passenger
2026-02-22,16:31,04:50,Hiroshima,HIJ,VietJet Air,VJ953,2,11L,Landed,VN-A656,A320,passenger
2026-02-22,16:28,01:19,Da Nang,DAD,Vietnam Airlines,VN166,1,11L,Landed,VN-A326,A321,passenger
2026-02-22,16:25,01:51,Da Lat,DLI,Vietnam Airlines,VN1574,1,11L,Landed,VN-A515,A20N,passenger
2026-02-22,16:17,03:02,Singapore,XSP,Hai Au Aviation,HAI488,2,11L,Landed,VN-A488,FA8X,business jet
2026-02-22,16:14,02:02,Can Tho,VCA,VietJet Air,VJ462,1,29R,Landed,VN-A635,A321,passenger
2026-02-22,16:11,01:51,Ho Chi Minh City,SGN,Pegasus,VJ188,1,11L,Landed,LY-NVE,A320,passenger
2026-02-22,16:08,01:41,Phnom Penh,KTI,Air Cambodia,K6856,2,11L,Landed,XU-356,A320,passenger
2026-02-22,16:05,00:50,Vientiane,VTE,Lao Airlines,QV311,2,11L,Landed,RDPL-34199,A320,passenger
2026-02-22,16:02,01:30,Tuy Hoa,TBB,Vietnam Airlines,VN1650,1,11L,Landed,VN-A623,A21N,passenger
2026-02-22,15:59,02:03,Con Dao,VCS,VietJet Air,VJ108,1,11L,Landed,B-656E,AJ27,passenger
2026-02-22,15:56,01:53,Ho Chi Minh City,SGN,BBN Airlines Indonesia,QH242,1,11L,Landed,PK-BBK,B739,passenger
2026-02-22,15:53,01:49,Can Tho,VCA,Vietnam Airlines,VN1202,1,11R,Landed,VN-A608,A321,passenger
2026-02-22,15:47,01:45,Phu Quoc,PQC,Sun PhuQuoc Airways,9G1208,1,11L,Landed,VN-A286,A21N,passenger
2026-02-22,15:43,01:53,Can Tho,VCA,VietJet Air,VJ460,1,11L,Landed,VN-A633,A321,passenger
2026-02-22,15:37,01:39,Ho Chi Minh City,SGN,Vietnam Airlines,VN248,1,11L,Landed,VN-A889,A359,passenger
2026-02-22,15:28,01:21,Qui Nhon,UIH,Vietnam Airlines,VN1622,1,11L,Landed,VN-A513,A20N,passenger
2026-02-22,15:26,02:51,Singapore,SIN,Vietnam Airlines,VN660,2,11L,Landed,VN-A614,A321,passenger
2026-02-22,15:19,01:32,Da Lat,DLI,VietJet Air,VJ408,1,11L,Landed,VN-A663,A320,passenger
2026-02-22,15:11,01:44,Ho Chi Minh City,SGN,Hai Au Aviation,HAI489,1,11L,Landed,VN-A489,FA8X,business jet
2026-02-22,15:07,01:33,Shenzhen,SZX,China Southern Airlines,CZ8469,2,N/A,Landed,B-6629,A321,passenger
2026-02-22,15:02,01:10,Da Nang,DAD,Vietnam Airlines,VN168,1,11L,Landed,VN-A616,A21N,passenger
2026-02-22,15:00,01:34,Bangkok,BKK,Vietnam Airlines,VN610,2,11L,Landed,VN-A512,A21N,passenger
2026-02-22,14:57,08:25,Istanbul,IST,Turkish Airlines,TK164,2,11L,Landed,TC-JNS,A333,passenger
2026-02-22,14:53,02:40,Fuzhou,FOC,Xiamen Air,MF8697,2,11L,Landed,B-1456,B738,passenger
2026-02-22,14:50,01:03,Kunming,KMG,China Eastern Airlines,MU9605,2,11L,Landed,B-208D,B738,passenger
2026-02-22,14:47,01:45,Ho Chi Minh City,SGN,Sun PhuQuoc Airways,9G838,1,11L,Landed,VN-A280,A321,passenger
2026-02-22,14:44,02:21,Xiamen,XMN,Xiamen Air,MF869,2,11L,Landed,B-6486,B738,passenger
2026-02-22,14:41,01:37,Nha Trang,CXR,Vietnam Airlines,VN1552,1,11L,Landed,VN-A619,A21N,passenger
2026-02-22,14:38,01:10,Hue,HUI,VietJet Air,VJ566,1,11L,Landed,VN-A657,A321,passenger
2026-02-22,14:37,02:55,Kuala Lumpur,KUL,AirAsia,AK512,2,11L,Landed,9M-RAQ,A20N,passenger
2026-02-22,14:33,01:06,Chiang Mai,CNX,AirAsia,FD870,2,11L,Landed,HS-BBZ,A20N,passenger
2026-02-22,14:29,02:50,Taipei,TPE,VietJet Air,VJ941,2,11L,Landed,VN-A670,A321,passenger
2026-02-22,14:26,01:35,Guangzhou,CAN,China Southern Airlines,CZ8315,2,11L,Landed,B-327G,A21N,passenger
2026-02-22,14:23,02:45,Kuala Lumpur,KUL,VietJet Air,VJ906,2,N/A,Landed,VN-A578,A21N,passenger
2026-02-22,14:20,01:11,Lijiang,LJG,Bamboo Airways,QH801,2,11L,Landed,VN-A596,A20N,passenger
2026-02-22,14:17,01:38,Ho Chi Minh City,SGN,Vietnam Airlines,VN212,1,11L,Landed,VN-A869,B789,passenger
2026-02-22,14:14,01:40,Ho Chi Minh City,SGN,Vietnam Airlines,VN230,1,29R,Landed,VN-A604,A321,passenger
2026-02-22,14:06,01:56,Con Dao,VCS,VietJet Air,VJ106,1,11L,Landed,B-652G,AJ27,passenger
2026-02-22,13:57,05:53,Tokyo,NRT,VietJet Air,VJ933,2,11L,Landed,VN-A816,A333,passenger
2026-02-22,13:54,01:40,Shenzhen,SZX,Shenzhen Airlines,ZH103,2,11L,Landed,B-9910,A320,passenger
2026-02-22,13:50,04:39,Seoul,ICN,VietJet Air,VJ961,2,11L,Landed,VN-A640,A321,passenger
2026-02-22,13:47,03:27,Shanghai,PVG,China Eastern Airlines,MU6011,2,11L,Landed,B-8576,A321,passenger
2026-02-22,13:44,01:48,Ho Chi Minh City,SGN,VietJet Air,VJ36,1,11L,Landed,VN-A666,A320,passenger
2026-02-22,13:37,01:32,Nha Trang,CXR,VietJet Air,VJ780,1,N/A,Landed,VN-A684,A321,passenger
2026-02-22,13:34,02:38,Kaohsiung,KHH,Vietnam Airlines,VN587,2,11L,Landed,VN-A399,A321,passenger
2026-02-22,13:28,01:41,Nha Trang,CXR,VietJet Air,VJ770,1,11L,Landed,VN-A636,A321,passenger
2026-02-22,13:25,01:48,Phu Quoc,PQC,Sun PhuQuoc Airways,9G1204,1,11L,Landed,VN-A281,A21N,passenger
2026-02-22,13:22,01:56,Ho Chi Minh City,SGN,VietJet Air,VJ132,1,11L,Landed,VN-A673,A321,passenger
2026-02-22,13:16,05:39,Tokyo,NRT,Vietnam Airlines,VN311,2,11L,Landed,VN-A879,B78X,passenger
2026-02-22,13:13,01:55,Ho Chi Minh City,SGN,Vietnam Airlines,VN7256,1,11L,Landed,VN-A327,A321,passenger
2026-02-22,13:10,05:17,Nagoya,NGO,Vietnam Airlines,VN349,2,11L,Landed,VN-A896,A359,passenger
2026-02-22,13:08,01:53,Phu Quoc,PQC,Sun PhuQuoc Airways,9G1202,1,11L,Landed,VN-A284,A21N,passenger
2026-02-22,12:59,02:16,Dhaka,DAC,Ethiopian Airlines,ET678,2,11L,Landed,ET-AOQ,B788,passenger
2026-02-22,12:57,05:24,Nagoya,NGO,VietJet Air,VJ921,2,11L,Landed,VN-A525,A21N,passenger
2026-02-22,12:52,01:56,Phu Quoc,PQC,VietJet Air,VJ440,1,11L,Landed,VN-A689,A320,passenger
2026-02-22,12:49,04:45,Osaka,KIX,Vietnam Airlines,VN335,2,N/A,Landed,VN-A891,A359,passenger
2026-02-22,12:47,04:15,Busan,PUS,Vietnam Airlines,VN429,2,11L,Landed,VN-A874,B78X,passenger
2026-02-22,12:41,05:40,Dubai,DXB,Emirates,EK394,2,11L,Landed,A6-ECZ,B77W,passenger
2026-02-22,12:39,02:53,Kuala Lumpur,KUL,Batik Air,OD571,2,11L,Landed,9M-LRD,B38M,passenger
2026-02-22,12:36,01:47,Guangzhou,CAN,Shenzhen Airlines,ZH121,2,N/A,Landed,B-5607,B738,passenger
2026-02-22,12:29,01:56,Ho Chi Minh City,SGN,Bamboo Airways,QH224,1,11L,Landed,JU-1410,A320,passenger
2026-02-22,12:28,02:00,Phu Quoc,PQC,Vietnam Airlines,VN1236,1,11L,Landed,VN-A397,A321,passenger
2026-02-22,12:20,01:57,Ho Chi Minh City,SGN,Vietnam Airlines,VN210,1,11L,Landed,VN-A864,B789,passenger
2026-02-22,12:17,03:11,Kuala Lumpur,KUL,Malaysia Airlines,MH752,2,11L,Landed,9M-MXV,B738,passenger
2026-02-22,12:15,06:07,Doha,DOH,Qatar Airways,QR976,2,11L,Landed,A7-AOG,A35K,passenger
2026-02-22,12:12,04:43,Seoul,ICN,Asiana Airlines,OZ729,2,11L,Landed,HL7791,B772,passenger
2026-02-22,12:09,01:00,Dong Hoi,VDH,Vietnam Airlines,VN1590,1,11L,Landed,VN-A331,A321,passenger
2026-02-22,12:06,01:58,Ho Chi Minh City,SGN,Vietnam Airlines,VN7044,1,11L,Landed,VN-A618,A21N,passenger
2026-02-22,12:04,01:58,Ho Chi Minh City,SGN,VietJet Air,VJ136,1,11L,Landed,VN-A522,A321,passenger
2026-02-22,12:03,,Da Nang,DAD,N/A,VN6080,1,11L,Landed,VN-A363,A321,passenger
2026-02-22,11:55,03:06,Singapore,SIN,Singapore Airlines,SQ192,2,11L,Landed,9V-SHH,A359,passenger
2026-02-22,11:52,04:35,Fukuoka,FUK,Vietnam Airlines,VN359,2,N/A,Landed,VN-A390,A321,passenger
2026-02-22,11:50,04:27,Busan,PUS,VietJet Air,VJ981,2,11L,Landed,VN-A629,A321,passenger
2026-02-22,11:47,03:43,Beijing,PEK,Air China,CA741,2,11L,Landed,B-328N,A21N,passenger
2026-02-22,11:43,04:43,Fukuoka,FUK,VietJet Air,VJ959,2,11L,Landed,VN-A647,A321,passenger
2026-02-22,11:42,01:57,Can Tho,VCA,Vietnam Airlines,VN1200,1,29R,Landed,VN-A334,A321,passenger
2026-02-22,11:40,01:06,Da Nang,DAD,Bluesky Airways,BSF979,1,11L,Landed,VN-A979,FA8X,business jet
2026-02-22,11:40,02:19,Chu Lai,VCL,Vietnam Airlines,VN1640,1,11L,Landed,VN-A513,A20N,passenger
2026-02-22,11:34,01:44,Ho Chi Minh City,SGN,Sun PhuQuoc Airways,9G822,1,11L,Landed,VN-A279,A321,passenger
2026-02-22,11:29,02:50,Taipei,TPE,EVA Air,BR397,2,11L,Landed,B-16721,B77W,passenger
2026-02-22,11:26,03:23,Shanghai,PVG,Air China,CA703,2,11L,Landed,B-8495,A321,passenger
2026-02-22,11:23,01:29,Buon Ma Thuot,BMV,Vietnam Airlines,VN1602,1,11L,Landed,VN-A396,A321,passenger
2026-02-22,11:20,01:40,Da Lat,DLI,Vietnam Airlines,VN1572,1,11L,Landed,VN-A515,A20N,passenger
2026-02-22,11:17,01:08,Da Nang,DAD,VietJet Air,VJ1508,1,11L,Landed,VN-A642,A321,passenger
2026-02-22,11:14,01:51,Phu Quoc,PQC,VietJet Air,VJ442,1,29R,Landed,VN-A677,A321,passenger
2026-02-22,11:11,03:03,Taipei,TPE,China Airlines,CI791,2,11L,Landed,B-18361,A333,passenger
2026-02-22,11:03,04:42,Seoul,ICN,Korean Air,KE441,2,29R,Landed,HL8589,A21N,passenger
2026-02-22,11:00,03:01,Singapore,SIN,Scoot,TR300,2,11L,Landed,9V-OJF,B789,passenger
2026-02-22,10:57,01:47,Ho Chi Minh City,SGN,VietJet Air,VJ184,1,11L,Landed,VN-A810,A333,passenger
2026-02-22,10:54,01:46,Ho Chi Minh City,SGN,VietJet Air,VJ1122,1,11L,Landed,VN-A655,A320,passenger
2026-02-22,10:44,01:15,Qui Nhon,UIH,VietJet Air,VJ430,1,11L,Landed,VN-A663,A320,passenger
2026-02-22,10:35,02:51,Taipei,TPE,STARLUX,JX715,2,11L,Landed,B-58201,A21N,passenger
2026-02-22,10:23,01:15,Pleiku,PXU,VietJet Air,VJ422,1,11L,Landed,VN-A657,A321,passenger
2026-02-22,10:14,00:42,Vinh,VII,Vietnam Airlines,VN1716,1,11L,Landed,VN-A326,A321,passenger
2026-02-22,10:11,01:36,Guangzhou,CAN,China Southern Airlines,CZ3049,2,11L,Landed,B-30A8,A20N,passenger
2026-02-22,10:08,00:56,Hue,HUI,Vietnam Airlines,VN1542,1,11L,Landed,VN-A616,A21N,passenger
2026-02-22,10:05,01:41,Ho Chi Minh City,SGN,Vietnam Airlines,VN208,1,11L,Landed,VN-A861,B789,passenger
2026-02-22,10:03,01:29,Buon Ma Thuot,BMV,VietJet Air,VJ492,1,29R,Landed,VN-A649,A321,passenger
2026-02-22,09:59,00:39,Vinh,VII,Vietnam Airlines,VN7716,1,11L,Landed,VN-A336,A321,passenger
2026-02-22,09:56,02:57,Taipei,TPE,Vietnam Airlines,VN579,2,11L,Landed,VN-A329,A321,passenger
2026-02-22,09:51,01:43,Ho Chi Minh City,SGN,Avion Express,VJ148,1,11L,Landed,LY-NVG,A320,passenger
2026-02-22,09:47,00:59,Da Nang,DAD,Vietravel Airlines,VU638,1,11L,Landed,VN-A129,A321,passenger
2026-02-22,09:34,01:47,Ho Chi Minh City,SGN,Sun PhuQuoc Airways,9G808,1,11L,Landed,VN-A286,A21N,passenger
2026-02-22,09:31,01:42,Ho Chi Minh City,SGN,Vietnam Airlines,VN240,1,11L,Landed,VN-A898,A359,passenger
2026-02-22,09:21,02:40,Ho Chi Minh City,SGN,Avion Express,VN7270,1,11L,Landed,9H-MLE,A320,passenger
2026-02-22,09:16,01:23,Bangkok,BKK,Thai Airways,TG560,2,29R,Landed,HS-TXA,A320,passenger
2026-02-22,09:14,01:45,Ho Chi Minh City,SGN,VietJet Air,VJ124,1,11L,Landed,VN-A537,A21N,passenger
2026-02-22,09:07,01:40,Ho Chi Minh City,SGN,Vietravel Airlines,VU774,1,11L,Landed,VN-A136,A320,passenger
2026-02-22,09:03,00:58,Hue,HUI,Vietnam Airlines,VN1540,1,11L,Landed,VN-A353,A321,passenger
2026-02-22,09:00,04:33,Seoul,ICN,VietJet Air,VJ963,2,11L,Landed,VN-A633,A321,passenger
2026-02-22,08:54,01:53,Hong Kong,HKG,HK express,UO540,2,11L,Landed,B-KKH,A21N,passenger
2026-02-22,08:50,01:04,Da Nang,DAD,Vietnam Airlines,VN156,1,N/A,Landed,VN-A512,A21N,passenger
2026-02-22,08:47,01:46,Ho Chi Minh City,SGN,Sun PhuQuoc Airways,9G806,1,11L,Landed,VN-A280,A321,passenger
2026-02-22,08:44,01:47,Ho Chi Minh City,SGN,Vietnam Airlines,VN7252,1,11L,Landed,VN-A608,A321,passenger
2026-02-22,08:41,01:31,Bangkok,BKK,K-Mile Air,8K528,0,11L,Landed,HS-KMD,B738,cargo
2026-02-22,08:34,03:00,Manila,MNL,Cebu Pacific,5J744,2,11L,Landed,RP-C4112,A321,passenger
2026-02-22,08:29,00:59,Da Nang,DAD,VietJet Air,VJ510,1,11L,Landed,VN-A648,A321,passenger
2026-02-22,08:10,01:39,Shenzhen,SZX,Shenzhen Airlines,ZH101,2,11L,Landed,B-6286,A320,passenger
2026-02-22,08:07,02:44,Kuala Lumpur,KUL,AirAsia,AK9516,2,11L,Landed,9M-AGB,A20N,passenger
2026-02-22,07:59,01:42,Ho Chi Minh City,SGN,Vietnam Airlines,VN206,1,11L,Landed,VN-A869,B789,passenger
2026-02-22,07:54,01:40,Ho Chi Minh City,SGN,VietJet Air,VJ122,1,11L,Landed,VN-A636,A321,passenger
2026-02-22,07:43,01:44,Ho Chi Minh City,SGN,Bamboo Airways,QH202,1,11L,Landed,VN-A227,A321,passenger
2026-02-22,07:36,01:41,Ho Chi Minh City,SGN,Vietravel Airlines,VU750,1,11L,Landed,VN-A289,A321,passenger
2026-02-22,07:15,02:50,Manila,MNL,Vietnam Airlines,VN646,2,11L,Landed,VN-A331,A321,passenger
2026-02-22,07:09,03:53,Bengaluru,BLR,Vietnam Airlines,VN982,2,11L,Landed,VN-A622,A21N,passenger
2026-02-22,07:05,01:02,Da Nang,DAD,VietJet Air,VJ502,1,11L,Landed,VN-A642,A321,passenger
2026-02-22,07:00,01:36,Ho Chi Minh City,SGN,Vietnam Airlines,VN7012,1,11L,Landed,VN-A865,B789,passenger
2026-02-22,06:44,01:39,Ho Chi Minh City,SGN,Vietnam Airlines,VN7210,1,11L,Landed,VN-A326,A321,passenger
2026-02-22,06:31,05:49,Doha,DOH,Qatar Airways,QR982,2,11L,Landed,A7-BHX,B789,passenger
2026-02-22,06:21,01:37,Ho Chi Minh City,SGN,Vietnam Airlines,VN9104,1,11L,Landed,VN-A614,A321,passenger
2026-02-22,06:00,09:50,Frankfurt,FRA,Vietnam Airlines,VN36,2,11L,Landed,VN-A862,B789,passenger
2026-02-22,05:57,01:42,Ho Chi Minh City,SGN,Bamboo Airways,QH294,1,11L,Landed,VN-A585,A321,passenger
2026-02-22,05:45,03:50,Jakarta,CGK,Vietnam Airlines,VN634,2,11L,Landed,VN-A396,A321,passenger
2026-02-22,05:45,04:31,Seoul,ICN,Air Zeta,KJ389,0,N/A,Landed,HL7507,B763,cargo
2026-02-22,05:37,10:15,Paris,CDG,Vietnam Airlines,VN18,2,11L,Landed,VN-A897,A359,passenger
2026-02-22,05:18,01:47,Ho Chi Minh City,SGN,VietJet Air,VJ1124,1,11L,Landed,VN-A649,A321,passenger
2026-02-22,05:13,03:28,Delhi,DEL,VietJet Air,VJ972,2,11L,Landed,VN-A811,A333,passenger
2026-02-22,05:11,03:43,Ahmedabad,AMD,VietJet Air,VJ1926,2,11L,Landed,VN-A658,A320,passenger
2026-02-22,05:03,01:42,Ho Chi Minh City,SGN,Bamboo Airways,QH292,1,11L,Landed,VN-A596,A20N,passenger
2026-02-22,04:38,03:02,Shanghai,PVG,VietJet Air,VJ7239,2,11L,Landed,VN-A578,A21N,passenger
2026-02-22,04:27,03:45,Mumbai,BOM,Vietnam Airlines,VN972,2,11L,Landed,VN-A889,A359,passenger
2026-02-22,04:17,01:41,Ho Chi Minh City,SGN,VietJet Air,VJ1164,1,11L,Landed,VN-A648,A321,passenger
2026-02-22,04:13,09:35,Munich,MUC,Vietnam Airlines,VN34,2,11L,Landed,VN-A864,B789,passenger
2026-02-22,04:06,01:44,Ho Chi Minh City,SGN,VietJet Air,VJ1166,1,11L,Landed,VN-A644,A321,passenger
2026-02-22,04:03,01:27,Guangzhou,CAN,VietJet Air,VJ7527,2,11L,Landed,VN-A554,A21N,passenger
2026-02-22,03:43,09:38,Milan,MXP,Vietnam Airlines,VN72,2,11L,Landed,VN-A890,A359,passenger
2026-02-22,03:29,04:05,Seoul,ICN,Air Zeta,KJ953,0,11L,Landed,HL7417,B744,cargo
2026-02-22,03:17,01:41,Ho Chi Minh City,SGN,Sun PhuQuoc Airways,9G8802,1,11L,Landed,VN-A279,A321,passenger
2026-02-22,03:08,01:44,Ho Chi Minh City,SGN,Vietnam Airlines,VN7226,1,11L,Landed,VN-A616,A21N,passenger
2026-02-22,02:57,03:16,Shanghai,PVG,China Eastern Airlines,MU7235,2,11L,Landed,B-32HX,A21N,passenger
2026-02-22,02:46,01:43,Ho Chi Minh City,SGN,VietJet Air,VJ182,1,11L,Landed,VN-A639,A321,passenger
2026-02-22,02:40,01:39,Ho Chi Minh City,SGN,Vietravel Airlines,VU702,1,11L,Landed,VN-A129,A321,passenger
2026-02-22,02:28,04:08,Seoul,ICN,Korean Air,KE361,0,11L,Landed,HL8251,B77L,cargo
2026-02-22,02:23,01:31,Nha Trang,CXR,Vietnam Airlines,VN7558,1,11L,Landed,VN-A609,A321,passenger
2026-02-22,02:00,01:35,Nha Trang,CXR,Vietnam Airlines,VN7560,1,11L,Landed,VN-A601,A321,passenger
2026-02-22,01:54,01:33,Nha Trang,CXR,VietJet Air,VJ779,1,11L,Landed,VN-A635,A321,passenger
2026-02-22,01:47,01:36,Chengdu,TFU,VietJet Air,VJ7307,2,11L,Landed,VN-A656,A320,passenger
2026-02-22,01:43,01:41,Ho Chi Minh City,SGN,VietJet Air,VJ178,1,11L,Landed,VN-A670,A321,passenger
2026-02-22,01:37,03:10,Shanghai,PVG,China Eastern Airlines,MU5075,2,11L,Landed,B-1773,B738,passenger
2026-02-22,01:35,02:53,Manila,MNL,Philippine Airlines,PR595,2,11L,Landed,RP-C9935,A21N,passenger
2026-02-22,01:32,01:42,Ho Chi Minh City,SGN,Sun PhuQuoc Airways,9G882,1,11L,Landed,VN-A280,A321,passenger
2026-02-22,01:24,01:44,Ho Chi Minh City,SGN,Sun PhuQuoc Airways,9G8896,1,11L,Landed,VN-A909,A20N,passenger
2026-02-22,01:22,01:46,Ho Chi Minh City,SGN,N/A,VJ172,1,11L,Landed,,N/A,unknown
2026-02-22,01:15,01:42,Ho Chi Minh City,SGN,Sun PhuQuoc Airways,9G886,1,11L,Landed,VN-A281,A21N,passenger
2026-02-22,01:08,01:43,Ho Chi Minh City,SGN,Vietnam Airlines,VN7010,1,11L,Landed,VN-A865,B789,passenger
2026-02-22,01:05,02:11,Wuhan,WUH,China Eastern Airlines,MU2573,2,11L,Landed,B-1449,B738,passenger
2026-02-22,01:03,01:36,Shenzhen,SZX,Shenzhen Airlines,ZH107,2,11L,Landed,B-6740,A320,passenger
2026-02-22,00:59,01:39,Ho Chi Minh City,SGN,Vietnam Airlines,VN270,1,N/A,Landed,VN-A615,A321,passenger
2026-02-22,00:49,01:40,Ho Chi Minh City,SGN,Sun PhuQuoc Airways,9G8894,1,11L,Landed,VN-A282,A21N,passenger
2026-02-22,00:40,03:20,Jinan,TNA,Shandong Airlines,SC8071,2,11L,Landed,B-7567,B738,passenger
2026-02-22,00:38,01:41,Ho Chi Minh City,SGN,VietJet Air,VJ174,1,11L,Landed,VN-A575,A21N,passenger
2026-02-22,00:34,01:45,Phu Quoc,PQC,VietJet Air,VJ1446,1,11L,Landed,VN-A548,A21N,passenger
2026-02-22,00:30,01:43,Ho Chi Minh City,SGN,VietJet Air,VJ156,1,11L,Landed,VN-A630,A321,passenger
2026-02-22,00:25,01:41,Ho Chi Minh City,SGN,Bamboo Airways,QH280,1,11L,Landed,VN-A597,A321,passenger
2026-02-22,00:12,04:29,Seoul,ICN,Jeju Air,7C2201,2,11L,Landed,HL8523,B38M,passenger
2026-02-22,00:10,01:00,Da Nang,DAD,Vietnam Airlines,VN7160,1,11L,Landed,VN-A513,A20N,passenger
2026-02-22,00:08,01:42,Ho Chi Minh City,SGN,VietJet Air,VJ196,1,11L,Landed,VN-A640,A321,passenger
2026-02-22,00:02,00:40,Vinh,VII,Vietnam Airlines,VN7710,1,11L,Landed,VN-A395,A321,passenger
2026-02-23,23:59,01:37,Macau,MFM,Air Macau,NX988,2,11L,Landed,B-MCJ,A320,passenger
2026-02-23,23:57,01:49,Ho Chi Minh City,SGN,VietJet Air,VJ190,1,11L,Landed,VN-A522,A321,passenger
2026-02-23,23:53,01:02,Hue,HUI,Vietnam Airlines,VN1548,1,11L,Landed,VN-A399,A321,passenger
2026-02-23,23:48,01:08,Da Nang,DAD,VietJet Air,VJ520,1,11L,Landed,VN-A552,A21N,passenger
2026-02-23,23:44,01:47,Ho Chi Minh City,SGN,Sun PhuQuoc Airways,9G882,1,11L,Landed,VN-A281,A21N,passenger
2026-02-23,23:41,04:31,Ulaanbaatar,UBN,Aero Mongolia,M0535,2,11L,Landed,JU-1188,A319,passenger
2026-02-23,23:39,02:15,Ho Chi Minh City,SGN,Vietnam Airlines,VN1188,1,11L,Landed,VN-A613,A321,passenger
2026-02-23,23:30,04:35,Seoul,ICN,T'way Air,TW61,2,11L,Landed,HL8070,B738,passenger
2026-02-23,23:28,01:38,Ho Chi Minh City,SGN,VietJet Air,VJ158,1,11L,Landed,VN-A630,A321,passenger
2026-02-23,23:25,01:32,Nha Trang,CXR,VietJet Air,VJ778,1,11L,Landed,VN-A644,A321,passenger
2026-02-23,23:18,04:18,Daegu,TAE,T'way Air,TW63,2,N/A,Landed,HL8069,B738,passenger
2026-02-23,23:13,01:37,Ho Chi Minh City,SGN,Vietnam Airlines,VN260,1,11L,Landed,VN-A886,A359,passenger
2026-02-23,23:08,00:37,Vinh,VII,Vietnam Airlines,VN7718,1,11L,Landed,VN-A358,A321,passenger
2026-02-23,22:56,01:40,Ho Chi Minh City,SGN,Vietnam Airlines,VN256,1,11L,Landed,VN-A879,B78X,passenger
2026-02-23,22:54,02:47,Kuala Lumpur,KUL,Vietnam Airlines,VN680,2,11L,Landed,VN-A512,A21N,passenger
2026-02-23,22:50,01:46,Guangzhou,CAN,China Southern Airlines,CZ371,2,N/A,Landed,B-225D,B38M,passenger
2026-02-23,22:47,05:46,Tokyo,NRT,VietJet Air,VJ935,2,29R,Landed,VN-A653,A21N,passenger
2026-02-23,22:44,05:57,Tokyo,NRT,All Nippon Airways,NH897,2,11L,Landed,JA928A,B789,passenger
2026-02-23,22:38,01:26,Siem Reap,SAI,VietJet Air,VJ914,2,11L,Landed,VN-A683,A321,passenger
2026-02-23,22:35,01:44,Ho Chi Minh City,SGN,VietJet Air,VJ154,1,11L,Landed,VN-A525,A21N,passenger
2026-02-23,22:31,04:32,Seoul,ICN,Asiana Airlines,OZ733,2,11L,Landed,HL8521,A359,passenger
2026-02-23,22:24,05:52,Tokyo,NRT,Japan Airlines,JL751,2,11L,Landed,JA618J,B763,passenger
2026-02-23,22:20,01:41,Ho Chi Minh City,SGN,VietJet Air,VJ196,1,11L,Landed,VN-A816,A333,passenger
2026-02-23,22:17,01:48,Ho Chi Minh City,SGN,BBN Airlines Indonesia,QH268,1,11L,Landed,PK-BBK,B739,passenger
2026-02-23,22:14,01:40,Ho Chi Minh City,SGN,Vietnam Airlines,VN220,1,11L,Landed,VN-A899,A359,passenger
2026-02-23,22:12,01:41,Ho Chi Minh City,SGN,VietJet Air,VJ166,1,11L,Landed,VN-A639,A321,passenger
2026-02-23,22:08,01:32,Macau,MFM,Air Macau,NX982,2,11L,Landed,B-MBP,A20N,passenger
2026-02-23,22:05,04:21,Seoul,ICN,FedEx,FX9073,0,11L,Landed,N126FE,B763,cargo
2026-02-23,21:57,04:23,Denpasar,DPS,VietJet Air,VJ998,2,11L,Landed,VN-A674,A21N,passenger
2026-02-23,21:53,01:49,Chengdu,TFU,Sichuan Airlines,3U3905,2,11L,Landed,B-8331,A320,passenger
2026-02-23,21:49,01:40,Ho Chi Minh City,SGN,Vietnam Airlines,VN262,1,11L,Landed,VN-A878,B78X,passenger
2026-02-23,21:47,00:46,Vientiane,VTE,Vietnam Airlines,VN920,2,11L,Landed,VN-A392,A321,passenger
2026-02-23,21:43,01:31,Phnom Penh,KTI,Vietnam Airlines,VN922,2,11L,Landed,VN-A327,A321,passenger
2026-02-23,21:31,01:45,Phu Quoc,PQC,Sun PhuQuoc Airways,9G1230,1,11L,Landed,VN-A279,A321,passenger
2026-02-23,21:28,01:50,Can Tho,VCA,Vietnam Airlines,VN1206,1,11L,Landed,VN-A397,A321,passenger
2026-02-23,21:26,01:40,Ho Chi Minh City,SGN,Vietravel Airlines,VU780,1,11L,Landed,VN-A136,A320,passenger
2026-02-23,21:23,01:47,Hong Kong,HKG,HK express,UO542,2,29R,Landed,B-LCH,A320,passenger
2026-02-23,21:20,01:43,Ho Chi Minh City,SGN,VietJet Air,VJ160,1,N/A,Landed,VN-A607,A21N,passenger
2026-02-23,21:18,02:55,Chongqing,CKG,West Air,PN6423,2,N/A,Landed,B-8249,A320,passenger
2026-02-23,21:18,01:46,Ho Chi Minh City,SGN,Sun PhuQuoc Airways,9G872,1,11L,Landed,VN-A284,A21N,passenger
2026-02-23,21:11,01:41,Ho Chi Minh City,SGN,Vietnam Airlines,VN258,1,11L,Landed,VN-A873,B78X,passenger
2026-02-23,21:08,01:41,Ho Chi Minh City,SGN,Sun PhuQuoc Airways,9G868,1,11L,Landed,VN-A286,A21N,passenger
2026-02-23,21:05,01:14,Pleiku,PXU,VietJet Air,VJ424,1,11L,Landed,VN-A687,A321,passenger
2026-02-23,21:03,01:17,Qui Nhon,UIH,Vietnam Airlines,VN7620,1,11L,Landed,VN-A625,A21N,passenger
2026-02-23,20:59,00:40,Dien Bien Phu,DIN,Vietnam Airlines,VN1807,1,11L,Landed,VN-A609,A321,passenger
2026-02-23,20:56,02:49,Taipei,TPE,VietJet Air,VJ943,2,11L,Landed,VN-A549,A21N,passenger
2026-02-23,20:53,04:24,Seoul,ICN,Vietnam Airlines,VN415,2,11L,Landed,VN-A895,A359,passenger
2026-02-23,20:50,01:31,Bangkok,BKK,Vietnam Airlines,VN618,2,11L,Landed,VN-A336,A321,passenger
2026-02-23,20:47,01:35,Shenzhen,SZX,China Southern Airlines,CZ8083,2,11L,Landed,B-6978,A321,passenger
2026-02-23,20:44,01:31,Bangkok,DMK,AirAsia,FD644,2,11L,Landed,HS-EAF,A21N,passenger
2026-02-23,20:38,01:37,Ho Chi Minh City,SGN,Vietnam Airlines,VN218,1,N/A,Landed,VN-A874,B78X,passenger
2026-02-23,20:35,01:24,Bangkok,BKK,VietJet Air,VJ904,2,11L,Landed,VN-A677,A321,passenger
2026-02-23,20:28,00:58,Da Nang,DAD,Vietnam Airlines,VN188,1,11L,Landed,VN-A515,A20N,passenger
2026-02-23,20:24,08:57,Sydney,SYD,Vietnam Airlines,VN786,2,29R,Landed,VN-A893,A359,passenger
2026-02-23,20:20,01:41,Ho Chi Minh City,SGN,Vietnam Airlines,VN252,1,11L,Landed,VN-A507,A21N,passenger
2026-02-23,20:18,01:00,Da Nang,DAD,Vietravel Airlines,VU658,1,11L,Landed,VN-A129,A321,passenger
2026-02-23,20:14,00:39,Luang Prabang,LPQ,Vietnam Airlines,VN930,2,11L,Landed,VN-A339,A321,passenger
2026-02-23,20:10,01:07,Chu Lai,VCL,Vietnam Airlines,VN7642,1,11L,Landed,VN-A358,A321,passenger
2026-02-23,20:07,01:40,Ho Chi Minh City,SGN,Bamboo Airways,QH262,1,11L,Landed,VN-A227,A321,passenger
2026-02-23,19:57,05:16,Tokyo,HND,Vietnam Airlines,VN385,2,11L,Landed,VN-A868,B789,passenger
2026-02-23,19:55,02:33,Taichung,RMQ,VietJet Air,VJ949,2,11L,Landed,VN-A528,A21N,passenger
2026-02-23,19:50,01:28,Yangon,RGN,Myanmar Airways International,8M450,2,11L,Landed,XY-AGV,A319,passenger
2026-02-23,19:44,01:02,Da Nang,DAD,VietJet Air,VJ516,1,11L,Landed,VN-A666,A320,passenger
2026-02-23,19:40,00:55,Hue,HUI,Vietnam Airlines,VN1544,1,11L,Landed,VN-A399,A321,passenger
2026-02-23,19:37,01:26,Siem Reap,SAI,Vietnam Airlines,VN836,2,11L,Landed,VN-A396,A321,passenger
2026-02-23,19:34,01:41,Ho Chi Minh City,SGN,Vietnam Airlines,VN7290,1,29R,Landed,VN-A877,B78X,passenger
2026-02-23,19:31,00:59,Da Nang,DAD,Vietnam Airlines,VN180,1,11L,Landed,VN-A513,A20N,passenger
2026-02-23,19:25,00:41,Vinh,VII,Vietnam Airlines,VN1718,1,11L,Landed,VN-A331,A321,passenger
2026-02-23,19:22,01:06,Da Nang,DAD,Vietnam Airlines,VN174,1,N/A,Landed,VN-A616,A21N,passenger
2026-02-23,19:19,01:45,Ho Chi Minh City,SGN,VietJet Air,VJ152,1,29R,Landed,VN-A552,A21N,passenger
2026-02-23,19:15,01:26,Bangkok,BKK,Thai Airways,TG564,2,11L,Landed,HS-TXA,A320,passenger
2026-02-23,19:13,01:37,Ho Chi Minh City,SGN,Vietnam Airlines,VN254,1,11L,Landed,VN-A871,B789,passenger
2026-02-23,19:12,01:16,Qui Nhon,UIH,VietJet Air,VJ432,1,11L,Landed,VN-A658,A320,passenger
2026-02-23,18:58,01:46,Ho Chi Minh City,SGN,Bluesky Airways,BSF968,1,11L,Landed,VN-A968,GLF6,business jet
2026-02-23,18:53,01:26,Bangkok,BKK,VietJet Air,VJ902,2,11L,Landed,VN-A542,A321,passenger
2026-02-23,18:48,01:48,Hong Kong,HKG,Hong Kong Airlines,HX528,2,11L,Landed,B-LPO,A320,passenger
2026-02-23,18:44,01:39,Ho Chi Minh City,SGN,Vietnam Airlines,VN216,1,11L,Landed,VN-A869,B789,passenger
2026-02-23,18:41,01:43,Nha Trang,CXR,Vietnam Airlines,VN1558,1,11L,Landed,VN-A332,A321,passenger
2026-02-23,18:37,02:00,Phu Quoc,PQC,Sun PhuQuoc Airways,9G1216,1,11L,Landed,VN-A280,A321,passenger
2026-02-23,18:33,01:03,Luang Prabang,LPQ,Lao Airlines,QV313,2,11L,Landed,RDPL-34225,AT76,passenger
2026-02-23,18:29,01:44,Shenzhen,SZX,Shenzhen Airlines,ZH105,2,11L,Landed,B-5410,B738,passenger
2026-02-23,18:27,01:52,Ho Chi Minh City,SGN,Transavia,VJ134,1,11L,Landed,LY-MLI,A320,passenger
2026-02-23,18:24,01:44,Nha Trang,CXR,VietJet Air,VJ774,1,11L,Landed,VN-A635,A321,passenger
2026-02-23,18:22,01:38,Phnom Penh,KTI,Air Cambodia,K6850,2,11L,Landed,XU-356,A320,passenger
2026-02-23,18:19,01:06,Da Nang,DAD,VietJet Air,VJ514,1,N/A,Landed,VN-A532,A321,passenger
2026-02-23,18:17,01:49,Phu Quoc,PQC,VietJet Air,VJ446,1,11L,Landed,VN-A655,A320,passenger
2026-02-23,18:14,01:06,Da Nang,DAD,VietJet Air,VJ512,1,11L,Landed,VN-A644,A321,passenger
2026-02-23,18:11,01:36,Nha Trang,CXR,Vietnam Airlines,VN7554,1,N/A,Landed,VN-A620,A21N,passenger
2026-02-23,18:08,01:12,N/A,,Hai Au Aviation,HAI488,2,11L,Landed,VN-A488,FA8X,business jet
2026-02-23,18:08,00:45,Luang Prabang,LPQ,AirAsia,FD1038,2,11L,Landed,HS-BBB,A320,passenger
2026-02-23,18:00,01:33,Guangzhou,CAN,China Southern Airlines,CZ8177,2,11L,Landed,B-1829,A320,passenger
2026-02-23,17:58,03:45,Jakarta,CGK,VietJet Air,VJ928,2,11L,Landed,VN-A663,A320,passenger
2026-02-23,17:54,01:43,Ho Chi Minh City,SGN,VietJet Air,VJ194,1,11L,Landed,VN-A522,A321,passenger
2026-02-23,17:47,01:25,Bangkok,BKK,Vietnam Airlines,VN614,2,11L,Landed,VN-A609,A321,passenger
2026-02-23,17:40,03:04,Shanghai,PVG,Vietnam Airlines,VN533,2,N/A,Landed,VN-A505,A21N,passenger
2026-02-23,17:38,03:27,Shanghai,PVG,China Eastern Airlines,MU6013,2,11L,Landed,B-32HX,A21N,passenger
2026-02-23,17:35,01:31,Nha Trang,CXR,Bamboo Airways,QH1416,1,11L,Landed,VN-A597,A321,passenger
2026-02-23,17:31,01:35,Ho Chi Minh City,SGN,Vietnam Airlines,VN232,1,N/A,Landed,VN-A872,B78X,passenger
2026-02-23,17:27,01:34,Guangzhou,CAN,Vietnam Airlines,VN507,2,11L,Landed,VN-A329,A321,passenger
2026-02-23,17:24,02:52,Singapore,SIN,VietJet Air,VJ916,2,11L,Landed,VN-A683,A321,passenger
2026-02-23,17:20,01:44,Phu Quoc,PQC,N/A,VN6400,1,11L,Landed,VN-A363,A321,passenger
2026-02-23,17:17,01:39,Ho Chi Minh City,SGN,VietJet Air,VJ130,1,11L,Landed,VN-A815,A333,passenger
2026-02-23,17:10,01:49,Can Tho,VCA,VietJet Air,VJ460,1,11L,Landed,VN-A543,A21N,passenger
2026-02-23,17:09,01:23,Qui Nhon,UIH,Bamboo Airways,QH1214,1,N/A,Landed,VN-A596,A20N,passenger
2026-02-23,17:00,02:46,Taipei,TPE,EVA Air,BR385,2,N/A,Landed,B-16222,A321,passenger
2026-02-23,16:51,04:22,Busan,PUS,VietJet Air,VJ957,2,N/A,Landed,VN-A668,A320,passenger
2026-02-23,16:45,01:33,Nha Trang,CXR,VietJet Air,VJ770,1,11L,Landed,VN-A687,A321,passenger
2026-02-23,16:39,03:20,Shanghai,PVG,Air China,CA755,2,11L,Landed,B-8502,A321,passenger
2026-02-23,16:30,02:11,Kolkata,CCU,IndiGo,6E1631,2,11L,Landed,VT-IPQ,A20N,passenger
2026-02-23,16:29,01:05,Da Nang,DAD,Vietnam Airlines,VN7164,1,11L,Landed,VN-A625,A21N,passenger
2026-02-23,16:24,01:42,Ho Chi Minh City,SGN,Vietnam Airlines,VN214,1,11L,Landed,VN-A867,B789,passenger
2026-02-23,16:15,01:33,Da Lat,DLI,Vietnam Airlines,VN1574,1,11L,Landed,VN-A515,A20N,passenger
2026-02-23,16:08,01:40,Ho Chi Minh City,SGN,Vietravel Airlines,VU770,1,11L,Landed,VN-A129,A321,passenger
2026-02-23,15:59,02:52,Kuala Lumpur,KUL,AirAsia,AK512,2,11L,Landed,9M-AJK,A320,passenger
2026-02-23,15:56,02:01,Con Dao,VCS,VietJet Air,VJ108,1,11L,Landed,B-656E,AJ27,passenger
2026-02-23,15:52,01:27,Tuy Hoa,TBB,Vietnam Airlines,VN1650,1,11L,Landed,VN-A335,A321,passenger
2026-02-23,15:50,00:59,Da Nang,DAD,VietJet Air,VJ528,1,11L,Landed,VN-A525,A21N,passenger
2026-02-23,15:43,01:44,Hong Kong,HKG,Vietnam Airlines,VN593,2,11L,Landed,VN-A399,A321,passenger
2026-02-23,15:38,01:42,Phu Quoc,PQC,Sun PhuQuoc Airways,9G1208,1,11L,Landed,VN-A279,A321,passenger
2026-02-23,15:30,09:42,Tel Aviv,TLV,Hi Fly,IZ595,2,11L,Landed,CS-TCE,A332,passenger
2026-02-23,15:27,02:48,Singapore,SIN,Vietnam Airlines,VN660,2,N/A,Landed,VN-A397,A321,passenger
2026-02-23,15:24,01:42,Ho Chi Minh City,SGN,Avion Express,VJ188,1,11L,Landed,LY-NVG,A320,passenger
2026-02-23,15:21,01:00,Da Nang,DAD,Vietnam Airlines,VN170,1,11L,Landed,VN-A336,A321,passenger
2026-02-23,15:21,01:04,Da Nang,DAD,Vietnam Airlines,VN166,1,29R,Landed,VN-A616,A21N,passenger
2026-02-23,15:06,01:20,Qui Nhon,UIH,Vietnam Airlines,VN1622,1,11L,Landed,VN-A513,A20N,passenger
2026-02-23,14:57,01:37,Da Lat,DLI,VietJet Air,VJ404,1,11L,Landed,VN-A658,A320,passenger
2026-02-23,14:56,01:39,Nha Trang,CXR,Vietnam Airlines,VN7068,1,29R,Landed,VN-A358,A321,passenger
2026-02-23,14:54,05:45,Blagoveshchensk,BQS,VietJet Air,VJ7615,2,11L,Landed,VN-A516,A21N,passenger
2026-02-23,14:48,01:41,Shenzhen,SZX,China Southern Airlines,CZ8469,2,11L,Landed,B-6978,A321,passenger
2026-02-23,14:45,01:45,Ho Chi Minh City,SGN,Vietnam Airlines,VN212,1,11L,Landed,VN-A878,B78X,passenger
2026-02-23,14:41,02:38,Fuzhou,FOC,Xiamen Air,MF8697,2,11L,Landed,B-6849,B738,passenger
2026-02-23,14:38,07:52,Istanbul,IST,Turkish Airlines,TK164,2,N/A,Landed,TC-LGL,A359,passenger
2026-02-23,14:35,01:38,Ho Chi Minh City,SGN,Sun PhuQuoc Airways,9G838,1,N/A,Landed,VN-A286,A21N,passenger
2026-02-23,14:33,01:07,Chiang Mai,CNX,AirAsia,FD870,2,11L,Landed,HS-CBF,A20N,passenger
2026-02-23,14:30,01:34,Bangkok,BKK,Vietnam Airlines,VN610,2,11L,Landed,VN-A396,A321,passenger
2026-02-23,14:24,01:36,Guangzhou,CAN,China Southern Airlines,CZ8315,2,11L,Landed,B-1828,A320,passenger
2026-02-23,14:21,02:17,Xiamen,XMN,Xiamen Air,MF869,2,11L,Landed,B-5595,B738,passenger
2026-02-23,14:18,02:01,Con Dao,VCS,VietJet Air,VJ106,1,11L,Landed,B-652G,AJ27,passenger
2026-02-23,14:14,02:51,Taipei,TPE,VietJet Air,VJ941,2,N/A,Landed,VN-A640,A321,passenger
2026-02-23,14:03,01:40,Ho Chi Minh City,SGN,VietJet Air,VJ144,1,11L,Landed,VN-A814,A333,passenger
2026-02-23,14:00,01:34,Shenzhen,SZX,Shenzhen Airlines,ZH103,2,11L,Landed,B-6721,A320,passenger
2026-02-23,13:56,00:58,Da Nang,DAD,VietJet Air,VJ508,1,11L,Landed,VN-A644,A321,passenger
2026-02-23,13:46,03:24,Shanghai,PVG,China Eastern Airlines,MU6011,2,11L,Landed,B-8576,A321,passenger
2026-02-23,13:42,05:15,Dubai,DXB,Emirates,EK394,2,N/A,Landed,A6-ECY,B77W,passenger
2026-02-23,13:39,05:38,Tokyo,NRT,VietJet Air,VJ933,2,29R,Landed,VN-A816,A333,passenger
2026-02-23,13:34,04:22,Seoul,ICN,VietJet Air,VJ961,2,11L,Landed,VN-A698,A321,passenger
2026-02-23,13:31,01:52,Ho Chi Minh City,SGN,Vietnam Airlines,VN7256,1,11L,Landed,VN-A332,A321,passenger
2026-02-23,13:28,00:52,Dien Bien Phu,DIN,Vietnam Airlines,VN7805,1,11L,Landed,VN-A605,A321,passenger
2026-02-23,13:26,02:25,Penang,PEN,China Airlines,CI6596,0,11L,Landed,B-18725,B744,cargo
2026-02-23,13:23,01:10,Hue,HUI,VietJet Air,VJ566,1,11L,Landed,VN-A636,A321,passenger
2026-02-23,13:20,01:58,Ho Chi Minh City,SGN,Vietnam Airlines,VN246,1,11L,Landed,VN-A507,A21N,passenger
2026-02-23,13:18,01:17,Da Nang,DAD,VietJet Air,VJ1508,1,11L,Landed,VN-A635,A321,passenger
2026-02-23,13:15,04:25,Busan,PUS,VietJet Air,VJ981,2,11L,Landed,VN-A542,A321,passenger
2026-02-23,13:10,01:53,Phu Quoc,PQC,Sun PhuQuoc Airways,9G1204,1,11L,Landed,VN-A284,A21N,passenger
2026-02-23,13:03,06:47,Tbilisi,TBS,Turkish Airlines,TK6268,0,11L,Landed,TC-LJY,B77L,cargo
2026-02-23,13:00,04:50,Osaka,KIX,Vietnam Airlines,VN335,2,11L,Landed,VN-A889,A359,passenger
2026-02-23,12:57,05:18,Nagoya,NGO,VietJet Air,VJ921,2,11L,Landed,VN-A549,A21N,passenger
2026-02-23,12:55,01:49,Ho Chi Minh City,SGN,Vietnam Airlines,VN7014,1,11L,Landed,VN-A897,A359,passenger
2026-02-23,12:52,04:13,Busan,PUS,Vietnam Airlines,VN429,2,11L,Landed,VN-A873,B78X,passenger
2026-02-23,12:49,03:44,Delhi,DEL,IndiGo,6E1633,2,11L,Landed,VT-IPX,A20N,passenger
2026-02-23,12:38,01:51,Phu Quoc,PQC,VietJet Air,VJ440,1,11L,Landed,VN-A655,A320,passenger
2026-02-23,12:35,01:42,Ho Chi Minh City,SGN,VietJet Air,VJ128,1,11L,Landed,VN-A812,A333,passenger
2026-02-23,12:33,01:43,Ho Chi Minh City,SGN,Bamboo Airways,QH224,1,11L,Landed,JU-1410,A320,passenger
2026-02-23,12:29,04:47,Nagoya,NGO,Vietnam Airlines,VN349,2,11L,Landed,VN-A886,A359,passenger
2026-02-23,12:20,03:46,Beijing,PEK,Air China,CA741,2,11L,Landed,B-326D,A21N,passenger
2026-02-23,12:16,01:41,Ho Chi Minh City,SGN,Vietnam Airlines,VN210,1,11L,Landed,VN-A869,B789,passenger
2026-02-23,12:10,01:34,Guangzhou,CAN,Shenzhen Airlines,ZH121,2,11L,Landed,B-5778,B738,passenger
2026-02-23,12:07,01:46,Phu Quoc,PQC,Vietnam Airlines,VN1236,1,11L,Landed,VN-A609,A321,passenger
2026-02-23,12:05,01:43,Ho Chi Minh City,SGN,Vietnam Airlines,VN7044,1,11L,Landed,VN-A625,A21N,passenger
2026-02-23,12:02,04:17,Seoul,ICN,Asiana Airlines,OZ729,2,11L,Landed,HL8362,A359,passenger
2026-02-23,11:58,05:54,Doha,DOH,Qatar Airways,QR976,2,11L,Landed,A7-AOB,A35K,passenger
2026-02-23,11:56,01:36,Bangkok,DMK,AirAsia,FD640,2,11L,Landed,HS-ABS,A320,passenger
2026-02-23,11:53,01:42,Ho Chi Minh City,SGN,VietJet Air,VJ132,1,N/A,Landed,VN-A522,A321,passenger
2026-02-23,11:49,02:57,Kuala Lumpur,KUL,Malaysia Airlines,MH752,2,11L,Landed,9M-MXB,B738,passenger
2026-02-23,11:47,01:34,Da Lat,DLI,Bamboo Airways,QH1422,1,11L,Landed,VN-A597,A321,passenger
2026-02-23,11:43,01:46,Can Tho,VCA,Vietnam Airlines,VN1200,1,11L,Landed,VN-A339,A321,passenger
2026-02-23,11:41,01:45,Ho Chi Minh City,SGN,Sun PhuQuoc Airways,9G822,1,11L,Landed,VN-A281,A21N,passenger
2026-02-23,11:37,01:06,Da Nang,DAD,Bamboo Airways,QH104,1,11L,Landed,VN-A596,A20N,passenger
2026-02-23,11:34,01:08,Da Nang,DAD,VietJet Air,VJ524,1,11L,Landed,VN-A687,A321,passenger
2026-02-23,11:29,01:48,Ho Chi Minh City,SGN,VietJet Air,VJ136,1,11L,Landed,VN-A543,A21N,passenger
2026-02-23,11:26,01:33,Buon Ma Thuot,BMV,Vietnam Airlines,VN1602,1,11L,Landed,VN-A327,A321,passenger
2026-02-23,11:23,01:03,Da Nang,DAD,N/A,VN6080,1,11L,Landed,VN-A363,A321,passenger
2026-02-23,11:20,00:48,Dong Hoi,VDH,Vietnam Airlines,VN1590,1,29R,Landed,VN-A329,A321,passenger
2026-02-23,11:15,03:18,Shanghai,PVG,Air China,CA703,2,11L,Landed,B-6942,A321,passenger
2026-02-23,11:11,01:33,Da Lat,DLI,Vietnam Airlines,VN1572,1,11L,Landed,VN-A515,A20N,passenger
2026-02-23,11:09,01:38,Ho Chi Minh City,SGN,Vietnam Airlines,VN244,1,11L,Landed,VN-A866,B789,passenger
2026-02-23,10:58,01:16,Pleiku,PXU,Vietnam Airlines,VN1614,1,11L,Landed,VN-A336,A321,passenger
2026-02-23,10:55,01:19,Qui Nhon,UIH,VietJet Air,VJ430,1,N/A,Landed,VN-A656,A320,passenger
2026-02-23,10:52,01:43,Ho Chi Minh City,SGN,VietJet Air,VJ184,1,11L,Landed,VN-A815,A333,passenger
2026-02-23,10:49,00:59,Da Nang,DAD,Vietnam Airlines,VN164,1,11L,Landed,VN-A335,A321,passenger
2026-02-23,10:44,00:39,Vinh,VII,Vietnam Airlines,VN1716,1,11L,Landed,VN-A616,A21N,passenger
2026-02-23,10:38,01:31,Nha Trang,CXR,VietJet Air,VJ772,1,11L,Landed,VN-A811,A333,passenger
2026-02-23,10:31,01:10,Chu Lai,VCL,Vietnam Airlines,VN1640,1,11L,Landed,VN-A513,A20N,passenger
2026-02-23,10:28,01:35,Guangzhou,CAN,China Southern Airlines,CZ3049,2,11L,Landed,B-6785,A320,passenger
2026-02-23,10:22,02:47,Taipei,TPE,STARLUX,JX715,2,11L,Landed,B-58209,A21N,passenger
2026-02-23,10:12,01:39,Ho Chi Minh City,SGN,Vietnam Airlines,VN208,1,11L,Landed,VN-A867,B789,passenger
2026-02-23,10:10,01:44,Ho Chi Minh City,SGN,VietJet Air,VJ1122,1,11L,Landed,VN-A674,A21N,passenger
2026-02-23,10:06,02:33,Kaohsiung,KHH,Vietnam Airlines,VN587,2,11L,Landed,VN-A331,A321,passenger
2026-02-23,10:03,01:31,Buon Ma Thuot,BMV,VietJet Air,VJ492,1,11L,Landed,VN-A644,A321,passenger
2026-02-23,09:59,01:42,Ho Chi Minh City,SGN,Vietravel Airlines,VU750,1,11L,Landed,VN-A136,A320,passenger
2026-02-23,09:56,01:41,Ho Chi Minh City,SGN,Pegasus,VJ148,1,11L,Landed,LY-NVE,A320,passenger
2026-02-23,09:47,02:47,Taipei,TPE,Vietnam Airlines,VN579,2,11L,Landed,VN-A399,A321,passenger
2026-02-23,09:43,01:23,Siem Reap,SAI,EuroAtlantic Airways,YU969,2,11L,Landed,CS-TSX,B772,passenger
2026-02-23,09:39,00:59,Da Nang,DAD,Vietravel Airlines,VU638,1,11L,Landed,VN-A129,A321,passenger
2026-02-23,09:35,01:16,Pleiku,PXU,VietJet Air,VJ422,1,11L,Landed,VN-A636,A321,passenger
2026-02-23,09:32,01:42,Ho Chi Minh City,SGN,Sun PhuQuoc Airways,9G808,1,11L,Landed,VN-A279,A321,passenger
2026-02-23,09:28,01:42,Ho Chi Minh City,SGN,BBN Airlines Indonesia,QH204,1,11L,Landed,PK-BBK,B739,passenger
2026-02-23,09:23,01:25,Bangkok,BKK,Thai Airways,TG560,2,11L,Landed,HS-TXT,A320,passenger
2026-02-23,09:20,01:42,Ho Chi Minh City,SGN,VietJet Air,VJ1120,1,11L,Landed,VN-A653,A21N,passenger
2026-02-23,09:16,00:55,Hue,HUI,Vietnam Airlines,VN1540,1,11L,Landed,VN-A358,A321,passenger
2026-02-23,09:06,01:42,Ho Chi Minh City,SGN,Vietnam Airlines,VN240,1,11L,Landed,VN-A871,B789,passenger
2026-02-23,09:03,00:59,Da Nang,DAD,Vietnam Airlines,VN158,1,11L,Landed,VN-A505,A21N,passenger
2026-02-23,08:58,04:20,Seoul,ICN,VietJet Air,VJ963,2,11L,Landed,VN-A525,A21N,passenger
2026-02-23,08:53,01:39,Ho Chi Minh City,SGN,Vietnam Airlines,VN7032,1,11L,Landed,VN-A895,A359,passenger
2026-02-23,08:50,01:51,N/A,,VietJet Air,VJ176,2,11L,Landed,VN-A683,A321,passenger
2026-02-23,08:44,01:46,Hong Kong,HKG,HK express,UO540,2,11L,Landed,B-LEK,A321,passenger
2026-02-23,08:39,02:58,Singapore,SIN,Scoot,TR300,2,N/A,Landed,9V-OFM,B788,passenger
2026-02-23,08:37,01:04,Da Nang,DAD,VietJet Air,VJ510,1,11L,Landed,VN-A578,A21N,passenger
2026-02-23,08:30,01:47,Ho Chi Minh City,SGN,Vietnam Airlines,VN206,1,11L,Landed,VN-A614,A321,passenger
2026-02-23,08:22,01:42,Ho Chi Minh City,SGN,Sun PhuQuoc Airways,9G806,1,11L,Landed,VN-A286,A21N,passenger
2026-02-23,08:18,01:42,Ho Chi Minh City,SGN,VietJet Air,VJ126,1,11L,Landed,VN-A641,A321,passenger
2026-02-23,08:04,02:47,Kuala Lumpur,KUL,AirAsia,AK9516,2,11L,Landed,9M-AGI,A20N,passenger
2026-02-23,07:54,02:57,Manila,MNL,Cebu Pacific,5J744,2,11L,Landed,RP-C4111,A321,passenger
2026-02-23,07:34,01:42,Ho Chi Minh City,SGN,Bamboo Airways,QH202,1,N/A,Landed,VN-A227,A321,passenger
2026-02-23,07:30,02:46,Manila,MNL,Vietnam Airlines,VN646,2,11L,Landed,VN-A329,A321,passenger
2026-02-23,07:25,01:02,Da Nang,DAD,VietJet Air,VJ502,1,11L,Landed,VN-A635,A321,passenger
2026-02-23,07:23,03:26,Cebu,CEB,Vietnam Airlines,VN642,2,11L,Landed,VN-A396,A321,passenger
2026-02-23,07:07,01:41,Ho Chi Minh City,SGN,VietJet Air,VJ122,1,11L,Landed,VN-A814,A333,passenger
2026-02-23,07:02,01:42,Ho Chi Minh City,SGN,N/A,VN6002,1,11L,Landed,VN-A363,A321,passenger
2026-02-23,06:59,00:58,Da Nang,DAD,Vietnam Airlines,VN154,1,11L,Landed,VN-A619,A21N,passenger
2026-02-23,06:54,03:47,Bengaluru,BLR,Vietnam Airlines,VN982,2,11L,Landed,VN-A616,A21N,passenger
2026-02-23,06:42,05:47,Doha,DOH,Qatar Airways,QR982,2,11L,Landed,A7-BHU,B789,passenger
2026-02-23,06:28,02:42,Xi'an,XIY,VietJet Air,VJ7343,2,11L,Landed,VN-A656,A320,passenger
2026-02-23,06:23,01:42,Ho Chi Minh City,SGN,Vietnam Airlines,VN7214,1,11L,Landed,VN-A336,A321,passenger
2026-02-23,06:20,03:04,Shanghai,PVG,VietJet Air,VJ7239,2,11L,Landed,VN-A663,A320,passenger
2026-02-23,06:12,03:50,Ahmedabad,AMD,VietJet Air,VJ1926,2,N/A,Landed,VN-A658,A320,passenger
2026-02-23,06:08,01:40,Ho Chi Minh City,SGN,Vietnam Airlines,VN7210,1,11L,Landed,VN-A335,A321,passenger
2026-02-23,06:04,03:58,Jakarta,CGK,Vietnam Airlines,VN634,2,11L,Landed,VN-A397,A321,passenger
2026-02-23,06:01,08:55,Melbourne,MEL,Vietnam Airlines,VN778,2,11L,Landed,VN-A897,A359,passenger
2026-02-23,05:57,01:34,Ho Chi Minh City,SGN,Vietnam Airlines,VN7012,1,11L,Landed,VN-A878,B78X,passenger
2026-02-23,05:34,05:33,Abu Dhabi,AUH,Etihad Airways,EY432,2,11L,Landed,A6-BLH,B789,passenger
2026-02-23,05:27,03:28,Beijing,PKX,VietJet Air,VJ7713,2,11L,Landed,VN-A689,A320,passenger
2026-02-23,05:22,01:40,Ho Chi Minh City,SGN,VietJet Air,VJ1124,1,11L,Landed,VN-A677,A321,passenger
2026-02-23,05:17,01:45,Ho Chi Minh City,SGN,Sun PhuQuoc Airways,9G8902,1,11L,Landed,VN-A281,A21N,passenger
2026-02-23,05:14,01:33,Guangzhou,CAN,VietJet Air,VJ7527,2,11L,Landed,VN-A640,A321,passenger
2026-02-23,05:11,03:23,Hyderabad,HYD,Vietnam Airlines,VN984,2,11L,Landed,VN-A327,A321,passenger
2026-02-23,04:57,01:45,Ho Chi Minh City,SGN,VietJet Air,VJ182,1,11L,Landed,VN-A634,A321,passenger
2026-02-23,04:52,01:44,Ho Chi Minh City,SGN,VietJet Air,VJ1166,1,11L,Landed,VN-A642,A321,passenger
2026-02-23,04:46,03:42,Mumbai,BOM,Vietnam Airlines,VN972,2,11L,Landed,VN-A869,B789,passenger
2026-02-23,04:32,03:17,Delhi,DEL,Vietnam Airlines,VN980,2,11L,Landed,VN-A866,B789,passenger
2026-02-23,04:28,10:12,London,LHR,Vietnam Airlines,VN56,2,11L,Landed,VN-A868,B789,passenger
2026-02-23,03:53,01:43,Ho Chi Minh City,SGN,Sun PhuQuoc Airways,9G8802,1,11L,Landed,VN-A280,A321,passenger
2026-02-23,03:46,01:43,Ho Chi Minh City,SGN,VietJet Air,VJ158,1,11L,Landed,VN-A644,A321,passenger
2026-02-23,03:34,01:40,Ho Chi Minh City,SGN,Vietravel Airlines,VU702,1,11L,Landed,VN-A129,A321,passenger
2026-02-23,03:31,01:51,Ho Chi Minh City,SGN,VietJet Air,VJ178,1,11L,Landed,VN-A661,A321,passenger
2026-02-23,03:24,01:46,Ho Chi Minh City,SGN,Vietnam Airlines,VN7208,1,11L,Landed,VN-A325,A321,passenger
2026-02-23,03:21,04:24,Seoul,ICN,Air Zeta,KJ387,0,11L,Landed,HL7507,B763,cargo
2026-02-23,03:06,03:20,Shanghai,PVG,China Eastern Airlines,MU7235,2,11L,Landed,B-32LH,A21N,passenger
2026-02-23,02:41,01:35,Nha Trang,CXR,VietJet Air,VJ779,1,11L,Landed,VN-A649,A321,passenger
2026-02-23,02:38,01:34,Guangzhou,CAN,FedEx,FX5775,0,11L,Landed,N121FE,B763,cargo
2026-02-23,02:33,01:40,Ho Chi Minh City,SGN,Bamboo Airways,QH292,1,11L,Landed,VN-A596,A20N,passenger
2026-02-23,02:19,01:40,Ho Chi Minh City,SGN,Vietravel Airlines,VU782,1,11L,Landed,VN-A289,A321,passenger
2026-02-23,01:54,01:32,Nha Trang,CXR,VietJet Air,VJ7614,1,11L,Landed,VN-A516,A21N,passenger
2026-02-23,01:52,04:15,Seoul,ICN,Korean Air,KE9387,0,11L,Landed,HL7602,B744,cargo
2026-02-23,01:48,01:45,Phu Quoc,PQC,VietJet Air,VJ1446,1,11L,Landed,VN-A674,A21N,passenger
2026-02-23,01:45,01:41,Ho Chi Minh City,SGN,Sun PhuQuoc Airways,9G7894,1,11L,Landed,VN-A284,A21N,passenger
2026-02-23,01:35,03:24,Shanghai,PVG,China Eastern Airlines,MU5075,2,N/A,Landed,B-5858,B738,passenger
2026-02-23,01:30,03:56,Qingdao,TAO,Shandong Airlines,SC4649,2,11L,Landed,B-7978,B738,passenger
2026-02-23,01:27,01:43,Ho Chi Minh City,SGN,Vietnam Airlines,VN224,1,11L,Landed,VN-A395,A321,passenger
2026-02-23,01:22,02:51,Hangzhou,HGH,Air China,CA707,2,11L,Landed,B-8493,A320,passenger
2026-02-23,01:16,01:40,Ho Chi Minh City,SGN,Sun PhuQuoc Airways,9G886,1,11L,Landed,VN-A909,A20N,passenger
2026-02-23,01:11,02:43,Zhengzhou,CGO,China Southern Airlines,CZ5029,2,11L,Landed,B-5021,B738,passenger
2026-02-23,01:09,01:42,Ho Chi Minh City,SGN,Vietnam Airlines,VN270,1,11L,Landed,VN-A358,A321,passenger
2026-02-23,01:06,02:42,Manila,MNL,Philippine Airlines,PR595,2,11L,Landed,RP-C7784,B77W,passenger
2026-02-23,01:03,01:34,Shenzhen,SZX,Shenzhen Airlines,ZH107,2,11L,Landed,B-6286,A320,passenger
2026-02-23,00:58,01:45,Ho Chi Minh City,SGN,Sun PhuQuoc Airways,9G8896,1,11L,Landed,VN-A282,A21N,passenger
2026-02-23,00:55,01:04,Da Nang,DAD,Bamboo Airways,QH148,1,11L,Landed,VN-A597,A321,passenger
2026-02-23,00:53,01:48,Ho Chi Minh City,SGN,VietJet Air,VJ156,1,11L,Landed,VN-A643,A321,passenger
2026-02-23,00:49,03:26,Jinan,TNA,Shandong Airlines,SC8071,2,11L,Landed,B-5513,B738,passenger
2026-02-23,00:43,00:54,Hue,HUI,Vietnam Airlines,VN1548,1,11L,Landed,VN-A507,A21N,passenger
2026-02-23,00:40,03:05,Shanghai,PVG,Juneyao Air,HO1329,2,11L,Landed,B-324D,A20N,passenger
2026-02-23,00:23,01:42,Ho Chi Minh City,SGN,Sun PhuQuoc Airways,9G882,1,11L,Landed,VN-A279,A321,passenger
2026-02-23,00:21,01:01,Da Nang,DAD,Vietnam Airlines,VN7160,1,11L,Landed,VN-A513,A20N,passenger
2026-02-23,00:08,01:00,Da Nang,DAD,Vietnam Airlines,VN7162,1,11L,Landed,VN-A505,A21N,passenger
2026-02-23,00:05,01:44,Ho Chi Minh City,SGN,VietJet Air,VJ180,1,11L,Landed,VN-A810,A333,passenger
2026-02-23,00:01,01:23,Bangkok,BKK,Vietnam Airlines,VN616,2,11L,Landed,VN-A353,A321,passenger
2026-02-24,23:53,01:34,Guangzhou,CAN,China Southern Airlines,CZ371,2,11L,Landed,B-225D,B38M,passenger
2026-02-24,23:42,01:42,Ho Chi Minh City,SGN,VietJet Air,VJ156,1,11L,Landed,VN-A673,A321,passenger
2026-02-24,23:37,00:57,Da Nang,DAD,VietJet Air,VJ520,1,11L,Landed,VN-A528,A21N,passenger
2026-02-24,23:28,01:36,Ho Chi Minh City,SGN,Vietnam Airlines,VN260,1,N/A,Landed,VN-A865,B789,passenger
2026-02-24,23:25,01:48,Can Tho,VCA,VietJet Air,VJ464,1,11L,Landed,VN-A636,A321,passenger
2026-02-24,23:22,01:30,Nha Trang,CXR,VietJet Air,VJ778,1,11L,Landed,VN-A644,A321,passenger
2026-02-24,23:18,04:34,Seoul,ICN,T'way Air,TW61,2,11L,Landed,HL8306,B738,passenger
2026-02-24,23:16,01:40,Ho Chi Minh City,SGN,VietJet Air,VJ158,1,11L,Landed,VN-A535,A321,passenger
2026-02-24,23:12,01:23,Buon Ma Thuot,BMV,VietJet Air,VJ494,1,11L,Landed,VN-A578,A21N,passenger
2026-02-24,23:09,05:45,Tokyo,NRT,Japan Airlines,JL751,2,11L,Landed,JA616J,B763,passenger
2026-02-24,23:06,01:51,Ho Chi Minh City,SGN,Vietnam Airlines,VN256,1,11L,Landed,VN-A863,B789,passenger
2026-02-24,23:02,01:50,Ho Chi Minh City,SGN,Vietnam Airlines,VN220,1,N/A,Landed,VN-A874,B78X,passenger
2026-02-24,23:01,01:54,Chengdu,TFU,Sichuan Airlines,3U3905,2,11L,Landed,B-6955,A320,passenger
2026-02-24,22:57,01:30,Macau,MFM,Air Macau,NX984,2,N/A,Landed,B-MBO,A20N,passenger
2026-02-24,22:54,01:49,Ho Chi Minh City,SGN,VietJet Air,VJ190,1,11L,Landed,VN-A532,A321,passenger
2026-02-24,22:50,02:46,Kuala Lumpur,KUL,Vietnam Airlines,VN680,2,11L,Landed,VN-A336,A321,passenger
2026-02-24,22:47,01:48,Ho Chi Minh City,SGN,BBN Airlines Indonesia,QH268,1,N/A,Landed,PK-BBK,B739,passenger
2026-02-24,22:44,01:42,Ho Chi Minh City,SGN,VietJet Air,VJ180,1,11L,Landed,VN-A816,A333,passenger
2026-02-24,22:41,00:59,Da Nang,DAD,VietJet Air,VJ516,1,11L,Landed,VN-A666,A320,passenger
2026-02-24,22:38,01:21,Buon Ma Thuot,BMV,VietJet Air,VJ1492,1,11L,Landed,VN-A639,A321,passenger
2026-02-24,22:35,01:41,Ho Chi Minh City,SGN,Vietnam Airlines,VN7242,1,11L,Landed,VN-A898,A359,passenger
2026-02-24,22:32,01:34,Macau,MFM,Air Macau,NX982,2,11L,Landed,B-MCG,A321,passenger
2026-02-24,22:24,04:15,Seoul,ICN,Asiana Airlines,OZ733,2,11L,Landed,HL8362,A359,passenger
2026-02-24,22:18,01:44,Hong Kong,HKG,HK express,UO542,2,11L,Landed,B-KKH,A21N,passenger
2026-02-24,22:12,05:39,Tokyo,NRT,All Nippon Airways,NH897,2,N/A,Landed,JA836A,B789,passenger
2026-02-24,22:09,01:47,Can Tho,VCA,Vietnam Airlines,VN1206,1,11L,Landed,VN-A622,A21N,passenger
2026-02-24,22:02,01:38,Ho Chi Minh City,SGN,VietJet Air,VJ166,1,11L,Landed,VN-A661,A321,passenger
2026-02-24,21:57,01:40,Ho Chi Minh City,SGN,Sun PhuQuoc Airways,9G868,1,11L,Landed,VN-A279,A321,passenger
2026-02-24,21:51,01:24,Siem Reap,SAI,Vietnam Airlines,VN842,2,11L,Landed,VN-A396,A321,passenger
2026-02-24,21:48,01:08,Da Nang,DAD,Vietnam Airlines,VN188,1,11L,Landed,VN-A515,A20N,passenger
2026-02-24,21:46,01:43,Ho Chi Minh City,SGN,Vietnam Airlines,VN262,1,11L,Landed,VN-A889,A359,passenger
2026-02-24,21:42,01:33,Bangkok,BKK,FedEx,FX6002,0,11L,Landed,N118FE,B763,cargo
2026-02-24,21:39,04:19,Seoul,ICN,Korean Air,KE447,2,11L,Landed,HL8393,B789,passenger
2026-02-24,21:36,01:42,Phu Quoc,PQC,Sun PhuQuoc Airways,9G1230,1,11L,Landed,VN-A286,A21N,passenger
2026-02-24,21:30,01:03,Da Nang,DAD,Vietravel Airlines,VU658,1,11L,Landed,VN-A129,A321,passenger
2026-02-24,21:28,04:33,Denpasar,DPS,VietJet Air,VJ998,2,29R,Landed,VN-A674,A21N,passenger
2026-02-24,21:25,01:45,Phu Quoc,PQC,N/A,VN6400,1,11L,Landed,VN-A363,A321,passenger
2026-02-24,21:23,01:41,Ho Chi Minh City,SGN,VietJet Air,VJ160,1,11L,Landed,VN-A629,A321,passenger
2026-02-24,21:19,02:50,Taipei,TPE,VietJet Air,VJ943,2,11L,Landed,VN-A525,A21N,passenger
2026-02-24,21:16,01:28,Nha Trang,CXR,Vietnam Airlines,VN1562,1,11L,Landed,VN-A605,A321,passenger
2026-02-24,21:14,01:42,Ho Chi Minh City,SGN,Vietnam Airlines,VN258,1,11L,Landed,VN-A873,B78X,passenger
2026-02-24,21:10,02:04,Dhaka,DAC,Cathay Pacific,CX48,0,11L,Landed,B-LIB,B744,cargo
2026-02-24,21:07,01:12,Qui Nhon,UIH,Vietnam Airlines,VN7620,1,11L,Landed,VN-A619,A21N,passenger
2026-02-24,21:04,00:50,Vientiane,VTE,Vietnam Airlines,VN920,2,11L,Landed,VN-A338,A321,passenger
2026-02-24,21:02,05:52,Tokyo,NRT,VietJet Air,VJ935,2,11L,Landed,VN-A607,A21N,passenger
2026-02-24,20:58,,Dhaka,DAC,Turkish Airlines,TK6232,0,11L,Landed,TC-LJR,B77L,cargo
2026-02-24,20:54,01:46,Phu Quoc,PQC,VietJet Air,VJ1440,1,N/A,Landed,VN-A545,A21N,passenger
2026-02-24,20:48,01:41,Da Lat,DLI,VietJet Air,VJ410,1,29R,Landed,VN-A675,A320,passenger
2026-02-24,20:42,01:33,Shenzhen,SZX,China Southern Airlines,CZ8083,2,11L,Landed,B-6979,A321,passenger
2026-02-24,20:40,01:48,Ho Chi Minh City,SGN,Vietravel Airlines,VU780,1,11L,Landed,VN-A289,A321,passenger
2026-02-24,20:33,01:23,Bangkok,BKK,VietJet Air,VJ904,2,N/A,Landed,VN-A552,A21N,passenger
2026-02-24,20:30,01:17,Siem Reap,SAI,VietJet Air,VJ914,2,29R,Landed,VN-A693,A21N,passenger
2026-02-24,20:18,00:59,Hue,HUI,Vietnam Airlines,VN1544,1,N/A,Landed,VN-A327,A321,passenger
2026-02-24,20:12,05:22,Tokyo,HND,Vietnam Airlines,VN385,2,11L,Landed,VN-A864,B789,passenger
2026-02-24,20:09,00:57,Da Nang,DAD,Vietnam Airlines,VN174,1,11L,Landed,VN-A608,A321,passenger
2026-02-24,20:05,01:39,Ho Chi Minh City,SGN,Bamboo Airways,QH262,1,11L,Landed,VN-A227,A321,passenger
2026-02-24,19:54,00:40,Vinh,VII,Vietnam Airlines,VN1718,1,11L,Landed,VN-A329,A321,passenger
2026-02-24,19:52,02:41,Taichung,RMQ,VietJet Air,VJ949,2,11L,Landed,VN-A630,A321,passenger
2026-02-24,19:49,01:48,Phu Quoc,PQC,Sun PhuQuoc Airways,9G1220,1,11L,Landed,VN-A281,A21N,passenger
2026-02-24,19:46,06:11,Doha,DOH,Qatar Airways,QR984,2,11L,Landed,A7-BDD,B788,passenger
2026-02-24,19:43,01:19,Qui Nhon,UIH,VietJet Air,VJ432,1,11L,Landed,VN-A658,A320,passenger
2026-02-24,19:41,01:44,Chongqing,CKG,West Air,PN6423,2,11L,Landed,B-32JM,A19N,passenger
2026-02-24,19:35,01:37,Ho Chi Minh City,SGN,Vietnam Airlines,VN7290,1,N/A,Landed,VN-A886,A359,passenger
2026-02-24,19:32,01:43,Hong Kong,HKG,Hong Kong Airlines,HX528,2,29R,Landed,B-LPP,A320,passenger
2026-02-24,19:29,01:38,Ho Chi Minh City,SGN,Vietnam Airlines,VN254,1,11L,Landed,VN-A862,B789,passenger
2026-02-24,19:26,01:24,Siem Reap,SAI,Vietnam Airlines,VN836,2,11L,Landed,VN-A397,A321,passenger
2026-02-24,19:14,01:37,Ho Chi Minh City,SGN,VietJet Air,VJ172,1,11L,Landed,VN-A817,A333,passenger
2026-02-24,19:10,02:46,Xi'an,XIY,China Eastern Airlines,MU867,2,11L,Landed,B-326Z,A20N,passenger
2026-02-24,19:07,05:03,Osaka,KIX,VietJet Air,VJ931,2,11L,Landed,VN-A528,A21N,passenger
2026-02-24,19:04,01:59,Changsha,CSX,China Southern Airlines,CZ8359,2,11L,Landed,B-32FU,A20N,passenger
2026-02-24,19:00,01:38,Ho Chi Minh City,SGN,Vietnam Airlines,VN252,1,29R,Landed,VN-A866,B789,passenger
2026-02-24,18:57,01:34,Shenzhen,SZX,Shenzhen Airlines,ZH105,2,11L,Landed,B-1939,B738,passenger
2026-02-24,18:53,01:54,Con Dao,VCS,VietJet Air,VJ108,1,11L,Landed,B-656E,AJ27,passenger
2026-02-24,18:39,01:58,Hong Kong,HKG,Cathay Pacific,CX743,2,11L,Landed,B-HNQ,B773,passenger
2026-02-24,18:35,01:48,Ho Chi Minh City,SGN,Vietnam Airlines,VN216,1,11L,Landed,VN-A870,B789,passenger
2026-02-24,18:33,01:51,Ho Chi Minh City,SGN,VietJet Air,VJ192,1,11L,Landed,VN-A811,A333,passenger
2026-02-24,18:30,03:48,Beijing,PEK,Vietnam Airlines,VN513,2,N/A,Landed,VN-A332,A321,passenger
2026-02-24,18:28,01:35,Nha Trang,CXR,Vietnam Airlines,VN1558,1,11L,Landed,VN-A512,A21N,passenger
2026-02-24,18:25,01:09,Luang Prabang,LPQ,Lao Airlines,QV313,2,11L,Landed,RDPL-34225,AT76,passenger
2026-02-24,18:22,01:46,Phu Quoc,PQC,VietJet Air,VJ446,1,11L,Landed,VN-A656,A320,passenger
2026-02-24,18:19,05:57,Abu Dhabi,AUH,Etihad Airways,EY430,2,11L,Landed,A6-BLF,B789,passenger
2026-02-24,18:17,01:46,Guangzhou,CAN,China Southern Airlines,CZ8177,2,11L,Landed,B-9930,A320,passenger
2026-02-24,18:13,01:45,Phu Quoc,PQC,Sun PhuQuoc Airways,9G1216,1,11L,Landed,VN-A284,A21N,passenger
2026-02-24,18:11,03:53,Jakarta,CGK,VietJet Air,VJ928,2,N/A,Landed,VN-A663,A320,passenger
2026-02-24,18:08,01:35,Phnom Penh,KTI,Air Cambodia,K6850,2,11L,Landed,XU-356,A320,passenger
2026-02-24,18:06,02:57,Singapore,XSP,Hai Au Aviation,HAI488,2,29R,Landed,VN-A488,FA8X,business jet
2026-02-24,18:02,02:32,Kaohsiung,KHH,VietJet Air,VJ947,2,11L,Landed,VN-A683,A321,passenger
2026-02-24,18:00,01:48,Ho Chi Minh City,SGN,VietJet Air,VJ194,1,11L,Landed,VN-A549,A21N,passenger
2026-02-24,17:57,01:53,Ho Chi Minh City,SGN,Sun PhuQuoc Airways,9G854,1,11L,Landed,VN-A280,A321,passenger
2026-02-24,17:54,01:09,Da Nang,DAD,VietJet Air,VJ512,1,11L,Landed,VN-A644,A321,passenger
2026-02-24,17:51,01:44,Ho Chi Minh City,SGN,Vietnam Airlines,VN232,1,N/A,Landed,VN-A872,B78X,passenger
2026-02-24,17:49,01:39,Nha Trang,CXR,VietJet Air,VJ784,1,11L,Landed,VN-A648,A321,passenger
2026-02-24,17:45,01:31,Bangkok,BKK,Vietnam Airlines,VN614,2,11L,Landed,VN-A398,A321,passenger
2026-02-24,17:42,01:31,Bangkok,BKK,VietJet Air,VJ902,2,11L,Landed,VN-A636,A321,passenger
2026-02-24,17:40,01:38,Nha Trang,CXR,Bamboo Airways,QH1416,1,11L,Landed,VN-A597,A321,passenger
2026-02-24,17:37,03:09,Shanghai,PVG,Vietnam Airlines,VN533,2,11L,Landed,VN-A618,A21N,passenger
2026-02-24,17:34,01:41,Ho Chi Minh City,SGN,Vietnam Airlines,VN7292,1,11L,Landed,VN-A877,B78X,passenger
2026-02-24,17:32,03:28,Shanghai,PVG,China Eastern Airlines,MU6013,2,11L,Landed,B-32LH,A21N,passenger
2026-02-24,17:29,01:39,Ho Chi Minh City,SGN,Vietnam Airlines,VN248,1,11L,Landed,VN-A899,A359,passenger
2026-02-24,17:28,01:45,Ho Chi Minh City,SGN,VietJet Air,VJ130,1,11L,Landed,VN-A812,A333,passenger
2026-02-24,17:23,01:00,Da Nang,DAD,VietJet Air,VJ514,1,11L,Landed,VN-A535,A321,passenger
2026-02-24,17:19,02:57,Singapore,SIN,Singapore Airlines,SQ194,2,11L,Landed,9V-MBR,B38M,passenger
2026-02-24,17:14,00:45,Luang Prabang,LPQ,AirAsia,FD1038,2,11L,Landed,HS-CBB,A20N,passenger
2026-02-24,17:11,01:40,Ho Chi Minh City,SGN,Vietnam Airlines,VN250,1,11L,Landed,VN-A888,A359,passenger
2026-02-24,17:07,01:36,Guangzhou,CAN,Vietnam Airlines,VN507,2,11L,Landed,VN-A393,A321,passenger
2026-02-24,17:05,00:40,Dien Bien Phu,DIN,Vietnam Airlines,VN1805,1,11L,Landed,VN-A331,A321,passenger
2026-02-24,17:02,04:31,Busan,PUS,VietJet Air,VJ957,2,11L,Landed,VN-A668,A320,passenger
2026-02-24,16:59,02:45,Singapore,SIN,VietJet Air,VJ916,2,11L,Landed,VN-A578,A21N,passenger
2026-02-24,16:55,02:42,Taipei,TPE,EVA Air,BR385,2,11L,Landed,B-16213,A321,passenger
2026-02-24,16:43,01:45,Ho Chi Minh City,SGN,Vietnam Airlines,VN7248,1,11L,Landed,VN-A865,B789,passenger
2026-02-24,16:40,04:55,Hiroshima,HIJ,VietJet Air,VJ953,2,11L,Landed,VN-A655,A320,passenger
2026-02-24,16:38,01:44,Ho Chi Minh City,SGN,Sun PhuQuoc Airways,9G824,1,11L,Landed,VN-A282,A21N,passenger
2026-02-24,16:35,03:26,Shanghai,PVG,Air China,CA755,2,11L,Landed,B-8492,A321,passenger
2026-02-24,16:32,01:56,Can Tho,VCA,Vietnam Airlines,VN1202,1,11L,Landed,VN-A329,A321,passenger
2026-02-24,16:29,01:27,Tuy Hoa,TBB,Vietnam Airlines,VN1650,1,11L,Landed,VN-A396,A321,passenger
2026-02-24,16:24,00:58,Da Nang,DAD,Vietnam Airlines,VN172,1,11L,Landed,VN-A339,A321,passenger
2026-02-24,16:21,02:51,Taipei,TPE,China Airlines,CI793,2,11L,Landed,B-18107,A21N,passenger
2026-02-24,16:18,01:40,Ho Chi Minh City,SGN,Vietnam Airlines,VN214,1,11L,Landed,VN-A874,B78X,passenger
2026-02-24,16:15,01:45,Ho Chi Minh City,SGN,Vietravel Airlines,VU770,1,11L,Landed,VN-A129,A321,passenger
2026-02-24,16:10,01:08,Da Nang,DAD,Vietnam Airlines,VN7164,1,11L,Landed,VN-A619,A21N,passenger
2026-02-24,16:06,01:48,Ho Chi Minh City,SGN,Vietnam Airlines,VN7040,1,11L,Landed,VN-A622,A21N,passenger
2026-02-24,16:01,01:59,Can Tho,VCA,VietJet Air,VJ460,1,11L,Landed,VN-A661,A321,passenger
2026-02-24,15:59,01:52,Phu Quoc,PQC,Sun PhuQuoc Airways,9G1208,1,11L,Landed,VN-A286,A21N,passenger
2026-02-24,15:56,01:54,Ho Chi Minh City,SGN,BBN Airlines Indonesia,QH242,1,11L,Landed,PK-BBK,B739,passenger
2026-02-24,15:51,02:55,Kuala Lumpur,KUL,AirAsia,AK512,2,11L,Landed,9M-AJT,A320,passenger
2026-02-24,15:48,00:42,N/A,,N/A,N/A,2,11L,Landed,VN-B469,C208,passenger
2026-02-24,15:44,01:53,Can Tho,VCA,VietJet Air,VJ462,1,11L,Landed,VN-A666,A320,passenger
2026-02-24,15:39,01:33,Da Lat,DLI,VietJet Air,VJ408,1,11L,Landed,VN-A675,A320,passenger
2026-02-24,15:37,02:42,Singapore,SIN,Vietnam Airlines,VN660,2,11L,Landed,VN-A898,A359,passenger
2026-02-24,15:34,01:00,Da Nang,DAD,VietJet Air,VJ1510,1,11L,Landed,VN-A693,A21N,passenger
2026-02-24,15:30,01:05,Da Nang,DAD,N/A,VN6080,1,11L,Landed,VN-A363,A321,passenger
2026-02-24,15:25,01:38,Bangkok,BKK,China Airlines,CI6654,0,11L,Landed,B-18721,B744,cargo
2026-02-24,15:23,03:30,Shanghai,PVG,China Eastern Airlines,MU6011,2,11L,Landed,B-6592,A321,passenger
2026-02-24,15:20,01:53,Da Lat,DLI,VietJet Air,VJ404,1,11L,Landed,VN-A658,A320,passenger
2026-02-24,15:15,01:42,Ho Chi Minh City,SGN,VietJet Air,VJ138,1,11L,Landed,VN-A526,A21N,passenger
2026-02-24,15:11,01:47,Ho Chi Minh City,SGN,Vietnam Airlines,VN212,1,11L,Landed,VN-A861,B789,passenger
2026-02-24,15:08,01:21,Qui Nhon,UIH,Vietnam Airlines,VN1622,1,11L,Landed,VN-A513,A20N,passenger
2026-02-24,15:05,01:47,Ho Chi Minh City,SGN,Vietnam Airlines,VN7046,1,11L,Landed,VN-A503,A21N,passenger
2026-02-24,15:00,01:38,Shenzhen,SZX,Shenzhen Airlines,ZH103,2,11L,Landed,B-6721,A320,passenger
2026-02-24,14:54,01:36,Shenzhen,SZX,China Southern Airlines,CZ8469,2,11L,Landed,B-6979,A321,passenger
2026-02-24,14:49,02:16,Xiamen,XMN,Xiamen Air,MF869,2,11L,Landed,B-5595,B738,passenger
2026-02-24,14:46,00:59,Da Nang,DAD,Vietnam Airlines,VN166,1,11L,Landed,VN-A608,A321,passenger
2026-02-24,14:44,01:45,Ho Chi Minh City,SGN,VietJet Air,VJ144,1,11L,Landed,VN-A816,A333,passenger
2026-02-24,14:37,08:02,Istanbul,IST,Turkish Airlines,TK164,2,11L,Landed,TC-LHC,A359,passenger
2026-02-24,14:34,01:05,Kunming,KMG,China Eastern Airlines,MU9605,2,11L,Landed,B-5701,B738,passenger
2026-02-24,14:32,01:55,Con Dao,VCS,VietJet Air,VJ106,1,11L,Landed,B-652G,AJ27,passenger
2026-02-24,14:25,01:32,Bangkok,BKK,Vietnam Airlines,VN610,2,11L,Landed,VN-A397,A321,passenger
2026-02-24,14:22,02:45,Taipei,TPE,VietJet Air,VJ941,2,N/A,Landed,VN-A552,A21N,passenger
2026-02-24,14:20,01:30,Nha Trang,CXR,Vietnam Airlines,VN1552,1,29R,Landed,VN-A392,A321,passenger
2026-02-24,14:12,00:57,Da Nang,DAD,VietJet Air,VJ508,1,N/A,Landed,VN-A639,A321,passenger
2026-02-24,13:57,01:38,Ho Chi Minh City,SGN,Sun PhuQuoc Airways,9G836,1,11L,Landed,VN-A281,A21N,passenger
2026-02-24,13:43,05:48,Tokyo,NRT,VietJet Air,VJ933,2,11L,Landed,VN-A820,A333,passenger
2026-02-24,13:29,00:54,Hue,HUI,VietJet Air,VJ566,1,11L,Landed,VN-A644,A321,passenger
2026-02-24,13:25,05:42,Dubai,DXB,Emirates,EK394,2,11L,Landed,A6-ECZ,B77W,passenger
2026-02-24,13:23,05:32,Tokyo,NRT,Vietnam Airlines,VN311,2,29R,Landed,VN-A873,B78X,passenger
2026-02-24,13:20,01:47,Ho Chi Minh City,SGN,Vietnam Airlines,VN246,1,11L,Landed,VN-A862,B789,passenger
2026-02-24,13:18,02:30,Kaohsiung,KHH,Vietnam Airlines,VN583,2,11L,Landed,VN-A331,A321,passenger
2026-02-24,13:15,01:54,Phu Quoc,PQC,Sun PhuQuoc Airways,9G1204,1,11L,Landed,VN-A285,A21N,passenger
2026-02-24,13:12,03:08,Kuala Lumpur,KUL,Malaysia Airlines,MH752,2,11L,Landed,9M-MXK,B738,passenger
2026-02-24,13:08,05:11,Osaka,KIX,VietJet Air,VJ939,2,11L,Landed,VN-A525,A21N,passenger
2026-02-24,13:05,01:38,Phnom Penh,KTI,Air Cambodia,K6854,2,11L,Landed,XU-350,A321,passenger
2026-02-24,13:04,03:42,Delhi,DEL,IndiGo,6E1633,2,11L,Landed,VT-IIS,A20N,passenger
2026-02-24,12:59,04:52,Osaka,KIX,Vietnam Airlines,VN335,2,11L,Landed,VN-A886,A359,passenger
2026-02-24,12:57,05:18,Nagoya,NGO,VietJet Air,VJ921,2,11L,Landed,VN-A653,A21N,passenger
2026-02-24,12:51,02:03,Dhaka,DAC,Ethiopian Airlines,ET678,2,11L,Landed,ET-AXL,B789,passenger
2026-02-24,12:48,04:13,Busan,PUS,Vietnam Airlines,VN429,2,11L,Landed,VN-A879,B78X,passenger
2026-02-24,12:45,02:53,Kuala Lumpur,KUL,Batik Air,OD571,2,N/A,Landed,9M-LRU,B38M,passenger
2026-02-24,12:45,04:31,Fukuoka,FUK,VietJet Air,VJ959,2,11L,Landed,VN-A535,A321,passenger
2026-02-24,12:40,04:20,Fukuoka,FUK,Vietnam Airlines,VN357,2,11L,Landed,VN-A505,A21N,passenger
2026-02-24,12:36,01:47,Guangzhou,CAN,Shenzhen Airlines,ZH121,2,11L,Landed,B-5859,B738,passenger
2026-02-24,12:34,01:44,Ho Chi Minh City,SGN,Bamboo Airways,QH224,1,11L,Landed,JU-1410,A320,passenger
2026-02-24,12:31,01:49,Phu Quoc,PQC,Sun PhuQuoc Airways,9G1202,1,11L,Landed,VN-A284,A21N,passenger
2026-02-24,12:28,01:30,Bangkok,DMK,AirAsia,FD640,2,11L,Landed,HS-BBH,A320,passenger
2026-02-24,12:26,01:45,Ho Chi Minh City,SGN,VietJet Air,VJ128,1,11L,Landed,VN-A817,A333,passenger
2026-02-24,12:20,01:36,Nha Trang,CXR,VietJet Air,VJ780,1,11L,Landed,VN-A648,A321,passenger
2026-02-24,12:14,04:36,Seoul,ICN,Asiana Airlines,OZ729,2,11L,Landed,HL7791,B772,passenger
2026-02-24,12:11,01:40,Ho Chi Minh City,SGN,Vietnam Airlines,VN210,1,11L,Landed,VN-A870,B789,passenger
2026-02-24,12:08,02:49,Manila,MNL,Philippine Airlines,PR593,2,11L,Landed,RP-C8783,A333,passenger
2026-02-24,12:06,01:36,Nha Trang,CXR,VietJet Air,VJ770,1,11L,Landed,VN-A636,A321,passenger
2026-02-24,12:03,03:41,Beijing,PEK,Air China,CA741,2,11L,Landed,B-327U,A21N,passenger
2026-02-24,11:59,01:35,Da Lat,DLI,Bamboo Airways,QH1422,1,N/A,Landed,VN-A597,A321,passenger
2026-02-24,11:57,01:41,Ho Chi Minh City,SGN,VietJet Air,VJ186,1,11L,Landed,VN-A811,A333,passenger
2026-02-24,11:50,01:40,Ho Chi Minh City,SGN,Vietnam Airlines,VN7044,1,11L,Landed,VN-A512,A21N,passenger
2026-02-24,11:48,01:42,Phu Quoc,PQC,VietJet Air,VJ442,1,11L,Landed,VN-A630,A321,passenger
2026-02-24,11:44,01:39,Ho Chi Minh City,SGN,Sun PhuQuoc Airways,9G822,1,11L,Landed,VN-A280,A321,passenger
2026-02-24,11:42,01:24,Pleiku,PXU,Vietnam Airlines,VN1614,1,29L,Landed,VN-A393,A321,passenger
2026-02-24,11:42,01:38,Phu Quoc,PQC,Vietnam Airlines,VN1236,1,11L,Landed,VN-A339,A321,passenger
2026-02-24,11:38,00:44,Dong Hoi,VDH,Vietnam Airlines,VN1590,1,N/A,Landed,VN-A396,A321,passenger
2026-02-24,11:32,01:45,Ho Chi Minh City,SGN,VietJet Air,VJ136,1,29R,Landed,VN-A635,A321,passenger
2026-02-24,11:29,02:39,Taipei,TPE,EVA Air,BR397,2,11L,Landed,B-16719,B77W,passenger
2026-02-24,11:27,01:00,Da Nang,DAD,VietJet Air,VJ1508,1,11L,Landed,VN-A693,A21N,passenger
2026-02-24,11:24,01:04,Da Nang,DAD,Bamboo Airways,QH104,1,11L,Landed,VN-A596,A20N,passenger
2026-02-24,11:21,03:23,Shanghai,PVG,Air China,CA703,2,11L,Landed,B-8503,A321,passenger
2026-02-24,11:17,01:34,Da Lat,DLI,Vietnam Airlines,VN1572,1,N/A,Landed,VN-A515,A20N,passenger
2026-02-24,11:13,01:27,Buon Ma Thuot,BMV,Vietnam Airlines,VN1602,1,11L,Landed,VN-A358,A321,passenger
2026-02-24,11:07,02:50,Singapore,SIN,Singapore Airlines,SQ192,2,11L,Landed,9V-SHA,A359,passenger
2026-02-24,11:01,01:36,Ho Chi Minh City,SGN,Vietnam Airlines,VN244,1,11L,Landed,VN-A899,A359,passenger
2026-02-24,10:55,04:25,Busan,PUS,VietJet Air,VJ981,2,11L,Landed,VN-A683,A321,passenger
2026-02-24,10:44,01:40,Ho Chi Minh City,SGN,VietJet Air,VJ184,1,11L,Landed,VN-A812,A333,passenger
2026-02-24,10:36,00:39,Vinh,VII,Vietnam Airlines,VN7716,1,11L,Landed,VN-A390,A321,passenger
2026-02-24,10:32,01:12,Chu Lai,VCL,Vietnam Airlines,VN1640,1,11L,Landed,VN-A513,A20N,passenger
2026-02-24,10:30,01:39,Guangzhou,CAN,China Southern Airlines,CZ3049,2,11L,Landed,B-301W,A20N,passenger
2026-02-24,10:26,02:05,Hanoi,HAN,VietJet Air,VJ107,2,11L,Landed,B-656E,AJ27,passenger
2026-02-24,10:22,00:35,Vinh,VII,Vietnam Airlines,VN1716,1,11L,Landed,VN-A608,A321,passenger
2026-02-24,10:16,02:42,Taipei,TPE,STARLUX,JX715,2,11L,Landed,B-58202,A21N,passenger
2026-02-24,10:05,01:34,Nha Trang,CXR,Vietnam Airlines,VN7550,1,11L,Landed,VN-A623,A21N,passenger
2026-02-24,10:03,02:30,Kaohsiung,KHH,Vietnam Airlines,VN587,2,11L,Landed,VN-A329,A321,passenger
2026-02-24,10:00,01:40,Ho Chi Minh City,SGN,Vietravel Airlines,VU774,1,11L,Landed,VN-A136,A320,passenger
2026-02-24,09:56,02:42,Taipei,TPE,China Airlines,CI791,2,11L,Landed,B-18308,A333,passenger
2026-02-24,09:53,01:37,Hong Kong,HKG,Cathay Pacific,CX741,2,11L,Landed,B-HNK,B773,passenger
2026-02-24,09:50,01:21,Buon Ma Thuot,BMV,VietJet Air,VJ492,1,11L,Landed,VN-A639,A321,passenger
2026-02-24,09:46,00:58,Da Nang,DAD,Vietravel Airlines,VU638,1,11L,Landed,VN-A129,A321,passenger
2026-02-24,09:42,01:44,Ho Chi Minh City,SGN,VietJet Air,VJ1122,1,11L,Landed,VN-A644,A321,passenger
2026-02-24,09:37,01:48,Ho Chi Minh City,SGN,Avion Express,VJ148,1,11L,Landed,LY-NVG,A320,passenger
2026-02-24,09:33,01:26,Bangkok,BKK,Thai Airways,TG560,2,11L,Landed,HS-TXU,A320,passenger
2026-02-24,09:30,02:44,Taipei,TPE,Vietnam Airlines,VN579,2,11L,Landed,VN-A605,A321,passenger
2026-02-24,09:27,01:37,Ho Chi Minh City,SGN,Sun PhuQuoc Airways,9G808,1,11L,Landed,VN-A286,A21N,passenger
2026-02-24,09:18,03:12,Shanghai,PVG,Air China Cargo,N/A,0,11L,Landed,B-2475,B744,cargo
2026-02-24,09:08,01:31,Shenzhen,SZX,Shenzhen Airlines,ZH101,2,11L,Landed,B-6721,A320,passenger
2026-02-24,09:04,01:38,Ho Chi Minh City,SGN,Vietnam Airlines,VN240,1,11L,Landed,VN-A891,A359,passenger
2026-02-24,08:53,00:54,Hue,HUI,Vietnam Airlines,VN1540,1,11L,Landed,VN-A332,A321,passenger
2026-02-24,08:46,01:43,Hong Kong,HKG,HK express,UO540,2,11L,Landed,B-KKJ,A21N,passenger
2026-02-24,08:38,01:29,Bangkok,BKK,K-Mile Air,8K525,0,11L,Landed,HS-KMD,B738,cargo
2026-02-24,08:35,01:42,Ho Chi Minh City,SGN,Sun PhuQuoc Airways,9G806,1,11L,Landed,VN-A279,A321,passenger
2026-02-24,08:32,01:23,Bangkok,DMK,AirAsia,FD642,2,11L,Landed,HS-ABR,A320,passenger
2026-02-24,08:24,01:39,Ho Chi Minh City,SGN,VietJet Air,VJ126,1,11L,Landed,VN-A534,A21N,passenger
2026-02-24,08:07,01:38,Ho Chi Minh City,SGN,Vietnam Airlines,VN7296,1,29R,Landed,VN-A896,A359,passenger
2026-02-24,08:03,02:45,Kuala Lumpur,KUL,AirAsia,AK516,2,11L,Landed,9M-RAG,A320,passenger
2026-02-24,08:01,01:39,Ho Chi Minh City,SGN,Vietnam Airlines,VN206,1,11L,Landed,VN-A396,A321,passenger
2026-02-24,07:54,01:40,Ho Chi Minh City,SGN,Vietravel Airlines,VU750,1,11L,Landed,VN-A289,A321,passenger
2026-02-24,07:43,01:41,Ho Chi Minh City,SGN,Bamboo Airways,QH202,1,29R,Landed,VN-A227,A321,passenger
2026-02-24,07:40,01:40,Ho Chi Minh City,SGN,VietJet Air,VJ124,1,11L,Landed,VN-A816,A333,passenger
2026-02-24,07:26,02:55,Manila,MNL,Cebu Pacific,5J744,2,11L,Landed,RP-C4141,A21N,passenger
2026-02-24,07:20,00:58,Da Nang,DAD,VietJet Air,VJ524,1,11L,Landed,VN-A663,A320,passenger
2026-02-24,07:13,00:58,Da Nang,DAD,Vietnam Airlines,VN156,1,11L,Landed,VN-A608,A321,passenger
2026-02-24,07:08,02:45,Manila,MNL,Vietnam Airlines,VN646,2,11L,Landed,VN-A397,A321,passenger
2026-02-24,07:00,00:59,Da Nang,DAD,VietJet Air,VJ502,1,11L,Landed,VN-A636,A321,passenger
2026-02-24,06:55,01:38,Ho Chi Minh City,SGN,VietJet Air,VJ122,1,11L,Landed,VN-A693,A21N,passenger
2026-02-24,06:48,05:53,Doha,DOH,Qatar Airways,QR982,2,11L,Landed,A7-BHJ,B789,passenger
2026-02-24,06:42,01:41,Ho Chi Minh City,SGN,Sun PhuQuoc Airways,9G8890,1,11L,Landed,VN-A282,A21N,passenger
2026-02-24,06:37,07:57,Istanbul,IST,Turkish Airlines,TK252,2,N/A,Landed,TC-LLS,B789,passenger
2026-02-24,06:24,01:40,Ho Chi Minh City,SGN,Vietnam Airlines,VN7200,1,11L,Landed,VN-A393,A321,passenger
2026-02-24,06:15,03:56,Mumbai,BOM,VietJet Air,VJ910,2,11L,Landed,VN-A532,A321,passenger
2026-02-24,06:11,01:38,Ho Chi Minh City,SGN,Vietnam Airlines,VN7210,1,11L,Landed,VN-A327,A321,passenger
2026-02-24,06:03,01:40,Ho Chi Minh City,SGN,Vietnam Airlines,VN7218,1,11L,Landed,VN-A358,A321,passenger
2026-02-24,06:00,03:55,Jakarta,CGK,Vietnam Airlines,VN634,2,11L,Landed,VN-A331,A321,passenger
2026-02-24,05:55,01:41,Ho Chi Minh City,SGN,Bamboo Airways,QH294,1,11L,Landed,VN-A585,A321,passenger
2026-02-24,05:47,09:33,Frankfurt,FRA,Vietnam Airlines,VN36,2,11L,Landed,VN-A864,B789,passenger
2026-02-24,05:45,01:46,Ho Chi Minh City,SGN,VietJet Air,VJ1196,1,11L,Landed,VN-A630,A321,passenger
2026-02-24,05:41,04:01,Ahmedabad,AMD,VietJet Air,VJ1926,2,N/A,Landed,VN-A668,A320,passenger
2026-02-24,05:38,01:32,Nha Trang,CXR,Vietnam Airlines,VN9463,1,11L,Landed,VN-A618,A21N,passenger
2026-02-24,05:38,10:00,Paris,CDG,Vietnam Airlines,VN18,2,11L,Landed,VN-A898,A359,passenger
2026-02-24,05:29,01:38,Ho Chi Minh City,SGN,VietJet Air,VJ1124,1,11L,Landed,VN-A552,A21N,passenger
2026-02-24,05:22,03:23,Delhi,DEL,Vietnam Airlines,VN980,2,11L,Landed,VN-A866,B789,passenger
2026-02-24,05:19,01:31,Guangzhou,CAN,VietJet Air,VJ7527,2,11L,Landed,VN-A635,A321,passenger
2026-02-24,05:11,01:38,Ho Chi Minh City,SGN,Bamboo Airways,QH292,1,11L,Landed,VN-A596,A20N,passenger
2026-02-24,05:05,01:28,Nha Trang,CXR,Vietnam Airlines,VN9501,1,11L,Landed,VN-A623,A21N,passenger
2026-02-24,04:58,01:27,Guangzhou,CAN,FedEx,FX6001,0,11L,Landed,N118FE,B763,cargo
2026-02-24,04:52,07:47,Moscow,SVO,Vietnam Airlines,VN62,2,11L,Landed,VN-A870,B789,passenger
2026-02-24,04:46,03:30,Beijing,PKX,VietJet Air,VJ7713,2,11L,Landed,VN-A666,A320,passenger
2026-02-24,04:25,03:00,Shanghai,PVG,VietJet Air,VJ7239,2,11L,Landed,VN-A528,A21N,passenger
2026-02-24,04:13,01:43,Ho Chi Minh City,SGN,VietJet Air,VJ1166,1,11L,Landed,VN-A639,A321,passenger
2026-02-24,04:07,10:00,London,LHR,Vietnam Airlines,VN56,2,11L,Landed,VN-A861,B789,passenger
2026-02-24,04:04,01:39,Ho Chi Minh City,SGN,Vietnam Airlines,VN7046,1,11L,Landed,VN-A614,A321,passenger
2026-02-24,03:55,01:41,Ho Chi Minh City,SGN,Sun PhuQuoc Airways,9G8896,1,11L,Landed,VN-A284,A21N,passenger
2026-02-24,03:34,01:43,Ho Chi Minh City,SGN,Vietravel Airlines,VU782,1,11L,Landed,VN-A136,A320,passenger
2026-02-24,03:16,01:41,Ho Chi Minh City,SGN,Vietnam Airlines,VN7026,1,11L,Landed,VN-A390,A321,passenger
2026-02-24,03:12,03:27,Shanghai,PVG,China Eastern Airlines,MU7235,2,11L,Landed,B-32HX,A21N,passenger
2026-02-24,03:06,01:38,Ho Chi Minh City,SGN,Sun PhuQuoc Airways,9G8802,1,11L,Landed,VN-A286,A21N,passenger
2026-02-24,02:26,01:40,Ho Chi Minh City,SGN,VietJet Air,VJ182,1,11L,Landed,VN-A578,A21N,passenger
2026-02-24,02:16,01:40,Ho Chi Minh City,SGN,Vietnam Airlines,VN7038,1,11L,Landed,VN-A601,A321,passenger
2026-02-24,02:08,04:34,Seoul,ICN,Air Zeta,KJ375,0,N/A,Landed,HL8319,B738,cargo
2026-02-24,02:04,04:16,Seoul,ICN,Korean Air,KE361,0,11L,Landed,HL7602,B744,cargo
2026-02-24,02:01,01:51,Chengdu,TFU,VietJet Air,VJ7307,2,11L,Landed,VN-A655,A320,passenger
2026-02-24,01:51,04:30,Seoul,ICN,Air Zeta,KJ391,0,11L,Landed,HL7507,B763,cargo
2026-02-24,01:48,03:36,Shanghai,PVG,China Eastern Airlines,MU5075,2,11L,Landed,B-1772,B738,passenger
2026-02-24,01:46,01:44,Ho Chi Minh City,SGN,VietJet Air,VJ178,1,11L,Landed,VN-A535,A321,passenger
2026-02-24,01:22,02:49,Zhengzhou,CGO,China Southern Airlines,CZ5029,2,11L,Landed,B-5042,B738,passenger
2026-02-24,01:12,03:30,Jinan,TNA,Shandong Airlines,SC8071,2,11L,Landed,B-5723,B738,passenger
2026-02-24,01:07,03:01,Manila,MNL,Cebu Pacific,5J746,2,11L,Landed,RP-C4118,A21N,passenger
2026-02-24,01:04,01:42,Ho Chi Minh City,SGN,Sun PhuQuoc Airways,9G886,1,11L,Landed,VN-A280,A321,passenger
2026-02-24,01:01,01:41,Ho Chi Minh City,SGN,Vietnam Airlines,VN224,1,11L,Landed,VN-A332,A321,passenger
2026-02-24,00:58,01:41,Ho Chi Minh City,SGN,VietJet Air,VJ156,1,11L,Landed,VN-A657,A321,passenger
2026-02-24,00:54,01:39,Ho Chi Minh City,SGN,Sun PhuQuoc Airways,9G8894,1,11L,Landed,VN-A282,A21N,passenger
2026-02-24,00:50,01:37,Ho Chi Minh City,SGN,Vietnam Airlines,VN270,1,11L,Landed,VN-A398,A321,passenger
2026-02-24,00:38,01:34,Shenzhen,SZX,Shenzhen Airlines,ZH107,2,11L,Landed,B-8079,A320,passenger
2026-02-24,00:22,03:13,Shanghai,PVG,Juneyao Air,HO1329,2,11L,Landed,B-322E,A21N,passenger
2026-02-24,00:20,03:52,Jakarta,CGK,Sun PhuQuoc Airways,9G9906,2,11L,Landed,VN-A906,A21N,passenger
2026-02-24,00:13,04:34,Seoul,ICN,Jeju Air,7C2201,2,11L,Landed,HL8555,B38M,passenger
2026-02-24,00:06,01:44,Phu Quoc,PQC,VietJet Air,VJ1440,1,11L,Landed,VN-A635,A321,passenger
2026-02-24,00:03,01:50,Ho Chi Minh City,SGN,Bamboo Airways,QH280,1,11L,Landed,VN-A597,A321,passenger
2026-02-25,23:57,00:58,Da Nang,DAD,VietJet Air,VJ520,1,11L,Landed,VN-A639,A321,passenger
2026-02-25,23:47,01:31,Macau,MFM,Air Macau,NX988,2,11L,Landed,B-MCH,A320,passenger
2026-02-25,23:44,01:38,Ho Chi Minh City,SGN,Sun PhuQuoc Airways,9G882,1,11L,Landed,VN-A279,A321,passenger
2026-02-25,23:37,00:52,Hue,HUI,Vietnam Airlines,VN1548,1,11L,Landed,VN-A393,A321,passenger
2026-02-25,23:33,05:40,Tokyo,NRT,All Nippon Airways,NH8447,0,11L,Landed,JA601F,B763,cargo
2026-02-25,23:30,01:36,Ho Chi Minh City,SGN,VietJet Air,VJ158,1,11L,Landed,VN-A640,A321,passenger
2026-02-25,23:23,01:47,Ho Chi Minh City,SGN,VietJet Air,VJ164,1,11L,Landed,VN-A815,A333,passenger
2026-02-25,23:16,01:48,Ho Chi Minh City,SGN,Vietnam Airlines,VN7018,1,11L,Landed,VN-A886,A359,passenger
2026-02-25,23:12,04:45,Seoul,ICN,T'way Air,TW61,2,11L,Landed,HL8070,B738,passenger
2026-02-25,23:09,01:02,Da Nang,DAD,Bamboo Airways,QH148,1,N/A,Landed,VN-A597,A321,passenger
2026-02-25,23:07,04:25,Busan,PUS,Air Busan,BX7395,2,11L,Landed,HL8396,A21N,passenger
2026-02-25,23:03,01:42,Ho Chi Minh City,SGN,Sun PhuQuoc Airways,9G876,1,11L,Landed,VN-A285,A21N,passenger
2026-02-25,23:00,00:55,Hue,HUI,VietJet Air,VJ568,1,29R,Landed,VN-A658,A320,passenger
2026-02-25,22:56,01:36,Guangzhou,CAN,China Southern Airlines,CZ371,2,11L,Landed,B-1207,B38M,passenger
2026-02-25,22:46,,Da Nang,DAD,N/A,VN6070,1,11L,Landed,VN-A363,A321,passenger
2026-02-25,22:43,01:49,Ho Chi Minh City,SGN,Bamboo Airways,QH268,1,11L,Landed,JU-1410,A320,passenger
2026-02-25,22:40,01:45,Ho Chi Minh City,SGN,Vietnam Airlines,VN220,1,N/A,Landed,VN-A877,B78X,passenger
2026-02-25,22:38,01:47,Ho Chi Minh City,SGN,VietJet Air,VJ154,1,11L,Landed,VN-A662,A320,passenger
2026-02-25,22:35,01:35,Buon Ma Thuot,BMV,VietJet Air,VJ1492,1,11L,Landed,VN-A578,A21N,passenger
2026-02-25,22:31,05:38,Tokyo,NRT,All Nippon Airways,NH897,2,11L,Landed,JA928A,B789,passenger
2026-02-25,22:29,03:08,Singapore,XSP,N/A,N/A,2,11L,Landed,VH-PFW,G150,business jet
2026-02-25,22:26,01:42,Ho Chi Minh City,SGN,VietJet Air,VJ180,1,N/A,Landed,VN-A816,A333,passenger
2026-02-25,22:23,05:32,Tokyo,NRT,Japan Airlines,JL751,2,11L,Landed,JA608J,B763,passenger
2026-02-25,22:20,01:48,Hong Kong,HKG,Cathay Pacific,CX3147,0,11L,Landed,B-LIC,B744,cargo
2026-02-25,22:17,04:27,Seoul,ICN,Asiana Airlines,OZ733,2,11L,Landed,HL8359,A359,passenger
2026-02-25,22:13,01:51,Can Tho,VCA,Vietnam Airlines,VN1206,1,N/A,Landed,VN-A603,A321,passenger
2026-02-25,22:05,01:37,Phnom Penh,KTI,Vietnam Airlines,VN922,2,11L,Landed,VN-A610,A321,passenger
2026-02-25,22:01,04:32,Busan,PUS,T'way Air,TW65,2,11L,Landed,HL8086,B738,passenger
2026-02-25,22:01,12:49,Anchorage,ANC,UPS,5X72,0,11L,Landed,N613UP,B748,cargo
2026-02-25,21:52,02:06,Kolkata,CCU,IndiGo,6E8961,0,11L,Landed,VT-IKW,A321,cargo
2026-02-25,21:49,01:44,Ho Chi Minh City,SGN,VietJet Air,VJ166,1,11L,Landed,VN-A536,A21N,passenger
2026-02-25,21:44,01:34,Macau,MFM,Air Macau,NX982,2,11L,Landed,B-MCA,A321,passenger
2026-02-25,21:38,04:20,Seoul,ICN,Korean Air,KE447,2,11L,Landed,HL8573,B78X,passenger
2026-02-25,21:34,01:42,Phu Quoc,PQC,Sun PhuQuoc Airways,9G1230,1,11L,Landed,VN-A906,A21N,passenger
2026-02-25,21:32,04:37,Denpasar,DPS,VietJet Air,VJ998,2,11L,Landed,VN-A552,A21N,passenger
2026-02-25,21:29,02:50,Taipei,TPE,VietJet Air,VJ943,2,N/A,Landed,VN-A670,A321,passenger
2026-02-25,21:26,01:39,Ho Chi Minh City,SGN,VietJet Air,VJ160,1,11L,Landed,VN-A673,A321,passenger
2026-02-25,21:22,01:49,Hong Kong,HKG,Hong Kong Airlines,HX528,2,11L,Landed,B-LPL,A320,passenger
2026-02-25,21:19,01:39,Ho Chi Minh City,SGN,Vietnam Airlines,VN258,1,11L,Landed,VN-A869,B789,passenger
2026-02-25,21:16,01:23,Bangkok,BKK,Vietnam Airlines,VN618,2,11L,Landed,VN-A329,A321,passenger
2026-02-25,21:14,01:26,Bangkok,BKK,FedEx,FX6002,0,11L,Landed,N120FE,B763,cargo
2026-02-25,21:11,01:42,Ho Chi Minh City,SGN,Sun PhuQuoc Airways,9G868,1,11L,Landed,VN-A280,A321,passenger
2026-02-25,21:08,01:49,Ho Chi Minh City,SGN,Sun PhuQuoc Airways,9G872,1,11L,Landed,VN-A286,A21N,passenger
2026-02-25,20:56,00:47,Luang Prabang,LPQ,Vietnam Airlines,VN930,2,29R,Landed,VN-A604,A321,passenger
2026-02-25,20:54,01:07,Da Nang,DAD,Vietnam Airlines,VN188,1,11L,Landed,VN-A515,A20N,passenger
2026-02-25,20:50,01:22,Qui Nhon,UIH,Vietnam Airlines,VN7620,1,11L,Landed,VN-A358,A321,passenger
2026-02-25,20:47,01:30,Bangkok,DMK,AirAsia,FD644,2,11L,Landed,HS-EAD,A21N,passenger
2026-02-25,20:45,01:44,Phu Quoc,PQC,VietJet Air,VJ1440,1,11L,Landed,VN-A693,A21N,passenger
2026-02-25,20:40,01:37,Shenzhen,SZX,China Southern Airlines,CZ8083,2,11L,Landed,B-6630,A321,passenger
2026-02-25,20:35,04:17,Seoul,ICN,Vietnam Airlines,VN415,2,11L,Landed,VN-A896,A359,passenger
2026-02-25,20:33,01:01,Da Nang,DAD,VietJet Air,VJ516,1,11L,Landed,VN-A685,A321,passenger
2026-02-25,20:30,05:48,Tokyo,NRT,VietJet Air,VJ935,2,11L,Landed,VN-A549,A21N,passenger
2026-02-25,20:24,05:21,Tokyo,HND,Vietnam Airlines,VN385,2,11L,Landed,VN-A868,B789,passenger
2026-02-25,20:22,00:56,Da Nang,DAD,Vietravel Airlines,VU658,1,11L,Landed,VN-A129,A321,passenger
2026-02-25,20:05,01:28,Da Lat,DLI,VietJet Air,VJ410,1,11L,Landed,VN-A522,A321,passenger
2026-02-25,19:59,01:13,Qui Nhon,UIH,Bamboo Airways,QH1214,1,11L,Landed,VN-A227,A321,passenger
2026-02-25,19:50,06:27,Bahrain,BAH,DHL Air,QY576,0,11L,Landed,D-ALEJ,A332,cargo
2026-02-25,19:42,01:48,Ho Chi Minh City,SGN,Vietnam Airlines,VN252,1,11L,Landed,VN-A889,A359,passenger
2026-02-25,19:39,01:01,Hue,HUI,Vietnam Airlines,VN1544,1,11L,Landed,VN-A339,A321,passenger
2026-02-25,19:37,01:55,Chongqing,CKG,West Air,PN6423,2,11L,Landed,B-32JM,A19N,passenger
2026-02-25,19:33,01:46,Ho Chi Minh City,SGN,Vietravel Airlines,VU780,1,11L,Landed,VN-A136,A320,passenger
2026-02-25,19:30,01:02,Da Nang,DAD,Vietnam Airlines,VN180,1,11L,Landed,VN-A513,A20N,passenger
2026-02-25,19:26,01:27,Bangkok,BKK,Thai Airways,TG564,2,11L,Landed,HS-TXD,A320,passenger
2026-02-25,19:23,01:41,Ho Chi Minh City,SGN,Vietnam Airlines,VN7240,1,11L,Landed,VN-A894,A359,passenger
2026-02-25,19:21,01:49,Ho Chi Minh City,SGN,VietJet Air,VJ152,1,11L,Landed,VN-A639,A321,passenger
2026-02-25,19:17,04:58,Osaka,KIX,VietJet Air,VJ931,2,11L,Landed,VN-A545,A21N,passenger
2026-02-25,19:15,02:00,Con Dao,VCS,VietJet Air,VJ106,1,N/A,Landed,B-652G,AJ27,passenger
2026-02-25,19:11,01:14,Qui Nhon,UIH,VietJet Air,VJ432,1,11L,Landed,VN-A658,A320,passenger
2026-02-25,19:09,01:56,Changsha,CSX,China Southern Airlines,CZ8359,2,11L,Landed,B-305D,A20N,passenger
2026-02-25,19:04,01:37,Ho Chi Minh City,SGN,Vietnam Airlines,VN254,1,11L,Landed,VN-A865,B789,passenger
2026-02-25,18:57,03:54,Beijing,PEK,Vietnam Airlines,VN513,2,29R,Landed,VN-A338,A321,passenger
2026-02-25,18:53,01:45,Ho Chi Minh City,SGN,Transavia,VJ134,1,11L,Landed,LY-MLI,A320,passenger
2026-02-25,18:42,01:01,Da Nang,DAD,Vietnam Airlines,VN174,1,11L,Landed,VN-A324,A321,passenger
2026-02-25,18:40,01:45,Shenzhen,SZX,Shenzhen Airlines,ZH105,2,11L,Landed,B-1757,B738,passenger
2026-02-25,18:33,01:52,Hong Kong,HKG,Cathay Pacific,CX743,2,11L,Landed,B-HNK,B773,passenger
2026-02-25,18:32,01:33,Haikou,HAK,Sun PhuQuoc Airways,9G9909,2,11L,Landed,VN-A908,A20N,passenger
2026-02-25,18:27,01:41,Ho Chi Minh City,SGN,Vietnam Airlines,VN216,1,11L,Landed,VN-A871,B789,passenger
2026-02-25,18:25,01:48,Phu Quoc,PQC,Sun PhuQuoc Airways,9G1216,1,11L,Landed,VN-A284,A21N,passenger
2026-02-25,18:22,01:28,Bangkok,BKK,VietJet Air,VJ902,2,11L,Landed,VN-A500,A21N,passenger
2026-02-25,18:18,03:13,Shanghai,PVG,Vietnam Airlines,VN533,2,11L,Landed,VN-A613,A321,passenger
2026-02-25,18:16,01:42,Guangzhou,CAN,China Southern Airlines,CZ8177,2,11L,Landed,B-1087,A21N,passenger
2026-02-25,18:11,01:36,Phnom Penh,KTI,Air Cambodia,K6850,2,11L,Landed,XU-350,A321,passenger
2026-02-25,18:08,01:27,Bangkok,BKK,Vietnam Airlines,VN614,2,11L,Landed,VN-A356,A321,passenger
2026-02-25,18:05,01:42,Phu Quoc,PQC,N/A,VN6400,1,11L,Landed,VN-A363,A321,passenger
2026-02-25,18:02,01:30,Nha Trang,CXR,Vietnam Airlines,VN1558,1,11L,Landed,VN-A619,A21N,passenger
2026-02-25,17:59,01:38,Ho Chi Minh City,SGN,Vietnam Airlines,VN7230,1,N/A,Landed,VN-A878,B78X,passenger
2026-02-25,17:56,03:57,Jakarta,CGK,VietJet Air,VJ928,2,11L,Landed,VN-A668,A320,passenger
2026-02-25,17:53,01:00,Luang Prabang,LPQ,Lao Airlines,QV313,2,11L,Landed,RDPL-34225,AT76,passenger
2026-02-25,17:48,02:35,Kaohsiung,KHH,VietJet Air,VJ947,2,11L,Landed,VN-A697,A21N,passenger
2026-02-25,17:42,03:43,Shanghai,PVG,China Eastern Airlines,MU6013,2,11L,Landed,B-32L9,A21N,passenger
2026-02-25,17:39,01:50,Ho Chi Minh City,SGN,VietJet Air,VJ194,1,11L,Landed,VN-A526,A21N,passenger
2026-02-25,17:36,02:56,Singapore,SIN,VietJet Air,VJ916,2,11L,Landed,VN-A630,A321,passenger
2026-02-25,17:33,01:04,Da Nang,DAD,VietJet Air,VJ512,1,11L,Landed,VN-A683,A321,passenger
2026-02-25,17:29,01:49,Guangzhou,CAN,Vietnam Airlines,VN507,2,11L,Landed,VN-A605,A321,passenger
2026-02-25,17:27,01:42,Ho Chi Minh City,SGN,Vietnam Airlines,VN232,1,11L,Landed,VN-A893,A359,passenger
2026-02-25,17:24,01:52,Phu Quoc,PQC,VietJet Air,VJ446,1,11L,Landed,VN-A699,A320,passenger
2026-02-25,17:14,01:04,Da Nang,DAD,N/A,VJ514,1,11L,Landed,VN-A524,A21N,passenger
2026-02-25,17:11,01:44,Ho Chi Minh City,SGN,Sun PhuQuoc Airways,9G848,1,11L,Landed,VN-A285,A21N,passenger
2026-02-25,17:05,00:47,Luang Prabang,LPQ,AirAsia,FD1038,2,N/A,Landed,HS-BBD,A320,passenger
2026-02-25,17:02,03:00,Taipei,TPE,EVA Air,BR385,2,11L,Landed,B-16216,A321,passenger
2026-02-25,17:00,01:42,Ho Chi Minh City,SGN,Vietnam Airlines,VN250,1,11L,Landed,VN-A886,A359,passenger
2026-02-25,16:57,03:42,Shanghai,PVG,Air China,CA755,2,11L,Landed,B-8495,A321,passenger
2026-02-25,16:51,00:19,N/A,,Vietnam Airlines,N/A,2,N/A,Landed,VN-A615,A321,passenger
2026-02-25,16:48,04:24,Busan,PUS,VietJet Air,VJ957,2,11L,Landed,VN-A675,A320,passenger
2026-02-25,16:46,01:40,Ho Chi Minh City,SGN,VietJet Air,VJ146,1,11L,Landed,VN-A815,A333,passenger
2026-02-25,16:43,02:12,Kolkata,CCU,IndiGo,6E1631,2,11L,Landed,VT-IPW,A20N,passenger
2026-02-25,16:39,01:55,Con Dao,VCS,VietJet Air,VJ108,1,29R,Landed,B-656E,AJ27,passenger
2026-02-25,16:33,00:59,Da Nang,DAD,Vietnam Airlines,VN172,1,11L,Landed,VN-A610,A321,passenger
2026-02-25,16:30,01:23,Tuy Hoa,TBB,Vietnam Airlines,VN1650,1,11L,Landed,VN-A508,A21N,passenger
2026-02-25,16:27,01:30,Nha Trang,CXR,VietJet Air,VJ774,1,11L,Landed,VN-A666,A320,passenger
2026-02-25,16:24,01:39,Ho Chi Minh City,SGN,Vietnam Airlines,VN214,1,11L,Landed,VN-A866,B789,passenger
2026-02-25,16:21,02:49,Taipei,TPE,China Airlines,CI793,2,11L,Landed,B-18115,A21N,passenger
2026-02-25,16:11,01:29,Da Lat,DLI,Vietnam Airlines,VN1574,1,11L,Landed,VN-A515,A20N,passenger
2026-02-25,16:04,01:47,Can Tho,VCA,Vietnam Airlines,VN1202,1,11L,Landed,VN-A331,A321,passenger
2026-02-25,16:01,01:44,Ho Chi Minh City,SGN,Vietnam Airlines,VN7040,1,11L,Landed,VN-A603,A321,passenger
2026-02-25,15:58,00:47,Vientiane,VTE,Lao Airlines,QV311,2,29R,Landed,RDPL-34223,A320,passenger
2026-02-25,15:55,01:39,Ho Chi Minh City,SGN,VietJet Air,VJ198,1,11L,Landed,VN-A532,A321,passenger
2026-02-25,15:51,01:57,Can Tho,VCA,VietJet Air,VJ462,1,11L,Landed,VN-A636,A321,passenger
2026-02-25,15:48,01:50,Phu Quoc,PQC,Sun PhuQuoc Airways,9G1208,1,11L,Landed,VN-A906,A21N,passenger
2026-02-25,15:45,01:04,Da Nang,DAD,Vietnam Airlines,VN170,1,11L,Landed,VN-A329,A321,passenger
2026-02-25,15:41,01:45,Ho Chi Minh City,SGN,Vietnam Airlines,VN248,1,11L,Landed,VN-A867,B789,passenger
2026-02-25,15:40,01:45,Ho Chi Minh City,SGN,Vietnam Airlines,VN7046,1,11L,Landed,VN-A501,A21N,passenger
2026-02-25,15:36,01:44,Ho Chi Minh City,SGN,Bamboo Airways,QH242,1,11L,Landed,VN-A227,A321,passenger
2026-02-25,15:33,01:45,Hong Kong,HKG,Vietnam Airlines,VN593,2,11L,Landed,VN-A339,A321,passenger
2026-02-25,15:31,02:43,Singapore,SIN,Vietnam Airlines,VN660,2,11L,Landed,VN-A897,A359,passenger
2026-02-25,15:27,03:07,Kuala Lumpur,KUL,Malaysia Airlines,MH752,2,11L,Landed,9M-MXN,B738,passenger
2026-02-25,15:25,01:43,Da Lat,DLI,VietJet Air,VJ408,1,11L,Landed,VN-A522,A321,passenger
2026-02-25,15:22,03:55,Jakarta,CGK,China Airlines,CI5870,0,N/A,Landed,B-18725,B744,cargo
2026-02-25,15:19,01:54,Ho Chi Minh City,SGN,Vietnam Airlines,VN212,1,N/A,Landed,VN-A869,B789,passenger
2026-02-25,15:17,01:57,Ho Chi Minh City,SGN,Sun PhuQuoc Airways,9G838,1,11L,Landed,VN-A280,A321,passenger
2026-02-25,15:15,06:16,Khabarovsk,KHV,VietJet Air,VJ7707,2,11L,Landed,VN-A539,A21N,passenger
2026-02-25,15:11,01:08,Kunming,KMG,China Eastern Airlines,MU9605,2,11L,Landed,B-1306,B738,passenger
2026-02-25,15:08,01:22,Qui Nhon,UIH,Vietnam Airlines,VN1622,1,11L,Landed,VN-A513,A20N,passenger
2026-02-25,15:06,01:45,Ho Chi Minh City,SGN,VietJet Air,VJ138,1,11L,Landed,VN-A673,A321,passenger
2026-02-25,15:03,02:38,Fuzhou,FOC,Xiamen Air,MF8697,2,11L,Landed,B-1455,B738,passenger
2026-02-25,15:00,01:34,Shenzhen,SZX,China Southern Airlines,CZ8469,2,11L,Landed,B-6630,A321,passenger
2026-02-25,14:57,01:29,Nha Trang,CXR,Vietnam Airlines,VN7068,1,11L,Landed,VN-A358,A321,passenger
2026-02-25,14:54,00:57,Da Nang,DAD,Vietnam Airlines,VN166,1,11L,Landed,VN-A398,A321,passenger
2026-02-25,14:52,01:33,Da Lat,DLI,VietJet Air,VJ404,1,11L,Landed,VN-A658,A320,passenger
2026-02-25,14:44,02:41,Kuala Lumpur,KUL,VietJet Air,VJ906,2,11L,Landed,VN-A528,A21N,passenger
2026-02-25,14:38,02:52,Taipei,TPE,VietJet Air,VJ941,2,11L,Landed,VN-A525,A21N,passenger
2026-02-25,14:36,01:07,Da Nang,DAD,Sun PhuQuoc Airways,9G922,1,11L,Landed,VN-A282,A21N,passenger
2026-02-25,14:33,01:34,Bangkok,BKK,Vietnam Airlines,VN610,2,11L,Landed,VN-A324,A321,passenger
2026-02-25,14:30,01:06,Chiang Mai,CNX,AirAsia,FD870,2,11L,Landed,HS-BBC,A320,passenger
2026-02-25,14:28,01:30,Nha Trang,CXR,Vietnam Airlines,VN1552,1,11L,Landed,VN-A393,A321,passenger
2026-02-25,14:24,02:15,Xiamen,XMN,Xiamen Air,MF869,2,29R,Landed,B-5595,B738,passenger
2026-02-25,14:02,03:30,Shanghai,PVG,China Eastern Airlines,MU6011,2,11L,Landed,B-8573,A321,passenger
2026-02-25,13:51,04:29,Seoul,ICN,VietJet Air,VJ961,2,11L,Landed,VN-A693,A21N,passenger
2026-02-25,13:47,05:44,Tokyo,NRT,VietJet Air,VJ933,2,11L,Landed,VN-A820,A333,passenger
2026-02-25,13:44,01:36,Shenzhen,SZX,Shenzhen Airlines,ZH103,2,11L,Landed,B-6357,A320,passenger
2026-02-25,13:41,00:53,Hue,HUI,VietJet Air,VJ566,1,N/A,Landed,VN-A670,A321,passenger
2026-02-25,13:36,01:37,Ho Chi Minh City,SGN,Vietnam Airlines,VN246,1,11L,Landed,VN-A895,A359,passenger
2026-02-25,13:31,00:55,N/A,,N/A,N/A,2,N/A,Landed,VN-B469,C208,passenger
2026-02-25,13:25,05:23,Tokyo,NRT,Vietnam Airlines,VN311,2,11L,Landed,VN-A874,B78X,passenger
2026-02-25,13:19,04:16,Seoul,ICN,Vietnam Airlines,VN417,2,11L,Landed,VN-A873,B78X,passenger
2026-02-25,13:16,01:00,Da Nang,DAD,N/A,VJ528,1,11L,Landed,VN-A524,A21N,passenger
2026-02-25,13:04,02:05,Dhaka,DAC,Ethiopian Airlines,ET678,2,11L,Landed,ET-AOV,B788,passenger
2026-02-25,13:01,02:45,Kuala Lumpur,KUL,Batik Air,OD571,2,N/A,Landed,9M-LRT,B38M,passenger
2026-02-25,12:57,01:43,Phu Quoc,PQC,Sun PhuQuoc Airways,9G1204,1,11L,Landed,VN-A286,A21N,passenger
2026-02-25,12:50,05:24,Nagoya,NGO,VietJet Air,VJ921,2,11L,Landed,VN-A578,A21N,passenger
2026-02-25,12:45,01:46,Phu Quoc,PQC,Sun PhuQuoc Airways,9G1202,1,11L,Landed,VN-A284,A21N,passenger
2026-02-25,12:39,03:38,Delhi,DEL,IndiGo,6E1633,2,11L,Landed,VT-IQG,A20N,passenger
2026-02-25,12:36,04:57,Osaka,KIX,VietJet Air,VJ939,2,29R,Landed,VN-A674,A21N,passenger
2026-02-25,12:30,01:47,Phu Quoc,PQC,VietJet Air,VJ440,1,11L,Landed,VN-A655,A320,passenger
2026-02-25,12:26,01:43,Ho Chi Minh City,SGN,Vietnam Airlines,VN210,1,11L,Landed,VN-A871,B789,passenger
2026-02-25,12:23,03:26,Shanghai,PVG,Air China,CA703,2,11L,Landed,B-6791,A321,passenger
2026-02-25,12:20,01:41,Guangzhou,CAN,Shenzhen Airlines,ZH121,2,11L,Landed,B-1936,B738,passenger
2026-02-25,12:18,01:36,Nha Trang,CXR,VietJet Air,VJ770,1,11L,Landed,VN-A500,A21N,passenger
2026-02-25,12:12,01:04,Da Nang,DAD,N/A,VN6080,1,11L,Landed,VN-A363,A321,passenger
2026-02-25,12:08,01:45,Ho Chi Minh City,SGN,Sun PhuQuoc Airways,9G822,1,11L,Landed,VN-A279,A321,passenger
2026-02-25,12:06,04:33,Seoul,ICN,Asiana Airlines,OZ729,2,29R,Landed,HL7775,B772,passenger
2026-02-25,12:03,03:47,Beijing,PEK,Air China,CA741,2,11L,Landed,B-32A1,A21N,passenger
2026-02-25,11:57,01:39,Ho Chi Minh City,SGN,VietJet Air,VJ132,1,11L,Landed,VN-A639,A321,passenger
2026-02-25,11:40,01:24,Buon Ma Thuot,BMV,Vietnam Airlines,VN1602,1,11L,Landed,VN-A508,A21N,passenger
2026-02-25,11:37,01:30,Bangkok,DMK,AirAsia,FD640,2,11L,Landed,HS-CBR,A320,passenger
2026-02-25,11:34,04:31,Fukuoka,FUK,Vietnam Airlines,VN359,2,29R,Landed,VN-A610,A321,passenger
2026-02-25,11:31,01:40,Ho Chi Minh City,SGN,VietJet Air,VJ136,1,11L,Landed,VN-A699,A320,passenger
2026-02-25,11:26,00:56,Da Nang,DAD,Vietnam Airlines,VN164,1,11L,Landed,VN-A329,A321,passenger
2026-02-25,11:22,02:38,Taipei,TPE,EVA Air,BR397,2,11L,Landed,B-16720,B77W,passenger
2026-02-25,11:16,01:38,Ho Chi Minh City,SGN,Vietnam Airlines,VN244,1,11L,Landed,VN-A893,A359,passenger
2026-02-25,11:13,01:39,Da Lat,DLI,Vietnam Airlines,VN1572,1,11L,Landed,VN-A515,A20N,passenger
2026-02-25,11:06,01:12,Pleiku,PXU,Vietnam Airlines,VN1614,1,11L,Landed,VN-A356,A321,passenger
2026-02-25,10:54,01:40,Ho Chi Minh City,SGN,BBN Airlines Indonesia,QH204,1,11L,Landed,PK-BBK,B739,passenger
2026-02-25,10:46,04:23,Busan,PUS,VietJet Air,VJ981,2,N/A,Landed,VN-A535,A321,passenger
2026-02-25,10:43,01:11,Chu Lai,VCL,Vietnam Airlines,VN1640,1,11L,Landed,VN-A513,A20N,passenger
2026-02-25,10:40,01:32,Nha Trang,CXR,VietJet Air,VJ772,1,11L,Landed,VN-A815,A333,passenger
2026-02-25,10:38,02:50,Taipei,TPE,China Airlines,CI791,2,11L,Landed,B-18317,A333,passenger
2026-02-25,10:35,00:35,Vinh,VII,Vietnam Airlines,VN1716,1,11L,Landed,VN-A398,A321,passenger
2026-02-25,10:32,01:38,Ho Chi Minh City,SGN,VietJet Air,VJ176,1,29R,Landed,VN-A685,A321,passenger
2026-02-25,10:24,01:45,Guangzhou,CAN,China Southern Airlines,CZ3049,2,11L,Landed,B-322F,A20N,passenger
2026-02-25,10:17,01:32,Da Lat,DLI,VietJet Air,VJ402,1,11L,Landed,VN-A658,A320,passenger
2026-02-25,10:11,01:25,Buon Ma Thuot,BMV,VietJet Air,VJ492,1,11L,Landed,VN-A644,A321,passenger
2026-02-25,10:04,01:41,Ho Chi Minh City,SGN,Sun PhuQuoc Airways,9G808,1,11L,Landed,VN-A906,A21N,passenger
2026-02-25,10:01,01:38,Hong Kong,HKG,Cathay Pacific,CX741,2,11L,Landed,B-HNX,B773,passenger
2026-02-25,09:59,01:16,Pleiku,PXU,VietJet Air,VJ422,1,11L,Landed,VN-A666,A320,passenger
2026-02-25,09:55,02:29,Kaohsiung,KHH,Vietnam Airlines,VN587,2,11L,Landed,VN-A331,A321,passenger
2026-02-25,09:50,00:55,Da Nang,DAD,Vietravel Airlines,VU638,1,11L,Landed,VN-A129,A321,passenger
2026-02-25,09:46,00:59,Da Nang,DAD,VietJet Air,VJ524,1,N/A,Landed,VN-A522,A321,passenger
2026-02-25,09:44,01:39,Ho Chi Minh City,SGN,Avion Express,VJ148,1,11L,Landed,LY-NVG,A320,passenger
2026-02-25,09:35,02:42,Taipei,TPE,Vietnam Airlines,VN579,2,N/A,Landed,VN-A339,A321,passenger
2026-02-25,09:30,00:55,Da Nang,DAD,VietJet Air,VJ504,1,11L,Landed,VN-A552,A21N,passenger
2026-02-25,09:26,01:24,Bangkok,BKK,Thai Airways,TG560,2,11L,Landed,HS-TXC,A320,passenger
2026-02-25,09:15,02:54,Singapore,SIN,Scoot,TR300,2,11L,Landed,9V-OJC,B789,passenger
2026-02-25,09:11,01:36,Ho Chi Minh City,SGN,Vietnam Airlines,VN240,1,11L,Landed,VN-A867,B789,passenger
2026-02-25,09:05,00:57,Da Nang,DAD,Vietnam Airlines,VN158,1,11L,Landed,VN-A393,A321,passenger
2026-02-25,09:01,04:28,Seoul,ICN,VietJet Air,VJ963,2,11L,Landed,VN-A670,A321,passenger
2026-02-25,08:53,01:39,Ho Chi Minh City,SGN,Vietnam Airlines,VN7234,1,11L,Landed,VN-A870,B789,passenger
2026-02-25,08:50,00:53,Hue,HUI,Vietnam Airlines,VN1540,1,11L,Landed,VN-A338,A321,passenger
2026-02-25,08:35,00:57,Da Nang,DAD,VietJet Air,VJ510,1,11L,Landed,VN-A630,A321,passenger
2026-02-25,08:26,01:43,Ho Chi Minh City,SGN,Sun PhuQuoc Airways,9G806,1,11L,Landed,VN-A280,A321,passenger
2026-02-25,08:21,01:31,Shenzhen,SZX,Shenzhen Airlines,ZH101,2,11L,Landed,B-1683,A320,passenger
2026-02-25,08:20,01:10,Da Nang,DAD,Vietnam Airlines,VN156,1,29R,Landed,VN-A324,A321,passenger
2026-02-25,08:13,01:26,Bangkok,BKK,K-Mile Air,8K525,0,11L,Landed,HS-KMD,B738,cargo
2026-02-25,08:07,02:51,Kuala Lumpur,KUL,AirAsia,AK9516,2,11L,Landed,9M-AQG,A320,passenger
2026-02-25,08:05,00:45,Nanning,NNG,GX Airlines,GX8971,2,11L,Landed,B-6817,A320,passenger
2026-02-25,08:00,01:38,Ho Chi Minh City,SGN,Vietnam Airlines,VN206,1,11L,Landed,VN-A869,B789,passenger
2026-02-25,07:58,01:41,Ho Chi Minh City,SGN,VietJet Air,VJ126,1,11L,Landed,VN-A575,A21N,passenger
2026-02-25,07:54,01:43,Ho Chi Minh City,SGN,Vietnam Airlines,VN9104,1,11L,Landed,VN-A613,A321,passenger
2026-02-25,07:52,01:44,Ho Chi Minh City,SGN,VietJet Air,VJ124,1,11L,Landed,VN-A816,A333,passenger
2026-02-25,07:49,01:48,Ho Chi Minh City,SGN,Vietravel Airlines,VU750,1,11L,Landed,VN-A136,A320,passenger
2026-02-25,07:46,01:42,Ho Chi Minh City,SGN,Vietnam Airlines,VN7210,1,29R,Landed,VN-A608,A321,passenger
2026-02-25,07:44,02:46,Manila,MNL,Vietnam Airlines,VN646,2,29R,Landed,VN-A605,A321,passenger
2026-02-25,07:40,02:55,Manila,MNL,Cebu Pacific,5J744,2,11L,Landed,RP-C4141,A21N,passenger
2026-02-25,07:36,01:40,Ho Chi Minh City,SGN,Bamboo Airways,QH202,1,11L,Landed,VN-A227,A321,passenger
2026-02-25,07:24,01:39,Ho Chi Minh City,SGN,N/A,VN6002,1,11L,Landed,VN-A363,A321,passenger
2026-02-25,07:19,01:44,Ho Chi Minh City,SGN,VietJet Air,VJ120,1,N/A,Landed,VN-A817,A333,passenger
2026-02-25,07:03,00:59,Da Nang,DAD,VietJet Air,VJ502,1,11L,Landed,VN-A500,A21N,passenger
2026-02-25,06:59,01:39,Ho Chi Minh City,SGN,VietJet Air,VJ122,1,11L,Landed,VN-A549,A21N,passenger
2026-02-25,06:52,08:02,Istanbul,IST,Turkish Airlines,TK252,2,11L,Landed,TC-LJA,B77W,passenger
2026-02-25,06:48,01:38,Ho Chi Minh City,SGN,Vietnam Airlines,VN7214,1,11L,Landed,VN-A508,A21N,passenger
2026-02-25,06:43,06:00,Doha,DOH,Qatar Airways,QR982,2,11L,Landed,A7-BHV,B789,passenger
2026-02-25,06:23,01:39,Ho Chi Minh City,SGN,Vietnam Airlines,VN7218,1,11L,Landed,VN-A604,A321,passenger
2026-02-25,06:07,01:38,Ho Chi Minh City,SGN,Vietnam Airlines,VN7012,1,11L,Landed,VN-A865,B789,passenger
2026-02-25,06:00,08:54,Melbourne,MEL,Vietnam Airlines,VN778,2,11R,Landed,VN-A896,A359,passenger
2026-02-25,05:47,03:59,Bengaluru,BLR,Vietnam Airlines,VN982,2,11R,Landed,VN-A398,A321,passenger
2026-02-25,05:43,01:43,Ho Chi Minh City,SGN,Bamboo Airways,QH292,1,11R,Landed,VN-A596,A20N,passenger
2026-02-25,05:39,03:59,Ahmedabad,AMD,VietJet Air,VJ1926,2,11R,Landed,VN-A668,A320,passenger
2026-02-25,05:34,03:31,Delhi,DEL,VietJet Air,VJ972,2,11R,Landed,VN-A811,A333,passenger
2026-02-25,05:28,10:00,Paris,CDG,Vietnam Airlines,VN18,2,N/A,Landed,VN-A895,A359,passenger
2026-02-25,05:23,09:21,Frankfurt,FRA,Vietnam Airlines,VN36,2,11R,Landed,VN-A868,B789,passenger
2026-02-25,05:14,03:17,Shanghai,PVG,VietJet Air,VJ7239,2,11R,Landed,VN-A675,A320,passenger
2026-02-25,05:10,03:31,Beijing,PKX,VietJet Air,VJ7713,2,11R,Landed,VN-A658,A320,passenger
2026-02-25,04:56,01:39,Ho Chi Minh City,SGN,Vietnam Airlines,VN7220,1,11R,Landed,VN-A393,A321,passenger
2026-02-25,04:31,01:42,Ho Chi Minh City,SGN,Sun PhuQuoc Airways,9G8804,1,11R,Landed,VN-A286,A21N,passenger
2026-02-25,04:27,03:51,Mumbai,BOM,Vietnam Airlines,VN972,2,11R,Landed,VN-A861,B789,passenger
2026-02-25,04:17,01:43,Ho Chi Minh City,SGN,Vietnam Airlines,VN7006,1,29L,Landed,VN-A399,A321,passenger
2026-02-25,04:09,01:38,Ho Chi Minh City,SGN,Sun PhuQuoc Airways,9G8802,1,11R,Landed,VN-A279,A321,passenger
2026-02-25,03:54,01:41,Ho Chi Minh City,SGN,Vietravel Airlines,VU702,1,11R,Landed,VN-A129,A321,passenger
2026-02-25,03:49,04:36,Seoul,ICN,Air Zeta,KJ389,0,11R,Landed,HL7507,B763,cargo
2026-02-25,03:40,01:40,Ho Chi Minh City,SGN,Sun PhuQuoc Airways,9G8896,1,11R,Landed,VN-A281,A21N,passenger
2026-02-25,03:34,01:33,Nha Trang,CXR,Vietnam Airlines,VN9501,1,11R,Landed,VN-A507,A21N,passenger
2026-02-25,03:24,01:37,Ho Chi Minh City,SGN,Vietnam Airlines,VN7020,1,11R,Landed,VN-A897,A359,passenger
2026-02-25,03:22,03:33,Shanghai,PVG,China Eastern Airlines,MU7235,2,11R,Landed,B-32LH,A21N,passenger
2026-02-25,02:59,01:36,Ho Chi Minh City,SGN,N/A,VJ1196,1,11R,Landed,VN-A524,A21N,passenger
2026-02-25,02:41,01:36,Ho Chi Minh City,SGN,VietJet Air,VJ182,1,11R,Landed,VN-A632,A321,passenger
2026-02-25,02:26,04:23,Seoul,ICN,Air Zeta,KJ951,0,11R,Landed,HL7620,B744,cargo
2026-02-25,02:18,04:45,Seoul,ICN,Air Zeta,KJ373,0,11R,Landed,HL8319,B738,cargo
2026-02-25,02:10,01:38,Ho Chi Minh City,SGN,VietJet Air,VJ178,1,11R,Landed,VN-A630,A321,passenger
2026-02-25,01:41,01:01,Da Nang,DAD,N/A,VN6070,1,11L,Landed,VN-A363,A321,passenger
2026-02-25,01:25,01:49,Ho Chi Minh City,SGN,Vietnam Airlines,VN270,1,11L,Landed,VN-A358,A321,passenger
2026-02-25,01:21,01:47,Ho Chi Minh City,SGN,Sun PhuQuoc Airways,9G8894,1,11L,Landed,VN-A285,A21N,passenger
2026-02-25,01:18,01:38,Nha Trang,CXR,VietJet Air,VJ7706,1,11L,Landed,VN-A539,A21N,passenger
2026-02-25,01:14,02:55,Zhengzhou,CGO,China Southern Airlines,CZ5029,2,11L,Landed,B-5040,B738,passenger
2026-02-25,01:11,03:51,Qingdao,TAO,Shandong Airlines,SC4649,2,11L,Landed,B-1438,B738,passenger
2026-02-25,01:09,02:51,Manila,MNL,Philippine Airlines,PR595,2,11L,Landed,RP-C9916,A321,passenger
2026-02-25,01:06,01:42,Ho Chi Minh City,SGN,Sun PhuQuoc Airways,9G886,1,11L,Landed,VN-A284,A21N,passenger
2026-02-25,01:03,03:33,Jinan,TNA,Shandong Airlines,SC8071,2,29L,Landed,B-7977,B738,passenger
2026-02-25,01:02,02:17,Wuhan,WUH,China Eastern Airlines,MU2573,2,11L,Landed,B-7393,B738,passenger
2026-02-25,01:00,02:54,Hangzhou,HGH,Air China,CA707,2,11L,Landed,B-8743,A320,passenger
2026-02-25,00:53,01:37,Ho Chi Minh City,SGN,Vietnam Airlines,VN7010,1,11L,Landed,VN-A888,A359,passenger
2026-02-25,00:33,01:26,Bangkok,BKK,Vietnam Airlines,VN616,2,11L,Landed,VN-A512,A21N,passenger
2026-02-25,00:27,00:57,Da Nang,DAD,Vietnam Airlines,VN7156,1,11L,Landed,VN-A513,A20N,passenger
2026-02-25,00:22,03:13,Shanghai,PVG,Juneyao Air,HO1329,2,11L,Landed,B-6963,A320,passenger
2026-02-25,00:17,01:41,Ho Chi Minh City,SGN,Bamboo Airways,QH280,1,11L,Landed,VN-A597,A321,passenger
2026-02-25,00:06,00:55,Hue,HUI,Vietnam Airlines,VN1548,1,N/A,Landed,VN-A397,A321,passenger
2026-02-25,00:03,04:31,Seoul,ICN,Jeju Air,7C2201,2,11L,Landed,HL8593,B38M,passenger
2026-02-26,23:59,01:41,Ho Chi Minh City,SGN,Vietnam Airlines,VN224,1,11L,Landed,VN-A613,A321,passenger
2026-02-26,23:55,00:54,Hue,HUI,Vietnam Airlines,VN1548,1,11L,Landed,VN-A605,A321,passenger
2026-02-26,23:51,01:44,Ho Chi Minh City,SGN,Sun PhuQuoc Airways,9G882,1,11L,Landed,VN-A280,A321,passenger
2026-02-26,23:47,01:26,Bangkok,BKK,Vietnam Airlines,VN616,2,11L,Landed,VN-A603,A321,passenger
2026-02-26,23:44,01:39,Ho Chi Minh City,SGN,Vietnam Airlines,VN7020,1,11L,Landed,VN-A888,A359,passenger
2026-02-26,23:37,05:58,Tokyo,NRT,All Nippon Airways,NH8447,0,11L,Landed,JA605F,B763,cargo
2026-02-26,23:28,01:41,Ho Chi Minh City,SGN,Vietnam Airlines,VN260,1,11L,Landed,VN-A879,B78X,passenger
2026-02-26,23:25,01:49,Ho Chi Minh City,SGN,Sun PhuQuoc Airways,9G876,1,11L,Landed,VN-A906,A21N,passenger
2026-02-26,23:19,01:45,Ho Chi Minh City,SGN,VietJet Air,VJ160,1,11L,Landed,VN-A632,A321,passenger
2026-02-26,23:15,01:46,Guangzhou,CAN,China Southern Airlines,CZ371,2,11L,Landed,B-205K,B38M,passenger
2026-02-26,23:12,01:48,Ho Chi Minh City,SGN,Bamboo Airways,QH262,1,11L,Landed,VN-A227,A321,passenger
2026-02-26,23:09,00:35,Vinh,VII,Vietnam Airlines,VN7718,1,11L,Landed,VN-A331,A321,passenger
2026-02-26,23:06,01:54,Ho Chi Minh City,SGN,VietJet Air,VJ190,1,11L,Landed,VN-A666,A320,passenger
2026-02-26,23:04,01:46,Macau,MFM,Air Macau,NX984,2,11L,Landed,B-MCF,A320,passenger
2026-02-26,23:03,04:46,Seoul,ICN,T'way Air,TW61,2,11L,Landed,HL8069,B738,passenger
2026-02-26,22:57,01:47,Ho Chi Minh City,SGN,Vietnam Airlines,VN262,1,11L,Landed,VN-A894,A359,passenger
2026-02-26,22:55,01:57,Can Tho,VCA,VietJet Air,VJ464,1,11L,Landed,VN-A526,A21N,passenger
2026-02-26,22:51,01:00,Hue,HUI,VietJet Air,VJ568,1,11L,Landed,VN-A663,A320,passenger
2026-02-26,22:49,12:00,Anchorage,ANC,UPS,5X72,0,11L,Landed,N609UP,B748,cargo
2026-02-26,22:45,01:48,Ho Chi Minh City,SGN,Vietnam Airlines,VN256,1,11L,Landed,VN-A872,B78X,passenger
2026-02-26,22:43,01:47,Chengdu,TFU,Sichuan Airlines,3U3905,2,11L,Landed,B-1821,A320,passenger
2026-02-26,22:40,01:35,Buon Ma Thuot,BMV,VietJet Air,VJ494,1,11L,Landed,VN-A546,A21N,passenger
2026-02-26,22:37,01:08,Da Nang,DAD,N/A,VN6070,1,11L,Landed,VN-A363,A321,passenger
2026-02-26,22:34,01:47,Ho Chi Minh City,SGN,VietJet Air,VJ180,1,11L,Landed,VN-A816,A333,passenger
2026-02-26,22:31,05:40,Tokyo,NRT,Japan Airlines,JL751,2,N/A,Landed,JA618J,B763,passenger
2026-02-26,22:28,04:23,Seoul,ICN,Asiana Airlines,OZ733,2,11L,Landed,HL8359,A359,passenger
2026-02-26,22:26,01:43,Yangon,RGN,Myanmar Airways International,8M450,2,11L,Landed,XY-ALP,E190,passenger
2026-02-26,22:23,01:28,Buon Ma Thuot,BMV,VietJet Air,VJ1492,1,11L,Landed,VN-A657,A321,passenger
2026-02-26,22:19,01:39,Ho Chi Minh City,SGN,Vietnam Airlines,VN220,1,11L,Landed,VN-A863,B789,passenger
2026-02-26,22:17,01:44,Ho Chi Minh City,SGN,BBN Airlines Indonesia,QH268,1,11L,Landed,PK-BBK,B739,passenger
2026-02-26,22:10,05:35,Tokyo,NRT,All Nippon Airways,NH897,2,11L,Landed,JA836A,B789,passenger
2026-02-26,22:02,01:26,Siem Reap,SAI,Vietnam Airlines,VN842,2,11L,Landed,VN-A356,A321,passenger
2026-02-26,21:59,01:35,Shenzhen,SZX,China Southern Airlines,CZ8083,2,11L,Landed,B-6913,A321,passenger
2026-02-26,21:55,04:24,Seoul,ICN,Korean Air,KE447,2,29R,Landed,HL7208,B789,passenger
2026-02-26,21:53,02:41,Kuala Lumpur,KUL,Vietnam Airlines,VN680,2,11L,Landed,VN-A398,A321,passenger
2026-02-26,21:51,01:34,Da Lat,DLI,VietJet Air,VJ410,1,11L,Landed,VN-A662,A320,passenger
2026-02-26,21:48,01:54,Can Tho,VCA,Vietnam Airlines,VN1206,1,11L,Landed,VN-A503,A21N,passenger
2026-02-26,21:46,01:40,Ho Chi Minh City,SGN,VietJet Air,VJ166,1,11L,Landed,VN-A554,A21N,passenger
2026-02-26,21:42,01:37,Siem Reap,SAI,VietJet Air,VJ914,2,11L,Landed,VN-A651,A321,passenger
2026-02-26,21:39,01:52,Ho Chi Minh City,SGN,Vietnam Airlines,VN258,1,11L,Landed,VN-A877,B78X,passenger
2026-02-26,21:37,03:05,Taipei,TPE,VietJet Air,VJ943,2,11L,Landed,VN-A578,A21N,passenger
2026-02-26,21:33,04:41,Denpasar,DPS,N/A,VJ998,2,N/A,Landed,VN-A524,A21N,passenger
2026-02-26,21:30,01:48,Ho Chi Minh City,SGN,VietJet Air,VJ196,1,11L,Landed,VN-A820,A333,passenger
2026-02-26,21:28,01:42,Bangkok,BKK,VietJet Air,VJ904,2,11L,Landed,VN-A639,A321,passenger
2026-02-26,21:25,01:55,Ho Chi Minh City,SGN,Sun PhuQuoc Airways,9G872,1,11L,Landed,VN-A286,A21N,passenger
2026-02-26,21:23,00:57,Vientiane,VTE,Vietnam Airlines,VN920,2,11L,Landed,VN-A616,A21N,passenger
2026-02-26,21:22,01:35,Bangkok,BKK,FedEx,FX6002,0,11L,Landed,N120FE,B763,cargo
2026-02-26,21:16,01:37,Nha Trang,CXR,Vietnam Airlines,VN1562,1,11L,Landed,VN-A324,A321,passenger
2026-02-26,21:11,01:52,Phu Quoc,PQC,Sun PhuQuoc Airways,9G1230,1,11L,Landed,VN-A285,A21N,passenger
2026-02-26,21:08,05:48,Tokyo,NRT,VietJet Air,VJ935,2,11L,Landed,VN-A653,A21N,passenger
2026-02-26,21:06,02:02,Hong Kong,HKG,Hong Kong Airlines,HX528,2,11L,Landed,B-LPV,A320,passenger
2026-02-26,21:02,01:33,Bangkok,DMK,AirAsia,FD644,2,N/A,Landed,HS-EAF,A21N,passenger
2026-02-26,20:59,01:39,Ho Chi Minh City,SGN,Hai Au Aviation,HAI799,1,11L,Landed,VN-A799,GA7C,business jet
2026-02-26,20:53,01:47,Ho Chi Minh City,SGN,Sun PhuQuoc Airways,9G868,1,11L,Landed,VN-A279,A321,passenger
2026-02-26,20:50,01:14,Pleiku,PXU,VietJet Air,VJ424,1,11L,Landed,VN-A697,A21N,passenger
2026-02-26,20:47,01:02,Da Nang,DAD,VietJet Air,VJ516,1,11L,Landed,VN-A658,A320,passenger
2026-02-26,20:44,01:17,Qui Nhon,UIH,Vietnam Airlines,VN7620,1,11L,Landed,VN-A353,A321,passenger
2026-02-26,20:38,01:55,Phu Quoc,PQC,VietJet Air,VJ1440,1,11L,Landed,VN-A580,A21N,passenger
2026-02-26,20:35,04:01,Chennai,MAA,N/A,N/A,0,11L,Landed,VT-AFN,B738,cargo
2026-02-26,20:28,00:46,Luang Prabang,LPQ,Vietnam Airlines,VN930,2,11L,Landed,VN-A329,A321,passenger
2026-02-26,20:22,00:59,Da Nang,DAD,Vietnam Airlines,VN188,1,11L,Landed,VN-A515,A20N,passenger
2026-02-26,20:17,00:58,Da Nang,DAD,Vietravel Airlines,VU658,1,11L,Landed,VN-A129,A321,passenger
2026-02-26,20:13,05:24,Tokyo,HND,Vietnam Airlines,VN385,2,11L,Landed,VN-A870,B789,passenger
2026-02-26,20:11,01:40,Chongqing,CKG,West Air,PN6423,2,11L,Landed,B-32MF,A19N,passenger
2026-02-26,20:08,02:24,Guwahati,GAU,N/A,QO354,0,11L,Landed,VT-AAZ,B738,cargo
2026-02-26,20:02,06:45,Bahrain,BAH,DHL Air,QY574,0,11L,Landed,D-ALMD,A332,cargo
2026-02-26,19:59,02:44,Taichung,RMQ,VietJet Air,VJ949,2,11L,Landed,VN-A545,A21N,passenger
2026-02-26,19:56,01:51,Ho Chi Minh City,SGN,VietJet Air,VJ152,1,11L,Landed,VN-A523,A21N,passenger
2026-02-26,19:52,00:42,Vinh,VII,Vietnam Airlines,VN1718,1,11L,Landed,VN-A605,A321,passenger
2026-02-26,19:49,01:21,Qui Nhon,UIH,VietJet Air,VJ432,1,11L,Landed,VN-A532,A321,passenger
2026-02-26,19:44,00:58,Hue,HUI,Vietnam Airlines,VN1544,1,11L,Landed,VN-A331,A321,passenger
2026-02-26,19:40,01:38,Ho Chi Minh City,SGN,Vietnam Airlines,VN254,1,11L,Landed,VN-A878,B78X,passenger
2026-02-26,19:33,01:39,Ho Chi Minh City,SGN,Vietnam Airlines,VN252,1,29R,Landed,VN-A895,A359,passenger
2026-02-26,19:27,01:31,Bangkok,BKK,Thai Airways,TG564,2,11L,Landed,HS-TXP,A320,passenger
2026-02-26,19:13,01:52,Changsha,CSX,China Southern Airlines,CZ8359,2,11L,Landed,B-325D,A20N,passenger
2026-02-26,19:08,01:23,Siem Reap,SAI,Vietnam Airlines,VN836,2,11L,Landed,VN-A392,A321,passenger
2026-02-26,18:59,01:36,Guangzhou,CAN,China Southern Airlines,CZ8177,2,11L,Landed,B-9929,A320,passenger
2026-02-26,18:54,01:42,Ho Chi Minh City,SGN,Transavia,VJ134,1,11L,Landed,LY-MLI,A320,passenger
2026-02-26,18:51,05:02,Osaka,KIX,VietJet Air,VJ931,2,11L,Landed,VN-A536,A21N,passenger
2026-02-26,18:44,04:01,Jakarta,CGK,VietJet Air,VJ928,2,11L,Landed,VN-A663,A320,passenger
2026-02-26,18:41,01:53,Phu Quoc,PQC,Sun PhuQuoc Airways,9G1216,1,11L,Landed,VN-A284,A21N,passenger
2026-02-26,18:37,01:46,Shenzhen,SZX,Shenzhen Airlines,ZH105,2,N/A,Landed,B-1939,B738,passenger
2026-02-26,18:36,01:46,Phnom Penh,KTI,Air Cambodia,K6850,2,11L,Landed,XU-356,A320,passenger
2026-02-26,18:29,01:45,Hong Kong,HKG,Cathay Pacific,CX743,2,11L,Landed,B-HNS,B773,passenger
2026-02-26,18:27,01:04,Da Nang,DAD,VietJet Air,VJ512,1,11L,Landed,VN-A522,A321,passenger
2026-02-26,18:26,01:47,Ho Chi Minh City,SGN,Vietnam Airlines,VN216,1,11L,Landed,VN-A874,B78X,passenger
2026-02-26,18:21,00:58,Luang Prabang,LPQ,Lao Airlines,QV313,2,11L,Landed,RDPL-34225,AT76,passenger
2026-02-26,18:18,01:01,Da Nang,DAD,Vietnam Airlines,VN174,1,11L,Landed,VN-A602,A321,passenger
2026-02-26,18:15,01:34,Nha Trang,CXR,Vietnam Airlines,VN1558,1,11L,Landed,VN-A617,A21N,passenger
2026-02-26,18:12,01:45,Phu Quoc,PQC,N/A,VN6400,1,11L,Landed,VN-A363,A321,passenger
2026-02-26,18:08,01:01,Da Nang,DAD,Sun PhuQuoc Airways,9G932,1,11L,Landed,VN-A281,A21N,passenger
2026-02-26,18:06,01:45,Ho Chi Minh City,SGN,VietJet Air,VJ142,1,11L,Landed,VN-A629,A321,passenger
2026-02-26,18:03,03:15,Shanghai,PVG,Vietnam Airlines,VN533,2,11L,Landed,VN-A603,A321,passenger
2026-02-26,17:56,01:34,Guangzhou,CAN,Vietnam Airlines,VN507,2,11L,Landed,VN-A338,A321,passenger
2026-02-26,17:51,02:40,Kaohsiung,KHH,VietJet Air,VJ947,2,11L,Landed,VN-A552,A21N,passenger
2026-02-26,17:47,03:31,Shanghai,PVG,China Eastern Airlines,MU6013,2,11L,Landed,B-32KF,A21N,passenger
2026-02-26,17:41,01:28,Bangkok,BKK,VietJet Air,VJ902,2,11L,Landed,VN-A500,A21N,passenger
2026-02-26,17:38,01:42,Ho Chi Minh City,SGN,Vietnam Airlines,VN232,1,11L,Landed,VN-A888,A359,passenger
2026-02-26,17:35,03:00,Taipei,TPE,STARLUX,JX717,2,11L,Landed,B-58202,A21N,passenger
2026-02-26,17:32,00:50,Luang Prabang,LPQ,AirAsia,FD1038,2,11L,Landed,HS-BBJ,A320,passenger
2026-02-26,17:29,01:43,Ho Chi Minh City,SGN,Vietnam Airlines,VN7292,1,N/A,Landed,VN-A873,B78X,passenger
2026-02-26,17:26,03:33,Shanghai,PVG,Air China,CA755,2,11L,Landed,B-6883,A321,passenger
2026-02-26,17:24,01:43,Ho Chi Minh City,SGN,Sun PhuQuoc Airways,9G854,1,11L,Landed,VN-A280,A321,passenger
2026-02-26,17:20,03:06,Singapore,SIN,Singapore Airlines,SQ194,2,11L,Landed,9V-MBL,B38M,passenger
2026-02-26,17:17,01:31,Nha Trang,CXR,VietJet Air,VJ784,1,11L,Landed,VN-A551,A21N,passenger
2026-02-26,17:13,01:45,Ho Chi Minh City,SGN,Vietnam Airlines,VN248,1,11L,Landed,VN-A869,B789,passenger
2026-02-26,17:11,01:04,Da Nang,DAD,VietJet Air,VJ514,1,11L,Landed,VN-A526,A21N,passenger
2026-02-26,17:04,01:46,Ho Chi Minh City,SGN,Sun PhuQuoc Airways,9G848,1,11L,Landed,VN-A906,A21N,passenger
2026-02-26,17:03,01:39,Da Lat,DLI,Bamboo Airways,QH1424,1,11L,Landed,VN-A596,A20N,passenger
2026-02-26,16:58,04:35,Busan,PUS,VietJet Air,VJ957,2,11L,Landed,VN-A668,A320,passenger
2026-02-26,16:55,02:53,Taipei,TPE,EVA Air,BR385,2,11L,Landed,B-16222,A321,passenger
2026-02-26,16:49,02:49,Taipei,TPE,China Airlines,CI793,2,11L,Landed,B-18109,A21N,passenger
2026-02-26,16:44,01:39,Ho Chi Minh City,SGN,Vietnam Airlines,VN214,1,11L,Landed,VN-A894,A359,passenger
2026-02-26,16:41,02:19,Kolkata,CCU,IndiGo,6E1631,2,11L,Landed,VT-ISY,A20N,passenger
2026-02-26,16:35,04:52,Hiroshima,HIJ,VietJet Air,VJ953,2,11L,Landed,VN-A655,A320,passenger
2026-02-26,16:32,01:54,Can Tho,VCA,VietJet Air,VJ460,1,11L,Landed,VN-A661,A321,passenger
2026-02-26,16:28,00:37,Dien Bien Phu,DIN,Vietnam Airlines,VN1805,1,11L,Landed,VN-A339,A321,passenger
2026-02-26,16:25,00:58,Da Nang,DAD,Vietnam Airlines,VN172,1,11L,Landed,VN-A512,A21N,passenger
2026-02-26,16:16,01:36,Ho Chi Minh City,SGN,Vietnam Airlines,VN7256,1,11L,Landed,VN-A898,A359,passenger
2026-02-26,16:01,00:53,Vientiane,VTE,Lao Airlines,QV311,2,11L,Landed,RDPL-34188,A320,passenger
2026-02-26,15:57,01:45,Ho Chi Minh City,SGN,Vietnam Airlines,VN212,1,11L,Landed,VN-A897,A359,passenger
2026-02-26,15:48,01:45,Ho Chi Minh City,SGN,BBN Airlines Indonesia,QH242,1,11L,Landed,PK-BBK,B739,passenger
2026-02-26,15:45,01:37,Shenzhen,SZX,Shenzhen Airlines,ZH103,2,11L,Landed,B-6853,A320,passenger
2026-02-26,15:41,01:42,Hong Kong,HKG,Vietnam Airlines,VN593,2,11L,Landed,VN-A331,A321,passenger
2026-02-26,15:36,00:55,Da Nang,DAD,Vietnam Airlines,VN7164,1,11L,Landed,VN-A356,A321,passenger
2026-02-26,15:24,02:48,Singapore,SIN,Vietnam Airlines,VN660,2,11L,Landed,VN-A610,A321,passenger
2026-02-26,15:21,01:39,Ho Chi Minh City,SGN,VietJet Air,VJ198,1,11L,Landed,VN-A544,A321,passenger
2026-02-26,15:14,01:39,Da Lat,DLI,VietJet Air,VJ404,1,11L,Landed,VN-A639,A321,passenger
2026-02-26,15:11,01:11,Chiang Mai,CNX,AirAsia,FD870,2,11L,Landed,HS-BBA,A320,passenger
2026-02-26,15:07,01:20,Qui Nhon,UIH,Vietnam Airlines,VN1622,1,11L,Landed,VN-A514,A20N,passenger
2026-02-26,15:04,05:52,Vladivostok,VVO,VietJet Air,VJ7705,2,11L,Landed,VN-A539,A21N,passenger
2026-02-26,15:01,01:37,Shenzhen,SZX,China Southern Airlines,CZ8469,2,11L,Landed,B-6912,A321,passenger
2026-02-26,14:59,08:20,Istanbul,IST,Turkish Airlines,TK164,2,N/A,Landed,TC-LGK,A359,passenger
2026-02-26,14:56,01:04,Da Nang,DAD,Vietnam Airlines,VN170,1,11L,Landed,VN-A325,A321,passenger
2026-02-26,14:54,03:02,Taipei,TPE,VietJet Air,VJ941,2,N/A,Landed,VN-A697,A21N,passenger
2026-02-26,14:53,01:34,Nha Trang,CXR,Vietnam Airlines,VN7068,1,11L,Landed,VN-A353,A321,passenger
2026-02-26,14:50,01:44,Ho Chi Minh City,SGN,Sun PhuQuoc Airways,9G838,1,11L,Landed,VN-A279,A321,passenger
2026-02-26,14:45,01:39,Guangzhou,CAN,China Southern Airlines,CZ8315,2,11L,Landed,B-8965,A20N,passenger
2026-02-26,14:33,01:44,Ho Chi Minh City,SGN,Vietnam Airlines,VN7046,1,11L,Landed,VN-A503,A21N,passenger
2026-02-26,14:32,03:37,Shanghai,PVG,China Eastern Airlines,MU6011,2,N/A,Landed,B-6886,A321,passenger
2026-02-26,14:20,01:43,Ho Chi Minh City,SGN,VietJet Air,VJ144,1,11L,Landed,VN-A816,A333,passenger
2026-02-26,14:13,01:39,Bangkok,BKK,Vietnam Airlines,VN610,2,11L,Landed,VN-A392,A321,passenger
2026-02-26,14:11,01:01,Da Nang,DAD,Vietnam Airlines,VN168,1,11L,Landed,VN-A602,A321,passenger
2026-02-26,14:05,04:51,Osaka,KIX,Vietnam Airlines,VN335,2,11L,Landed,VN-A889,A359,passenger
2026-02-26,14:02,04:38,Seoul,ICN,VietJet Air,VJ961,2,11L,Landed,VN-A683,A321,passenger
2026-02-26,13:48,03:25,N/A,,China Cargo Airlines,CK285,0,11L,Landed,B-2076,B77L,cargo
2026-02-26,13:38,05:43,Tokyo,NRT,VietJet Air,VJ933,2,11L,Landed,VN-A820,A333,passenger
2026-02-26,13:25,01:53,Ho Chi Minh City,SGN,Vietnam Airlines,VN246,1,N/A,Landed,VN-A866,B789,passenger
2026-02-26,13:22,04:23,Seoul,ICN,Vietnam Airlines,VN417,2,11L,Landed,VN-A877,B78X,passenger
2026-02-26,13:12,01:57,Guangzhou,CAN,Shenzhen Airlines,ZH121,2,11L,Landed,B-5608,B738,passenger
2026-02-26,13:10,03:56,Delhi,DEL,IndiGo,6E1633,2,11L,Landed,VT-IQW,A20N,passenger
2026-02-26,13:06,01:49,Phu Quoc,PQC,Sun PhuQuoc Airways,9G1204,1,11L,Landed,VN-A286,A21N,passenger
2026-02-26,13:00,01:56,Ho Chi Minh City,SGN,Bamboo Airways,QH224,1,11L,Landed,JU-1410,A320,passenger
2026-02-26,12:58,05:31,Nagoya,NGO,VietJet Air,VJ921,2,11L,Landed,VN-A693,A21N,passenger
2026-02-26,12:57,05:48,Dubai,DXB,Emirates,EK394,2,11L,Landed,A6-ENY,B77W,passenger
2026-02-26,12:54,09:22,Sydney,SYD,Atlas Air,5Y8053,0,11L,Landed,N446MC,B744,cargo
2026-02-26,12:49,05:15,Nagoya,NGO,Vietnam Airlines,VN349,2,29R,Landed,VN-A886,A359,passenger
2026-02-26,12:45,01:45,Da Lat,DLI,Bamboo Airways,QH1422,1,11L,Landed,VN-A227,A321,passenger
2026-02-26,12:42,04:38,Fukuoka,FUK,Vietnam Airlines,VN357,2,11L,Landed,VN-A617,A21N,passenger
2026-02-26,12:37,02:58,Manila,MNL,Philippine Airlines,PR593,2,11L,Landed,RP-C9929,A321,passenger
2026-02-26,12:34,01:44,Ho Chi Minh City,SGN,VietJet Air,VJ132,1,11L,Landed,VN-A642,A321,passenger
2026-02-26,12:32,01:45,Phu Quoc,PQC,Sun PhuQuoc Airways,9G1202,1,11L,Landed,VN-A284,A21N,passenger
2026-02-26,12:29,01:55,Phu Quoc,PQC,VietJet Air,VJ450,1,11L,Landed,VN-A817,A333,passenger
2026-02-26,12:25,01:40,Nha Trang,CXR,VietJet Air,VJ780,1,11L,Landed,VN-A551,A21N,passenger
2026-02-26,12:20,01:07,Da Nang,DAD,N/A,VN6080,1,11L,Landed,VN-A363,A321,passenger
2026-02-26,12:17,01:53,Phu Quoc,PQC,Vietnam Airlines,VN1236,1,11L,Landed,VN-A338,A321,passenger
2026-02-26,12:14,04:38,Seoul,ICN,Asiana Airlines,OZ729,2,11L,Landed,HL7791,B772,passenger
2026-02-26,12:11,02:47,Kuala Lumpur,KUL,Batik Air,OD571,2,11L,Landed,9M-LRS,B38M,passenger
2026-02-26,12:08,01:43,Ho Chi Minh City,SGN,Vietnam Airlines,VN210,1,29R,Landed,VN-A864,B789,passenger
2026-02-26,12:04,03:00,Kuala Lumpur,KUL,Malaysia Airlines,MH752,2,11L,Landed,9M-MXN,B738,passenger
2026-02-26,12:01,01:44,Ho Chi Minh City,SGN,Vietnam Airlines,VN7014,1,11L,Landed,VN-A512,A21N,passenger
2026-02-26,11:57,01:32,Bangkok,DMK,AirAsia,FD640,2,11L,Landed,HS-ABX,A320,passenger
2026-02-26,11:55,04:37,Fukuoka,FUK,VietJet Air,VJ959,2,11L,Landed,VN-A545,A21N,passenger
2026-02-26,11:51,01:31,Nha Trang,CXR,VietJet Air,VJ770,1,11L,Landed,VN-A651,A321,passenger
2026-02-26,11:49,01:53,Can Tho,VCA,Vietnam Airlines,VN1200,1,29R,Landed,VN-A332,A321,passenger
2026-02-26,11:49,03:44,Beijing,PEK,Air China,CA741,2,11L,Landed,B-327U,A21N,passenger
2026-02-26,11:36,02:44,Taipei,TPE,EVA Air,BR397,2,11L,Landed,B-16719,B77W,passenger
2026-02-26,11:28,03:25,Shanghai,PVG,Air China,CA703,2,11L,Landed,B-8502,A321,passenger
2026-02-26,11:25,01:41,Ho Chi Minh City,SGN,Vietnam Airlines,VN244,1,11L,Landed,VN-A873,B78X,passenger
2026-02-26,11:16,01:21,Pleiku,PXU,Vietnam Airlines,VN1614,1,11L,Landed,VN-A356,A321,passenger
2026-02-26,11:13,01:38,Da Lat,DLI,Vietnam Airlines,VN1572,1,11L,Landed,VN-A515,A20N,passenger
2026-02-26,11:09,00:45,Dong Hoi,VDH,Vietnam Airlines,VN1590,1,11L,Landed,VN-A329,A321,passenger
2026-02-26,11:06,01:26,Buon Ma Thuot,BMV,Vietnam Airlines,VN1602,1,N/A,Landed,VN-A324,A321,passenger
2026-02-26,11:04,01:01,Da Nang,DAD,Bamboo Airways,QH104,1,11L,Landed,VN-A596,A20N,passenger
2026-02-26,11:01,04:27,Busan,PUS,VietJet Air,VJ981,2,11L,Landed,VN-A500,A21N,passenger
2026-02-26,10:59,01:43,Phu Quoc,PQC,VietJet Air,VJ442,1,11L,Landed,VN-A552,A21N,passenger
2026-02-26,10:59,00:59,Da Nang,DAD,Vietnam Airlines,VN164,1,11L,Landed,VN-A325,A321,passenger
2026-02-26,10:51,01:44,Ho Chi Minh City,SGN,VietJet Air,VJ136,1,11L,Landed,VN-A661,A321,passenger
2026-02-26,10:48,04:17,Seoul,ICN,Korean Air,KE441,2,11L,Landed,HL8576,B78X,passenger
2026-02-26,10:38,02:45,Taipei,TPE,China Airlines,CI791,2,11L,Landed,B-18317,A333,passenger
2026-02-26,10:35,01:42,Guangzhou,CAN,China Southern Airlines,CZ3049,2,11L,Landed,B-301J,A20N,passenger
2026-02-26,10:29,01:05,Chu Lai,VCL,Vietnam Airlines,VN1640,1,11L,Landed,VN-A514,A20N,passenger
2026-02-26,10:13,,Ho Chi Minh City,SGN,Sun PhuQuoc Airways,9G816,1,11L,Landed,VN-A906,A21N,passenger
2026-02-26,10:11,01:40,Ho Chi Minh City,SGN,Vietnam Airlines,VN206,1,11L,Landed,VN-A898,A359,passenger
2026-02-26,10:07,01:28,Buon Ma Thuot,BMV,VietJet Air,VJ492,1,11L,Landed,VN-A640,A321,passenger
2026-02-26,10:02,01:40,Hong Kong,HKG,Cathay Pacific,CX741,2,N/A,Landed,B-HNS,B773,passenger
2026-02-26,09:58,02:33,Kaohsiung,KHH,Vietnam Airlines,VN587,2,11L,Landed,VN-A605,A321,passenger
2026-02-26,09:46,01:47,Ho Chi Minh City,SGN,Avion Express,VJ148,1,11L,Landed,LY-NVG,A320,passenger
2026-02-26,09:42,01:45,Ho Chi Minh City,SGN,Sun PhuQuoc Airways,9G808,1,11L,Landed,VN-A285,A21N,passenger
2026-02-26,09:39,01:14,Pleiku,PXU,VietJet Air,VJ422,1,11L,Landed,VN-A657,A321,passenger
2026-02-26,09:36,00:58,Da Nang,DAD,Vietnam Airlines,VN158,1,11L,Landed,VN-A603,A321,passenger
2026-02-26,09:33,02:46,Taipei,TPE,Vietnam Airlines,VN579,2,11L,Landed,VN-A331,A321,passenger
2026-02-26,09:25,01:42,Ho Chi Minh City,SGN,BBN Airlines Indonesia,QH204,1,11L,Landed,PK-BBK,B739,passenger
2026-02-26,09:23,01:01,Da Nang,DAD,VietJet Air,VJ504,1,11L,Landed,VN-A522,A321,passenger
2026-02-26,09:20,01:42,Ho Chi Minh City,SGN,Vietravel Airlines,VU774,1,11L,Landed,VN-A136,A320,passenger
2026-02-26,09:14,01:42,Ho Chi Minh City,SGN,Vietnam Airlines,VN240,1,N/A,Landed,VN-A899,A359,passenger
2026-02-26,09:10,02:44,Singapore,SIN,China Airlines,CI6856,0,11L,Landed,B-18718,B744,cargo
2026-02-26,09:02,01:01,Hue,HUI,Vietnam Airlines,VN1540,1,11L,Landed,VN-A508,A21N,passenger
2026-02-26,08:59,04:32,Seoul,ICN,VietJet Air,VJ963,2,11L,Landed,VN-A549,A21N,passenger
2026-02-26,08:55,01:40,Ho Chi Minh City,SGN,Bamboo Airways,QH292,1,11L,Landed,VN-A585,A321,passenger
2026-02-26,08:49,01:40,Ho Chi Minh City,SGN,Sun PhuQuoc Airways,9G806,1,11L,Landed,VN-A279,A321,passenger
2026-02-26,08:44,01:30,Bangkok,DMK,AirAsia,FD642,2,11L,Landed,HS-BBE,A320,passenger
2026-02-26,08:41,01:42,Ho Chi Minh City,SGN,VietJet Air,VJ126,1,11L,Landed,VN-A546,A21N,passenger
2026-02-26,08:33,01:45,Hong Kong,HKG,HK express,UO540,2,11L,Landed,B-KKF,A21N,passenger
2026-02-26,08:30,01:36,Shenzhen,SZX,Shenzhen Airlines,ZH101,2,11L,Landed,B-9908,A320,passenger
2026-02-26,08:22,01:45,Ho Chi Minh City,SGN,Vietnam Airlines,VN7232,1,11L,Landed,VN-A619,A21N,passenger
2026-02-26,08:16,01:40,Ho Chi Minh City,SGN,N/A,VN6002,1,11L,Landed,VN-A363,A321,passenger
2026-02-26,08:04,02:46,Kuala Lumpur,KUL,AirAsia,AK516,2,11L,Landed,9M-AGY,A320,passenger
2026-02-26,07:44,01:45,Ho Chi Minh City,SGN,Vietravel Airlines,VU750,1,11L,Landed,VN-A289,A321,passenger
2026-02-26,07:37,01:41,Ho Chi Minh City,SGN,Bamboo Airways,QH202,1,11L,Landed,VN-A227,A321,passenger
2026-02-26,07:34,01:41,Ho Chi Minh City,SGN,VietJet Air,VJ124,1,11L,Landed,VN-A816,A333,passenger
2026-02-26,07:20,01:43,Ho Chi Minh City,SGN,VietJet Air,VJ122,1,11L,Landed,VN-A653,A21N,passenger
2026-02-26,07:17,02:55,Manila,MNL,Cebu Pacific,5J744,2,11L,Landed,RP-C4120,A21N,passenger
2026-02-26,07:13,02:42,Manila,MNL,Vietnam Airlines,VN646,2,11L,Landed,VN-A329,A321,passenger
2026-02-26,07:08,00:58,Da Nang,DAD,Vietnam Airlines,VN156,1,11L,Landed,VN-A616,A21N,passenger
2026-02-26,07:02,00:57,Da Nang,DAD,VietJet Air,VJ502,1,29R,Landed,VN-A651,A321,passenger
2026-02-26,06:54,01:42,Ho Chi Minh City,SGN,Vietnam Airlines,VN7210,1,11L,Landed,VN-A325,A321,passenger
2026-02-26,06:49,01:47,Ho Chi Minh City,SGN,Vietnam Airlines,VN7218,1,11L,Landed,VN-A602,A321,passenger
2026-02-26,06:45,06:03,Doha,DOH,Qatar Airways,QR982,2,11L,Landed,A7-BHX,B789,passenger
2026-02-26,06:38,01:39,Ho Chi Minh City,SGN,Vietnam Airlines,VN7034,1,11L,Landed,VN-A356,A321,passenger
2026-02-26,06:35,05:56,Almaty,ALA,Turkish Airlines,TK6339,0,11L,Landed,TC-LJR,B77L,cargo
2026-02-26,06:32,01:36,Ho Chi Minh City,SGN,Vietnam Airlines,VN7012,1,11L,Landed,VN-A866,B789,passenger
2026-02-26,06:28,02:25,Xi'an,XIY,N/A,VJ7343,2,11L,Landed,VN-A524,A21N,passenger
2026-02-26,06:20,06:09,Doha,DOH,Qatar Airways,QR8954,0,N/A,Landed,A7-BFN,B77L,cargo
2026-02-26,06:15,03:57,Mumbai,BOM,VietJet Air,VJ910,2,11L,Landed,VN-A697,A21N,passenger
2026-02-26,06:10,08:18,Moscow,SVO,Vietnam Airlines,VN62,2,11L,Landed,VN-A870,B789,passenger
2026-02-26,06:07,01:41,Ho Chi Minh City,SGN,Bamboo Airways,QH294,1,11L,Landed,VN-A596,A20N,passenger
2026-02-26,06:03,05:52,Abu Dhabi,AUH,Etihad Airways,EY432,2,11R,Landed,A6-BNA,B789,passenger
2026-02-26,05:58,06:03,Bahrain,BAH,Cargolux,CV7623,0,11R,Landed,LX-VCD,B748,cargo
2026-02-26,05:48,09:37,Frankfurt,FRA,Vietnam Airlines,VN36,2,11R,Landed,VN-A863,B789,passenger
2026-02-26,05:45,10:14,Paris,CDG,Vietnam Airlines,VN18,2,N/A,Landed,VN-A891,A359,passenger
2026-02-26,05:36,01:37,Ho Chi Minh City,SGN,Vietnam Airlines,VN7006,1,11R,Landed,VN-A392,A321,passenger
2026-02-26,05:27,03:42,Jakarta,CGK,Vietnam Airlines,VN634,2,11R,Landed,VN-A338,A321,passenger
2026-02-26,05:23,01:39,Ho Chi Minh City,SGN,Vietnam Airlines,VN7216,1,11R,Landed,VN-A332,A321,passenger
2026-02-26,05:15,03:30,Hyderabad,HYD,Vietnam Airlines,VN984,2,11R,Landed,VN-A324,A321,passenger
2026-02-26,05:11,01:32,Guangzhou,CAN,FedEx,FX6001,0,11R,Landed,N120FE,B763,cargo
2026-02-26,05:05,03:26,Delhi,DEL,Vietnam Airlines,VN980,2,N/A,Landed,VN-A893,A359,passenger
2026-02-26,04:59,01:37,Guangzhou,CAN,VietJet Air,VJ7527,2,11R,Landed,VN-A552,A21N,passenger
2026-02-26,04:49,01:37,Ho Chi Minh City,SGN,VietJet Air,VJ1124,1,11R,Landed,VN-A661,A321,passenger
2026-02-26,04:41,01:36,Ho Chi Minh City,SGN,Vietnam Airlines,VN7220,1,11R,Landed,VN-A515,A20N,passenger
2026-02-26,04:37,03:39,Beijing,PKX,VietJet Air,VJ7713,2,11R,Landed,VN-A655,A320,passenger
2026-02-26,04:27,10:20,London,LHR,Vietnam Airlines,VN56,2,11R,Landed,VN-A864,B789,passenger
2026-02-26,03:23,01:38,Ho Chi Minh City,SGN,Sun PhuQuoc Airways,9G8802,1,11R,Landed,VN-A280,A321,passenger
2026-02-26,03:17,03:31,Shanghai,PVG,China Eastern Airlines,MU7235,2,11R,Landed,B-32L9,A21N,passenger
2026-02-26,03:12,01:39,Ho Chi Minh City,SGN,VietJet Air,VJ182,1,11R,Landed,VN-A657,A321,passenger
2026-02-26,03:06,01:41,Ho Chi Minh City,SGN,Vietravel Airlines,VU702,1,11R,Landed,VN-A129,A321,passenger
2026-02-26,02:36,01:43,Ho Chi Minh City,SGN,Vietnam Airlines,VN7294,1,11R,Landed,VN-A514,A20N,passenger
2026-02-26,02:31,01:27,Nha Trang,CXR,VietJet Air,VJ7704,1,11R,Landed,VN-A539,A21N,passenger
2026-02-26,02:24,04:22,Seoul,ICN,Korean Air,KE361,0,11R,Landed,HL7617,B748,cargo
2026-02-26,02:20,04:36,Seoul,ICN,Air Zeta,KJ371,0,11R,Landed,HL8503,B738,cargo
2026-02-26,02:15,02:56,Zhengzhou,CGO,China Southern Airlines,CZ5029,2,11R,Landed,B-5067,B738,passenger
2026-02-26,01:46,01:41,Ho Chi Minh City,SGN,Vietravel Airlines,VU782,1,11L,Landed,VN-A136,A320,passenger
2026-02-26,01:38,01:36,Shenzhen,SZX,Shenzhen Airlines,ZH107,2,11L,Landed,B-1683,A320,passenger
2026-02-26,01:32,03:27,Shanghai,PVG,China Eastern Airlines,MU5075,2,11L,Landed,B-1772,B738,passenger
2026-02-26,01:27,01:43,Ho Chi Minh City,SGN,VietJet Air,VJ178,1,11L,Landed,VN-A545,A21N,passenger
2026-02-26,01:23,01:42,Ho Chi Minh City,SGN,Sun PhuQuoc Airways,9G896,1,11L,Landed,VN-A284,A21N,passenger
2026-02-26,01:18,03:55,Qingdao,TAO,Shandong Airlines,SC4649,2,11L,Landed,B-7978,B738,passenger
2026-02-26,01:15,02:56,Manila,MNL,Cebu Pacific,5J746,2,11L,Landed,RP-C4117,A321,passenger
2026-02-26,01:09,01:42,Ho Chi Minh City,SGN,Vietnam Airlines,VN7010,1,11L,Landed,VN-A356,A321,passenger
2026-02-26,01:06,01:45,Ho Chi Minh City,SGN,Vietnam Airlines,VN270,1,11L,Landed,VN-A617,A21N,passenger
2026-02-26,01:02,02:47,Manila,MNL,Philippine Airlines,PR595,2,11L,Landed,RP-C9902,A321,passenger
2026-02-26,00:57,01:43,Ho Chi Minh City,SGN,Vietnam Airlines,VN7020,1,11L,Landed,VN-A866,B789,passenger
2026-02-26,00:47,03:29,Jinan,TNA,Shandong Airlines,SC8071,2,11L,Landed,B-5490,B738,passenger
2026-02-26,00:46,01:36,Ho Chi Minh City,SGN,Sun PhuQuoc Airways,9G8894,1,11L,Landed,VN-A281,A21N,passenger
2026-02-26,00:42,01:39,Ho Chi Minh City,SGN,VietJet Air,VJ156,1,11L,Landed,VN-A637,A321,passenger
2026-02-26,00:36,01:51,Hong Kong,HKG,Atlas Air,5Y8522,0,11L,Landed,N492MC,B744,cargo
2026-02-26,00:30,01:37,Ho Chi Minh City,SGN,Sun PhuQuoc Airways,9G886,1,11L,Landed,VN-A282,A21N,passenger
2026-02-26,00:26,01:43,Ho Chi Minh City,SGN,VietJet Air,VJ174,1,11L,Landed,VN-A500,A21N,passenger
2026-02-26,00:23,03:15,Shanghai,PVG,Juneyao Air,HO1329,2,11L,Landed,B-8407,A321,passenger
2026-02-26,00:18,01:30,Ho Chi Minh City,SGN,Vietnam Airlines,VN7004,1,11L,Landed,VN-A602,A321,passenger
2026-02-26,00:15,04:40,Seoul,ICN,Jeju Air,7C2201,2,11L,Landed,HL8554,B38M,passenger
2026-02-26,00:08,01:36,Ho Chi Minh City,SGN,Vietnam Airlines,VN260,1,N/A,Landed,VN-A878,B78X,passenger
2026-02-26,00:05,01:40,Ho Chi Minh City,SGN,VietJet Air,VJ190,1,11L,Landed,VN-A683,A321,passenger
2026-02-26,00:00,02:37,Kuala Lumpur,KUL,Vietnam Airlines,VN680,2,11L,Landed,VN-A398,A321,passenger
2026-02-27,23:51,01:48,Ho Chi Minh City,SGN,VietJet Air,VJ156,1,11L,Landed,VN-A643,A321,passenger
2026-02-27,23:47,01:30,Bangkok,BKK,Vietnam Airlines,VN616,2,11L,Landed,VN-A622,A21N,passenger
2026-02-27,23:15,01:49,Ho Chi Minh City,SGN,Vietnam Airlines,VN7020,1,11L,Landed,VN-A896,A359,passenger
2026-02-27,23:06,06:32,Bahrain,BAH,DHL Air,QY576,0,11L,Landed,D-ALEJ,A332,cargo
2026-02-27,23:03,01:41,Ho Chi Minh City,SGN,Sun PhuQuoc Airways,9G876,1,11L,Landed,VN-A906,A21N,passenger
2026-02-27,22:35,02:23,Kolkata,CCU,IndiGo,6E8961,0,11L,Landed,VT-IKW,A321,cargo
2026-02-27,22:12,01:54,Ho Chi Minh City,SGN,Sun PhuQuoc Airways,9G872,1,11L,Landed,VN-A286,A21N,passenger
2026-02-27,21:43,12:29,Anchorage,ANC,UPS,5X72,0,11L,Landed,N633UP,B748,cargo
2026-02-27,21:33,01:58,Ho Chi Minh City,SGN,Vietravel Airlines,VU770,1,11L,Landed,VN-A129,A321,passenger
2026-02-27,21:30,01:51,Phu Quoc,PQC,Sun PhuQuoc Airways,9G1230,1,11L,Landed,VN-A285,A21N,passenger
2026-02-27,21:00,,Dien Bien Phu,DIN,Vietnam Airlines,VN1807,1,N/A,Landed,VN-A615,A321,passenger
2026-02-27,20:35,01:35,Shenzhen,SZX,China Southern Airlines,CZ8083,2,11L,Landed,B-6625,A321,passenger
2026-02-27,20:32,01:01,Da Nang,DAD,Vietnam Airlines,VN188,1,11L,Landed,VN-A515,A20N,passenger
2026-02-27,20:20,01:42,Phu Quoc,PQC,VietJet Air,VJ1440,1,11L,Landed,VN-A526,A21N,passenger
2026-02-27,19:59,01:02,Da Nang,DAD,VietJet Air,VJ516,1,11L,Landed,VN-A642,A321,passenger
2026-02-27,19:53,01:27,Siem Reap,SAI,Vietnam Airlines,VN836,2,11L,Landed,VN-A617,A21N,passenger
2026-02-27,19:38,01:37,Phnom Penh,KTI,Air Cambodia,K6850,2,11L,Landed,XU-350,A321,passenger
2026-02-27,19:31,01:37,Chongqing,CKG,West Air,PN6423,2,11L,Landed,B-6412,A319,passenger
2026-02-27,19:20,01:26,Bangkok,BKK,Thai Airways,TG564,2,N/A,Landed,HS-TXR,A320,passenger
2026-02-27,19:10,01:42,Hong Kong,HKG,Hong Kong Air Cargo,RH317,0,11L,Landed,B-LNY,A332,cargo
2026-02-27,18:39,01:47,Ho Chi Minh City,SGN,Transavia,VJ134,1,11L,Landed,LY-MLI,A320,passenger
2026-02-27,18:26,01:44,Hong Kong,HKG,Cathay Pacific,CX2047,0,11L,Landed,B-LIE,B744,cargo
2026-02-27,18:00,01:36,Nha Trang,CXR,Vietnam Airlines,VN1558,1,11L,Landed,VN-A601,A321,passenger
2026-02-27,17:57,03:08,Shanghai,PVG,Vietnam Airlines,VN533,2,11L,Landed,VN-A613,A321,passenger
2026-02-27,17:55,03:20,Shanghai,PVG,China Eastern Airlines,MU6013,2,11L,Landed,B-32L9,A21N,passenger
2026-02-27,17:51,01:34,Bangkok,BKK,Vietnam Airlines,VN614,2,11L,Landed,VN-A399,A321,passenger
2026-02-27,17:48,01:53,Ho Chi Minh City,SGN,VietJet Air,VJ194,1,11L,Landed,VN-A643,A321,passenger
2026-02-27,17:45,01:16,Lijiang,LJG,Bamboo Airways,QH801,2,11L,Landed,VN-A596,A20N,passenger
2026-02-27,17:43,02:29,Kaohsiung,KHH,VietJet Air,VJ947,2,11L,Landed,VN-A545,A21N,passenger
2026-02-27,17:39,01:50,Ho Chi Minh City,SGN,Vietnam Airlines,VN232,1,11L,Landed,VN-A865,B789,passenger
2026-02-27,17:33,01:07,Da Nang,DAD,VietJet Air,VJ514,1,11L,Landed,VN-A546,A21N,passenger
2026-02-27,17:30,01:57,Phu Quoc,PQC,N/A,VN6400,1,11L,Landed,VN-A363,A321,passenger
2026-02-27,17:28,01:39,Guangzhou,CAN,Vietnam Airlines,VN507,2,11L,Landed,VN-A356,A321,passenger
2026-02-27,17:25,01:40,Bangkok,BKK,VietJet Air,VJ902,2,11L,Landed,VN-A629,A321,passenger
2026-02-27,17:15,01:53,Ho Chi Minh City,SGN,Vietnam Airlines,VN250,1,N/A,Landed,VN-A862,B789,passenger
2026-02-27,17:13,03:20,Shanghai,PVG,Air China,CA755,2,11L,Landed,B-8492,A321,passenger
2026-02-27,17:04,01:12,Da Nang,DAD,Vietnam Airlines,VN7186,1,11L,Landed,VN-A622,A21N,passenger
2026-02-27,16:58,01:49,Ho Chi Minh City,SGN,Vietnam Airlines,VN7040,1,11L,Landed,VN-A886,A359,passenger
2026-02-27,16:56,02:21,Kolkata,CCU,IndiGo,6E1631,2,11L,Landed,VT-IIK,A20N,passenger
2026-02-27,16:49,02:03,Can Tho,VCA,Vietnam Airlines,VN1202,1,11L,Landed,VN-A338,A321,passenger
2026-02-27,16:46,02:43,Taipei,TPE,EVA Air,BR385,2,11L,Landed,B-16216,A321,passenger
2026-02-27,16:43,02:53,Taipei,TPE,China Airlines,CI793,2,11L,Landed,B-18112,A21N,passenger
2026-02-27,16:40,03:02,Singapore,XSP,N/A,N/A,2,11L,Landed,B-6186,A318,business jet
2026-02-27,16:38,03:15,Shanghai,PVG,Air China Cargo,N/A,0,11L,Landed,B-2475,B744,cargo
2026-02-27,16:31,00:46,N/A,,N/A,N/A,2,11L,Landed,VN-B469,C208,passenger
2026-02-27,16:27,00:29,Dien Bien Phu,DIN,Vietnam Airlines,VN1805,1,11L,Landed,VN-A392,A321,passenger
2026-02-27,16:15,01:41,Da Lat,DLI,Vietnam Airlines,VN1574,1,11L,Landed,VN-A515,A20N,passenger
2026-02-27,16:09,01:39,Ho Chi Minh City,SGN,Vietnam Airlines,VN214,1,29R,Landed,VN-A866,B789,passenger
2026-02-27,16:06,01:28,Tuy Hoa,TBB,Vietnam Airlines,VN1650,1,11L,Landed,VN-A358,A321,passenger
2026-02-27,16:03,,Da Nang,DAD,Vietnam Airlines,VN172,1,N/A,Landed,VN-A615,A321,passenger
2026-02-27,15:58,00:52,Vientiane,VTE,Lao Airlines,QV311,2,11L,Landed,RDPL-34188,A320,passenger
2026-02-27,15:55,02:58,Singapore,SIN,Vietnam Airlines,VN660,2,11L,Landed,VN-A896,A359,passenger
2026-02-27,15:53,01:42,Nha Trang,CXR,VietJet Air,VJ774,1,11L,Landed,VN-A547,A21N,passenger
2026-02-27,15:50,01:53,Phu Quoc,PQC,Sun PhuQuoc Airways,9G1208,1,11L,Landed,VN-A285,A21N,passenger
2026-02-27,15:47,01:58,Can Tho,VCA,VietJet Air,VJ462,1,11L,Landed,VN-A699,A320,passenger
2026-02-27,15:44,01:46,Hong Kong,HKG,Vietnam Airlines,VN593,2,11L,Landed,VN-A339,A321,passenger
2026-02-27,15:42,01:41,Ho Chi Minh City,SGN,Vietnam Airlines,VN248,1,N/A,Landed,VN-A864,B789,passenger
2026-02-27,15:39,01:52,Ho Chi Minh City,SGN,VietJet Air,VJ138,1,11L,Landed,VN-A538,A21N,passenger
2026-02-27,15:38,02:03,Ho Chi Minh City,SGN,Pegasus,VJ188,1,11R,Landed,LY-NVE,A320,passenger
2026-02-27,15:37,01:56,Ho Chi Minh City,SGN,VietJet Air,VJ142,1,11L,Landed,VN-A666,A320,passenger
2026-02-27,15:31,01:11,Chiang Mai,CNX,AirAsia,FD870,2,29R,Landed,HS-ABU,A320,passenger
2026-02-27,15:28,01:16,Da Nang,DAD,Vietnam Airlines,VN170,1,11L,Landed,VN-A334,A321,passenger
2026-02-27,15:25,01:57,Ho Chi Minh City,SGN,VietJet Air,VJ144,1,11L,Landed,VN-A814,A333,passenger
2026-02-27,15:23,08:40,Istanbul,IST,Turkish Airlines,TK164,2,N/A,Landed,TC-LGJ,A359,passenger
2026-02-27,15:18,02:00,Ho Chi Minh City,SGN,Vietnam Airlines,VN7256,1,11L,Landed,VN-A331,A321,passenger
2026-02-27,15:09,01:22,Qui Nhon,UIH,Vietnam Airlines,VN1622,1,11L,Landed,VN-A514,A20N,passenger
2026-02-27,15:06,01:02,Kunming,KMG,China Eastern Airlines,MU9605,2,11L,Landed,B-207L,B738,passenger
2026-02-27,15:03,01:44,Da Lat,DLI,VietJet Air,VJ404,1,11L,Landed,VN-A662,A320,passenger
2026-02-27,15:00,01:41,Nha Trang,CXR,Vietnam Airlines,VN7068,1,11L,Landed,VN-A512,A21N,passenger
2026-02-27,14:56,01:55,Phu Quoc,PQC,Sun PhuQuoc Airways,9G1206,1,11L,Landed,VN-A908,A20N,passenger
2026-02-27,14:54,01:48,Ho Chi Minh City,SGN,Bamboo Airways,QH202,1,11L,Landed,VN-A227,A321,passenger
2026-02-27,14:52,01:42,Da Lat,DLI,Bamboo Airways,QH1422,1,11L,Landed,VN-A585,A321,passenger
2026-02-27,14:48,02:34,Fuzhou,FOC,Xiamen Air,MF8697,2,N/A,Landed,B-7826,B738,passenger
2026-02-27,14:45,02:52,Kuala Lumpur,KUL,AirAsia,AK512,2,11L,Landed,9M-AGB,A20N,passenger
2026-02-27,14:42,01:48,Ho Chi Minh City,SGN,Sun PhuQuoc Airways,9G838,1,11L,Landed,VN-A280,A321,passenger
2026-02-27,14:39,01:06,Da Nang,DAD,Vietnam Airlines,VN168,1,11L,Landed,VN-A327,A321,passenger
2026-02-27,14:36,01:36,Nha Trang,CXR,Vietnam Airlines,VN1552,1,11L,Landed,VN-A617,A21N,passenger
2026-02-27,14:32,01:31,Bangkok,BKK,Vietnam Airlines,VN610,2,11L,Landed,VN-A605,A321,passenger
2026-02-27,14:29,02:48,Kuala Lumpur,KUL,VietJet Air,VJ906,2,11L,Landed,VN-A536,A21N,passenger
2026-02-27,14:26,01:42,Ho Chi Minh City,SGN,Vietnam Airlines,VN212,1,11L,Landed,VN-A874,B78X,passenger
2026-02-27,14:23,00:59,Da Nang,DAD,VietJet Air,VJ508,1,11L,Landed,VN-A636,A321,passenger
2026-02-27,14:20,01:35,Guangzhou,CAN,China Southern Airlines,CZ8315,2,11L,Landed,B-301A,A20N,passenger
2026-02-27,13:57,01:03,Da Nang,DAD,VietJet Air,VJ528,1,11L,Landed,VN-A661,A321,passenger
2026-02-27,13:50,01:01,Hue,HUI,VietJet Air,VJ566,1,11L,Landed,VN-A580,A21N,passenger
2026-02-27,13:47,01:06,Da Nang,DAD,Vietnam Airlines,VN166,1,11L,Landed,VN-A325,A321,passenger
2026-02-27,13:42,03:20,Shanghai,PVG,China Eastern Airlines,MU6011,2,11L,Landed,B-8979,A321,passenger
2026-02-27,13:36,05:44,Tokyo,NRT,VietJet Air,VJ933,2,11L,Landed,VN-A816,A333,passenger
2026-02-27,13:33,01:48,Ho Chi Minh City,SGN,Vietnam Airlines,VN246,1,11L,Landed,VN-A891,A359,passenger
2026-02-27,13:29,05:39,Tokyo,NRT,Vietnam Airlines,VN311,2,11L,Landed,VN-A872,B78X,passenger
2026-02-27,13:27,01:51,Ho Chi Minh City,SGN,Vietravel Airlines,VU750,1,11L,Landed,VN-A136,A320,passenger
2026-02-27,13:24,01:33,Bangkok,BKK,China Cargo Airlines,CK278,0,11L,Landed,B-2076,B77L,cargo
2026-02-27,13:22,05:38,Blagoveshchensk,BQS,VietJet Air,VJ3526,2,11L,Landed,VN-A537,A21N,passenger
2026-02-27,13:18,03:45,Delhi,DEL,IndiGo,6E1633,2,11L,Landed,VT-IQO,A20N,passenger
2026-02-27,13:13,05:05,Osaka,KIX,VietJet Air,VJ939,2,11L,Landed,VN-A546,A21N,passenger
2026-02-27,13:10,01:52,Phu Quoc,PQC,Sun PhuQuoc Airways,9G1204,1,11L,Landed,VN-A286,A21N,passenger
2026-02-27,13:04,01:53,Ho Chi Minh City,SGN,Vietnam Airlines,VN7226,1,N/A,Landed,VN-A398,A321,passenger
2026-02-27,13:02,01:55,Phu Quoc,PQC,VietJet Air,VJ440,1,11L,Landed,VN-A675,A320,passenger
2026-02-27,12:59,05:37,Dubai,DXB,Emirates,EK394,2,11L,Landed,A6-EPT,B77W,passenger
2026-02-27,12:57,01:48,Ho Chi Minh City,SGN,Bamboo Airways,QH204,1,11L,Landed,VN-A596,A20N,passenger
2026-02-27,12:55,05:15,Nagoya,NGO,VietJet Air,VJ921,2,11L,Landed,VN-A554,A21N,passenger
2026-02-27,12:51,04:22,Fukuoka,FUK,Vietnam Airlines,VN357,2,11L,Landed,VN-A503,A21N,passenger
2026-02-27,12:48,02:07,Dhaka,DAC,Ethiopian Airlines,ET678,2,N/A,Landed,ET-ATH,B788,passenger
2026-02-27,12:46,01:49,Ho Chi Minh City,SGN,Bamboo Airways,QH224,1,11L,Landed,JU-1410,A320,passenger
2026-02-27,12:42,04:38,Osaka,KIX,Vietnam Airlines,VN335,2,11L,Landed,VN-A888,A359,passenger
2026-02-27,12:37,05:00,Nagoya,NGO,Vietnam Airlines,VN349,2,11L,Landed,VN-A889,A359,passenger
2026-02-27,12:34,04:03,Busan,PUS,Vietnam Airlines,VN429,2,11L,Landed,VN-A879,B78X,passenger
2026-02-27,12:31,01:38,Guangzhou,CAN,Shenzhen Airlines,ZH121,2,11L,Landed,B-1712,B738,passenger
2026-02-27,12:21,01:42,Ho Chi Minh City,SGN,VietJet Air,VJ128,1,11L,Landed,VN-A683,A321,passenger
2026-02-27,12:15,01:41,Phu Quoc,PQC,Sun PhuQuoc Airways,9G1202,1,11L,Landed,VN-A284,A21N,passenger
2026-02-27,12:12,02:46,Kuala Lumpur,KUL,Batik Air,OD571,2,11L,Landed,9M-LRP,B38M,passenger
2026-02-27,12:07,01:38,Ho Chi Minh City,SGN,Vietnam Airlines,VN210,1,11L,Landed,VN-A869,B789,passenger
2026-02-27,12:04,06:03,Doha,DOH,Qatar Airways,QR976,2,11L,Landed,A7-AOG,A35K,passenger
2026-02-27,11:56,04:24,Seoul,ICN,Asiana Airlines,OZ729,2,11L,Landed,HL7700,B772,passenger
2026-02-27,11:46,03:03,Kuala Lumpur,KUL,Malaysia Airlines,MH752,2,11L,Landed,9M-MXJ,B738,passenger
2026-02-27,11:40,01:55,Can Tho,VCA,Vietnam Airlines,VN1200,1,11L,Landed,VN-A392,A321,passenger
2026-02-27,11:37,01:49,Ho Chi Minh City,SGN,Sun PhuQuoc Airways,9G822,1,11L,Landed,VN-A279,A321,passenger
2026-02-27,11:29,01:08,Da Nang,DAD,N/A,VN6080,1,11L,Landed,VN-A363,A321,passenger
2026-02-27,11:27,03:30,Beijing,PEK,Air China,CA741,2,11L,Landed,B-32ND,A21N,passenger
2026-02-27,11:22,02:37,Taipei,TPE,EVA Air,BR397,2,N/A,Landed,B-16722,B77W,passenger
2026-02-27,11:20,05:49,Abu Dhabi,AUH,Etihad Airways,EY979,0,11L,Landed,A6-DDF,B77L,cargo
2026-02-27,11:17,,Buon Ma Thuot,BMV,Vietnam Airlines,VN1602,1,N/A,Landed,VN-A615,A321,passenger
2026-02-27,11:11,03:15,Shanghai,PVG,Air China,CA703,2,11L,Landed,B-6883,A321,passenger
2026-02-27,11:07,01:40,Ho Chi Minh City,SGN,Vietnam Airlines,VN244,1,11L,Landed,VN-A897,A359,passenger
2026-02-27,11:04,01:34,Da Lat,DLI,Vietnam Airlines,VN1572,1,11L,Landed,VN-A515,A20N,passenger
2026-02-27,11:00,01:17,Pleiku,PXU,Vietnam Airlines,VN1614,1,11L,Landed,VN-A358,A321,passenger
2026-02-27,10:58,01:02,Da Nang,DAD,Vietnam Airlines,VN164,1,11L,Landed,VN-A399,A321,passenger
2026-02-27,10:55,04:24,Busan,PUS,VietJet Air,VJ981,2,11L,Landed,VN-A629,A321,passenger
2026-02-27,10:51,01:38,Guangzhou,CAN,China Southern Airlines,CZ3049,2,11L,Landed,B-30A8,A20N,passenger
2026-02-27,10:46,01:48,Phu Quoc,PQC,VietJet Air,VJ442,1,11L,Landed,VN-A545,A21N,passenger
2026-02-27,10:40,00:29,Hanoi,HAN,Vietnam Airlines,VN5000,2,11L,Landed,VN-A506,A21N,passenger
2026-02-27,10:36,04:18,Seoul,ICN,Korean Air,KE441,2,N/A,Landed,HL8535,B78X,passenger
2026-02-27,10:25,02:42,Taipei,TPE,STARLUX,JX715,2,N/A,Landed,B-58203,A21N,passenger
2026-02-27,10:20,02:13,Hong Kong,HKG,Cathay Pacific,CX741,2,11L,Landed,B-HNS,B773,passenger
2026-02-27,10:13,00:43,Vinh,VII,Vietnam Airlines,VN1716,1,11L,Landed,VN-A356,A321,passenger
2026-02-27,10:11,01:43,Ho Chi Minh City,SGN,Vietnam Airlines,VN208,1,11L,Landed,VN-A862,B789,passenger
2026-02-27,10:07,01:27,Buon Ma Thuot,BMV,VietJet Air,VJ492,1,11L,Landed,VN-A636,A321,passenger
2026-02-27,10:05,01:45,Ho Chi Minh City,SGN,Sun PhuQuoc Airways,9G816,1,N/A,Landed,VN-A906,A21N,passenger
2026-02-27,10:00,02:27,Kaohsiung,KHH,Vietnam Airlines,VN587,2,11L,Landed,VN-A338,A321,passenger
2026-02-27,09:51,01:09,Da Nang,DAD,Vietravel Airlines,VU638,1,11L,Landed,VN-A129,A321,passenger
2026-02-27,09:48,01:21,Pleiku,PXU,VietJet Air,VJ422,1,11L,Landed,VN-A580,A21N,passenger
2026-02-27,09:47,02:53,Taipei,TPE,Vietnam Airlines,VN579,2,11L,Landed,VN-A339,A321,passenger
2026-02-27,09:43,01:47,Ho Chi Minh City,SGN,Bamboo Airways,QH294,1,11L,Landed,VN-A585,A321,passenger
2026-02-27,09:40,01:07,Da Nang,DAD,VietJet Air,VJ510,1,11L,Landed,VN-A666,A320,passenger
2026-02-27,09:37,01:37,Bangkok,BKK,Thai Airways,TG560,2,N/A,Landed,HS-TXB,A320,passenger
2026-02-27,09:34,01:40,Ho Chi Minh City,SGN,Vietnam Airlines,VN242,1,11L,Landed,VN-A892,A359,passenger
2026-02-27,09:31,01:41,Ho Chi Minh City,SGN,Avion Express,VJ148,1,11L,Landed,LY-NVG,A320,passenger
2026-02-27,09:25,01:41,Ho Chi Minh City,SGN,Sun PhuQuoc Airways,9G808,1,11L,Landed,VN-A285,A21N,passenger
2026-02-27,09:13,00:58,Da Nang,DAD,VietJet Air,VJ504,1,11L,Landed,VN-A657,A321,passenger
2026-02-27,09:05,01:39,Ho Chi Minh City,SGN,Vietnam Airlines,VN240,1,11L,Landed,VN-A864,B789,passenger
2026-02-27,08:58,00:58,Da Nang,DAD,Vietnam Airlines,VN158,1,11L,Landed,VN-A613,A321,passenger
2026-02-27,08:56,04:22,Seoul,ICN,VietJet Air,VJ963,2,11L,Landed,VN-A578,A21N,passenger
2026-02-27,08:52,01:06,Da Nang,DAD,VietJet Air,VJ524,1,11L,Landed,VN-A649,A321,passenger
2026-02-27,08:49,02:40,Taipei,TPE,EVA Air,BR6021,0,11L,Landed,B-16786,B77L,cargo
2026-02-27,08:46,01:00,Hue,HUI,Vietnam Airlines,VN1540,1,11L,Landed,VN-A602,A321,passenger
2026-02-27,08:43,01:44,Ho Chi Minh City,SGN,VietJet Air,VJ124,1,11L,Landed,VN-A814,A333,passenger
2026-02-27,08:37,01:45,Hong Kong,HKG,HK express,UO540,2,11L,Landed,B-KKM,A21N,passenger
2026-02-27,08:34,01:28,Bangkok,DMK,AirAsia,FD642,2,11L,Landed,HS-BBJ,A320,passenger
2026-02-27,08:31,01:37,Shenzhen,SZX,Shenzhen Airlines,ZH101,2,11L,Landed,B-1683,A320,passenger
2026-02-27,08:23,01:40,Ho Chi Minh City,SGN,Sun PhuQuoc Airways,9G806,1,11L,Landed,VN-A280,A321,passenger
2026-02-27,08:13,01:29,Bangkok,BKK,K-Mile Air,8K525,0,11L,Landed,HS-KMD,B738,cargo
2026-02-27,08:04,02:53,Kuala Lumpur,KUL,AirAsia,AK9516,2,29R,Landed,9M-AHZ,A320,passenger
2026-02-27,07:56,01:37,Ho Chi Minh City,SGN,Vietnam Airlines,VN206,1,11L,Landed,VN-A865,B789,passenger
2026-02-27,07:50,00:40,Nanning,NNG,GX Airlines,GX8971,2,11L,Landed,B-6817,A320,passenger
2026-02-27,07:33,02:58,Manila,MNL,Cebu Pacific,5J744,2,11L,Landed,RP-C4145,A21N,passenger
2026-02-27,07:29,02:49,Manila,MNL,Vietnam Airlines,VN646,2,11L,Landed,VN-A605,A321,passenger
2026-02-27,07:24,01:45,Ho Chi Minh City,SGN,VietJet Air,VJ122,1,11L,Landed,VN-A661,A321,passenger
2026-02-27,07:18,05:52,Abu Dhabi,AUH,Etihad Airways,EY2022,0,11L,Landed,A6-DDB,B77L,cargo
2026-02-27,07:13,00:59,Da Nang,DAD,Vietnam Airlines,VN156,1,11L,Landed,VN-A393,A321,passenger
2026-02-27,07:11,01:50,Ho Chi Minh City,SGN,Vietravel Airlines,VU782,1,11L,Landed,VN-A289,A321,passenger
2026-02-27,07:05,01:03,Da Nang,DAD,VietJet Air,VJ502,1,11L,Landed,VN-A633,A321,passenger
2026-02-27,07:02,01:45,Ho Chi Minh City,SGN,Vietravel Airlines,VU780,1,11L,Landed,VN-A136,A320,passenger
2026-02-27,06:59,03:25,Cebu,CEB,Vietnam Airlines,VN642,2,11L,Landed,VN-A325,A321,passenger
2026-02-27,06:48,01:42,Ho Chi Minh City,SGN,N/A,VN6002,1,11L,Landed,VN-A363,A321,passenger
2026-02-27,06:41,06:01,Doha,DOH,Qatar Airways,QR982,2,11L,Landed,A7-BHV,B789,passenger
2026-02-27,06:31,01:43,Ho Chi Minh City,SGN,Vietnam Airlines,VN7214,1,11L,Landed,VN-A399,A321,passenger
2026-02-27,06:27,01:46,Phu Quoc,PQC,Vietnam Airlines,VN9491,1,11L,Landed,VN-A358,A321,passenger
2026-02-27,06:23,01:39,Ho Chi Minh City,SGN,Vietnam Airlines,VN7030,1,11L,Landed,VN-A874,B78X,passenger
2026-02-27,06:20,01:39,Ho Chi Minh City,SGN,Vietnam Airlines,VN7210,1,11L,Landed,VN-A617,A21N,passenger
2026-02-27,06:07,08:54,Melbourne,MEL,Vietnam Airlines,VN778,2,11L,Landed,VN-A891,A359,passenger
2026-02-27,05:54,03:58,Ahmedabad,AMD,VietJet Air,VJ1926,2,N/A,Landed,VN-A668,A320,passenger
2026-02-27,05:49,09:51,Frankfurt,FRA,Vietnam Airlines,VN36,2,11L,Landed,VN-A868,B789,passenger
2026-02-27,05:46,10:18,Paris,CDG,Vietnam Airlines,VN18,2,N/A,Landed,VN-A896,A359,passenger
2026-02-27,05:43,03:54,Bengaluru,BLR,Vietnam Airlines,VN982,2,11L,Landed,VN-A512,A21N,passenger
2026-02-27,05:23,03:32,Delhi,DEL,VietJet Air,VJ972,2,N/A,Landed,VN-A817,A333,passenger
2026-02-27,05:08,01:29,Guangzhou,CAN,FedEx,FX6001,0,11L,Landed,N120FE,B763,cargo
2026-02-27,04:52,01:44,Ho Chi Minh City,SGN,Bamboo Airways,QH280,1,11L,Landed,VN-A227,A321,passenger
2026-02-27,04:22,03:11,Beijing,PKX,VietJet Air,VJ7713,2,11L,Landed,VN-A536,A21N,passenger
2026-02-27,04:19,01:32,Guangzhou,CAN,VietJet Air,VJ7527,2,11L,Landed,VN-A545,A21N,passenger
2026-02-27,04:15,04:20,Seoul,ICN,Air Zeta,KJ931,0,11L,Landed,HL7423,B744,cargo
2026-02-27,04:03,09:32,Munich,MUC,Vietnam Airlines,VN34,2,11L,Landed,VN-A867,B789,passenger
2026-02-27,03:59,01:44,Ho Chi Minh City,SGN,Vietnam Airlines,VN7024,1,11L,Landed,VN-A514,A20N,passenger
2026-02-27,03:50,04:35,Seoul,ICN,Air Zeta,KJ389,0,11L,Landed,HL7507,B763,cargo
2026-02-27,03:04,01:43,Ho Chi Minh City,SGN,Vietnam Airlines,VN7208,1,11L,Landed,VN-A515,A20N,passenger
2026-02-27,03:00,01:41,Ho Chi Minh City,SGN,Sun PhuQuoc Airways,9G8802,1,11L,Landed,VN-A279,A321,passenger
2026-02-27,02:54,03:14,Shanghai,PVG,China Eastern Airlines,MU7235,2,11L,Landed,B-32KF,A21N,passenger
2026-02-27,02:47,01:47,Ho Chi Minh City,SGN,Vietnam Airlines,VN7070,1,11L,Landed,VN-A611,A321,passenger
2026-02-27,02:43,02:12,Ho Chi Minh City,SGN,Viva,VN7090,1,11L,Landed,9H-MLX,A320,passenger
2026-02-27,02:39,01:44,Ho Chi Minh City,SGN,Vietravel Airlines,VU702,1,11L,Landed,VN-A129,A321,passenger
2026-02-27,02:37,01:44,Ho Chi Minh City,SGN,VietJet Air,VJ178,1,11L,Landed,VN-A697,A21N,passenger
2026-02-27,02:21,04:46,Seoul,ICN,Air Zeta,KJ373,0,N/A,Landed,HL8503,B738,cargo
2026-02-27,01:59,04:22,Seoul,ICN,Korean Air,KE361,0,11L,Landed,HL7605,B744,cargo
2026-02-27,01:55,03:19,Shanghai,PVG,Juneyao Air,HO1329,2,11L,Landed,B-304G,A320,passenger
2026-02-27,01:51,01:43,Ho Chi Minh City,SGN,Sun PhuQuoc Airways,9G8896,1,11L,Landed,VN-A284,A21N,passenger
2026-02-27,01:48,04:25,Seoul,ICN,Korean Air,KE9575,0,11L,Landed,HL8226,B77L,cargo
2026-02-27,01:43,01:41,Ho Chi Minh City,SGN,Sun PhuQuoc Airways,9G896,1,11L,Landed,VN-A909,A20N,passenger
2026-02-27,01:40,03:23,Shanghai,PVG,China Eastern Airlines,MU5075,2,11L,Landed,B-5858,B738,passenger
2026-02-27,01:30,01:44,Ho Chi Minh City,SGN,Vietnam Airlines,VN270,1,11L,Landed,VN-A608,A321,passenger
2026-02-27,01:28,02:47,Manila,MNL,Philippine Airlines,PR595,2,11L,Landed,RP-C9906,A321,passenger
2026-02-27,01:24,01:44,Ho Chi Minh City,SGN,VietJet Air,VJ182,1,11L,Landed,VN-A636,A321,passenger
2026-02-27,01:20,02:59,Hangzhou,HGH,Air China,CA707,2,11L,Landed,B-8582,A320,passenger
2026-02-27,01:15,03:39,Qingdao,TAO,Shandong Airlines,SC4649,2,11L,Landed,B-1439,B738,passenger
2026-02-27,01:08,02:13,Wuhan,WUH,China Eastern Airlines,MU2573,2,11L,Landed,B-1981,B738,passenger
2026-02-27,01:03,01:46,Ho Chi Minh City,SGN,Sun PhuQuoc Airways,9G886,1,11L,Landed,VN-A281,A21N,passenger
2026-02-27,01:00,01:36,Shenzhen,SZX,Shenzhen Airlines,ZH107,2,11L,Landed,B-9908,A320,passenger
2026-02-27,00:57,01:45,Ho Chi Minh City,SGN,Vietnam Airlines,VN7200,1,11L,Landed,VN-A601,A321,passenger
2026-02-27,00:48,01:41,Ho Chi Minh City,SGN,Vietnam Airlines,VN7294,1,29R,Landed,VN-A874,B78X,passenger
2026-02-27,00:40,03:15,Jinan,TNA,Shandong Airlines,SC8071,2,11L,Landed,B-5490,B738,passenger
2026-02-27,00:35,01:32,Nha Trang,CXR,VietJet Air,VJ778,1,11L,Landed,VN-A522,A321,passenger
2026-02-27,00:29,01:45,Ho Chi Minh City,SGN,VietJet Air,VJ174,1,11L,Landed,VN-A552,A21N,passenger
2026-02-27,00:26,00:59,Da Nang,DAD,VietJet Air,VJ520,1,11L,Landed,VN-A523,A21N,passenger
2026-02-27,00:20,01:42,Ho Chi Minh City,SGN,VietJet Air,VJ158,1,11L,Landed,VN-A629,A321,passenger
2026-02-27,00:11,04:35,Seoul,ICN,Jeju Air,7C2201,2,11L,Landed,HL8554,B38M,passenger
2026-02-28,23:42,01:45,Ho Chi Minh City,SGN,VietJet Air,VJ180,1,11L,Landed,VN-A643,A321,passenger
2026-02-28,23:26,00:59,Hue,HUI,Vietnam Airlines,VN1548,1,11L,Landed,VN-A358,A321,passenger
2026-02-28,23:22,01:59,Can Tho,VCA,VietJet Air,VJ464,1,11L,Landed,VN-A642,A321,passenger
2026-02-28,22:59,00:56,Hue,HUI,Vietnam Airlines,VN7542,1,11L,Landed,VN-A513,A20N,passenger
2026-02-28,22:53,02:55,Kuala Lumpur,KUL,MJets Air,WW220,0,N/A,Landed,9M-KXA,B734,cargo
2026-02-28,21:49,01:00,Da Nang,DAD,Vietravel Airlines,VU658,1,11L,Landed,VN-A129,A321,passenger
2026-02-28,21:46,01:42,Ho Chi Minh City,SGN,Sun PhuQuoc Airways,9G872,1,11L,Landed,VN-A284,A21N,passenger
2026-02-28,21:32,01:47,Ho Chi Minh City,SGN,VietJet Air,VJ196,1,29L,Landed,VN-A816,A333,passenger
2026-02-28,21:17,01:05,Da Nang,DAD,Bamboo Airways,QH104,1,11L,Landed,VN-A227,A321,passenger
2026-02-28,21:08,01:34,Da Lat,DLI,Bamboo Airways,QH1424,1,11L,Landed,VN-A596,A20N,passenger
2026-02-28,21:04,01:28,Bangkok,BKK,Vietnam Airlines,VN618,2,11L,Landed,VN-A331,A321,passenger
2026-02-28,21:01,01:43,Phu Quoc,PQC,Sun PhuQuoc Airways,9G1230,1,11L,Landed,VN-A286,A21N,passenger
2026-02-28,20:52,01:43,Phu Quoc,PQC,Sun PhuQuoc Airways,9G1220,1,11L,Landed,VN-A281,A21N,passenger
2026-02-28,20:23,01:43,Chongqing,CKG,West Air,PN6423,2,11L,Landed,B-32MF,A19N,passenger
2026-02-28,20:22,01:46,Hong Kong,HKG,Hong Kong Air Cargo,RH317,0,29R,Landed,B-LNW,A332,cargo
2026-02-28,19:35,06:24,Bahrain,BAH,DHL Air,QY535,0,11L,Landed,D-ALMD,A332,cargo
2026-02-28,19:28,01:16,Pleiku,PXU,VietJet Air,VJ424,1,11L,Landed,VN-A575,A21N,passenger
2026-02-28,19:07,03:52,Delhi,DEL,SF Airlines,O3168,0,N/A,Landed,B-220H,B763,cargo
2026-02-28,18:58,05:03,Osaka,KIX,VietJet Air,VJ931,2,11L,Landed,VN-A537,A21N,passenger
2026-02-28,18:54,01:51,Hong Kong,HKG,Hong Kong Airlines,HX528,2,11L,Landed,B-LPE,A320,passenger
2026-02-28,18:41,01:48,Changsha,CSX,China Southern Airlines,CZ8359,2,11L,Landed,B-32FY,A20N,passenger
2026-02-28,18:26,01:42,Guangzhou,CAN,China Southern Airlines,CZ8177,2,11L,Landed,B-32JL,A20N,passenger
2026-02-28,18:19,01:48,Phu Quoc,PQC,Sun PhuQuoc Airways,9G1216,1,11L,Landed,VN-A285,A21N,passenger
2026-02-28,18:11,01:03,Da Nang,DAD,Sun PhuQuoc Airways,9G932,1,11L,Landed,VN-A906,A21N,passenger
2026-02-28,18:00,01:47,Ho Chi Minh City,SGN,Sun PhuQuoc Airways,9G854,1,11L,Landed,VN-A280,A321,passenger
2026-02-28,17:48,03:23,Shanghai,PVG,China Eastern Airlines,MU6013,2,11L,Landed,B-32KD,A21N,passenger
2026-02-28,17:46,01:07,Da Nang,DAD,VietJet Air,VJ514,1,11L,Landed,VN-A642,A321,passenger
2026-02-28,17:35,01:59,Phu Quoc,PQC,N/A,VN6400,1,11L,Landed,VN-A363,A321,passenger
2026-02-28,17:29,01:34,Bangkok,BKK,VietJet Air,VJ902,2,11L,Landed,VN-A683,A321,passenger
2026-02-28,17:17,02:57,Singapore,SIN,VietJet Air,VJ916,2,29R,Landed,VN-A646,A21N,passenger
2026-02-28,17:09,01:36,Guangzhou,CAN,China Southern Airlines,CZ8414,2,11L,Landed,B-301H,A20N,passenger
2026-02-28,17:03,01:47,Ho Chi Minh City,SGN,VietJet Air,VJ128,1,11L,Landed,VN-A535,A321,passenger
2026-02-28,16:57,02:19,Kolkata,CCU,IndiGo,6E1631,2,11L,Landed,VT-IQM,A20N,passenger
2026-02-28,16:55,00:47,Dien Bien Phu,DIN,Vietnam Airlines,VN1805,1,11L,Landed,VN-A603,A321,passenger
2026-02-28,16:11,05:54,Khabarovsk,KHV,VietJet Air,VJ3524,2,11L,Landed,VN-A549,A21N,passenger
2026-02-28,16:02,01:27,Tuy Hoa,TBB,Vietnam Airlines,VN1650,1,11L,Landed,VN-A602,A321,passenger
2026-02-28,15:49,00:47,N/A,,N/A,N/A,2,11L,Landed,VN-B469,C208,passenger
2026-02-28,15:43,01:37,Da Lat,DLI,VietJet Air,VJ404,1,11L,Landed,VN-A662,A320,passenger
2026-02-28,15:25,01:07,Da Nang,DAD,Sun PhuQuoc Airways,9G922,1,11L,Landed,VN-A281,A21N,passenger
2026-02-28,15:22,01:49,Ho Chi Minh City,SGN,Vietnam Airlines,VN248,1,11L,Landed,VN-A895,A359,passenger
2026-02-28,15:02,01:40,Ho Chi Minh City,SGN,VietJet Air,VJ144,1,11L,Landed,VN-A816,A333,passenger
2026-02-28,14:54,01:31,Shenzhen,SZX,China Southern Airlines,CZ8469,2,11L,Landed,B-6979,A321,passenger
2026-02-28,14:28,02:45,Taipei,TPE,VietJet Air,VJ941,2,11L,Landed,VN-A575,A21N,passenger
2026-02-28,14:20,02:46,Kuala Lumpur,KUL,AirAsia,AK512,2,11L,Landed,9M-AHZ,A320,passenger
2026-02-28,14:16,01:33,Nha Trang,CXR,Vietnam Airlines,VN1552,1,11L,Landed,VN-A605,A321,passenger
2026-02-28,14:13,01:32,Shenzhen,SZX,Shenzhen Airlines,ZH103,2,11L,Landed,B-8220,A320,passenger
2026-02-28,14:06,04:57,Osaka,KIX,VietJet Air,VJ939,2,11L,Landed,VN-A536,A21N,passenger
2026-02-28,13:37,03:10,Shanghai,PVG,China Eastern Airlines,MU6011,2,11L,Landed,B-1640,A321,passenger
2026-02-28,13:22,05:38,Tokyo,NRT,VietJet Air,VJ933,2,11L,Landed,VN-A578,A21N,passenger
2026-02-28,13:19,01:44,Phu Quoc,PQC,Sun PhuQuoc Airways,9G1204,1,11L,Landed,VN-A906,A21N,passenger
2026-02-28,12:42,05:09,Nagoya,NGO,VietJet Air,VJ921,2,11L,Landed,VN-A546,A21N,passenger
2026-02-28,12:18,01:44,Ho Chi Minh City,SGN,Vietravel Airlines,VU774,1,11L,Landed,VN-A136,A320,passenger
2026-02-28,12:11,05:55,Doha,DOH,Qatar Airways,QR976,2,N/A,Landed,A7-AOD,A35K,passenger
2026-02-28,11:48,03:32,Beijing,PEK,Air China,CA741,2,11L,Landed,B-326D,A21N,passenger
2026-02-28,11:40,01:47,Phu Quoc,PQC,Vietnam Airlines,VN1236,1,11L,Landed,VN-A390,A321,passenger
2026-02-28,11:11,03:15,Shanghai,PVG,Air China,CA703,2,11L,Landed,B-8503,A321,passenger
2026-02-28,10:19,01:06,Da Nang,DAD,Vietnam Airlines,VN156,1,11L,Landed,VN-A503,A21N,passenger
2026-02-28,10:01,02:42,Taipei,TPE,China Airlines,CI791,2,11L,Landed,B-18317,A333,passenger
2026-02-28,09:53,01:34,Phnom Penh,KTI,Air Cambodia,K6854,2,11L,Landed,XU-356,A320,passenger
2026-02-28,09:50,01:43,Ho Chi Minh City,SGN,Avion Express,VJ148,1,11L,Landed,LY-NVG,A320,passenger
2026-02-28,08:40,01:45,Hong Kong,HKG,HK express,UO540,2,11L,Landed,B-KKB,A21N,passenger
2026-02-28,07:52,01:44,Ho Chi Minh City,SGN,Vietnam Airlines,VN206,1,11L,Landed,VN-A505,A21N,passenger
2026-02-28,07:49,00:57,Da Nang,DAD,VietJet Air,VJ502,1,11L,Landed,VN-A642,A321,passenger
2026-02-28,07:44,01:41,Ho Chi Minh City,SGN,Sun PhuQuoc Airways,9G802,1,N/A,Landed,VN-A285,A21N,passenger
2026-02-28,07:32,01:39,Ho Chi Minh City,SGN,VietJet Air,VJ124,1,11L,Landed,VN-A644,A321,passenger
2026-02-28,07:15,01:42,Ho Chi Minh City,SGN,VietJet Air,VJ122,1,11L,Landed,VN-A646,A21N,passenger
2026-02-28,07:08,01:39,Ho Chi Minh City,SGN,Vietravel Airlines,VU702,1,11L,Landed,VN-A129,A321,passenger
2026-02-28,06:54,01:43,Ho Chi Minh City,SGN,N/A,VN6002,1,11L,Landed,VN-A363,A321,passenger
2026-02-28,06:43,04:09,Mumbai,BOM,VietJet Air,VJ910,2,11L,Landed,VN-A545,A21N,passenger
2026-02-28,06:25,10:07,Frankfurt,FRA,Vietnam Airlines,VN36,2,11L,Landed,VN-A870,B789,passenger
2026-02-28,06:01,03:52,Jakarta,CGK,Vietnam Airlines,VN634,2,11L,Landed,VN-A613,A321,passenger
2026-02-28,04:15,01:31,Guangzhou,CAN,VietJet Air,VJ7527,2,11L,Landed,VN-A639,A321,passenger
2026-02-28,03:57,07:44,Amman,AMM,Cargolux,CV7625,0,11L,Landed,LX-VCC,B748,cargo
2026-02-28,03:09,03:12,Shanghai,PVG,China Eastern Airlines,MU7235,2,11L,Landed,B-32L9,A21N,passenger
2026-02-28,02:42,01:41,Ho Chi Minh City,SGN,VietJet Air,VJ182,1,11L,Landed,VN-A536,A21N,passenger
2026-02-28,02:32,01:42,Ho Chi Minh City,SGN,VietJet Air,VJ174,1,11L,Landed,VN-A575,A21N,passenger
2026-02-28,02:27,01:42,Ho Chi Minh City,SGN,Sun PhuQuoc Airways,9G8802,1,11L,Landed,VN-A280,A321,passenger
2026-02-28,02:20,01:02,Da Nang,DAD,Bamboo Airways,QH148,1,11L,Landed,VN-A227,A321,passenger
2026-02-28,01:51,04:10,Seoul,ICN,Korean Air,KE361,0,29R,Landed,HL7602,B744,cargo
2026-02-28,01:46,00:55,Da Nang,DAD,Vietravel Airlines,VU658,1,11L,Landed,VN-A129,A321,passenger
2026-02-28,01:31,03:00,Manila,MNL,Cebu Pacific,5J746,2,11L,Landed,RP-C4118,A21N,passenger
2026-02-28,01:23,01:48,Ho Chi Minh City,SGN,Sun PhuQuoc Airways,9G892,1,11L,Landed,VN-A909,A20N,passenger
2026-02-28,01:08,02:51,Hangzhou,HGH,Air China,CA707,2,11L,Landed,B-6677,A320,passenger
2026-02-28,00:44,01:40,Ho Chi Minh City,SGN,Sun PhuQuoc Airways,9G886,1,11L,Landed,VN-A281,A21N,passenger
2026-02-28,00:25,01:41,Phu Quoc,PQC,VietJet Air,VJ3523,1,11L,Landed,VN-A537,A21N,passenger
2026-02-28,00:00,01:41,Ho Chi Minh City,SGN,Vietnam Airlines,VN224,1,11L,Landed,VN-A501,A21N,passenger
2026-03-01,23:51,01:37,Nha Trang,CXR,VietJet Air,VJ778,1,11L,Landed,VN-A532,A321,passenger
2026-03-01,23:28,01:38,Ho Chi Minh City,SGN,Sun PhuQuoc Airways,9G882,1,11L,Landed,VN-A279,A321,passenger
2026-03-01,23:24,01:02,Da Nang,DAD,VietJet Air,VJ518,1,11L,Landed,VN-A575,A21N,passenger
2026-03-01,23:01,04:29,Busan,PUS,Air Busan,BX7395,2,11L,Landed,HL8525,A21N,passenger
2026-03-01,22:57,01:02,Da Nang,DAD,Vietravel Airlines,VU658,1,11L,Landed,VN-A129,A321,passenger
2026-03-01,22:24,01:55,Ho Chi Minh City,SGN,Sun PhuQuoc Airways,9G872,1,11L,Landed,VN-A285,A21N,passenger
2026-03-01,22:05,00:58,Da Nang,DAD,Sun PhuQuoc Airways,9G942,1,11L,Landed,VN-A286,A21N,passenger
2026-03-01,21:53,01:59,Can Tho,VCA,Vietnam Airlines,VN1206,1,11L,Landed,VN-A619,A21N,passenger
2026-03-01,21:47,01:48,Ho Chi Minh City,SGN,Vietnam Airlines,VN262,1,11L,Landed,VN-A874,B78X,passenger
2026-03-01,21:28,01:26,Tuy Hoa,TBB,Vietnam Airlines,VN1650,1,11L,Landed,VN-A604,A321,passenger
2026-03-01,21:20,01:41,Phu Quoc,PQC,Sun PhuQuoc Airways,9G1230,1,11L,Landed,VN-A284,A21N,passenger
2026-03-01,21:15,01:44,Ho Chi Minh City,SGN,Sun PhuQuoc Airways,9G868,1,11L,Landed,VN-A280,A321,passenger
2026-03-01,21:08,01:28,Shenzhen,SZX,China Southern Airlines,CZ8083,2,11L,Landed,B-6978,A321,passenger
2026-03-01,21:02,01:42,Hong Kong,HKG,HK express,UO542,2,11L,Landed,B-KKJ,A21N,passenger
2026-03-01,20:48,01:04,Da Nang,DAD,Vietnam Airlines,VN188,1,11L,Landed,VN-A515,A20N,passenger
2026-03-01,20:40,01:20,Pleiku,PXU,VietJet Air,VJ424,1,11L,Landed,VN-A642,A321,passenger
2026-03-01,20:26,01:03,Da Nang,DAD,Vietnam Airlines,VN7190,1,11L,Landed,VN-A505,A21N,passenger
2026-03-01,20:18,01:01,Hue,HUI,Vietnam Airlines,VN1544,1,11L,Landed,VN-A338,A321,passenger
2026-03-01,20:06,00:59,Da Nang,DAD,Vietnam Airlines,VN180,1,11L,Landed,VN-A513,A20N,passenger
2026-03-01,19:48,01:34,Yangon,RGN,Myanmar Airways International,8M450,2,11L,Landed,XY-ALN,A319,passenger
2026-03-01,19:33,01:40,Hong Kong,HKG,FedEx,FX9017,0,11L,Landed,N859FD,B77L,cargo
2026-03-01,18:45,01:43,Ho Chi Minh City,SGN,Vietravel Airlines,VU770,1,11L,Landed,VN-A129,A321,passenger
2026-03-01,18:33,01:39,Phnom Penh,KTI,Air Cambodia,K6850,2,11L,Landed,XU-353,A320,passenger
2026-03-01,18:03,01:49,Phu Quoc,PQC,Sun PhuQuoc Airways,9G1216,1,11L,Landed,VN-A281,A21N,passenger
2026-03-01,18:00,01:42,Ho Chi Minh City,SGN,Transavia,VJ134,1,11L,Landed,LY-MLI,A320,passenger
2026-03-01,17:30,03:28,Shanghai,PVG,China Eastern Airlines,MU6013,2,11L,Landed,B-32L9,A21N,passenger
2026-03-01,16:52,03:43,Jakarta,CGK,China Airlines,CI5870,0,11L,Landed,B-18719,B744,cargo
2026-03-01,16:23,01:41,Ho Chi Minh City,SGN,VietJet Air,VJ172,1,11L,Landed,VN-A817,A333,passenger
2026-03-01,16:14,01:07,Da Nang,DAD,Vietnam Airlines,VN7186,1,11L,Landed,VN-A339,A321,passenger
2026-03-01,16:12,01:07,Da Nang,DAD,Vietnam Airlines,VN172,1,11L,Landed,VN-A602,A321,passenger
2026-03-01,16:00,01:11,Da Nang,DAD,Vietnam Airlines,VN7164,1,11L,Landed,VN-A501,A21N,passenger
2026-03-01,15:21,01:53,Shenzhen,SZX,China Southern Airlines,CZ8469,2,11L,Landed,B-6978,A321,passenger
2026-03-01,14:53,03:08,Kuala Lumpur,KUL,AirAsia,AK512,2,11L,Landed,9M-RAB,A20N,passenger
2026-03-01,14:32,01:10,Da Nang,DAD,VietJet Air,VJ508,1,11R,Landed,VN-A635,A321,passenger
2026-03-01,14:28,05:53,Vladivostok,VVO,VietJet Air,VJ7705,2,11R,Landed,VN-A550,A21N,passenger
2026-03-01,14:25,01:48,Ho Chi Minh City,SGN,VietJet Air,VJ144,1,11R,Landed,VN-A811,A333,passenger
2026-03-01,14:16,01:34,Guangzhou,CAN,China Southern Airlines,CZ8315,2,11R,Landed,B-1626,A321,passenger
2026-03-01,13:42,04:18,Seoul,ICN,VietJet Air,VJ961,2,11L,Landed,VN-A578,A21N,passenger
2026-03-01,12:44,04:52,Osaka,KIX,VietJet Air,VJ939,2,11L,Landed,VN-A545,A21N,passenger
2026-03-01,12:41,03:38,Delhi,DEL,IndiGo,6E1633,2,N/A,Landed,VT-IAO,A320,passenger
2026-03-01,12:35,01:43,Phu Quoc,PQC,Sun PhuQuoc Airways,9G1202,1,11L,Landed,VN-A285,A21N,passenger
2026-03-01,12:06,02:53,Kuala Lumpur,KUL,Malaysia Airlines,MH752,2,11L,Landed,9M-MLQ,B738,passenger
2026-03-01,11:36,03:35,Beijing,PEK,Air China,CA741,2,11L,Landed,B-328N,A21N,passenger
2026-03-01,11:27,03:30,Shanghai,PVG,Air China,CA703,2,11L,Landed,B-8585,A321,passenger
2026-03-01,11:20,01:45,Ho Chi Minh City,SGN,Sun PhuQuoc Airways,9G822,1,11L,Landed,VN-A279,A321,passenger
2026-03-01,11:17,01:02,Da Nang,DAD,N/A,VN6080,1,11L,Landed,VN-A363,A321,passenger
2026-03-01,11:06,01:46,Ho Chi Minh City,SGN,VietJet Air,VJ132,1,11L,Landed,VN-A640,A321,passenger
2026-03-01,10:54,00:59,Da Nang,DAD,Vietnam Airlines,VN164,1,11L,Landed,VN-A604,A321,passenger
2026-03-01,10:20,01:35,Guangzhou,CAN,China Southern Airlines,CZ3049,2,11L,Landed,B-30CD,A20N,passenger
2026-03-01,10:07,,Hue,HUI,Vietnam Airlines,VN1542,1,N/A,Landed,VN-A615,A321,passenger
2026-03-01,09:57,01:17,Pleiku,PXU,VietJet Air,VJ422,1,11L,Landed,VN-A673,A321,passenger
2026-03-01,09:52,01:35,Da Lat,DLI,VietJet Air,VJ402,1,11L,Landed,VN-A642,A321,passenger
2026-03-01,09:35,01:42,Ho Chi Minh City,SGN,Avion Express,VJ148,1,11L,Landed,LY-NVG,A320,passenger
2026-03-01,09:14,01:41,Ho Chi Minh City,SGN,Sun PhuQuoc Airways,9G808,1,11L,Landed,VN-A284,A21N,passenger
2026-03-01,08:47,01:50,Ho Chi Minh City,SGN,Vietnam Airlines,VN7252,1,11L,Landed,VN-A329,A321,passenger
2026-03-01,08:35,04:14,Seoul,ICN,VietJet Air,VJ963,2,11L,Landed,VN-A580,A21N,passenger
2026-03-01,08:04,01:42,Ho Chi Minh City,SGN,Vietravel Airlines,VU702,1,11L,Landed,VN-A129,A321,passenger
2026-03-01,07:51,02:52,Manila,MNL,Cebu Pacific,5J744,2,11L,Landed,RP-C4149,A21N,passenger
2026-03-01,07:40,01:40,Ho Chi Minh City,SGN,Vietravel Airlines,VU750,1,11L,Landed,VN-A136,A320,passenger
2026-03-01,06:53,01:40,Ho Chi Minh City,SGN,Vietnam Airlines,VN7224,1,11L,Landed,VN-A604,A321,passenger
2026-03-01,06:10,01:42,Ho Chi Minh City,SGN,Vietnam Airlines,VN7210,1,11L,Landed,VN-A339,A321,passenger
2026-03-01,06:06,03:52,Jakarta,CGK,Vietnam Airlines,VN634,2,11L,Landed,VN-A392,A321,passenger
2026-03-01,06:02,10:40,Paris,CDG,Vietnam Airlines,VN18,2,N/A,Landed,VN-A892,A359,passenger
2026-03-01,05:48,03:57,Bengaluru,BLR,Vietnam Airlines,VN982,2,11L,Landed,VN-A622,A21N,passenger
2026-03-01,05:26,01:39,Ho Chi Minh City,SGN,Vietnam Airlines,VN7026,1,11L,Landed,VN-A513,A20N,passenger
2026-03-01,05:16,03:27,Delhi,DEL,VietJet Air,VJ972,2,11L,Landed,VN-A817,A333,passenger
2026-03-01,04:54,01:40,Ho Chi Minh City,SGN,Vietnam Airlines,VN7030,1,11L,Landed,VN-A515,A20N,passenger
2026-03-01,04:31,01:41,Ho Chi Minh City,SGN,Vietnam Airlines,VN7028,1,11L,Landed,VN-A611,A321,passenger
2026-03-01,03:53,01:42,Ho Chi Minh City,SGN,Bamboo Airways,QH286,1,11L,Landed,VN-A585,A321,passenger
2026-03-01,02:32,01:40,Ho Chi Minh City,SGN,VietJet Air,VJ182,1,11L,Landed,VN-A657,A321,passenger
2026-03-01,02:27,01:40,Ho Chi Minh City,SGN,Vietravel Airlines,VU782,1,11L,Landed,VN-A289,A321,passenger
2026-03-01,02:06,01:29,Nha Trang,CXR,Bamboo Airways,QH1416,1,11L,Landed,VN-A227,A321,passenger
2026-03-01,01:59,01:42,Ho Chi Minh City,SGN,VietJet Air,VJ178,1,11L,Landed,VN-A672,A320,passenger
2026-03-01,01:50,01:33,Nha Trang,CXR,VietJet Air,VJ7704,1,11L,Landed,VN-A550,A21N,passenger
2026-03-01,01:47,01:30,Shenzhen,SZX,Shenzhen Airlines,ZH107,2,11L,Landed,B-8219,A320,passenger
2026-03-01,01:33,01:40,Ho Chi Minh City,SGN,Sun PhuQuoc Airways,9G892,1,11L,Landed,VN-A909,A20N,passenger
2026-03-01,01:28,02:42,Manila,MNL,Philippine Airlines,PR595,2,11L,Landed,RP-C8763,A333,passenger
2026-03-01,01:18,01:38,Ho Chi Minh City,SGN,Sun PhuQuoc Airways,9G896,1,11L,Landed,VN-A285,A21N,passenger
2026-03-01,00:33,03:03,Shanghai,PVG,Juneyao Air,HO1329,2,11L,Landed,B-1006,A321,passenger
2026-03-01,00:29,01:41,Ho Chi Minh City,SGN,VietJet Air,VJ174,1,11L,Landed,VN-A673,A321,passenger
2026-03-01,00:16,01:21,Siem Reap,SAI,Vietnam Airlines,VN842,2,11L,Landed,VN-A335,A321,passenger
2026-03-02,23:49,01:38,Ho Chi Minh City,SGN,Vietnam Airlines,VN224,1,11L,Landed,VN-A625,A21N,passenger
2026-03-02,23:25,01:42,Ho Chi Minh City,SGN,Bamboo Airways,QH280,1,11L,Landed,VN-A596,A20N,passenger
2026-03-02,22:38,01:45,Ho Chi Minh City,SGN,VietJet Air,VJ190,1,11L,Landed,VN-A649,A321,passenger
2026-03-02,22:20,04:17,Seoul,ICN,Asiana Airlines,OZ733,2,11L,Landed,HL7771,A359,passenger
2026-03-02,22:11,00:58,Hue,HUI,VietJet Air,VJ568,1,11L,Landed,VN-A666,A320,passenger
2026-03-02,22:06,04:21,Seoul,ICN,FedEx,FX9073,0,11L,Landed,N108FE,B763,cargo
2026-03-02,21:43,01:06,Da Nang,DAD,N/A,VN6070,1,11L,Landed,VN-A363,A321,passenger
2026-03-02,21:21,02:09,Ho Chi Minh City,SGN,Sun PhuQuoc Airways,9G872,1,11L,Landed,VN-A281,A21N,passenger
2026-03-02,21:12,01:51,Shenzhen,SZX,China Southern Airlines,CZ8083,2,11L,Landed,B-6912,A321,passenger
2026-03-02,21:12,01:48,Nha Trang,CXR,Vietnam Airlines,VN1562,1,29R,Landed,VN-A339,A321,passenger
2026-03-02,21:01,01:49,Phu Quoc,PQC,Sun PhuQuoc Airways,9G1230,1,11L,Landed,VN-A284,A21N,passenger
2026-03-02,20:35,00:51,Vientiane,VTE,Vietnam Airlines,VN920,2,11L,Landed,VN-A603,A321,passenger
2026-03-02,19:57,05:11,Tokyo,HND,Vietnam Airlines,VN385,2,11L,Landed,VN-A870,B789,passenger
2026-03-02,19:55,02:28,Penang,PEN,China Airlines,CI6596,0,11L,Landed,B-18719,B744,cargo
2026-03-02,18:48,01:44,Ho Chi Minh City,SGN,VietJet Air,VJ152,1,11L,Landed,VN-A644,A321,passenger
2026-03-02,18:44,01:13,Qui Nhon,UIH,VietJet Air,VJ432,1,N/A,Landed,VN-A662,A320,passenger
2026-03-02,17:55,00:58,Da Nang,DAD,Sun PhuQuoc Airways,9G932,1,11L,Landed,VN-A286,A21N,passenger
2026-03-02,17:53,01:44,Phu Quoc,PQC,Sun PhuQuoc Airways,9G1216,1,11L,Landed,VN-A906,A21N,passenger
2026-03-02,17:48,03:42,Shanghai,PVG,China Eastern Airlines,MU6013,2,11L,Landed,B-32LT,A21N,passenger
2026-03-02,17:44,01:51,Ho Chi Minh City,SGN,Sun PhuQuoc Airways,9G854,1,11L,Landed,VN-A280,A321,passenger
2026-03-02,17:25,01:53,Phu Quoc,PQC,VietJet Air,VJ446,1,11L,Landed,VN-A656,A320,passenger
2026-03-02,16:44,01:48,Guangzhou,CAN,China Southern Airlines,CZ8315,2,11L,Landed,B-301A,A20N,passenger
2026-03-02,14:33,01:36,Nha Trang,CXR,Vietnam Airlines,VN1552,1,11L,Landed,VN-A616,A21N,passenger
2026-03-02,14:17,02:46,Kuala Lumpur,KUL,AirAsia,AK512,2,11L,Landed,9M-AJT,A320,passenger
2026-03-02,13:46,02:55,N/A,,N/A,N/A,2,N/A,Landed,VN-B469,C208,passenger
2026-03-02,13:44,03:18,Shanghai,PVG,China Eastern Airlines,MU6011,2,11L,Landed,B-6886,A321,passenger
2026-03-02,13:37,01:37,Shenzhen,SZX,Shenzhen Airlines,ZH9847,2,11L,Landed,B-6781,A320,passenger
2026-03-02,12:59,01:12,Da Nang,DAD,VietJet Air,VJ528,1,11L,Landed,VN-A550,A21N,passenger
2026-03-02,12:51,05:19,Nagoya,NGO,VietJet Air,VJ921,2,11L,Landed,VN-A546,A21N,passenger
2026-03-02,12:22,11:06,Munich,MUC,Lufthansa,LH9900,2,N/A,Landed,D-AIXE,A359,passenger
2026-03-02,11:20,01:05,Da Nang,DAD,N/A,VN6080,1,11L,Landed,VN-A363,A321,passenger
2026-03-02,11:10,01:14,Pleiku,PXU,Vietnam Airlines,VN1614,1,11L,Landed,VN-A508,A21N,passenger
2026-03-02,10:58,04:28,Seoul,ICN,Korean Air,KE441,2,11L,Landed,HL8711,A21N,passenger
2026-03-02,10:29,01:47,Ho Chi Minh City,SGN,VietJet Air,VJ136,1,11L,Landed,VN-A689,A320,passenger
2026-03-02,09:45,01:35,Bangkok,BKK,Thai Airways,TG560,2,11L,Landed,HS-TXQ,A320,passenger
2026-03-02,09:17,01:06,Da Nang,DAD,Vietnam Airlines,VN158,1,11L,Landed,VN-A618,A21N,passenger
2026-03-02,09:12,01:52,Ho Chi Minh City,SGN,Bamboo Airways,QH204,1,11L,Landed,ER-00005,A320,passenger
2026-03-02,09:09,01:02,Hue,HUI,Vietnam Airlines,VN1540,1,11L,Landed,VN-A614,A321,passenger
2026-03-02,09:07,01:49,Ho Chi Minh City,SGN,Vietravel Airlines,VU774,1,11L,Landed,VN-A136,A320,passenger
2026-03-02,09:00,01:27,Bangkok,DMK,AirAsia,FD642,2,11L,Landed,HS-EAD,A21N,passenger
2026-03-02,08:58,01:42,Hong Kong,HKG,Cathay Pacific,CX2049,0,11L,Landed,B-LIC,B744,cargo
2026-03-02,08:54,04:23,Seoul,ICN,VietJet Air,VJ963,2,11L,Landed,VN-A552,A21N,passenger
2026-03-02,08:51,01:42,Hong Kong,HKG,HK express,UO540,2,11L,Landed,B-KKE,A21N,passenger
2026-03-02,08:49,01:40,Ho Chi Minh City,SGN,VietJet Air,VJ176,1,11L,Landed,VN-A550,A21N,passenger
2026-03-02,07:58,00:41,Nanning,NNG,GX Airlines,GX8971,2,11L,Landed,B-6817,A320,passenger
2026-03-02,07:46,01:41,Ho Chi Minh City,SGN,Sun PhuQuoc Airways,9G802,1,11L,Landed,VN-A906,A21N,passenger
2026-03-02,07:33,02:47,Manila,MNL,Vietnam Airlines,VN646,2,11L,Landed,VN-A616,A21N,passenger
2026-03-02,07:23,01:39,Ho Chi Minh City,SGN,VietJet Air,VJ124,1,11L,Landed,VN-A666,A320,passenger
2026-03-02,07:11,01:40,Ho Chi Minh City,SGN,VietJet Air,VJ122,1,11L,Landed,VN-A543,A21N,passenger
2026-03-02,06:57,03:17,Cebu,CEB,Vietnam Airlines,VN642,2,11L,Landed,VN-A393,A321,passenger
2026-03-02,06:38,01:41,Ho Chi Minh City,SGN,N/A,VN6002,1,11L,Landed,VN-A363,A321,passenger
2026-03-02,06:08,01:39,Ho Chi Minh City,SGN,Vietnam Airlines,VN7210,1,11L,Landed,VN-A513,A20N,passenger
2026-03-02,06:01,03:57,Bengaluru,BLR,Vietnam Airlines,VN982,2,11L,Landed,VN-A508,A21N,passenger
2026-03-02,05:54,03:43,Jakarta,CGK,Vietnam Airlines,VN634,2,11L,Landed,VN-A506,A21N,passenger
2026-03-02,05:10,10:02,Larnaca,LCA,Hi Fly,IZ595,2,11L,Landed,CS-TCE,A332,passenger
2026-03-02,04:37,01:38,Ho Chi Minh City,SGN,Vietravel Airlines,VU702,1,11L,Landed,VN-A129,A321,passenger
2026-03-02,04:02,03:26,Beijing,PKX,VietJet Air,VJ7713,2,11L,Landed,VN-A658,A320,passenger
2026-03-02,03:26,01:44,Ho Chi Minh City,SGN,Vietnam Airlines,VN7208,1,11L,Landed,VN-A357,A321,passenger
2026-03-02,03:00,01:38,Ho Chi Minh City,SGN,Sun PhuQuoc Airways,9G8802,1,11L,Landed,VN-A280,A321,passenger
2026-03-02,02:15,01:40,Ho Chi Minh City,SGN,Vietnam Airlines,VN7242,1,11L,Landed,VN-A515,A20N,passenger
2026-03-02,01:53,01:36,Nha Trang,CXR,VietJet Air,VJ7614,1,11L,Landed,VN-A537,A21N,passenger
2026-03-02,01:35,01:41,Ho Chi Minh City,SGN,Bamboo Airways,QH282,1,11L,Landed,VN-A596,A20N,passenger
2026-03-02,01:28,01:41,Ho Chi Minh City,SGN,Vietnam Airlines,VN270,1,11L,Landed,VN-A618,A21N,passenger
2026-03-02,01:26,08:46,Sydney,SYD,Kalitta Air,K49745,0,11L,Landed,N745CK,B744,cargo
2026-03-02,01:03,02:47,Hangzhou,HGH,Air China,CA707,2,11L,Landed,B-8493,A320,passenger
2026-03-02,00:47,01:44,Ho Chi Minh City,SGN,VietJet Air,VJ178,1,11L,Landed,VN-A657,A321,passenger
2026-03-02,00:43,01:33,Shenzhen,SZX,Shenzhen Airlines,ZH107,2,11L,Landed,B-6650,A320,passenger
2026-03-02,00:39,02:49,Manila,MNL,Cebu Pacific,5J746,2,11L,Landed,RP-C4144,A20N,passenger
2026-03-02,00:18,01:39,Ho Chi Minh City,SGN,Sun PhuQuoc Airways,9G886,1,11L,Landed,VN-A281,A21N,passenger
2026-03-02,00:06,01:00,Da Nang,DAD,VietJet Air,VJ522,1,11L,Landed,VN-A673,A321,passenger
2026-03-03,23:36,01:58,Dhaka,DAC,Cathay Pacific,CX48,0,11L,Landed,B-LJM,B748,cargo
2026-03-03,23:32,01:49,Chengdu,TFU,Sichuan Airlines,3U3905,2,11L,Landed,B-6322,A320,passenger
2026-03-03,23:28,00:57,Hue,HUI,Vietnam Airlines,VN1548,1,11L,Landed,VN-A617,A21N,passenger
2026-03-03,23:22,01:50,Can Tho,VCA,VietJet Air,VJ464,1,11L,Landed,VN-A649,A321,passenger
2026-03-03,22:59,01:43,Guangzhou,CAN,China Southern Airlines,CZ371,2,11L,Landed,B-1362,B738,passenger
2026-03-03,22:52,05:52,Tokyo,NRT,All Nippon Airways,NH897,2,11L,Landed,JA804A,B788,passenger
2026-03-03,22:49,01:42,Ho Chi Minh City,SGN,VietJet Air,VJ196,1,11L,Landed,VN-A816,A333,passenger
2026-03-03,22:45,01:03,Da Nang,DAD,VietJet Air,VJ518,1,11L,Landed,VN-A661,A321,passenger
2026-03-03,22:39,01:26,Buon Ma Thuot,BMV,VietJet Air,VJ494,1,11L,Landed,VN-A667,A321,passenger
2026-03-03,22:30,01:04,Hue,HUI,VietJet Air,VJ568,1,11L,Landed,VN-A643,A321,passenger
2026-03-03,22:14,01:47,Ho Chi Minh City,SGN,Bamboo Airways,QH268,1,11L,Landed,JU-1410,A320,passenger
2026-03-03,22:11,01:49,Macau,MFM,Air Macau,NX9984,2,11L,Landed,B-MBO,A20N,passenger
2026-03-03,22:02,01:46,Ho Chi Minh City,SGN,VietJet Air,VJ190,1,11L,Landed,VN-A656,A320,passenger
2026-03-03,21:40,01:00,Da Nang,DAD,N/A,VN6070,1,11L,Landed,VN-A363,A321,passenger
2026-03-03,21:36,01:45,Can Tho,VCA,Vietnam Airlines,VN1206,1,11L,Landed,VN-A625,A21N,passenger
2026-03-03,21:28,11:57,Anchorage,ANC,UPS,5X72,0,11L,Landed,N626UP,B748,cargo
2026-03-03,21:26,02:55,Taipei,TPE,VietJet Air,VJ943,2,11L,Landed,VN-A550,A21N,passenger
2026-03-03,21:23,01:46,Ho Chi Minh City,SGN,VietJet Air,VJ160,1,11L,Landed,VN-A545,A21N,passenger
2026-03-03,21:14,01:52,Hong Kong,HKG,HK express,UO542,2,N/A,Landed,B-LCS,A20N,passenger
2026-03-03,21:12,01:38,Ho Chi Minh City,SGN,VietJet Air,VJ166,1,11L,Landed,VN-A633,A321,passenger
2026-03-03,21:05,00:50,Vientiane,VTE,Vietnam Airlines,VN920,2,11L,Landed,VN-A613,A321,passenger
2026-03-03,20:53,01:24,Bangkok,BKK,FedEx,FX6002,0,11L,Landed,N104FE,B763,cargo
2026-03-03,20:51,01:40,Ho Chi Minh City,SGN,Sun PhuQuoc Airways,9G872,1,N/A,Landed,VN-A906,A21N,passenger
2026-03-03,20:43,01:45,Shenzhen,SZX,China Southern Airlines,CZ8083,2,11L,Landed,B-6552,A321,passenger
2026-03-03,20:38,01:48,Ho Chi Minh City,SGN,Sun PhuQuoc Airways,9G868,1,11L,Landed,VN-A280,A321,passenger
2026-03-03,20:34,01:24,Siem Reap,SAI,VietJet Air,VJ914,2,11L,Landed,VN-A532,A321,passenger
2026-03-03,20:31,01:02,Da Nang,DAD,Vietnam Airlines,VN188,1,11L,Landed,VN-A513,A20N,passenger
2026-03-03,20:29,01:04,Da Nang,DAD,Vietravel Airlines,VU658,1,11L,Landed,VN-A129,A321,passenger
2026-03-03,20:20,01:42,Phu Quoc,PQC,VietJet Air,VJ1440,1,11L,Landed,VN-A674,A21N,passenger
2026-03-03,19:59,01:15,Da Nang,DAD,VietJet Air,VJ516,1,11L,Landed,VN-A699,A320,passenger
2026-03-03,19:56,01:56,Hong Kong,HKG,Hong Kong Air Cargo,RH317,0,11L,Landed,B-LNW,A332,cargo
2026-03-03,19:53,01:56,Ho Chi Minh City,SGN,Bamboo Airways,QH262,1,11L,Landed,VN-A227,A321,passenger
2026-03-03,19:47,01:55,Phu Quoc,PQC,Sun PhuQuoc Airways,9G1220,1,N/A,Landed,VN-A286,A21N,passenger
2026-03-03,19:35,01:59,Ho Chi Minh City,SGN,Vietravel Airlines,VU780,1,11L,Landed,VN-A136,A320,passenger
2026-03-03,19:32,00:42,Vinh,VII,Vietnam Airlines,VN1718,1,11L,Landed,VN-A399,A321,passenger
2026-03-03,19:23,01:03,Da Nang,DAD,Vietnam Airlines,VN180,1,11L,Landed,VN-A515,A20N,passenger
2026-03-03,19:21,01:35,Chongqing,CKG,West Air,PN6423,2,N/A,Landed,B-32MF,A19N,passenger
2026-03-03,19:18,01:19,Siem Reap,SAI,Vietnam Airlines,VN836,2,11L,Landed,VN-A609,A321,passenger
2026-03-03,19:02,04:59,Osaka,KIX,VietJet Air,VJ931,2,11L,Landed,VN-A580,A21N,passenger
2026-03-03,18:56,01:46,Changsha,CSX,China Southern Airlines,CZ8359,2,11L,Landed,B-305D,A20N,passenger
2026-03-03,18:37,01:26,Buon Ma Thuot,BMV,VietJet Air,VJ1492,1,11L,Landed,VN-A661,A321,passenger
2026-03-03,18:30,01:46,Guangzhou,CAN,China Southern Airlines,CZ8177,2,11L,Landed,B-6775,A320,passenger
2026-03-03,18:24,01:08,Da Nang,DAD,Sun PhuQuoc Airways,9G932,1,11L,Landed,VN-A281,A21N,passenger
2026-03-03,18:12,03:56,Jakarta,CGK,VietJet Air,VJ928,2,11L,Landed,VN-A671,A320,passenger
2026-03-03,18:07,01:47,Phu Quoc,PQC,Sun PhuQuoc Airways,9G1216,1,11L,Landed,VN-A285,A21N,passenger
2026-03-03,18:04,03:10,Shanghai,PVG,Vietnam Airlines,VN533,2,11L,Landed,VN-A512,A21N,passenger
2026-03-03,18:01,03:18,Shanghai,PVG,China Eastern Airlines,MU6013,2,11L,Landed,B-32KF,A21N,passenger
2026-03-03,17:42,01:05,Da Nang,DAD,VietJet Air,VJ514,1,11L,Landed,VN-A649,A321,passenger
2026-03-03,17:29,01:46,Ho Chi Minh City,SGN,Sun PhuQuoc Airways,9G854,1,11L,Landed,VN-A279,A321,passenger
2026-03-03,17:26,01:36,Guangzhou,CAN,Vietnam Airlines,VN507,2,11L,Landed,VN-A611,A321,passenger
2026-03-03,17:20,01:43,Nha Trang,CXR,Bamboo Airways,QH1416,1,11L,Landed,VN-A596,A20N,passenger
2026-03-03,17:14,01:44,Phu Quoc,PQC,N/A,VN6400,1,11L,Landed,VN-A363,A321,passenger
2026-03-03,17:09,01:46,Ho Chi Minh City,SGN,VietJet Air,VJ194,1,11L,Landed,VN-A644,A321,passenger
2026-03-03,17:01,01:43,Ho Chi Minh City,SGN,Vietnam Airlines,VN214,1,11L,Landed,VN-A873,B78X,passenger
2026-03-03,16:56,01:45,Phu Quoc,PQC,VietJet Air,VJ446,1,11L,Landed,VN-A655,A320,passenger
2026-03-03,16:10,01:38,Ho Chi Minh City,SGN,Vietravel Airlines,VU770,1,11L,Landed,VN-A129,A321,passenger
2026-03-03,15:45,01:42,Da Lat,DLI,VietJet Air,VJ408,1,11L,Landed,VN-A699,A320,passenger
2026-03-03,15:26,01:42,Phu Quoc,PQC,Sun PhuQuoc Airways,9G1208,1,11L,Landed,VN-A284,A21N,passenger
2026-03-03,15:04,01:39,Guangzhou,CAN,China Southern Airlines,CZ8315,2,11L,Landed,B-32EV,A20N,passenger
2026-03-03,14:43,,Da Nang,DAD,VietJet Air,VJ508,1,11L,Landed,VN-A532,A321,passenger
2026-03-03,14:26,02:47,Taipei,TPE,VietJet Air,VJ941,2,11L,Landed,VN-A575,A21N,passenger
2026-03-03,14:18,02:45,Kuala Lumpur,KUL,VietJet Air,VJ906,2,11L,Landed,VN-A516,A21N,passenger
2026-03-03,14:04,06:06,Tokyo,NRT,VietJet Air,VJ933,2,11L,Landed,VN-A812,A333,passenger
2026-03-03,13:52,01:02,Da Nang,DAD,Sun PhuQuoc Airways,9G922,1,11L,Landed,VN-A286,A21N,passenger
2026-03-03,13:08,02:33,Kaohsiung,KHH,Vietnam Airlines,VN583,2,N/A,Landed,VN-A601,A321,passenger
2026-03-03,13:06,01:47,Phu Quoc,PQC,Sun PhuQuoc Airways,9G1204,1,11L,Landed,VN-A281,A21N,passenger
2026-03-03,12:37,01:48,Ho Chi Minh City,SGN,Bamboo Airways,QH224,1,11L,Landed,JU-1410,A320,passenger
2026-03-03,12:30,03:34,Delhi,DEL,IndiGo,6E1633,2,11L,Landed,VT-IXK,A20N,passenger
2026-03-03,12:28,01:02,Da Nang,DAD,Sun PhuQuoc Airways,9G916,1,11L,Landed,VN-A285,A21N,passenger
2026-03-03,12:20,01:39,Ho Chi Minh City,SGN,VietJet Air,VJ128,1,11L,Landed,VN-A814,A333,passenger
2026-03-03,12:08,01:48,Nha Trang,CXR,VietJet Air,VJ770,1,11L,Landed,VN-A543,A21N,passenger
2026-03-03,12:01,03:41,Beijing,PEK,Air China,CA741,2,11L,Landed,B-327U,A21N,passenger
2026-03-03,11:55,02:58,Kuala Lumpur,KUL,Malaysia Airlines,MH752,2,11L,Landed,9M-MXM,B738,passenger
2026-03-03,11:53,01:54,Can Tho,VCA,Vietnam Airlines,VN1200,1,11L,Landed,VN-A602,A321,passenger
2026-03-03,11:47,01:44,Phu Quoc,PQC,VietJet Air,VJ440,1,11L,Landed,VN-A672,A320,passenger
2026-03-03,11:12,04:46,Seoul,ICN,Korean Air,KE441,2,11L,Landed,HL8530,A21N,passenger
2026-03-03,11:06,01:02,Da Nang,DAD,Vietnam Airlines,VN164,1,11L,Landed,VN-A336,A321,passenger
2026-03-03,11:00,01:21,Buon Ma Thuot,BMV,Vietnam Airlines,VN1602,1,11L,Landed,VN-A614,A321,passenger
2026-03-03,10:15,02:47,Taipei,TPE,China Airlines,CI791,2,11L,Landed,B-18361,A333,passenger
2026-03-03,10:05,02:29,Kaohsiung,KHH,Vietnam Airlines,VN587,2,11L,Landed,VN-A399,A321,passenger
2026-03-03,09:48,00:59,Da Nang,DAD,Vietravel Airlines,VU638,1,11L,Landed,VN-A129,A321,passenger
2026-03-03,09:35,01:42,Ho Chi Minh City,SGN,Avion Express,VJ148,1,11L,Landed,LY-NVG,A320,passenger
2026-03-03,09:23,01:19,Bangkok,BKK,Thai Airways,TG560,2,11L,Landed,HS-TXG,A320,passenger
2026-03-03,09:21,03:17,Shanghai,PVG,Air China Cargo,CA3115,0,11L,Landed,B-2476,B744,cargo
2026-03-03,09:19,01:46,Ho Chi Minh City,SGN,Sun PhuQuoc Airways,9G808,1,11L,Landed,VN-A284,A21N,passenger
2026-03-03,09:13,01:00,Da Nang,DAD,VietJet Air,VJ504,1,11L,Landed,VN-A542,A321,passenger
2026-03-03,09:10,01:18,Ho Chi Minh City,SGN,Vietravel Airlines,VU774,1,11L,Landed,VN-A136,A320,passenger
2026-03-03,09:03,01:46,Ho Chi Minh City,SGN,Bamboo Airways,QH204,1,11L,Landed,ER-00005,A320,passenger
2026-03-03,08:17,01:42,Ho Chi Minh City,SGN,Sun PhuQuoc Airways,9G806,1,11L,Landed,VN-A280,A321,passenger
2026-03-03,08:13,01:41,Ho Chi Minh City,SGN,Vietnam Airlines,VN7022,1,11L,Landed,VN-A512,A21N,passenger
2026-03-03,08:04,02:47,Kuala Lumpur,KUL,AirAsia,AK516,2,11L,Landed,9M-AQI,A320,passenger
2026-03-03,07:57,01:45,Ho Chi Minh City,SGN,VietJet Air,VJ124,1,11L,Landed,VN-A671,A320,passenger
2026-03-03,07:48,02:56,Manila,MNL,Cebu Pacific,5J744,2,11L,Landed,RP-C4118,A21N,passenger
2026-03-03,07:43,08:26,Istanbul,IST,Turkish Airlines,TK6312,0,N/A,Landed,TC-LJO,B77L,cargo
2026-03-03,07:41,01:42,Ho Chi Minh City,SGN,Vietravel Airlines,VU750,1,11L,Landed,VN-A289,A321,passenger
2026-03-03,07:34,01:40,Ho Chi Minh City,SGN,Sun PhuQuoc Airways,9G802,1,11L,Landed,VN-A285,A21N,passenger
2026-03-03,07:03,01:00,Da Nang,DAD,Vietnam Airlines,VN7168,1,11L,Landed,VN-A622,A21N,passenger
2026-03-03,06:50,01:41,Ho Chi Minh City,SGN,N/A,VN6002,1,11L,Landed,VN-A363,A321,passenger
2026-03-03,06:12,01:39,Ho Chi Minh City,SGN,Vietnam Airlines,VN7210,1,11L,Landed,VN-A323,A321,passenger
2026-03-03,06:08,03:50,Jakarta,CGK,Vietnam Airlines,VN634,2,11L,Landed,VN-A616,A21N,passenger
2026-03-03,05:37,03:53,Mumbai,BOM,VietJet Air,VJ910,2,11L,Landed,VN-A580,A21N,passenger
2026-03-03,02:17,01:45,Shenzhen,SZX,Shenzhen Airlines,ZH107,2,11L,Landed,B-6359,A320,passenger
2026-03-03,02:10,01:41,Ho Chi Minh City,SGN,Vietravel Airlines,VU702,1,11L,Landed,VN-A129,A321,passenger
2026-03-03,01:50,01:38,Ho Chi Minh City,SGN,Vietnam Airlines,VN7232,1,11L,Landed,VN-A513,A20N,passenger
2026-03-03,01:27,01:38,Ho Chi Minh City,SGN,VietJet Air,VJ182,1,11L,Landed,VN-A673,A321,passenger
2026-03-03,01:11,01:40,Ho Chi Minh City,SGN,Vietravel Airlines,VU782,1,11L,Landed,VN-A289,A321,passenger
2026-03-03,00:40,01:40,Ho Chi Minh City,SGN,Vietnam Airlines,VN270,1,11L,Landed,VN-A505,A21N,passenger
2026-03-03,00:33,01:39,Ho Chi Minh City,SGN,VietJet Air,VJ178,1,11L,Landed,VN-A657,A321,passenger
2026-03-03,00:13,00:58,Da Nang,DAD,Vietnam Airlines,VN7192,1,11L,Landed,VN-A604,A321,passenger
2026-03-03,00:10,01:40,Ho Chi Minh City,SGN,Sun PhuQuoc Airways,9G886,1,11L,Landed,VN-A906,A21N,passenger
2026-03-04,23:57,01:41,Ho Chi Minh City,SGN,Vietnam Airlines,VN224,1,11L,Landed,VN-A622,A21N,passenger
2026-03-04,23:53,01:46,Phu Quoc,PQC,VietJet Air,VJ3521,1,11L,Landed,VN-A537,A21N,passenger
2026-03-04,23:48,01:36,Ho Chi Minh City,SGN,VietJet Air,VJ180,1,N/A,Landed,VN-A693,A21N,passenger
2026-03-04,23:43,05:45,Tokyo,NRT,All Nippon Airways,NH8447,0,11L,Landed,JA601F,B763,cargo
2026-03-04,23:39,00:56,Hue,HUI,Vietnam Airlines,VN1548,1,11L,Landed,VN-A392,A321,passenger
2026-03-04,23:36,01:32,Macau,MFM,Air Macau,NX988,2,11L,Landed,B-MCC,A321,passenger
2026-03-04,23:28,01:42,Ho Chi Minh City,SGN,VietJet Air,VJ156,1,11L,Landed,VN-A545,A21N,passenger
2026-03-04,23:18,01:40,Ho Chi Minh City,SGN,Sun PhuQuoc Airways,9G882,1,11L,Landed,VN-A279,A321,passenger
2026-03-04,23:05,01:38,Ho Chi Minh City,SGN,VietJet Air,VJ164,1,11L,Landed,VN-A817,A333,passenger
2026-03-04,22:58,01:38,Ho Chi Minh City,SGN,Vietravel Airlines,VU794,1,11L,Landed,VN-A136,A320,passenger
2026-03-04,22:38,01:55,Can Tho,VCA,VietJet Air,VJ464,1,11L,Landed,VN-A639,A321,passenger
2026-03-04,22:27,01:50,Ho Chi Minh City,SGN,Vietnam Airlines,VN256,1,11L,Landed,VN-A606,A321,passenger
2026-03-04,22:24,01:58,Ho Chi Minh City,SGN,VietJet Air,VJ190,1,11L,Landed,VN-A697,A21N,passenger
2026-03-04,22:21,01:15,Da Nang,DAD,Sun PhuQuoc Airways,9G942,1,11L,Landed,VN-A906,A21N,passenger
2026-03-04,22:15,02:04,Chengdu,TFU,Sichuan Airlines,3U3905,2,11L,Landed,B-6719,A320,passenger
2026-03-04,22:14,01:52,Ho Chi Minh City,SGN,Vietnam Airlines,VN220,1,N/A,Landed,VN-A866,B789,passenger
2026-03-04,22:10,02:58,Kuala Lumpur,KUL,Vietnam Airlines,VN680,2,11L,Landed,VN-A506,A21N,passenger
2026-03-04,22:04,01:47,Macau,MFM,Air Macau,NX982,2,11L,Landed,B-MCG,A321,passenger
2026-03-04,22:02,03:58,Chennai,MAA,IndiGo,6E8869,0,N/A,Landed,VT-IKW,A321,cargo
2026-03-04,21:56,01:50,Ho Chi Minh City,SGN,VietJet Air,VJ196,1,11L,Landed,VN-A816,A333,passenger
2026-03-04,21:50,01:38,Phnom Penh,KTI,Vietnam Airlines,VN922,2,11L,Landed,VN-A611,A321,passenger
2026-03-04,21:47,12:20,Anchorage,ANC,UPS,5X72,0,11L,Landed,N617UP,B748,cargo
2026-03-04,21:38,01:52,Phu Quoc,PQC,Sun PhuQuoc Airways,9G1230,1,11L,Landed,VN-A286,A21N,passenger
2026-03-04,21:30,01:59,Ho Chi Minh City,SGN,VietJet Air,VJ166,1,11L,Landed,VN-A532,A321,passenger
2026-03-04,21:26,01:53,Hong Kong,HKG,Cathay Pacific,CX3147,0,N/A,Landed,B-LIE,B744,cargo
2026-03-04,21:16,01:28,Qui Nhon,UIH,Vietnam Airlines,VN7620,1,11L,Landed,VN-A324,A321,passenger
2026-03-04,21:12,01:43,Bangkok,BKK,Vietnam Airlines,VN618,2,11L,Landed,VN-A399,A321,passenger
2026-03-04,21:02,01:41,Shenzhen,SZX,China Southern Airlines,CZ8083,2,N/A,Landed,B-6622,A321,passenger
2026-03-04,20:51,01:50,Ho Chi Minh City,SGN,Sun PhuQuoc Airways,9G872,1,N/A,Landed,VN-A285,A21N,passenger
2026-03-04,20:40,01:31,Bangkok,DMK,AirAsia,FD644,2,11L,Landed,HS-EAB,A21N,passenger
2026-03-04,20:33,01:42,Ho Chi Minh City,SGN,Sun PhuQuoc Airways,9G868,1,11L,Landed,VN-A280,A321,passenger
2026-03-04,20:30,01:00,Da Nang,DAD,Vietnam Airlines,VN188,1,11L,Landed,VN-A513,A20N,passenger
2026-03-04,20:27,01:04,Da Nang,DAD,Vietravel Airlines,VU658,1,11L,Landed,VN-A129,A321,passenger
2026-03-04,20:24,05:37,Tokyo,HND,Vietnam Airlines,VN385,2,N/A,Landed,VN-A871,B789,passenger
2026-03-04,20:22,01:45,Ho Chi Minh City,SGN,VietJet Air,VJ158,1,11L,Landed,VN-A644,A321,passenger
2026-03-04,20:10,01:02,Da Nang,DAD,VietJet Air,VJ516,1,N/A,Landed,VN-A544,A321,passenger
2026-03-04,19:51,01:52,Phu Quoc,PQC,Sun PhuQuoc Airways,9G1220,1,11L,Landed,VN-A281,A21N,passenger
2026-03-04,19:40,01:16,Pleiku,PXU,VietJet Air,VJ424,1,11L,Landed,VN-A580,A21N,passenger
2026-03-04,19:32,10:45,Leipzig,LEJ,DHL Air,QY576,0,11L,Landed,D-ALMA,A332,cargo
2026-03-04,19:29,01:33,Chongqing,CKG,West Air,PN6423,2,11L,Landed,B-6811,A320,passenger
2026-03-04,19:22,01:22,Siem Reap,SAI,Vietnam Airlines,VN836,2,11L,Landed,VN-A614,A321,passenger
2026-03-04,19:14,01:29,Bangkok,BKK,Thai Airways,TG564,2,11L,Landed,HS-TXR,A320,passenger
2026-03-04,19:08,,Hong Kong,HKG,Hong Kong Air Cargo,RH317,0,11L,Landed,B-LMA,A332,cargo
2026-03-04,19:05,01:46,Hong Kong,HKG,Hong Kong Airlines,HX528,2,11L,Landed,B-LPL,A320,passenger
2026-03-04,18:55,01:40,Ho Chi Minh City,SGN,VietJet Air,VJ152,1,11L,Landed,VN-A542,A321,passenger
2026-03-04,18:50,01:42,Changsha,CSX,China Southern Airlines,CZ8359,2,11L,Landed,B-322V,A20N,passenger
2026-03-04,18:21,02:01,Phu Quoc,PQC,Sun PhuQuoc Airways,9G1216,1,11L,Landed,VN-A284,A21N,passenger
2026-03-04,17:59,03:10,Shanghai,PVG,Vietnam Airlines,VN533,2,11L,Landed,VN-A625,A21N,passenger
2026-03-04,17:53,01:04,Da Nang,DAD,Sun PhuQuoc Airways,9G932,1,11L,Landed,VN-A906,A21N,passenger
2026-03-04,17:45,02:32,Kaohsiung,KHH,VietJet Air,VJ947,2,11L,Landed,VN-A683,A321,passenger
2026-03-04,17:37,03:29,Shanghai,PVG,China Eastern Airlines,MU6013,2,11L,Landed,B-32LT,A21N,passenger
2026-03-04,17:31,01:55,Phu Quoc,PQC,N/A,VN6400,1,11L,Landed,VN-A363,A321,passenger
2026-03-04,17:29,01:07,Da Nang,DAD,VietJet Air,VJ512,1,11L,Landed,VN-A643,A321,passenger
2026-03-04,17:15,02:56,Taipei,TPE,STARLUX,JX717,2,11L,Landed,B-58203,A21N,passenger
2026-03-04,17:09,02:54,Singapore,SIN,VietJet Air,VJ916,2,11L,Landed,VN-A525,A21N,passenger
2026-03-04,17:01,04:24,Seoul,ICN,Kalitta Air,K4608,0,11L,Landed,N745CK,B744,cargo
2026-03-04,16:40,05:48,Khabarovsk,KHV,VietJet Air,VJ7707,2,11L,Landed,VN-A549,A21N,passenger
2026-03-04,16:27,03:19,Shanghai,PVG,Air China,CA755,2,11L,Landed,B-8502,A321,passenger
2026-03-04,16:24,02:05,Kolkata,CCU,IndiGo,6E1631,2,11L,Landed,VT-IXA,A20N,passenger
2026-03-04,15:38,01:43,Phu Quoc,PQC,Sun PhuQuoc Airways,9G1208,1,11L,Landed,VN-A286,A21N,passenger
2026-03-04,15:33,01:49,Can Tho,VCA,VietJet Air,VJ462,1,11L,Landed,VN-A545,A21N,passenger
2026-03-04,15:25,01:55,Can Tho,VCA,VietJet Air,VJ460,1,11L,Landed,VN-A580,A21N,passenger
2026-03-04,15:15,01:09,Chiang Mai,CNX,AirAsia,FD870,2,11L,Landed,HS-ABX,A320,passenger
2026-03-04,15:04,01:45,Shenzhen,SZX,China Southern Airlines,CZ8469,2,11L,Landed,B-6622,A321,passenger
2026-03-04,14:59,02:56,Taipei,TPE,VietJet Air,VJ941,2,11L,Landed,VN-A661,A321,passenger
2026-03-04,14:53,01:53,Phu Quoc,PQC,Sun PhuQuoc Airways,9G1206,1,11L,Landed,VN-A909,A20N,passenger
2026-03-04,14:44,01:42,Ho Chi Minh City,SGN,Sun PhuQuoc Airways,9G838,1,11L,Landed,VN-A280,A321,passenger
2026-03-04,14:32,01:38,Guangzhou,CAN,China Southern Airlines,CZ8315,2,11L,Landed,B-301H,A20N,passenger
2026-03-04,14:17,01:34,Nha Trang,CXR,Vietnam Airlines,VN1552,1,11L,Landed,VN-A613,A321,passenger
2026-03-04,14:11,01:02,Da Nang,DAD,Vietnam Airlines,VN166,1,11L,Landed,VN-A602,A321,passenger
2026-03-04,14:01,01:02,Da Nang,DAD,VietJet Air,VJ508,1,11L,Landed,VN-A532,A321,passenger
2026-03-04,13:58,01:05,Da Nang,DAD,Sun PhuQuoc Airways,9G922,1,11L,Landed,VN-A281,A21N,passenger
2026-03-04,13:55,01:44,Ho Chi Minh City,SGN,Vietnam Airlines,VN212,1,11L,Landed,VN-A614,A321,passenger
2026-03-04,13:48,04:25,Seoul,ICN,VietJet Air,VJ961,2,11L,Landed,VN-A674,A21N,passenger
2026-03-04,13:45,03:18,Shanghai,PVG,China Eastern Airlines,MU6011,2,11L,Landed,B-6886,A321,passenger
2026-03-04,13:20,00:58,Hue,HUI,VietJet Air,VJ566,1,11L,Landed,VN-A643,A321,passenger
2026-03-04,13:18,01:52,Phu Quoc,PQC,Sun PhuQuoc Airways,9G1204,1,11L,Landed,VN-A906,A21N,passenger
2026-03-04,13:08,05:59,Dubai,DXB,Emirates,EK394,2,29R,Landed,A6-ECY,B77W,passenger
2026-03-04,13:05,00:37,Dien Bien Phu,DIN,Vietnam Airlines,VN7805,1,11L,Landed,VN-A327,A321,passenger
2026-03-04,12:59,04:18,Seoul,ICN,Vietnam Airlines,VN417,2,11L,Landed,VN-A874,B78X,passenger
2026-03-04,12:54,05:16,Nagoya,NGO,Vietnam Airlines,VN349,2,11L,Landed,VN-A888,A359,passenger
2026-03-04,12:32,01:59,Dhaka,DAC,Ethiopian Airlines,ET678,2,11L,Landed,ET-ATG,B788,passenger
2026-03-04,12:29,01:43,Ho Chi Minh City,SGN,Bamboo Airways,QH224,1,11L,Landed,JU-1410,A320,passenger
2026-03-04,12:24,01:04,Da Nang,DAD,Sun PhuQuoc Airways,9G916,1,11L,Landed,VN-A284,A21N,passenger
2026-03-04,12:19,01:40,Ho Chi Minh City,SGN,VietJet Air,VJ128,1,11L,Landed,VN-A812,A333,passenger
2026-03-04,12:12,02:53,Kuala Lumpur,KUL,Malaysia Airlines,MH752,2,11L,Landed,9M-MXR,B738,passenger
2026-03-04,12:05,01:35,Bangkok,DMK,AirAsia,FD640,2,11L,Landed,HS-BBO,A320,passenger
2026-03-04,12:02,04:29,Seoul,ICN,Asiana Airlines,OZ729,2,11L,Landed,HL7732,B772,passenger
2026-03-04,11:58,01:49,Phu Quoc,PQC,Vietnam Airlines,VN1236,1,11L,Landed,VN-A390,A321,passenger
2026-03-04,11:55,01:37,Nha Trang,CXR,VietJet Air,VJ770,1,11L,Landed,VN-A639,A321,passenger
2026-03-04,11:53,03:42,Beijing,PEK,Air China,CA741,2,11L,Landed,B-32NF,A21N,passenger
2026-03-04,11:47,01:44,Ho Chi Minh City,SGN,VietJet Air,VJ132,1,11L,Landed,VN-A697,A21N,passenger
2026-03-04,11:45,02:11,Bangkok,DMK,N/A,N/A,2,11L,Landed,HS-VIP,C510,business jet
2026-03-04,11:44,01:00,Vientiane,VTE,N/A,N/A,2,11L,Landed,T7-852,GLEX,business jet
2026-03-04,11:39,03:28,Shanghai,PVG,Air China,CA703,2,11L,Landed,B-8595,A321,passenger
2026-03-04,11:35,01:41,Ho Chi Minh City,SGN,Vietnam Airlines,VN244,1,11L,Landed,VN-A889,A359,passenger
2026-03-04,11:33,01:02,Da Nang,DAD,N/A,VN6080,1,11L,Landed,VN-A363,A321,passenger
2026-03-04,11:30,01:52,Can Tho,VCA,Vietnam Airlines,VN1200,1,11L,Landed,VN-A331,A321,passenger
2026-03-04,11:28,00:51,Dong Hoi,VDH,Vietnam Airlines,VN1590,1,11L,Landed,VN-A358,A321,passenger
2026-03-04,11:23,01:47,Ho Chi Minh City,SGN,Sun PhuQuoc Airways,9G822,1,11L,Landed,VN-A279,A321,passenger
2026-03-04,11:19,02:53,Singapore,SIN,Singapore Airlines,SQ192,2,11L,Landed,9V-SHC,A359,passenger
2026-03-04,11:17,01:30,Nha Trang,CXR,Vietnam Airlines,VN7558,1,11L,Landed,VN-A513,A20N,passenger
2026-03-04,11:13,04:41,Seoul,ICN,Korean Air,KE441,2,11L,Landed,HL8509,A21N,passenger
2026-03-04,11:07,01:28,Buon Ma Thuot,BMV,Vietnam Airlines,VN1602,1,11L,Landed,VN-A335,A321,passenger
2026-03-04,11:03,01:47,Ho Chi Minh City,SGN,VietJet Air,VJ136,1,11L,Landed,VN-A644,A321,passenger
2026-03-04,11:00,01:08,Da Nang,DAD,Vietnam Airlines,VN164,1,11L,Landed,VN-A399,A321,passenger
2026-03-04,10:58,01:23,Qui Nhon,UIH,VietJet Air,VJ430,1,11L,Landed,VN-A671,A320,passenger
2026-03-04,10:55,04:30,Busan,PUS,VietJet Air,VJ981,2,11L,Landed,VN-A629,A321,passenger
2026-03-04,10:52,01:14,Pleiku,PXU,Vietnam Airlines,VN1614,1,11L,Landed,VN-A357,A321,passenger
2026-03-04,10:47,01:48,Phu Quoc,PQC,VietJet Air,VJ442,1,11L,Landed,VN-A657,A321,passenger
2026-03-04,10:43,01:07,Chu Lai,VCL,Vietnam Airlines,VN1640,1,11L,Landed,VN-A515,A20N,passenger
2026-03-04,10:40,01:42,Ho Chi Minh City,SGN,Bamboo Airways,QH208,1,11L,Landed,VN-A585,A321,passenger
2026-03-04,10:36,01:29,Nha Trang,CXR,VietJet Air,VJ772,1,11L,Landed,VN-A817,A333,passenger
2026-03-04,10:22,02:50,Taipei,TPE,China Airlines,CI791,2,11L,Landed,B-18308,A333,passenger
2026-03-04,10:13,01:38,Guangzhou,CAN,China Southern Airlines,CZ3049,2,11L,Landed,B-1626,A321,passenger
2026-03-04,10:10,02:55,Taipei,TPE,Vietnam Airlines,VN579,2,11L,Landed,VN-A324,A321,passenger
2026-03-04,10:06,01:42,Hong Kong,HKG,Cathay Pacific,CX741,2,11L,Landed,B-HNG,B773,passenger
2026-03-04,10:04,03:57,Mumbai,BOM,Turkish Airlines,TK6334,0,11L,Landed,TC-LJV,B77L,cargo
2026-03-04,10:02,00:36,Vinh,VII,Vietnam Airlines,VN1716,1,11L,Landed,VN-A602,A321,passenger
2026-03-04,09:57,01:26,Buon Ma Thuot,BMV,VietJet Air,VJ492,1,11L,Landed,VN-A532,A321,passenger
2026-03-04,09:49,02:24,Kaohsiung,KHH,Vietnam Airlines,VN587,2,11L,Landed,VN-A611,A321,passenger
2026-03-04,09:46,01:00,Da Nang,DAD,Vietravel Airlines,VU638,1,11L,Landed,VN-A129,A321,passenger
2026-03-04,09:34,01:42,Ho Chi Minh City,SGN,Avion Express,VJ148,1,11L,Landed,LY-NVG,A320,passenger
2026-03-04,09:29,01:13,Pleiku,PXU,VietJet Air,VJ422,1,11L,Landed,VN-A643,A321,passenger
2026-03-04,09:27,01:40,Ho Chi Minh City,SGN,Avion Express,VU774,1,11L,Landed,9H-MLW,A320,passenger
2026-03-04,09:18,01:03,Da Nang,DAD,Vietnam Airlines,VN158,1,11L,Landed,VN-A625,A21N,passenger
2026-03-04,09:15,01:41,Ho Chi Minh City,SGN,Sun PhuQuoc Airways,9G808,1,11L,Landed,VN-A286,A21N,passenger
2026-03-04,09:03,00:58,Da Nang,DAD,VietJet Air,VJ504,1,11L,Landed,VN-A633,A321,passenger
2026-03-04,09:01,04:36,Seoul,ICN,VietJet Air,VJ963,2,11L,Landed,VN-A580,A21N,passenger
2026-03-04,08:56,01:35,Ho Chi Minh City,SGN,Vietnam Airlines,VN240,1,11L,Landed,VN-A863,B789,passenger
2026-03-04,08:53,00:58,Hue,HUI,Vietnam Airlines,VN1540,1,11L,Landed,VN-A613,A321,passenger
2026-03-04,08:43,00:56,Da Nang,DAD,Bamboo Airways,QH104,1,11L,Landed,VN-A596,A20N,passenger
2026-03-04,08:33,02:52,Singapore,SIN,Scoot,TR300,2,11L,Landed,9V-OFB,B788,passenger
2026-03-04,08:29,01:21,Bangkok,DMK,AirAsia,FD642,2,11L,Landed,HS-EAD,A21N,passenger
2026-03-04,08:26,01:41,Ho Chi Minh City,SGN,VietJet Air,VJ126,1,11L,Landed,VN-A544,A321,passenger
2026-03-04,08:22,01:40,Ho Chi Minh City,SGN,Sun PhuQuoc Airways,9G806,1,11L,Landed,VN-A280,A321,passenger
2026-03-04,08:17,01:21,Bangkok,BKK,K-Mile Air,8K525,0,11L,Landed,HS-KMD,B738,cargo
2026-03-04,08:13,01:36,Shenzhen,SZX,Shenzhen Airlines,ZH101,2,11L,Landed,B-8077,A320,passenger
2026-03-04,08:09,01:40,Ho Chi Minh City,SGN,Vietnam Airlines,VN7042,1,11L,Landed,VN-A503,A21N,passenger
2026-03-04,08:01,00:42,Nanning,NNG,GX Airlines,GX8971,2,11L,Landed,B-6817,A320,passenger
2026-03-04,07:58,02:44,Kuala Lumpur,KUL,AirAsia,AK516,2,11L,Landed,9M-AGT,A320,passenger
2026-03-04,07:53,01:36,Ho Chi Minh City,SGN,Vietnam Airlines,VN238,1,11L,Landed,VN-A358,A321,passenger
2026-03-04,07:42,02:55,Manila,MNL,Cebu Pacific,5J744,2,11L,Landed,RP-C4149,A21N,passenger
2026-03-04,07:37,01:40,Ho Chi Minh City,SGN,Sun PhuQuoc Airways,9G802,1,11L,Landed,VN-A284,A21N,passenger
2026-03-04,07:34,01:39,Ho Chi Minh City,SGN,VietJet Air,VJ124,1,11L,Landed,VN-A525,A21N,passenger
2026-03-04,07:29,01:39,Ho Chi Minh City,SGN,VietJet Air,VJ120,1,11L,Landed,VN-A815,A333,passenger
2026-03-04,07:24,01:02,Da Nang,DAD,VietJet Air,VJ524,1,11L,Landed,VN-A554,A21N,passenger
2026-03-04,07:20,02:46,Manila,MNL,Vietnam Airlines,VN646,2,11L,Landed,VN-A329,A321,passenger
2026-03-04,07:16,01:40,Ho Chi Minh City,SGN,VietJet Air,VJ122,1,11L,Landed,VN-A653,A21N,passenger
2026-03-04,07:05,00:58,Da Nang,DAD,Vietnam Airlines,VN156,1,11L,Landed,VN-A603,A321,passenger
2026-03-04,07:00,03:21,Cebu,CEB,Vietnam Airlines,VN642,2,11L,Landed,VN-A392,A321,passenger
2026-03-04,06:52,01:42,Ho Chi Minh City,SGN,N/A,VN6002,1,11L,Landed,VN-A363,A321,passenger
2026-03-04,06:49,08:13,Istanbul,IST,Turkish Airlines,TK252,2,11L,Landed,TC-JJR,B77W,passenger
2026-03-04,06:11,09:56,Frankfurt,FRA,Vietnam Airlines,VN36,2,11L,Landed,VN-A870,B789,passenger
2026-03-04,05:57,01:38,Phu Quoc,PQC,Vietnam Airlines,VN9491,1,11L,Landed,VN-A616,A21N,passenger
2026-03-04,05:50,08:53,Melbourne,MEL,Vietnam Airlines,VN778,2,11L,Landed,VN-A895,A359,passenger
2026-03-04,05:32,01:33,Guangzhou,CAN,FedEx,FX6001,0,11L,Landed,N103FE,B763,cargo
2026-03-04,05:27,03:55,Ahmedabad,AMD,VietJet Air,VJ1926,2,11L,Landed,VN-A666,A320,passenger
2026-03-04,05:22,04:27,Seoul,ICN,Air Zeta,KJ951,0,11L,Landed,HL7421,B744,cargo
2026-03-04,05:13,03:59,Bengaluru,BLR,Vietnam Airlines,VN982,2,11L,Landed,VN-A602,A321,passenger
2026-03-04,04:59,03:09,Shanghai,PVG,VietJet Air,VJ7239,2,11L,Landed,VN-A699,A320,passenger
2026-03-04,04:56,03:26,Delhi,DEL,VietJet Air,VJ972,2,11L,Landed,VN-A812,A333,passenger
2026-03-04,04:51,03:26,Beijing,PKX,VietJet Air,VJ7713,2,11L,Landed,VN-A671,A320,passenger
2026-03-04,04:24,01:35,Guangzhou,CAN,VietJet Air,VJ7527,2,11L,Landed,VN-A639,A321,passenger
2026-03-04,04:17,03:53,Mumbai,BOM,Vietnam Airlines,VN972,2,11L,Landed,VN-A889,A359,passenger
2026-03-04,03:52,04:35,Seoul,ICN,Air Zeta,KJ389,0,11L,Landed,HL7507,B763,cargo
2026-03-04,03:44,09:42,Milan,MXP,Vietnam Airlines,VN72,2,11L,Landed,VN-A894,A359,passenger
2026-03-04,03:11,01:39,Ho Chi Minh City,SGN,Vietnam Airlines,VN7236,1,11L,Landed,VN-A335,A321,passenger
2026-03-04,03:07,03:29,Shanghai,PVG,China Eastern Airlines,MU7235,2,11L,Landed,B-32LA,A21N,passenger
2026-03-04,03:01,01:46,Nha Trang,CXR,VietJet Air,VJ7706,1,11L,Landed,VN-A549,A21N,passenger
2026-03-04,02:40,01:41,Ho Chi Minh City,SGN,VietJet Air,VJ178,1,11L,Landed,VN-A657,A321,passenger
2026-03-04,02:33,04:29,Seoul,ICN,Kalitta Air,K4602,0,11L,Landed,N713CK,B744,cargo
2026-03-04,02:30,01:46,Ho Chi Minh City,SGN,Vietravel Airlines,VU702,1,11L,Landed,VN-A129,A321,passenger
2026-03-04,02:11,04:20,Seoul,ICN,Korean Air,KE361,0,11L,Landed,HL7605,B744,cargo
2026-03-04,01:58,04:43,Seoul,ICN,Air Zeta,KJ373,0,11L,Landed,HL8355,B738,cargo
2026-03-04,01:49,01:40,Ho Chi Minh City,SGN,Vietnam Airlines,VN7232,1,11L,Landed,VN-A618,A21N,passenger
2026-03-04,01:29,01:39,Ho Chi Minh City,SGN,Bamboo Airways,QH282,1,11L,Landed,VN-A227,A321,passenger
2026-03-04,01:22,03:21,Shanghai,PVG,China Eastern Airlines,MU5075,2,11L,Landed,B-1772,B738,passenger
2026-03-04,01:20,02:54,Manila,MNL,Philippine Airlines,PR595,2,11L,Landed,RP-C8782,A333,passenger
2026-03-04,01:16,03:03,Hangzhou,HGH,Air China,CA707,2,11L,Landed,B-8337,A320,passenger
2026-03-04,01:13,01:39,Ho Chi Minh City,SGN,Vietravel Airlines,VU782,1,11L,Landed,VN-A136,A320,passenger
2026-03-04,00:49,03:24,Jinan,TNA,Shandong Airlines,SC8071,2,11L,Landed,B-5543,B738,passenger
2026-03-04,00:44,01:40,Ho Chi Minh City,SGN,Vietnam Airlines,VN270,1,11L,Landed,VN-A390,A321,passenger
2026-03-04,00:33,01:34,Shenzhen,SZX,Shenzhen Airlines,ZH107,2,11L,Landed,B-8077,A320,passenger
2026-03-04,00:30,01:40,Ho Chi Minh City,SGN,Sun PhuQuoc Airways,9G886,1,11L,Landed,VN-A285,A21N,passenger
2026-03-04,00:23,01:35,Ho Chi Minh City,SGN,Vietnam Airlines,VN256,1,11L,Landed,VN-A871,B789,passenger
2026-03-04,00:20,00:59,Da Nang,DAD,Vietnam Airlines,VN7192,1,11L,Landed,VN-A327,A321,passenger
2026-03-04,00:14,02:54,Manila,MNL,Cebu Pacific,5J746,2,11L,Landed,RP-C4108,A320,passenger
2026-03-04,00:11,01:38,Ho Chi Minh City,SGN,Bamboo Airways,QH286,1,11L,Landed,VN-A585,A321,passenger
2026-03-04,00:07,01:40,Ho Chi Minh City,SGN,Vietnam Airlines,VN224,1,11L,Landed,VN-A605,A321,passenger
2026-03-04,00:03,01:22,Bangkok,BKK,Vietnam Airlines,VN616,2,11R,Landed,VN-A508,A21N,passenger
2026-03-05,23:58,01:42,Ho Chi Minh City,SGN,Sun PhuQuoc Airways,9G882,1,11L,Landed,VN-A279,A321,passenger
2026-03-05,23:53,01:39,Ho Chi Minh City,SGN,Vietnam Airlines,VN224,1,11L,Landed,VN-A396,A321,passenger
2026-03-05,23:44,01:01,Da Nang,DAD,VietJet Air,VJ522,1,11L,Landed,VN-A671,A320,passenger
2026-03-05,23:40,05:58,Tokyo,NRT,All Nippon Airways,NH8447,0,11L,Landed,JA602F,B763,cargo
2026-03-05,23:29,01:42,Ho Chi Minh City,SGN,Bamboo Airways,QH280,1,11L,Landed,VN-A596,A20N,passenger
2026-03-05,23:26,00:54,Hue,HUI,Vietnam Airlines,VN1548,1,11L,Landed,VN-A616,A21N,passenger
2026-03-05,23:10,01:41,Ho Chi Minh City,SGN,Vietnam Airlines,VN260,1,11L,Landed,VN-A878,B78X,passenger
2026-03-05,23:05,06:08,Tokyo,NRT,All Nippon Airways,NH897,2,11L,Landed,JA876A,B789,passenger
2026-03-05,23:02,01:44,Ho Chi Minh City,SGN,Vietravel Airlines,VU794,1,11L,Landed,VN-A129,A321,passenger
2026-03-05,22:58,01:29,Nha Trang,CXR,VietJet Air,VJ778,1,11L,Landed,VN-A685,A321,passenger
2026-03-05,22:55,01:36,Guangzhou,CAN,China Southern Airlines,CZ371,2,11L,Landed,B-205K,B38M,passenger
2026-03-05,22:49,00:56,Hue,HUI,VietJet Air,VJ568,1,11L,Landed,VN-A641,A321,passenger
2026-03-05,22:45,01:42,Ho Chi Minh City,SGN,VietJet Air,VJ158,1,11L,Landed,VN-A666,A320,passenger
2026-03-05,22:37,01:49,Ho Chi Minh City,SGN,Sun PhuQuoc Airways,9G872,1,11L,Landed,VN-A280,A321,passenger
2026-03-05,22:33,01:40,Ho Chi Minh City,SGN,Vietnam Airlines,VN220,1,11L,Landed,VN-A868,B789,passenger
2026-03-05,22:31,01:46,Ho Chi Minh City,SGN,VietJet Air,VJ180,1,11L,Landed,VN-A697,A21N,passenger
2026-03-05,22:22,01:39,Ho Chi Minh City,SGN,Vietnam Airlines,VN252,1,11L,Landed,VN-A888,A359,passenger
2026-03-05,22:20,01:02,Da Nang,DAD,Sun PhuQuoc Airways,9G942,1,11L,Landed,VN-A285,A21N,passenger
2026-03-05,22:09,01:01,Da Nang,DAD,VietJet Air,VJ518,1,11L,Landed,VN-A632,A321,passenger
2026-03-05,22:06,12:31,Anchorage,ANC,UPS,5X72,0,11L,Landed,N626UP,B748,cargo
2026-03-05,22:04,01:41,Ho Chi Minh City,SGN,VietJet Air,VJ196,1,11L,Landed,VN-A817,A333,passenger
2026-03-05,22:00,01:48,Can Tho,VCA,Vietnam Airlines,VN1206,1,11R,Landed,VN-A508,A21N,passenger
2026-03-05,21:56,01:13,Haikou,HAK,Hainan Airlines,HU783,2,11R,Landed,B-206Q,B38M,passenger
2026-03-05,21:55,,Delhi,DEL,IndiGo,6E9436,0,11L,Landed,VT-IKW,A321,cargo
2026-03-05,21:43,01:19,Siem Reap,SAI,Vietnam Airlines,VN842,2,11L,Landed,VN-A395,A321,passenger
2026-03-05,21:39,01:41,Ho Chi Minh City,SGN,VietJet Air,VJ190,1,11L,Landed,VN-A544,A321,passenger
2026-03-05,21:33,01:32,Macau,MFM,Air Macau,NX982,2,11L,Landed,B-MCE,A321,passenger
2026-03-05,21:30,01:51,Ho Chi Minh City,SGN,VietJet Air,VJ152,1,11L,Landed,VN-A532,A321,passenger
2026-03-05,21:26,01:39,Phu Quoc,PQC,Sun PhuQuoc Airways,9G1230,1,N/A,Landed,VN-A286,A21N,passenger
2026-03-05,21:23,01:42,Ho Chi Minh City,SGN,Vietnam Airlines,VN258,1,11L,Landed,VN-A879,B78X,passenger
2026-03-05,21:19,00:56,Vientiane,VTE,Vietnam Airlines,VN920,2,11L,Landed,VN-A505,A21N,passenger
2026-03-05,21:10,00:55,Hue,HUI,Vietnam Airlines,VN7544,1,11L,Landed,VN-A399,A321,passenger
2026-03-05,21:07,01:40,Ho Chi Minh City,SGN,VietJet Air,VJ160,1,11L,Landed,VN-A634,A321,passenger
2026-03-05,21:02,01:27,Bangkok,BKK,Vietnam Airlines,VN618,2,11L,Landed,VN-A603,A321,passenger
2026-03-05,20:57,01:46,Ho Chi Minh City,SGN,VietJet Air,VJ166,1,11L,Landed,VN-A636,A321,passenger
2026-03-05,20:51,01:23,Siem Reap,SAI,VietJet Air,VJ914,2,11L,Landed,VN-A629,A321,passenger
2026-03-05,20:48,04:33,Denpasar,DPS,VietJet Air,VJ998,2,11L,Landed,VN-A542,A321,passenger
2026-03-05,20:46,01:24,Qui Nhon,UIH,Vietnam Airlines,VN7620,1,11L,Landed,VN-A606,A321,passenger
2026-03-05,20:36,02:44,Taipei,TPE,China Airlines,CI6887,0,11L,Landed,B-18719,B744,cargo
2026-03-05,20:34,01:03,Da Nang,DAD,Vietnam Airlines,VN188,1,11L,Landed,VN-A515,A20N,passenger
2026-03-05,20:31,01:42,Phu Quoc,PQC,VietJet Air,VJ1440,1,11L,Landed,VN-A693,A21N,passenger
2026-03-05,20:25,01:32,Shenzhen,SZX,China Southern Airlines,CZ8083,2,11L,Landed,B-6978,A321,passenger
2026-03-05,20:22,00:42,Luang Prabang,LPQ,Vietnam Airlines,VN930,2,11L,Landed,VN-A353,A321,passenger
2026-03-05,20:00,00:59,Da Nang,DAD,Vietravel Airlines,VU658,1,11L,Landed,VN-A136,A320,passenger
2026-03-05,19:51,01:47,Ho Chi Minh City,SGN,Vietravel Airlines,VU780,1,11L,Landed,VN-A289,A321,passenger
2026-03-05,19:48,02:37,Taichung,RMQ,VietJet Air,VJ949,2,11L,Landed,VN-A554,A21N,passenger
2026-03-05,19:45,01:46,Phu Quoc,PQC,Sun PhuQuoc Airways,9G1220,1,N/A,Landed,VN-A906,A21N,passenger
2026-03-05,19:42,00:41,Vinh,VII,Vietnam Airlines,VN1718,1,11L,Landed,VN-A331,A321,passenger
2026-03-05,19:40,01:05,Da Nang,DAD,Vietnam Airlines,VN180,1,N/A,Landed,VN-A513,A20N,passenger
2026-03-05,19:33,01:43,Chongqing,CKG,West Air,PN6423,2,N/A,Landed,B-9981,A320,passenger
2026-03-05,19:30,01:00,Da Nang,DAD,Bamboo Airways,QH146,1,11L,Landed,VN-A585,A321,passenger
2026-03-05,19:28,10:32,Leipzig,LEJ,DHL Air,QY574,0,11L,Landed,D-AJFK,A333,cargo
2026-03-05,19:22,05:23,Almaty,ALA,SkyUp Airlines,4V5531,2,11L,Landed,UR-SQO,B738,passenger
2026-03-05,19:14,01:47,Hong Kong,HKG,Hong Kong Air Cargo,RH317,0,N/A,Landed,B-LNY,A332,cargo
2026-03-05,19:10,01:16,Qui Nhon,UIH,VietJet Air,VJ432,1,11L,Landed,VN-A671,A320,passenger
2026-03-05,18:58,01:02,Da Nang,DAD,VietJet Air,VJ514,1,11L,Landed,VN-A641,A321,passenger
2026-03-05,18:54,01:47,Changsha,CSX,China Southern Airlines,CZ8359,2,11L,Landed,B-322V,A20N,passenger
2026-03-05,18:52,01:33,Buon Ma Thuot,BMV,VietJet Air,VJ1492,1,N/A,Landed,VN-A580,A21N,passenger
2026-03-05,18:32,00:15,N/A,,Lao Airlines,N/A,2,N/A,Landed,RDPL-34176,AT75,passenger
2026-03-05,18:30,01:49,Hong Kong,HKG,Cathay Pacific,CX743,2,11L,Landed,B-HNU,B773,passenger
2026-03-05,18:27,03:21,Shanghai,PVG,Vietnam Airlines,VN533,2,11L,Landed,VN-A506,A21N,passenger
2026-03-05,18:25,01:46,Guangzhou,CAN,China Southern Airlines,CZ8177,2,11L,Landed,B-6775,A320,passenger
2026-03-05,18:09,04:03,Jakarta,CGK,VietJet Air,VJ928,2,11L,Landed,VN-A656,A320,passenger
2026-03-05,18:06,01:09,Da Nang,DAD,Sun PhuQuoc Airways,9G932,1,11L,Landed,VN-A285,A21N,passenger
2026-03-05,18:00,01:39,Bangkok,BKK,Vietnam Airlines,VN614,2,11L,Landed,VN-A611,A321,passenger
2026-03-05,17:56,03:47,Okinawa,DNA,Kalitta Air,K49766,0,11L,Landed,N706CK,B744,cargo
2026-03-05,17:43,01:58,Can Tho,VCA,VietJet Air,VJ460,1,11L,Landed,VN-A526,A21N,passenger
2026-03-05,17:40,02:59,Singapore,SIN,VietJet Air,VJ916,2,11L,Landed,VN-A647,A321,passenger
2026-03-05,17:32,03:27,Shanghai,PVG,China Eastern Airlines,MU6013,2,11L,Landed,B-32L9,A21N,passenger
2026-03-05,17:12,03:00,Taipei,TPE,EVA Air,BR385,2,11L,Landed,B-16213,A321,passenger
2026-03-05,17:07,01:38,Nha Trang,CXR,VietJet Air,VJ784,1,11L,Landed,VN-A522,A321,passenger
2026-03-05,17:05,01:40,Hong Kong,HKG,Cathay Pacific,CX3247,0,11L,Landed,B-LJF,B748,cargo
2026-03-05,16:41,03:20,Shanghai,PVG,Air China,CA755,2,11L,Landed,B-8595,A321,passenger
2026-03-05,16:37,01:37,Ho Chi Minh City,SGN,Vietnam Airlines,VN7046,1,11L,Landed,VN-A622,A21N,passenger
2026-03-05,16:33,04:42,Hiroshima,HIJ,VietJet Air,VJ953,2,N/A,Landed,VN-A666,A320,passenger
2026-03-05,16:15,00:51,Vientiane,VTE,Lao Airlines,QV311,2,11L,Landed,RDPL-34199,A320,passenger
2026-03-05,15:55,01:48,Ho Chi Minh City,SGN,Vietnam Airlines,VN248,1,11L,Landed,VN-A390,A321,passenger
2026-03-05,15:46,01:45,Ho Chi Minh City,SGN,VietJet Air,VJ198,1,11L,Landed,VN-A658,A320,passenger
2026-03-05,15:27,01:39,Phu Quoc,PQC,Sun PhuQuoc Airways,9G1208,1,11L,Landed,VN-A286,A21N,passenger
2026-03-05,15:21,01:15,Qui Nhon,UIH,Bamboo Airways,QH1214,1,11L,Landed,VN-A585,A321,passenger
2026-03-05,15:18,01:40,Hong Kong,HKG,Vietnam Airlines,VN593,2,11L,Landed,VN-A327,A321,passenger
2026-03-05,15:15,01:44,Ho Chi Minh City,SGN,VietJet Air,VJ142,1,11L,Landed,VN-A817,A333,passenger
2026-03-05,15:07,01:17,Qui Nhon,UIH,Vietnam Airlines,VN1622,1,11L,Landed,VN-A513,A20N,passenger
2026-03-05,14:54,01:39,Ho Chi Minh City,SGN,Sun PhuQuoc Airways,9G838,1,11L,Landed,VN-A280,A321,passenger
2026-03-05,14:47,01:43,Shenzhen,SZX,China Southern Airlines,CZ8469,2,11L,Landed,B-6552,A321,passenger
2026-03-05,14:38,01:11,Chiang Mai,CNX,AirAsia,FD870,2,11L,Landed,HS-BBC,A320,passenger
2026-03-05,14:31,02:46,Kuala Lumpur,KUL,VietJet Air,VJ906,2,11L,Landed,VN-A532,A321,passenger
2026-03-05,14:27,01:46,Ho Chi Minh City,SGN,VietJet Air,VJ144,1,29R,Landed,VN-A697,A21N,passenger
2026-03-05,14:23,01:04,Da Nang,DAD,VietJet Air,VJ508,1,N/A,Landed,VN-A641,A321,passenger
2026-03-05,14:20,01:37,Guangzhou,CAN,China Southern Airlines,CZ8315,2,11L,Landed,B-8965,A20N,passenger
2026-03-05,14:07,01:00,Da Nang,DAD,Sun PhuQuoc Airways,9G922,1,11L,Landed,VN-A906,A21N,passenger
2026-03-05,13:59,03:25,Shanghai,PVG,China Eastern Airlines,MU6011,2,N/A,Landed,B-1680,A321,passenger
2026-03-05,13:55,01:03,Da Nang,DAD,Vietnam Airlines,VN166,1,11L,Landed,VN-A399,A321,passenger
2026-03-05,13:47,01:35,Shenzhen,SZX,Shenzhen Airlines,ZH103,2,11L,Landed,B-6938,A320,passenger
2026-03-05,13:20,00:56,Hue,HUI,VietJet Air,VJ566,1,11L,Landed,VN-A685,A321,passenger
2026-03-05,13:13,05:29,Tokyo,NRT,Vietnam Airlines,VN311,2,11L,Landed,VN-A874,B78X,passenger
2026-03-05,12:56,01:46,Phu Quoc,PQC,VietJet Air,VJ440,1,11L,Landed,VN-A672,A320,passenger
2026-03-05,12:51,01:37,Bangkok,DMK,N/A,N/A,2,11L,Landed,T7-852,GLEX,business jet
2026-03-05,12:41,04:45,Fukuoka,FUK,Vietnam Airlines,VN357,2,11L,Landed,VN-A625,A21N,passenger
2026-03-05,12:35,01:54,Ho Chi Minh City,SGN,Bamboo Airways,QH224,1,11L,Landed,JU-1410,A320,passenger
2026-03-05,12:30,01:45,Phu Quoc,PQC,VietJet Air,VJ450,1,11L,Landed,VN-A815,A333,passenger
2026-03-05,12:20,02:45,Kuala Lumpur,KUL,Batik Air,OD571,2,11L,Landed,9M-LRR,B38M,passenger
2026-03-05,12:17,04:42,Seoul,ICN,Asiana Airlines,OZ729,2,11L,Landed,HL7794,A333,passenger
2026-03-05,12:06,03:34,Beijing,PEK,Air China,CA741,2,11L,Landed,B-32CD,A21N,passenger
2026-03-05,11:59,02:55,Kuala Lumpur,KUL,Malaysia Airlines,MH752,2,29R,Landed,9M-MXI,B738,passenger
2026-03-05,11:56,02:41,Manila,MNL,Philippine Airlines,PR593,2,11L,Landed,RP-C8766,A333,passenger
2026-03-05,11:53,01:47,Ho Chi Minh City,SGN,VietJet Air,VJ132,1,11L,Landed,VN-A523,A21N,passenger
2026-03-05,11:50,04:29,Fukuoka,FUK,VietJet Air,VJ959,2,11L,Landed,VN-A554,A21N,passenger
2026-03-05,11:38,01:34,Nha Trang,CXR,VietJet Air,VJ770,1,11L,Landed,VN-A526,A21N,passenger
2026-03-05,11:29,01:48,Can Tho,VCA,Vietnam Airlines,VN1200,1,11L,Landed,VN-A611,A321,passenger
2026-03-05,11:27,00:59,Da Nang,DAD,N/A,VN6080,1,11L,Landed,VN-A363,A321,passenger
2026-03-05,11:24,01:47,Ho Chi Minh City,SGN,Sun PhuQuoc Airways,9G822,1,11L,Landed,VN-A279,A321,passenger
2026-03-05,11:22,03:26,Shanghai,PVG,Air China,CA703,2,11L,Landed,B-8495,A321,passenger
2026-03-05,11:13,01:32,Nha Trang,CXR,Vietnam Airlines,VN7558,1,11L,Landed,VN-A515,A20N,passenger
2026-03-05,11:06,01:45,Phu Quoc,PQC,VietJet Air,VJ442,1,11L,Landed,VN-A639,A321,passenger
2026-03-05,11:03,02:39,Singapore,SIN,China Airlines,CI6856,0,11L,Landed,B-18719,B744,cargo
2026-03-05,11:00,01:00,Da Nang,DAD,Vietnam Airlines,VN164,1,11L,Landed,VN-A392,A321,passenger
2026-03-05,10:50,04:35,Seoul,ICN,Korean Air,KE441,2,11L,Landed,HL8505,A21N,passenger
2026-03-05,10:47,00:59,Da Nang,DAD,Bamboo Airways,QH104,1,11L,Landed,VN-A596,A20N,passenger
2026-03-05,10:41,01:16,Qui Nhon,UIH,VietJet Air,VJ430,1,11L,Landed,VN-A671,A320,passenger
2026-03-05,10:30,01:47,Ho Chi Minh City,SGN,Bamboo Airways,QH208,1,11L,Landed,VN-A585,A321,passenger
2026-03-05,10:27,01:45,Guangzhou,CAN,China Southern Airlines,CZ3049,2,11L,Landed,B-32MA,A21N,passenger
2026-03-05,10:25,01:11,Chu Lai,VCL,Vietnam Airlines,VN1640,1,11L,Landed,VN-A513,A20N,passenger
2026-03-05,10:21,01:32,Buon Ma Thuot,BMV,VietJet Air,VJ492,1,11L,Landed,VN-A641,A321,passenger
2026-03-05,10:19,02:51,Taipei,TPE,China Airlines,CI791,2,11L,Landed,B-18311,A333,passenger
2026-03-05,10:16,00:55,Hue,HUI,Vietnam Airlines,VN1542,1,11L,Landed,VN-A616,A21N,passenger
2026-03-05,10:13,02:34,Kaohsiung,KHH,Vietnam Airlines,VN587,2,11L,Landed,VN-A331,A321,passenger
2026-03-05,09:57,00:33,Vinh,VII,Vietnam Airlines,VN1716,1,11L,Landed,VN-A603,A321,passenger
2026-03-05,09:51,01:38,Hong Kong,HKG,Cathay Pacific,CX741,2,11L,Landed,B-HNS,B773,passenger
2026-03-05,09:41,01:18,Pleiku,PXU,VietJet Air,VJ422,1,11L,Landed,VN-A685,A321,passenger
2026-03-05,09:38,01:02,Da Nang,DAD,Vietravel Airlines,VU638,1,11L,Landed,VN-A136,A320,passenger
2026-03-05,09:34,01:37,Bangkok,BKK,Thai Airways,TG560,2,11L,Landed,HS-TXH,A320,passenger
2026-03-05,09:30,02:54,Taipei,TPE,Vietnam Airlines,VN579,2,11L,Landed,VN-A327,A321,passenger
2026-03-05,09:28,01:41,Ho Chi Minh City,SGN,Sun PhuQuoc Airways,9G808,1,11L,Landed,VN-A286,A21N,passenger
2026-03-05,09:21,01:43,Ho Chi Minh City,SGN,Avion Express,VJ148,1,11L,Landed,LY-NVG,A320,passenger
2026-03-05,09:04,01:45,Ho Chi Minh City,SGN,Bamboo Airways,QH204,1,11L,Landed,ER-00005,A320,passenger
2026-03-05,09:00,01:01,Da Nang,DAD,VietJet Air,VJ504,1,11L,Landed,VN-A542,A321,passenger
2026-03-05,08:57,01:40,Ho Chi Minh City,SGN,Vietnam Airlines,VN240,1,11L,Landed,VN-A891,A359,passenger
2026-03-05,08:49,01:42,Hong Kong,HKG,HK express,UO540,2,11L,Landed,B-LCS,A20N,passenger
2026-03-05,08:33,01:27,Bangkok,DMK,AirAsia,FD642,2,11L,Landed,HS-EAC,A21N,passenger
2026-03-05,08:30,01:43,Ho Chi Minh City,SGN,Sun PhuQuoc Airways,9G806,1,11L,Landed,VN-A280,A321,passenger
2026-03-05,08:28,01:42,Ho Chi Minh City,SGN,VietJet Air,VJ126,1,11L,Landed,VN-A544,A321,passenger
2026-03-05,08:15,01:37,Shenzhen,SZX,Shenzhen Airlines,ZH101,2,11L,Landed,B-8077,A320,passenger
2026-03-05,08:07,02:47,Kuala Lumpur,KUL,AirAsia,AK516,2,11L,Landed,9M-AGV,A20N,passenger
2026-03-05,07:59,01:26,Bangkok,BKK,K-Mile Air,8K525,0,11L,Landed,HS-KMD,B738,cargo
2026-03-05,07:41,09:48,Larnaca,LCA,GullivAir,IZ595,2,11L,Landed,LZ-TWO,A332,passenger
2026-03-05,07:21,00:59,Da Nang,DAD,VietJet Air,VJ524,1,11L,Landed,VN-A656,A320,passenger
2026-03-05,07:05,01:42,Ho Chi Minh City,SGN,VietJet Air,VJ122,1,11L,Landed,VN-A653,A21N,passenger
2026-03-05,06:57,00:57,Da Nang,DAD,Vietnam Airlines,VN156,1,11L,Landed,VN-A608,A321,passenger
2026-03-05,06:43,01:43,Ho Chi Minh City,SGN,N/A,VN6002,1,11L,Landed,VN-A363,A321,passenger
2026-03-05,06:01,03:58,Mumbai,BOM,VietJet Air,VJ910,2,11L,Landed,VN-A525,A21N,passenger
2026-03-05,05:43,03:48,Jakarta,CGK,Vietnam Airlines,VN634,2,11L,Landed,VN-A603,A321,passenger
2026-03-05,05:39,07:57,Moscow,SVO,Vietnam Airlines,VN62,2,11L,Landed,VN-A870,B789,passenger
2026-03-05,05:29,01:38,Guangzhou,CAN,FedEx,FX6001,0,N/A,Landed,N118FE,B763,cargo
2026-03-05,04:54,03:28,Hyderabad,HYD,Vietnam Airlines,VN984,2,11L,Landed,VN-A508,A21N,passenger
2026-03-05,02:35,04:25,Seoul,ICN,Atlas Air,5Y8244,0,N/A,Landed,N487MC,B744,cargo
2026-03-05,02:01,04:32,Seoul,ICN,Korean Air,KE361,0,11L,Landed,HL7605,B744,cargo
2026-03-05,01:46,01:43,Ho Chi Minh City,SGN,VietJet Air,VJ174,1,N/A,Landed,VN-A671,A320,passenger
2026-03-05,01:34,02:46,Manila,MNL,Philippine Airlines,PR595,2,11L,Landed,RP-C9926,A321,passenger
2026-03-05,01:06,01:36,Shenzhen,SZX,Shenzhen Airlines,ZH107,2,N/A,Landed,B-9909,A320,passenger
2026-03-05,01:02,00:58,Da Nang,DAD,Vietnam Airlines,VN7192,1,11L,Landed,VN-A324,A321,passenger
2026-03-05,00:53,02:56,Manila,MNL,Cebu Pacific,5J746,2,11L,Landed,RP-C4142,A21N,passenger
2026-03-05,00:40,01:41,Ho Chi Minh City,SGN,VietJet Air,VJ178,1,11L,Landed,VN-A542,A321,passenger
2026-03-05,00:27,01:00,Da Nang,DAD,VietJet Air,VJ522,1,11L,Landed,VN-A641,A321,passenger
2026-03-05,00:14,01:40,Ho Chi Minh City,SGN,Sun PhuQuoc Airways,9G886,1,11L,Landed,VN-A284,A21N,passenger
2026-03-06,23:51,01:25,Bangkok,BKK,Vietnam Airlines,VN616,2,11L,Landed,VN-A325,A321,passenger
2026-03-06,23:49,01:00,Da Nang,DAD,VietJet Air,VJ518,1,11L,Landed,VN-A685,A321,passenger
2026-03-06,23:46,01:30,Nha Trang,CXR,Vietnam Airlines,VN7556,1,11L,Landed,VN-A622,A21N,passenger
2026-03-06,23:41,01:39,Ho Chi Minh City,SGN,VietJet Air,VJ174,1,11L,Landed,VN-A545,A21N,passenger
2026-03-06,23:37,01:37,Ho Chi Minh City,SGN,Sun PhuQuoc Airways,9G882,1,11L,Landed,VN-A279,A321,passenger
2026-03-06,23:25,01:26,Macau,MFM,Air Macau,NX988,2,11L,Landed,B-MBB,A321,passenger
2026-03-06,23:14,01:34,Ho Chi Minh City,SGN,Vietnam Airlines,VN260,1,11L,Landed,VN-A892,A359,passenger
2026-03-06,23:12,01:47,Can Tho,VCA,VietJet Air,VJ464,1,11L,Landed,VN-A554,A21N,passenger
2026-03-06,23:07,01:46,Guangzhou,CAN,China Southern Airlines,CZ371,2,11L,Landed,B-226J,B38M,passenger
2026-03-06,23:01,01:39,Ho Chi Minh City,SGN,Vietnam Airlines,VN256,1,11L,Landed,VN-A861,B789,passenger
2026-03-06,22:58,01:34,Nha Trang,CXR,VietJet Air,VJ778,1,11L,Landed,VN-A667,A321,passenger
2026-03-06,22:50,01:46,Ho Chi Minh City,SGN,VietJet Air,VJ190,1,11L,Landed,VN-A669,A320,passenger
2026-03-06,22:47,01:53,Can Tho,VCA,Vietnam Airlines,VN1206,1,11L,Landed,VN-A392,A321,passenger
2026-03-06,22:45,01:05,Da Nang,DAD,Sun PhuQuoc Airways,9G942,1,11L,Landed,VN-A908,A20N,passenger
2026-03-06,22:42,04:34,Seoul,ICN,Asiana Airlines,OZ733,2,11L,Landed,HL7771,A359,passenger
2026-03-06,22:39,01:45,Ho Chi Minh City,SGN,Bamboo Airways,QH268,1,11L,Landed,ER-00005,A320,passenger
2026-03-06,22:37,00:59,Hue,HUI,VietJet Air,VJ568,1,11L,Landed,VN-A661,A321,passenger
2026-03-06,22:33,01:44,Ho Chi Minh City,SGN,VietJet Air,VJ180,1,11L,Landed,VN-A817,A333,passenger
2026-03-06,22:30,01:39,Nha Trang,CXR,Vietnam Airlines,VN1560,1,11L,Landed,VN-A358,A321,passenger
2026-03-06,22:23,04:36,Seoul,ICN,Korean Air,KE447,2,11L,Landed,HL8570,B78X,passenger
2026-03-06,22:21,02:49,Kuala Lumpur,KUL,Vietnam Airlines,VN680,2,11L,Landed,VN-A611,A321,passenger
2026-03-06,22:19,01:51,Ho Chi Minh City,SGN,Vietnam Airlines,VN220,1,11L,Landed,VN-A871,B789,passenger
2026-03-06,22:16,01:47,Macau,MFM,Air Macau,NX982,2,11L,Landed,B-MBU,A21N,passenger
2026-03-06,22:13,01:53,Hong Kong,HKG,Cathay Pacific,CX3147,0,11L,Landed,B-LJE,B748,cargo
2026-03-06,22:07,01:58,Hong Kong,HKG,HK express,UO542,2,11L,Landed,B-KKM,A21N,passenger
2026-03-06,22:02,01:49,Ho Chi Minh City,SGN,Sun PhuQuoc Airways,9G868,1,11L,Landed,VN-A280,A321,passenger
2026-03-06,21:59,04:01,Chennai,MAA,IndiGo,6E8869,0,11L,Landed,VT-IKW,A321,cargo
2026-03-06,21:56,12:44,Anchorage,ANC,UPS,5X72,0,11L,Landed,N618UP,B748,cargo
2026-03-06,21:50,01:36,Nha Trang,CXR,Vietnam Airlines,VN1562,1,11L,Landed,VN-A399,A321,passenger
2026-03-06,21:48,01:41,Chengdu,TFU,Sichuan Airlines,3U3905,2,11L,Landed,B-8470,A320,passenger
2026-03-06,21:40,01:44,Ho Chi Minh City,SGN,VietJet Air,VJ150,1,11L,Landed,VN-A687,A321,passenger
2026-03-06,21:37,01:01,Da Nang,DAD,N/A,VN6070,1,11R,Landed,VN-A363,A321,passenger
2026-03-06,21:30,06:01,Tokyo,NRT,VietJet Air,VJ935,2,11L,Landed,VN-A607,A21N,passenger
2026-03-06,21:19,01:51,Ho Chi Minh City,SGN,Sun PhuQuoc Airways,9G872,1,11L,Landed,VN-A286,A21N,passenger
2026-03-06,21:13,01:45,Phu Quoc,PQC,Sun PhuQuoc Airways,9G1214,1,N/A,Landed,VN-A284,A21N,passenger
2026-03-06,21:09,04:41,Denpasar,DPS,VietJet Air,VJ998,2,11L,Landed,VN-A537,A21N,passenger
2026-03-06,21:07,01:48,Ho Chi Minh City,SGN,VietJet Air,VJ158,1,11L,Landed,VN-A674,A21N,passenger
2026-03-06,21:01,01:29,Bangkok,BKK,FedEx,FX6002,0,11L,Landed,N122FE,B763,cargo
2026-03-06,20:58,00:59,Vientiane,VTE,Vietnam Airlines,VN920,2,11L,Landed,VN-A329,A321,passenger
2026-03-06,20:53,01:30,Bangkok,BKK,VietJet Air,VJ904,2,11L,Landed,VN-A697,A21N,passenger
2026-03-06,20:49,01:02,Da Nang,DAD,Vietnam Airlines,VN188,1,11L,Landed,VN-A513,A20N,passenger
2026-03-06,20:41,01:40,Ho Chi Minh City,SGN,Vietnam Airlines,VN218,1,11L,Landed,VN-A888,A359,passenger
2026-03-06,20:38,01:27,Siem Reap,SAI,VietJet Air,VJ914,2,11L,Landed,VN-A542,A321,passenger
2026-03-06,20:33,01:02,Da Nang,DAD,Vietravel Airlines,VU658,1,11L,Landed,VN-A129,A321,passenger
2026-03-06,20:30,05:39,Tokyo,HND,Vietnam Airlines,VN385,2,11L,Landed,VN-A893,A359,passenger
2026-03-06,20:19,11:12,Leipzig,LEJ,DHL Air,QY576,0,11L,Landed,D-ALMD,A332,cargo
2026-03-06,20:15,00:53,Hue,HUI,Vietnam Airlines,VN1544,1,11L,Landed,VN-A327,A321,passenger
2026-03-06,20:11,00:46,Luang Prabang,LPQ,Vietnam Airlines,VN930,2,11L,Landed,VN-A393,A321,passenger
2026-03-06,20:05,01:38,Phu Quoc,PQC,Sun PhuQuoc Airways,9G1220,1,11L,Landed,VN-A906,A21N,passenger
2026-03-06,20:02,01:34,Yangon,RGN,Myanmar Airways International,8M450,2,11L,Landed,XY-ALN,A319,passenger
2026-03-06,19:59,01:45,Ho Chi Minh City,SGN,Vietravel Airlines,VU780,1,11L,Landed,VN-A289,A321,passenger
2026-03-06,19:52,02:39,Taichung,RMQ,VietJet Air,VJ949,2,11L,Landed,VN-A543,A21N,passenger
2026-03-06,19:43,01:52,Hong Kong,HKG,Hong Kong Airlines,HX528,2,11L,Landed,B-LPS,A320,passenger
2026-03-06,19:24,01:36,Chongqing,CKG,West Air,PN6423,2,11L,Landed,B-9981,A320,passenger
2026-03-06,19:20,02:40,Xi'an,XIY,China Eastern Airlines,MU867,2,11L,Landed,B-32DZ,A20N,passenger
2026-03-06,19:17,01:44,Ho Chi Minh City,SGN,VietJet Air,VJ152,1,11L,Landed,VN-A551,A21N,passenger
2026-03-06,19:10,01:28,Bangkok,BKK,Thai Airways,TG564,2,N/A,Landed,HS-TXB,A320,passenger
2026-03-06,19:08,01:43,Phu Quoc,PQC,VietJet Air,VJ446,1,11L,Landed,VN-A663,A320,passenger
2026-03-06,19:04,01:16,Qui Nhon,UIH,VietJet Air,VJ432,1,11L,Landed,VN-A675,A320,passenger
2026-03-06,19:01,01:43,Hong Kong,HKG,Hong Kong Air Cargo,RH317,0,11L,Landed,B-LNW,A332,cargo
2026-03-06,18:52,01:42,Ho Chi Minh City,SGN,Transavia,VJ134,1,11L,Landed,LY-MLI,A320,passenger
2026-03-06,18:35,01:47,Guangzhou,CAN,China Southern Airlines,CZ8177,2,11L,Landed,B-321Z,A21N,passenger
2026-03-06,18:31,01:42,Hong Kong,HKG,Cathay Pacific,CX2047,0,11L,Landed,B-LIB,B744,cargo
2026-03-06,17:57,00:20,N/A,,Lao Airlines,N/A,2,N/A,Landed,RDPL-34176,AT75,passenger
2026-03-06,17:53,02:41,Kaohsiung,KHH,VietJet Air,VJ947,2,11L,Landed,VN-A580,A21N,passenger
2026-03-06,17:50,03:44,Shanghai,PVG,China Eastern Airlines,MU6013,2,11L,Landed,B-32L9,A21N,passenger
2026-03-06,17:44,01:43,Bangkok,BKK,Vietnam Airlines,VN614,2,11L,Landed,VN-A324,A321,passenger
2026-03-06,17:36,05:08,Busan,PUS,VietJet Air,VJ957,2,11L,Landed,VN-A656,A320,passenger
2026-03-06,17:36,01:18,Da Nang,DAD,VietJet Air,VJ514,1,N/A,Landed,VN-A554,A21N,passenger
2026-03-06,17:17,02:57,Singapore,SIN,VietJet Air,VJ916,2,11L,Landed,VN-A684,A321,passenger
2026-03-06,17:14,03:22,Taipei,TPE,China Airlines,CI793,2,11L,Landed,B-18117,A21N,passenger
2026-03-06,16:47,02:21,Kolkata,CCU,IndiGo,6E1631,2,11L,Landed,VT-IIQ,A20N,passenger
2026-03-06,16:39,03:23,Shanghai,PVG,Air China,CA755,2,11L,Landed,B-6825,A321,passenger
2026-03-06,16:16,01:49,Ho Chi Minh City,SGN,VietJet Air,VJ198,1,11L,Landed,VN-A545,A21N,passenger
2026-03-06,16:04,01:02,Da Nang,DAD,Vietnam Airlines,VN7164,1,11L,Landed,VN-A508,A21N,passenger
2026-03-06,16:00,01:27,Tuy Hoa,TBB,Vietnam Airlines,VN1650,1,N/A,Landed,VN-A623,A21N,passenger
2026-03-06,16:00,01:43,Ho Chi Minh City,SGN,Vietravel Airlines,VU770,1,11L,Landed,VN-A129,A321,passenger
2026-03-06,15:52,01:37,Ho Chi Minh City,SGN,Pegasus,VJ188,1,11L,Landed,LY-NVE,A320,passenger
2026-03-06,15:21,01:01,Da Nang,DAD,Vietnam Airlines,VN170,1,11L,Landed,VN-A616,A21N,passenger
2026-03-06,15:13,01:42,Ho Chi Minh City,SGN,VietJet Air,VJ142,1,11L,Landed,VN-A815,A333,passenger
2026-03-06,15:07,05:29,Blagoveshchensk,BQS,VietJet Air,VJ7615,2,11L,Landed,VN-A549,A21N,passenger
2026-03-06,14:49,01:44,Shenzhen,SZX,China Southern Airlines,CZ8469,2,11L,Landed,B-6912,A321,passenger
2026-03-06,14:47,01:40,Ho Chi Minh City,SGN,VietJet Air,VJ144,1,11L,Landed,VN-A817,A333,passenger
2026-03-06,14:36,01:47,Guangzhou,CAN,China Southern Airlines,CZ8315,2,11L,Landed,B-32EV,A20N,passenger
2026-03-06,14:29,01:38,Nha Trang,CXR,Vietnam Airlines,VN1552,1,11L,Landed,VN-A399,A321,passenger
2026-03-06,14:24,02:43,Kuala Lumpur,KUL,AirAsia,AK512,2,11L,Landed,9M-RAB,A20N,passenger
2026-03-06,14:21,02:48,Kuala Lumpur,KUL,VietJet Air,VJ906,2,N/A,Landed,VN-A542,A321,passenger
2026-03-06,14:13,01:35,Bangkok,BKK,Vietnam Airlines,VN610,2,11L,Landed,VN-A505,A21N,passenger
2026-03-06,13:55,03:23,Shanghai,PVG,China Eastern Airlines,MU6011,2,11L,Landed,B-1680,A321,passenger
2026-03-06,13:52,00:57,Da Nang,DAD,Sun PhuQuoc Airways,9G922,1,11L,Landed,VN-A908,A20N,passenger
2026-03-06,13:46,01:39,Shenzhen,SZX,Shenzhen Airlines,ZH103,2,11L,Landed,B-9910,A320,passenger
2026-03-06,13:23,00:59,Hue,HUI,VietJet Air,VJ566,1,11L,Landed,VN-A644,A321,passenger
2026-03-06,13:06,05:28,Nagoya,NGO,VietJet Air,VJ921,2,11L,Landed,VN-A525,A21N,passenger
2026-03-06,12:51,02:45,Kuala Lumpur,KUL,Batik Air,OD571,2,11L,Landed,9M-LRU,B38M,passenger
2026-03-06,12:44,01:00,Da Nang,DAD,VietJet Air,VJ528,1,11L,Landed,VN-A526,A21N,passenger
2026-03-06,12:32,01:40,Ho Chi Minh City,SGN,Bamboo Airways,QH224,1,11L,Landed,JU-1410,A320,passenger
2026-03-06,12:24,04:48,Seoul,ICN,Asiana Airlines,OZ729,2,11L,Landed,HL7700,B772,passenger
2026-03-06,12:15,01:32,Nha Trang,CXR,VietJet Air,VJ770,1,11L,Landed,VN-A543,A21N,passenger
2026-03-06,12:08,01:41,Ho Chi Minh City,SGN,VietJet Air,VJ128,1,11L,Landed,VN-A643,A321,passenger
2026-03-06,12:02,01:52,Phu Quoc,PQC,Vietnam Airlines,VN1236,1,11L,Landed,VN-A393,A321,passenger
2026-03-06,11:59,02:06,Can Tho,VCA,Vietnam Airlines,VN1200,1,11L,Landed,VN-A396,A321,passenger
2026-03-06,11:57,01:59,Ho Chi Minh City,SGN,Vietnam Airlines,VN7046,1,11L,Landed,VN-A508,A21N,passenger
2026-03-06,11:51,03:45,Beijing,PEK,Air China,CA741,2,11L,Landed,B-326D,A21N,passenger
2026-03-06,11:45,01:43,Nha Trang,CXR,Vietnam Airlines,VN7558,1,11L,Landed,VN-A513,A20N,passenger
2026-03-06,11:45,01:12,Da Nang,DAD,N/A,VN6080,1,11L,Landed,VN-A363,A321,passenger
2026-03-06,11:36,01:46,Ho Chi Minh City,SGN,VietJet Air,VJ132,1,11L,Landed,VN-A635,A321,passenger
2026-03-06,11:31,03:28,Shanghai,PVG,Air China,CA703,2,11L,Landed,B-6883,A321,passenger
2026-03-06,11:25,01:43,Ho Chi Minh City,SGN,Bamboo Airways,QH208,1,11L,Landed,VN-A585,A321,passenger
2026-03-06,11:23,01:25,Pleiku,PXU,Vietnam Airlines,VN1614,1,29R,Landed,VN-A623,A21N,passenger
2026-03-06,11:19,01:42,Ho Chi Minh City,SGN,Sun PhuQuoc Airways,9G822,1,11L,Landed,VN-A279,A321,passenger
2026-03-06,11:17,00:45,Dong Hoi,VDH,Vietnam Airlines,VN1590,1,11L,Landed,VN-A324,A321,passenger
2026-03-06,11:11,01:27,Buon Ma Thuot,BMV,Vietnam Airlines,VN1602,1,11L,Landed,VN-A390,A321,passenger
2026-03-06,11:09,01:38,Ho Chi Minh City,SGN,Vietnam Airlines,VN244,1,11L,Landed,VN-A889,A359,passenger
2026-03-06,11:07,01:02,Da Nang,DAD,Vietnam Airlines,VN164,1,11L,Landed,VN-A616,A21N,passenger
2026-03-06,10:57,01:38,Phu Quoc,PQC,VietJet Air,VJ442,1,11L,Landed,VN-A580,A21N,passenger
2026-03-06,10:45,01:48,Guangzhou,CAN,China Southern Airlines,CZ3049,2,11L,Landed,B-30CD,A20N,passenger
2026-03-06,10:41,01:08,Chu Lai,VCL,Vietnam Airlines,VN1640,1,11L,Landed,VN-A515,A20N,passenger
2026-03-06,10:38,02:51,Taipei,TPE,STARLUX,JX715,2,11L,Landed,B-58203,A21N,passenger
2026-03-06,10:34,01:38,Ho Chi Minh City,SGN,VietJet Air,VJ136,1,11L,Landed,VN-A534,A21N,passenger
2026-03-06,10:17,00:53,Hue,HUI,Vietnam Airlines,VN1542,1,N/A,Landed,VN-A606,A321,passenger
2026-03-06,10:13,01:35,Ho Chi Minh City,SGN,Vietnam Airlines,VN208,1,11L,Landed,VN-A895,A359,passenger
2026-03-06,10:08,02:45,Taipei,TPE,China Airlines,CI791,2,11L,Landed,B-18305,A333,passenger
2026-03-06,10:03,01:22,Buon Ma Thuot,BMV,VietJet Air,VJ492,1,11L,Landed,VN-A685,A321,passenger
2026-03-06,09:58,00:37,Vinh,VII,Vietnam Airlines,VN1716,1,11L,Landed,VN-A611,A321,passenger
2026-03-06,09:55,02:30,Kaohsiung,KHH,Vietnam Airlines,VN587,2,11L,Landed,VN-A326,A321,passenger
2026-03-06,09:46,02:49,Taipei,TPE,Vietnam Airlines,VN579,2,11L,Landed,VN-A392,A321,passenger
2026-03-06,09:44,00:58,Da Nang,DAD,Vietravel Airlines,VU638,1,11L,Landed,VN-A129,A321,passenger
2026-03-06,09:33,01:43,Ho Chi Minh City,SGN,Sun PhuQuoc Airways,9G808,1,11L,Landed,VN-A909,A20N,passenger
2026-03-06,09:30,01:13,Pleiku,PXU,VietJet Air,VJ422,1,11L,Landed,VN-A644,A321,passenger
2026-03-06,09:26,01:39,Ho Chi Minh City,SGN,Avion Express,VJ148,1,11L,Landed,LY-MLN,A320,passenger
2026-03-06,09:17,01:47,Ho Chi Minh City,SGN,Avion Express,VU774,1,11L,Landed,9H-MLW,A320,passenger
2026-03-06,09:14,04:44,Seoul,ICN,VietJet Air,VJ963,2,11L,Landed,VN-A629,A321,passenger
2026-03-06,09:11,01:05,Da Nang,DAD,Vietnam Airlines,VN158,1,11L,Landed,VN-A395,A321,passenger
2026-03-06,09:03,01:01,Hue,HUI,Vietnam Airlines,VN1540,1,11L,Landed,VN-A399,A321,passenger
2026-03-06,09:00,01:05,Da Nang,DAD,VietJet Air,VJ504,1,11L,Landed,VN-A655,A320,passenger
2026-03-06,08:55,01:44,Ho Chi Minh City,SGN,Vietnam Airlines,VN7250,1,11L,Landed,VN-A325,A321,passenger
2026-03-06,08:52,01:45,Ho Chi Minh City,SGN,VietJet Air,VJ176,1,11L,Landed,VN-A537,A21N,passenger
2026-03-06,08:50,01:42,Shenzhen,SZX,Shenzhen Airlines,ZH101,2,11L,Landed,B-6857,A320,passenger
2026-03-06,08:47,00:57,Da Nang,DAD,Bamboo Airways,QH104,1,11L,Landed,VN-A596,A20N,passenger
2026-03-06,08:42,02:53,Singapore,SIN,Scoot,TR300,2,11L,Landed,9V-NCH,A21N,passenger
2026-03-06,08:37,01:27,Bangkok,DMK,AirAsia,FD642,2,11L,Landed,HS-EAD,A21N,passenger
2026-03-06,08:30,01:42,Ho Chi Minh City,SGN,Vietnam Airlines,VN238,1,11L,Landed,VN-A334,A321,passenger
2026-03-06,08:26,01:40,Ho Chi Minh City,SGN,Sun PhuQuoc Airways,9G806,1,11L,Landed,VN-A906,A21N,passenger
2026-03-06,08:10,02:43,Kuala Lumpur,KUL,AirAsia,AK516,2,11L,Landed,9M-AJS,A320,passenger
2026-03-06,08:01,01:35,Ho Chi Minh City,SGN,Vietnam Airlines,VN206,1,11L,Landed,VN-A870,B789,passenger
2026-03-06,07:57,00:42,Nanning,NNG,GX Airlines,GX8971,2,11L,Landed,B-6817,A320,passenger
2026-03-06,07:51,01:39,Ho Chi Minh City,SGN,Vietravel Airlines,VU750,1,11L,Landed,VN-A289,A321,passenger
2026-03-06,07:37,01:40,Ho Chi Minh City,SGN,VietJet Air,VJ124,1,11L,Landed,VN-A544,A321,passenger
2026-03-06,07:28,01:06,Da Nang,DAD,VietJet Air,VJ524,1,11L,Landed,VN-A630,A321,passenger
2026-03-06,07:24,03:02,Manila,MNL,Cebu Pacific,5J744,2,11L,Landed,RP-C4142,A21N,passenger
2026-03-06,07:20,03:22,Cebu,CEB,Vietnam Airlines,VN642,2,11L,Landed,VN-A505,A21N,passenger
2026-03-06,07:17,01:00,Da Nang,DAD,Vietnam Airlines,VN156,1,11L,Landed,VN-A398,A321,passenger
2026-03-06,07:15,01:43,Ho Chi Minh City,SGN,VietJet Air,VJ122,1,11L,Landed,VN-A684,A321,passenger
2026-03-06,07:03,02:46,Manila,MNL,Vietnam Airlines,VN646,2,11L,Landed,VN-A324,A321,passenger
2026-03-06,06:47,01:41,Ho Chi Minh City,SGN,N/A,VN6002,1,11L,Landed,VN-A363,A321,passenger
2026-03-06,06:03,10:37,Paris,CDG,Vietnam Airlines,VN18,2,11L,Landed,VN-A899,A359,passenger
2026-03-06,05:53,04:04,Bengaluru,BLR,Vietnam Airlines,VN982,2,11L,Landed,VN-A625,A21N,passenger
2026-03-06,05:33,03:38,Delhi,DEL,VietJet Air,VJ972,2,11L,Landed,VN-A815,A333,passenger
2026-03-06,05:29,04:01,Ahmedabad,AMD,VietJet Air,VJ1926,2,11L,Landed,VN-A656,A320,passenger
2026-03-06,05:26,01:33,Guangzhou,CAN,FedEx,FX6001,0,11L,Landed,N122FE,B763,cargo
2026-03-06,05:21,04:54,Seoul,ICN,Air Zeta,KJ389,0,11L,Landed,HL7507,B763,cargo
2026-03-06,05:14,03:13,Shanghai,PVG,VietJet Air,VJ7239,2,11L,Landed,VN-A658,A320,passenger
2026-03-06,04:52,02:35,Zhengzhou,CGO,N/A,JD647,0,11L,Landed,B-32FE,A333,cargo
2026-03-06,04:49,03:53,Mumbai,BOM,Vietnam Airlines,VN972,2,11L,Landed,VN-A869,B789,passenger
2026-03-06,04:33,09:47,Munich,MUC,Vietnam Airlines,VN34,2,11L,Landed,VN-A863,B789,passenger
2026-03-06,04:01,03:13,Beijing,PKX,VietJet Air,VJ7713,2,11L,Landed,VN-A699,A320,passenger
2026-03-06,03:19,04:30,Seoul,ICN,Korean Air,KE361,0,11L,Landed,HL7605,B744,cargo
2026-03-06,01:52,01:32,Nha Trang,CXR,VietJet Air,VJ7614,1,11L,Landed,VN-A549,A21N,passenger
2026-03-06,01:36,02:47,Manila,MNL,Philippine Airlines,PR595,2,11L,Landed,RP-C9926,A321,passenger
2026-03-06,01:21,01:41,Ho Chi Minh City,SGN,VietJet Air,VJ182,1,11L,Landed,VN-A644,A321,passenger
2026-03-06,01:03,02:57,Hangzhou,HGH,Air China,CA707,2,11L,Landed,B-6745,A320,passenger
2026-03-06,00:51,,Jinan,TNA,,,2,,Landed,,,unknown
2026-03-06,00:48,01:38,Shenzhen,SZX,Shenzhen Airlines,ZH107,2,11L,Landed,B-8077,A320,passenger
2026-03-06,00:43,03:21,Shanghai,PVG,Juneyao Air,HO1329,2,11L,Landed,B-1808,A321,passenger
2026-03-06,00:40,01:37,Ho Chi Minh City,SGN,Vietnam Airlines,VN270,1,11L,Landed,VN-A614,A321,passenger
2026-03-06,00:36,01:47,Can Tho,VCA,VietJet Air,VJ464,1,11L,Landed,VN-A580,A21N,passenger
2026-03-06,00:33,01:39,Ho Chi Minh City,SGN,VietJet Air,VJ174,1,11L,Landed,VN-A607,A21N,passenger
2026-03-06,00:20,01:03,Da Nang,DAD,Vietnam Airlines,VN7192,1,11R,Landed,VN-A608,A321,passenger
2026-03-06,00:11,02:53,Manila,MNL,Cebu Pacific,5J746,2,11L,Landed,RP-C4330,A320,passenger
2026-03-07,23:54,01:23,Bangkok,BKK,Vietnam Airlines,VN616,2,11L,Landed,VN-A613,A321,passenger
2026-03-07,23:44,01:42,Ho Chi Minh City,SGN,VietJet Air,VJ174,1,11L,Landed,VN-A629,A321,passenger
2026-03-07,23:24,01:23,Buon Ma Thuot,BMV,VietJet Air,VJ494,1,11L,Landed,VN-A685,A321,passenger
2026-03-07,23:15,01:38,Ho Chi Minh City,SGN,Vietravel Airlines,VU794,1,11L,Landed,VN-A129,A321,passenger
2026-03-07,23:13,01:41,Ho Chi Minh City,SGN,Sun PhuQuoc Airways,9G882,1,11L,Landed,VN-A280,A321,passenger
2026-03-07,23:09,00:53,Hue,HUI,Vietnam Airlines,VN1548,1,11L,Landed,VN-A329,A321,passenger
2026-03-07,23:04,01:39,Ho Chi Minh City,SGN,Bamboo Airways,QH280,1,11L,Landed,VN-A596,A20N,passenger
2026-03-07,22:55,01:39,Ho Chi Minh City,SGN,Vietnam Airlines,VN260,1,11L,Landed,VN-A625,A21N,passenger
2026-03-07,22:46,01:09,Da Nang,DAD,VietJet Air,VJ520,1,11L,Landed,VN-A639,A321,passenger
2026-03-07,22:43,01:09,Da Nang,DAD,VietJet Air,VJ518,1,11L,Landed,VN-A687,A321,passenger
2026-03-07,22:37,01:01,Hue,HUI,VietJet Air,VJ568,1,11L,Landed,VN-A689,A320,passenger
2026-03-07,22:34,05:44,Tokyo,NRT,All Nippon Airways,NH897,2,11L,Landed,JA840A,B788,passenger
2026-03-07,22:26,02:56,Singapore,SIN,UPS,5X99,0,11L,Landed,N622UP,B748,cargo
2026-03-07,22:19,01:25,Siem Reap,SAI,Vietnam Airlines,VN842,2,11L,Landed,VN-A390,A321,passenger
2026-03-07,22:13,01:45,Ho Chi Minh City,SGN,VietJet Air,VJ180,1,11L,Landed,VN-A817,A333,passenger
2026-03-07,22:08,04:08,Seoul,ICN,Korean Air,KE447,2,11L,Landed,HL8537,B78X,passenger
2026-03-07,22:05,01:40,Ho Chi Minh City,SGN,Bamboo Airways,QH268,1,11L,Landed,JU-1410,A320,passenger
2026-03-07,21:58,01:30,Macau,MFM,Air Macau,NX982,2,11L,Landed,B-MBU,A21N,passenger
2026-03-07,21:56,01:47,Chengdu,TFU,Sichuan Airlines,3U3905,2,11L,Landed,B-8470,A320,passenger
2026-03-07,21:49,00:59,Da Nang,DAD,N/A,VN6070,1,11L,Landed,VN-A363,A321,passenger
2026-03-07,21:20,02:12,Dhaka,DAC,Cathay Pacific,CX48,0,N/A,Landed,B-LIC,B744,cargo
2026-03-07,21:19,01:55,Phu Quoc,PQC,Sun PhuQuoc Airways,9G1230,1,11L,Landed,VN-A906,A21N,passenger
2026-03-07,21:16,04:47,Denpasar,DPS,VietJet Air,VJ998,2,11L,Landed,VN-A545,A21N,passenger
2026-03-07,21:06,01:47,Shenzhen,SZX,China Southern Airlines,CZ8083,2,11L,Landed,B-6661,A321,passenger
2026-03-07,20:59,01:50,Ho Chi Minh City,SGN,Sun PhuQuoc Airways,9G872,1,11L,Landed,VN-A909,A20N,passenger
2026-03-07,20:39,01:18,Qui Nhon,UIH,Vietnam Airlines,VN7620,1,11L,Landed,VN-A614,A321,passenger
2026-03-07,20:28,04:08,Seoul,ICN,Vietnam Airlines,VN415,2,11L,Landed,VN-A890,A359,passenger
2026-03-07,20:19,01:03,Da Nang,DAD,Vietravel Airlines,VU658,1,11L,Landed,VN-A136,A320,passenger
2026-03-07,20:16,01:44,Phu Quoc,PQC,Sun PhuQuoc Airways,9G1220,1,N/A,Landed,VN-A281,A21N,passenger
2026-03-07,19:46,02:37,Taichung,RMQ,VietJet Air,VJ949,2,11L,Landed,VN-A683,A321,passenger
2026-03-07,19:44,01:07,Da Nang,DAD,Sun PhuQuoc Airways,9G936,1,N/A,Landed,VN-A279,A321,passenger
2026-03-07,19:32,01:49,Ho Chi Minh City,SGN,Vietravel Airlines,VU780,1,11L,Landed,VN-A289,A321,passenger
2026-03-07,19:29,01:42,Chongqing,CKG,West Air,PN6423,2,N/A,Landed,B-6765,A320,passenger
2026-03-07,19:26,00:41,Vinh,VII,Vietnam Airlines,VN1718,1,11L,Landed,VN-A329,A321,passenger
2026-03-07,19:24,01:17,Pleiku,PXU,VietJet Air,VJ424,1,11L,Landed,VN-A543,A21N,passenger
2026-03-07,19:21,01:00,Da Nang,DAD,Vietnam Airlines,VN180,1,N/A,Landed,VN-A515,A20N,passenger
2026-03-07,19:18,04:48,Osaka,KIX,VietJet Air,VJ931,2,N/A,Landed,VN-A554,A21N,passenger
2026-03-07,19:11,01:50,Ho Chi Minh City,SGN,VietJet Air,VJ152,1,11L,Landed,VN-A642,A321,passenger
2026-03-07,19:04,01:41,Hong Kong,HKG,Hong Kong Air Cargo,RH317,0,11L,Landed,B-LNY,A332,cargo
2026-03-07,18:59,01:43,Ho Chi Minh City,SGN,Vietnam Airlines,VN254,1,11L,Landed,VN-A356,A321,passenger
2026-03-07,18:54,03:38,Delhi,DEL,SF Airlines,O3168,0,N/A,Landed,B-221K,B763,cargo
2026-03-07,18:48,02:56,Kuala Lumpur,KUL,China Airlines,CI5866,0,11L,Landed,B-18721,B744,cargo
2026-03-07,18:23,01:27,Phnom Penh,KTI,Air Cambodia,K6850,2,11L,Landed,XU-356,A320,passenger
2026-03-07,18:01,01:35,Guangzhou,CAN,China Southern Airlines,CZ8177,2,N/A,Landed,B-9930,A320,passenger
2026-03-07,17:57,01:41,Phu Quoc,PQC,N/A,VN6400,1,11L,Landed,VN-A363,A321,passenger
2026-03-07,17:55,01:20,Bangkok,BKK,Vietnam Airlines,VN614,2,11L,Landed,VN-A608,A321,passenger
2026-03-07,17:43,06:01,Abu Dhabi,AUH,Etihad Airways,EY971,0,N/A,Landed,A6-DDB,B77L,cargo
2026-03-07,17:43,04:18,Busan,PUS,VietJet Air,VJ957,2,11L,Landed,VN-A689,A320,passenger
2026-03-07,17:25,01:31,Nha Trang,CXR,Bamboo Airways,QH1416,1,11L,Landed,VN-A596,A20N,passenger
2026-03-07,17:19,03:09,Shanghai,PVG,China Eastern Airlines,MU6013,2,N/A,Landed,B-32KF,A21N,passenger
2026-03-07,17:16,01:36,Nha Trang,CXR,VietJet Air,VJ784,1,11L,Landed,VN-A548,A21N,passenger
2026-03-07,17:10,03:04,Singapore,SIN,Singapore Airlines,SQ194,2,29R,Landed,9V-MBA,B38M,passenger
2026-03-07,16:58,01:46,Ho Chi Minh City,SGN,Vietnam Airlines,VN250,1,11L,Landed,VN-A891,A359,passenger
2026-03-07,16:52,02:55,Taipei,TPE,EVA Air,BR385,2,N/A,Landed,B-16222,A321,passenger
2026-03-07,16:33,00:59,Da Nang,DAD,Vietnam Airlines,VN172,1,11L,Landed,VN-A390,A321,passenger
2026-03-07,16:14,02:54,Taipei,TPE,China Airlines,CI793,2,11L,Landed,B-18120,A21N,passenger
2026-03-07,16:08,03:06,Shanghai,PVG,Air China,CA755,2,11L,Landed,B-6825,A321,passenger
2026-03-07,16:02,01:12,Pleiku,PXU,Vietnam Airlines,VN7612,1,11L,Landed,VN-A513,A20N,passenger
2026-03-07,15:33,01:38,Phu Quoc,PQC,Sun PhuQuoc Airways,9G1208,1,11L,Landed,VN-A906,A21N,passenger
2026-03-07,15:27,01:41,Ho Chi Minh City,SGN,VietJet Air,VJ198,1,11L,Landed,VN-A673,A321,passenger
2026-03-07,15:23,02:44,Singapore,SIN,Vietnam Airlines,VN660,2,N/A,Landed,VN-A614,A321,passenger
2026-03-07,15:05,01:15,Qui Nhon,UIH,Vietnam Airlines,VN1622,1,11L,Landed,VN-A515,A20N,passenger
2026-03-07,14:50,01:40,Ho Chi Minh City,SGN,Vietnam Airlines,VN212,1,11L,Landed,VN-A870,B789,passenger
2026-03-07,14:49,01:43,Ho Chi Minh City,SGN,Vietnam Airlines,VN7046,1,11L,Landed,VN-A623,A21N,passenger
2026-03-07,14:45,05:40,Khabarovsk,KHV,VietJet Air,VJ7707,2,11L,Landed,VN-A549,A21N,passenger
2026-03-07,14:42,01:35,Shenzhen,SZX,China Southern Airlines,CZ8469,2,11L,Landed,B-6661,A321,passenger
2026-03-07,14:20,01:40,Guangzhou,CAN,China Southern Airlines,CZ8315,2,11L,Landed,B-301H,A20N,passenger
2026-03-07,14:17,01:42,Ho Chi Minh City,SGN,VietJet Air,VJ144,1,N/A,Landed,VN-A817,A333,passenger
2026-03-07,14:13,01:24,Bangkok,BKK,Vietnam Airlines,VN610,2,11L,Landed,VN-A505,A21N,passenger
2026-03-07,13:52,01:03,Da Nang,DAD,Sun PhuQuoc Airways,9G922,1,11L,Landed,VN-A909,A20N,passenger
2026-03-07,13:46,02:54,Wuhu,WHA,JD Airlines,JG2723,0,11L,Landed,B-5335,B738,cargo
2026-03-07,13:40,03:16,Shanghai,PVG,China Eastern Airlines,MU6011,2,11L,Landed,B-6886,A321,passenger
2026-03-07,13:35,04:12,Seoul,ICN,VietJet Air,VJ961,2,11L,Landed,VN-A543,A21N,passenger
2026-03-07,13:28,00:55,N/A,,N/A,N/A,2,11L,Landed,VN-B469,C208,passenger
2026-03-07,13:15,00:57,Hue,HUI,VietJet Air,VJ566,1,11L,Landed,VN-A685,A321,passenger
2026-03-07,13:07,04:56,Osaka,KIX,Vietnam Airlines,VN335,2,11L,Landed,VN-A888,A359,passenger
2026-03-07,12:57,01:41,Phu Quoc,PQC,VietJet Air,VJ450,1,11L,Landed,VN-A811,A333,passenger
2026-03-07,12:45,05:08,Nagoya,NGO,Vietnam Airlines,VN349,2,11L,Landed,VN-A889,A359,passenger
2026-03-07,12:42,04:48,Osaka,KIX,VietJet Air,VJ939,2,11L,Landed,VN-A674,A21N,passenger
2026-03-07,12:35,05:08,Nagoya,NGO,VietJet Air,VJ921,2,11L,Landed,VN-A525,A21N,passenger
2026-03-07,12:03,01:32,Nha Trang,CXR,VietJet Air,VJ770,1,11L,Landed,VN-A580,A21N,passenger
2026-03-07,11:41,01:50,Can Tho,VCA,Vietnam Airlines,VN1200,1,11L,Landed,VN-A325,A321,passenger
2026-03-07,11:40,04:09,Fukuoka,FUK,VietJet Air,VJ959,2,11L,Landed,VN-A683,A321,passenger
2026-03-07,11:33,01:40,Ho Chi Minh City,SGN,Vietnam Airlines,VN7044,1,11L,Landed,VN-A622,A21N,passenger
2026-03-07,11:31,01:32,Nha Trang,CXR,Vietnam Airlines,VN7558,1,11L,Landed,VN-A513,A20N,passenger
2026-03-07,11:28,03:27,Beijing,PEK,Air China,CA741,2,11L,Landed,B-328N,A21N,passenger
2026-03-07,11:17,03:16,Shanghai,PVG,Air China,CA703,2,11L,Landed,B-8492,A321,passenger
2026-03-07,11:14,00:53,Dong Hoi,VDH,Vietnam Airlines,VN1590,1,11L,Landed,VN-A611,A321,passenger
2026-03-07,11:10,02:55,Singapore,SIN,Singapore Airlines,SQ192,2,11L,Landed,9V-SHL,A359,passenger
2026-03-07,11:07,04:06,Busan,PUS,VietJet Air,VJ981,2,11L,Landed,VN-A687,A321,passenger
2026-03-07,11:04,01:25,Buon Ma Thuot,BMV,Vietnam Airlines,VN1602,1,11L,Landed,VN-A358,A321,passenger
2026-03-07,10:57,01:36,Ho Chi Minh City,SGN,Vietnam Airlines,VN244,1,11L,Landed,VN-A874,B78X,passenger
2026-03-07,10:51,01:16,Qui Nhon,UIH,VietJet Air,VJ430,1,11L,Landed,VN-A656,A320,passenger
2026-03-07,10:48,01:39,Phu Quoc,PQC,VietJet Air,VJ442,1,11L,Landed,VN-A629,A321,passenger
2026-03-07,10:41,01:42,Ho Chi Minh City,SGN,Bamboo Airways,QH208,1,11L,Landed,VN-A585,A321,passenger
2026-03-07,10:38,02:49,Taipei,TPE,China Airlines,CI791,2,11L,Landed,B-18317,A333,passenger
2026-03-07,10:35,01:05,Chu Lai,VCL,Vietnam Airlines,VN1640,1,11L,Landed,VN-A515,A20N,passenger
2026-03-07,10:31,01:39,Ho Chi Minh City,SGN,VietJet Air,VJ136,1,11L,Landed,VN-A672,A320,passenger
2026-03-07,10:29,01:45,Guangzhou,CAN,China Southern Airlines,CZ3049,2,11L,Landed,B-30DG,A20N,passenger
2026-03-07,10:24,04:06,Seoul,ICN,Korean Air,KE441,2,11L,Landed,HL8589,A21N,passenger
2026-03-07,10:10,00:42,Vinh,VII,Vietnam Airlines,VN1716,1,11L,Landed,VN-A326,A321,passenger
2026-03-07,10:07,02:28,Kaohsiung,KHH,Vietnam Airlines,VN587,2,11L,Landed,VN-A396,A321,passenger
2026-03-07,10:05,01:25,Buon Ma Thuot,BMV,VietJet Air,VJ492,1,11L,Landed,VN-A537,A21N,passenger
2026-03-07,10:01,01:01,Hue,HUI,Vietnam Airlines,VN1542,1,11L,Landed,VN-A398,A321,passenger
2026-03-07,09:58,01:41,Hong Kong,HKG,Cathay Pacific,CX741,2,11L,Landed,B-HNS,B773,passenger
2026-03-07,09:48,02:48,Taipei,TPE,Vietnam Airlines,VN579,2,11L,Landed,VN-A395,A321,passenger
2026-03-07,09:43,01:00,Da Nang,DAD,Vietravel Airlines,VU638,1,11L,Landed,VN-A136,A320,passenger
2026-03-07,09:28,01:14,Pleiku,PXU,VietJet Air,VJ422,1,11L,Landed,VN-A685,A321,passenger
2026-03-07,09:26,01:46,Ho Chi Minh City,SGN,Avion Express,VJ148,1,11L,Landed,LY-NVG,A320,passenger
2026-03-07,09:21,01:20,Bangkok,BKK,K-Mile Air,8K525,0,11L,Landed,HS-KMD,B738,cargo
2026-03-07,09:17,01:01,Hue,HUI,Vietnam Airlines,VN1540,1,11L,Landed,VN-A397,A321,passenger
2026-03-07,09:15,01:43,Ho Chi Minh City,SGN,Avion Express,VU774,1,11L,Landed,9H-MLW,A320,passenger
2026-03-07,09:12,01:00,Da Nang,DAD,VietJet Air,VJ504,1,11L,Landed,VN-A545,A21N,passenger
2026-03-07,09:10,01:42,Ho Chi Minh City,SGN,Sun PhuQuoc Airways,9G808,1,11L,Landed,VN-A906,A21N,passenger
2026-03-07,09:07,04:37,Seoul,ICN,VietJet Air,VJ963,2,11L,Landed,VN-A697,A21N,passenger
2026-03-07,09:02,00:57,Da Nang,DAD,Vietnam Airlines,VN158,1,11L,Landed,VN-A392,A321,passenger
2026-03-07,08:59,01:39,Ho Chi Minh City,SGN,Vietnam Airlines,VN240,1,11L,Landed,VN-A894,A359,passenger
2026-03-07,08:57,01:43,Ho Chi Minh City,SGN,Bamboo Airways,QH204,1,11L,Landed,ER-00005,A320,passenger
2026-03-07,08:52,01:43,Hong Kong,HKG,HK express,UO540,2,11L,Landed,B-KKA,A21N,passenger
2026-03-07,08:38,01:21,Bangkok,DMK,AirAsia,FD642,2,11L,Landed,HS-EAC,A21N,passenger
2026-03-07,08:28,01:41,Ho Chi Minh City,SGN,Vietnam Airlines,VN7042,1,11L,Landed,VN-A623,A21N,passenger
2026-03-07,08:25,01:36,Shenzhen,SZX,Shenzhen Airlines,ZH101,2,11L,Landed,B-6935,A320,passenger
2026-03-07,08:21,01:38,Ho Chi Minh City,SGN,Sun PhuQuoc Airways,9G806,1,11L,Landed,VN-A280,A321,passenger
2026-03-07,08:18,02:49,Singapore,SIN,Scoot,TR300,2,11L,Landed,9V-OFG,B788,passenger
2026-03-07,08:15,02:44,Kuala Lumpur,KUL,AirAsia,AK516,2,11L,Landed,9M-RAT,A320,passenger
2026-03-07,08:12,01:38,Ho Chi Minh City,SGN,Vietnam Airlines,VN7022,1,11L,Landed,VN-A613,A321,passenger
2026-03-07,08:08,01:40,Ho Chi Minh City,SGN,VietJet Air,VJ126,1,11L,Landed,VN-A642,A321,passenger
2026-03-07,08:03,01:39,Ho Chi Minh City,SGN,Vietnam Airlines,VN206,1,11L,Landed,VN-A339,A321,passenger
2026-03-07,07:41,01:44,Ho Chi Minh City,SGN,VietJet Air,VJ124,1,11L,Landed,VN-A817,A333,passenger
2026-03-07,07:37,08:36,Istanbul,IST,Turkish Airlines,TK252,2,11L,Landed,TC-LLZ,B789,passenger
2026-03-07,07:34,01:36,Ho Chi Minh City,SGN,Sun PhuQuoc Airways,9G802,1,11L,Landed,VN-A281,A21N,passenger
2026-03-07,07:25,00:58,Da Nang,DAD,VietJet Air,VJ524,1,11L,Landed,VN-A633,A321,passenger
2026-03-07,07:23,02:59,Manila,MNL,Cebu Pacific,5J744,2,11L,Landed,RP-C4112,A321,passenger
2026-03-07,07:18,01:40,Ho Chi Minh City,SGN,VietJet Air,VJ120,1,11L,Landed,VN-A516,A21N,passenger
2026-03-07,07:14,02:42,Manila,MNL,Vietnam Airlines,VN646,2,11L,Landed,VN-A611,A321,passenger
2026-03-07,07:07,00:57,Da Nang,DAD,Vietnam Airlines,VN156,1,11L,Landed,VN-A505,A21N,passenger
2026-03-07,06:38,01:39,Ho Chi Minh City,SGN,N/A,VN6002,1,11L,Landed,VN-A363,A321,passenger
2026-03-07,06:18,04:18,Mumbai,BOM,VietJet Air,VJ910,2,11L,Landed,VN-A580,A21N,passenger
2026-03-07,06:13,03:47,Jakarta,CGK,Vietnam Airlines,VN634,2,11L,Landed,VN-A614,A321,passenger
2026-03-07,06:10,08:02,Moscow,SVO,Vietnam Airlines,VN62,2,11L,Landed,VN-A870,B789,passenger
2026-03-07,06:06,10:33,Paris,CDG,Vietnam Airlines,VN18,2,11L,Landed,VN-A898,A359,passenger
2026-03-07,05:47,04:02,Ahmedabad,AMD,VietJet Air,VJ1926,2,11L,Landed,VN-A552,A21N,passenger
2026-03-07,05:03,03:41,Hyderabad,HYD,Vietnam Airlines,VN984,2,11L,Landed,VN-A398,A321,passenger
2026-03-07,05:00,10:47,London,LHR,Vietnam Airlines,VN56,2,11L,Landed,VN-A868,B789,passenger
2026-03-07,04:57,03:01,Shanghai,PVG,VietJet Air,VJ7239,2,11L,Landed,VN-A693,A21N,passenger
2026-03-07,04:43,03:27,Delhi,DEL,Vietnam Airlines,VN980,2,11L,Landed,VN-A874,B78X,passenger
2026-03-07,04:40,02:44,Kuala Lumpur,KUL,MJets Air,WW220,0,11L,Landed,9M-KXA,B734,cargo
2026-03-07,04:31,04:09,Seoul,ICN,N/A,5Y8246,0,11L,Landed,N486MC,B744,cargo
2026-03-07,04:25,01:38,Guangzhou,CAN,VietJet Air,VJ7527,2,11L,Landed,VN-A542,A321,passenger
2026-03-07,04:01,03:09,Beijing,PKX,VietJet Air,VJ7713,2,11L,Landed,VN-A663,A320,passenger
2026-03-07,03:17,10:38,Luxembourg,LUX,Cargolux,CV7625,0,11L,Landed,LX-VCF,B748,cargo
2026-03-07,02:57,04:16,Seoul,ICN,Kalitta Air,K4604,0,N/A,Landed,N713CK,B744,cargo
2026-03-07,02:48,01:36,Ho Chi Minh City,SGN,Sun PhuQuoc Airways,9G886,1,N/A,Landed,VN-A286,A21N,passenger
2026-03-07,02:37,04:24,Seoul,ICN,Korean Air,KE373,0,11L,Landed,HL7602,B744,cargo
2026-03-07,02:17,04:18,Seoul,ICN,Air Zeta,KJ951,0,11L,Landed,HL7423,B744,cargo
2026-03-07,02:05,04:21,Seoul,ICN,Korean Air,KE361,0,11L,Landed,HL7605,B744,cargo
2026-03-07,01:50,02:59,Manila,MNL,Cebu Pacific,5J746,2,11L,Landed,RP-C4145,A21N,passenger
2026-03-07,01:16,01:42,Ho Chi Minh City,SGN,VietJet Air,VJ182,1,11L,Landed,VN-A656,A320,passenger
2026-03-07,01:13,01:40,Ho Chi Minh City,SGN,VietJet Air,VJ178,1,11L,Landed,VN-A675,A320,passenger
2026-03-07,01:10,02:53,Manila,MNL,Philippine Airlines,PR595,2,11L,Landed,RP-C9909,A321,passenger
2026-03-07,01:07,01:39,Ho Chi Minh City,SGN,Sun PhuQuoc Airways,9G892,1,11L,Landed,VN-A285,A21N,passenger
2026-03-07,01:04,02:51,Hangzhou,HGH,Air China,CA707,2,11L,Landed,B-6733,A320,passenger
2026-03-07,00:44,00:58,Da Nang,DAD,VietJet Air,VJ522,1,11L,Landed,VN-A629,A321,passenger
2026-03-07,00:40,01:33,Ho Chi Minh City,SGN,Vietnam Airlines,VN270,1,11L,Landed,VN-A608,A321,passenger
2026-03-07,00:34,01:45,Ho Chi Minh City,SGN,Bamboo Airways,QH286,1,11L,Landed,VN-A585,A321,passenger
2026-03-07,00:30,01:34,Shenzhen,SZX,Shenzhen Airlines,ZH107,2,11L,Landed,B-6857,A320,passenger
2026-03-07,00:24,03:10,Shanghai,PVG,Juneyao Air,HO1329,2,11L,Landed,B-32HU,A21N,passenger
2026-03-07,00:20,00:57,Da Nang,DAD,Vietnam Airlines,VN7192,1,11L,Landed,VN-A618,A21N,passenger
2026-03-07,00:00,01:39,Ho Chi Minh City,SGN,Vietravel Airlines,VU794,1,11L,Landed,VN-A136,A320,passenger
2026-03-08,23:50,01:43,Ho Chi Minh City,SGN,Bamboo Airways,QH286,1,11L,Landed,VN-A227,A321,passenger
2026-03-08,23:41,00:53,Hue,HUI,Vietnam Airlines,VN1548,1,11L,Landed,VN-A329,A321,passenger
2026-03-08,23:37,01:40,Phu Quoc,PQC,VietJet Air,VJ3525,1,11L,Landed,VN-A516,A21N,passenger
2026-03-08,23:29,01:39,Ho Chi Minh City,SGN,Sun PhuQuoc Airways,9G882,1,11L,Landed,VN-A280,A321,passenger
2026-03-08,23:20,00:59,Hue,HUI,VietJet Air,VJ568,1,11L,Landed,VN-A658,A320,passenger
2026-03-08,23:12,01:11,Da Nang,DAD,VietJet Air,VJ520,1,11L,Landed,VN-A545,A21N,passenger
2026-03-08,23:08,01:52,Ho Chi Minh City,SGN,VietJet Air,VJ180,1,11L,Landed,VN-A812,A333,passenger
2026-03-08,23:02,01:44,Guangzhou,CAN,China Southern Airlines,CZ371,2,11L,Landed,B-1176,B38M,passenger
2026-03-08,22:53,00:33,Dien Bien Phu,DIN,Vietnam Airlines,VN1807,1,11R,Landed,VN-A608,A321,passenger
2026-03-08,22:48,01:50,Can Tho,VCA,VietJet Air,VJ464,1,11L,Landed,VN-A644,A321,passenger
2026-03-08,22:45,01:02,Da Nang,DAD,Sun PhuQuoc Airways,9G942,1,11L,Landed,VN-A286,A21N,passenger
2026-03-08,22:42,01:02,Da Nang,DAD,VietJet Air,VJ518,1,11L,Landed,VN-A687,A321,passenger
2026-03-08,22:39,02:43,Kuala Lumpur,KUL,Vietnam Airlines,VN680,2,11L,Landed,VN-A357,A321,passenger
2026-03-08,22:29,01:38,Ho Chi Minh City,SGN,Vietnam Airlines,VN256,1,11L,Landed,VN-A878,B78X,passenger
2026-03-08,22:06,01:39,Phnom Penh,KTI,Vietnam Airlines,VN922,2,11L,Landed,VN-A508,A21N,passenger
2026-03-08,22:00,01:08,Da Nang,DAD,N/A,VN6070,1,11L,Landed,VN-A363,A321,passenger
2026-03-08,21:53,01:40,Macau,MFM,Air Macau,NX982,2,11L,Landed,B-MBU,A21N,passenger
2026-03-08,21:35,01:42,Macau,MFM,Air Macau,NX9984,2,11L,Landed,B-MBM,A321,passenger
2026-03-08,21:30,01:43,Bangkok,BKK,Vietnam Airlines,VN618,2,11L,Landed,VN-A390,A321,passenger
2026-03-08,21:09,01:29,Qui Nhon,UIH,Vietnam Airlines,VN7620,1,11L,Landed,VN-A623,A21N,passenger
2026-03-08,21:03,01:49,Shenzhen,SZX,China Southern Airlines,CZ8083,2,11L,Landed,B-6629,A321,passenger
2026-03-08,20:49,01:09,Da Nang,DAD,Vietnam Airlines,VN7190,1,11L,Landed,VN-A618,A21N,passenger
2026-03-08,20:45,01:10,Da Nang,DAD,Vietnam Airlines,VN188,1,11L,Landed,VN-A513,A20N,passenger
2026-03-08,20:40,01:52,Ho Chi Minh City,SGN,Vietnam Airlines,VN7048,1,11L,Landed,VN-A611,A321,passenger
2026-03-08,20:35,01:51,Phu Quoc,PQC,VietJet Air,VJ1440,1,11L,Landed,VN-A685,A321,passenger
2026-03-08,20:33,01:23,Pleiku,PXU,VietJet Air,VJ424,1,11L,Landed,VN-A641,A321,passenger
2026-03-08,20:27,01:49,Ho Chi Minh City,SGN,Sun PhuQuoc Airways,9G868,1,11L,Landed,VN-A279,A321,passenger
2026-03-08,20:24,01:36,Yangon,RGN,Myanmar Airways International,8M450,2,11L,Landed,XY-ALN,A319,passenger
2026-03-08,20:21,01:36,Nha Trang,CXR,Bamboo Airways,QH1416,1,11L,Landed,VN-A596,A20N,passenger
2026-03-08,20:19,01:03,Da Nang,DAD,Vietravel Airlines,VU658,1,11L,Landed,VN-A129,A321,passenger
2026-03-08,20:05,01:41,Hong Kong,HKG,Hong Kong Air Cargo,RH317,0,11L,Landed,B-LMA,A332,cargo
2026-03-08,20:00,01:04,Da Nang,DAD,Vietnam Airlines,VN180,1,11L,Landed,VN-A515,A20N,passenger
2026-03-08,19:20,01:19,Qui Nhon,UIH,VietJet Air,VJ432,1,11L,Landed,VN-A675,A320,passenger
2026-03-08,18:57,03:59,Jakarta,CGK,VietJet Air,VJ928,2,11L,Landed,VN-A658,A320,passenger
2026-03-08,18:50,04:48,Osaka,KIX,N/A,VJ931,2,11L,Landed,VN-A524,A21N,passenger
2026-03-08,18:43,01:42,Changsha,CSX,China Southern Airlines,CZ8359,2,11L,Landed,B-32FY,A20N,passenger
2026-03-08,18:38,01:29,Buon Ma Thuot,BMV,VietJet Air,VJ1492,1,11L,Landed,VN-A545,A21N,passenger
2026-03-08,18:34,03:28,Beijing,PEK,Vietnam Airlines,VN513,2,11L,Landed,VN-A325,A321,passenger
2026-03-08,18:28,01:40,Phnom Penh,KTI,Air Cambodia,K6850,2,11L,Landed,XU-350,A321,passenger
2026-03-08,18:23,01:03,Da Nang,DAD,Vietnam Airlines,VN174,1,11L,Landed,VN-A506,A21N,passenger
2026-03-08,18:19,01:37,Hong Kong,HKG,Cathay Pacific,CX743,2,11L,Landed,B-HNQ,B773,passenger
2026-03-08,18:16,01:00,Da Nang,DAD,Sun PhuQuoc Airways,9G932,1,11L,Landed,VN-A286,A21N,passenger
2026-03-08,18:11,01:32,Guangzhou,CAN,China Southern Airlines,CZ8177,2,11L,Landed,B-9930,A320,passenger
2026-03-08,17:56,03:19,Shanghai,PVG,China Eastern Airlines,MU6013,2,11L,Landed,B-32HX,A21N,passenger
2026-03-08,17:39,01:42,Phu Quoc,PQC,N/A,VN6400,1,11L,Landed,VN-A363,A321,passenger
2026-03-08,17:21,03:10,Singapore,SIN,Singapore Airlines,SQ194,2,11L,Landed,9V-MBQ,B38M,passenger
2026-03-08,17:19,01:07,Da Nang,DAD,VietJet Air,VJ514,1,11L,Landed,VN-A644,A321,passenger
2026-03-08,17:17,01:51,Phu Quoc,PQC,VietJet Air,VJ446,1,11L,Landed,VN-A655,A320,passenger
2026-03-08,16:59,02:28,Kolkata,CCU,IndiGo,6E1631,2,N/A,Landed,VT-IFV,A320,passenger
2026-03-08,16:59,02:53,Singapore,SIN,VietJet Air,VJ916,2,11L,Landed,VN-A542,A321,passenger
2026-03-08,16:48,03:21,Shanghai,PVG,Air China,CA755,2,11L,Landed,B-8503,A321,passenger
2026-03-08,16:45,00:48,Dien Bien Phu,DIN,Vietnam Airlines,VN1805,1,11L,Landed,VN-A393,A321,passenger
2026-03-08,16:39,01:45,Ho Chi Minh City,SGN,VietJet Air,VJ172,1,11L,Landed,VN-A812,A333,passenger
2026-03-08,16:35,04:50,Hiroshima,HIJ,VietJet Air,VJ953,2,11L,Landed,VN-A656,A320,passenger
2026-03-08,16:31,01:05,Da Nang,DAD,Vietnam Airlines,VN172,1,11L,Landed,VN-A508,A21N,passenger
2026-03-08,16:16,01:49,Hong Kong,HKG,Vietnam Airlines,VN593,2,11L,Landed,VN-A392,A321,passenger
2026-03-08,16:11,01:35,Buon Ma Thuot,BMV,Vietnam Airlines,VN7600,1,11L,Landed,VN-A513,A20N,passenger
2026-03-08,15:47,01:41,Phu Quoc,PQC,Sun PhuQuoc Airways,9G1208,1,11L,Landed,VN-A281,A21N,passenger
2026-03-08,15:33,02:47,Singapore,SIN,Vietnam Airlines,VN660,2,11L,Landed,VN-A616,A21N,passenger
2026-03-08,15:30,01:45,Ho Chi Minh City,SGN,VietJet Air,VJ144,1,11L,Landed,VN-A522,A321,passenger
2026-03-08,15:23,01:48,Can Tho,VCA,VietJet Air,VJ460,1,11L,Landed,VN-A641,A321,passenger
2026-03-08,15:18,00:59,Da Nang,DAD,Vietnam Airlines,VN170,1,11L,Landed,VN-A390,A321,passenger
2026-03-08,15:13,01:43,Ho Chi Minh City,SGN,VietJet Air,VJ138,1,11L,Landed,VN-A642,A321,passenger
2026-03-08,15:10,01:43,Ho Chi Minh City,SGN,Bamboo Airways,QH242,1,11L,Landed,ER-00005,A320,passenger
2026-03-08,15:07,01:47,Ho Chi Minh City,SGN,VietJet Air,VJ198,1,11L,Landed,VN-A532,A321,passenger
2026-03-08,15:02,01:30,Shenzhen,SZX,China Southern Airlines,CZ8469,2,11L,Landed,B-6629,A321,passenger
2026-03-08,14:55,01:46,Phu Quoc,PQC,Sun PhuQuoc Airways,9G1206,1,11L,Landed,VN-A284,A21N,passenger
2026-03-08,14:46,03:00,Taipei,TPE,VietJet Air,VJ941,2,11L,Landed,VN-A575,A21N,passenger
2026-03-08,14:41,01:45,Ho Chi Minh City,SGN,Pegasus,VJ188,1,11L,Landed,LY-NVE,A320,passenger
2026-03-08,14:29,02:44,Kuala Lumpur,KUL,VietJet Air,VJ906,2,11L,Landed,VN-A548,A21N,passenger
2026-03-08,14:23,02:49,Kuala Lumpur,KUL,AirAsia,AK512,2,11L,Landed,9M-DAB,A320,passenger
2026-03-08,14:10,01:42,Ho Chi Minh City,SGN,Vietnam Airlines,VN230,1,11L,Landed,VN-A357,A321,passenger
2026-03-08,14:07,01:30,Guangzhou,CAN,China Southern Airlines,CZ8315,2,11L,Landed,B-301H,A20N,passenger
2026-03-08,13:44,03:15,Shanghai,PVG,China Eastern Airlines,MU6011,2,11L,Landed,B-6886,A321,passenger
2026-03-08,13:40,01:02,Da Nang,DAD,Vietnam Airlines,VN166,1,11L,Landed,VN-A393,A321,passenger
2026-03-08,13:38,04:32,Seoul,ICN,VietJet Air,VJ961,2,11L,Landed,VN-A578,A21N,passenger
2026-03-08,13:35,01:01,Hue,HUI,VietJet Air,VJ566,1,11L,Landed,VN-A545,A21N,passenger
2026-03-08,13:12,04:19,Seoul,ICN,N/A,5Y8522,0,11L,Landed,N419MC,B744,cargo
2026-03-08,12:54,01:41,Ho Chi Minh City,SGN,Bamboo Airways,QH224,1,N/A,Landed,JU-1410,A320,passenger
2026-03-08,12:39,01:38,Nha Trang,CXR,VietJet Air,VJ770,1,11L,Landed,VN-A639,A321,passenger
2026-03-08,12:26,01:33,Nha Trang,CXR,VietJet Air,VJ780,1,11L,Landed,VN-A644,A321,passenger
2026-03-08,12:23,04:49,Osaka,KIX,VietJet Air,VJ939,2,11L,Landed,VN-A554,A21N,passenger
2026-03-08,12:06,01:43,Phu Quoc,PQC,VietJet Air,VJ440,1,11L,Landed,VN-A675,A320,passenger
2026-03-08,12:00,04:27,Seoul,ICN,Asiana Airlines,OZ729,2,11L,Landed,HL7700,B772,passenger
2026-03-08,11:55,01:47,Ho Chi Minh City,SGN,Vietnam Airlines,VN7044,1,11L,Landed,VN-A508,A21N,passenger
2026-03-08,11:51,01:48,Phu Quoc,PQC,Vietnam Airlines,VN1236,1,11L,Landed,VN-A399,A321,passenger
2026-03-08,11:46,01:39,Bangkok,DMK,AirAsia,FD640,2,11L,Landed,HS-ABT,A320,passenger
2026-03-08,11:35,01:53,Ho Chi Minh City,SGN,VietJet Air,VJ132,1,11L,Landed,VN-A663,A320,passenger
2026-03-08,11:27,01:08,Da Nang,DAD,N/A,VN6080,1,N/A,Landed,VN-A363,A321,passenger
2026-03-08,11:27,00:53,Dong Hoi,VDH,Vietnam Airlines,VN1590,1,11L,Landed,VN-A623,A21N,passenger
2026-03-08,11:25,03:28,Beijing,PEK,Air China,CA741,2,11L,Landed,B-326D,A21N,passenger
2026-03-08,11:10,03:08,Shanghai,PVG,Air China,CA703,2,11L,Landed,B-8495,A321,passenger
2026-03-08,11:07,01:14,Pleiku,PXU,Vietnam Airlines,VN1614,1,11L,Landed,VN-A505,A21N,passenger
2026-03-08,11:02,00:58,Da Nang,DAD,Vietnam Airlines,VN164,1,11L,Landed,VN-A390,A321,passenger
2026-03-08,10:57,02:54,Taipei,TPE,STARLUX,JX715,2,11L,Landed,B-58206,A21N,passenger
2026-03-08,10:48,01:43,Ho Chi Minh City,SGN,VietJet Air,VJ136,1,11L,Landed,VN-A544,A321,passenger
2026-03-08,10:45,04:25,Seoul,ICN,Korean Air,KE441,2,11L,Landed,HL8591,A21N,passenger
2026-03-08,10:41,01:42,Phu Quoc,PQC,VietJet Air,VJ442,1,11L,Landed,VN-A687,A321,passenger
2026-03-08,10:30,04:17,Busan,PUS,VietJet Air,VJ981,2,11L,Landed,VN-A629,A321,passenger
2026-03-08,10:16,01:03,Chu Lai,VCL,Vietnam Airlines,VN1640,1,11L,Landed,VN-A515,A20N,passenger
2026-03-08,10:10,01:30,Buon Ma Thuot,BMV,VietJet Air,VJ492,1,11L,Landed,VN-A685,A321,passenger
2026-03-08,10:10,01:28,Guangzhou,CAN,China Southern Airlines,CZ3049,2,11L,Landed,B-30CD,A20N,passenger
2026-03-08,10:02,02:31,Kaohsiung,KHH,Vietnam Airlines,VN587,2,11L,Landed,VN-A611,A321,passenger
2026-03-08,09:54,02:51,Taipei,TPE,China Airlines,CI791,2,11L,Landed,B-18307,A333,passenger
2026-03-08,09:48,01:37,Ho Chi Minh City,SGN,Vietnam Airlines,VN208,1,11L,Landed,VN-A862,B789,passenger
2026-03-08,09:46,02:52,Taipei,TPE,Vietnam Airlines,VN579,2,11L,Landed,VN-A392,A321,passenger
2026-03-08,09:39,01:00,Da Nang,DAD,Vietravel Airlines,VU638,1,11L,Landed,VN-A129,A321,passenger
2026-03-08,09:22,00:56,Da Nang,DAD,VietJet Air,VJ504,1,11L,Landed,VN-A552,A21N,passenger
2026-03-08,09:15,01:01,Hue,HUI,Vietnam Airlines,VN1540,1,N/A,Landed,VN-A325,A321,passenger
2026-03-08,09:03,01:00,Da Nang,DAD,Vietnam Airlines,VN158,1,11L,Landed,VN-A334,A321,passenger
2026-03-08,09:01,01:41,Ho Chi Minh City,SGN,Avion Express,VU774,1,11L,Landed,9H-MLW,A320,passenger
2026-03-08,08:57,01:42,Ho Chi Minh City,SGN,Bamboo Airways,QH204,1,11L,Landed,ER-00005,A320,passenger
2026-03-08,08:50,00:58,Da Nang,DAD,Bamboo Airways,QH104,1,11L,Landed,VN-A596,A20N,passenger
2026-03-08,08:46,04:20,Seoul,ICN,VietJet Air,VJ963,2,11L,Landed,VN-A545,A21N,passenger
2026-03-08,08:42,01:35,Ho Chi Minh City,SGN,Vietnam Airlines,VN240,1,11L,Landed,VN-A888,A359,passenger
2026-03-08,08:35,01:26,Bangkok,DMK,AirAsia,FD642,2,11L,Landed,HS-EAD,A21N,passenger
2026-03-08,08:32,01:41,Ho Chi Minh City,SGN,Sun PhuQuoc Airways,9G806,1,11L,Landed,VN-A279,A321,passenger
2026-03-08,08:29,01:00,Da Nang,DAD,VietJet Air,VJ510,1,11L,Landed,VN-A542,A321,passenger
2026-03-08,08:24,01:24,Bangkok,BKK,K-Mile Air,8K528,0,11L,Landed,HS-KMD,B738,cargo
2026-03-08,08:21,02:52,Singapore,SIN,Scoot,TR300,2,11L,Landed,9V-OFD,B788,passenger
2026-03-08,08:18,01:44,Ho Chi Minh City,SGN,Vietnam Airlines,VN7042,1,11L,Landed,VN-A358,A321,passenger
2026-03-08,08:11,01:30,Shenzhen,SZX,Shenzhen Airlines,ZH101,2,11L,Landed,B-6377,A320,passenger
2026-03-08,07:58,02:47,Kuala Lumpur,KUL,AirAsia,AK516,2,11L,Landed,9M-AQZ,A320,passenger
2026-03-08,07:41,03:34,Delhi,DEL,Atlas Air,5Y8138,0,11L,Landed,N450PA,B744,cargo
2026-03-08,07:38,01:42,Ho Chi Minh City,SGN,Sun PhuQuoc Airways,9G802,1,11L,Landed,VN-A909,A20N,passenger
2026-03-08,07:34,01:41,Ho Chi Minh City,SGN,VietJet Air,VJ124,1,11L,Landed,VN-A658,A320,passenger
2026-03-08,07:30,04:23,Seoul,ICN,Air Zeta,KJ953,0,11L,Landed,HL7645,B744,cargo
2026-03-08,07:26,02:59,Manila,MNL,Cebu Pacific,5J744,2,11L,Landed,RP-C4112,A321,passenger
2026-03-08,07:15,01:06,Da Nang,DAD,Vietnam Airlines,VN156,1,11L,Landed,VN-A393,A321,passenger
2026-03-08,07:12,02:51,Manila,MNL,Vietnam Airlines,VN646,2,11L,Landed,VN-A329,A321,passenger
2026-03-08,06:49,00:59,Da Nang,DAD,VietJet Air,VJ502,1,11L,Landed,VN-A689,A320,passenger
2026-03-08,06:21,10:11,Frankfurt,FRA,Vietnam Airlines,VN36,2,11L,Landed,VN-A861,B789,passenger
2026-03-08,05:58,03:51,Jakarta,CGK,Vietnam Airlines,VN634,2,11L,Landed,VN-A505,A21N,passenger
2026-03-08,05:50,04:04,Bengaluru,BLR,Vietnam Airlines,VN982,2,11L,Landed,VN-A622,A21N,passenger
2026-03-08,05:34,03:36,Delhi,DEL,VietJet Air,VJ972,2,11L,Landed,VN-A811,A333,passenger
2026-03-08,05:22,02:50,Shanghai,PVG,VietJet Air,VJ7239,2,11L,Landed,VN-A656,A320,passenger
2026-03-08,04:04,01:29,Guangzhou,CAN,VietJet Air,VJ7527,2,11L,Landed,VN-A641,A321,passenger
2026-03-08,03:38,02:01,Phu Quoc,PQC,SkyUp Airlines,4V5534,1,11L,Landed,UR-SQO,B738,passenger
2026-03-08,03:26,04:05,Seoul,ICN,Atlas Air,5Y8559,0,N/A,Landed,N487MC,B744,cargo
2026-03-08,01:57,03:53,Seoul,ICN,Korean Air,KE361,0,11L,Landed,HL7605,B744,cargo
2026-03-08,01:28,01:41,Ho Chi Minh City,SGN,Bamboo Airways,QH282,1,11L,Landed,VN-A585,A321,passenger
2026-03-08,01:24,03:16,Shanghai,PVG,China Eastern Airlines,MU5075,2,11L,Landed,B-1772,B738,passenger
2026-03-08,01:13,02:43,Manila,MNL,Philippine Airlines,PR595,2,11L,Landed,RP-C8781,A333,passenger
2026-03-08,01:10,01:39,Ho Chi Minh City,SGN,VietJet Air,VJ182,1,11L,Landed,VN-A653,A21N,passenger
2026-03-08,01:02,01:31,Shenzhen,SZX,Shenzhen Airlines,ZH107,2,11L,Landed,B-6935,A320,passenger
2026-03-08,00:56,01:33,Nha Trang,CXR,VietJet Air,VJ7704,1,11L,Landed,VN-A549,A21N,passenger
2026-03-08,00:53,01:03,Da Nang,DAD,Vietnam Airlines,VN7192,1,11L,Landed,VN-A395,A321,passenger
2026-03-08,00:50,01:41,Ho Chi Minh City,SGN,Sun PhuQuoc Airways,9G892,1,11L,Landed,VN-A284,A21N,passenger
2026-03-08,00:43,01:42,Ho Chi Minh City,SGN,Vietnam Airlines,VN270,1,11L,Landed,VN-A616,A21N,passenger
2026-03-08,00:37,01:39,Ho Chi Minh City,SGN,VietJet Air,VJ178,1,11L,Landed,VN-A578,A21N,passenger
2026-03-08,00:24,02:59,Shanghai,PVG,Juneyao Air,HO1329,2,11L,Landed,B-8315,A321,passenger
2026-03-08,00:15,01:40,Ho Chi Minh City,SGN,Sun PhuQuoc Airways,9G886,1,11L,Landed,VN-A285,A21N,passenger
2026-03-08,00:11,00:58,Da Nang,DAD,VietJet Air,VJ522,1,11L,Landed,VN-A657,A321,passenger
2026-03-09,23:56,01:40,Ho Chi Minh City,SGN,VietJet Air,VJ156,1,11L,Landed,VN-A655,A320,passenger
2026-03-09,23:44,01:28,Bangkok,BKK,Vietnam Airlines,VN616,2,11L,Landed,VN-A358,A321,passenger
2026-03-09,23:42,01:38,Ho Chi Minh City,SGN,VietJet Air,VJ164,1,11L,Landed,VN-A816,A333,passenger
2026-03-09,23:38,00:59,Da Nang,DAD,VietJet Air,VJ522,1,11L,Landed,VN-A543,A21N,passenger
2026-03-09,23:34,06:00,Tokyo,NRT,All Nippon Airways,NH8447,0,11L,Landed,JA602F,B763,cargo
2026-03-09,23:31,01:26,Macau,MFM,Air Macau,NX988,2,11L,Landed,B-MCG,A321,passenger
2026-03-09,23:15,01:40,Ho Chi Minh City,SGN,Sun PhuQuoc Airways,9G882,1,11L,Landed,VN-A280,A321,passenger
2026-03-09,23:08,01:42,Ho Chi Minh City,SGN,Bamboo Airways,QH280,1,11L,Landed,VN-A596,A20N,passenger
2026-03-09,23:04,00:56,Hue,HUI,Vietnam Airlines,VN1548,1,11L,Landed,VN-A393,A321,passenger
2026-03-09,23:01,01:39,Ho Chi Minh City,SGN,Vietravel Airlines,VU794,1,11L,Landed,VN-A129,A321,passenger
2026-03-09,22:55,01:36,Guangzhou,CAN,China Southern Airlines,CZ371,2,11L,Landed,B-1207,B38M,passenger
2026-03-09,22:52,00:57,Hue,HUI,VietJet Air,VJ568,1,11L,Landed,VN-A658,A320,passenger
2026-03-09,22:49,01:50,Can Tho,VCA,VietJet Air,VJ464,1,11L,Landed,VN-A642,A321,passenger
2026-03-09,22:44,01:39,Ho Chi Minh City,SGN,Bamboo Airways,QH286,1,11L,Landed,VN-A585,A321,passenger
2026-03-09,22:41,05:34,Tokyo,NRT,All Nippon Airways,NH897,2,11L,Landed,JA885A,B789,passenger
2026-03-09,22:38,01:33,Nha Trang,CXR,VietJet Air,VJ778,1,11L,Landed,VN-A632,A321,passenger
2026-03-09,22:34,00:57,Da Nang,DAD,VietJet Air,VJ518,1,11L,Landed,VN-A549,A21N,passenger
2026-03-09,22:31,01:01,Da Nang,DAD,Sun PhuQuoc Airways,9G942,1,11L,Landed,VN-A286,A21N,passenger
2026-03-09,22:27,01:45,Ho Chi Minh City,SGN,VietJet Air,VJ158,1,11L,Landed,VN-A547,A21N,passenger
2026-03-09,22:24,05:55,Tokyo,NRT,Japan Airlines,JL751,2,11L,Landed,JA618J,B763,passenger
2026-03-09,22:21,01:44,Ho Chi Minh City,SGN,VietJet Air,VJ180,1,11L,Landed,VN-A546,A21N,passenger
2026-03-09,22:18,04:18,Seoul,ICN,Asiana Airlines,OZ733,2,11L,Landed,HL8521,A359,passenger
2026-03-09,22:16,03:45,Delhi,DEL,SF Airlines,O3168,0,11L,Landed,B-20A2,B763,cargo
2026-03-09,22:11,02:40,Kuala Lumpur,KUL,Vietnam Airlines,VN680,2,11L,Landed,VN-A390,A321,passenger
2026-03-09,22:07,01:42,Ho Chi Minh City,SGN,Vietnam Airlines,VN220,1,11L,Landed,VN-A877,B78X,passenger
2026-03-09,22:04,12:33,Anchorage,ANC,UPS,5X72,0,11L,Landed,N608UP,B748,cargo
2026-03-09,22:02,04:29,Seoul,ICN,FedEx,FX9073,0,11L,Landed,N108FE,B763,cargo
2026-03-09,21:59,01:01,Da Nang,DAD,VietJet Air,VJ516,1,11L,Landed,VN-A532,A321,passenger
2026-03-09,21:56,01:44,Chengdu,TFU,Sichuan Airlines,3U3905,2,11L,Landed,B-8331,A320,passenger
2026-03-09,21:53,01:52,Can Tho,VCA,Vietnam Airlines,VN1206,1,11L,Landed,VN-A619,A21N,passenger
2026-03-09,21:50,01:03,Da Nang,DAD,N/A,VN6070,1,11L,Landed,VN-A359,A321,passenger
2026-03-09,21:48,01:37,Phnom Penh,KTI,Vietnam Airlines,VN922,2,11L,Landed,VN-A357,A321,passenger
2026-03-09,21:45,01:43,Ho Chi Minh City,SGN,Vietnam Airlines,VN262,1,11L,Landed,VN-A891,A359,passenger
2026-03-09,21:42,01:48,Ho Chi Minh City,SGN,Bamboo Airways,QH268,1,11L,Landed,ER-00005,A320,passenger
2026-03-09,21:37,04:17,Seoul,ICN,Korean Air,KE447,2,11L,Landed,HL8392,B789,passenger
2026-03-09,21:33,01:27,Macau,MFM,Air Macau,NX982,2,11L,Landed,B-MCL,A20N,passenger
2026-03-09,21:30,01:50,Phu Quoc,PQC,Sun PhuQuoc Airways,9G1230,1,11L,Landed,VN-A284,A21N,passenger
2026-03-09,21:28,03:01,Taipei,TPE,VietJet Air,VJ943,2,11L,Landed,VN-A548,A21N,passenger
2026-03-09,21:25,01:40,Nha Trang,CXR,Vietnam Airlines,VN1562,1,11L,Landed,VN-A625,A21N,passenger
2026-03-09,21:23,01:47,Ho Chi Minh City,SGN,VietJet Air,VJ196,1,11L,Landed,VN-A815,A333,passenger
2026-03-09,21:18,06:02,Tokyo,NRT,VietJet Air,VJ935,2,11L,Landed,VN-A653,A21N,passenger
2026-03-09,21:16,01:48,Ho Chi Minh City,SGN,VietJet Air,VJ160,1,11L,Landed,VN-A663,A320,passenger
2026-03-09,21:13,01:48,Ho Chi Minh City,SGN,Vietnam Airlines,VN258,1,11L,Landed,VN-A878,B78X,passenger
2026-03-09,21:11,04:41,Denpasar,DPS,VietJet Air,VJ998,2,11L,Landed,VN-A554,A21N,passenger
2026-03-09,21:05,00:57,Dien Bien Phu,DIN,Vietnam Airlines,VN1807,1,11L,Landed,VN-A396,A321,passenger
2026-03-09,21:02,01:48,Shenzhen,SZX,China Southern Airlines,CZ8083,2,11L,Landed,B-6687,A321,passenger
2026-03-09,20:59,00:59,Luang Prabang,LPQ,Vietnam Airlines,VN930,2,11L,Landed,VN-A610,A321,passenger
2026-03-09,20:56,04:32,Seoul,ICN,Vietnam Airlines,VN415,2,11L,Landed,VN-A866,B789,passenger
2026-03-09,20:53,01:38,Bangkok,BKK,Vietnam Airlines,VN618,2,11L,Landed,VN-A392,A321,passenger
2026-03-09,20:50,01:44,Yangon,RGN,Myanmar Airways International,8M450,2,11L,Landed,XY-AGV,A319,passenger
2026-03-09,20:48,01:31,Siem Reap,SAI,VietJet Air,VJ914,2,11L,Landed,VN-A542,A321,passenger
2026-03-09,20:45,01:25,Qui Nhon,UIH,Vietnam Airlines,VN7620,1,11L,Landed,VN-A329,A321,passenger
2026-03-09,20:43,01:51,Ho Chi Minh City,SGN,Sun PhuQuoc Airways,9G868,1,11L,Landed,VN-A279,A321,passenger
2026-03-09,20:40,00:57,Vientiane,VTE,Vietnam Airlines,VN920,2,11L,Landed,VN-A336,A321,passenger
2026-03-09,20:37,01:09,Da Nang,DAD,Vietnam Airlines,VN188,1,11L,Landed,VN-A513,A20N,passenger
2026-03-09,20:34,01:51,Ho Chi Minh City,SGN,VietJet Air,VJ154,1,11L,Landed,VN-A669,A320,passenger
2026-03-09,20:31,01:29,Qui Nhon,UIH,VietJet Air,VJ432,1,11L,Landed,VN-A672,A320,passenger
2026-03-09,20:28,09:07,Sydney,SYD,Vietnam Airlines,VN786,2,11L,Landed,VN-A890,A359,passenger
2026-03-09,20:26,01:24,Pleiku,PXU,VietJet Air,VJ424,1,11L,Landed,VN-A673,A321,passenger
2026-03-09,20:22,01:32,Bangkok,BKK,VietJet Air,VJ904,2,11L,Landed,VN-A552,A21N,passenger
2026-03-09,20:19,01:51,Phu Quoc,PQC,VietJet Air,VJ1440,1,11L,Landed,VN-A522,A321,passenger
2026-03-09,20:16,05:35,Tokyo,HND,Vietnam Airlines,VN385,2,11L,Landed,VN-A864,B789,passenger
2026-03-09,20:12,01:31,Bangkok,DMK,AirAsia,FD644,2,11L,Landed,HS-EAA,A21N,passenger
2026-03-09,20:10,02:39,Taichung,RMQ,N/A,VJ949,2,11L,Landed,VN-A524,A21N,passenger
2026-03-09,20:07,01:46,Ho Chi Minh City,SGN,Vietnam Airlines,VN7048,1,11L,Landed,VN-A609,A321,passenger
2026-03-09,20:04,00:57,Hue,HUI,Vietnam Airlines,VN1544,1,11L,Landed,VN-A618,A21N,passenger
2026-03-09,20:01,01:38,Ho Chi Minh City,SGN,Vietnam Airlines,VN218,1,11L,Landed,VN-A879,B78X,passenger
2026-03-09,19:58,00:57,Da Nang,DAD,Vietravel Airlines,VU658,1,11L,Landed,VN-A136,A320,passenger
2026-03-09,19:55,01:00,Da Nang,DAD,Vietnam Airlines,VN180,1,11L,Landed,VN-A515,A20N,passenger
2026-03-09,19:50,01:40,Phu Quoc,PQC,Sun PhuQuoc Airways,9G1220,1,11L,Landed,VN-A285,A21N,passenger
2026-03-09,19:36,10:46,Leipzig,LEJ,DHL Air,QY578,0,11L,Landed,D-ALMA,A332,cargo
2026-03-09,19:33,00:42,Vinh,VII,Vietnam Airlines,VN1718,1,11L,Landed,VN-A399,A321,passenger
2026-03-09,19:29,01:02,Da Nang,DAD,Bamboo Airways,QH146,1,11L,Landed,VN-A227,A321,passenger
2026-03-09,19:27,01:40,Chongqing,CKG,West Air,PN6423,2,11L,Landed,B-306V,A20N,passenger
2026-03-09,19:23,03:48,Delhi,DEL,IndiGo,6E9436,0,11L,Landed,VT-IKW,A321,cargo
2026-03-09,19:19,01:41,Ho Chi Minh City,SGN,Vietnam Airlines,VN254,1,11L,Landed,VN-A889,A359,passenger
2026-03-09,19:16,01:22,Siem Reap,SAI,Vietnam Airlines,VN836,2,11L,Landed,VN-A608,A321,passenger
2026-03-09,19:13,01:46,Ho Chi Minh City,SGN,Vietravel Airlines,VU780,1,11L,Landed,VN-A289,A321,passenger
2026-03-09,19:09,01:26,Bangkok,BKK,Thai Airways,TG564,2,11L,Landed,HS-TXO,A320,passenger
2026-03-09,19:05,05:05,Osaka,KIX,VietJet Air,VJ931,2,11L,Landed,VN-A543,A21N,passenger
2026-03-09,19:02,01:39,Ho Chi Minh City,SGN,VietJet Air,VJ152,1,11L,Landed,VN-A500,A21N,passenger
2026-03-09,18:58,03:40,Delhi,DEL,Quikjet Cargo Airlines,QO352,0,11L,Landed,VT-BAZ,B738,cargo
2026-03-09,18:54,01:21,Bangkok,BKK,Vietnam Airlines,VN614,2,11L,Landed,VN-A325,A321,passenger
2026-03-09,18:45,02:47,Singapore,SIN,Vietnam Airlines,VN662,2,11L,Landed,VN-A393,A321,passenger
2026-03-09,18:40,01:43,Ho Chi Minh City,SGN,Vietnam Airlines,VN252,1,11L,Landed,VN-A874,B78X,passenger
2026-03-09,18:37,01:34,Nha Trang,CXR,Vietnam Airlines,VN1558,1,11L,Landed,VN-A501,A21N,passenger
2026-03-09,18:34,01:08,Da Nang,DAD,Vietnam Airlines,VN174,1,11L,Landed,VN-A614,A321,passenger
2026-03-09,18:32,01:31,Buon Ma Thuot,BMV,VietJet Air,VJ1492,1,11L,Landed,VN-A549,A21N,passenger
2026-03-09,18:28,07:05,Tbilisi,TBS,Turkish Airlines,TK6268,0,11L,Landed,TC-LJT,B77L,cargo
2026-03-09,18:26,01:47,Phu Quoc,PQC,Sun PhuQuoc Airways,9G1216,1,11L,Landed,VN-A906,A21N,passenger
2026-03-09,18:23,01:28,Bangkok,BKK,VietJet Air,VJ902,2,11L,Landed,VN-A674,A21N,passenger
2026-03-09,18:14,01:37,Guangzhou,CAN,China Southern Airlines,CZ8177,2,11L,Landed,B-20CA,B38M,passenger
2026-03-09,18:12,00:59,Hue,HUI,Vietnam Airlines,VN7544,1,11L,Landed,VN-A616,A21N,passenger
2026-03-09,18:06,01:42,Ho Chi Minh City,SGN,Vietnam Airlines,VN216,1,11L,Landed,VN-A869,B789,passenger
2026-03-09,18:02,01:38,Hong Kong,HKG,Cathay Pacific,CX743,2,11L,Landed,B-KQU,B77W,passenger
2026-03-09,18:00,01:30,Phnom Penh,KTI,Air Cambodia,K6850,2,11L,Landed,XU-353,A320,passenger
2026-03-09,17:58,03:55,Jakarta,CGK,VietJet Air,VJ928,2,11L,Landed,VN-A656,A320,passenger
2026-03-09,17:54,01:01,Da Nang,DAD,Sun PhuQuoc Airways,9G932,1,11L,Landed,VN-A286,A21N,passenger
2026-03-09,17:50,02:56,Shanghai,PVG,Vietnam Airlines,VN533,2,11L,Landed,VN-A358,A321,passenger
2026-03-09,17:48,02:32,Kaohsiung,KHH,VietJet Air,VJ947,2,11L,Landed,VN-A687,A321,passenger
2026-03-09,17:45,02:52,Singapore,SIN,VietJet Air,VJ916,2,11L,Landed,VN-A532,A321,passenger
2026-03-09,17:43,01:51,Ho Chi Minh City,SGN,VietJet Air,VJ194,1,11L,Landed,VN-A553,A21N,passenger
2026-03-09,17:39,01:04,Da Nang,DAD,VietJet Air,VJ512,1,11L,Landed,VN-A632,A321,passenger
2026-03-09,17:37,01:50,Ho Chi Minh City,SGN,VietJet Air,VJ146,1,11L,Landed,VN-A816,A333,passenger
2026-03-09,17:33,01:50,Phu Quoc,PQC,N/A,VN6400,1,11L,Landed,VN-A359,A321,passenger
2026-03-09,17:31,03:20,Shanghai,PVG,China Eastern Airlines,MU6013,2,11L,Landed,B-32KF,A21N,passenger
2026-03-09,17:24,01:40,Ho Chi Minh City,SGN,Sun PhuQuoc Airways,9G854,1,11L,Landed,VN-A280,A321,passenger
2026-03-09,17:20,01:34,Nha Trang,CXR,Bamboo Airways,QH1416,1,11L,Landed,VN-A596,A20N,passenger
2026-03-09,17:17,01:03,Da Nang,DAD,VietJet Air,VJ514,1,11L,Landed,VN-A642,A321,passenger
2026-03-09,17:14,00:50,Luang Prabang,LPQ,AirAsia,FD1038,2,11L,Landed,HS-ABO,A320,passenger
2026-03-09,17:11,02:48,Taipei,TPE,EVA Air,BR385,2,11L,Landed,B-16220,A321,passenger
2026-03-09,17:08,04:20,Busan,PUS,VietJet Air,VJ957,2,11L,Landed,VN-A658,A320,passenger
2026-03-09,17:05,01:47,Phu Quoc,PQC,VietJet Air,VJ446,1,11L,Landed,VN-A671,A320,passenger
2026-03-09,17:00,02:56,Singapore,SIN,Singapore Airlines,SQ194,2,11L,Landed,9V-SHI,A359,passenger
2026-03-09,16:55,01:28,Guangzhou,CAN,Vietnam Airlines,VN507,2,11L,Landed,VN-A396,A321,passenger
2026-03-09,16:41,01:38,Ho Chi Minh City,SGN,VietJet Air,VJ130,1,11L,Landed,VN-A547,A21N,passenger
2026-03-09,16:38,02:13,Kolkata,CCU,IndiGo,6E1631,2,11L,Landed,VT-IPM,A20N,passenger
2026-03-09,16:34,00:36,Dien Bien Phu,DIN,Vietnam Airlines,VN1805,1,11L,Landed,VN-A327,A321,passenger
2026-03-09,16:31,03:16,Shanghai,PVG,Air China,CA755,2,11L,Landed,B-8595,A321,passenger
2026-03-09,16:27,01:09,Da Nang,DAD,Vietnam Airlines,VN172,1,11L,Landed,VN-A357,A321,passenger
2026-03-09,16:25,02:57,Taipei,TPE,China Airlines,CI793,2,11L,Landed,B-18116,A21N,passenger
2026-03-09,16:22,01:56,Can Tho,VCA,VietJet Air,VJ460,1,11L,Landed,VN-A545,A21N,passenger
2026-03-09,16:19,01:58,Can Tho,VCA,Vietnam Airlines,VN1202,1,11L,Landed,VN-A399,A321,passenger
2026-03-09,16:15,01:11,Da Nang,DAD,Vietnam Airlines,VN7164,1,11L,Landed,VN-A508,A21N,passenger
2026-03-09,16:13,00:58,Vientiane,VTE,Lao Airlines,QV311,2,11L,Landed,RDPL-34188,A320,passenger
2026-03-09,16:09,01:52,Ho Chi Minh City,SGN,Vietnam Airlines,VN214,1,11L,Landed,VN-A863,B789,passenger
2026-03-09,16:07,01:58,Ho Chi Minh City,SGN,VietJet Air,VJ198,1,11L,Landed,VN-A673,A321,passenger
2026-03-09,16:03,01:43,Hong Kong,HKG,Vietnam Airlines,VN593,2,11L,Landed,VN-A326,A321,passenger
2026-03-09,16:00,01:34,Tuy Hoa,TBB,Vietnam Airlines,VN1650,1,11L,Landed,VN-A625,A21N,passenger
2026-03-09,15:58,01:31,Pleiku,PXU,Vietnam Airlines,VN7612,1,11L,Landed,VN-A513,A20N,passenger
2026-03-09,15:55,02:03,Can Tho,VCA,VietJet Air,VJ462,1,11L,Landed,VN-A662,A320,passenger
2026-03-09,15:51,01:55,Phu Quoc,PQC,Sun PhuQuoc Airways,9G1208,1,11L,Landed,VN-A284,A21N,passenger
2026-03-09,15:49,01:52,Ho Chi Minh City,SGN,Vietravel Airlines,VU770,1,11L,Landed,VN-A136,A320,passenger
2026-03-09,15:45,01:50,Ho Chi Minh City,SGN,VietJet Air,VJ128,1,11L,Landed,VN-A649,A321,passenger
2026-03-09,15:42,01:39,Nha Trang,CXR,VietJet Air,VJ774,1,11L,Landed,VN-A672,A320,passenger
2026-03-09,15:39,02:35,Penang,PEN,China Airlines,CI6596,0,11L,Landed,B-18723,B744,cargo
2026-03-09,15:36,02:50,Singapore,SIN,Vietnam Airlines,VN660,2,11L,Landed,VN-A619,A21N,passenger
2026-03-09,15:32,01:15,Qui Nhon,UIH,Bamboo Airways,QH1214,1,11L,Landed,VN-A227,A321,passenger
2026-03-09,15:28,02:42,Kuala Lumpur,KUL,AirAsia,AK512,2,11L,Landed,9M-RAA,A320,passenger
2026-03-09,15:23,01:03,Da Nang,DAD,Vietnam Airlines,VN7174,1,11L,Landed,VN-A618,A21N,passenger
2026-03-09,15:20,01:46,Ho Chi Minh City,SGN,Bamboo Airways,QH242,1,11L,Landed,ER-00005,A320,passenger
2026-03-09,15:16,08:38,Istanbul,IST,Turkish Airlines,TK164,2,11L,Landed,TC-LGI,A359,passenger
2026-03-09,15:12,01:41,Ho Chi Minh City,SGN,Pegasus,VJ188,1,11L,Landed,LY-NVE,A320,passenger
2026-03-09,15:07,01:00,Da Nang,DAD,Vietnam Airlines,VN170,1,11L,Landed,VN-A329,A321,passenger
2026-03-09,15:04,01:07,Chiang Mai,CNX,AirAsia,FD870,2,11L,Landed,HS-ABY,A320,passenger
2026-03-09,15:01,01:20,Qui Nhon,UIH,Vietnam Airlines,VN1622,1,11L,Landed,VN-A515,A20N,passenger
2026-03-09,14:57,01:41,Ho Chi Minh City,SGN,Vietnam Airlines,VN248,1,11L,Landed,VN-A894,A359,passenger
2026-03-09,14:55,01:38,Bangkok,BKK,Vietnam Airlines,VN610,2,11L,Landed,VN-A392,A321,passenger
2026-03-09,14:44,01:41,Ho Chi Minh City,SGN,VietJet Air,VJ144,1,11L,Landed,VN-A699,A320,passenger
2026-03-09,14:38,01:29,Shenzhen,SZX,China Southern Airlines,CZ8469,2,11L,Landed,B-6355,A321,passenger
2026-03-09,14:22,01:35,Guangzhou,CAN,China Southern Airlines,CZ8315,2,11L,Landed,B-32EV,A20N,passenger
2026-03-09,14:19,02:47,Kuala Lumpur,KUL,VietJet Air,VJ906,2,11L,Landed,VN-A542,A321,passenger
2026-03-09,14:10,04:24,Seoul,ICN,Vietnam Airlines,VN5417,2,11L,Landed,VN-A616,A21N,passenger
2026-03-09,14:03,02:47,Taipei,TPE,VietJet Air,VJ941,2,11L,Landed,VN-A522,A321,passenger
2026-03-09,14:00,01:38,Ho Chi Minh City,SGN,Vietnam Airlines,VN212,1,11L,Landed,VN-A899,A359,passenger
2026-03-09,13:56,01:03,Da Nang,DAD,Sun PhuQuoc Airways,9G922,1,11L,Landed,VN-A285,A21N,passenger
2026-03-09,13:53,05:53,Tokyo,NRT,VietJet Air,VJ933,2,11L,Landed,VN-A815,A333,passenger
2026-03-09,13:46,01:30,Shenzhen,SZX,Shenzhen Airlines,ZH103,2,11L,Landed,B-6650,A320,passenger
2026-03-09,13:33,04:24,Seoul,ICN,VietJet Air,VJ961,2,11L,Landed,VN-A552,A21N,passenger
2026-03-09,13:27,00:57,Hue,HUI,VietJet Air,VJ566,1,11L,Landed,VN-A632,A321,passenger
2026-03-09,13:23,05:41,Tokyo,NRT,Vietnam Airlines,VN311,2,11L,Landed,VN-A877,B78X,passenger
2026-03-09,13:12,00:40,Dien Bien Phu,DIN,Vietnam Airlines,VN7805,1,11L,Landed,VN-A327,A321,passenger
2026-03-09,13:05,01:02,Da Nang,DAD,VietJet Air,VJ528,1,11L,Landed,VN-A642,A321,passenger
2026-03-09,12:59,01:37,Ho Chi Minh City,SGN,Vietnam Airlines,VN246,1,11L,Landed,VN-A889,A359,passenger
2026-03-09,12:56,01:41,Phu Quoc,PQC,Sun PhuQuoc Airways,9G1204,1,11L,Landed,VN-A286,A21N,passenger
2026-03-09,12:50,01:36,Nha Trang,CXR,VietJet Air,VJ770,1,11L,Landed,VN-A549,A21N,passenger
2026-03-09,12:44,05:07,Nagoya,NGO,Vietnam Airlines,VN349,2,11L,Landed,VN-A893,A359,passenger
2026-03-09,12:40,05:30,Dubai,DXB,Emirates,EK394,2,11L,Landed,A6-ENI,B77W,passenger
2026-03-09,12:37,03:43,Delhi,DEL,IndiGo,6E1633,2,11L,Landed,VT-IXO,A20N,passenger
2026-03-09,12:30,04:26,Fukuoka,FUK,Vietnam Airlines,VN357,2,11L,Landed,VN-A617,A21N,passenger
2026-03-09,12:27,02:46,Kuala Lumpur,KUL,Batik Air,OD571,2,11L,Landed,9M-LRT,B38M,passenger
2026-03-09,12:23,01:46,Phu Quoc,PQC,Sun PhuQuoc Airways,9G1202,1,11L,Landed,VN-A281,A21N,passenger
2026-03-09,12:20,05:08,Blagoveshchensk,BQS,VietJet Air,VJ3526,2,11L,Landed,VN-A516,A21N,passenger
2026-03-09,12:16,00:57,Da Nang,DAD,Sun PhuQuoc Airways,9G916,1,11L,Landed,VN-A906,A21N,passenger
2026-03-09,12:11,01:45,Ho Chi Minh City,SGN,Vietnam Airlines,VN210,1,11L,Landed,VN-A869,B789,passenger
2026-03-09,12:07,03:00,Kuala Lumpur,KUL,Malaysia Airlines,MH752,2,11L,Landed,9M-MXS,B738,passenger
2026-03-09,12:01,04:27,Seoul,ICN,Asiana Airlines,OZ729,2,11L,Landed,HL7775,B772,passenger
2026-03-09,11:57,01:46,Phu Quoc,PQC,Vietnam Airlines,VN1236,1,11L,Landed,VN-A325,A321,passenger
2026-03-09,11:45,01:54,Can Tho,VCA,Vietnam Airlines,VN1200,1,11L,Landed,VN-A357,A321,passenger
2026-03-09,11:43,03:38,Beijing,PEK,Air China,CA741,2,11L,Landed,B-32NE,A21N,passenger
2026-03-09,11:39,01:16,Da Nang,DAD,N/A,VN6080,1,11L,Landed,VN-A359,A321,passenger
2026-03-09,11:33,01:02,Dong Hoi,VDH,Vietnam Airlines,VN1590,1,11L,Landed,VN-A396,A321,passenger
2026-03-09,11:32,02:56,Taipei,TPE,EVA Air,BR397,2,11L,Landed,B-16725,B77W,passenger
2026-03-09,11:28,03:30,Shanghai,PVG,Air China,CA703,2,11L,Landed,B-6942,A321,passenger
2026-03-09,11:22,01:50,Ho Chi Minh City,SGN,Sun PhuQuoc Airways,9G822,1,11L,Landed,VN-A280,A321,passenger
2026-03-09,11:19,01:25,Qui Nhon,UIH,VietJet Air,VJ430,1,11L,Landed,VN-A655,A320,passenger
2026-03-09,11:15,01:20,Pleiku,PXU,Vietnam Airlines,VN1614,1,11L,Landed,VN-A625,A21N,passenger
2026-03-09,11:13,01:48,Ho Chi Minh City,SGN,VietJet Air,VJ132,1,11L,Landed,VN-A661,A321,passenger
2026-03-09,11:10,01:08,Da Nang,DAD,Vietnam Airlines,VN164,1,11L,Landed,VN-A610,A321,passenger
2026-03-09,11:04,01:41,Ho Chi Minh City,SGN,Vietnam Airlines,VN244,1,11L,Landed,VN-A898,A359,passenger
2026-03-09,10:58,00:54,Vientiane,VTE,N/A,N/A,2,11L,Landed,T7-852,GLEX,business jet
2026-03-09,10:55,01:45,Phu Quoc,PQC,VietJet Air,VJ442,1,11L,Landed,VN-A674,A21N,passenger
2026-03-09,10:53,04:34,Seoul,ICN,Korean Air,KE441,2,11L,Landed,HL8590,A21N,passenger
2026-03-09,10:42,01:37,Ho Chi Minh City,SGN,Vietnam Airlines,VN208,1,11L,Landed,VN-A868,B789,passenger
2026-03-09,10:39,01:45,Ho Chi Minh City,SGN,Bamboo Airways,QH208,1,11L,Landed,VN-A227,A321,passenger
2026-03-09,10:36,04:15,Busan,PUS,VietJet Air,VJ981,2,11L,Landed,VN-A687,A321,passenger
2026-03-09,10:33,01:41,Ho Chi Minh City,SGN,VietJet Air,VJ136,1,11R,Landed,VN-A547,A21N,passenger
2026-03-09,10:30,01:04,Chu Lai,VCL,Vietnam Airlines,VN1640,1,11L,Landed,VN-A515,A20N,passenger
2026-03-09,10:26,02:44,Taipei,TPE,STARLUX,JX715,2,11L,Landed,B-58213,A21N,passenger
2026-03-09,10:25,01:00,Da Nang,DAD,VietJet Air,VJ504,1,11L,Landed,VN-A545,A21N,passenger
2026-03-09,10:21,01:38,Ho Chi Minh City,SGN,VietJet Air,VJ184,1,11L,Landed,VN-A820,A333,passenger
2026-03-09,09:50,00:37,Vinh,VII,Vietnam Airlines,VN1716,1,11L,Landed,VN-A608,A321,passenger
2026-03-09,09:38,02:46,Taipei,TPE,Vietnam Airlines,VN579,2,11L,Landed,VN-A326,A321,passenger
2026-03-09,09:35,00:59,Da Nang,DAD,Vietravel Airlines,VU638,1,11L,Landed,VN-A136,A320,passenger
2026-03-09,09:30,01:29,Bangkok,BKK,Thai Airways,TG560,2,11L,Landed,HS-TXN,A320,passenger
2026-03-09,09:28,01:17,Pleiku,PXU,VietJet Air,VJ422,1,11L,Landed,VN-A632,A321,passenger
2026-03-09,09:24,01:40,Ho Chi Minh City,SGN,Avion Express,VJ148,1,11L,Landed,LY-NVG,A320,passenger
2026-03-09,09:20,01:40,Ho Chi Minh City,SGN,Sun PhuQuoc Airways,9G808,1,11L,Landed,VN-A284,A21N,passenger
2026-03-09,09:05,00:57,Hue,HUI,Vietnam Airlines,VN1540,1,11L,Landed,VN-A614,A321,passenger
2026-03-09,09:02,01:37,Ho Chi Minh City,SGN,Vietnam Airlines,VN240,1,11L,Landed,VN-A894,A359,passenger
2026-03-09,08:57,01:37,Ho Chi Minh City,SGN,Avion Express,VU774,1,11L,Landed,9H-MLW,A320,passenger
2026-03-09,08:54,01:31,Bangkok,DMK,AirAsia,FD642,2,29R,Landed,HS-EAC,A21N,passenger
2026-03-09,08:52,04:16,Seoul,ICN,VietJet Air,VJ963,2,11L,Landed,VN-A554,A21N,passenger
2026-03-09,08:46,01:01,Da Nang,DAD,VietJet Air,VJ510,1,11L,Landed,VN-A532,A321,passenger
2026-03-09,08:42,01:40,Hong Kong,HKG,HK express,UO540,2,11L,Landed,B-KKB,A21N,passenger
2026-03-09,08:33,01:40,Ho Chi Minh City,SGN,VietJet Air,VJ176,1,11L,Landed,VN-A642,A321,passenger
2026-03-09,08:17,01:34,Shenzhen,SZX,Shenzhen Airlines,ZH101,2,11L,Landed,B-8219,A320,passenger
2026-03-09,08:14,01:41,Ho Chi Minh City,SGN,VietJet Air,VJ126,1,11L,Landed,VN-A698,A321,passenger
2026-03-09,08:09,01:40,Ho Chi Minh City,SGN,Vietnam Airlines,VN7042,1,11L,Landed,VN-A505,A21N,passenger
2026-03-09,08:03,01:39,Hong Kong,HKG,Cathay Pacific,CX2049,0,11L,Landed,B-LJE,B748,cargo
2026-03-09,08:02,03:11,Manila,MNL,Cebu Pacific,5J744,2,11L,Landed,RP-C4140,A21N,passenger
2026-03-09,07:58,02:51,Kuala Lumpur,KUL,AirAsia,AK516,2,11L,Landed,9M-DAF,A320,passenger
2026-03-09,07:55,00:47,Nanning,NNG,GX Airlines,GX8971,2,11L,Landed,B-8655,A320,passenger
2026-03-09,07:51,02:48,Kuala Lumpur,KUL,MJets Air,WW220,0,11L,Landed,9M-WWB,B738,cargo
2026-03-09,07:49,02:50,Manila,MNL,Vietnam Airlines,VN646,2,11L,Landed,VN-A396,A321,passenger
2026-03-09,07:46,01:41,Ho Chi Minh City,SGN,Vietnam Airlines,VN206,1,11L,Landed,VN-A358,A321,passenger
2026-03-09,07:43,01:41,Ho Chi Minh City,SGN,Vietravel Airlines,VU750,1,11L,Landed,VN-A289,A321,passenger
2026-03-09,07:34,01:39,Ho Chi Minh City,SGN,Sun PhuQuoc Airways,9G802,1,11L,Landed,VN-A906,A21N,passenger
2026-03-09,07:31,01:41,Ho Chi Minh City,SGN,VietJet Air,VJ124,1,11L,Landed,VN-A697,A21N,passenger
2026-03-09,07:26,00:57,Da Nang,DAD,VietJet Air,VJ524,1,11L,Landed,VN-A543,A21N,passenger
2026-03-09,07:17,01:44,Ho Chi Minh City,SGN,VietJet Air,VJ122,1,11L,Landed,VN-A549,A21N,passenger
2026-03-09,07:11,03:21,Cebu,CEB,Vietnam Airlines,VN642,2,11L,Landed,VN-A392,A321,passenger
2026-03-09,06:59,01:00,Da Nang,DAD,Vietnam Airlines,VN154,1,11L,Landed,VN-A610,A321,passenger
2026-03-09,06:58,01:01,Da Nang,DAD,VietJet Air,VJ502,1,11L,Landed,VN-A672,A320,passenger
2026-03-09,06:48,01:40,Ho Chi Minh City,SGN,N/A,VN6002,1,11L,Landed,VN-A359,A321,passenger
2026-03-09,06:15,10:37,Paris,CDG,Vietnam Airlines,VN18,2,11L,Landed,VN-A899,A359,passenger
2026-03-09,06:10,10:08,Frankfurt,FRA,Vietnam Airlines,VN36,2,11L,Landed,VN-A864,B789,passenger
2026-03-09,05:57,04:03,Bengaluru,BLR,Vietnam Airlines,VN982,2,11L,Landed,VN-A625,A21N,passenger
2026-03-09,05:44,03:51,Jakarta,CGK,Vietnam Airlines,VN634,2,11L,Landed,VN-A506,A21N,passenger
2026-03-09,05:35,04:00,Ahmedabad,AMD,VietJet Air,VJ1926,2,11L,Landed,VN-A655,A320,passenger
2026-03-09,05:34,03:29,Hyderabad,HYD,Vietnam Airlines,VN984,2,11L,Landed,VN-A325,A321,passenger
2026-03-09,05:06,03:56,Mumbai,BOM,Vietnam Airlines,VN972,2,11L,Landed,VN-A869,B789,passenger
2026-03-09,03:24,04:27,Seoul,ICN,Air Zeta,KJ387,0,11L,Landed,HL7507,B763,cargo
2026-03-09,01:17,01:50,Ho Chi Minh City,SGN,Sun PhuQuoc Airways,9G892,1,11L,Landed,VN-A281,A21N,passenger
2026-03-09,01:14,05:52,Tokyo,NRT,Japan Airlines,JL6739,0,11L,Landed,JA654J,B763,cargo
2026-03-09,01:10,01:03,Da Nang,DAD,Bamboo Airways,QH148,1,11L,Landed,VN-A585,A321,passenger
2026-03-09,01:07,02:53,Manila,MNL,Philippine Airlines,PR595,2,11L,Landed,RP-C9926,A321,passenger
2026-03-09,01:04,02:49,Hangzhou,HGH,Air China,CA707,2,11L,Landed,B-8582,A320,passenger
2026-03-09,01:04,03:46,Qingdao,TAO,Shandong Airlines,SC4649,2,11L,Landed,B-7086,B738,passenger
2026-03-09,00:54,01:30,Nha Trang,CXR,VietJet Air,VJ778,1,11L,Landed,VN-A537,A21N,passenger
2026-03-09,00:41,01:40,Ho Chi Minh City,SGN,VietJet Air,VJ178,1,11L,Landed,VN-A632,A321,passenger
2026-03-09,00:16,03:02,Shanghai,PVG,Juneyao Air,HO1329,2,11L,Landed,B-304G,A320,passenger
2026-03-10,23:49,01:00,Da Nang,DAD,VietJet Air,VJ522,1,11L,Landed,VN-A547,A21N,passenger
2026-03-10,23:42,01:39,Phu Quoc,PQC,VietJet Air,VJ3523,1,11L,Landed,VN-A539,A21N,passenger
2026-03-10,23:25,01:41,Ho Chi Minh City,SGN,Vietravel Airlines,VU794,1,11L,Landed,VN-A136,A320,passenger
2026-03-10,23:09,01:49,Can Tho,VCA,VietJet Air,VJ464,1,11L,Landed,VN-A534,A21N,passenger
2026-03-10,22:58,01:34,Ho Chi Minh City,SGN,Vietnam Airlines,VN260,1,11L,Landed,VN-A874,B78X,passenger
2026-03-10,22:41,01:35,Nha Trang,CXR,VietJet Air,VJ778,1,11L,Landed,VN-A552,A21N,passenger
2026-03-10,22:39,01:43,Ho Chi Minh City,SGN,Vietnam Airlines,VN256,1,11L,Landed,VN-A334,A321,passenger
2026-03-10,22:34,01:02,Da Nang,DAD,VietJet Air,VJ518,1,11L,Landed,VN-A632,A321,passenger
2026-03-10,22:31,05:42,Tokyo,NRT,All Nippon Airways,NH897,2,11L,Landed,JA928A,B789,passenger
2026-03-10,22:28,01:27,Buon Ma Thuot,BMV,VietJet Air,VJ494,1,11L,Landed,VN-A671,A320,passenger
2026-03-10,22:23,01:45,Ho Chi Minh City,SGN,VietJet Air,VJ180,1,11L,Landed,VN-A578,A21N,passenger
2026-03-10,22:15,00:55,Hue,HUI,VietJet Air,VJ568,1,11L,Landed,VN-A666,A320,passenger
2026-03-10,22:11,04:16,Seoul,ICN,Asiana Airlines,OZ733,2,11L,Landed,HL8362,A359,passenger
2026-03-10,22:04,02:43,Kuala Lumpur,KUL,Vietnam Airlines,VN680,2,11L,Landed,VN-A399,A321,passenger
2026-03-10,22:02,00:59,Da Nang,DAD,Sun PhuQuoc Airways,9G942,1,11L,Landed,VN-A906,A21N,passenger
2026-03-10,21:57,01:38,Ho Chi Minh City,SGN,Vietnam Airlines,VN220,1,11L,Landed,VN-A878,B78X,passenger
2026-03-10,21:54,01:53,Chengdu,TFU,Sichuan Airlines,3U3905,2,11L,Landed,B-8331,A320,passenger
2026-03-10,21:51,01:24,Siem Reap,SAI,Vietnam Airlines,VN842,2,11L,Landed,VN-A326,A321,passenger
2026-03-10,21:48,01:09,Da Nang,DAD,N/A,VN6070,1,11L,Landed,VN-A354,A321,passenger
2026-03-10,21:42,01:33,Macau,MFM,Air Macau,NX982,2,11L,Landed,B-MCI,A320,passenger
2026-03-10,21:39,12:39,Anchorage,ANC,UPS,5X72,0,11L,Landed,N625UP,B748,cargo
2026-03-10,21:30,00:48,Vientiane,VTE,Vietnam Airlines,VN920,2,11L,Landed,VN-A612,A321,passenger
2026-03-10,21:24,01:39,Ho Chi Minh City,SGN,Vietnam Airlines,VN262,1,11L,Landed,VN-A862,B789,passenger
2026-03-10,21:21,01:47,Phu Quoc,PQC,Sun PhuQuoc Airways,9G1230,1,11L,Landed,VN-A284,A21N,passenger
2026-03-10,21:18,04:17,Seoul,ICN,Korean Air,KE447,2,11L,Landed,HL8392,B789,passenger
2026-03-10,21:15,01:20,Bangkok,BKK,Vietnam Airlines,VN618,2,11L,Landed,VN-A336,A321,passenger
2026-03-10,21:05,01:38,Ho Chi Minh City,SGN,VietJet Air,VJ196,1,11L,Landed,VN-A815,A333,passenger
2026-03-10,21:02,04:29,Denpasar,DPS,VietJet Air,VJ998,2,11L,Landed,VN-A532,A321,passenger
2026-03-10,20:59,01:40,Ho Chi Minh City,SGN,VietJet Air,VJ166,1,11L,Landed,VN-A538,A21N,passenger
2026-03-10,20:56,01:41,Hong Kong,HKG,HK express,UO542,2,11L,Landed,B-LCN,A20N,passenger
2026-03-10,20:39,01:33,Shenzhen,SZX,China Southern Airlines,CZ8083,2,11L,Landed,B-6355,A321,passenger
2026-03-10,20:33,01:21,Qui Nhon,UIH,Vietnam Airlines,VN7620,1,11L,Landed,VN-A625,A21N,passenger
2026-03-10,20:25,05:49,Tokyo,NRT,VietJet Air,VJ935,2,11L,Landed,VN-A653,A21N,passenger
2026-03-10,20:13,01:43,Phu Quoc,PQC,VietJet Air,VJ1440,1,11L,Landed,VN-A500,A21N,passenger
2026-03-10,20:10,01:08,Da Nang,DAD,Vietravel Airlines,VU658,1,11L,Landed,VN-A129,A321,passenger
2026-03-10,20:08,01:14,Chu Lai,VCL,Hai Au Aviation,HAI488,1,11L,Landed,VN-A488,FA8X,business jet
2026-03-10,20:07,01:49,Hong Kong,HKG,Hong Kong Air Cargo,RH317,0,11L,Landed,B-LNW,A332,cargo
2026-03-10,20:02,10:58,Leipzig,LEJ,DHL Air,QY574,0,11L,Landed,D-ALMG,A333,cargo
2026-03-10,19:59,01:04,Da Nang,DAD,Bamboo Airways,QH146,1,11L,Landed,VN-A585,A321,passenger
2026-03-10,19:55,02:45,Taichung,RMQ,VietJet Air,VJ949,2,11L,Landed,VN-A687,A321,passenger
2026-03-10,19:52,01:54,Ho Chi Minh City,SGN,Vietravel Airlines,VU780,1,11L,Landed,VN-A289,A321,passenger
2026-03-10,19:47,01:56,Ho Chi Minh City,SGN,VietJet Air,VJ152,1,11L,Landed,VN-A635,A321,passenger
2026-03-10,19:44,01:06,Hue,HUI,Vietnam Airlines,VN1544,1,11L,Landed,VN-A329,A321,passenger
2026-03-10,19:42,01:25,Pleiku,PXU,VietJet Air,VJ424,1,11L,Landed,VN-A547,A21N,passenger
2026-03-10,19:40,01:54,Chongqing,CKG,West Air,PN6423,2,11L,Landed,B-6765,A320,passenger
2026-03-10,19:34,02:59,Singapore,SIN,Vietnam Airlines,VN662,2,11L,Landed,VN-A357,A321,passenger
2026-03-10,19:33,01:44,Nha Trang,CXR,Vietnam Airlines,VN1558,1,11L,Landed,VN-A507,A21N,passenger
2026-03-10,19:20,01:41,Ho Chi Minh City,SGN,Vietnam Airlines,VN252,1,11L,Landed,VN-A866,B789,passenger
2026-03-10,19:17,01:26,Siem Reap,SAI,Vietnam Airlines,VN836,2,11L,Landed,VN-A392,A321,passenger
2026-03-10,19:17,00:41,Vinh,VII,Vietnam Airlines,VN1718,1,11L,Landed,VN-A325,A321,passenger
2026-03-10,19:11,04:55,Osaka,KIX,N/A,VJ931,2,11L,Landed,VN-A524,A21N,passenger
2026-03-10,19:09,01:38,Ho Chi Minh City,SGN,VietJet Air,VJ172,1,11L,Landed,VN-A811,A333,passenger
2026-03-10,19:06,01:19,Qui Nhon,UIH,VietJet Air,VJ432,1,11L,Landed,VN-A674,A21N,passenger
2026-03-10,18:56,01:19,Bangkok,BKK,China Airlines,CI6654,0,11L,Landed,B-18722,B744,cargo
2026-03-10,18:54,01:40,Phu Quoc,PQC,Sun PhuQuoc Airways,9G1216,1,11L,Landed,VN-A285,A21N,passenger
2026-03-10,18:48,01:41,Changsha,CSX,China Southern Airlines,CZ8359,2,11L,Landed,B-305D,A20N,passenger
2026-03-10,18:40,01:46,Hong Kong,HKG,Hong Kong Airlines,HX528,2,11L,Landed,B-LPS,A320,passenger
2026-03-10,18:38,01:51,Guangzhou,CAN,China Southern Airlines,CZ8177,2,11L,Landed,B-1829,A320,passenger
2026-03-10,18:37,01:21,Guiyang,KWE,Colorful Guizhou Airlines,GY701,2,11L,Landed,B-3320,E190,passenger
2026-03-10,18:28,01:34,Buon Ma Thuot,BMV,VietJet Air,VJ1492,1,11L,Landed,VN-A632,A321,passenger
2026-03-10,18:12,01:04,Da Nang,DAD,Vietnam Airlines,VN174,1,11L,Landed,VN-A390,A321,passenger
2026-03-10,18:01,00:59,Da Nang,DAD,Sun PhuQuoc Airways,9G932,1,11L,Landed,VN-A906,A21N,passenger
2026-03-10,17:55,01:40,Ho Chi Minh City,SGN,Vietnam Airlines,VN216,1,11L,Landed,VN-A879,B78X,passenger
2026-03-10,17:50,01:27,Bangkok,BKK,Vietnam Airlines,VN614,2,11L,Landed,VN-A603,A321,passenger
2026-03-10,17:44,02:39,Kaohsiung,KHH,VietJet Air,VJ947,2,11L,Landed,VN-A554,A21N,passenger
2026-03-10,17:41,01:40,Nha Trang,CXR,VietJet Air,VJ784,1,11L,Landed,VN-A629,A321,passenger
2026-03-10,17:33,03:29,Shanghai,PVG,China Eastern Airlines,MU6013,2,11L,Landed,B-32KU,A21N,passenger
2026-03-10,17:24,01:44,Phu Quoc,PQC,N/A,VN6400,1,11L,Landed,VN-A354,A321,passenger
2026-03-10,17:19,01:42,Ho Chi Minh City,SGN,VietJet Air,VJ194,1,11L,Landed,VN-A666,A320,passenger
2026-03-10,17:16,01:29,Bangkok,BKK,VietJet Air,VJ902,2,11L,Landed,VN-A549,A21N,passenger
2026-03-10,17:13,01:42,Phu Quoc,PQC,VietJet Air,VJ446,1,11L,Landed,VN-A663,A320,passenger
2026-03-10,17:09,04:23,Busan,PUS,VietJet Air,VJ957,2,11L,Landed,VN-A671,A320,passenger
2026-03-10,16:58,02:51,Singapore,SIN,VietJet Air,VJ916,2,11L,Landed,VN-A647,A321,passenger
2026-03-10,16:55,01:41,Ho Chi Minh City,SGN,VietJet Air,VJ130,1,11L,Landed,VN-A812,A333,passenger
2026-03-10,16:39,03:17,Shanghai,PVG,Air China,CA755,2,11L,Landed,B-6885,A321,passenger
2026-03-10,16:35,01:33,Nha Trang,CXR,Vietnam Airlines,VN7552,1,11L,Landed,VN-A611,A321,passenger
2026-03-10,16:26,04:40,Hiroshima,HIJ,VietJet Air,VJ953,2,11L,Landed,VN-A655,A320,passenger
2026-03-10,16:10,01:50,Can Tho,VCA,Vietnam Airlines,VN1202,1,11L,Landed,VN-A326,A321,passenger
2026-03-10,16:06,01:37,Ho Chi Minh City,SGN,Vietravel Airlines,VU770,1,11L,Landed,VN-A129,A321,passenger
2026-03-10,15:53,00:58,Da Nang,DAD,Vietnam Airlines,VN7164,1,11L,Landed,VN-A625,A21N,passenger
2026-03-10,15:49,01:22,Tuy Hoa,TBB,Vietnam Airlines,VN1650,1,11L,Landed,VN-A358,A321,passenger
2026-03-10,15:39,01:47,Phu Quoc,PQC,Sun PhuQuoc Airways,9G1208,1,11L,Landed,VN-A284,A21N,passenger
2026-03-10,15:20,02:44,Singapore,SIN,Vietnam Airlines,VN660,2,11L,Landed,VN-A508,A21N,passenger
2026-03-10,15:14,01:49,Ho Chi Minh City,SGN,Bamboo Airways,QH242,1,11L,Landed,ER-00005,A320,passenger
2026-03-10,15:10,01:42,Ho Chi Minh City,SGN,VietJet Air,VJ198,1,11L,Landed,VN-A636,A321,passenger
2026-03-10,15:00,01:42,Ho Chi Minh City,SGN,Vietnam Airlines,VN248,1,11L,Landed,VN-A329,A321,passenger
2026-03-10,14:47,01:31,Shenzhen,SZX,China Southern Airlines,CZ8469,2,11L,Landed,B-6912,A321,passenger
2026-03-10,14:42,01:05,Kunming,KMG,China Eastern Airlines,MU9605,2,11L,Landed,B-6145,B738,passenger
2026-03-10,14:40,02:17,Xiamen,XMN,Xiamen Air,MF869,2,11L,Landed,B-5706,B738,passenger
2026-03-10,14:38,01:41,Ho Chi Minh City,SGN,Sun PhuQuoc Airways,9G838,1,11L,Landed,VN-A279,A321,passenger
2026-03-10,14:35,01:34,Guangzhou,CAN,China Southern Airlines,CZ8315,2,11L,Landed,B-6827,A320,passenger
2026-03-10,14:31,02:39,Taipei,TPE,VietJet Air,VJ941,2,11L,Landed,VN-A674,A21N,passenger
2026-03-10,14:23,01:36,Nha Trang,CXR,Vietnam Airlines,VN1552,1,11L,Landed,VN-A392,A321,passenger
2026-03-10,14:16,02:51,Kuala Lumpur,KUL,AirAsia,AK512,2,11L,Landed,9M-RAR,A20N,passenger
2026-03-10,14:13,02:42,Kuala Lumpur,KUL,VietJet Air,VJ906,2,11L,Landed,VN-A547,A21N,passenger
2026-03-10,14:10,01:30,Bangkok,BKK,Vietnam Airlines,VN610,2,11L,Landed,VN-A390,A321,passenger
2026-03-10,14:03,01:57,Con Dao,VCS,VietJet Air,VJ106,1,11L,Landed,B-656E,AJ27,passenger
2026-03-10,14:01,01:38,Ho Chi Minh City,SGN,Vietnam Airlines,VN212,1,11L,Landed,VN-A893,A359,passenger
2026-03-10,13:58,01:41,Ho Chi Minh City,SGN,VietJet Air,VJ144,1,11L,Landed,VN-A551,A21N,passenger
2026-03-10,13:54,00:59,Da Nang,DAD,Vietnam Airlines,VN166,1,11L,Landed,VN-A613,A321,passenger
2026-03-10,13:48,03:22,Shanghai,PVG,China Eastern Airlines,MU6011,2,11L,Landed,B-1680,A321,passenger
2026-03-10,13:44,05:53,Tokyo,NRT,VietJet Air,VJ933,2,11L,Landed,VN-A815,A333,passenger
2026-03-10,13:40,04:26,Seoul,ICN,VietJet Air,VJ961,2,11L,Landed,VN-A500,A21N,passenger
2026-03-10,13:36,01:43,Shenzhen,SZX,Shenzhen Airlines,ZH103,2,11L,Landed,B-6650,A320,passenger
2026-03-10,13:30,02:35,Kaohsiung,KHH,Vietnam Airlines,VN583,2,11L,Landed,VN-A399,A321,passenger
2026-03-10,13:25,01:56,Phu Quoc,PQC,Sun PhuQuoc Airways,9G1204,1,11L,Landed,VN-A906,A21N,passenger
2026-03-10,13:22,02:28,Dhaka,DAC,Ethiopian Airlines,ET678,2,11L,Landed,ET-AUP,B789,passenger
2026-03-10,13:19,01:50,Nha Trang,CXR,VietJet Air,VJ770,1,11L,Landed,VN-A534,A21N,passenger
2026-03-10,13:16,04:13,Delhi,DEL,IndiGo,6E1633,2,11L,Landed,VT-IPH,A20N,passenger
2026-03-10,13:13,01:48,Phnom Penh,KTI,Air Cambodia,K6854,2,11L,Landed,XU-350,A321,passenger
2026-03-10,13:10,04:21,Seoul,ICN,Vietnam Airlines,VN417,2,11L,Landed,VN-A877,B78X,passenger
2026-03-10,13:05,04:55,Osaka,KIX,Vietnam Airlines,VN335,2,11L,Landed,VN-A894,A359,passenger
2026-03-10,13:02,06:01,Dubai,DXB,Emirates,EK394,2,11L,Landed,A6-ENH,B77W,passenger
2026-03-10,12:56,01:45,Ho Chi Minh City,SGN,Vietnam Airlines,VN246,1,11L,Landed,VN-A870,B789,passenger
2026-03-10,12:53,01:56,Guangzhou,CAN,Shenzhen Airlines,ZH121,2,11L,Landed,B-1712,B738,passenger
2026-03-10,12:51,05:29,Nagoya,NGO,VietJet Air,VJ921,2,11L,Landed,VN-A548,A21N,passenger
2026-03-10,12:48,03:03,Manila,MNL,Philippine Airlines,PR593,2,11L,Landed,RP-C9914,A321,passenger
2026-03-10,12:46,04:37,Fukuoka,FUK,Vietnam Airlines,VN357,2,11L,Landed,VN-A618,A21N,passenger
2026-03-10,12:46,01:55,Ho Chi Minh City,SGN,VietJet Air,VJ128,1,11L,Landed,VN-A811,A333,passenger
2026-03-10,12:40,01:51,Ho Chi Minh City,SGN,VietJet Air,VJ132,1,11L,Landed,VN-A637,A321,passenger
2026-03-10,12:37,01:50,Ho Chi Minh City,SGN,Bamboo Airways,QH224,1,11L,Landed,JU-1410,A320,passenger
2026-03-10,12:34,05:00,Osaka,KIX,VietJet Air,VJ939,2,11L,Landed,VN-A552,A21N,passenger
2026-03-10,12:31,04:58,Nagoya,NGO,Vietnam Airlines,VN349,2,11L,Landed,VN-A866,B789,passenger
2026-03-10,12:29,01:37,Nha Trang,CXR,VietJet Air,VJ780,1,11L,Landed,VN-A629,A321,passenger
2026-03-10,12:25,01:45,Phu Quoc,PQC,Sun PhuQuoc Airways,9G1202,1,11L,Landed,VN-A281,A21N,passenger
2026-03-10,12:23,01:02,Da Nang,DAD,Sun PhuQuoc Airways,9G916,1,11L,Landed,VN-A285,A21N,passenger
2026-03-10,12:19,02:51,Taipei,TPE,EVA Air,BR397,2,11L,Landed,B-16718,B77W,passenger
2026-03-10,12:14,02:47,Kuala Lumpur,KUL,Batik Air,OD571,2,11L,Landed,9M-LRK,B38M,passenger
2026-03-10,12:10,01:50,Phu Quoc,PQC,Vietnam Airlines,VN1236,1,11L,Landed,VN-A393,A321,passenger
2026-03-10,12:08,04:35,Seoul,ICN,Asiana Airlines,OZ729,2,11L,Landed,HL7700,B772,passenger
2026-03-10,12:02,03:01,Kuala Lumpur,KUL,Malaysia Airlines,MH752,2,11L,Landed,9M-MLR,B738,passenger
2026-03-10,12:00,03:44,Beijing,PEK,Air China,CA741,2,11L,Landed,B-328N,A21N,passenger
2026-03-10,11:56,01:34,Bangkok,DMK,AirAsia,FD640,2,11L,Landed,HS-ABA,A320,passenger
2026-03-10,11:52,01:37,Ho Chi Minh City,SGN,Vietnam Airlines,VN210,1,11L,Landed,VN-A871,B789,passenger
2026-03-10,11:49,04:18,Fukuoka,FUK,VietJet Air,VJ959,2,11L,Landed,VN-A687,A321,passenger
2026-03-10,11:42,01:45,Ho Chi Minh City,SGN,Vietnam Airlines,VN7044,1,11L,Landed,VN-A625,A21N,passenger
2026-03-10,11:39,01:44,Ho Chi Minh City,SGN,VietJet Air,VJ186,1,11L,Landed,VN-A539,A21N,passenger
2026-03-10,11:35,01:47,Can Tho,VCA,Vietnam Airlines,VN1200,1,11L,Landed,VN-A603,A321,passenger
2026-03-10,11:33,03:24,Shanghai,PVG,Air China,CA703,2,11L,Landed,B-6883,A321,passenger
2026-03-10,11:23,01:45,Ho Chi Minh City,SGN,Sun PhuQuoc Airways,9G822,1,11L,Landed,VN-A280,A321,passenger
2026-03-10,11:17,02:51,Singapore,SIN,Singapore Airlines,SQ192,2,11L,Landed,9V-SHO,A359,passenger
2026-03-10,11:12,00:59,Da Nang,DAD,Vietnam Airlines,VN164,1,11L,Landed,VN-A336,A321,passenger
2026-03-10,11:02,01:27,Qui Nhon,UIH,N/A,VJ430,1,11L,Landed,,N/A,unknown
2026-03-10,10:56,04:40,Seoul,ICN,Korean Air,KE441,2,11L,Landed,HL8531,A21N,passenger
2026-03-10,10:50,01:46,Ho Chi Minh City,SGN,VietJet Air,VJ136,1,11L,Landed,VN-A634,A321,passenger
2026-03-10,10:47,04:25,Busan,PUS,VietJet Air,VJ981,2,11L,Landed,VN-A546,A21N,passenger
2026-03-10,10:43,02:53,Taipei,TPE,STARLUX,JX715,2,11L,Landed,B-58212,A21N,passenger
2026-03-10,10:40,04:17,Seoul,ICN,Air Zeta,KJ933,0,11L,Landed,HL7423,B744,cargo
2026-03-10,10:37,02:16,Hong Kong,HKG,Cathay Pacific,CX741,2,11L,Landed,B-HNI,B773,passenger
2026-03-10,10:31,02:57,Taipei,TPE,China Airlines,CI791,2,11L,Landed,B-18315,A333,passenger
2026-03-10,10:28,01:05,Chu Lai,VCL,Vietnam Airlines,VN1640,1,11L,Landed,VN-A514,A20N,passenger
2026-03-10,10:26,01:46,Guangzhou,CAN,China Southern Airlines,CZ3049,2,29R,Landed,B-30DG,A20N,passenger
2026-03-10,10:23,01:40,Ho Chi Minh City,SGN,VietJet Air,VJ184,1,11L,Landed,VN-A812,A333,passenger
2026-03-10,10:19,00:56,Hue,HUI,Vietnam Airlines,VN1542,1,11L,Landed,VN-A614,A321,passenger
2026-03-10,10:14,00:41,Vinh,VII,Vietnam Airlines,VN1716,1,11L,Landed,VN-A357,A321,passenger
2026-03-10,10:06,02:33,Kaohsiung,KHH,Vietnam Airlines,VN587,2,11L,Landed,VN-A326,A321,passenger
2026-03-10,10:03,01:46,Ho Chi Minh City,SGN,Vietnam Airlines,VN208,1,11L,Landed,VN-A896,A359,passenger
2026-03-10,09:59,01:04,Da Nang,DAD,Vietravel Airlines,VU638,1,11L,Landed,VN-A129,A321,passenger
2026-03-10,09:54,02:56,Taipei,TPE,Vietnam Airlines,VN579,2,11L,Landed,VN-A327,A321,passenger
2026-03-10,09:48,01:13,Pleiku,PXU,VietJet Air,VJ422,1,11L,Landed,VN-A632,A321,passenger
2026-03-10,09:41,01:33,Bangkok,BKK,Thai Airways,TG560,2,11L,Landed,HS-TXG,A320,passenger
2026-03-10,09:32,01:10,Da Nang,DAD,VietJet Air,VJ504,1,11L,Landed,VN-A532,A321,passenger
2026-03-10,09:29,01:53,Ho Chi Minh City,SGN,Avion Express,VJ148,1,11L,Landed,LY-NVG,A320,passenger
2026-03-10,09:25,01:53,Shenzhen,SZX,Shenzhen Airlines,ZH101,2,11L,Landed,B-8078,A320,passenger
2026-03-10,09:23,01:51,Ho Chi Minh City,SGN,Sun PhuQuoc Airways,9G808,1,11L,Landed,VN-A284,A21N,passenger
2026-03-10,09:14,03:13,Shanghai,PVG,Air China Cargo,CA3115,0,11L,Landed,B-2475,B744,cargo
2026-03-10,09:09,01:05,Da Nang,DAD,Vietnam Airlines,VN158,1,11L,Landed,VN-A325,A321,passenger
2026-03-10,09:04,01:45,Ho Chi Minh City,SGN,Bamboo Airways,QH204,1,11L,Landed,ER-00005,A320,passenger
2026-03-10,08:59,01:34,Bangkok,BKK,K-Mile Air,8K525,0,11L,Landed,HS-KMD,B738,cargo
2026-03-10,08:56,01:41,Ho Chi Minh City,SGN,Vietnam Airlines,VN240,1,29R,Landed,VN-A888,A359,passenger
2026-03-10,08:37,06:37,Baku,GYD,Silk Way West Airlines,7L8581,0,11L,Landed,VP-BMU,B77L,cargo
2026-03-10,08:20,01:41,Ho Chi Minh City,SGN,Sun PhuQuoc Airways,9G806,1,11L,Landed,VN-A279,A321,passenger
2026-03-10,08:10,01:40,Ho Chi Minh City,SGN,Vietnam Airlines,VN7042,1,11L,Landed,VN-A613,A321,passenger
2026-03-10,07:52,01:41,Ho Chi Minh City,SGN,Vietnam Airlines,VN206,1,11L,Landed,VN-A611,A321,passenger
2026-03-10,07:48,01:04,Da Nang,DAD,VietJet Air,VJ524,1,11L,Landed,VN-A658,A320,passenger
2026-03-10,07:42,01:41,Ho Chi Minh City,SGN,VietJet Air,VJ124,1,11L,Landed,VN-A657,A321,passenger
2026-03-10,07:31,01:39,Ho Chi Minh City,SGN,Sun PhuQuoc Airways,9G802,1,11L,Landed,VN-A285,A21N,passenger
2026-03-10,07:27,05:39,Almaty,ALA,Turkish Airlines,TK6192,0,11L,Landed,TC-LJL,B77L,cargo
2026-03-10,07:16,02:59,Manila,MNL,Cebu Pacific,5J744,2,11L,Landed,RP-C4147,A21N,passenger
2026-03-10,07:12,01:00,Da Nang,DAD,Vietnam Airlines,VN156,1,11L,Landed,VN-A605,A321,passenger
2026-03-10,07:08,01:42,Ho Chi Minh City,SGN,VietJet Air,VJ122,1,11L,Landed,VN-A653,A21N,passenger
2026-03-10,06:57,00:59,Da Nang,DAD,VietJet Air,VJ502,1,11L,Landed,VN-A534,A21N,passenger
2026-03-10,06:50,01:43,Ho Chi Minh City,SGN,N/A,VN6002,1,11L,Landed,VN-A354,A321,passenger
2026-03-10,06:12,04:06,Mumbai,BOM,VietJet Air,VJ910,2,11L,Landed,VN-A674,A21N,passenger
2026-03-10,06:06,10:46,Paris,CDG,Vietnam Airlines,VN18,2,N/A,Landed,VN-A892,A359,passenger
2026-03-10,05:41,03:55,Jakarta,CGK,Vietnam Airlines,VN634,2,11R,Landed,VN-A508,A21N,passenger
2026-03-10,05:35,03:59,Ahmedabad,AMD,VietJet Air,VJ1926,2,11R,Landed,VN-A671,A320,passenger
2026-03-10,05:29,11:07,London,LHR,Vietnam Airlines,VN56,2,11R,Landed,VN-A871,B789,passenger
2026-03-10,05:24,07:58,Moscow,SVO,Vietnam Airlines,VN62,2,11R,Landed,VN-A870,B789,passenger
2026-03-10,05:19,01:35,Guangzhou,CAN,FedEx,FX6001,0,11R,Landed,N120FE,B763,cargo
2026-03-10,05:10,09:59,Munich,MUC,Vietnam Airlines,VN34,2,N/A,Landed,VN-A897,A359,passenger
2026-03-10,04:47,03:25,Hyderabad,HYD,One Air,HE740,0,11R,Landed,G-ONEF,B744,cargo
2026-03-10,04:43,03:27,Delhi,DEL,Vietnam Airlines,VN980,2,11L,Landed,VN-A893,A359,passenger
2026-03-10,04:31,05:41,Dubai,DWC,Emirates,EK9854,0,11R,Landed,A6-EFS,B77L,cargo
2026-03-10,03:44,03:12,Beijing,PKX,VietJet Air,VJ7713,2,11R,Landed,VN-A656,A320,passenger
2026-03-10,03:07,06:35,Riyadh,RUH,Turkish Airlines,TK6193,0,11R,Landed,TC-LJS,B77L,cargo
2026-03-10,02:58,01:41,Ho Chi Minh City,SGN,VietJet Air,VJ182,1,11R,Landed,VN-A685,A321,passenger
2026-03-10,02:10,04:31,Seoul,ICN,Air Zeta,KJ375,0,11R,Landed,HL8319,B738,cargo
2026-03-10,01:58,04:08,Seoul,ICN,Korean Air,KE361,0,11R,Landed,HL7629,B748,cargo
2026-03-10,01:28,04:27,Seoul,ICN,Air Zeta,KJ391,0,11L,Landed,HL7507,B763,cargo
2026-03-10,01:23,03:10,Shanghai,PVG,China Eastern Airlines,MU5075,2,11L,Landed,B-1772,B738,passenger
2026-03-10,01:21,01:41,Ho Chi Minh City,SGN,Vietnam Airlines,VN270,1,11L,Landed,VN-A514,A20N,passenger
2026-03-10,01:13,01:44,Ho Chi Minh City,SGN,Bamboo Airways,QH282,1,11L,Landed,VN-A227,A321,passenger
2026-03-10,01:10,02:48,Manila,MNL,Philippine Airlines,PR595,2,11L,Landed,RP-C9916,A321,passenger
2026-03-10,01:08,02:58,Manila,MNL,Cebu Pacific,5J746,2,11L,Landed,RP-C4133,A21N,passenger
2026-03-10,00:57,03:32,Qingdao,TAO,Shandong Airlines,SC4649,2,11L,Landed,B-1443,B738,passenger
2026-03-10,00:34,01:32,Shenzhen,SZX,Shenzhen Airlines,ZH107,2,11L,Landed,B-8219,A320,passenger
2026-03-10,00:20,01:41,Ho Chi Minh City,SGN,Sun PhuQuoc Airways,9G886,1,11L,Landed,VN-A906,A21N,passenger
2026-03-10,00:11,01:40,Ho Chi Minh City,SGN,Vietnam Airlines,VN224,1,11L,Landed,VN-A602,A321,passenger
2026-03-10,00:07,03:07,Shanghai,PVG,Juneyao Air,HO1329,2,11L,Landed,B-8317,A321,passenger
2026-03-10,00:00,01:41,Ho Chi Minh City,SGN,Vietnam Airlines,VN260,1,11L,Landed,VN-A603,A321,passenger
2026-03-11,23:55,00:58,Da Nang,DAD,VietJet Air,VJ522,1,11L,Landed,VN-A687,A321,passenger
2026-03-11,23:48,01:24,Bangkok,BKK,Vietnam Airlines,VN616,2,11L,Landed,VN-A507,A21N,passenger
2026-03-11,23:38,01:44,Ho Chi Minh City,SGN,VietJet Air,VJ174,1,11L,Landed,VN-A546,A21N,passenger
2026-03-11,23:20,01:40,Ho Chi Minh City,SGN,Sun PhuQuoc Airways,9G882,1,11L,Landed,VN-A280,A321,passenger
2026-03-11,23:14,11:19,Leipzig,LEJ,DHL Air,QY576,0,11L,Landed,D-ACVG,A333,cargo
2026-03-11,23:13,01:06,Da Nang,DAD,Bamboo Airways,QH148,1,11L,Landed,VN-A585,A321,passenger
2026-03-11,23:09,01:41,Hong Kong,HKG,Cathay Pacific,CX3147,0,11L,Landed,B-LIC,B744,cargo
2026-03-11,23:07,01:42,Ho Chi Minh City,SGN,VietJet Air,VJ164,1,11L,Landed,VN-A534,A21N,passenger
2026-03-11,23:04,01:01,N/A,,VietJet Air,VJ520,2,11L,Landed,VN-A647,A321,passenger
2026-03-11,22:49,01:05,Da Nang,DAD,VietJet Air,VJ518,1,11L,Landed,VN-A632,A321,passenger
2026-03-11,22:49,01:51,Ho Chi Minh City,SGN,Bamboo Airways,QH286,1,11L,Landed,VN-A227,A321,passenger
2026-03-11,22:44,04:16,Seoul,ICN,Kalitta Air,K4602,0,11L,Landed,N782CK,B744,cargo
2026-03-11,22:34,01:59,Can Tho,VCA,VietJet Air,VJ464,1,11L,Landed,VN-A698,A321,passenger
2026-03-11,22:31,04:25,Seoul,ICN,Asiana Airlines,OZ733,2,11L,Landed,HL8360,A359,passenger
2026-03-11,22:29,01:48,Ho Chi Minh City,SGN,VietJet Air,VJ180,1,11L,Landed,VN-A549,A21N,passenger
2026-03-11,22:25,05:38,Tokyo,NRT,All Nippon Airways,NH897,2,11L,Landed,JA932A,B789,passenger
2026-03-11,22:23,00:57,Hue,HUI,VietJet Air,VJ568,1,11L,Landed,VN-A542,A321,passenger
2026-03-11,22:21,01:34,Nha Trang,CXR,VietJet Air,VJ778,1,11L,Landed,VN-A636,A321,passenger
2026-03-11,22:17,02:50,Kuala Lumpur,KUL,MJets Air,WW220,0,11L,Landed,9M-WWB,B738,cargo
2026-03-11,22:15,00:59,Da Nang,DAD,Sun PhuQuoc Airways,9G942,1,11L,Landed,VN-A908,A20N,passenger
2026-03-11,22:08,02:45,Kuala Lumpur,KUL,Vietnam Airlines,VN680,2,11L,Landed,VN-A501,A21N,passenger
2026-03-11,22:05,01:37,Ho Chi Minh City,SGN,Vietnam Airlines,VN220,1,11L,Landed,VN-A872,B78X,passenger
2026-03-11,21:57,01:41,Ho Chi Minh City,SGN,VietJet Air,VJ196,1,11L,Landed,VN-A815,A333,passenger
2026-03-11,21:54,01:47,Ho Chi Minh City,SGN,Bluesky Airways,BSF979,1,N/A,Landed,VN-A979,FA8X,business jet
2026-03-11,21:52,01:41,Ho Chi Minh City,SGN,Bamboo Airways,QH268,1,N/A,Landed,ER-00005,A320,passenger
2026-03-11,21:45,01:38,Chengdu,TFU,Sichuan Airlines,3U3905,2,11L,Landed,B-1886,A320,passenger
2026-03-11,21:41,01:53,Can Tho,VCA,Vietnam Airlines,VN1206,1,11L,Landed,VN-A625,A21N,passenger
2026-03-11,21:37,04:13,Seoul,ICN,Korean Air,KE447,2,11L,Landed,HL8572,B78X,passenger
2026-03-11,21:35,01:38,Phnom Penh,KTI,Vietnam Airlines,VN922,2,11L,Landed,VN-A326,A321,passenger
2026-03-11,21:33,01:29,Macau,MFM,Air Macau,NX982,2,11L,Landed,B-MCC,A321,passenger
2026-03-11,21:30,00:47,Vientiane,VTE,Vietnam Airlines,VN920,2,11L,Landed,VN-A325,A321,passenger
2026-03-11,21:17,02:59,Taipei,TPE,VietJet Air,VJ943,2,11L,Landed,VN-A552,A21N,passenger
2026-03-11,21:04,01:40,Ho Chi Minh City,SGN,Sun PhuQuoc Airways,9G872,1,11L,Landed,VN-A281,A21N,passenger
2026-03-11,20:57,01:34,Shenzhen,SZX,China Southern Airlines,CZ8083,2,11L,Landed,B-6657,A321,passenger
2026-03-11,20:53,01:29,Bangkok,BKK,Vietnam Airlines,VN618,2,11L,Landed,VN-A336,A321,passenger
2026-03-11,20:45,01:24,Bangkok,BKK,FedEx,FX6002,0,11L,Landed,N103FE,B763,cargo
2026-03-11,20:42,01:21,Siem Reap,SAI,VietJet Air,VJ914,2,11L,Landed,VN-A535,A321,passenger
2026-03-11,20:39,01:43,Ho Chi Minh City,SGN,Vietnam Airlines,VN250,1,29R,Landed,VN-A868,B789,passenger
2026-03-11,20:35,01:19,Qui Nhon,UIH,Vietnam Airlines,VN7620,1,11L,Landed,VN-A613,A321,passenger
2026-03-11,20:30,00:58,Da Nang,DAD,Vietravel Airlines,VU658,1,11L,Landed,VN-A129,A321,passenger
2026-03-11,20:27,00:59,Da Nang,DAD,Vietnam Airlines,VN188,1,11L,Landed,VN-A513,A20N,passenger
2026-03-11,20:17,01:41,Ho Chi Minh City,SGN,VietJet Air,VJ154,1,11L,Landed,VN-A500,A21N,passenger
2026-03-11,20:10,00:41,Luang Prabang,LPQ,Vietnam Airlines,VN930,2,11L,Landed,VN-A331,A321,passenger
2026-03-11,20:06,01:44,Phu Quoc,PQC,VietJet Air,VJ1440,1,11L,Landed,VN-A547,A21N,passenger
2026-03-11,19:54,01:32,Yangon,RGN,Myanmar Airways International,8M450,2,11L,Landed,XY-AGR,A319,passenger
2026-03-11,19:51,01:00,Da Nang,DAD,VietJet Air,VJ516,1,11L,Landed,VN-A671,A320,passenger
2026-03-11,19:44,01:24,Pleiku,PXU,VietJet Air,VJ424,1,11L,Landed,VN-A684,A321,passenger
2026-03-11,19:41,01:50,Ho Chi Minh City,SGN,Sun PhuQuoc Airways,9G864,1,11L,Landed,VN-A906,A21N,passenger
2026-03-11,19:37,01:49,Chongqing,CKG,West Air,PN6423,2,29R,Landed,B-6763,A320,passenger
2026-03-11,19:27,01:06,Da Nang,DAD,Vietnam Airlines,VN180,1,11L,Landed,VN-A514,A20N,passenger
2026-03-11,19:25,05:10,Osaka,KIX,VietJet Air,VJ931,2,11L,Landed,VN-A674,A21N,passenger
2026-03-11,19:19,01:43,Hong Kong,HKG,Hong Kong Air Cargo,RH317,0,11L,Landed,B-LNZ,A332,cargo
2026-03-11,19:13,01:37,Phu Quoc,PQC,VietJet Air,VJ446,1,11L,Landed,VN-A699,A320,passenger
2026-03-11,18:59,01:43,Hong Kong,HKG,Hong Kong Airlines,HX528,2,11L,Landed,B-LPT,A320,passenger
2026-03-11,18:47,01:37,Changsha,CSX,China Southern Airlines,CZ8359,2,11L,Landed,B-305D,A20N,passenger
2026-03-11,18:40,01:38,Ho Chi Minh City,SGN,Vietnam Airlines,VN252,1,11L,Landed,VN-A886,A359,passenger
2026-03-11,18:25,04:03,Jakarta,CGK,VietJet Air,VJ928,2,11L,Landed,VN-A656,A320,passenger
2026-03-11,18:16,01:40,Shenzhen,SZX,Shenzhen Airlines,ZH105,2,11L,Landed,B-7749,B738,passenger
2026-03-11,18:08,01:37,Guangzhou,CAN,China Southern Airlines,CZ8177,2,11L,Landed,B-2408,A320,passenger
2026-03-11,18:05,01:33,Nha Trang,CXR,Vietnam Airlines,VN1558,1,11L,Landed,VN-A505,A21N,passenger
2026-03-11,17:59,01:28,Phnom Penh,KTI,Air Cambodia,K6850,2,11L,Landed,XU-350,A321,passenger
2026-03-11,17:23,03:14,Shanghai,PVG,China Eastern Airlines,MU6013,2,11L,Landed,B-32L9,A21N,passenger
2026-03-11,16:56,01:36,Bangkok,BKK,VietJet Air,VJ902,2,11L,Landed,VN-A635,A321,passenger
2026-03-11,16:35,02:40,Gaya,GAY,Vietnam Airlines,VN9982,2,11L,Landed,VN-A358,A321,passenger
2026-03-11,16:32,03:13,Shanghai,PVG,Air China,CA755,2,11L,Landed,B-6742,A321,passenger
2026-03-11,16:21,02:17,N/A,,N/A,N/A,2,11L,Landed,VN-B469,C208,passenger
2026-03-11,16:18,01:00,Da Nang,DAD,Vietnam Airlines,VN172,1,29R,Landed,VN-A326,A321,passenger
2026-03-11,16:14,01:48,Can Tho,VCA,Vietnam Airlines,VN1202,1,29R,Landed,VN-A393,A321,passenger
2026-03-11,15:53,01:16,Pleiku,PXU,Vietnam Airlines,VN7612,1,11L,Landed,VN-A513,A20N,passenger
2026-03-11,15:47,01:00,Da Nang,DAD,Vietnam Airlines,VN7164,1,11L,Landed,VN-A613,A321,passenger
2026-03-11,15:46,08:53,Istanbul,IST,Turkish Airlines,TK164,2,11L,Landed,TC-LGI,A359,passenger
2026-03-11,15:33,01:41,Phu Quoc,PQC,Sun PhuQuoc Airways,9G1208,1,11L,Landed,VN-A284,A21N,passenger
2026-03-11,15:23,01:38,Hong Kong,HKG,Vietnam Airlines,VN593,2,11L,Landed,VN-A608,A321,passenger
2026-03-11,15:11,01:04,Da Nang,DAD,Vietnam Airlines,VN170,1,11L,Landed,VN-A334,A321,passenger
2026-03-11,14:42,02:51,Taipei,TPE,VietJet Air,VJ941,2,11L,Landed,VN-A532,A321,passenger
2026-03-11,14:33,01:05,Chiang Mai,CNX,AirAsia,FD870,2,11L,Landed,HS-ABY,A320,passenger
2026-03-11,14:23,01:00,Da Nang,DAD,Vietnam Airlines,VN168,1,11L,Landed,VN-A625,A21N,passenger
2026-03-11,14:21,01:34,Guangzhou,CAN,China Southern Airlines,CZ8315,2,11L,Landed,B-32ET,A20N,passenger
2026-03-11,14:15,01:28,Nha Trang,CXR,Vietnam Airlines,VN1552,1,11L,Landed,VN-A329,A321,passenger
2026-03-11,13:22,00:42,Dien Bien Phu,DIN,Vietnam Airlines,VN7805,1,11L,Landed,VN-A399,A321,passenger
2026-03-11,13:11,05:16,Khabarovsk,KHV,VietJet Air,VJ3524,2,11L,Landed,VN-A539,A21N,passenger
2026-03-11,12:50,05:21,Nagoya,NGO,VietJet Air,VJ921,2,29R,Landed,VN-A500,A21N,passenger
2026-03-11,12:41,05:07,Nagoya,NGO,Vietnam Airlines,VN349,2,11L,Landed,VN-A871,B789,passenger
2026-03-11,12:33,02:00,Dhaka,DAC,Ethiopian Airlines,ET678,2,11L,Landed,ET-AOP,B788,passenger
2026-03-11,12:05,01:43,Ho Chi Minh City,SGN,VietJet Air,VJ128,1,11L,Landed,VN-A698,A321,passenger
2026-03-11,11:54,03:02,Kuala Lumpur,KUL,Malaysia Airlines,MH752,2,11L,Landed,9M-MLQ,B738,passenger
2026-03-11,11:52,01:45,Bangkok,DMK,AirAsia,FD640,2,11L,Landed,HS-ABU,A320,passenger
2026-03-11,11:26,03:20,Beijing,PEK,Air China,CA741,2,11L,Landed,B-32NE,A21N,passenger
2026-03-11,11:22,00:54,Dong Hoi,VDH,Vietnam Airlines,VN1590,1,11L,Landed,VN-A326,A321,passenger
2026-03-11,11:21,03:18,Shanghai,PVG,Air China,CA703,2,11L,Landed,B-8495,A321,passenger
2026-03-11,11:17,02:52,Singapore,SIN,Singapore Airlines,SQ192,2,11L,Landed,9V-SHK,A359,passenger
2026-03-11,11:15,01:31,Buon Ma Thuot,BMV,Vietnam Airlines,VN1602,1,11L,Landed,VN-A331,A321,passenger
2026-03-11,11:08,01:40,Ho Chi Minh City,SGN,VietJet Air,VJ132,1,11L,Landed,VN-A544,A321,passenger
2026-03-11,11:05,04:35,Seoul,ICN,Korean Air,KE441,2,11L,Landed,HL8509,A21N,passenger
2026-03-11,10:55,01:02,Da Nang,DAD,Vietnam Airlines,VN164,1,11L,Landed,VN-A602,A321,passenger
2026-03-11,10:52,01:18,Qui Nhon,UIH,VietJet Air,VJ430,1,11L,Landed,VN-A685,A321,passenger
2026-03-11,10:45,01:32,Nha Trang,CXR,VietJet Air,VJ772,1,11L,Landed,VN-A816,A333,passenger
2026-03-11,10:42,01:35,Bangkok,DMK,N/A,N/A,2,11L,Landed,HS-CPH,H25B,business jet
2026-03-11,10:39,01:44,Phu Quoc,PQC,VietJet Air,VJ442,1,11L,Landed,VN-A635,A321,passenger
2026-03-11,10:30,01:39,Ho Chi Minh City,SGN,VietJet Air,VJ136,1,11L,Landed,VN-A636,A321,passenger
2026-03-11,10:26,04:18,Busan,PUS,VietJet Air,VJ981,2,11L,Landed,VN-A687,A321,passenger
2026-03-11,10:23,02:51,Taipei,TPE,China Airlines,CI791,2,11L,Landed,B-18311,A333,passenger
2026-03-11,10:19,00:59,Hue,HUI,Vietnam Airlines,VN1542,1,11L,Landed,VN-A625,A21N,passenger
2026-03-11,10:14,02:43,Singapore,SIN,EVA Air,BR6061,0,11L,Landed,B-16781,B77L,cargo
2026-03-11,10:06,01:35,Guangzhou,CAN,China Southern Airlines,CZ3049,2,11L,Landed,B-301W,A20N,passenger
2026-03-11,09:58,01:04,Da Nang,DAD,Vietravel Airlines,VU638,1,11L,Landed,VN-A129,A321,passenger
2026-03-11,09:54,02:30,Kaohsiung,KHH,Vietnam Airlines,VN587,2,11L,Landed,VN-A393,A321,passenger
2026-03-11,09:52,01:25,Buon Ma Thuot,BMV,VietJet Air,VJ492,1,11L,Landed,VN-A641,A321,passenger
2026-03-11,09:45,02:53,Taipei,TPE,Vietnam Airlines,VN579,2,11L,Landed,VN-A608,A321,passenger
2026-03-11,09:42,00:35,Vinh,VII,Vietnam Airlines,VN1716,1,11L,Landed,VN-A334,A321,passenger
2026-03-11,09:36,01:45,Ho Chi Minh City,SGN,Sun PhuQuoc Airways,9G808,1,11L,Landed,VN-A284,A21N,passenger
2026-03-11,09:29,01:41,Ho Chi Minh City,SGN,Avion Express,VJ148,1,11L,Landed,LY-NVG,A320,passenger
2026-03-11,09:19,01:40,Ho Chi Minh City,SGN,Avion Express,VU774,1,11L,Landed,9H-MLW,A320,passenger
2026-03-11,09:12,00:57,Da Nang,DAD,VietJet Air,VJ504,1,11L,Landed,VN-A632,A321,passenger
2026-03-11,09:05,04:28,Seoul,ICN,VietJet Air,VJ963,2,11L,Landed,VN-A548,A21N,passenger
2026-03-11,08:58,00:59,Da Nang,DAD,Vietnam Airlines,VN158,1,11L,Landed,VN-A508,A21N,passenger
2026-03-11,08:50,01:44,Hong Kong,HKG,HK express,UO540,2,11L,Landed,B-HSM,A320,passenger
2026-03-11,08:47,00:55,Hue,HUI,Vietnam Airlines,VN1540,1,11L,Landed,VN-A329,A321,passenger
2026-03-11,08:44,00:58,Da Nang,DAD,Bamboo Airways,QH104,1,11L,Landed,VN-A585,A321,passenger
2026-03-11,08:34,01:00,Da Nang,DAD,VietJet Air,VJ510,1,11L,Landed,VN-A647,A321,passenger
2026-03-11,08:25,01:28,Bangkok,BKK,K-Mile Air,8K525,0,11L,Landed,HS-KMD,B738,cargo
2026-03-11,08:23,02:48,Singapore,SIN,Scoot,TR300,2,11L,Landed,9V-OFG,B788,passenger
2026-03-11,08:15,01:37,Ho Chi Minh City,SGN,Vietnam Airlines,VN206,1,11L,Landed,VN-A889,A359,passenger
2026-03-11,08:11,01:45,Ho Chi Minh City,SGN,VietJet Air,VJ126,1,11L,Landed,VN-A578,A21N,passenger
2026-03-11,07:51,02:52,Manila,MNL,Vietnam Airlines,VN646,2,11L,Landed,VN-A325,A321,passenger
2026-03-11,07:39,01:41,Ho Chi Minh City,SGN,Vietravel Airlines,VU750,1,11L,Landed,VN-A289,A321,passenger
2026-03-11,07:22,08:34,Istanbul,IST,Turkish Airlines,TK252,2,11L,Landed,TC-JJY,B77W,passenger
2026-03-11,07:18,01:35,Ho Chi Minh City,SGN,VietJet Air,VJ120,1,11L,Landed,VN-A811,A333,passenger
2026-03-11,07:08,00:59,Da Nang,DAD,Vietnam Airlines,VN156,1,11L,Landed,VN-A392,A321,passenger
2026-03-11,07:00,03:27,Cebu,CEB,Vietnam Airlines,VN642,2,11L,Landed,VN-A336,A321,passenger
2026-03-11,06:43,01:40,Ho Chi Minh City,SGN,N/A,VN6002,1,11L,Landed,VN-A363,A321,passenger
2026-03-11,06:15,10:12,Frankfurt,FRA,Vietnam Airlines,VN36,2,11L,Landed,VN-A864,B789,passenger
2026-03-11,06:07,09:03,Melbourne,MEL,Vietnam Airlines,VN778,2,11R,Landed,VN-A897,A359,passenger
2026-03-11,05:40,03:59,Mumbai,BOM,Sun PhuQuoc Airways,9G6310,2,11R,Landed,VN-A286,A21N,passenger
2026-03-11,05:25,03:32,Delhi,DEL,VietJet Air,VJ972,2,11R,Landed,VN-A812,A333,passenger
2026-03-11,05:20,03:57,Ahmedabad,AMD,VietJet Air,VJ1926,2,11R,Landed,VN-A655,A320,passenger
2026-03-11,05:16,01:28,Guangzhou,CAN,FedEx,FX6001,0,11R,Landed,N103FE,B763,cargo
2026-03-11,04:08,10:01,Milan,MXP,Vietnam Airlines,VN72,2,N/A,Landed,VN-A890,A359,passenger
2026-03-11,03:57,01:35,Nha Trang,CXR,Bamboo Airways,QH1416,1,11R,Landed,VN-A227,A321,passenger
2026-03-11,03:41,04:33,Seoul,ICN,Air Zeta,KJ389,0,11R,Landed,HL7507,B763,cargo
2026-03-11,02:13,03:26,Vijayawada,VGA,Sun PhuQuoc Airways,9G6350,2,11R,Landed,VN-A281,A21N,passenger
2026-03-11,01:50,01:40,Ho Chi Minh City,SGN,Bamboo Airways,QH282,1,11L,Landed,VN-A585,A321,passenger
2026-03-11,01:38,03:25,Shanghai,PVG,China Eastern Airlines,MU5075,2,11L,Landed,B-5858,B738,passenger
2026-03-11,01:34,04:17,Seoul,ICN,Korean Air,KE9575,0,11L,Landed,HL8252,B77L,cargo
2026-03-11,01:12,01:34,Shenzhen,SZX,Shenzhen Airlines,ZH107,2,11L,Landed,B-8078,A320,passenger
2026-03-11,01:09,02:48,Manila,MNL,Philippine Airlines,PR595,2,11L,Landed,RP-C9915,A321,passenger
2026-03-11,01:05,01:39,Ho Chi Minh City,SGN,VietJet Air,VJ182,1,11L,Landed,VN-A635,A321,passenger
2026-03-11,00:59,03:33,Qingdao,TAO,Shandong Airlines,SC4649,2,11L,Landed,B-1442,B738,passenger
2026-03-11,00:56,02:52,Hangzhou,HGH,Air China,CA707,2,11L,Landed,B-8493,A320,passenger
2026-03-11,00:41,01:41,Ho Chi Minh City,SGN,VietJet Air,VJ178,1,11L,Landed,VN-A641,A321,passenger
2026-03-11,00:35,01:39,Ho Chi Minh City,SGN,Sun PhuQuoc Airways,9G886,1,11L,Landed,VN-A908,A20N,passenger
2026-03-11,00:33,03:15,Shanghai,PVG,Juneyao Air,HO1329,2,11L,Landed,B-1005,A321,passenger
2026-03-11,00:16,01:25,Bangkok,BKK,Vietnam Airlines,VN616,2,11L,Landed,VN-A619,A21N,passenger
2026-03-11,00:13,00:59,Da Nang,DAD,Vietnam Airlines,VN7192,1,11L,Landed,VN-A603,A321,passenger
2026-03-11,00:10,00:58,Da Nang,DAD,VietJet Air,VJ520,1,11L,Landed,VN-A500,A21N,passenger
2026-03-12,23:52,01:40,Ho Chi Minh City,SGN,Sun PhuQuoc Airways,9G882,1,11L,Landed,VN-A285,A21N,passenger
2026-03-12,23:22,01:02,Da Nang,DAD,VietJet Air,VJ520,1,11L,Landed,VN-A632,A321,passenger
2026-03-12,23:18,03:55,Seoul,ICN,Jeju Air,7C2201,2,11L,Landed,HL8555,B38M,passenger
2026-03-12,23:16,00:59,Hue,HUI,Vietnam Airlines,VN1548,1,11L,Landed,VN-A393,A321,passenger
2026-03-12,23:07,01:48,Can Tho,VCA,VietJet Air,VJ464,1,11L,Landed,VN-A636,A321,passenger
2026-03-12,23:04,01:40,Ho Chi Minh City,SGN,Vietravel Airlines,VU794,1,11L,Landed,VN-A136,A320,passenger
2026-03-12,22:56,00:59,Da Nang,DAD,VietJet Air,VJ518,1,11L,Landed,VN-A641,A321,passenger
2026-03-12,22:51,00:59,Da Nang,DAD,Sun PhuQuoc Airways,9G942,1,11L,Landed,VN-A280,A321,passenger
2026-03-12,22:21,01:43,Ho Chi Minh City,SGN,VietJet Air,VJ180,1,11L,Landed,VN-A645,A321,passenger
2026-03-12,22:09,02:47,Kuala Lumpur,KUL,Vietnam Airlines,VN680,2,11L,Landed,VN-A331,A321,passenger
2026-03-12,21:59,01:32,Macau,MFM,Air Macau,NX982,2,11L,Landed,B-MCL,A20N,passenger
2026-03-12,21:54,01:25,Siem Reap,SAI,Vietnam Airlines,VN842,2,11L,Landed,VN-A612,A321,passenger
2026-03-12,21:51,01:11,Da Nang,DAD,N/A,VN6070,1,11L,Landed,VN-A363,A321,passenger
2026-03-12,21:47,12:30,Anchorage,ANC,UPS,5X72,0,11L,Landed,N634UP,B748,cargo
2026-03-12,21:42,01:58,Can Tho,VCA,Vietnam Airlines,VN1206,1,11L,Landed,VN-A501,A21N,passenger
2026-03-12,21:36,01:57,Phu Quoc,PQC,Sun PhuQuoc Airways,9G1230,1,11L,Landed,VN-A906,A21N,passenger
2026-03-12,21:21,04:11,Seoul,ICN,N/A,5Y8123,0,11L,Landed,N486MC,B744,cargo
2026-03-12,21:18,04:03,Seoul,ICN,Korean Air,KE447,2,11L,Landed,HL8085,B789,passenger
2026-03-12,21:15,01:34,Nha Trang,CXR,Vietnam Airlines,VN1562,1,11L,Landed,VN-A399,A321,passenger
2026-03-12,21:10,00:50,Vientiane,VTE,Vietnam Airlines,VN920,2,11L,Landed,VN-A353,A321,passenger
2026-03-12,21:08,01:00,Hue,HUI,Vietnam Airlines,VN7544,1,11L,Landed,VN-A329,A321,passenger
2026-03-12,21:04,01:48,Ho Chi Minh City,SGN,Sun PhuQuoc Airways,9G872,1,11L,Landed,VN-A281,A21N,passenger
2026-03-12,21:01,01:31,Bangkok,BKK,FedEx,FX6002,0,11L,Landed,N112FE,B763,cargo
2026-03-12,20:54,01:30,Bangkok,DMK,AirAsia,FD644,2,11L,Landed,HS-EAF,A21N,passenger
2026-03-12,20:53,01:38,Bangkok,BKK,Vietnam Airlines,VN618,2,11L,Landed,VN-A324,A321,passenger
2026-03-12,20:49,01:28,Qui Nhon,UIH,Vietnam Airlines,VN7620,1,11L,Landed,VN-A503,A21N,passenger
2026-03-12,20:43,00:53,Luang Prabang,LPQ,AirAsia,FD1038,2,11L,Landed,HS-ABX,A320,passenger
2026-03-12,20:37,01:40,Shenzhen,SZX,China Southern Airlines,CZ8083,2,11L,Landed,B-6978,A321,passenger
2026-03-12,20:29,01:48,Ho Chi Minh City,SGN,VietJet Air,VJ158,1,11L,Landed,VN-A634,A321,passenger
2026-03-12,20:27,01:01,Luang Prabang,LPQ,Vietnam Airlines,VN930,2,11L,Landed,VN-A338,A321,passenger
2026-03-12,20:24,01:02,Da Nang,DAD,Vietravel Airlines,VU658,1,11L,Landed,VN-A129,A321,passenger
2026-03-12,20:21,01:05,Da Nang,DAD,VietJet Air,VJ516,1,11L,Landed,VN-A657,A321,passenger
2026-03-12,20:14,01:25,Qui Nhon,UIH,Bamboo Airways,QH1214,1,11L,Landed,ER-00005,A320,passenger
2026-03-12,20:11,11:21,Leipzig,LEJ,DHL Air,QY574,0,11L,Landed,D-ALMG,A333,cargo
2026-03-12,20:04,01:46,Hong Kong,HKG,Cathay Pacific,CX3247,0,11L,Landed,B-LJL,B748,cargo
2026-03-12,19:52,01:44,Ho Chi Minh City,SGN,Bluesky Airways,BSF999,1,29R,Landed,VN-A999,FA8X,business jet
2026-03-12,19:50,00:47,Vientiane,VTE,VietJet Air,VJ24,2,11L,Landed,VN-A537,A21N,passenger
2026-03-12,19:35,01:39,Bangkok,BKK,Thai Airways,TG564,2,N/A,Landed,HS-TXH,A320,passenger
2026-03-12,19:31,01:45,Ho Chi Minh City,SGN,VietJet Air,VJ152,1,11L,Landed,VN-A649,A321,passenger
2026-03-12,19:22,01:25,Qui Nhon,UIH,VietJet Air,VJ432,1,11L,Landed,VN-A672,A320,passenger
2026-03-12,19:15,01:03,Da Nang,DAD,Vietnam Airlines,VN174,1,11L,Landed,VN-A602,A321,passenger
2026-03-12,18:56,01:47,Changsha,CSX,China Southern Airlines,CZ8359,2,11L,Landed,B-32FY,A20N,passenger
2026-03-12,18:45,01:47,Hong Kong,HKG,Cathay Pacific,CX743,2,11L,Landed,B-KQC,B77W,passenger
2026-03-12,18:30,01:52,Ho Chi Minh City,SGN,Sun PhuQuoc Airways,9G854,1,11L,Landed,VN-A280,A321,passenger
2026-03-12,18:28,01:38,Phnom Penh,KTI,Air Cambodia,K6850,2,11L,Landed,XU-353,A320,passenger
2026-03-12,18:20,01:41,Nha Trang,CXR,Vietnam Airlines,VN1558,1,11L,Landed,VN-A508,A21N,passenger
2026-03-12,17:55,01:37,Nha Trang,CXR,VietJet Air,VJ784,1,11L,Landed,VN-A580,A21N,passenger
2026-03-12,17:37,01:09,Da Nang,DAD,VietJet Air,VJ514,1,11L,Landed,VN-A636,A321,passenger
2026-03-12,17:31,02:31,Kaohsiung,KHH,VietJet Air,VJ947,2,11L,Landed,VN-A549,A21N,passenger
2026-03-12,17:24,01:45,Guangzhou,CAN,Vietnam Airlines,VN507,2,11R,Landed,VN-A329,A321,passenger
2026-03-12,17:20,01:44,Phu Quoc,PQC,N/A,VN6400,1,11R,Landed,VN-A363,A321,passenger
2026-03-12,16:53,02:31,Kolkata,CCU,IndiGo,6E1631,2,11L,Landed,VT-IVZ,A20N,passenger
2026-03-12,16:50,02:55,Taipei,TPE,EVA Air,BR385,2,11L,Landed,B-16208,A321,passenger
2026-03-12,16:36,04:21,Hiroshima,HIJ,VietJet Air,VJ953,2,11L,Landed,VN-A671,A320,passenger
2026-03-12,16:33,03:02,Taipei,TPE,China Airlines,CI793,2,11L,Landed,B-18102,A21N,passenger
2026-03-12,16:12,01:00,Da Nang,DAD,Vietnam Airlines,VN7164,1,29R,Landed,VN-A503,A21N,passenger
2026-03-12,16:05,01:49,Can Tho,VCA,Vietnam Airlines,VN1202,1,29R,Landed,VN-A612,A321,passenger
2026-03-12,16:02,02:06,Con Dao,VCS,VietJet Air,VJ108,1,29R,Landed,B-656E,AJ27,passenger
2026-03-12,15:58,01:52,Can Tho,VCA,VietJet Air,VJ460,1,29R,Landed,VN-A655,A320,passenger
2026-03-12,15:54,01:46,Ho Chi Minh City,SGN,Vietravel Airlines,VU770,1,29R,Landed,VN-A129,A321,passenger
2026-03-12,15:40,01:54,Can Tho,VCA,VietJet Air,VJ462,1,29R,Landed,VN-A657,A321,passenger
2026-03-12,15:37,01:45,Phu Quoc,PQC,Sun PhuQuoc Airways,9G1208,1,29R,Landed,VN-A906,A21N,passenger
2026-03-12,15:13,01:43,Ho Chi Minh City,SGN,Vietnam Airlines,VN248,1,11L,Landed,VN-A619,A21N,passenger
2026-03-12,15:08,08:23,Istanbul,IST,Turkish Airlines,TK164,2,11L,Landed,TC-LGV,A359,passenger
2026-03-12,15:04,01:41,Ho Chi Minh City,SGN,VietJet Air,VJ198,1,11L,Landed,VN-A525,A21N,passenger
2026-03-12,14:57,01:55,Ho Chi Minh City,SGN,Sun PhuQuoc Airways,9G838,1,11L,Landed,VN-A279,A321,passenger
2026-03-12,14:15,01:34,Nha Trang,CXR,Vietnam Airlines,VN1552,1,11L,Landed,VN-A614,A321,passenger
2026-03-12,14:00,01:03,Da Nang,DAD,Sun PhuQuoc Airways,9G922,1,11L,Landed,VN-A284,A21N,passenger
2026-03-12,13:25,05:37,Tokyo,NRT,VietJet Air,VJ933,2,11L,Landed,VN-A653,A21N,passenger
2026-03-12,13:16,05:33,N/A,,Emirates,EK394,2,11L,Landed,A6-ENH,B77W,passenger
2026-03-12,13:11,00:57,Hue,HUI,VietJet Air,VJ566,1,11L,Landed,VN-A636,A321,passenger
2026-03-12,12:58,04:06,Busan,PUS,Vietnam Airlines,VN429,2,11L,Landed,VN-A877,B78X,passenger
2026-03-12,12:43,01:56,Phu Quoc,PQC,Sun PhuQuoc Airways,9G1202,1,11L,Landed,VN-A281,A21N,passenger
2026-03-12,12:34,04:56,Nagoya,NGO,VietJet Air,VJ921,2,11L,Landed,VN-A552,A21N,passenger
2026-03-12,12:11,04:32,Osaka,KIX,VietJet Air,VJ939,2,11L,Landed,VN-A674,A21N,passenger
2026-03-12,12:06,01:00,Da Nang,DAD,Sun PhuQuoc Airways,9G916,1,11L,Landed,VN-A285,A21N,passenger
2026-03-12,12:01,02:47,Manila,MNL,Philippine Airlines,PR593,2,11L,Landed,RP-C9926,A321,passenger
2026-03-12,11:49,04:06,Seoul,ICN,Asiana Airlines,OZ729,2,11L,Landed,HL7791,B772,passenger
2026-03-12,11:46,01:32,Bangkok,DMK,AirAsia,FD640,2,11L,Landed,HS-BBC,A320,passenger
2026-03-12,11:39,04:06,Fukuoka,FUK,VietJet Air,VJ959,2,11L,Landed,VN-A687,A321,passenger
2026-03-12,11:30,03:16,Beijing,PEK,Air China,CA741,2,11L,Landed,B-325M,A21N,passenger
2026-03-12,11:11,01:26,Buon Ma Thuot,BMV,Vietnam Airlines,VN1602,1,11L,Landed,VN-A396,A321,passenger
2026-03-12,11:07,01:21,Pleiku,PXU,Vietnam Airlines,VN1614,1,11L,Landed,VN-A393,A321,passenger
2026-03-12,11:04,03:01,Shanghai,PVG,Air China,CA703,2,11L,Landed,B-8502,A321,passenger
2026-03-12,11:00,01:00,Da Nang,DAD,Vietnam Airlines,VN164,1,11L,Landed,VN-A326,A321,passenger
2026-03-12,10:55,01:37,Ho Chi Minh City,SGN,Vietnam Airlines,VN244,1,11L,Landed,VN-A894,A359,passenger
2026-03-12,10:50,01:42,Phu Quoc,PQC,VietJet Air,VJ442,1,11L,Landed,VN-A549,A21N,passenger
2026-03-12,10:45,01:36,Bangkok,DMK,AirAsia,FD642,2,11L,Landed,HS-EAC,A21N,passenger
2026-03-12,10:41,01:41,Hong Kong,HKG,Cathay Pacific,CX741,2,11L,Landed,B-LBJ,A333,passenger
2026-03-12,10:32,01:04,Chu Lai,VCL,Vietnam Airlines,VN1640,1,11L,Landed,VN-A514,A20N,passenger
2026-03-12,10:16,04:05,Seoul,ICN,Korean Air,KE441,2,11L,Landed,HL8509,A21N,passenger
2026-03-12,10:08,01:33,Guangzhou,CAN,China Southern Airlines,CZ3049,2,11L,Landed,B-322F,A20N,passenger
2026-03-12,10:03,01:02,Hue,HUI,Vietnam Airlines,VN1542,1,11R,Landed,VN-A602,A321,passenger
2026-03-12,10:01,00:41,Vinh,VII,Vietnam Airlines,VN1716,1,11R,Landed,VN-A608,A321,passenger
2026-03-12,09:58,02:34,Kaohsiung,KHH,Vietnam Airlines,VN587,2,11L,Landed,VN-A612,A321,passenger
2026-03-12,09:58,03:00,Taipei,TPE,Vietnam Airlines,VN579,2,11L,Landed,VN-A399,A321,passenger
2026-03-12,09:53,01:33,Bangkok,BKK,Thai Airways,TG560,2,11L,Landed,HS-TXG,A320,passenger
2026-03-12,09:50,01:56,Ho Chi Minh City,SGN,Avion Express,VJ148,1,N/A,Landed,LY-NVG,A320,passenger
2026-03-12,09:39,01:28,Buon Ma Thuot,BMV,VietJet Air,VJ492,1,11L,Landed,VN-A632,A321,passenger
2026-03-12,09:30,01:39,Ho Chi Minh City,SGN,Vietnam Airlines,VN240,1,11L,Landed,VN-A886,A359,passenger
2026-03-12,09:21,01:46,Ho Chi Minh City,SGN,Sun PhuQuoc Airways,9G808,1,11L,Landed,VN-A906,A21N,passenger
2026-03-12,09:19,01:00,Da Nang,DAD,VietJet Air,VJ504,1,11L,Landed,VN-A546,A21N,passenger
2026-03-12,09:12,01:46,Ho Chi Minh City,SGN,Avion Express,VU774,1,11L,Landed,9H-MLW,A320,passenger
2026-03-12,09:00,00:55,Hue,HUI,Vietnam Airlines,VN1540,1,11L,Landed,VN-A357,A321,passenger
2026-03-12,08:32,04:08,Seoul,ICN,VietJet Air,VJ963,2,11L,Landed,VN-A500,A21N,passenger
2026-03-12,08:29,01:47,Ho Chi Minh City,SGN,Vietnam Airlines,VN7042,1,11L,Landed,VN-A353,A321,passenger
2026-03-12,08:23,01:43,Ho Chi Minh City,SGN,VietJet Air,VJ126,1,11L,Landed,VN-A667,A321,passenger
2026-03-12,07:55,01:44,Ho Chi Minh City,SGN,VietJet Air,VJ124,1,11L,Landed,VN-A629,A321,passenger
2026-03-12,07:51,01:45,Ho Chi Minh City,SGN,Vietravel Airlines,VU750,1,11L,Landed,VN-A289,A321,passenger
2026-03-12,07:30,03:06,Manila,MNL,Cebu Pacific,5J744,2,11L,Landed,RP-C4145,A21N,passenger
2026-03-12,07:20,04:15,Seoul,ICN,Air Zeta,KJ387,0,11L,Landed,HL7507,B763,cargo
2026-03-12,07:17,02:45,Manila,MNL,Vietnam Airlines,VN646,2,11L,Landed,VN-A329,A321,passenger
2026-03-12,07:14,01:39,Ho Chi Minh City,SGN,VietJet Air,VJ122,1,11L,Landed,VN-A689,A320,passenger
2026-03-12,07:09,01:00,Da Nang,DAD,VietJet Air,VJ502,1,11L,Landed,VN-A675,A320,passenger
2026-03-12,07:03,00:58,Da Nang,DAD,Vietnam Airlines,VN156,1,11L,Landed,VN-A324,A321,passenger
2026-03-12,06:51,01:38,Ho Chi Minh City,SGN,N/A,VN6002,1,11L,Landed,VN-A363,A321,passenger
2026-03-12,06:18,10:16,Frankfurt,FRA,Vietnam Airlines,VN36,2,11L,Landed,VN-A862,B789,passenger
2026-03-12,06:15,10:43,Paris,CDG,Vietnam Airlines,VN18,2,29L,Landed,VN-A893,A359,passenger
2026-03-12,06:05,03:57,Mumbai,BOM,VietJet Air,VJ910,2,11L,Landed,VN-A548,A21N,passenger
2026-03-12,05:57,04:04,Seoul,ICN,Atlas Air,5Y8317,0,11L,Landed,N416MC,B744,cargo
2026-03-12,05:40,08:08,Moscow,SVO,Vietnam Airlines,VN62,2,11L,Landed,VN-A870,B789,passenger
2026-03-12,05:37,03:35,Delhi,DEL,N/A,5Y8132,0,11L,Landed,N485MC,B744,cargo
2026-03-12,05:33,03:49,Jakarta,CGK,Vietnam Airlines,VN634,2,11L,Landed,VN-A393,A321,passenger
2026-03-12,04:42,03:30,Delhi,DEL,Vietnam Airlines,VN980,2,N/A,Landed,VN-A891,A359,passenger
2026-03-12,02:09,04:09,Seoul,ICN,Korean Air,KE361,0,11L,Landed,HL7605,B744,cargo
2026-03-12,01:30,02:47,Manila,MNL,Philippine Airlines,PR595,2,11L,Landed,RP-C9925,A321,passenger
2026-03-12,01:26,01:42,Ho Chi Minh City,SGN,VietJet Air,VJ182,1,11L,Landed,VN-A657,A321,passenger
2026-03-12,00:49,04:13,Seoul,ICN,CMA CGM Air Cargo,5Y8527,0,11L,Landed,N761GT,B77L,cargo
2026-03-12,00:49,03:26,Qingdao,TAO,Shandong Airlines,SC4649,2,11L,Landed,B-1443,B738,passenger
2026-03-12,00:37,01:37,Shenzhen,SZX,Shenzhen Airlines,ZH107,2,11L,Landed,B-8219,A320,passenger
2026-03-12,00:34,03:04,Shanghai,PVG,Juneyao Air,HO1329,2,11L,Landed,B-8539,A321,passenger
2026-03-12,00:32,01:41,Ho Chi Minh City,SGN,Sun PhuQuoc Airways,9G886,1,11L,Landed,VN-A286,A21N,passenger
2026-03-12,00:27,01:28,Nha Trang,CXR,VietJet Air,VJ7704,1,11L,Landed,VN-A516,A21N,passenger
2026-03-12,00:15,00:56,Da Nang,DAD,Vietnam Airlines,VN7192,1,11L,Landed,VN-A331,A321,passenger
2026-03-12,00:10,04:32,Seoul,ICN,Jeju Air,7C2201,2,11L,Landed,HL8593,B38M,passenger
2026-03-13,23:53,01:41,Ho Chi Minh City,SGN,Vietnam Airlines,VN224,1,11L,Landed,VN-A395,A321,passenger
2026-03-13,23:32,01:39,Ho Chi Minh City,SGN,Sun PhuQuoc Airways,9G882,1,11L,Landed,VN-A280,A321,passenger
2026-03-13,23:19,01:33,Nha Trang,CXR,Bamboo Airways,QH1416,1,11L,Landed,VN-A596,A20N,passenger
2026-03-13,23:12,00:54,Hue,HUI,Vietnam Airlines,VN1548,1,11L,Landed,VN-A613,A321,passenger
2026-03-13,23:09,01:53,Can Tho,VCA,VietJet Air,VJ464,1,11L,Landed,VN-A645,A321,passenger
2026-03-13,23:06,01:33,Nha Trang,CXR,VietJet Air,VJ778,1,11L,Landed,VN-A685,A321,passenger
2026-03-13,22:57,11:36,Liege,LGG,MSC Air,5Y9333,0,11L,Landed,N709GT,B77L,cargo
2026-03-13,22:54,01:40,Ho Chi Minh City,SGN,Vietravel Airlines,VU794,1,11L,Landed,VN-A129,A321,passenger
2026-03-13,22:51,01:42,Ho Chi Minh City,SGN,VietJet Air,VJ180,1,11L,Landed,VN-A639,A321,passenger
2026-03-13,22:37,01:38,Ho Chi Minh City,SGN,Vietnam Airlines,VN256,1,11L,Landed,VN-A397,A321,passenger
2026-03-13,22:34,01:02,Da Nang,DAD,Sun PhuQuoc Airways,9G942,1,11L,Landed,VN-A906,A21N,passenger
2026-03-13,22:30,01:36,Ho Chi Minh City,SGN,Vietnam Airlines,VN220,1,11L,Landed,VN-A872,B78X,passenger
2026-03-13,22:26,01:03,Da Nang,DAD,VietJet Air,VJ518,1,11L,Landed,VN-A553,A21N,passenger
2026-03-13,22:23,00:57,Hue,HUI,VietJet Air,VJ568,1,11L,Landed,VN-A632,A321,passenger
2026-03-13,22:19,02:39,Kuala Lumpur,KUL,Vietnam Airlines,VN680,2,11L,Landed,VN-A392,A321,passenger
2026-03-13,22:03,01:34,Phnom Penh,KTI,Vietnam Airlines,VN922,2,11L,Landed,VN-A393,A321,passenger
2026-03-13,22:01,01:44,Ho Chi Minh City,SGN,VietJet Air,VJ190,1,11L,Landed,VN-A637,A321,passenger
2026-03-13,21:56,01:48,Chengdu,TFU,Sichuan Airlines,3U3905,2,11L,Landed,B-6700,A320,passenger
2026-03-13,21:46,01:47,Ho Chi Minh City,SGN,Bamboo Airways,QH268,1,11L,Landed,ER-00005,A320,passenger
2026-03-13,21:44,02:45,Taipei,TPE,VietJet Air,VJ943,2,11L,Landed,VN-A674,A21N,passenger
2026-03-13,21:35,01:42,Nha Trang,CXR,Vietnam Airlines,VN1562,1,11L,Landed,VN-A353,A321,passenger
2026-03-13,21:32,04:48,Denpasar,DPS,VietJet Air,VJ998,2,11L,Landed,VN-A535,A321,passenger
2026-03-13,21:30,01:37,Bangkok,BKK,Vietnam Airlines,VN618,2,11L,Landed,VN-A507,A21N,passenger
2026-03-13,21:27,12:04,Anchorage,ANC,UPS,5X72,0,11L,Landed,N614UP,B748,cargo
2026-03-13,21:24,01:47,Ho Chi Minh City,SGN,N/A,VJ150,1,11L,Landed,VN-A524,A21N,passenger
2026-03-13,21:15,01:35,Bangkok,BKK,FedEx,FX6002,0,11L,Landed,N112FE,B763,cargo
2026-03-13,21:07,01:46,Ho Chi Minh City,SGN,Vietnam Airlines,VN258,1,11L,Landed,VN-A896,A359,passenger
2026-03-13,21:04,04:00,Seoul,ICN,Korean Air,KE447,2,11L,Landed,HL8515,B78X,passenger
2026-03-13,20:53,01:42,Ho Chi Minh City,SGN,Sun PhuQuoc Airways,9G872,1,29R,Landed,VN-A281,A21N,passenger
2026-03-13,20:44,01:29,Shenzhen,SZX,China Southern Airlines,CZ8083,2,11L,Landed,B-6912,A321,passenger
2026-03-13,20:32,01:42,Yangon,RGN,Myanmar Airways International,8M450,2,11L,Landed,XY-AGV,A319,passenger
2026-03-13,20:27,03:53,Seoul,ICN,Vietnam Airlines,VN415,2,11L,Landed,VN-A897,A359,passenger
2026-03-13,20:25,05:09,Tokyo,NRT,VietJet Air,VJ935,2,11L,Landed,VN-A545,A21N,passenger
2026-03-13,20:14,01:27,Bangkok,DMK,AirAsia,FD644,2,11L,Landed,HS-EAF,A21N,passenger
2026-03-13,20:12,01:04,Da Nang,DAD,Vietravel Airlines,VU658,1,11L,Landed,VN-A136,A320,passenger
2026-03-13,19:58,00:57,Hue,HUI,Vietnam Airlines,VN1544,1,11L,Landed,VN-A612,A321,passenger
2026-03-13,19:54,01:41,Ho Chi Minh City,SGN,Sun PhuQuoc Airways,9G864,1,11L,Landed,VN-A285,A21N,passenger
2026-03-13,19:48,00:34,Haiphong,HPH,Vietnam Airlines,VN7668,1,11L,Landed,VN-A358,A321,passenger
2026-03-13,19:43,04:56,Tokyo,HND,Vietnam Airlines,VN385,2,11L,Landed,VN-A890,A359,passenger
2026-03-13,19:37,01:16,Pleiku,PXU,VietJet Air,VJ424,1,11L,Landed,VN-A580,A21N,passenger
2026-03-13,19:34,00:58,Da Nang,DAD,Vietnam Airlines,VN180,1,11L,Landed,VN-A514,A20N,passenger
2026-03-13,19:28,01:43,Chongqing,CKG,West Air,PN6423,2,11L,Landed,B-306U,A20N,passenger
2026-03-13,19:25,01:28,Bangkok,BKK,Thai Airways,TG564,2,11L,Landed,HS-TXR,A320,passenger
2026-03-13,19:23,01:23,Siem Reap,SAI,Vietnam Airlines,VN836,2,11L,Landed,VN-A501,A21N,passenger
2026-03-13,19:20,01:40,Nha Trang,CXR,Vietnam Airlines,VN1560,1,11L,Landed,VN-A613,A321,passenger
2026-03-13,19:17,01:47,Hong Kong,HKG,Hong Kong Air Cargo,RH317,0,11L,Landed,B-LNZ,A332,cargo
2026-03-13,18:52,01:37,Ho Chi Minh City,SGN,VietJet Air,VJ152,1,N/A,Landed,VN-A661,A321,passenger
2026-03-13,18:49,01:31,Phnom Penh,KTI,Air Cambodia,K6850,2,N/A,Landed,XU-350,A321,passenger
2026-03-13,18:46,04:24,Osaka,KIX,VietJet Air,VJ931,2,N/A,Landed,VN-A525,A21N,passenger
2026-03-13,18:35,01:45,Guangzhou,CAN,China Southern Airlines,CZ8177,2,11L,Landed,B-322A,A21N,passenger
2026-03-13,18:29,01:28,Buon Ma Thuot,BMV,VietJet Air,VJ1492,1,11L,Landed,VN-A632,A321,passenger
2026-03-13,18:15,01:03,Da Nang,DAD,Sun PhuQuoc Airways,9G932,1,N/A,Landed,VN-A906,A21N,passenger
2026-03-13,18:04,01:42,Ho Chi Minh City,SGN,Vietnam Airlines,VN216,1,N/A,Landed,VN-A877,B78X,passenger
2026-03-13,18:03,02:37,Kaohsiung,KHH,VietJet Air,VJ947,2,11L,Landed,VN-A634,A321,passenger
2026-03-13,17:58,01:31,Lijiang,LJG,Bamboo Airways,QH801,2,N/A,Landed,VN-A596,A20N,passenger
2026-03-13,17:57,03:53,Jakarta,CGK,VietJet Air,VJ928,2,N/A,Landed,VN-A548,A21N,passenger
2026-03-13,17:52,01:34,Bangkok,BKK,Vietnam Airlines,VN614,2,N/A,Landed,VN-A399,A321,passenger
2026-03-13,17:42,01:45,Guangzhou,CAN,Vietnam Airlines,VN507,2,11L,Landed,VN-A357,A321,passenger
2026-03-13,17:31,01:45,Ho Chi Minh City,SGN,VietJet Air,VJ194,1,N/A,Landed,VN-A554,A21N,passenger
2026-03-13,17:24,01:41,Phu Quoc,PQC,N/A,VN6400,1,N/A,Landed,VN-A363,A321,passenger
2026-03-13,17:19,00:40,Dien Bien Phu,DIN,Vietnam Airlines,VN1805,1,N/A,Landed,VN-A608,A321,passenger
2026-03-13,17:16,03:07,Shanghai,PVG,China Eastern Airlines,MU6013,2,N/A,Landed,B-32KD,A21N,passenger
2026-03-13,16:53,01:43,Ho Chi Minh City,SGN,Transavia,VJ134,1,N/A,Landed,LY-MLI,A320,passenger
2026-03-13,16:41,02:51,Taipei,TPE,China Airlines,CI793,2,N/A,Landed,B-18651,B738,passenger
2026-03-13,16:34,03:47,Busan,PUS,VietJet Air,VJ957,2,11L,Landed,VN-A672,A320,passenger
2026-03-13,16:10,01:47,Can Tho,VCA,Vietnam Airlines,VN1202,1,11L,Landed,VN-A618,A21N,passenger
2026-03-13,16:02,01:29,Buon Ma Thuot,BMV,Vietnam Airlines,VN7600,1,11L,Landed,VN-A513,A20N,passenger
2026-03-13,15:40,01:40,Phu Quoc,PQC,Sun PhuQuoc Airways,9G1208,1,11L,Landed,VN-A286,A21N,passenger
2026-03-13,15:17,01:33,Nha Trang,CXR,VietJet Air,VJ774,1,11L,Landed,VN-A683,A321,passenger
2026-03-13,15:08,01:42,Shenzhen,SZX,Shenzhen Airlines,ZH103,2,11L,Landed,B-9909,A320,passenger
2026-03-13,15:00,03:02,Taipei,TPE,VietJet Air,VJ941,2,11L,Landed,VN-A580,A21N,passenger
2026-03-13,14:57,01:40,Shenzhen,SZX,China Southern Airlines,CZ8469,2,11L,Landed,B-6625,A321,passenger
2026-03-13,14:48,01:22,Chiang Mai,CNX,AirAsia,FD870,2,11R,Landed,HS-CBK,A20N,passenger
2026-03-13,14:45,01:50,Ho Chi Minh City,SGN,Vietnam Airlines,VN246,1,11L,Landed,VN-A864,B789,passenger
2026-03-13,14:36,01:45,Ho Chi Minh City,SGN,Sun PhuQuoc Airways,9G838,1,11L,Landed,VN-A279,A321,passenger
2026-03-13,14:29,02:49,Kuala Lumpur,KUL,VietJet Air,VJ906,2,11L,Landed,VN-A647,A321,passenger
2026-03-13,14:20,02:01,Con Dao,VCS,VietJet Air,VJ106,1,11L,Landed,B-652G,AJ27,passenger
2026-03-13,14:15,01:30,Nha Trang,CXR,Vietnam Airlines,VN1552,1,11L,Landed,VN-A324,A321,passenger
2026-03-13,14:05,01:28,Bangkok,BKK,Vietnam Airlines,VN610,2,11L,Landed,VN-A613,A321,passenger
2026-03-13,13:53,01:01,Da Nang,DAD,Sun PhuQuoc Airways,9G922,1,11L,Landed,VN-A906,A21N,passenger
2026-03-13,13:48,03:07,Shanghai,PVG,China Eastern Airlines,MU6011,2,11L,Landed,B-1615,A321,passenger
2026-03-13,13:10,02:57,Shanghai,PVG,Air China Cargo,N/A,0,11L,Landed,B-2475,B744,cargo
2026-03-13,13:01,01:34,Bangkok,BKK,China Cargo Airlines,CK278,0,11L,Landed,B-227G,B77L,cargo
2026-03-13,12:58,01:06,Da Nang,DAD,VietJet Air,VJ528,1,11L,Landed,VN-A552,A21N,passenger
2026-03-13,12:56,03:48,Delhi,DEL,IndiGo,6E1633,2,11L,Landed,VT-IZK,A20N,passenger
2026-03-13,12:52,03:51,Seoul,ICN,Vietnam Airlines,VN417,2,11L,Landed,VN-A872,B78X,passenger
2026-03-13,12:44,01:45,Guangzhou,CAN,China Southern Cargo,CSG2670,0,11L,Landed,B-2071,B77L,cargo
2026-03-13,12:30,01:06,Da Nang,DAD,Sun PhuQuoc Airways,9G916,1,11L,Landed,VN-A284,A21N,passenger
2026-03-13,12:12,02:57,Kuala Lumpur,KUL,Malaysia Airlines,MH752,2,11L,Landed,9M-MXD,B738,passenger
2026-03-13,12:09,04:27,Osaka,KIX,VietJet Air,VJ939,2,11L,Landed,VN-A674,A21N,passenger
2026-03-13,11:57,04:22,Nagoya,NGO,Vietnam Airlines,VN349,2,11L,Landed,VN-A886,A359,passenger
2026-03-13,11:39,01:50,Can Tho,VCA,Vietnam Airlines,VN1200,1,11L,Landed,VN-A353,A321,passenger
2026-03-13,11:33,02:59,Shanghai,PVG,Air China,CA703,2,11L,Landed,B-6825,A321,passenger
2026-03-13,11:27,01:00,Da Nang,DAD,N/A,VN6080,1,11L,Landed,VN-A363,A321,passenger
2026-03-13,11:25,01:38,Nha Trang,CXR,Vietnam Airlines,VN7558,1,11L,Landed,VN-A513,A20N,passenger
2026-03-13,11:21,00:52,Dong Hoi,VDH,Vietnam Airlines,VN1590,1,11L,Landed,VN-A399,A321,passenger
2026-03-13,11:16,01:45,Ho Chi Minh City,SGN,Sun PhuQuoc Airways,9G822,1,11L,Landed,VN-A280,A321,passenger
2026-03-13,11:10,01:17,Pleiku,PXU,Vietnam Airlines,VN1614,1,11L,Landed,VN-A396,A321,passenger
2026-03-13,11:01,05:37,Abu Dhabi,AUH,Etihad Airways,EY979,0,11L,Landed,A6-DDE,B77L,cargo
2026-03-13,10:48,00:49,Vientiane,VTE,VistaJet,VJT474,2,11L,Landed,9H-VCE,CL35,business jet
2026-03-13,10:46,03:00,Taipei,TPE,STARLUX,JX715,2,11L,Landed,B-58211,A21N,passenger
2026-03-13,10:14,03:57,Seoul,ICN,Korean Air,KE441,2,11L,Landed,HL8528,A21N,passenger
2026-03-13,10:10,02:37,Taipei,TPE,China Airlines,CI791,2,11L,Landed,B-18305,A333,passenger
2026-03-13,10:02,02:34,Kaohsiung,KHH,Vietnam Airlines,VN587,2,11L,Landed,VN-A357,A321,passenger
2026-03-13,10:00,00:39,Vinh,VII,Vietnam Airlines,VN1716,1,11L,Landed,VN-A393,A321,passenger
2026-03-13,10:00,02:55,Taipei,TPE,Vietnam Airlines,VN579,2,11L,Landed,VN-A325,A321,passenger
2026-03-13,09:51,01:36,Ho Chi Minh City,SGN,Vietnam Airlines,VN208,1,11L,Landed,VN-A868,B789,passenger
2026-03-13,09:46,00:54,Hue,HUI,Vietnam Airlines,VN1542,1,11L,Landed,VN-A608,A321,passenger
2026-03-13,09:43,01:32,Bangkok,BKK,Thai Airways,TG560,2,11L,Landed,HS-TXP,A320,passenger
2026-03-13,09:39,00:55,Da Nang,DAD,Vietravel Airlines,VU638,1,11L,Landed,VN-A136,A320,passenger
2026-03-13,09:35,01:12,Pleiku,PXU,VietJet Air,VJ422,1,11L,Landed,VN-A632,A321,passenger
2026-03-13,09:28,01:41,Ho Chi Minh City,SGN,Vietnam Airlines,VN242,1,11L,Landed,VN-A618,A21N,passenger
2026-03-13,09:20,01:30,Bangkok,DMK,AirAsia,FD642,2,11L,Landed,HS-EAG,A21N,passenger
2026-03-13,09:18,01:39,Ho Chi Minh City,SGN,Avion Express,VJ148,1,11L,Landed,LY-NVG,A320,passenger
2026-03-13,09:15,01:39,Ho Chi Minh City,SGN,Sun PhuQuoc Airways,9G808,1,11L,Landed,VN-A286,A21N,passenger
2026-03-13,09:05,01:47,Ho Chi Minh City,SGN,Bamboo Airways,QH204,1,29R,Landed,ER-00005,A320,passenger
2026-03-13,09:02,01:00,Da Nang,DAD,Vietnam Airlines,VN158,1,11L,Landed,VN-A392,A321,passenger
2026-03-13,08:59,01:39,Ho Chi Minh City,SGN,Vietnam Airlines,VN240,1,11L,Landed,VN-A897,A359,passenger
2026-03-13,08:56,01:40,Ho Chi Minh City,SGN,VietJet Air,VJ176,1,11L,Landed,VN-A629,A321,passenger
2026-03-13,08:43,04:00,Seoul,ICN,VietJet Air,VJ963,2,11L,Landed,VN-A697,A21N,passenger
2026-03-13,08:25,01:34,Nha Trang,CXR,Bamboo Airways,QH1416,1,11L,Landed,VN-A596,A20N,passenger
2026-03-13,08:12,01:35,Shenzhen,SZX,Shenzhen Airlines,ZH101,2,11L,Landed,B-6359,A320,passenger
2026-03-13,08:01,01:01,Da Nang,DAD,VietJet Air,VJ524,1,11L,Landed,VN-A542,A321,passenger
2026-03-13,07:59,00:43,Nanning,NNG,GX Airlines,GX8971,2,11L,Landed,B-8511,A320,passenger
2026-03-13,07:47,01:45,Ho Chi Minh City,SGN,Vietravel Airlines,VU750,1,11L,Landed,VN-A289,A321,passenger
2026-03-13,07:43,03:05,Manila,MNL,Cebu Pacific,5J744,2,11L,Landed,RP-C4127,A21N,passenger
2026-03-13,07:35,01:36,Ho Chi Minh City,SGN,Sun PhuQuoc Airways,9G802,1,11L,Landed,VN-A284,A21N,passenger
2026-03-13,07:16,01:41,Ho Chi Minh City,SGN,VietJet Air,VJ122,1,11L,Landed,VN-A545,A21N,passenger
2026-03-13,06:53,00:58,Da Nang,DAD,VietJet Air,VJ502,1,11L,Landed,VN-A670,A321,passenger
2026-03-13,06:04,09:10,Melbourne,MEL,Vietnam Airlines,VN778,2,11L,Landed,VN-A864,B789,passenger
2026-03-13,05:40,00:57,Da Nang,DAD,Bamboo Airways,QH146,1,11L,Landed,VN-A227,A321,passenger
2026-03-13,05:24,03:31,Delhi,DEL,VietJet Air,VJ972,2,11L,Landed,VN-A814,A333,passenger
2026-03-13,05:10,03:54,Ahmedabad,AMD,VietJet Air,VJ1926,2,11L,Landed,VN-A669,A320,passenger
2026-03-13,04:51,02:47,Shanghai,PVG,VietJet Air,VJ7239,2,11L,Landed,VN-A647,A321,passenger
2026-03-13,04:21,01:41,Ho Chi Minh City,SGN,Bamboo Airways,QH280,1,11L,Landed,VN-A585,A321,passenger
2026-03-13,04:04,03:08,Beijing,PKX,VietJet Air,VJ7713,2,11L,Landed,VN-A672,A320,passenger
2026-03-13,03:40,03:53,Seoul,ICN,Air Zeta,KJ389,0,11L,Landed,HL7507,B763,cargo
2026-03-13,03:34,01:41,Phu Quoc,PQC,VietJet Air,VJ450,1,11L,Landed,VN-A811,A333,passenger
2026-03-13,02:13,03:50,Seoul,ICN,Korean Air,KE361,0,11L,Landed,HL7603,B744,cargo
2026-03-13,01:55,01:32,Nha Trang,CXR,Bamboo Airways,QH1416,1,11L,Landed,VN-A227,A321,passenger
2026-03-13,01:37,01:31,Nha Trang,CXR,VietJet Air,VJ7614,1,11L,Landed,VN-A516,A21N,passenger
2026-03-13,01:19,03:05,Shanghai,PVG,China Eastern Airlines,MU5075,2,11L,Landed,B-5858,B738,passenger
2026-03-13,01:01,03:53,Seoul,ICN,Kalitta Air,K4606,0,11L,Landed,N766CK,B744,cargo
2026-03-13,00:58,02:52,Manila,MNL,Philippine Airlines,PR595,2,11L,Landed,RP-C8781,A333,passenger
2026-03-13,00:53,01:43,Ho Chi Minh City,SGN,Vietnam Airlines,VN270,1,11L,Landed,VN-A336,A321,passenger
2026-03-13,00:51,03:34,Qingdao,TAO,Shandong Airlines,SC4649,2,11L,Landed,B-1360,B738,passenger
2026-03-13,00:47,02:42,Hangzhou,HGH,Air China,CA707,2,29R,Landed,B-8493,A320,passenger
2026-03-13,00:39,01:42,Ho Chi Minh City,SGN,Sun PhuQuoc Airways,9G886,1,11L,Landed,VN-A908,A20N,passenger
2026-03-13,00:36,01:30,Shenzhen,SZX,Shenzhen Airlines,ZH107,2,11L,Landed,B-6359,A320,passenger
2026-03-13,00:33,01:53,Chengdu,TFU,Sichuan Airlines,3U3905,2,11L,Landed,B-1886,A320,passenger
2026-03-13,00:30,01:27,Bangkok,BKK,Vietnam Airlines,VN616,2,11L,Landed,VN-A508,A21N,passenger
2026-03-13,00:24,03:04,Jinan,TNA,Shandong Airlines,SC8071,2,11L,Landed,B-7885,B738,passenger
2026-03-13,00:16,03:04,Manila,MNL,Cebu Pacific,5J746,2,11L,Landed,RP-C4104,A320,passenger
2026-03-13,00:11,01:41,Ho Chi Minh City,SGN,Vietnam Airlines,VN224,1,11L,Landed,VN-A622,A21N,passenger
2026-03-13,00:03,01:39,Hong Kong,HKG,Hong Kong Air Cargo,RH317,0,29R,Landed,B-LMA,A332,cargo
2026-03-14,23:55,01:21,Bangkok,BKK,Vietnam Airlines,VN616,2,11L,Landed,VN-A393,A321,passenger
2026-03-14,23:45,01:00,Da Nang,DAD,VietJet Air,VJ522,1,11L,Landed,VN-A666,A320,passenger
2026-03-14,23:35,01:41,Phu Quoc,PQC,VietJet Air,VJ3521,1,11L,Landed,VN-A539,A21N,passenger
2026-03-14,23:26,01:41,Ho Chi Minh City,SGN,Sun PhuQuoc Airways,9G882,1,11L,Landed,VN-A909,A20N,passenger
2026-03-14,23:19,01:51,Ho Chi Minh City,SGN,Bamboo Airways,QH280,1,11L,Landed,VN-A596,A20N,passenger
2026-03-14,23:16,01:09,Da Nang,DAD,VietJet Air,VJ520,1,11L,Landed,VN-A661,A321,passenger
2026-03-14,23:09,01:39,Ho Chi Minh City,SGN,Vietnam Airlines,VN262,1,11L,Landed,VN-A874,B78X,passenger
2026-03-14,22:54,01:45,Ho Chi Minh City,SGN,Vietravel Airlines,VU794,1,11L,Landed,VN-A136,A320,passenger
2026-03-14,22:50,01:54,Ho Chi Minh City,SGN,Bamboo Airways,QH286,1,11L,Landed,VN-A585,A321,passenger
2026-03-14,22:38,01:57,Can Tho,VCA,VietJet Air,VJ464,1,11L,Landed,VN-A629,A321,passenger
2026-03-14,22:24,01:41,Ho Chi Minh City,SGN,VietJet Air,VJ166,1,11L,Landed,VN-A685,A321,passenger
2026-03-14,22:20,00:55,Hue,HUI,VietJet Air,VJ568,1,11L,Landed,VN-A644,A321,passenger
2026-03-14,22:16,01:44,Ho Chi Minh City,SGN,VietJet Air,VJ180,1,11L,Landed,VN-A636,A321,passenger
2026-03-14,22:12,02:46,Singapore,SIN,UPS,5X99,0,11L,Landed,N624UP,B748,cargo
2026-03-14,22:08,01:44,Ho Chi Minh City,SGN,Bamboo Airways,QH268,1,11L,Landed,JU-1410,A320,passenger
2026-03-14,22:00,03:57,Seoul,ICN,Asiana Airlines,OZ733,2,11L,Landed,HL7771,A359,passenger
2026-03-14,21:57,01:21,Siem Reap,SAI,Vietnam Airlines,VN842,2,11L,Landed,VN-A396,A321,passenger
2026-03-14,21:53,01:37,Ho Chi Minh City,SGN,Vietnam Airlines,VN220,1,11L,Landed,VN-A866,B789,passenger
2026-03-14,21:45,02:00,Can Tho,VCA,Vietnam Airlines,VN1206,1,11L,Landed,VN-A613,A321,passenger
2026-03-14,21:40,01:00,Da Nang,DAD,N/A,VN6070,1,11L,Landed,VN-A363,A321,passenger
2026-03-14,21:35,01:39,Phu Quoc,PQC,Sun PhuQuoc Airways,9G1220,1,11L,Landed,VN-A906,A21N,passenger
2026-03-14,21:29,01:45,Phu Quoc,PQC,Sun PhuQuoc Airways,9G1230,1,11L,Landed,VN-A286,A21N,passenger
2026-03-14,21:26,01:47,Ho Chi Minh City,SGN,VietJet Air,VJ196,1,11L,Landed,VN-A637,A321,passenger
2026-03-14,21:22,01:49,Ho Chi Minh City,SGN,VietJet Air,VJ160,1,11L,Landed,VN-A607,A21N,passenger
2026-03-14,21:16,04:37,Denpasar,DPS,VietJet Air,VJ998,2,11L,Landed,VN-A525,A21N,passenger
2026-03-14,21:11,02:41,Taipei,TPE,VietJet Air,VJ943,2,11L,Landed,VN-A674,A21N,passenger
2026-03-14,21:07,00:47,Luang Prabang,LPQ,Vietnam Airlines,VN930,2,11L,Landed,VN-A619,A21N,passenger
2026-03-14,21:04,04:04,Seoul,ICN,Korean Air,KE447,2,11L,Landed,HL8732,B78X,passenger
2026-03-14,21:02,00:52,Vientiane,VTE,Vietnam Airlines,VN920,2,11L,Landed,VN-A392,A321,passenger
2026-03-14,20:54,05:13,Tokyo,NRT,VietJet Air,VJ935,2,11L,Landed,VN-A545,A21N,passenger
2026-03-14,20:50,01:41,Nha Trang,CXR,Vietnam Airlines,VN1558,1,11L,Landed,VN-A618,A21N,passenger
2026-03-14,20:48,01:26,Siem Reap,SAI,VietJet Air,VJ914,2,11L,Landed,VN-A677,A321,passenger
2026-03-14,20:36,01:28,Shenzhen,SZX,China Southern Airlines,CZ8083,2,11L,Landed,B-6687,A321,passenger
2026-03-14,20:24,01:50,Phu Quoc,PQC,VietJet Air,VJ1440,1,11L,Landed,VN-A548,A21N,passenger
2026-03-14,20:17,09:05,Sydney,SYD,Vietnam Airlines,VN786,2,11L,Landed,VN-A896,A359,passenger
2026-03-14,20:14,01:39,Ho Chi Minh City,SGN,Vietnam Airlines,VN218,1,11L,Landed,VN-A872,B78X,passenger
2026-03-14,19:49,04:53,Tokyo,HND,Vietnam Airlines,VN385,2,11L,Landed,VN-A895,A359,passenger
2026-03-14,19:46,00:58,Da Nang,DAD,VietJet Air,VJ516,1,11L,Landed,VN-A544,A321,passenger
2026-03-14,19:38,01:49,Ho Chi Minh City,SGN,Vietravel Airlines,VU780,1,11L,Landed,VN-A289,A321,passenger
2026-03-14,19:34,02:27,Taichung,RMQ,VietJet Air,VJ949,2,11L,Landed,VN-A645,A321,passenger
2026-03-14,19:31,00:59,Hue,HUI,Vietnam Airlines,VN1544,1,11L,Landed,VN-A331,A321,passenger
2026-03-14,19:28,01:03,Da Nang,DAD,Vietnam Airlines,VN180,1,11L,Landed,VN-A513,A20N,passenger
2026-03-14,19:22,01:01,Da Nang,DAD,Bamboo Airways,QH146,1,11L,Landed,VN-A227,A321,passenger
2026-03-14,19:20,00:36,Vinh,VII,Vietnam Airlines,VN1718,1,11L,Landed,VN-A507,A21N,passenger
2026-03-14,19:17,01:43,Hong Kong,HKG,Hong Kong Air Cargo,RH317,0,11L,Landed,B-LMA,A332,cargo
2026-03-14,19:08,01:22,Qui Nhon,UIH,VietJet Air,VJ432,1,11L,Landed,VN-A666,A320,passenger
2026-03-14,19:01,01:43,Ho Chi Minh City,SGN,VietJet Air,VJ152,1,11L,Landed,VN-A643,A321,passenger
2026-03-14,18:52,01:45,Ho Chi Minh City,SGN,VietJet Air,VJ172,1,11L,Landed,VN-A661,A321,passenger
2026-03-14,18:47,04:44,Osaka,KIX,VietJet Air,VJ931,2,11L,Landed,VN-A697,A21N,passenger
2026-03-14,18:39,01:18,Da Nang,DAD,Vietnam Airlines,VN174,1,29R,Landed,VN-A325,A321,passenger
2026-03-14,18:26,01:24,Guiyang,KWE,Colorful Guizhou Airlines,GY701,2,11L,Landed,B-3240,E190,passenger
2026-03-14,18:23,01:52,Phu Quoc,PQC,Sun PhuQuoc Airways,9G1216,1,11L,Landed,VN-A285,A21N,passenger
2026-03-14,18:03,02:26,Kaohsiung,KHH,VietJet Air,VJ947,2,11L,Landed,VN-A537,A21N,passenger
2026-03-14,18:00,01:25,Guangzhou,CAN,China Southern Airlines,CZ8177,2,11L,Landed,B-1845,A321,passenger
2026-03-14,17:55,02:10,Ho Chi Minh City,SGN,Sun PhuQuoc Airways,9G854,1,11L,Landed,VN-A280,A321,passenger
2026-03-14,17:43,02:00,Phu Quoc,PQC,VietJet Air,VJ446,1,11L,Landed,VN-A662,A320,passenger
2026-03-14,17:40,02:01,Phu Quoc,PQC,N/A,VN6400,1,11L,Landed,VN-A363,A321,passenger
2026-03-14,17:17,03:22,Shanghai,PVG,China Eastern Airlines,MU6013,2,11L,Landed,B-32KF,A21N,passenger
2026-03-14,17:06,00:46,Dien Bien Phu,DIN,Vietnam Airlines,VN1805,1,11L,Landed,VN-A396,A321,passenger
2026-03-14,17:04,02:54,Singapore,SIN,VietJet Air,VJ916,2,11L,Landed,VN-A698,A321,passenger
2026-03-14,17:01,02:18,Kolkata,CCU,IndiGo,6E1631,2,11L,Landed,VT-IQW,A20N,passenger
2026-03-14,16:58,01:42,Ho Chi Minh City,SGN,Vietnam Airlines,VN250,1,11L,Landed,VN-A874,B78X,passenger
2026-03-14,16:52,01:23,Bangkok,BKK,VietJet Air,VJ902,2,11L,Landed,VN-A632,A321,passenger
2026-03-14,16:46,01:46,Ho Chi Minh City,SGN,Pegasus,VJ134,1,11L,Landed,LY-NVE,A320,passenger
2026-03-14,16:42,01:14,Pleiku,PXU,Vietnam Airlines,VN7612,1,11L,Landed,VN-A514,A20N,passenger
2026-03-14,16:33,02:38,Paro,PBH,Hai Au Aviation,HAI489,2,11L,Landed,VN-A489,FA8X,business jet
2026-03-14,16:26,02:32,Gaya,GAY,Vietnam Airlines,VN9982,2,11L,Landed,VN-A353,A321,passenger
2026-03-14,16:20,03:00,Shanghai,PVG,Air China,CA755,2,11L,Landed,B-8585,A321,passenger
2026-03-14,15:48,01:42,Phu Quoc,PQC,Sun PhuQuoc Airways,9G1208,1,11L,Landed,VN-A286,A21N,passenger
2026-03-14,15:42,00:47,Vientiane,VTE,Lao Airlines,QV311,2,11L,Landed,RDPL-34188,A320,passenger
2026-03-14,15:22,01:15,Qui Nhon,UIH,Bamboo Airways,QH1214,1,11L,Landed,VN-A227,A321,passenger
2026-03-14,15:18,01:48,Can Tho,VCA,VietJet Air,VJ462,1,11L,Landed,VN-A544,A321,passenger
2026-03-14,15:11,00:58,Da Nang,DAD,Vietnam Airlines,VN168,1,11L,Landed,VN-A613,A321,passenger
2026-03-14,14:55,01:16,Qui Nhon,UIH,Vietnam Airlines,VN1622,1,11L,Landed,VN-A513,A20N,passenger
2026-03-14,14:50,01:56,Ho Chi Minh City,SGN,Sun PhuQuoc Airways,9G838,1,11L,Landed,VN-A279,A321,passenger
2026-03-14,14:41,01:38,Shenzhen,SZX,China Southern Airlines,CZ8469,2,11L,Landed,B-6687,A321,passenger
2026-03-14,14:32,02:50,Taipei,TPE,VietJet Air,VJ941,2,11L,Landed,VN-A535,A321,passenger
2026-03-14,14:28,02:16,Xiamen,XMN,Xiamen Air,MF869,2,11L,Landed,B-1709,B738,passenger
2026-03-14,14:06,01:31,Nha Trang,CXR,Vietnam Airlines,VN1552,1,11L,Landed,VN-A325,A321,passenger
2026-03-14,13:58,00:57,Da Nang,DAD,Vietnam Airlines,VN166,1,11L,Landed,VN-A396,A321,passenger
2026-03-14,13:20,03:00,Shanghai,PVG,China Eastern Airlines,MU6011,2,11L,Landed,B-8576,A321,passenger
2026-03-14,13:16,02:23,Kaohsiung,KHH,Vietnam Airlines,VN583,2,11L,Landed,VN-A608,A321,passenger
2026-03-14,13:07,01:50,Ho Chi Minh City,SGN,Vietnam Airlines,VN246,1,11L,Landed,VN-A870,B789,passenger
2026-03-14,13:05,05:23,Tokyo,NRT,VietJet Air,VJ933,2,11L,Landed,VN-A553,A21N,passenger
2026-03-14,13:01,01:57,Phu Quoc,PQC,VietJet Air,VJ450,1,11L,Landed,VN-A812,A333,passenger
2026-03-14,12:53,01:59,Phu Quoc,PQC,Sun PhuQuoc Airways,9G1202,1,11L,Landed,VN-A284,A21N,passenger
2026-03-14,12:47,04:32,Osaka,KIX,Vietnam Airlines,VN335,2,11L,Landed,VN-A886,A359,passenger
2026-03-14,12:40,04:48,Nagoya,NGO,VietJet Air,VJ921,2,11L,Landed,VN-A547,A21N,passenger
2026-03-14,12:37,04:09,Fukuoka,FUK,Vietnam Airlines,VN357,2,11L,Landed,VN-A619,A21N,passenger
2026-03-14,12:34,01:53,Phu Quoc,PQC,VietJet Air,VJ440,1,11L,Landed,VN-A656,A320,passenger
2026-03-14,12:32,03:09,Manila,MNL,Philippine Airlines,PR593,2,11L,Landed,RP-C9903,A321,passenger
2026-03-14,12:19,04:33,Osaka,KIX,VietJet Air,VJ939,2,11L,Landed,VN-A674,A21N,passenger
2026-03-14,12:15,02:50,Kuala Lumpur,KUL,Batik Air,OD571,2,11L,Landed,9M-LRR,B38M,passenger
2026-03-14,12:12,01:04,Da Nang,DAD,Sun PhuQuoc Airways,9G916,1,11L,Landed,VN-A285,A21N,passenger
2026-03-14,12:04,04:31,Nagoya,NGO,Vietnam Airlines,VN349,2,11L,Landed,VN-A888,A359,passenger
2026-03-14,11:57,01:34,Ho Chi Minh City,SGN,Vietnam Airlines,VN210,1,11L,Landed,VN-A866,B789,passenger
2026-03-14,11:51,02:52,Kuala Lumpur,KUL,Malaysia Airlines,MH752,2,11L,Landed,9M-MXO,B738,passenger
2026-03-14,11:47,03:53,Seoul,ICN,Asiana Airlines,OZ729,2,11L,Landed,HL7775,B772,passenger
2026-03-14,11:27,03:07,Shanghai,PVG,Air China,CA703,2,11L,Landed,B-6883,A321,passenger
2026-03-14,11:17,01:46,Ho Chi Minh City,SGN,Sun PhuQuoc Airways,9G822,1,11L,Landed,VN-A280,A321,passenger
2026-03-14,11:13,00:45,Dong Hoi,VDH,Vietnam Airlines,VN1590,1,11L,Landed,VN-A507,A21N,passenger
2026-03-14,11:11,01:12,Pleiku,PXU,Vietnam Airlines,VN1614,1,11L,Landed,VN-A613,A321,passenger
2026-03-14,10:56,01:38,Ho Chi Minh City,SGN,Vietnam Airlines,VN244,1,11L,Landed,VN-A892,A359,passenger
2026-03-14,10:54,03:48,Busan,PUS,VietJet Air,VJ981,2,11L,Landed,VN-A537,A21N,passenger
2026-03-14,10:41,01:16,Qui Nhon,UIH,VietJet Air,VJ430,1,11L,Landed,VN-A672,A320,passenger
2026-03-14,10:33,01:41,Ho Chi Minh City,SGN,Bamboo Airways,QH208,1,11L,Landed,VN-A227,A321,passenger
2026-03-14,10:22,01:40,Ho Chi Minh City,SGN,VietJet Air,VJ136,1,11L,Landed,VN-A671,A320,passenger
2026-03-14,10:16,02:45,Taipei,TPE,China Airlines,CI791,2,11L,Landed,B-18317,A333,passenger
2026-03-14,10:14,03:58,Seoul,ICN,Korean Air,KE441,2,11L,Landed,HL8529,A21N,passenger
2026-03-14,10:10,01:26,Guangzhou,CAN,China Southern Airlines,CZ3049,2,29R,Landed,B-322F,A20N,passenger
2026-03-14,10:02,02:22,Kaohsiung,KHH,Vietnam Airlines,VN587,2,11L,Landed,VN-A357,A321,passenger
2026-03-14,09:59,00:36,Vinh,VII,Vietnam Airlines,VN1716,1,11L,Landed,VN-A396,A321,passenger
2026-03-14,09:48,01:40,Ho Chi Minh City,SGN,Vietnam Airlines,VN208,1,11L,Landed,VN-A326,A321,passenger
2026-03-14,09:45,01:35,Hong Kong,HKG,Cathay Pacific,CX741,2,11L,Landed,B-HNR,B77W,passenger
2026-03-14,09:39,01:29,Bangkok,BKK,Thai Airways,TG560,2,11L,Landed,HS-TXC,A320,passenger
2026-03-14,09:30,00:57,Da Nang,DAD,Vietravel Airlines,VU638,1,11L,Landed,VN-A129,A321,passenger
2026-03-14,09:22,01:30,Bangkok,BKK,K-Mile Air,8K525,0,11L,Landed,HS-KMD,B738,cargo
2026-03-14,09:17,01:41,Ho Chi Minh City,SGN,Avion Express,VJ148,1,11L,Landed,LY-NVG,A320,passenger
2026-03-14,09:10,00:59,Da Nang,DAD,Vietnam Airlines,VN158,1,11L,Landed,VN-A393,A321,passenger
2026-03-14,08:58,01:42,Ho Chi Minh City,SGN,Bamboo Airways,QH204,1,11L,Landed,ER-00005,A320,passenger
2026-03-14,08:47,01:37,Ho Chi Minh City,SGN,Vietnam Airlines,VN240,1,11L,Landed,VN-A889,A359,passenger
2026-03-14,08:44,00:56,Hue,HUI,Vietnam Airlines,VN1540,1,11L,Landed,VN-A329,A321,passenger
2026-03-14,08:34,03:59,Seoul,ICN,VietJet Air,VJ963,2,11L,Landed,VN-A525,A21N,passenger
2026-03-14,08:31,01:40,Hong Kong,HKG,HK express,UO540,2,11L,Landed,B-LCI,A320,passenger
2026-03-14,08:22,01:42,Ho Chi Minh City,SGN,Sun PhuQuoc Airways,9G806,1,11L,Landed,VN-A279,A321,passenger
2026-03-14,08:19,02:49,Singapore,SIN,Scoot,TR300,2,11L,Landed,9V-OFK,B788,passenger
2026-03-14,08:15,01:41,Ho Chi Minh City,SGN,VietJet Air,VJ126,1,11L,Landed,VN-A698,A321,passenger
2026-03-14,07:51,01:36,Ho Chi Minh City,SGN,Vietnam Airlines,VN206,1,11L,Landed,VN-A894,A359,passenger
2026-03-14,07:48,01:39,Ho Chi Minh City,SGN,Vietnam Airlines,VN7206,1,11L,Landed,VN-A616,A21N,passenger
2026-03-14,07:40,01:40,Ho Chi Minh City,SGN,Vietravel Airlines,VU750,1,11L,Landed,VN-A289,A321,passenger
2026-03-14,07:34,01:43,Ho Chi Minh City,SGN,Sun PhuQuoc Airways,9G802,1,11L,Landed,VN-A285,A21N,passenger
2026-03-14,07:31,01:42,Ho Chi Minh City,SGN,VietJet Air,VJ120,1,11L,Landed,VN-A810,A333,passenger
2026-03-14,07:25,03:05,Manila,MNL,Cebu Pacific,5J744,2,11L,Landed,RP-C4140,A21N,passenger
2026-03-14,07:18,02:47,Manila,MNL,Vietnam Airlines,VN646,2,11L,Landed,VN-A392,A321,passenger
2026-03-14,06:55,01:43,Ho Chi Minh City,SGN,N/A,VN6002,1,11L,Landed,VN-A363,A321,passenger
2026-03-14,06:51,00:59,Da Nang,DAD,VietJet Air,VJ502,1,29R,Landed,VN-A552,A21N,passenger
2026-03-14,06:31,03:56,Mumbai,BOM,VietJet Air,VJ910,2,11L,Landed,VN-A697,A21N,passenger
2026-03-14,06:12,10:33,Paris,CDG,Vietnam Airlines,VN18,2,N/A,Landed,VN-A895,A359,passenger
2026-03-14,05:19,01:38,Ho Chi Minh City,SGN,AeroLogic,3S621,0,11L,Landed,D-AALU,B77L,cargo
2026-03-14,05:17,03:50,Ahmedabad,AMD,VietJet Air,VJ1926,2,11L,Landed,VN-A672,A320,passenger
2026-03-14,04:48,02:49,Shanghai,PVG,VietJet Air,VJ7239,2,11L,Landed,VN-A670,A321,passenger
2026-03-14,04:40,03:20,Delhi,DEL,Vietnam Airlines,VN980,2,11L,Landed,VN-A866,B789,passenger
2026-03-14,04:02,03:50,Seoul,ICN,N/A,5Y8559,0,11L,Landed,N419MC,B744,cargo
2026-03-14,03:05,01:34,Hong Kong,HKG,Cathay Pacific,CX3147,0,11L,Landed,B-LIF,B744,cargo
2026-03-14,02:22,03:53,Seoul,ICN,Korean Air,KE373,0,11L,Landed,HL7602,B744,cargo
2026-03-14,01:55,03:47,Seoul,ICN,Korean Air,KE361,0,11L,Landed,HL7623,B748,cargo
2026-03-14,01:37,04:06,Seoul,ICN,Air Zeta,KJ371,0,11L,Landed,HL8503,B738,cargo
2026-03-14,01:36,01:31,Shenzhen,SZX,Shenzhen Airlines,ZH107,2,11L,Landed,B-9939,A320,passenger
2026-03-14,01:31,03:05,Manila,MNL,Cebu Pacific,5J746,2,11L,Landed,RP-C4126,A21N,passenger
2026-03-14,01:23,01:43,Ho Chi Minh City,SGN,VietJet Air,VJ182,1,11L,Landed,VN-A544,A321,passenger
2026-03-14,01:19,03:06,Shanghai,PVG,China Eastern Airlines,MU5075,2,11L,Landed,B-1772,B738,passenger
2026-03-14,01:00,03:52,Seoul,ICN,Air Zeta,KJ3891,0,11L,Landed,HL7417,B744,cargo
2026-03-14,00:58,02:45,Manila,MNL,Philippine Airlines,PR595,2,11L,Landed,RP-C8765,A333,passenger
2026-03-14,00:54,01:31,Nha Trang,CXR,VietJet Air,VJ7706,1,11L,Landed,VN-A516,A21N,passenger
2026-03-14,00:52,02:42,Hangzhou,HGH,Air China,CA707,2,11L,Landed,B-6745,A320,passenger
2026-03-14,00:40,03:21,Qingdao,TAO,Shandong Airlines,SC4649,2,11L,Landed,B-1441,B738,passenger
2026-03-14,00:31,01:41,Ho Chi Minh City,SGN,VietJet Air,VJ178,1,11L,Landed,VN-A689,A320,passenger
2026-03-14,00:19,01:39,Ho Chi Minh City,SGN,Sun PhuQuoc Airways,9G886,1,11L,Landed,VN-A284,A21N,passenger
2026-03-14,00:16,02:50,Shanghai,PVG,Juneyao Air,HO1329,2,11L,Landed,B-6735,A320,passenger
2026-03-14,00:13,01:40,Ho Chi Minh City,SGN,VietJet Air,VJ174,1,11L,Landed,VN-A629,A321,passenger
2026-03-14,00:02,01:00,Da Nang,DAD,VietJet Air,VJ522,1,11L,Landed,VN-A650,A320,passenger
2026-03-15,23:51,04:45,Irkutsk,IKT,IrAero,IO893,2,11L,Landed,RA-89077,SU95,passenger
2026-03-15,23:42,02:11,Ho Chi Minh City,SGN,Vietnam Airlines,VN1188,1,11L,Landed,VN-A501,A21N,passenger
2026-03-15,23:25,01:49,Ho Chi Minh City,SGN,VietJet Air,VJ180,1,29R,Landed,VN-A532,A321,passenger
2026-03-15,23:15,01:01,Da Nang,DAD,Sun PhuQuoc Airways,9G942,1,11L,Landed,VN-A282,A21N,passenger
2026-03-15,23:03,01:41,Ho Chi Minh City,SGN,Vietravel Airlines,VU794,1,11L,Landed,VN-A129,A321,passenger
2026-03-15,23:00,02:20,Ho Chi Minh City,SGN,Avion Express,VJ282,1,11L,Landed,LY-MLN,A320,passenger
2026-03-15,22:37,01:03,Da Nang,DAD,VietJet Air,VJ518,1,11L,Landed,VN-A578,A21N,passenger
2026-03-15,22:34,02:39,Kuala Lumpur,KUL,Vietnam Airlines,VN680,2,11L,Landed,VN-A508,A21N,passenger
2026-03-15,22:18,00:57,Hue,HUI,VietJet Air,VJ568,1,11L,Landed,VN-A551,A21N,passenger
2026-03-15,22:15,01:25,Haikou,HAK,Hainan Airlines,HU783,2,11L,Landed,B-207K,B38M,passenger
2026-03-15,22:10,02:00,Can Tho,VCA,Vietnam Airlines,VN1206,1,11L,Landed,VN-A616,A21N,passenger
2026-03-15,22:05,01:50,Ho Chi Minh City,SGN,Sun PhuQuoc Airways,9G878,1,11L,Landed,VN-A285,A21N,passenger
2026-03-15,22:01,01:53,Chengdu,TFU,Sichuan Airlines,3U3905,2,11L,Landed,B-1886,A320,passenger
2026-03-15,21:55,01:36,Phnom Penh,KTI,Vietnam Airlines,VN922,2,11L,Landed,VN-A325,A321,passenger
2026-03-15,21:53,01:11,Da Nang,DAD,N/A,VN6070,1,11L,Landed,VN-A363,A321,passenger
2026-03-15,21:48,01:48,Phu Quoc,PQC,Sun PhuQuoc Airways,9G1220,1,11L,Landed,VN-A286,A21N,passenger
2026-03-15,21:36,01:44,Ho Chi Minh City,SGN,Vietnam Airlines,VN262,1,11L,Landed,VN-A609,A321,passenger
2026-03-15,21:31,01:27,Macau,MFM,Air Macau,NX982,2,11L,Landed,B-MBP,A20N,passenger
2026-03-15,21:21,01:34,Bangkok,BKK,FedEx,FX9125,0,11L,Landed,N104FE,B763,cargo
2026-03-15,21:19,01:27,Qui Nhon,UIH,Vietnam Airlines,VN7620,1,11L,Landed,VN-A618,A21N,passenger
2026-03-15,21:10,01:46,Ho Chi Minh City,SGN,Vietnam Airlines,VN258,1,11L,Landed,VN-A874,B78X,passenger
2026-03-15,21:03,01:43,Ho Chi Minh City,SGN,VietJet Air,VJ166,1,11L,Landed,VN-A539,A21N,passenger
2026-03-15,21:00,01:24,Bangkok,BKK,Vietnam Airlines,VN618,2,11L,Landed,VN-A324,A321,passenger
2026-03-15,20:57,01:30,Siem Reap,SAI,VietJet Air,VJ914,2,11L,Landed,VN-A545,A21N,passenger
2026-03-15,20:53,01:36,Shenzhen,SZX,China Southern Airlines,CZ8083,2,29R,Landed,B-6913,A321,passenger
2026-03-15,20:37,01:51,Phu Quoc,PQC,VietJet Air,VJ1440,1,11L,Landed,VN-A525,A21N,passenger
2026-03-15,20:32,01:04,Da Nang,DAD,Vietnam Airlines,VN188,1,11L,Landed,VN-A513,A20N,passenger
2026-03-15,20:29,01:47,Ho Chi Minh City,SGN,VietJet Air,VJ158,1,11L,Landed,VN-A632,A321,passenger
2026-03-15,20:22,03:47,Chennai,MAA,N/A,N/A,0,11L,Landed,VT-AFN,B738,cargo
2026-03-15,20:22,01:05,Da Nang,DAD,Vietravel Airlines,VU658,1,11L,Landed,VN-A136,A320,passenger
2026-03-15,20:17,01:28,Bangkok,DMK,AirAsia,FD644,2,11L,Landed,HS-EAC,A21N,passenger
2026-03-15,20:09,02:40,Taichung,RMQ,VietJet Air,VJ949,2,11L,Landed,VN-A645,A321,passenger
2026-03-15,20:03,01:03,Da Nang,DAD,Vietnam Airlines,VN180,1,11L,Landed,VN-A514,A20N,passenger
2026-03-15,20:00,05:08,Tokyo,HND,Vietnam Airlines,VN385,2,11L,Landed,VN-A871,B789,passenger
2026-03-15,19:51,01:33,Yangon,RGN,Myanmar Airways International,8M450,2,N/A,Landed,XY-ALZ,A319,passenger
2026-03-15,19:43,01:32,Nha Trang,CXR,Vietnam Airlines,VN1560,1,11L,Landed,VN-A398,A321,passenger
2026-03-15,19:25,01:40,Chongqing,CKG,West Air,PN6423,2,11L,Landed,B-6765,A320,passenger
2026-03-15,19:22,01:39,Hong Kong,HKG,FedEx,FX9017,0,11L,Landed,N840FD,B77L,cargo
2026-03-15,18:57,01:37,Hong Kong,HKG,Cathay Pacific,CX743,2,11L,Landed,B-HNX,B773,passenger
2026-03-15,18:52,01:51,Changsha,CSX,China Southern Airlines,CZ8359,2,11L,Landed,B-32FY,A20N,passenger
2026-03-15,18:40,01:49,Ho Chi Minh City,SGN,Sun PhuQuoc Airways,9G854,1,11R,Landed,VN-A280,A321,passenger
2026-03-15,18:38,01:10,Da Nang,DAD,Sun PhuQuoc Airways,9G932,1,29R,Landed,VN-A282,A21N,passenger
2026-03-15,18:35,01:46,Ho Chi Minh City,SGN,VietJet Air,VJ194,1,11R,Landed,VN-A656,A320,passenger
2026-03-15,18:30,01:37,Phnom Penh,KTI,Air Cambodia,K6850,2,11L,Landed,XU-350,A321,passenger
2026-03-15,18:08,01:33,Shenzhen,SZX,Shenzhen Airlines,ZH105,2,11L,Landed,B-5411,B738,passenger
2026-03-15,18:06,01:31,Guangzhou,CAN,China Southern Airlines,CZ8177,2,11L,Landed,B-32LQ,A21N,passenger
2026-03-15,18:01,02:51,Singapore,SIN,VietJet Air,VJ916,2,11L,Landed,VN-A677,A321,passenger
2026-03-15,17:32,01:30,Guangzhou,CAN,Vietnam Airlines,VN507,2,11L,Landed,VN-A395,A321,passenger
2026-03-15,17:18,01:41,Phu Quoc,PQC,VietJet Air,VJ446,1,11L,Landed,VN-A689,A320,passenger
2026-03-15,17:13,01:31,Bangkok,BKK,VietJet Air,VJ902,2,11L,Landed,VN-A537,A21N,passenger
2026-03-15,17:10,03:12,Shanghai,PVG,China Eastern Airlines,MU6013,2,11L,Landed,B-32KU,A21N,passenger
2026-03-15,16:37,00:33,Dien Bien Phu,DIN,Vietnam Airlines,VN1805,1,11L,Landed,VN-A326,A321,passenger
2026-03-15,16:12,00:58,Da Nang,DAD,Vietnam Airlines,VN172,1,11L,Landed,VN-A325,A321,passenger
2026-03-15,16:10,01:42,Ho Chi Minh City,SGN,Bamboo Airways,QH242,1,11L,Landed,ER-00005,A320,passenger
2026-03-15,15:36,01:55,Can Tho,VCA,VietJet Air,VJ462,1,11L,Landed,VN-A666,A320,passenger
2026-03-15,15:25,01:55,Phu Quoc,PQC,Sun PhuQuoc Airways,9G1206,1,11L,Landed,VN-A286,A21N,passenger
2026-03-15,15:22,01:59,Ho Chi Minh City,SGN,Pegasus,VJ198,1,11L,Landed,LY-NVE,A320,passenger
2026-03-15,15:16,03:21,Shanghai,PVG,China Eastern Airlines,MU6011,2,11L,Landed,B-8576,A321,passenger
2026-03-15,14:58,01:51,Guangzhou,CAN,China Southern Airlines,CZ8315,2,11L,Landed,B-6782,A320,passenger
2026-03-15,14:52,01:46,Shenzhen,SZX,China Southern Airlines,CZ8469,2,11L,Landed,B-6978,A321,passenger
2026-03-15,14:50,01:19,Chiang Mai,CNX,AirAsia,FD870,2,11L,Landed,HS-CBC,A20N,passenger
2026-03-15,14:43,02:54,Kuala Lumpur,KUL,AirAsia,AK512,2,11L,Landed,9M-RAA,A320,passenger
2026-03-15,14:27,01:39,Nha Trang,CXR,Vietnam Airlines,VN1552,1,11L,Landed,VN-A605,A321,passenger
2026-03-15,14:23,02:45,Kuala Lumpur,KUL,VietJet Air,VJ906,2,11L,Landed,VN-A545,A21N,passenger
2026-03-15,14:19,01:01,Da Nang,DAD,VietJet Air,VJ508,1,11L,Landed,VN-A673,A321,passenger
2026-03-15,14:15,01:43,Ho Chi Minh City,SGN,Vietnam Airlines,VN230,1,11L,Landed,VN-A614,A321,passenger
2026-03-15,13:41,01:37,Shenzhen,SZX,Shenzhen Airlines,ZH103,2,29R,Landed,B-6781,A320,passenger
2026-03-15,13:32,03:32,Delhi,DEL,IndiGo,6E1633,2,11L,Landed,VT-IPY,A20N,passenger
2026-03-15,13:29,04:14,Seoul,ICN,VietJet Air,VJ961,2,11L,Landed,VN-A548,A21N,passenger
2026-03-15,13:26,05:21,Tokyo,NRT,VietJet Air,VJ933,2,11L,Landed,VN-A810,A333,passenger
2026-03-15,12:28,05:33,Vladivostok,VVO,VietJet Air,VJ3522,2,11L,Landed,VN-A539,A21N,passenger
2026-03-15,12:26,01:45,Phu Quoc,PQC,Sun PhuQuoc Airways,9G1202,1,11L,Landed,VN-A280,A321,passenger
2026-03-15,12:23,01:46,Phu Quoc,PQC,VietJet Air,VJ440,1,11L,Landed,VN-A656,A320,passenger
2026-03-15,12:21,01:05,Da Nang,DAD,Sun PhuQuoc Airways,9G916,1,11L,Landed,VN-A909,A20N,passenger
2026-03-15,12:11,04:39,Nagoya,NGO,Vietnam Airlines,VN349,2,11L,Landed,VN-A869,B789,passenger
2026-03-15,12:04,01:46,Phu Quoc,PQC,Vietnam Airlines,VN1236,1,11L,Landed,VN-A611,A321,passenger
2026-03-15,12:00,04:14,Seoul,ICN,Asiana Airlines,OZ729,2,11L,Landed,HL7732,B772,passenger
2026-03-15,11:51,01:38,Ho Chi Minh City,SGN,Vietnam Airlines,VN210,1,11L,Landed,VN-A897,A359,passenger
2026-03-15,11:36,04:11,Fukuoka,FUK,VietJet Air,VJ959,2,11L,Landed,VN-A645,A321,passenger
2026-03-15,11:26,03:01,Singapore,SIN,Singapore Airlines,SQ192,2,11L,Landed,9V-SHP,A359,passenger
2026-03-15,11:24,01:08,Da Nang,DAD,N/A,VN6080,1,11L,Landed,VN-A363,A321,passenger
2026-03-15,11:15,04:07,Fukuoka,FUK,Vietnam Airlines,VN359,2,11L,Landed,VN-A618,A21N,passenger
2026-03-15,11:12,00:50,Dong Hoi,VDH,Vietnam Airlines,VN1590,1,11L,Landed,VN-A395,A321,passenger
2026-03-15,11:11,03:12,Shanghai,PVG,Air China,CA703,2,11L,Landed,B-6942,A321,passenger
2026-03-15,10:56,01:47,Ho Chi Minh City,SGN,Sun PhuQuoc Airways,9G816,1,11L,Landed,VN-A284,A21N,passenger
2026-03-15,10:47,01:50,Ho Chi Minh City,SGN,Bamboo Airways,QH208,1,11L,Landed,VN-A585,A321,passenger
2026-03-15,10:39,04:01,Busan,PUS,VietJet Air,VJ981,2,11L,Landed,VN-A552,A21N,passenger
2026-03-15,10:33,02:47,Taipei,TPE,China Airlines,CI791,2,11L,Landed,B-18317,A333,passenger
2026-03-15,10:27,04:10,Seoul,ICN,Korean Air,KE441,2,11L,Landed,HL8710,A21N,passenger
2026-03-15,10:22,01:39,Ho Chi Minh City,SGN,Vietnam Airlines,VN208,1,11R,Landed,VN-A886,A359,passenger
2026-03-15,10:12,01:43,Ho Chi Minh City,SGN,VietJet Air,VJ184,1,11L,Landed,VN-A811,A333,passenger
2026-03-15,10:06,01:24,Bangkok,BKK,Thai Airways,TG560,2,11L,Landed,HS-TXU,A320,passenger
2026-03-15,09:59,01:22,Guangzhou,CAN,China Southern Airlines,CZ3049,2,11L,Landed,B-20D7,B789,passenger
2026-03-15,09:52,09:46,Oslo,OSL,Ethiopian Airlines,ET3792,0,11L,Landed,ET-APS,B77L,cargo
2026-03-15,09:44,01:04,Da Nang,DAD,Vietravel Airlines,VU638,1,11L,Landed,VN-A136,A320,passenger
2026-03-15,09:30,02:36,Taipei,TPE,Vietnam Airlines,VN579,2,11L,Landed,VN-A399,A321,passenger
2026-03-15,09:17,05:20,Dubai,DWC,Emirates,EK9852,0,11L,Landed,A6-EFT,B77L,cargo
2026-03-15,09:13,01:44,Ho Chi Minh City,SGN,Bamboo Airways,QH204,1,11L,Landed,ER-00005,A320,passenger
2026-03-15,09:11,01:44,Ho Chi Minh City,SGN,Sun PhuQuoc Airways,9G808,1,11L,Landed,VN-A286,A21N,passenger
2026-03-15,08:53,00:59,Da Nang,DAD,Bamboo Airways,QH104,1,11L,Landed,VN-A596,A20N,passenger
2026-03-15,08:46,00:54,Hue,HUI,Vietnam Airlines,VN1540,1,11L,Landed,VN-A396,A321,passenger
2026-03-15,08:38,01:24,Bangkok,BKK,K-Mile Air,8K528,0,11L,Landed,HS-KMD,B738,cargo
2026-03-15,08:35,01:23,Bangkok,DMK,AirAsia,FD642,2,11L,Landed,HS-EAB,A21N,passenger
2026-03-15,08:30,04:08,Seoul,ICN,VietJet Air,VJ963,2,11L,Landed,VN-A537,A21N,passenger
2026-03-15,08:24,02:56,Singapore,SIN,Scoot,TR300,2,11L,Landed,9V-OFG,B788,passenger
2026-03-15,08:21,01:31,Shenzhen,SZX,Shenzhen Airlines,ZH101,2,11L,Landed,B-8077,A320,passenger
2026-03-15,08:02,02:48,Kuala Lumpur,KUL,AirAsia,AK516,2,11L,Landed,9M-DAF,A320,passenger
2026-03-15,07:55,01:36,Ho Chi Minh City,SGN,Vietnam Airlines,VN206,1,11L,Landed,VN-A865,B789,passenger
2026-03-15,07:41,03:06,Manila,MNL,Cebu Pacific,5J744,2,11L,Landed,RP-C4127,A21N,passenger
2026-03-15,07:34,01:40,Ho Chi Minh City,SGN,Vietravel Airlines,VU750,1,11L,Landed,VN-A289,A321,passenger
2026-03-15,07:31,01:41,Ho Chi Minh City,SGN,Sun PhuQuoc Airways,9G802,1,11L,Landed,VN-A285,A21N,passenger
2026-03-15,07:28,01:01,Da Nang,DAD,VietJet Air,VJ524,1,11L,Landed,VN-A578,A21N,passenger
2026-03-15,06:57,03:57,Bengaluru,BLR,Vietnam Airlines,VN982,2,11L,Landed,VN-A507,A21N,passenger
2026-03-15,06:45,01:43,Ho Chi Minh City,SGN,N/A,VN6002,1,11L,Landed,VN-A363,A321,passenger
2026-03-15,05:38,03:51,Jakarta,CGK,Vietnam Airlines,VN634,2,11L,Landed,VN-A326,A321,passenger
2026-03-15,05:35,09:58,Milan,MXP,Vietnam Airlines,VN72,2,11L,Landed,VN-A898,A359,passenger
2026-03-15,05:11,03:45,Ahmedabad,AMD,VietJet Air,VJ1926,2,11L,Landed,VN-A662,A320,passenger
2026-03-15,04:35,03:40,Mumbai,BOM,Vietnam Airlines,VN972,2,N/A,Landed,VN-A888,A359,passenger
2026-03-15,04:27,02:50,Shanghai,PVG,VietJet Air,VJ7239,2,11L,Landed,VN-A671,A320,passenger
2026-03-15,03:49,02:47,Kuala Lumpur,KUL,MJets Air,WW220,0,11L,Landed,9M-KXA,B734,cargo
2026-03-15,01:53,03:56,Seoul,ICN,Korean Air,KE361,0,11L,Landed,HL7602,B744,cargo
2026-03-15,01:41,04:14,Seoul,ICN,Air Zeta,KJ373,0,11L,Landed,HL8355,B738,cargo
2026-03-15,01:06,03:38,Qingdao,TAO,Shandong Airlines,SC4649,2,11L,Landed,B-1359,B738,passenger
2026-03-15,00:55,01:43,Ho Chi Minh City,SGN,Vietnam Airlines,VN270,1,11L,Landed,VN-A611,A321,passenger
2026-03-15,00:47,01:42,Ho Chi Minh City,SGN,Sun PhuQuoc Airways,9G886,1,11L,Landed,VN-A280,A321,passenger
2026-03-15,00:43,01:44,Ho Chi Minh City,SGN,VietJet Air,VJ178,1,11L,Landed,VN-A673,A321,passenger
2026-03-15,00:38,01:29,Shenzhen,SZX,Shenzhen Airlines,ZH107,2,11L,Landed,B-8079,A320,passenger
2026-03-15,00:23,03:07,Jinan,TNA,Shandong Airlines,SC8071,2,11L,Landed,B-1436,B738,passenger
2026-03-15,00:15,01:41,Ho Chi Minh City,SGN,VietJet Air,VJ174,1,11L,Landed,VN-A810,A333,passenger
2026-03-15,00:11,02:53,Shanghai,PVG,Juneyao Air,HO1329,2,11L,Landed,B-1647,A321,passenger
2026-03-15,00:07,00:58,Da Nang,DAD,Vietnam Airlines,VN7192,1,11L,Landed,VN-A329,A321,passenger
2026-03-16,23:41,00:59,Da Nang,DAD,VietJet Air,VJ522,1,11L,Landed,VN-A516,A21N,passenger
2026-03-16,23:04,01:43,Ho Chi Minh City,SGN,Bamboo Airways,QH280,1,11L,Landed,VN-A596,A20N,passenger
2026-03-16,22:57,01:45,Ho Chi Minh City,SGN,Bamboo Airways,QH286,1,11L,Landed,VN-A585,A321,passenger
2026-03-16,22:49,01:28,Guangzhou,CAN,China Southern Airlines,CZ371,2,11L,Landed,B-205L,B38M,passenger
2026-03-16,22:29,02:52,Kuala Lumpur,KUL,Vietnam Airlines,VN680,2,11L,Landed,VN-A616,A21N,passenger
2026-03-16,22:26,01:02,Hue,HUI,VietJet Air,VJ568,1,11L,Landed,VN-A637,A321,passenger
2026-03-16,22:21,01:44,Ho Chi Minh City,SGN,Sun PhuQuoc Airways,9G880,1,11L,Landed,VN-A285,A21N,passenger
2026-03-16,22:18,01:04,Da Nang,DAD,Sun PhuQuoc Airways,9G942,1,11L,Landed,VN-A282,A21N,passenger
2026-03-16,22:15,01:45,Ho Chi Minh City,SGN,VietJet Air,VJ180,1,11L,Landed,VN-A536,A21N,passenger
2026-03-16,22:12,01:40,Nha Trang,CXR,VietJet Air,VJ778,1,29R,Landed,VN-A647,A321,passenger
2026-03-16,22:03,04:17,Seoul,ICN,FedEx,FX9073,0,11L,Landed,N109FE,B763,cargo
2026-03-16,21:53,01:28,Macau,MFM,Air Macau,NX982,2,11L,Landed,B-MBU,A21N,passenger
2026-03-16,21:39,01:46,Ho Chi Minh City,SGN,Vietnam Airlines,VN262,1,11L,Landed,VN-A617,A21N,passenger
2026-03-16,21:26,01:01,Da Nang,DAD,N/A,VN6070,1,11L,Landed,VN-A363,A321,passenger
2026-03-16,21:11,02:51,Taipei,TPE,VietJet Air,VJ943,2,11L,Landed,VN-A674,A21N,passenger
2026-03-16,21:01,01:40,Phu Quoc,PQC,VietJet Air,VJ1440,1,11L,Landed,VN-A687,A321,passenger
2026-03-16,20:57,01:30,Bangkok,BKK,Vietnam Airlines,VN618,2,11L,Landed,VN-A331,A321,passenger
2026-03-16,20:49,00:45,Dien Bien Phu,DIN,Vietnam Airlines,VN1807,1,11L,Landed,VN-A615,A321,passenger
2026-03-16,20:22,01:02,Da Nang,DAD,Vietnam Airlines,VN188,1,11L,Landed,VN-A514,A20N,passenger
2026-03-16,20:15,01:22,Siem Reap,SAI,VietJet Air,VJ914,2,11L,Landed,VN-A547,A21N,passenger
2026-03-16,20:11,00:44,Luang Prabang,LPQ,Vietnam Airlines,VN930,2,11L,Landed,VN-A603,A321,passenger
2026-03-16,20:06,02:35,Taichung,RMQ,VietJet Air,VJ949,2,11L,Landed,VN-A578,A21N,passenger
2026-03-16,19:54,01:43,Hong Kong,HKG,Hong Kong Airlines,HX528,2,29R,Landed,B-LPL,A320,passenger
2026-03-16,19:41,01:17,Pleiku,PXU,VietJet Air,VJ424,1,11L,Landed,VN-A516,A21N,passenger
2026-03-16,19:29,01:37,Chongqing,CKG,West Air,PN6423,2,11L,Landed,B-8845,A320,passenger
2026-03-16,18:44,,Hanoi,HAN,,,2,,Landed,,,unknown
2026-03-16,18:21,01:43,Phnom Penh,KTI,Air Cambodia,K6850,2,11L,Landed,XU-353,A320,passenger
2026-03-16,18:14,00:13,N/A,,Lao Airlines,N/A,2,N/A,Landed,RDPL-34175,AT75,passenger
2026-03-16,18:10,01:43,Guangzhou,CAN,China Southern Airlines,CZ8177,2,11L,Landed,B-1606,A321,passenger
2026-03-16,18:05,03:55,Jakarta,CGK,VietJet Air,VJ928,2,N/A,Landed,VN-A697,A21N,passenger
2026-03-16,17:56,01:42,Phu Quoc,PQC,Sun PhuQuoc Airways,9G1216,1,11L,Landed,VN-A906,A21N,passenger
2026-03-16,17:34,01:41,Guangzhou,CAN,Vietnam Airlines,VN507,2,11L,Landed,VN-A605,A321,passenger
2026-03-16,17:31,01:45,Ho Chi Minh City,SGN,VietJet Air,VJ194,1,11L,Landed,VN-A553,A21N,passenger
2026-03-16,17:17,01:50,Phu Quoc,PQC,N/A,VN6400,1,N/A,Landed,VN-A363,A321,passenger
2026-03-16,17:15,03:13,Shanghai,PVG,China Eastern Airlines,MU6013,2,11L,Landed,B-32HX,A21N,passenger
2026-03-16,16:43,04:11,Seoul,ICN,N/A,5Y8121,0,11L,Landed,N419MC,B744,cargo
2026-03-16,16:25,03:08,Shanghai,PVG,Air China,CA755,2,11L,Landed,B-6883,A321,passenger
2026-03-16,16:20,00:55,Vientiane,VTE,Lao Airlines,QV311,2,11L,Landed,RDPL-34188,A320,passenger
2026-03-16,16:10,01:59,Con Dao,VCS,VietJet Air,VJ108,1,11L,Landed,B-656E,AJ27,passenger
2026-03-16,16:05,01:05,Da Nang,DAD,Vietnam Airlines,VN7164,1,11L,Landed,VN-A611,A321,passenger
2026-03-16,15:55,01:41,Ho Chi Minh City,SGN,VietJet Air,VJ198,1,11L,Landed,VN-A526,A21N,passenger
2026-03-16,15:22,01:19,Qui Nhon,UIH,Bamboo Airways,QH1214,1,11L,Landed,VN-A227,A321,passenger
2026-03-16,14:59,01:44,Phu Quoc,PQC,Sun PhuQuoc Airways,9G1206,1,11L,Landed,VN-A285,A21N,passenger
2026-03-16,14:53,01:41,Ho Chi Minh City,SGN,Sun PhuQuoc Airways,9G838,1,29R,Landed,VN-A279,A321,passenger
2026-03-16,14:35,01:40,Hong Kong,HKG,Cathay Pacific,CX2049,0,11L,Landed,B-LJH,B748,cargo
2026-03-16,14:26,02:53,Kuala Lumpur,KUL,AirAsia,AK512,2,N/A,Landed,9M-DAF,A320,passenger
2026-03-16,14:20,01:38,Guangzhou,CAN,China Southern Airlines,CZ8315,2,11L,Landed,B-32L2,A20N,passenger
2026-03-16,14:08,01:05,Da Nang,DAD,VietJet Air,VJ508,1,11L,Landed,VN-A575,A21N,passenger
2026-03-16,14:04,01:44,Ho Chi Minh City,SGN,Transavia,VJ188,1,11L,Landed,LY-MLI,A320,passenger
2026-03-16,12:44,01:51,Ho Chi Minh City,SGN,VietJet Air,VJ128,1,11L,Landed,VN-A812,A333,passenger
2026-03-16,12:42,03:44,Delhi,DEL,IndiGo,6E1633,2,11L,Landed,VT-IIG,A20N,passenger
2026-03-16,12:40,01:51,Ho Chi Minh City,SGN,Bamboo Airways,QH224,1,11L,Landed,JU-1410,A320,passenger
2026-03-16,12:01,01:31,Bangkok,DMK,AirAsia,FD640,2,11L,Landed,HS-ABO,A320,passenger
2026-03-16,11:55,01:40,Phu Quoc,PQC,VietJet Air,VJ440,1,11L,Landed,VN-A655,A320,passenger
2026-03-16,11:50,02:50,Kuala Lumpur,KUL,Malaysia Airlines,MH752,2,11L,Landed,9M-MXL,B738,passenger
2026-03-16,11:36,03:32,Beijing,PEK,Air China,CA741,2,11L,Landed,B-326D,A21N,passenger
2026-03-16,11:33,01:45,Ho Chi Minh City,SGN,Sun PhuQuoc Airways,9G822,1,11L,Landed,VN-A280,A321,passenger
2026-03-16,11:25,01:06,Da Nang,DAD,N/A,VN6080,1,11L,Landed,VN-A363,A321,passenger
2026-03-16,11:22,02:59,Singapore,SIN,Singapore Airlines,SQ192,2,11L,Landed,9V-SHR,A359,passenger
2026-03-16,10:50,01:31,Nha Trang,CXR,VietJet Air,VJ772,1,11L,Landed,VN-A815,A333,passenger
2026-03-16,10:44,01:51,Hong Kong,HKG,Hong Kong Air Cargo,RH317,0,11L,Landed,B-LMA,A332,cargo
2026-03-16,10:30,01:09,Chu Lai,VCL,Vietnam Airlines,VN1640,1,11L,Landed,VN-A513,A20N,passenger
2026-03-16,10:29,01:43,Ho Chi Minh City,SGN,VietJet Air,VJ184,1,11L,Landed,VN-A817,A333,passenger
2026-03-16,10:21,04:11,Seoul,ICN,Korean Air,KE441,2,11L,Landed,HL8590,A21N,passenger
2026-03-16,10:14,01:25,Guangzhou,CAN,China Southern Airlines,CZ3049,2,29R,Landed,B-306G,A20N,passenger
2026-03-16,10:07,00:48,Vinh,VII,Vietnam Airlines,VN1716,1,11L,Landed,VN-A329,A321,passenger
2026-03-16,09:38,01:51,Ho Chi Minh City,SGN,Avion Express,VJ148,1,11L,Landed,LY-NVG,A320,passenger
2026-03-16,09:32,01:02,Da Nang,DAD,Vietravel Airlines,VU638,1,11L,Landed,VN-A129,A321,passenger
2026-03-16,09:24,01:48,Ho Chi Minh City,SGN,Avion Express,VU774,1,11L,Landed,9H-MLW,A320,passenger
2026-03-16,09:09,01:01,Da Nang,DAD,Vietnam Airlines,VN158,1,11L,Landed,VN-A358,A321,passenger
2026-03-16,09:01,01:39,Ho Chi Minh City,SGN,Vietnam Airlines,VN240,1,11L,Landed,VN-A892,A359,passenger
2026-03-16,08:56,04:10,Seoul,ICN,VietJet Air,VJ963,2,11L,Landed,VN-A687,A321,passenger
2026-03-16,08:51,01:30,Bangkok,DMK,AirAsia,FD642,2,11L,Landed,HS-EAG,A21N,passenger
2026-03-16,08:41,01:37,Hong Kong,HKG,HK express,UO540,2,11L,Landed,B-HSL,A320,passenger
2026-03-16,08:22,01:43,Ho Chi Minh City,SGN,VietJet Air,VJ126,1,11L,Landed,VN-A643,A321,passenger
2026-03-16,08:14,02:53,Kuala Lumpur,KUL,AirAsia,AK516,2,11L,Landed,9M-AQD,A320,passenger
2026-03-16,07:46,01:45,Ho Chi Minh City,SGN,Vietravel Airlines,VU750,1,11L,Landed,VN-A136,A320,passenger
2026-03-16,07:29,01:38,Ho Chi Minh City,SGN,Sun PhuQuoc Airways,9G802,1,11L,Landed,VN-A281,A21N,passenger
2026-03-16,07:00,01:49,Ho Chi Minh City,SGN,N/A,VN6002,1,11L,Landed,VN-A363,A321,passenger
2026-03-16,04:09,01:27,Guangzhou,CAN,VietJet Air,VJ7527,2,11L,Landed,VN-A575,A21N,passenger
2026-03-16,02:36,01:26,Guangzhou,CAN,FedEx,FX5775,0,11L,Landed,N118FE,B763,cargo
2026-03-16,02:15,02:50,Manila,MNL,Philippine Airlines,PR595,2,11L,Landed,RP-C9915,A321,passenger
2026-03-16,02:01,01:34,Nha Trang,CXR,VietJet Air,VJ7614,1,11L,Landed,VN-A537,A21N,passenger
2026-03-16,01:28,01:39,Ho Chi Minh City,SGN,Vietnam Airlines,VN270,1,11L,Landed,VN-A358,A321,passenger
2026-03-16,01:16,01:43,Ho Chi Minh City,SGN,Sun PhuQuoc Airways,9G886,1,11L,Landed,VN-A906,A21N,passenger
2026-03-16,01:07,01:01,Da Nang,DAD,Vietnam Airlines,VN7192,1,11L,Landed,VN-A619,A21N,passenger
2026-03-16,01:06,03:38,Qingdao,TAO,Shandong Airlines,SC4649,2,11L,Landed,B-1441,B738,passenger
2026-03-16,01:00,02:42,Hangzhou,HGH,Air China,CA707,2,11L,Landed,B-6741,A321,passenger
2026-03-16,00:56,01:44,Ho Chi Minh City,SGN,VietJet Air,VJ178,1,11L,Landed,VN-A637,A321,passenger
2026-03-16,00:37,01:42,Ho Chi Minh City,SGN,Sun PhuQuoc Airways,9G882,1,11L,Landed,VN-A280,A321,passenger
2026-03-16,00:03,01:49,Can Tho,VCA,VietJet Air,VJ464,1,11L,Landed,VN-A677,A321,passenger
