Airport,Crawl_Date,Flight_No,IATA,Airline,Scheduled_Tail,Scheduled_Time,Actual_Time,Departure_Delay,Departure_Delay_Reg_Target,Arrival_Delay,Turnaround_Buffer,Turnaround_Buffer_Model,Is_Long_Ground_Turnaround,Tail_Stagnation_Duration,Tail_Stagnation_Duration_Model,Match_Status,Data_Completeness
SGN,2025-12-22,VJ260,VDH,VietJet Air,VN-A663,2025-12-22 05:30,2025-12-22 05:39,9.0,9.0,0.0,4320.0,,1.0,4320.0,,matched,complete
SGN,2025-12-23,AK523,KUL,AirAsia,9M-RAG,2025-12-23 16:10,2025-12-23 18:03,113.0,113.0,15.0,4320.0,,1.0,4320.0,,matched,complete
SGN,2025-12-23,AK525,KUL,AirAsia,9M-AGG,2025-12-23 20:15,2025-12-23 21:35,80.0,80.0,-5.0,4320.0,,1.0,4320.0,,matched,complete
SGN,2025-12-24,9C7348,CAN,Spring Airlines,B-8427,2025-12-24 18:55,2025-12-24 19:11,16.0,16.0,0.0,4320.0,,1.0,4320.0,,matched,complete
SGN,2025-12-24,MU9634,KMG,China Eastern Airlines,B-5701,2025-12-24 16:55,2025-12-24 20:18,203.0,203.0,0.0,4320.0,,1.0,4320.0,,matched,complete
SGN,2025-12-26,JL70,HND,Japan Airlines,JA832J,2025-12-25 23:45,2025-12-26 02:20,155.0,155.0,0.0,4320.0,,1.0,4320.0,,matched,complete
SGN,2025-12-27,VJ136,HAN,VietJet Air,VN-A526,2025-12-27 08:30,2025-12-27 08:51,21.0,21.0,0.0,4320.0,,1.0,4320.0,,matched,complete
SGN,2025-12-27,AK525,KUL,AirAsia,9M-AGF,2025-12-27 20:15,2025-12-27 21:56,101.0,101.0,0.0,4320.0,,1.0,4320.0,,matched,complete
SGN,2025-12-29,VN244,HAN,Vietnam Airlines,VN-A871,2025-12-29 09:00,2025-12-29 09:24,24.0,24.0,0.0,4320.0,,1.0,4320.0,,matched,complete
SGN,2025-12-29,VN1268,VII,Vietnam Airlines,VN-A613,2025-12-29 18:45,2025-12-29 18:57,12.0,12.0,0.0,4320.0,,1.0,4320.0,,matched,complete
SGN,2025-12-30,AK529,KUL,AirAsia,9M-AHX,2025-12-30 10:35,2025-12-30 12:10,95.0,95.0,3.0,4320.0,,1.0,4320.0,,matched,complete
SGN,2025-12-30,AK523,KUL,AirAsia,9M-RAI,2025-12-30 16:10,2025-12-30 17:37,87.0,87.0,0.0,4320.0,,1.0,4320.0,,matched,complete
SGN,2025-12-30,TR303,SIN,Scoot,9V-TNG,2025-12-30 17:35,2025-12-30 19:37,122.0,122.0,0.0,4320.0,,1.0,4320.0,,matched,complete
SGN,2025-12-31,AK1491,JHB,AirAsia,9M-RAR,2025-12-31 08:30,2025-12-31 10:04,94.0,94.0,0.0,4320.0,,1.0,4320.0,,matched,complete
SGN,2026-01-01,VJ270,HPH,VietJet Air,LY-MLN,2026-01-01 06:15,2026-01-01 06:34,19.0,19.0,0.0,4320.0,,1.0,4320.0,,matched,complete
SGN,2026-01-01,VJ148,HAN,VietJet Air,LY-NVE,2026-01-01 07:20,2026-01-01 07:49,29.0,29.0,0.0,4320.0,,1.0,4320.0,,matched,complete
SGN,2026-01-01,VJ212,VII,VietJet Air,LY-MLI,2026-01-01 06:15,2026-01-01 07:54,99.0,99.0,0.0,4320.0,,1.0,4320.0,,matched,complete
SGN,2026-01-01,VJ386,UIH,VietJet Air,LY-MLN,2026-01-01 11:15,2026-01-01 13:05,110.0,110.0,0.0,4320.0,,1.0,4320.0,,matched,complete
SGN,2026-01-01,VJ210,VII,VietJet Air,LY-MLI,2026-01-01 11:15,2026-01-01 13:42,147.0,147.0,0.0,4320.0,,1.0,4320.0,,matched,complete
SGN,2026-01-01,SU293,SVO,Aeroflot,RA-73155,2026-01-01 11:15,2026-01-01 14:04,169.0,169.0,0.0,4320.0,,1.0,4320.0,,matched,complete
SGN,2026-01-02,AK523,KUL,AirAsia,9M-AHY,2026-01-02 16:10,2026-01-02 17:46,96.0,96.0,0.0,4320.0,,1.0,4320.0,,matched,complete
SGN,2026-01-02,AK525,KUL,AirAsia,9M-AQH,2026-01-02 20:15,2026-01-02 22:12,117.0,117.0,5.0,4320.0,,1.0,4320.0,,matched,complete
SGN,2026-01-03,VJ356,BMV,VietJet Air,VN-A580,2026-01-03 06:30,2026-01-03 06:57,27.0,27.0,0.0,4320.0,,1.0,4320.0,,matched,complete
SGN,2026-01-03,CZ6078,PVG,China Southern Airlines,B-8640,2026-01-03 13:10,2026-01-03 13:37,27.0,27.0,0.0,4320.0,,1.0,4320.0,,matched,complete
SGN,2026-01-05,VJ184,HAN,VietJet Air,VN-A816,2026-01-05 08:15,2026-01-05 10:18,123.0,123.0,0.0,4320.0,,1.0,4320.0,,matched,complete
SGN,2026-01-06,5J752,MNL,Cebu Pacific,RP-C4126,2026-01-06 00:35,2026-01-06 00:58,23.0,23.0,-4.0,4320.0,,1.0,4320.0,,matched,complete
SGN,2026-01-06,TG551,BKK,Thai Airways,HS-TXC,2026-01-06 10:15,2026-01-06 11:30,75.0,75.0,0.0,4320.0,,1.0,4320.0,,matched,complete
SGN,2026-01-06,VN216,HAN,Vietnam Airlines,VN-A872,2026-01-06 16:00,2026-01-06 16:33,33.0,33.0,0.0,4320.0,,1.0,4320.0,,matched,complete
SGN,2026-01-07,5J752,MNL,Cebu Pacific,RP-C4140,2026-01-07 00:35,2026-01-07 01:17,42.0,42.0,0.0,4320.0,,1.0,4320.0,,matched,complete
SGN,2026-01-07,MU282,PVG,China Eastern Airlines,B-1536,2026-01-07 02:10,2026-01-07 02:12,2.0,2.0,0.0,4320.0,,1.0,4320.0,,matched,complete
SGN,2026-01-07,CZ6090,CAN,China Southern Airlines,B-5678,2026-01-07 02:25,2026-01-07 02:21,-4.0,0.0,0.0,4320.0,,1.0,4320.0,,matched,complete
SGN,2026-01-07,CZ8474,SZX,China Southern Airlines,B-1696,2026-01-07 02:25,2026-01-07 02:24,-1.0,0.0,0.0,4320.0,,1.0,4320.0,,matched,complete
SGN,2026-01-07,CA904,PEK,Air China,B-1760,2026-01-07 05:00,2026-01-07 05:09,9.0,9.0,0.0,4320.0,,1.0,4320.0,,matched,complete
SGN,2026-01-07,PR592,MNL,Philippine Airlines,RP-C9925,2026-01-07 09:35,2026-01-07 09:49,14.0,14.0,0.0,4320.0,,1.0,4320.0,,matched,complete
SGN,2026-01-07,QR975,DOH,Qatar Airways,A7-BCB,2026-01-07 08:55,2026-01-07 10:05,70.0,70.0,0.0,4320.0,,1.0,4320.0,,matched,complete
SGN,2026-01-07,VJ128,HAN,VietJet Air,VN-A646,2026-01-07 10:00,2026-01-07 10:16,16.0,16.0,0.0,4320.0,,1.0,4320.0,,matched,complete
SGN,2026-01-07,CX766,HKG,Cathay Pacific,B-HNE,2026-01-07 11:35,2026-01-07 11:54,19.0,19.0,0.0,4320.0,,1.0,4320.0,,matched,complete
SGN,2026-01-07,AK529,KUL,AirAsia,9M-AGJ,2026-01-07 10:35,2026-01-07 12:00,85.0,85.0,0.0,4320.0,,1.0,4320.0,,matched,complete
SGN,2026-01-07,CZ8160,CAN,China Southern Airlines,B-1090,2026-01-07 11:55,2026-01-07 12:03,8.0,8.0,0.0,4320.0,,1.0,4320.0,,matched,complete
SGN,2026-01-07,JX712,TPE,Starlux,B-58501,2026-01-07 11:40,2026-01-07 12:10,30.0,30.0,0.0,4320.0,,1.0,4320.0,,matched,complete
SGN,2026-01-07,CI782,TPE,China Airlines,B-18901,2026-01-07 11:00,2026-01-07 12:17,77.0,77.0,0.0,4320.0,,1.0,4320.0,,matched,complete
SGN,2026-01-07,MF894,XMN,Xiamen Air,B-1969,2026-01-07 12:25,2026-01-07 12:57,32.0,32.0,0.0,4320.0,,1.0,4320.0,,matched,complete
SGN,2026-01-07,VJ138,HAN,VietJet Air,VN-A539,2026-01-07 12:30,2026-01-07 13:09,39.0,39.0,0.0,4320.0,,1.0,4320.0,,matched,complete
SGN,2026-01-07,AK1503,PEN,AirAsia,9M-AQH,2026-01-07 13:35,2026-01-07 13:55,20.0,20.0,0.0,4320.0,,1.0,4320.0,,matched,complete
SGN,2026-01-07,KE472,ICN,Korean Air,HL8529,2026-01-07 14:05,2026-01-07 14:25,20.0,20.0,0.0,4320.0,,1.0,4320.0,,matched,complete
SGN,2026-01-07,CZ8466,SZX,China Southern Airlines,B-6913,2026-01-07 14:30,2026-01-07 14:32,2.0,2.0,0.0,4320.0,,1.0,4320.0,,matched,complete
SGN,2026-01-07,QR970,KTI,Qatar Airways,A7-BAN,2026-01-07 14:35,2026-01-07 14:45,10.0,10.0,0.0,4320.0,,1.0,4320.0,,matched,complete
SGN,2026-01-07,AK523,KUL,AirAsia,9M-RCB,2026-01-07 16:10,2026-01-07 16:12,2.0,2.0,0.0,4320.0,,1.0,4320.0,,matched,complete
SGN,2026-01-07,MU9634,KMG,China Eastern Airlines,B-1788,2026-01-07 16:55,2026-01-07 16:55,0.0,0.0,0.0,4320.0,,1.0,4320.0,,matched,complete
SGN,2026-01-07,CI784,TPE,China Airlines,B-18002,2026-01-07 17:50,2026-01-07 17:58,8.0,8.0,0.0,4320.0,,1.0,4320.0,,matched,complete
SGN,2026-01-07,EK365,DXB,Emirates,A6-EXB,2026-01-07 18:00,2026-01-07 18:10,10.0,10.0,0.0,4320.0,,1.0,4320.0,,matched,complete
SGN,2026-01-07,FD655,DMK,AirAsia,HS-EAB,2026-01-07 18:05,2026-01-07 18:29,24.0,24.0,0.0,4320.0,,1.0,4320.0,,matched,complete
SGN,2026-01-07,9C7348,CAN,Spring Airlines,B-6821,2026-01-07 18:55,2026-01-07 18:57,2.0,2.0,0.0,4320.0,,1.0,4320.0,,matched,complete
SGN,2026-01-07,QR971,DOH,Qatar Airways,A7-BAN,2026-01-07 17:10,2026-01-07 19:39,149.0,149.0,0.0,4320.0,,1.0,4320.0,,matched,complete
SGN,2026-01-07,CX764,HKG,Cathay Pacific,B-HNS,2026-01-07 19:35,2026-01-07 20:02,27.0,27.0,0.0,4320.0,,1.0,4320.0,,matched,complete
SGN,2026-01-07,TG557,BKK,Thai Airways,HS-TXH,2026-01-07 20:10,2026-01-07 20:17,7.0,7.0,0.0,4320.0,,1.0,4320.0,,matched,complete
SGN,2026-01-07,SQ185,SIN,Singapore Airlines,9V-SCO,2026-01-07 19:50,2026-01-07 20:25,35.0,35.0,0.0,4320.0,,1.0,4320.0,,matched,complete
SGN,2026-01-07,AK525,KUL,AirAsia,9M-DAE,2026-01-07 20:15,2026-01-07 20:39,24.0,24.0,0.0,4320.0,,1.0,4320.0,,matched,complete
SGN,2026-01-07,TK163,IST,Turkish Airlines,TC-JJE,2026-01-07 22:15,2026-01-07 22:27,12.0,12.0,0.0,4320.0,,1.0,4320.0,,matched,complete
SGN,2026-01-07,FD659,DMK,AirAsia,HS-ABM,2026-01-07 21:35,2026-01-07 22:39,64.0,64.0,0.0,4320.0,,1.0,4320.0,,matched,complete
SGN,2026-01-07,CA408,CKG,Air China,B-5682,2026-01-07 23:20,2026-01-07 23:31,11.0,11.0,0.0,4320.0,,1.0,4320.0,,matched,complete
SGN,2026-01-08,HO1328,PVG,Juneyao Air,B-30FQ,2026-01-08 00:25,2026-01-08 00:36,11.0,11.0,0.0,4320.0,,1.0,4320.0,,matched,complete
SGN,2026-01-08,KE476,ICN,Korean Air,HL8218,2026-01-07 23:50,2026-01-08 00:42,52.0,52.0,0.0,4320.0,,1.0,4320.0,,matched,complete
SGN,2026-01-08,5J752,MNL,Cebu Pacific,RP-C4118,2026-01-08 00:35,2026-01-08 01:00,25.0,25.0,0.0,4320.0,,1.0,4320.0,,matched,complete
SGN,2026-01-08,VJ868,PUS,VietJet Air,VN-A647,2026-01-08 00:05,2026-01-08 02:01,116.0,116.0,0.0,4320.0,,1.0,4320.0,,matched,complete
SGN,2026-01-08,NH834,NRT,All Nippon Airways,JA815A,2026-01-08 07:30,2026-01-08 07:52,22.0,22.0,0.0,4320.0,,1.0,4320.0,,matched,complete
SGN,2026-01-08,CZ368,CAN,China Southern Airlines,B-20CA,2026-01-08 08:00,2026-01-08 08:06,6.0,6.0,0.0,4320.0,,1.0,4320.0,,matched,complete
SGN,2026-01-09,JQ62,SYD,Jetstar,VH-VKD,2026-01-08 22:40,2026-01-09 04:14,334.0,240.0,0.0,4320.0,,1.0,4320.0,,matched,complete
SGN,2026-01-09,AK523,KUL,AirAsia,9M-RAW,2026-01-09 16:10,2026-01-09 17:08,58.0,58.0,0.0,4320.0,,1.0,4320.0,,matched,complete
SGN,2026-01-09,FD659,DMK,AirAsia,HS-CBH,2026-01-09 21:35,2026-01-09 22:59,84.0,84.0,0.0,4320.0,,1.0,4320.0,,matched,complete
SGN,2026-01-10,AK529,KUL,AirAsia,9M-RAL,2026-01-10 10:35,2026-01-10 11:50,75.0,75.0,0.0,4320.0,,1.0,4320.0,,matched,complete
SGN,2026-01-10,SU293,SVO,Aeroflot,RA-73151,2026-01-10 11:15,2026-01-10 19:15,480.0,240.0,0.0,4320.0,,1.0,4320.0,,matched,complete
SGN,2026-01-11,VN422,PUS,Vietnam Airlines,VN-A879,2026-01-11 00:50,2026-01-11 01:33,43.0,43.0,0.0,4320.0,,1.0,4320.0,,matched,complete
SGN,2026-01-11,TR347,SIN,Scoot,9V-NCH,2026-01-11 15:40,2026-01-11 18:20,160.0,160.0,0.0,4320.0,,1.0,4320.0,,matched,complete
SGN,2026-01-12,VJ626,DAD,VietJet Air,VN-A684,2026-01-12 09:25,2026-01-12 09:43,18.0,18.0,0.0,4320.0,,1.0,4320.0,,matched,complete
SGN,2026-01-12,KE2970,ICN,Korean Air,HL8081,2026-01-12 15:46,2026-01-12 10:57,-289.0,0.0,0.0,4320.0,,1.0,4320.0,,matched,complete
SGN,2026-01-12,AK525,KUL,AirAsia,9M-AJP,2026-01-12 20:15,2026-01-12 22:09,114.0,114.0,10.0,4320.0,,1.0,4320.0,,matched,complete
SGN,2026-01-13,VU770,HAN,Vietravel Airlines,VN-A129,2026-01-13 14:00,2026-01-13 16:28,148.0,148.0,0.0,4320.0,,1.0,4320.0,,matched,complete
SGN,2026-01-14,K67813,KTI,Air Cambodia,XU-612,2026-01-14 11:49,2026-01-14 11:12,-37.0,0.0,0.0,4320.0,,1.0,4320.0,,matched,complete
SGN,2026-01-14,VJ347,PQC,VietJet Air,VN-A649,2026-01-14 07:30,2026-01-14 13:10,340.0,240.0,0.0,4320.0,,1.0,4320.0,,matched,complete
SGN,2026-01-14,VN224,HAN,Vietnam Airlines,VN-A621,2026-01-14 22:00,2026-01-14 22:11,11.0,11.0,0.0,4320.0,,1.0,4320.0,,matched,complete
SGN,2026-01-15,VN210,HAN,Vietnam Airlines,VN-A877,2026-01-15 10:00,2026-01-15 10:35,35.0,35.0,0.0,4320.0,,1.0,4320.0,,matched,complete
SGN,2026-01-15,AK523,KUL,AirAsia,9M-AJE,2026-01-15 16:10,2026-01-15 17:34,84.0,84.0,0.0,4320.0,,1.0,4320.0,,matched,complete
SGN,2026-01-15,AK525,KUL,AirAsia,9M-RCB,2026-01-15 20:15,2026-01-15 21:14,59.0,59.0,0.0,4320.0,,1.0,4320.0,,matched,complete
SGN,2026-01-16,VN1833,PQC,Vietnam Airlines,VN-A616,2026-01-16 14:00,2026-01-16 14:17,17.0,17.0,0.0,4320.0,,1.0,4320.0,,matched,complete
SGN,2026-01-17,VJ136,HAN,VietJet Air,VN-A699,2026-01-17 08:30,2026-01-17 09:04,34.0,34.0,0.0,4320.0,,1.0,4320.0,,matched,complete
SGN,2026-01-17,AK523,KUL,AirAsia,9M-DAF,2026-01-17 16:10,2026-01-17 17:03,53.0,53.0,0.0,4320.0,,1.0,4320.0,,matched,complete
SGN,2026-01-17,MU9634,KMG,China Eastern Airlines,B-7590,2026-01-17 16:55,2026-01-17 17:20,25.0,25.0,0.0,4320.0,,1.0,4320.0,,matched,complete
SGN,2026-01-18,VJ626,DAD,VietJet Air,VN-A642,2026-01-18 09:25,2026-01-18 14:03,278.0,240.0,28.0,4320.0,,1.0,4320.0,,matched,complete
SGN,2026-01-19,KE472,ICN,Korean Air,HL8084,2026-01-19 14:05,2026-01-19 14:29,24.0,24.0,0.0,4320.0,,1.0,4320.0,,matched,complete
SGN,2026-01-19,AK525,KUL,AirAsia,9M-AJH,2026-01-19 20:15,2026-01-19 21:34,79.0,79.0,6.0,4320.0,,1.0,4320.0,,matched,complete
SGN,2026-01-20,AK1631,BKI,AirAsia,9M-AGZ,2026-01-20 13:25,2026-01-20 14:44,79.0,79.0,0.0,4320.0,,1.0,4320.0,,matched,complete
SGN,2026-01-21,MH767,KUL,Malaysia Airlines,9M-MXQ,2026-01-21 19:00,2026-01-21 19:11,11.0,11.0,-15.0,4320.0,,1.0,4320.0,,matched,complete
SGN,2026-01-21,FD659,DMK,AirAsia,HS-CBL,2026-01-21 21:35,2026-01-21 22:11,36.0,36.0,0.0,4320.0,,1.0,4320.0,,matched,complete
SGN,2026-01-21,CA408,CKG,Air China,B-5682,2026-01-21 23:20,2026-01-21 23:41,21.0,21.0,0.0,4320.0,,1.0,4320.0,,matched,complete
SGN,2026-01-22,AK523,KUL,AirAsia,9M-DAE,2026-01-22 16:10,2026-01-22 17:41,91.0,91.0,0.0,4320.0,,1.0,4320.0,,matched,complete
SGN,2026-01-23,9C7558,PVG,Spring Airlines,B-30AD,2026-01-22 23:30,2026-01-23 02:05,155.0,155.0,0.0,4320.0,,1.0,4320.0,,matched,complete
SGN,2026-01-23,QR975,DOH,Qatar Airways,A7-BHL,2026-01-23 08:55,2026-01-23 09:07,12.0,12.0,0.0,4320.0,,1.0,4320.0,,matched,complete
SGN,2026-01-23,CI782,TPE,China Airlines,B-18007,2026-01-23 11:00,2026-01-23 11:17,17.0,17.0,0.0,4320.0,,1.0,4320.0,,matched,complete
SGN,2026-01-23,VJ630,DAD,VietJet Air,VN-A685,2026-01-23 13:10,2026-01-23 14:15,65.0,65.0,0.0,4320.0,,1.0,4320.0,,matched,complete
SGN,2026-01-23,FD659,DMK,AirAsia,HS-BBQ,2026-01-23 21:35,2026-01-23 22:34,59.0,59.0,0.0,4320.0,,1.0,4320.0,,matched,complete
SGN,2026-01-24,AK521,KUL,AirAsia,9M-AGO,2026-01-24 09:25,2026-01-24 11:24,119.0,119.0,0.0,4320.0,,1.0,4320.0,,matched,complete
SGN,2026-01-25,TXC7326,DEL,TAE Avia,EW-465TQ,2026-01-25 05:30,2026-01-25 06:04,34.0,34.0,0.0,4320.0,,1.0,4320.0,,matched,complete
SGN,2026-01-25,VN246,HAN,Vietnam Airlines,VN-A861,2026-01-25 11:00,2026-01-25 12:56,116.0,116.0,0.0,4320.0,,1.0,4320.0,,matched,complete
SGN,2026-01-25,FD659,DMK,AirAsia,HS-ABJ,2026-01-25 21:35,2026-01-25 22:30,55.0,55.0,0.0,4320.0,,1.0,4320.0,,matched,complete
SGN,2026-01-26,K6839,KOS,Air Cambodia,XU-353,2026-01-26 18:30,2026-01-26 20:18,108.0,108.0,0.0,4320.0,,1.0,4320.0,,matched,complete
SGN,2026-01-26,FD659,DMK,AirAsia,HS-BBY,2026-01-26 21:35,2026-01-26 22:38,63.0,63.0,0.0,4320.0,,1.0,4320.0,,matched,complete
SGN,2026-01-27,TK252,HAN,Turkish Airlines,TC-LLB,2026-01-27 10:00,2026-01-27 10:42,42.0,42.0,0.0,4320.0,,1.0,4320.0,,dep_without_arrival,unmatched_departure
SGN,2026-01-27,AK529,KUL,AirAsia,9M-AGQ,2026-01-27 10:35,2026-01-27 11:31,56.0,56.0,0.0,4320.0,,1.0,4320.0,,matched,complete
SGN,2026-01-27,CX766,HKG,Cathay Pacific,B-KQO,2026-01-27 11:35,2026-01-27 13:16,101.0,101.0,0.0,4320.0,,1.0,4320.0,,matched,complete
SGN,2026-01-28,VJ855,CGK,VietJet Air,VN-A650,2026-01-28 09:35,2026-01-28 10:47,72.0,72.0,0.0,4320.0,,1.0,4320.0,,matched,complete
SGN,2026-01-28,AK523,KUL,AirAsia,9M-AJH,2026-01-28 16:10,2026-01-28 17:12,62.0,62.0,0.0,4320.0,,1.0,4320.0,,matched,complete
SGN,2026-01-29,KE476,ICN,Korean Air,HL7783,2026-01-28 23:50,2026-01-29 00:34,44.0,44.0,0.0,4320.0,,1.0,4320.0,,matched,complete
SGN,2026-01-29,JQ64,MEL,Jetstar,VH-VKG,2026-01-28 22:40,2026-01-29 01:11,151.0,151.0,0.0,4320.0,,1.0,4320.0,,matched,complete
SGN,2026-01-29,BR382,TPE,EVA Air,B-16340,2026-01-29 01:55,2026-01-29 02:38,43.0,43.0,14.0,4320.0,,1.0,4320.0,,matched,complete
SGN,2026-01-30,AK525,KUL,AirAsia,9M-AGG,2026-01-30 20:15,2026-01-30 21:15,60.0,60.0,0.0,4320.0,,1.0,4320.0,,matched,complete
SGN,2026-01-30,VN39,CPH,Vietnam Airlines,VN-A865,2026-01-30 22:45,2026-01-30 23:35,50.0,50.0,0.0,4320.0,,1.0,4320.0,,matched,complete
SGN,2026-02-01,JL70,HND,Japan Airlines,JA832J,2026-01-31 23:45,2026-02-01 01:17,92.0,92.0,0.0,4320.0,,1.0,4320.0,,matched,complete
SGN,2026-02-01,VN246,HAN,Vietnam Airlines,VN-A874,2026-02-01 11:00,2026-02-01 14:10,190.0,190.0,0.0,4320.0,,1.0,4320.0,,matched,complete
SGN,2026-02-02,CA408,CKG,Air China,B-5583,2026-02-01 23:20,2026-02-02 02:05,165.0,165.0,0.0,4320.0,,1.0,4320.0,,matched,complete
SGN,2026-02-02,ZH118,SZX,Shenzhen Airlines,B-1377,2026-02-02 02:50,2026-02-02 05:02,132.0,132.0,0.0,4320.0,,1.0,4320.0,,matched,complete
SGN,2026-02-02,CI782,TPE,China Airlines,B-18006,2026-02-02 11:00,2026-02-02 13:14,134.0,134.0,0.0,4320.0,,1.0,4320.0,,matched,complete
SGN,2026-02-02,AK523,KUL,AirAsia,9M-RAJ,2026-02-02 16:10,2026-02-02 17:22,72.0,72.0,-1.0,4320.0,,1.0,4320.0,,matched,complete
SGN,2026-02-03,AI2389,DEL,Air India,VT-EXK,2026-02-03 20:55,2026-02-03 22:38,103.0,103.0,0.0,4320.0,,1.0,4320.0,,matched,complete
SGN,2026-02-04,AK529,KUL,AirAsia,9M-AGU,2026-02-04 10:35,2026-02-04 13:23,168.0,168.0,-16.0,4320.0,,1.0,4320.0,,matched,complete
SGN,2026-02-04,VJ1388,UIH,VietJet Air,B-8871,2026-02-04 15:50,2026-02-04 16:56,66.0,66.0,0.0,4320.0,,1.0,4320.0,,matched,complete
SGN,2026-02-04,AK523,KUL,AirAsia,9M-RAK,2026-02-04 16:10,2026-02-04 17:28,78.0,78.0,0.0,4320.0,,1.0,4320.0,,matched,complete
SGN,2026-02-04,JX714,TPE,Starlux,B-58305,2026-02-04 17:50,2026-02-04 18:21,31.0,31.0,0.0,4320.0,,1.0,4320.0,,matched,complete
SGN,2026-02-04,MH767,KUL,Malaysia Airlines,9M-MLP,2026-02-04 19:00,2026-02-04 19:58,58.0,58.0,0.0,4320.0,,1.0,4320.0,,matched,complete
SGN,2026-02-04,TK163,IST,Turkish Airlines,TC-LLV,2026-02-04 22:15,2026-02-04 22:33,18.0,18.0,0.0,4320.0,,1.0,4320.0,,matched,complete
SGN,2026-02-05,JL70,HND,Japan Airlines,JA830J,2026-02-04 23:45,2026-02-05 00:37,52.0,52.0,0.0,4320.0,,1.0,4320.0,,matched,complete
SGN,2026-02-05,VJ638,DAD,VietJet Air,VN-A526,2026-02-05 15:25,2026-02-05 16:09,44.0,44.0,0.0,4320.0,,1.0,4320.0,,matched,complete
SGN,2026-02-06,AK523,KUL,AirAsia,9M-AGY,2026-02-06 16:10,2026-02-06 17:23,73.0,73.0,0.0,4320.0,,1.0,4320.0,,matched,complete
SGN,2026-02-07,CZ6096,PVG,China Southern Airlines,B-8640,2026-02-07 02:05,2026-02-07 04:01,116.0,116.0,0.0,4320.0,,1.0,4320.0,,matched,complete
SGN,2026-02-07,VN8057,VCS,Vietnam Airlines,VN-B218,2026-02-07 08:50,2026-02-07 09:13,23.0,23.0,0.0,4320.0,,1.0,4320.0,,matched,complete
SGN,2026-02-07,CZ8160,CAN,China Southern Airlines,B-1606,2026-02-07 11:55,2026-02-07 13:51,116.0,116.0,0.0,4320.0,,1.0,4320.0,,matched,complete
SGN,2026-02-07,AE1858,RMQ,China Airlines,B-18652,2026-02-07 11:20,2026-02-07 14:04,164.0,164.0,0.0,4320.0,,1.0,4320.0,,matched,complete
SGN,2026-02-07,AK523,KUL,AirAsia,9M-AJZ,2026-02-07 16:10,2026-02-07 17:52,102.0,102.0,50.0,4320.0,,1.0,4320.0,,matched,complete
SGN,2026-02-07,TR303,SIN,Scoot,9V-TRP,2026-02-07 17:55,2026-02-07 19:19,84.0,84.0,0.0,4320.0,,1.0,4320.0,,matched,complete
SGN,2026-02-08,AK523,KUL,AirAsia,9M-RAV,2026-02-08 16:10,2026-02-08 17:21,71.0,71.0,0.0,4320.0,,1.0,4320.0,,matched,complete
SGN,2026-02-08,BI384,BWN,Royal Brunei Airlines,V8-RBG,2026-02-08 20:35,2026-02-08 22:46,131.0,131.0,0.0,4320.0,,1.0,4320.0,,matched,complete
SGN,2026-02-09,MH767,KUL,Malaysia Airlines,9M-MXJ,2026-02-09 19:00,2026-02-09 20:19,79.0,79.0,0.0,4320.0,,1.0,4320.0,,matched,complete
SGN,2026-02-09,AK525,KUL,AirAsia,9M-AQG,2026-02-09 20:15,2026-02-09 21:30,75.0,75.0,0.0,4320.0,,1.0,4320.0,,matched,complete
SGN,2026-02-10,FD659,DMK,AirAsia,HS-ABM,2026-02-09 21:35,2026-02-10 00:46,191.0,191.0,33.0,4320.0,,1.0,4320.0,,matched,complete
SGN,2026-02-10,TR303,SIN,Scoot,9V-NCA,2026-02-10 17:25,2026-02-10 19:11,106.0,106.0,0.0,4320.0,,1.0,4320.0,,matched,complete
SGN,2026-02-11,TG551,BKK,Thai Airways,HS-TXG,2026-02-11 10:15,2026-02-11 11:50,95.0,95.0,0.0,4320.0,,1.0,4320.0,,matched,complete
SGN,2026-02-11,AK523,KUL,AirAsia,9M-AJH,2026-02-11 16:10,2026-02-11 17:45,95.0,95.0,0.0,4320.0,,1.0,4320.0,,matched,complete
SGN,2026-02-11,AK525,KUL,AirAsia,9M-AQZ,2026-02-11 20:15,2026-02-11 22:35,140.0,140.0,0.0,4320.0,,1.0,4320.0,,matched,complete
SGN,2026-02-12,KE476,ICN,Korean Air,HL8218,2026-02-11 23:50,2026-02-12 02:12,142.0,142.0,0.0,4320.0,,1.0,4320.0,,matched,complete
SGN,2026-02-12,MU282,PVG,China Eastern Airlines,B-5647,2026-02-12 02:10,2026-02-12 03:46,96.0,96.0,0.0,4320.0,,1.0,4320.0,,matched,complete
SGN,2026-02-12,SU293,SVO,Aeroflot,RA-73152,2026-02-12 11:15,2026-02-12 14:31,196.0,196.0,0.0,4320.0,,1.0,4320.0,,matched,complete
SGN,2026-02-13,VN8059,VCS,Vietnam Airlines,VN-B219,2026-02-13 06:40,2026-02-13 06:57,17.0,17.0,0.0,4320.0,,1.0,4320.0,,matched,complete
SGN,2026-02-13,VN7462,VCL,Vietnam Airlines,9H-MLO,2026-02-13 16:50,2026-02-13 18:18,88.0,88.0,0.0,4320.0,,1.0,4320.0,,matched,complete
SGN,2026-02-13,VN7180,HPH,Vietnam Airlines,9H-MLO,2026-02-13 21:00,2026-02-13 22:40,100.0,100.0,0.0,4320.0,,1.0,4320.0,,matched,complete
SGN,2026-02-14,AK525,KUL,AirAsia,9M-AQM,2026-02-13 20:15,2026-02-14 00:22,247.0,240.0,0.0,4320.0,,1.0,4320.0,,matched,complete
SGN,2026-02-14,AK523,KUL,AirAsia,9M-AFE,2026-02-14 16:10,2026-02-14 17:51,101.0,101.0,0.0,4320.0,,1.0,4320.0,,matched,complete
SGN,2026-02-14,FD655,DMK,AirAsia,HS-EAG,2026-02-14 18:05,2026-02-14 20:16,131.0,131.0,25.0,4320.0,,1.0,4320.0,,matched,complete
SGN,2026-02-14,CX764,HKG,Cathay Pacific,B-HNK,2026-02-14 19:35,2026-02-14 22:23,168.0,168.0,0.0,4320.0,,1.0,4320.0,,matched,complete
SGN,2026-02-15,JL70,HND,Japan Airlines,JA829J,2026-02-14 23:45,2026-02-15 01:38,113.0,113.0,0.0,4320.0,,1.0,4320.0,,matched,complete
SGN,2026-02-15,MU7286,PVG,China Eastern Airlines,B-32HX,2026-02-15 02:35,2026-02-15 04:39,124.0,124.0,0.0,4320.0,,1.0,4320.0,,matched,complete
SGN,2026-02-15,VJ126,HAN,VietJet Air,VN-A674,2026-02-15 06:15,2026-02-15 07:55,100.0,100.0,0.0,4320.0,,1.0,4320.0,,matched,complete
SGN,2026-02-15,MH767,KUL,Malaysia Airlines,9M-MLP,2026-02-15 19:00,2026-02-15 20:34,94.0,94.0,0.0,4320.0,,1.0,4320.0,,matched,complete
SGN,2026-02-15,AK525,KUL,AirAsia,9M-RAJ,2026-02-15 20:15,2026-02-15 23:05,170.0,170.0,0.0,4320.0,,1.0,4320.0,,matched,complete
SGN,2026-02-16,MU282,PVG,China Eastern Airlines,B-1421,2026-02-16 02:10,2026-02-16 03:44,94.0,94.0,0.0,4320.0,,1.0,4320.0,,matched,complete
SGN,2026-02-16,JQ62,SYD,Jetstar,VH-VKL,2026-02-15 22:40,2026-02-16 04:41,361.0,240.0,0.0,4320.0,,1.0,4320.0,,matched,complete
SGN,2026-02-16,VJ1122,HAN,VietJet Air,VN-A699,2026-02-16 08:00,2026-02-16 08:33,33.0,33.0,0.0,4320.0,,1.0,4320.0,,matched,complete
SGN,2026-02-16,VJ1252,THD,VietJet Air,VN-A547,2026-02-16 05:30,2026-02-16 09:14,224.0,224.0,0.0,4320.0,,1.0,4320.0,,matched,complete
SGN,2026-02-16,AK521,KUL,AirAsia,9M-AGO,2026-02-16 09:25,2026-02-16 10:35,70.0,70.0,0.0,4320.0,,1.0,4320.0,,matched,complete
SGN,2026-02-16,AK529,KUL,AirAsia,9M-AGY,2026-02-16 10:35,2026-02-16 12:02,87.0,87.0,0.0,4320.0,,1.0,4320.0,,matched,complete
SGN,2026-02-17,AK525,KUL,AirAsia,9M-AJE,2026-02-17 20:15,2026-02-17 21:54,99.0,99.0,0.0,4320.0,,1.0,4320.0,,matched,complete
SGN,2026-02-19,AK529,KUL,AirAsia,9M-AJS,2026-02-19 10:35,2026-02-19 12:56,141.0,141.0,0.0,4320.0,,1.0,4320.0,,matched,complete
SGN,2026-02-19,8M453,RGN,Myanmar Airways International,XY-AGV,2026-02-19 20:30,2026-02-19 21:03,33.0,33.0,0.0,4320.0,,1.0,4320.0,,matched,complete
SGN,2026-02-20,AK1503,PEN,AirAsia,9M-AGT,2026-02-20 13:35,2026-02-20 14:44,69.0,69.0,0.0,4320.0,,1.0,4320.0,,matched,complete
SGN,2026-02-21,5J752,MNL,Cebu Pacific,RP-C4111,2026-02-21 00:35,2026-02-21 02:59,144.0,144.0,0.0,4320.0,,1.0,4320.0,,matched,complete
SGN,2026-02-21,CZ368,CAN,China Southern Airlines,B-2408,2026-02-21 08:00,2026-02-21 08:19,19.0,19.0,0.0,4320.0,,1.0,4320.0,,matched,complete
SGN,2026-02-22,AK525,KUL,AirAsia,9M-AJJ,2026-02-22 20:15,2026-02-22 21:50,95.0,95.0,0.0,4320.0,,1.0,4320.0,,matched,complete
SGN,2026-02-23,FD659,DMK,AirAsia,HS-ABR,2026-02-23 21:35,2026-02-23 22:49,74.0,74.0,50.0,4320.0,,1.0,4320.0,,matched,complete
SGN,2026-02-24,AK529,KUL,AirAsia,9M-AGQ,2026-02-24 10:35,2026-02-24 11:43,68.0,68.0,0.0,4320.0,,1.0,4320.0,,matched,complete
SGN,2026-02-24,AK1503,PEN,AirAsia,9M-DAG,2026-02-24 13:35,2026-02-24 15:02,87.0,87.0,0.0,4320.0,,1.0,4320.0,,matched,complete
SGN,2026-02-24,DR5052,LJG,Ruili Airlines,B-7088,2026-02-24 14:00,2026-02-24 16:48,168.0,168.0,0.0,4320.0,,1.0,4320.0,,matched,complete
SGN,2026-02-24,MH759,KUL,Malaysia Airlines,9M-MXY,2026-02-24 16:40,2026-02-24 17:55,75.0,75.0,0.0,4320.0,,1.0,4320.0,,matched,complete
SGN,2026-02-24,MH767,KUL,Malaysia Airlines,9M-MXS,2026-02-24 19:00,2026-02-24 21:06,126.0,126.0,0.0,4320.0,,1.0,4320.0,,matched,complete
SGN,2026-02-25,AK525,KUL,AirAsia,9M-AJD,2026-02-24 20:15,2026-02-25 02:09,354.0,240.0,0.0,4320.0,,1.0,4320.0,,matched,complete
SGN,2026-02-25,5J752,MNL,Cebu Pacific,RP-C4116,2026-02-25 00:35,2026-02-25 03:10,155.0,155.0,-11.0,4320.0,,1.0,4320.0,,matched,complete
SGN,2026-02-25,MH767,KUL,Malaysia Airlines,9M-MXF,2026-02-25 19:00,2026-02-25 20:48,108.0,108.0,0.0,4320.0,,1.0,4320.0,,matched,complete
SGN,2026-02-26,JQ64,MEL,Jetstar,VH-VKJ,2026-02-25 22:40,2026-02-26 02:49,249.0,240.0,0.0,4320.0,,1.0,4320.0,,matched,complete
SGN,2026-02-26,AK521,KUL,AirAsia,9M-AGL,2026-02-26 09:25,2026-02-26 11:27,122.0,122.0,-5.0,4320.0,,1.0,4320.0,,matched,complete
SGN,2026-02-26,QV516,PKZ,Lao Airlines,RDPL-34176,2026-02-26 12:00,2026-02-26 12:12,12.0,12.0,0.0,4320.0,,1.0,4320.0,,matched,complete
SGN,2026-02-26,AK523,KUL,AirAsia,9M-AQD,2026-02-26 16:10,2026-02-26 18:32,142.0,142.0,0.0,4320.0,,1.0,4320.0,,matched,complete
SGN,2026-02-26,VJ648,DAD,VietJet Air,VN-A538,2026-02-26 18:15,2026-02-26 19:53,98.0,98.0,0.0,4320.0,,1.0,4320.0,,matched,complete
SGN,2026-02-27,MH767,KUL,Malaysia Airlines,9M-MLS,2026-02-27 19:00,2026-02-27 19:44,44.0,44.0,0.0,4320.0,,1.0,4320.0,,matched,complete
SGN,2026-02-27,CX764,HKG,Cathay Pacific,B-HNO,2026-02-27 19:35,2026-02-27 21:02,87.0,87.0,0.0,4320.0,,1.0,4320.0,,matched,complete
SGN,2026-02-27,FD659,DMK,AirAsia,HS-BBF,2026-02-27 21:35,2026-02-27 22:44,69.0,69.0,80.0,4320.0,,1.0,4320.0,,matched,complete
SGN,2026-02-27,AI2389,DEL,Air India,VT-RTU,2026-02-27 20:55,2026-02-27 22:49,114.0,114.0,0.0,4320.0,,1.0,4320.0,,matched,complete
SGN,2026-02-28,MH751,KUL,Malaysia Airlines,9M-MXC,2026-02-28 11:00,2026-02-28 11:33,33.0,33.0,0.0,4320.0,,1.0,4320.0,,matched,complete
SGN,2026-02-28,QV516,PKZ,Lao Airlines,RDPL-34175,2026-02-28 12:00,2026-02-28 12:40,40.0,40.0,0.0,4320.0,,1.0,4320.0,,matched,complete
SGN,2026-02-28,SU293,SVO,Aeroflot,RA-73153,2026-02-28 11:15,2026-02-28 13:09,114.0,114.0,0.0,4320.0,,1.0,4320.0,,matched,complete
SGN,2026-02-28,CX766,HKG,Cathay Pacific,B-HLV,2026-02-28 11:35,2026-02-28 13:19,104.0,104.0,0.0,4320.0,,1.0,4320.0,,matched,complete
SGN,2026-02-28,AK523,KUL,AirAsia,9M-AGH,2026-02-28 16:10,2026-02-28 17:31,81.0,81.0,0.0,4320.0,,1.0,4320.0,,matched,complete
SGN,2026-02-28,CZ374,CAN,China Southern Airlines,B-30F6,2026-02-28 16:10,2026-02-28 17:54,104.0,104.0,0.0,4320.0,,1.0,4320.0,,matched,complete
SGN,2026-02-28,VN7084,VII,Vietnam Airlines,VN-A612,2026-02-28 23:35,2026-02-28 23:44,9.0,9.0,0.0,4320.0,,1.0,4320.0,,matched,complete
SGN,2026-03-01,AK521,KUL,AirAsia,9M-AQN,2026-03-01 09:25,2026-03-01 09:48,23.0,23.0,0.0,4320.0,,1.0,4320.0,,matched,complete
SGN,2026-03-01,MH751,KUL,Malaysia Airlines,9M-MXR,2026-03-01 11:00,2026-03-01 11:11,11.0,11.0,0.0,4320.0,,1.0,4320.0,,matched,complete
SGN,2026-03-01,MH759,KUL,Malaysia Airlines,9M-MXD,2026-03-01 16:40,2026-03-01 18:22,102.0,102.0,-15.0,4320.0,,1.0,4320.0,,matched,complete
SGN,2026-03-01,SQ185,SIN,Singapore Airlines,9V-SCL,2026-03-01 19:50,2026-03-01 20:15,25.0,25.0,0.0,4320.0,,1.0,4320.0,,matched,complete
SGN,2026-03-02,ZH118,SZX,Shenzhen Airlines,B-1475,2026-03-02 02:50,2026-03-02 04:15,85.0,85.0,0.0,4320.0,,1.0,4320.0,,matched,complete
SGN,2026-03-02,MH751,KUL,Malaysia Airlines,9M-MXK,2026-03-02 11:00,2026-03-02 11:03,3.0,3.0,0.0,4320.0,,1.0,4320.0,,matched,complete
SGN,2026-03-02,MH759,KUL,Malaysia Airlines,9M-MXG,2026-03-02 16:40,2026-03-02 17:01,21.0,21.0,-10.0,4320.0,,1.0,4320.0,,matched,complete
SGN,2026-03-02,MH767,KUL,Malaysia Airlines,9M-MLR,2026-03-02 19:00,2026-03-02 19:29,29.0,29.0,0.0,4320.0,,1.0,4320.0,,matched,complete
SGN,2026-03-03,MH751,KUL,Malaysia Airlines,9M-MXC,2026-03-03 11:00,2026-03-03 11:30,30.0,30.0,0.0,4320.0,,1.0,4320.0,,matched,complete
SGN,2026-03-03,CX766,HKG,Cathay Pacific,B-HNP,2026-03-03 11:35,2026-03-03 11:59,24.0,24.0,0.0,4320.0,,1.0,4320.0,,matched,complete
SGN,2026-03-03,MH759,KUL,Malaysia Airlines,9M-MXB,2026-03-03 16:40,2026-03-03 17:00,20.0,20.0,0.0,4320.0,,1.0,4320.0,,matched,complete
SGN,2026-03-03,TG557,BKK,Thai Airways,HS-TXC,2026-03-03 20:10,2026-03-03 20:33,23.0,23.0,0.0,4320.0,,1.0,4320.0,,matched,complete
SGN,2026-03-03,AK525,KUL,AirAsia,9M-AGQ,2026-03-03 20:15,2026-03-03 21:14,59.0,59.0,0.0,4320.0,,1.0,4320.0,,matched,complete
SGN,2026-03-04,VN1853,VCS,Vietnam Airlines,VN-B223,2026-03-04 06:20,2026-03-04 06:46,26.0,26.0,0.0,4320.0,,1.0,4320.0,,matched,complete
SGN,2026-03-04,MH767,KUL,Malaysia Airlines,9M-MLU,2026-03-04 19:00,2026-03-04 19:16,16.0,16.0,0.0,4320.0,,1.0,4320.0,,matched,complete
SGN,2026-03-04,AK525,KUL,AirAsia,9M-AJS,2026-03-04 20:15,2026-03-04 21:04,49.0,49.0,0.0,4320.0,,1.0,4320.0,,matched,complete
SGN,2026-03-04,CPA772D,HKG,Cathay Pacific,B-HNN,2026-03-04 21:12,2026-03-04 21:12,0.0,0.0,0.0,4320.0,,1.0,4320.0,,matched,complete
SGN,2026-03-05,PR588,CEB,Philippine Airlines,RP-C9902,2026-03-05 01:55,2026-03-05 05:34,219.0,219.0,0.0,4320.0,,1.0,4320.0,,matched,complete
SGN,2026-03-05,TK251,IST,Turkish Airlines,TC-LGE,2026-03-05 06:35,2026-03-05 06:57,22.0,22.0,0.0,4320.0,,1.0,4320.0,,matched,complete
SGN,2026-03-05,AK1491,JHB,AirAsia,9M-AHJ,2026-03-05 08:30,2026-03-05 08:32,2.0,2.0,0.0,4320.0,,1.0,4320.0,,matched,complete
SGN,2026-03-05,VN244,HAN,Vietnam Airlines,VN-A890,2026-03-05 09:00,2026-03-05 09:32,32.0,32.0,0.0,4320.0,,1.0,4320.0,,matched,complete
SGN,2026-03-05,AK523,KUL,AirAsia,9M-AJJ,2026-03-05 16:10,2026-03-05 18:17,127.0,127.0,0.0,4320.0,,1.0,4320.0,,matched,complete
SGN,2026-03-06,EK393,DXB,Emirates,A6-ENC,2026-03-05 23:55,2026-03-06 00:02,7.0,7.0,0.0,4320.0,,1.0,4320.0,,matched,complete
SGN,2026-03-06,VN422,PUS,Vietnam Airlines,VN-A862,2026-03-06 00:50,2026-03-06 01:22,32.0,32.0,0.0,4320.0,,1.0,4320.0,,matched,complete
SGN,2026-03-06,5J752,MNL,Cebu Pacific,RP-C4133,2026-03-06 00:35,2026-03-06 02:08,93.0,93.0,0.0,4320.0,,1.0,4320.0,,matched,complete
SGN,2026-03-06,TG551,BKK,Thai Airways,HS-TXJ,2026-03-06 10:15,2026-03-06 10:39,24.0,24.0,0.0,4320.0,,1.0,4320.0,,matched,complete
SGN,2026-03-06,CX766,HKG,Cathay Pacific,B-HNJ,2026-03-06 11:35,2026-03-06 12:33,58.0,58.0,0.0,4320.0,,1.0,4320.0,,matched,complete
SGN,2026-03-06,MU9634,KMG,China Eastern Airlines,B-6145,2026-03-06 16:55,2026-03-06 18:58,123.0,123.0,0.0,4320.0,,1.0,4320.0,,matched,complete
SGN,2026-03-06,MH767,KUL,Malaysia Airlines,9M-MXA,2026-03-06 19:00,2026-03-06 19:52,52.0,52.0,-5.0,4320.0,,1.0,4320.0,,matched,complete
SGN,2026-03-06,AK525,KUL,AirAsia,9M-AQO,2026-03-06 20:15,2026-03-06 21:56,101.0,101.0,0.0,4320.0,,1.0,4320.0,,matched,complete
SGN,2026-03-07,FD657,DMK,AirAsia,HS-BBY,2026-03-07 09:45,2026-03-07 09:58,13.0,13.0,0.0,4320.0,,1.0,4320.0,,matched,complete
SGN,2026-03-07,EK365,DXB,Emirates,A6-EXD,2026-03-07 18:00,2026-03-07 11:32,-388.0,0.0,0.0,4320.0,,1.0,4320.0,,matched,complete
SGN,2026-03-07,MF894,XMN,Xiamen Air,B-1456,2026-03-07 12:25,2026-03-07 12:56,31.0,31.0,0.0,4320.0,,1.0,4320.0,,matched,complete
SGN,2026-03-07,AK1631,BKI,AirAsia,9M-RAC,2026-03-07 13:25,2026-03-07 13:48,23.0,23.0,0.0,4320.0,,1.0,4320.0,,matched,complete
SGN,2026-03-07,BR392,TPE,EVA Air,B-16718,2026-03-07 12:45,2026-03-07 14:13,88.0,88.0,0.0,4320.0,,1.0,4320.0,,matched,complete
SGN,2026-03-07,DR5052,LJG,Ruili Airlines,B-5829,2026-03-07 14:00,2026-03-07 14:19,19.0,19.0,0.0,4320.0,,1.0,4320.0,,matched,complete
SGN,2026-03-07,BR396,TPE,EVA Air,B-16739,2026-03-07 15:45,2026-03-07 16:07,22.0,22.0,0.0,4320.0,,1.0,4320.0,,matched,complete
SGN,2026-03-07,CZ374,CAN,China Southern Airlines,B-32MC,2026-03-07 16:10,2026-03-07 16:18,8.0,8.0,0.0,4320.0,,1.0,4320.0,,matched,complete
SGN,2026-03-07,MH759,KUL,Malaysia Airlines,9M-MSB,2026-03-07 16:40,2026-03-07 16:55,15.0,15.0,0.0,4320.0,,1.0,4320.0,,matched,complete
SGN,2026-03-07,TK163,IST,Turkish Airlines,TC-LLA,2026-03-07 22:15,2026-03-07 22:32,17.0,17.0,0.0,4320.0,,1.0,4320.0,,matched,complete
SGN,2026-03-08,MH751,KUL,Malaysia Airlines,9M-MLP,2026-03-08 11:00,2026-03-08 11:18,18.0,18.0,0.0,4320.0,,1.0,4320.0,,matched,complete
SGN,2026-03-08,CX766,HKG,Cathay Pacific,B-HNG,2026-03-08 11:35,2026-03-08 11:54,19.0,19.0,0.0,4320.0,,1.0,4320.0,,matched,complete
SGN,2026-03-08,MH759,KUL,Malaysia Airlines,9M-MXO,2026-03-08 16:40,2026-03-08 16:55,15.0,15.0,-5.0,4320.0,,1.0,4320.0,,matched,complete
SGN,2026-03-09,FD659,DMK,AirAsia,HS-BBT,2026-03-09 21:35,2026-03-09 22:27,52.0,52.0,22.0,4320.0,,1.0,4320.0,,matched,complete
SGN,2026-03-10,VN1286,VDO,Vietnam Airlines,VN-A615,2026-03-10 06:00,2026-03-10 06:21,21.0,21.0,0.0,4320.0,,1.0,4320.0,,matched,complete
SGN,2026-03-10,MH759,KUL,Malaysia Airlines,9M-MXV,2026-03-10 16:40,2026-03-10 17:09,29.0,29.0,9.0,4320.0,,1.0,4320.0,,matched,complete
SGN,2026-03-10,MH767,KUL,Malaysia Airlines,9M-MSA,2026-03-10 19:00,2026-03-10 19:14,14.0,14.0,-16.0,4320.0,,1.0,4320.0,,matched,complete
SGN,2026-03-11,4X9929,BOM,Avion Express,9H-MLE,2026-03-11 09:30,2026-03-11 11:01,91.0,91.0,0.0,4320.0,,1.0,4320.0,,matched,complete
SGN,2026-03-11,3U3798,NNG,Sichuan Airlines,B-8375,2026-03-11 13:55,2026-03-11 14:30,35.0,35.0,0.0,4320.0,,1.0,4320.0,,matched,complete
SGN,2026-03-11,AK523,KUL,AirAsia,9M-AGT,2026-03-11 16:10,2026-03-11 17:17,67.0,67.0,0.0,4320.0,,1.0,4320.0,,matched,complete
SGN,2026-03-12,NH892,HND,All Nippon Airways,JA901A,2026-03-11 23:05,2026-03-12 01:36,151.0,151.0,0.0,4320.0,,1.0,4320.0,,matched,complete
SGN,2026-03-12,TG557,BKK,Thai Airways,HS-TXQ,2026-03-12 20:10,2026-03-12 20:35,25.0,25.0,0.0,4320.0,,1.0,4320.0,,matched,complete
SGN,2026-03-12,AK525,KUL,AirAsia,9M-AQG,2026-03-12 20:15,2026-03-12 21:21,66.0,66.0,0.0,4320.0,,1.0,4320.0,,matched,complete
SGN,2026-03-13,NH892,HND,All Nippon Airways,JA900A,2026-03-12 23:05,2026-03-13 01:04,119.0,119.0,0.0,4320.0,,1.0,4320.0,,matched,complete
SGN,2026-03-13,VJ128,HAN,VietJet Air,VN-A810,2026-03-13 10:00,2026-03-13 10:39,39.0,39.0,0.0,4320.0,,1.0,4320.0,,matched,complete
SGN,2026-03-13,VJ144,HAN,VietJet Air,VN-A528,2026-03-13 12:00,2026-03-13 12:43,43.0,43.0,0.0,4320.0,,1.0,4320.0,,matched,complete
SGN,2026-03-13,AK525,KUL,AirAsia,9M-AJP,2026-03-13 20:15,2026-03-13 21:48,93.0,93.0,0.0,4320.0,,1.0,4320.0,,matched,complete
SGN,2026-03-14,EK393,DXB,Emirates,A6-ENC,2026-03-13 23:55,2026-03-14 00:07,12.0,12.0,0.0,4320.0,,1.0,4320.0,,matched,complete
SGN,2026-03-14,TK6229,BKK,Turkish Airlines,TC-LJY,2026-03-14 06:50,2026-03-14 10:03,193.0,193.0,0.0,4320.0,,1.0,4320.0,,matched,complete
SGN,2026-03-14,SQ183,SIN,Singapore Airlines,9V-SMF,2026-03-14 16:15,2026-03-14 17:53,98.0,98.0,0.0,4320.0,,1.0,4320.0,,matched,complete
SGN,2026-03-14,FD659,DMK,AirAsia,HS-CBF,2026-03-14 21:35,2026-03-14 22:51,76.0,76.0,30.0,4320.0,,1.0,4320.0,,matched,complete
SGN,2026-03-15,EK393,DXB,Emirates,A6-ECZ,2026-03-14 23:55,2026-03-15 00:16,21.0,21.0,0.0,4320.0,,1.0,4320.0,,matched,complete
SGN,2026-03-15,KE476,ICN,Korean Air,HL7783,2026-03-14 23:50,2026-03-15 01:17,87.0,87.0,0.0,4320.0,,1.0,4320.0,,matched,complete
SGN,2026-03-15,CZ8160,CAN,China Southern Airlines,B-1168,2026-03-15 04:55,2026-03-15 05:13,18.0,18.0,0.0,4320.0,,1.0,4320.0,,matched,complete
SGN,2026-03-16,MH759,KUL,Malaysia Airlines,9M-MLR,2026-03-16 16:40,2026-03-16 17:03,23.0,23.0,0.0,4320.0,,1.0,4320.0,,matched,complete
SGN,2026-03-16,TR303,SIN,Scoot,9V-TNG,2026-03-16 17:35,2026-03-16 18:10,35.0,35.0,0.0,4320.0,,1.0,4320.0,,matched,complete
SGN,2026-03-16,5J754,MNL,Cebu Pacific,RP-C4144,2026-03-16 14:50,2026-03-16 21:59,429.0,240.0,0.0,4320.0,,1.0,4320.0,,matched,complete
HAN,2025-12-20,OD572,KUL,Batik Air,9M-LRD,2025-12-20 13:30,2025-12-20 14:36,66.0,66.0,23.0,4320.0,,1.0,4320.0,,matched,complete
HAN,2025-12-23,9G821,SGN,Sun PhuQuoc Airways,VN-A284,2025-12-23 12:05,2025-12-23 10:21,-104.0,0.0,0.0,4320.0,,1.0,4320.0,,matched,complete
HAN,2025-12-23,FD871,CNX,AirAsia,HS-BBY,2025-12-23 15:20,2025-12-23 17:35,135.0,135.0,0.0,4320.0,,1.0,4320.0,,matched,complete
HAN,2025-12-24,MU6014,PVG,China Eastern Airlines,B-32KT,2025-12-24 18:45,2025-12-24 19:09,24.0,24.0,0.0,4320.0,,1.0,4320.0,,matched,complete
HAN,2025-12-25,EK395,DXB,Emirates,A6-ENF,2025-12-25 00:25,2025-12-25 00:29,4.0,4.0,0.0,4320.0,,1.0,4320.0,,matched,complete
HAN,2025-12-25,VJ173,SGN,VietJet Air,VN-A673,2025-12-25 19:05,2025-12-25 21:11,126.0,126.0,125.0,4320.0,,1.0,4320.0,,matched,complete
HAN,2025-12-28,VN19,CDG,Vietnam Airlines,VN-A892,2025-12-27 23:20,2025-12-28 00:17,57.0,57.0,0.0,4320.0,,1.0,4320.0,,matched,complete
HAN,2025-12-28,AK9517,KUL,AirAsia,9M-AGA,2025-12-28 09:05,2025-12-28 11:55,170.0,170.0,0.0,4320.0,,1.0,4320.0,,matched,complete
HAN,2025-12-30,7C2202,ICN,Jeju Air,HL8524,2025-12-30 01:40,2025-12-30 02:02,22.0,22.0,0.0,4320.0,,1.0,4320.0,,matched,complete
HAN,2025-12-30,8M451,RGN,Myanmar Airways International,XY-ALY,2025-12-29 21:20,2025-12-30 05:17,477.0,240.0,5.0,4320.0,,1.0,4320.0,,matched,complete
HAN,2025-12-30,VJ503,DAD,VietJet Air,VN-A522,2025-12-30 05:55,2025-12-30 06:23,28.0,28.0,0.0,4320.0,,1.0,4320.0,,matched,complete
HAN,2025-12-30,CI792,TPE,China Airlines,B-18108,2025-12-30 11:35,2025-12-30 13:29,114.0,114.0,0.0,4320.0,,1.0,4320.0,,matched,complete
HAN,2026-01-01,BX7305,PUS,Air Busan,HL8395,2026-01-01 00:40,2026-01-01 02:13,93.0,93.0,-15.0,4320.0,,1.0,4320.0,,matched,complete
HAN,2026-01-03,JL752,NRT,Japan Airlines,JA608J,2026-01-02 23:55,2026-01-03 00:23,28.0,28.0,0.0,4320.0,,1.0,4320.0,,matched,complete
HAN,2026-01-03,TW64,TAE,T'way Air,HL8300,2026-01-03 00:45,2026-01-03 02:32,107.0,107.0,-18.0,4320.0,,1.0,4320.0,,matched,complete
HAN,2026-01-03,VN1603,BMV,Vietnam Airlines,VN-A603,2026-01-03 07:15,2026-01-03 07:42,27.0,27.0,0.0,4320.0,,1.0,4320.0,,matched,complete
HAN,2026-01-04,CA704,PVG,Air China,B-6883,2026-01-04 12:25,2026-01-04 14:17,112.0,112.0,0.0,4320.0,,1.0,4320.0,,matched,complete
HAN,2026-01-05,6E1634,DEL,IndiGo,VT-IJZ,2026-01-05 17:55,2026-01-05 19:53,118.0,118.0,0.0,4320.0,,1.0,4320.0,,matched,complete
HAN,2026-01-05,SQ193,SIN,Singapore Airlines,9V-SHF,2026-01-05 18:30,2026-01-05 20:51,141.0,141.0,0.0,4320.0,,1.0,4320.0,,matched,complete
HAN,2026-01-05,CX742,HKG,Cathay Pacific,B-HNV,2026-01-05 19:30,2026-01-05 22:03,153.0,153.0,0.0,4320.0,,1.0,4320.0,,matched,complete
HAN,2026-01-05,FD645,DMK,AirAsia,HS-EAG,2026-01-05 20:50,2026-01-05 22:19,89.0,89.0,0.0,4320.0,,1.0,4320.0,,matched,complete
HAN,2026-01-07,HO1330,PVG,Juneyao Air,B-321C,2026-01-07 02:00,2026-01-07 02:07,7.0,7.0,0.0,4320.0,,1.0,4320.0,,matched,complete
HAN,2026-01-08,9G1980,PQC,Sun PhuQuoc Airways,VN-A286,2026-01-08 07:45,2026-01-08 07:55,10.0,10.0,0.0,4320.0,,1.0,4320.0,,matched,complete
HAN,2026-01-09,QR983,DOH,Qatar Airways,A7-BHR,2026-01-09 08:55,2026-01-09 09:13,18.0,18.0,0.0,4320.0,,1.0,4320.0,,matched,complete
HAN,2026-01-09,OD572,KUL,Batik Air,9M-LRM,2026-01-09 13:30,2026-01-09 16:06,156.0,156.0,55.0,4320.0,,1.0,4320.0,,matched,complete
HAN,2026-01-10,VJ181,SGN,VietJet Air,VN-A817,2026-01-10 06:40,2026-01-10 06:56,16.0,16.0,0.0,4320.0,,1.0,4320.0,,matched,complete
HAN,2026-01-10,QR977,DOH,Qatar Airways,A7-BHB,2026-01-10 19:10,2026-01-10 19:29,19.0,19.0,0.0,4320.0,,1.0,4320.0,,matched,complete
HAN,2026-01-11,CZ8316,CAN,China Southern Airlines,B-1880,2026-01-11 15:45,2026-01-11 15:55,10.0,10.0,0.0,4320.0,,1.0,4320.0,,matched,complete
HAN,2026-01-11,BR386,TPE,EVA Air,B-16215,2026-01-11 18:20,2026-01-11 20:12,112.0,112.0,-14.0,4320.0,,1.0,4320.0,,matched,complete
HAN,2026-01-12,EK395,DXB,Emirates,A6-ENF,2026-01-12 00:25,2026-01-12 00:32,7.0,7.0,-10.0,4320.0,,1.0,4320.0,,matched,complete
HAN,2026-01-12,TW62,ICN,T'way Air,HL8086,2026-01-12 00:15,2026-01-12 01:04,49.0,49.0,0.0,4320.0,,1.0,4320.0,,matched,complete
HAN,2026-01-12,6E1634,DEL,IndiGo,VT-IPK,2026-01-12 17:55,2026-01-12 18:06,11.0,11.0,0.0,4320.0,,1.0,4320.0,,matched,complete
HAN,2026-01-13,VU775,SGN,Vietravel Airlines,VN-A129,2026-01-13 10:05,2026-01-13 13:22,197.0,197.0,0.0,4320.0,,1.0,4320.0,,matched,complete
HAN,2026-01-13,AK513,KUL,AirAsia,9M-RAU,2026-01-13 14:50,2026-01-13 16:09,79.0,79.0,0.0,4320.0,,1.0,4320.0,,matched,complete
HAN,2026-01-15,BR398,TPE,EVA Air,B-16723,2026-01-15 12:35,2026-01-15 12:53,18.0,18.0,0.0,4320.0,,1.0,4320.0,,matched,complete
HAN,2026-01-15,ZH104,SZX,Shenzhen Airlines,B-6377,2026-01-15 14:55,2026-01-15 14:57,2.0,2.0,0.0,4320.0,,1.0,4320.0,,matched,complete
HAN,2026-01-15,MU9606,KMG,China Eastern Airlines,B-1703,2026-01-15 15:45,2026-01-15 15:47,2.0,2.0,0.0,4320.0,,1.0,4320.0,,matched,complete
HAN,2026-01-15,JX718,TPE,Starlux,B-58202,2026-01-15 18:25,2026-01-15 18:59,34.0,34.0,-15.0,4320.0,,1.0,4320.0,,matched,complete
HAN,2026-01-15,QR977,DOH,Qatar Airways,A7-BHL,2026-01-15 19:10,2026-01-15 19:34,24.0,24.0,0.0,4320.0,,1.0,4320.0,,matched,complete
HAN,2026-01-15,CZ8178,CAN,China Southern Airlines,B-6783,2026-01-15 19:45,2026-01-15 20:13,28.0,28.0,0.0,4320.0,,1.0,4320.0,,matched,complete
HAN,2026-01-15,CX742,HKG,Cathay Pacific,B-HNG,2026-01-15 19:30,2026-01-15 20:57,87.0,87.0,0.0,4320.0,,1.0,4320.0,,matched,complete
HAN,2026-01-15,CZ8084,SZX,China Southern Airlines,B-1696,2026-01-15 22:00,2026-01-15 22:26,26.0,26.0,0.0,4320.0,,1.0,4320.0,,matched,complete
HAN,2026-01-15,KE448,ICN,Korean Air,HL8575,2026-01-15 23:05,2026-01-15 23:26,21.0,21.0,0.0,4320.0,,1.0,4320.0,,matched,complete
HAN,2026-01-16,OZ734,ICN,Asiana Airlines,HL8361,2026-01-15 23:50,2026-01-16 00:07,17.0,17.0,0.0,4320.0,,1.0,4320.0,,matched,complete
HAN,2026-01-16,BX7305,PUS,Air Busan,HL8394,2026-01-16 00:40,2026-01-16 01:18,38.0,38.0,-30.0,4320.0,,1.0,4320.0,,matched,complete
HAN,2026-01-16,ZH108,SZX,Shenzhen Airlines,B-8409,2026-01-16 02:10,2026-01-16 02:07,-3.0,0.0,0.0,4320.0,,1.0,4320.0,,matched,complete
HAN,2026-01-16,FD871,CNX,AirAsia,HS-ABU,2026-01-16 15:20,2026-01-16 15:39,19.0,19.0,0.0,4320.0,,1.0,4320.0,,matched,complete
HAN,2026-01-16,CZ8178,CAN,China Southern Airlines,B-1829,2026-01-16 19:45,2026-01-16 19:58,13.0,13.0,0.0,4320.0,,1.0,4320.0,,matched,complete
HAN,2026-01-16,MU6012,PVG,China Eastern Airlines,B-8652,2026-01-16 15:10,2026-01-16 21:54,404.0,240.0,0.0,4320.0,,1.0,4320.0,,matched,complete
HAN,2026-01-16,TK165,IST,Turkish Airlines,TC-JNN,2026-01-16 22:55,2026-01-16 23:28,33.0,33.0,0.0,4320.0,,1.0,4320.0,,matched,complete
HAN,2026-01-16,KE448,ICN,Korean Air,HL8573,2026-01-16 23:05,2026-01-16 23:34,29.0,29.0,0.0,4320.0,,1.0,4320.0,,matched,complete
HAN,2026-01-17,NX981,MFM,Air Macau,B-MBP,2026-01-16 23:00,2026-01-17 00:20,80.0,80.0,0.0,4320.0,,1.0,4320.0,,matched,complete
HAN,2026-01-17,OZ734,ICN,Asiana Airlines,HL8362,2026-01-16 23:50,2026-01-17 00:23,33.0,33.0,0.0,4320.0,,1.0,4320.0,,matched,complete
HAN,2026-01-17,EK395,DXB,Emirates,A6-ENF,2026-01-17 00:25,2026-01-17 00:46,21.0,21.0,-10.0,4320.0,,1.0,4320.0,,matched,complete
HAN,2026-01-17,MU5076,PVG,China Eastern Airlines,B-1316,2026-01-17 02:45,2026-01-17 04:10,85.0,85.0,0.0,4320.0,,1.0,4320.0,,matched,complete
HAN,2026-01-17,ZH102,SZX,Shenzhen Airlines,B-6377,2026-01-17 09:40,2026-01-17 10:09,29.0,29.0,0.0,4320.0,,1.0,4320.0,,matched,complete
HAN,2026-01-17,CX740,HKG,Cathay Pacific,B-KPZ,2026-01-17 11:05,2026-01-17 11:43,38.0,38.0,0.0,4320.0,,1.0,4320.0,,matched,complete
HAN,2026-01-17,QR977,DOH,Qatar Airways,A7-BHM,2026-01-17 19:10,2026-01-17 19:38,28.0,28.0,0.0,4320.0,,1.0,4320.0,,matched,complete
HAN,2026-01-18,NH898,NRT,All Nippon Airways,JA876A,2026-01-18 00:25,2026-01-18 00:36,11.0,11.0,0.0,4320.0,,1.0,4320.0,,matched,complete
HAN,2026-01-18,BR398,TPE,EVA Air,B-16720,2026-01-18 12:35,2026-01-18 12:47,12.0,12.0,0.0,4320.0,,1.0,4320.0,,matched,complete
HAN,2026-01-18,CA742,PEK,Air China,B-326D,2026-01-18 13:20,2026-01-18 13:27,7.0,7.0,0.0,4320.0,,1.0,4320.0,,matched,complete
HAN,2026-01-18,OD572,KUL,Batik Air,9M-LRF,2026-01-18 13:30,2026-01-18 13:39,9.0,9.0,0.0,4320.0,,1.0,4320.0,,matched,complete
HAN,2026-01-18,ZH104,SZX,Shenzhen Airlines,B-6857,2026-01-18 14:55,2026-01-18 16:31,96.0,96.0,0.0,4320.0,,1.0,4320.0,,matched,complete
HAN,2026-01-18,MF8698,FOC,Xiamen Air,B-5535,2026-01-18 16:20,2026-01-18 17:08,48.0,48.0,0.0,4320.0,,1.0,4320.0,,matched,complete
HAN,2026-01-18,ZH106,SZX,Shenzhen Airlines,B-1516,2026-01-18 19:40,2026-01-18 20:29,49.0,49.0,0.0,4320.0,,1.0,4320.0,,matched,complete
HAN,2026-01-18,KE448,ICN,Korean Air,HL8571,2026-01-18 23:05,2026-01-18 23:32,27.0,27.0,0.0,4320.0,,1.0,4320.0,,matched,complete
HAN,2026-01-19,VJ915,SIN,VietJet Air,VN-A629,2026-01-19 09:35,2026-01-19 09:51,16.0,16.0,0.0,4320.0,,1.0,4320.0,,matched,complete
HAN,2026-01-19,FD1039,LPQ,AirAsia,HS-ABZ,2026-01-19 17:45,2026-01-19 18:47,62.0,62.0,0.0,4320.0,,1.0,4320.0,,matched,complete
HAN,2026-01-19,ZH106,SZX,Shenzhen Airlines,B-5670,2026-01-19 19:40,2026-01-19 19:54,14.0,14.0,0.0,4320.0,,1.0,4320.0,,matched,complete
HAN,2026-01-19,FD645,DMK,AirAsia,HS-EAG,2026-01-19 20:50,2026-01-19 22:21,91.0,91.0,0.0,4320.0,,1.0,4320.0,,matched,complete
HAN,2026-01-20,ZH108,SZX,Shenzhen Airlines,B-9938,2026-01-20 02:10,2026-01-20 02:17,7.0,7.0,0.0,4320.0,,1.0,4320.0,,matched,complete
HAN,2026-01-20,M0536,UBN,Aero Mongolia,JU-1188,2026-01-20 00:30,2026-01-20 03:18,168.0,168.0,0.0,4320.0,,1.0,4320.0,,matched,complete
HAN,2026-01-20,QR983,DOH,Qatar Airways,A7-BHB,2026-01-20 08:55,2026-01-20 09:09,14.0,14.0,0.0,4320.0,,1.0,4320.0,,matched,complete
HAN,2026-01-20,TK253,IST,Turkish Airlines,TC-LLA,2026-01-20 08:50,2026-01-20 09:31,41.0,41.0,0.0,4320.0,,1.0,4320.0,,matched,complete
HAN,2026-01-20,BR398,TPE,EVA Air,B-16728,2026-01-20 12:35,2026-01-20 13:19,44.0,44.0,0.0,4320.0,,1.0,4320.0,,matched,complete
HAN,2026-01-20,OD572,KUL,Batik Air,9M-LRR,2026-01-20 13:30,2026-01-20 13:43,13.0,13.0,8.0,4320.0,,1.0,4320.0,,matched,complete
HAN,2026-01-20,CA704,PVG,Air China,B-6883,2026-01-20 12:25,2026-01-20 14:01,96.0,96.0,0.0,4320.0,,1.0,4320.0,,matched,complete
HAN,2026-01-20,SQ193,SIN,Singapore Airlines,9V-MBR,2026-01-20 18:25,2026-01-20 18:47,22.0,22.0,0.0,4320.0,,1.0,4320.0,,matched,complete
HAN,2026-01-20,CZ8178,CAN,China Southern Airlines,B-9952,2026-01-20 19:45,2026-01-20 20:06,21.0,21.0,0.0,4320.0,,1.0,4320.0,,matched,complete
HAN,2026-01-20,HX529,HKG,Hong Kong Airlines,B-LPS,2026-01-20 19:50,2026-01-20 20:24,34.0,34.0,-6.0,4320.0,,1.0,4320.0,,matched,complete
HAN,2026-01-21,QR983,DOH,Qatar Airways,A7-BHC,2026-01-21 08:55,2026-01-21 09:07,12.0,12.0,0.0,4320.0,,1.0,4320.0,,matched,complete
HAN,2026-01-21,ZH104,SZX,Shenzhen Airlines,B-6722,2026-01-21 14:55,2026-01-21 15:14,19.0,19.0,0.0,4320.0,,1.0,4320.0,,matched,complete
HAN,2026-01-21,CZ8470,SZX,China Southern Airlines,B-6687,2026-01-21 16:10,2026-01-21 16:33,23.0,23.0,0.0,4320.0,,1.0,4320.0,,matched,complete
HAN,2026-01-21,SQ193,SIN,Singapore Airlines,9V-SHG,2026-01-21 18:30,2026-01-21 18:47,17.0,17.0,0.0,4320.0,,1.0,4320.0,,matched,complete
HAN,2026-01-21,CZ8084,SZX,China Southern Airlines,B-1651,2026-01-21 22:00,2026-01-21 22:01,1.0,1.0,0.0,4320.0,,1.0,4320.0,,matched,complete
HAN,2026-01-22,CA704,PVG,Air China,B-8492,2026-01-22 12:25,2026-01-22 13:45,80.0,80.0,0.0,4320.0,,1.0,4320.0,,matched,complete
HAN,2026-01-22,SQ193,SIN,Singapore Airlines,9V-MBR,2026-01-22 18:25,2026-01-22 19:14,49.0,49.0,0.0,4320.0,,1.0,4320.0,,matched,complete
HAN,2026-01-23,VN384,HND,Vietnam Airlines,VN-A890,2026-01-23 08:35,2026-01-23 08:46,11.0,11.0,0.0,4320.0,,1.0,4320.0,,matched,complete
HAN,2026-01-23,ZH102,SZX,Shenzhen Airlines,B-8219,2026-01-23 09:40,2026-01-23 10:00,20.0,20.0,0.0,4320.0,,1.0,4320.0,,matched,complete
HAN,2026-01-23,KE442,ICN,Korean Air,HL8528,2026-01-23 12:20,2026-01-23 12:47,27.0,27.0,0.0,4320.0,,1.0,4320.0,,matched,complete
HAN,2026-01-23,MU6012,PVG,China Eastern Airlines,B-8979,2026-01-23 15:10,2026-01-23 15:29,19.0,19.0,0.0,4320.0,,1.0,4320.0,,matched,complete
HAN,2026-01-23,FD871,CNX,AirAsia,HS-CBM,2026-01-23 15:20,2026-01-23 15:50,30.0,30.0,0.0,4320.0,,1.0,4320.0,,matched,complete
HAN,2026-01-24,VJ121,SGN,VietJet Air,VN-A663,2026-01-24 08:40,2026-01-24 09:02,22.0,22.0,0.0,4320.0,,1.0,4320.0,,matched,complete
HAN,2026-01-24,SQ191,SIN,Singapore Airlines,9V-SHF,2026-01-24 12:45,2026-01-24 12:55,10.0,10.0,0.0,4320.0,,1.0,4320.0,,matched,complete
HAN,2026-01-24,BR398,TPE,EVA Air,B-16721,2026-01-24 12:35,2026-01-24 13:10,35.0,35.0,0.0,4320.0,,1.0,4320.0,,matched,complete
HAN,2026-01-24,CA704,PVG,Air China,B-8585,2026-01-24 12:25,2026-01-24 13:45,80.0,80.0,0.0,4320.0,,1.0,4320.0,,matched,complete
HAN,2026-01-24,PR594,MNL,Philippine Airlines,RP-C9906,2026-01-24 13:55,2026-01-24 14:03,8.0,8.0,0.0,4320.0,,1.0,4320.0,,matched,complete
HAN,2026-01-24,VJ783,CXR,VietJet Air,VN-A548,2026-01-24 17:40,2026-01-24 18:14,34.0,34.0,0.0,4320.0,,1.0,4320.0,,matched,complete
HAN,2026-01-24,TK165,IST,Turkish Airlines,TC-LGI,2026-01-24 22:55,2026-01-24 23:12,17.0,17.0,0.0,4320.0,,1.0,4320.0,,matched,complete
HAN,2026-01-25,5J745,MNL,Cebu Pacific,RP-C4124,2026-01-25 08:25,2026-01-25 11:43,198.0,198.0,0.0,4320.0,,1.0,4320.0,,matched,complete
HAN,2026-01-25,FD641,DMK,AirAsia,HS-BBD,2026-01-25 12:20,2026-01-25 12:38,18.0,18.0,0.0,4320.0,,1.0,4320.0,,matched,complete
HAN,2026-01-25,BR398,TPE,EVA Air,B-16727,2026-01-25 12:35,2026-01-25 13:27,52.0,52.0,0.0,4320.0,,1.0,4320.0,,matched,complete
HAN,2026-01-25,SQ193,SIN,Singapore Airlines,9V-MBP,2026-01-25 18:25,2026-01-25 19:02,37.0,37.0,-5.0,4320.0,,1.0,4320.0,,matched,complete
HAN,2026-01-26,VJ940,TPE,VietJet Air,VN-A661,2026-01-26 07:35,2026-01-26 07:40,5.0,5.0,0.0,4320.0,,1.0,4320.0,,matched,complete
HAN,2026-01-26,VJ133,SGN,VietJet Air,VN-A816,2026-01-26 11:40,2026-01-26 12:14,34.0,34.0,0.0,4320.0,,1.0,4320.0,,matched,complete
HAN,2026-01-26,BR398,TPE,EVA Air,B-16725,2026-01-26 12:35,2026-01-26 13:07,32.0,32.0,0.0,4320.0,,1.0,4320.0,,matched,complete
HAN,2026-01-26,MH753,KUL,Malaysia Airlines,9M-MXJ,2026-01-26 13:00,2026-01-26 13:21,21.0,21.0,0.0,4320.0,,1.0,4320.0,,matched,complete
HAN,2026-01-26,MU9606,KMG,China Eastern Airlines,B-6146,2026-01-26 16:15,2026-01-26 16:42,27.0,27.0,0.0,4320.0,,1.0,4320.0,,matched,complete
HAN,2026-01-26,QV312,VTE,Lao Airlines,RDPL-34188,2026-01-26 16:40,2026-01-26 17:16,36.0,36.0,0.0,4320.0,,1.0,4320.0,,matched,complete
HAN,2026-01-26,CX742,HKG,Cathay Pacific,B-KQF,2026-01-26 19:30,2026-01-26 19:58,28.0,28.0,0.0,4320.0,,1.0,4320.0,,matched,complete
HAN,2026-01-27,EK395,DXB,Emirates,A6-EPG,2026-01-27 00:25,2026-01-27 00:31,6.0,6.0,0.0,4320.0,,1.0,4320.0,,matched,complete
HAN,2026-01-27,SC8072,TNA,Shandong Airlines,B-7978,2026-01-27 02:20,2026-01-27 02:16,-4.0,0.0,0.0,4320.0,,1.0,4320.0,,matched,complete
HAN,2026-01-27,AK517,KUL,AirAsia,9M-RAU,2026-01-27 09:00,2026-01-27 11:12,132.0,132.0,0.0,4320.0,,1.0,4320.0,,matched,complete
HAN,2026-01-27,OD572,KUL,Batik Air,9M-LRM,2026-01-27 13:30,2026-01-27 13:53,23.0,23.0,0.0,4320.0,,1.0,4320.0,,matched,complete
HAN,2026-01-27,TK253,IST,Turkish Airlines,TC-LLB,2026-01-27 08:50,2026-01-27 13:57,307.0,240.0,0.0,4320.0,,1.0,4320.0,,matched,complete
HAN,2026-01-27,CI794,TPE,China Airlines,B-18662,2026-01-27 17:30,2026-01-27 18:07,37.0,37.0,0.0,4320.0,,1.0,4320.0,,matched,complete
HAN,2026-01-27,VN7193,DAD,Vietnam Airlines,VN-A616,2026-01-27 21:05,2026-01-27 21:12,7.0,7.0,0.0,4320.0,,1.0,4320.0,,matched,complete
HAN,2026-01-27,HX529,HKG,Hong Kong Airlines,B-LPD,2026-01-27 19:50,2026-01-27 21:41,111.0,111.0,-15.0,4320.0,,1.0,4320.0,,matched,complete
HAN,2026-01-28,VN19,CDG,Vietnam Airlines,VN-A891,2026-01-27 23:20,2026-01-28 00:08,48.0,48.0,0.0,4320.0,,1.0,4320.0,,matched,complete
HAN,2026-01-28,KE448,ICN,Korean Air,HL7209,2026-01-27 23:05,2026-01-28 00:22,77.0,77.0,0.0,4320.0,,1.0,4320.0,,matched,complete
HAN,2026-01-28,FD643,DMK,AirAsia,HS-ABS,2026-01-28 09:15,2026-01-28 09:45,30.0,30.0,0.0,4320.0,,1.0,4320.0,,matched,complete
HAN,2026-01-28,BR398,TPE,EVA Air,B-16718,2026-01-28 12:35,2026-01-28 13:43,68.0,68.0,0.0,4320.0,,1.0,4320.0,,matched,complete
HAN,2026-01-28,FD871,CNX,AirAsia,HS-CBM,2026-01-28 15:20,2026-01-28 16:08,48.0,48.0,0.0,4320.0,,1.0,4320.0,,matched,complete
HAN,2026-01-28,6E1634,DEL,IndiGo,VT-IPU,2026-01-28 17:55,2026-01-28 18:08,13.0,13.0,0.0,4320.0,,1.0,4320.0,,matched,complete
HAN,2026-01-28,CI794,TPE,China Airlines,B-18106,2026-01-28 17:30,2026-01-28 18:33,63.0,63.0,10.0,4320.0,,1.0,4320.0,,matched,complete
HAN,2026-01-28,CX742,HKG,Cathay Pacific,B-KQT,2026-01-28 19:30,2026-01-28 19:56,26.0,26.0,0.0,4320.0,,1.0,4320.0,,matched,complete
HAN,2026-01-28,HX529,HKG,Hong Kong Airlines,B-LPM,2026-01-28 19:50,2026-01-28 20:17,27.0,27.0,0.0,4320.0,,1.0,4320.0,,matched,complete
HAN,2026-01-29,OZ734,ICN,Asiana Airlines,HL8362,2026-01-28 23:50,2026-01-29 00:16,26.0,26.0,0.0,4320.0,,1.0,4320.0,,matched,complete
HAN,2026-01-29,NH898,NRT,All Nippon Airways,JA836A,2026-01-29 00:25,2026-01-29 00:44,19.0,19.0,0.0,4320.0,,1.0,4320.0,,matched,complete
HAN,2026-01-29,TW62,ICN,T'way Air,HL8378,2026-01-29 00:15,2026-01-29 00:56,41.0,41.0,25.0,4320.0,,1.0,4320.0,,matched,complete
HAN,2026-01-29,MU5076,PVG,China Eastern Airlines,B-205X,2026-01-29 02:45,2026-01-29 02:47,2.0,2.0,0.0,4320.0,,1.0,4320.0,,matched,complete
HAN,2026-01-29,VN334,KIX,Vietnam Airlines,VN-A891,2026-01-29 01:05,2026-01-29 07:46,401.0,240.0,0.0,4320.0,,1.0,4320.0,,matched,complete
HAN,2026-01-29,FD643,DMK,AirAsia,HS-BBG,2026-01-29 09:15,2026-01-29 09:51,36.0,36.0,0.0,4320.0,,1.0,4320.0,,matched,complete
HAN,2026-01-29,VJ781,CXR,VietJet Air,VN-A552,2026-01-29 13:00,2026-01-29 14:51,111.0,111.0,0.0,4320.0,,1.0,4320.0,,matched,complete
HAN,2026-01-29,ZH106,SZX,Shenzhen Airlines,B-1936,2026-01-29 19:40,2026-01-29 20:19,39.0,39.0,0.0,4320.0,,1.0,4320.0,,matched,complete
HAN,2026-01-29,VJ783,CXR,VietJet Air,VN-A552,2026-01-29 17:40,2026-01-29 20:51,191.0,191.0,0.0,4320.0,,1.0,4320.0,,matched,complete
HAN,2026-01-30,FD641,DMK,AirAsia,HS-ABA,2026-01-30 12:20,2026-01-30 12:42,22.0,22.0,-15.0,4320.0,,1.0,4320.0,,matched,complete
HAN,2026-01-30,BR398,TPE,EVA Air,B-16728,2026-01-30 12:35,2026-01-30 13:10,35.0,35.0,0.0,4320.0,,1.0,4320.0,,matched,complete
HAN,2026-01-30,FD871,CNX,AirAsia,HS-ABO,2026-01-30 15:20,2026-01-30 15:49,29.0,29.0,0.0,4320.0,,1.0,4320.0,,matched,complete
HAN,2026-01-30,BR386,TPE,EVA Air,B-16223,2026-01-30 18:20,2026-01-30 18:33,13.0,13.0,5.0,4320.0,,1.0,4320.0,,matched,complete
HAN,2026-01-31,EY2023,AUH,Etihad Airways,A6-DDC,2026-01-31 00:15,2026-01-31 00:41,26.0,26.0,0.0,4320.0,,1.0,4320.0,,matched,complete
HAN,2026-01-31,EK395,DXB,Emirates,A6-ENA,2026-01-31 00:25,2026-01-31 00:53,28.0,28.0,0.0,4320.0,,1.0,4320.0,,matched,complete
HAN,2026-01-31,7C2202,ICN,Jeju Air,HL8592,2026-01-31 01:40,2026-01-31 02:15,35.0,35.0,-5.0,4320.0,,1.0,4320.0,,matched,complete
HAN,2026-01-31,PR596,MNL,Philippine Airlines,RP-C9905,2026-01-31 02:50,2026-01-31 05:04,134.0,134.0,0.0,4320.0,,1.0,4320.0,,matched,complete
HAN,2026-01-31,VN1201,VCA,Vietnam Airlines,VN-A614,2026-01-31 06:45,2026-01-31 06:53,8.0,8.0,0.0,4320.0,,1.0,4320.0,,matched,complete
HAN,2026-01-31,KE442,ICN,Korean Air,HL8505,2026-01-31 12:20,2026-01-31 13:23,63.0,63.0,0.0,4320.0,,1.0,4320.0,,matched,complete
HAN,2026-01-31,OD572,KUL,Batik Air,9M-LRL,2026-01-31 13:30,2026-01-31 13:56,26.0,26.0,17.0,4320.0,,1.0,4320.0,,matched,complete
HAN,2026-01-31,CA704,PVG,Air China,B-8595,2026-01-31 12:25,2026-01-31 14:01,96.0,96.0,0.0,4320.0,,1.0,4320.0,,matched,complete
HAN,2026-01-31,MU9606,KMG,China Eastern Airlines,B-5683,2026-01-31 15:45,2026-01-31 15:45,0.0,0.0,0.0,4320.0,,1.0,4320.0,,matched,complete
HAN,2026-01-31,ZH122,CAN,Shenzhen Airlines,B-5775,2026-01-31 13:45,2026-01-31 16:12,147.0,147.0,0.0,4320.0,,1.0,4320.0,,matched,complete
HAN,2026-02-01,FD641,DMK,AirAsia,HS-CBJ,2026-02-01 12:20,2026-02-01 12:46,26.0,26.0,0.0,4320.0,,1.0,4320.0,,matched,complete
HAN,2026-02-01,SQ191,SIN,Singapore Airlines,9V-SHD,2026-02-01 15:25,2026-02-01 15:48,23.0,23.0,0.0,4320.0,,1.0,4320.0,,matched,complete
HAN,2026-02-01,ZH104,SZX,Shenzhen Airlines,B-8079,2026-02-01 14:55,2026-02-01 17:12,137.0,137.0,0.0,4320.0,,1.0,4320.0,,matched,complete
HAN,2026-02-01,VN1806,DIN,Vietnam Airlines,VN-A397,2026-02-01 18:55,2026-02-01 19:11,16.0,16.0,0.0,4320.0,,1.0,4320.0,,matched,complete
HAN,2026-02-01,CX742,HKG,Cathay Pacific,B-HNE,2026-02-01 19:30,2026-02-01 19:58,28.0,28.0,0.0,4320.0,,1.0,4320.0,,matched,complete
HAN,2026-02-01,TG565,BKK,Thai Airways,HS-TXC,2026-02-01 20:25,2026-02-01 20:42,17.0,17.0,0.0,4320.0,,1.0,4320.0,,matched,complete
HAN,2026-02-02,VJ171,SGN,VietJet Air,VN-A811,2026-02-01 23:25,2026-02-02 00:47,82.0,82.0,0.0,4320.0,,1.0,4320.0,,matched,complete
HAN,2026-02-02,IO894,IKT,IrAero,RA-89078,2026-02-02 11:35,2026-02-02 06:46,-289.0,0.0,0.0,4320.0,,1.0,4320.0,,matched,complete
HAN,2026-02-02,EY433,AUH,Etihad Airways,A6-BLY,2026-02-02 07:40,2026-02-02 07:57,17.0,17.0,0.0,4320.0,,1.0,4320.0,,matched,complete
HAN,2026-02-02,ZH102,SZX,Shenzhen Airlines,B-9909,2026-02-02 09:40,2026-02-02 10:06,26.0,26.0,0.0,4320.0,,1.0,4320.0,,matched,complete
HAN,2026-02-02,SQ191,SIN,Singapore Airlines,9V-SHK,2026-02-02 12:45,2026-02-02 13:48,63.0,63.0,0.0,4320.0,,1.0,4320.0,,matched,complete
HAN,2026-02-03,JL752,NRT,Japan Airlines,JA606J,2026-02-02 23:55,2026-02-03 00:14,19.0,19.0,0.0,4320.0,,1.0,4320.0,,matched,complete
HAN,2026-02-03,HO1330,PVG,Juneyao Air,B-304H,2026-02-03 02:00,2026-02-03 02:06,6.0,6.0,0.0,4320.0,,1.0,4320.0,,matched,complete
HAN,2026-02-03,AK517,KUL,AirAsia,9M-AGP,2026-02-03 09:00,2026-02-03 09:28,28.0,28.0,-9.0,4320.0,,1.0,4320.0,,matched,complete
HAN,2026-02-03,SQ191,SIN,Singapore Airlines,9V-SHG,2026-02-03 12:45,2026-02-03 13:38,53.0,53.0,0.0,4320.0,,1.0,4320.0,,matched,complete
HAN,2026-02-03,AK513,KUL,AirAsia,9M-RAE,2026-02-03 14:50,2026-02-03 15:11,21.0,21.0,0.0,4320.0,,1.0,4320.0,,matched,complete
HAN,2026-02-03,FD1039,LPQ,AirAsia,HS-CBM,2026-02-03 17:45,2026-02-03 17:45,0.0,0.0,0.0,4320.0,,1.0,4320.0,,matched,complete
HAN,2026-02-03,TG565,BKK,Thai Airways,HS-TXB,2026-02-03 20:25,2026-02-03 20:53,28.0,28.0,0.0,4320.0,,1.0,4320.0,,matched,complete
HAN,2026-02-04,KE448,ICN,Korean Air,HL8345,2026-02-03 23:05,2026-02-04 00:24,79.0,79.0,0.0,4320.0,,1.0,4320.0,,matched,complete
HAN,2026-02-04,EK395,DXB,Emirates,A6-EPR,2026-02-04 00:25,2026-02-04 00:35,10.0,10.0,0.0,4320.0,,1.0,4320.0,,matched,complete
HAN,2026-02-04,7C2202,ICN,Jeju Air,HL8554,2026-02-04 01:40,2026-02-04 01:47,7.0,7.0,3.0,4320.0,,1.0,4320.0,,matched,complete
HAN,2026-02-04,MU2574,WUH,China Eastern Airlines,B-205W,2026-02-04 02:35,2026-02-04 02:31,-4.0,0.0,0.0,4320.0,,1.0,4320.0,,matched,complete
HAN,2026-02-04,CA708,HGH,Air China,B-6773,2026-02-04 02:50,2026-02-04 02:49,-1.0,0.0,0.0,4320.0,,1.0,4320.0,,matched,complete
HAN,2026-02-04,PR596,MNL,Philippine Airlines,RP-C9906,2026-02-04 02:50,2026-02-04 03:06,16.0,16.0,0.0,4320.0,,1.0,4320.0,,matched,complete
HAN,2026-02-04,5J745,MNL,Cebu Pacific,RP-C4118,2026-02-04 08:25,2026-02-04 08:49,24.0,24.0,0.0,4320.0,,1.0,4320.0,,matched,complete
HAN,2026-02-04,QR983,DOH,Qatar Airways,A7-BHQ,2026-02-04 08:55,2026-02-04 09:06,11.0,11.0,0.0,4320.0,,1.0,4320.0,,matched,complete
HAN,2026-02-04,FD643,DMK,AirAsia,HS-BBM,2026-02-04 09:15,2026-02-04 09:43,28.0,28.0,0.0,4320.0,,1.0,4320.0,,matched,complete
HAN,2026-02-04,TR301,SIN,Scoot,9V-OFM,2026-02-04 09:40,2026-02-04 09:57,17.0,17.0,0.0,4320.0,,1.0,4320.0,,matched,complete
HAN,2026-02-04,QV228,VTE,Lao Airlines,RDPL-34228,2026-02-04 11:29,2026-02-04 10:15,-74.0,0.0,0.0,4320.0,,1.0,4320.0,,matched,complete
HAN,2026-02-04,TG561,BKK,Thai Airways,HS-TXB,2026-02-04 10:35,2026-02-04 11:04,29.0,29.0,0.0,4320.0,,1.0,4320.0,,matched,complete
HAN,2026-02-04,CI792,TPE,China Airlines,B-18108,2026-02-04 11:35,2026-02-04 12:18,43.0,43.0,0.0,4320.0,,1.0,4320.0,,matched,complete
HAN,2026-02-04,CA704,PVG,Air China,B-8502,2026-02-04 12:25,2026-02-04 12:37,12.0,12.0,0.0,4320.0,,1.0,4320.0,,matched,complete
HAN,2026-02-04,SQ191,SIN,Singapore Airlines,9V-SHI,2026-02-04 12:45,2026-02-04 13:04,19.0,19.0,0.0,4320.0,,1.0,4320.0,,matched,complete
HAN,2026-02-04,ZH122,CAN,Shenzhen Airlines,B-5411,2026-02-04 13:45,2026-02-04 13:46,1.0,1.0,0.0,4320.0,,1.0,4320.0,,matched,complete
HAN,2026-02-04,ET679,DAC,Ethiopian Airlines,ET-AOV,2026-02-04 14:10,2026-02-04 14:17,7.0,7.0,0.0,4320.0,,1.0,4320.0,,matched,complete
HAN,2026-02-04,MF870,XMN,Xiamen Air,B-5688,2026-02-04 15:40,2026-02-04 15:59,19.0,19.0,0.0,4320.0,,1.0,4320.0,,matched,complete
HAN,2026-02-04,CA742,PEK,Air China,B-325M,2026-02-04 13:30,2026-02-04 16:14,164.0,164.0,0.0,4320.0,,1.0,4320.0,,matched,complete
HAN,2026-02-04,CI794,TPE,China Airlines,B-18111,2026-02-04 17:30,2026-02-04 17:58,28.0,28.0,0.0,4320.0,,1.0,4320.0,,matched,complete
HAN,2026-02-04,FD1039,LPQ,AirAsia,HS-CBM,2026-02-04 17:45,2026-02-04 18:02,17.0,17.0,0.0,4320.0,,1.0,4320.0,,matched,complete
HAN,2026-02-04,6E1634,DEL,IndiGo,VT-IXN,2026-02-04 17:55,2026-02-04 18:12,17.0,17.0,0.0,4320.0,,1.0,4320.0,,matched,complete
HAN,2026-02-04,CA756,PVG,Air China,B-6942,2026-02-04 18:15,2026-02-04 18:31,16.0,16.0,0.0,4320.0,,1.0,4320.0,,matched,complete
HAN,2026-02-04,BR386,TPE,EVA Air,B-16213,2026-02-04 18:20,2026-02-04 18:33,13.0,13.0,0.0,4320.0,,1.0,4320.0,,matched,complete
HAN,2026-02-04,JX718,TPE,Starlux,B-58210,2026-02-04 18:25,2026-02-04 18:36,11.0,11.0,0.0,4320.0,,1.0,4320.0,,matched,complete
HAN,2026-02-04,SQ193,SIN,Singapore Airlines,9V-SHR,2026-02-04 18:30,2026-02-04 18:51,21.0,21.0,0.0,4320.0,,1.0,4320.0,,matched,complete
HAN,2026-02-04,QR977,DOH,Qatar Airways,A7-BHB,2026-02-04 19:10,2026-02-04 19:12,2.0,2.0,0.0,4320.0,,1.0,4320.0,,matched,complete
HAN,2026-02-04,CX742,HKG,Cathay Pacific,B-LAD,2026-02-04 19:30,2026-02-04 19:36,6.0,6.0,0.0,4320.0,,1.0,4320.0,,matched,complete
HAN,2026-02-04,CZ8178,CAN,China Southern Airlines,B-6775,2026-02-04 19:45,2026-02-04 19:50,5.0,5.0,0.0,4320.0,,1.0,4320.0,,matched,complete
HAN,2026-02-04,HX529,HKG,Hong Kong Airlines,B-LPL,2026-02-04 19:50,2026-02-04 19:56,6.0,6.0,0.0,4320.0,,1.0,4320.0,,matched,complete
HAN,2026-02-04,CZ8360,CSX,China Southern Airlines,B-322V,2026-02-04 20:20,2026-02-04 20:29,9.0,9.0,0.0,4320.0,,1.0,4320.0,,matched,complete
HAN,2026-02-04,PN6424,CKG,West Air,B-8893,2026-02-04 20:40,2026-02-04 20:52,12.0,12.0,0.0,4320.0,,1.0,4320.0,,matched,complete
HAN,2026-02-04,CZ8084,SZX,China Southern Airlines,B-9913,2026-02-04 22:00,2026-02-04 22:10,10.0,10.0,0.0,4320.0,,1.0,4320.0,,matched,complete
HAN,2026-02-04,VN7297,SGN,Vietnam Airlines,VN-A622,2026-02-04 22:00,2026-02-04 22:33,33.0,33.0,0.0,4320.0,,1.0,4320.0,,matched,complete
HAN,2026-02-04,KE448,ICN,Korean Air,HL8571,2026-02-04 23:05,2026-02-04 23:26,21.0,21.0,0.0,4320.0,,1.0,4320.0,,matched,complete
HAN,2026-02-05,OZ734,ICN,Asiana Airlines,HL8360,2026-02-04 23:50,2026-02-05 00:05,15.0,15.0,0.0,4320.0,,1.0,4320.0,,matched,complete
HAN,2026-02-05,EK395,DXB,Emirates,A6-EPE,2026-02-05 00:25,2026-02-05 00:33,8.0,8.0,0.0,4320.0,,1.0,4320.0,,matched,complete
HAN,2026-02-05,TW66,PUS,T'way Air,HL8354,2026-02-05 00:40,2026-02-05 00:50,10.0,10.0,-16.0,4320.0,,1.0,4320.0,,matched,complete
HAN,2026-02-05,BX7305,PUS,Air Busan,HL8396,2026-02-05 00:40,2026-02-05 00:53,13.0,13.0,0.0,4320.0,,1.0,4320.0,,matched,complete
HAN,2026-02-05,TW62,ICN,T'way Air,HL8378,2026-02-05 00:15,2026-02-05 01:06,51.0,51.0,0.0,4320.0,,1.0,4320.0,,matched,complete
HAN,2026-02-05,CZ372,CAN,China Southern Airlines,B-226J,2026-02-05 08:15,2026-02-05 08:32,17.0,17.0,0.0,4320.0,,1.0,4320.0,,matched,complete
HAN,2026-02-05,AK517,KUL,AirAsia,9M-DAF,2026-02-05 09:00,2026-02-05 09:23,23.0,23.0,0.0,4320.0,,1.0,4320.0,,matched,complete
HAN,2026-02-05,ZH102,SZX,Shenzhen Airlines,B-6286,2026-02-05 09:40,2026-02-05 10:03,23.0,23.0,0.0,4320.0,,1.0,4320.0,,matched,complete
HAN,2026-02-05,CI792,TPE,China Airlines,B-18317,2026-02-05 11:35,2026-02-05 12:13,38.0,38.0,0.0,4320.0,,1.0,4320.0,,matched,complete
HAN,2026-02-05,SQ191,SIN,Singapore Airlines,9V-SHM,2026-02-05 12:45,2026-02-05 13:01,16.0,16.0,0.0,4320.0,,1.0,4320.0,,matched,complete
HAN,2026-02-05,MH753,KUL,Malaysia Airlines,9M-MXQ,2026-02-05 13:00,2026-02-05 13:47,47.0,47.0,0.0,4320.0,,1.0,4320.0,,matched,complete
HAN,2026-02-05,AK513,KUL,AirAsia,9M-AGP,2026-02-05 14:50,2026-02-05 16:05,75.0,75.0,-9.0,4320.0,,1.0,4320.0,,matched,complete
HAN,2026-02-05,ZH104,SZX,Shenzhen Airlines,B-8077,2026-02-05 14:55,2026-02-05 16:46,111.0,111.0,0.0,4320.0,,1.0,4320.0,,matched,complete
HAN,2026-02-05,CZ8360,CSX,China Southern Airlines,B-32FU,2026-02-05 20:20,2026-02-05 20:35,15.0,15.0,0.0,4320.0,,1.0,4320.0,,matched,complete
HAN,2026-02-06,OZ734,ICN,Asiana Airlines,HL7771,2026-02-05 23:50,2026-02-06 00:11,21.0,21.0,0.0,4320.0,,1.0,4320.0,,matched,complete
HAN,2026-02-06,BX7305,PUS,Air Busan,HL8396,2026-02-06 00:40,2026-02-06 00:59,19.0,19.0,0.0,4320.0,,1.0,4320.0,,matched,complete
HAN,2026-02-06,QR985,DOH,Qatar Airways,A7-BCU,2026-02-06 01:45,2026-02-06 01:51,6.0,6.0,0.0,4320.0,,1.0,4320.0,,matched,complete
HAN,2026-02-06,TW62,ICN,T'way Air,HL8070,2026-02-06 00:15,2026-02-06 02:29,134.0,134.0,-20.0,4320.0,,1.0,4320.0,,matched,complete
HAN,2026-02-06,CX740,HKG,Cathay Pacific,B-HNV,2026-02-06 11:05,2026-02-06 11:42,37.0,37.0,0.0,4320.0,,1.0,4320.0,,matched,complete
HAN,2026-02-06,VN251,SGN,Vietnam Airlines,VN-A621,2026-02-06 12:00,2026-02-06 12:26,26.0,26.0,0.0,4320.0,,1.0,4320.0,,matched,complete
HAN,2026-02-06,FD641,DMK,AirAsia,HS-ABJ,2026-02-06 12:20,2026-02-06 13:31,71.0,71.0,81.0,4320.0,,1.0,4320.0,,matched,complete
HAN,2026-02-06,ET679,DAC,Ethiopian Airlines,ET-AOV,2026-02-06 14:10,2026-02-06 14:24,14.0,14.0,0.0,4320.0,,1.0,4320.0,,matched,complete
HAN,2026-02-06,MF870,XMN,Xiamen Air,B-5630,2026-02-06 15:40,2026-02-06 18:14,154.0,154.0,0.0,4320.0,,1.0,4320.0,,matched,complete
HAN,2026-02-06,CA756,PVG,Air China,B-6825,2026-02-06 18:15,2026-02-06 19:32,77.0,77.0,0.0,4320.0,,1.0,4320.0,,matched,complete
HAN,2026-02-06,CZ8178,CAN,China Southern Airlines,B-32L0,2026-02-06 19:45,2026-02-06 20:34,49.0,49.0,0.0,4320.0,,1.0,4320.0,,matched,complete
HAN,2026-02-06,ZH106,SZX,Shenzhen Airlines,B-1478,2026-02-06 19:40,2026-02-06 20:44,64.0,64.0,0.0,4320.0,,1.0,4320.0,,matched,complete
HAN,2026-02-06,FD645,DMK,AirAsia,HS-EAA,2026-02-06 20:50,2026-02-06 21:52,62.0,62.0,0.0,4320.0,,1.0,4320.0,,matched,complete
HAN,2026-02-06,TK165,IST,Turkish Airlines,TC-LGI,2026-02-06 22:55,2026-02-06 23:26,31.0,31.0,0.0,4320.0,,1.0,4320.0,,matched,complete
HAN,2026-02-07,UO543,HKG,HK express,B-KKG,2026-02-06 21:55,2026-02-07 00:13,138.0,138.0,0.0,4320.0,,1.0,4320.0,,matched,complete
HAN,2026-02-07,5J747,MNL,Cebu Pacific,RP-C4149,2026-02-07 02:25,2026-02-07 02:37,12.0,12.0,0.0,4320.0,,1.0,4320.0,,matched,complete
HAN,2026-02-07,TW62,ICN,T'way Air,HL8324,2026-02-07 00:15,2026-02-07 03:00,165.0,165.0,-25.0,4320.0,,1.0,4320.0,,matched,complete
HAN,2026-02-07,MU7236,PVG,China Eastern Airlines,B-32L9,2026-02-07 04:20,2026-02-07 04:47,27.0,27.0,0.0,4320.0,,1.0,4320.0,,matched,complete
HAN,2026-02-07,VJ461,VCA,VietJet Air,VN-A539,2026-02-07 05:30,2026-02-07 05:42,12.0,12.0,0.0,4320.0,,1.0,4320.0,,matched,complete
HAN,2026-02-07,TR301,SIN,Scoot,9V-OFB,2026-02-07 09:40,2026-02-07 10:14,34.0,34.0,0.0,4320.0,,1.0,4320.0,,matched,complete
HAN,2026-02-07,CX740,HKG,Cathay Pacific,B-HNF,2026-02-07 11:05,2026-02-07 11:49,44.0,44.0,0.0,4320.0,,1.0,4320.0,,matched,complete
HAN,2026-02-07,QR8951,DOH,Qatar Airways,A7-BFJ,2026-02-07 09:45,2026-02-07 12:08,143.0,143.0,0.0,4320.0,,1.0,4320.0,,matched,complete
HAN,2026-02-07,MH753,KUL,Malaysia Airlines,9M-MLT,2026-02-07 13:00,2026-02-07 13:20,20.0,20.0,0.0,4320.0,,1.0,4320.0,,matched,complete
HAN,2026-02-07,CZ8470,SZX,China Southern Airlines,B-32H3,2026-02-07 16:10,2026-02-07 16:45,35.0,35.0,0.0,4320.0,,1.0,4320.0,,matched,complete
HAN,2026-02-07,6E1634,DEL,IndiGo,VT-IAN,2026-02-07 17:55,2026-02-07 18:00,5.0,5.0,0.0,4320.0,,1.0,4320.0,,matched,complete
HAN,2026-02-07,CZ8360,CSX,China Southern Airlines,B-32FU,2026-02-07 20:20,2026-02-07 20:59,39.0,39.0,0.0,4320.0,,1.0,4320.0,,matched,complete
HAN,2026-02-08,QR983,DOH,Qatar Airways,A7-BHL,2026-02-08 08:55,2026-02-08 09:00,5.0,5.0,0.0,4320.0,,1.0,4320.0,,matched,complete
HAN,2026-02-08,MH753,KUL,Malaysia Airlines,9M-MXJ,2026-02-08 13:00,2026-02-08 14:08,68.0,68.0,0.0,4320.0,,1.0,4320.0,,matched,complete
HAN,2026-02-08,AK513,KUL,AirAsia,9M-AQQ,2026-02-08 14:50,2026-02-08 17:04,134.0,134.0,4.0,4320.0,,1.0,4320.0,,matched,complete
HAN,2026-02-08,SQ193,SIN,Singapore Airlines,9V-MBJ,2026-02-08 18:25,2026-02-08 21:16,171.0,171.0,0.0,4320.0,,1.0,4320.0,,matched,complete
HAN,2026-02-08,HX529,HKG,Hong Kong Airlines,B-LPL,2026-02-08 19:50,2026-02-08 21:26,96.0,96.0,0.0,4320.0,,1.0,4320.0,,matched,complete
HAN,2026-02-08,TG565,BKK,Thai Airways,HS-TXN,2026-02-08 20:25,2026-02-08 21:38,73.0,73.0,0.0,4320.0,,1.0,4320.0,,matched,complete
HAN,2026-02-08,FD645,DMK,AirAsia,HS-EAF,2026-02-08 20:50,2026-02-08 22:35,105.0,105.0,-10.0,4320.0,,1.0,4320.0,,matched,complete
HAN,2026-02-08,CI6876,TPE,China Airlines,B-18723,2026-02-08 19:40,2026-02-08 23:13,213.0,213.0,0.0,4320.0,,1.0,4320.0,,matched,complete
HAN,2026-02-09,EK395,DXB,Emirates,A6-ENY,2026-02-09 00:25,2026-02-09 00:44,19.0,19.0,0.0,4320.0,,1.0,4320.0,,matched,complete
HAN,2026-02-09,CX3248,HKG,Cathay Pacific,B-LIA,2026-02-08 21:25,2026-02-09 01:04,219.0,219.0,0.0,4320.0,,1.0,4320.0,,matched,complete
HAN,2026-02-09,TR301,SIN,Scoot,9V-OFB,2026-02-09 09:40,2026-02-09 11:14,94.0,94.0,0.0,4320.0,,1.0,4320.0,,matched,complete
HAN,2026-02-09,CI792,TPE,China Airlines,B-18315,2026-02-09 11:35,2026-02-09 13:31,116.0,116.0,0.0,4320.0,,1.0,4320.0,,matched,complete
HAN,2026-02-09,TG565,BKK,Thai Airways,HS-TXD,2026-02-09 20:25,2026-02-09 20:51,26.0,26.0,0.0,4320.0,,1.0,4320.0,,matched,complete
HAN,2026-02-09,6E8962,CCU,IndiGo,VT-IKY,2026-02-09 19:05,2026-02-09 22:01,176.0,176.0,0.0,4320.0,,1.0,4320.0,,matched,complete
HAN,2026-02-10,BX7081,ICN,Air Busan,HL7211,2026-02-10 06:19,2026-02-10 02:30,-229.0,0.0,0.0,4320.0,,1.0,4320.0,,matched,complete
HAN,2026-02-10,QR8955,DOH,Qatar Airways,A7-BFH,2026-02-10 10:15,2026-02-10 10:48,33.0,33.0,0.0,4320.0,,1.0,4320.0,,matched,complete
HAN,2026-02-10,MU868,XIY,China Eastern Airlines,B-30CX,2026-02-10 20:40,2026-02-10 21:36,56.0,56.0,0.0,4320.0,,1.0,4320.0,,matched,complete
HAN,2026-02-10,UO543,HKG,HK express,B-LCL,2026-02-10 21:55,2026-02-10 23:20,85.0,85.0,0.0,4320.0,,1.0,4320.0,,matched,complete
HAN,2026-02-10,TK165,IST,Turkish Airlines,TC-LGL,2026-02-10 22:55,2026-02-10 23:28,33.0,33.0,0.0,4320.0,,1.0,4320.0,,matched,complete
HAN,2026-02-10,KE448,ICN,Korean Air,HL7207,2026-02-10 23:05,2026-02-10 23:42,37.0,37.0,0.0,4320.0,,1.0,4320.0,,matched,complete
HAN,2026-02-11,VN681,KUL,Vietnam Airlines,VN-A621,2026-02-11 14:50,2026-02-11 15:05,15.0,15.0,0.0,4320.0,,1.0,4320.0,,matched,complete
HAN,2026-02-11,QR977,DOH,Qatar Airways,A7-BHM,2026-02-11 19:10,2026-02-11 19:40,30.0,30.0,0.0,4320.0,,1.0,4320.0,,matched,complete
HAN,2026-02-11,TG565,BKK,Thai Airways,HS-TXA,2026-02-11 20:25,2026-02-11 20:57,32.0,32.0,0.0,4320.0,,1.0,4320.0,,matched,complete
HAN,2026-02-12,TW62,ICN,T'way Air,HL8306,2026-02-12 00:15,2026-02-12 01:05,50.0,50.0,61.0,4320.0,,1.0,4320.0,,matched,complete
HAN,2026-02-12,KE476,FUK,Vietnam Airlines,HL8218,2026-02-11 23:50,2026-02-12 02:12,142.0,142.0,0.0,4320.0,,1.0,4320.0,,matched,complete
HAN,2026-02-12,QR983,DOH,Qatar Airways,A7-BHL,2026-02-12 08:55,2026-02-12 09:30,35.0,35.0,0.0,4320.0,,1.0,4320.0,,matched,complete
HAN,2026-02-12,TG561,BKK,Thai Airways,HS-TXR,2026-02-12 10:35,2026-02-12 12:30,115.0,115.0,0.0,4320.0,,1.0,4320.0,,matched,complete
HAN,2026-02-12,ZH104,SZX,Shenzhen Airlines,B-6615,2026-02-12 14:55,2026-02-12 16:42,107.0,107.0,0.0,4320.0,,1.0,4320.0,,matched,complete
HAN,2026-02-12,FD1039,LPQ,AirAsia,HS-ABR,2026-02-12 17:45,2026-02-12 18:24,39.0,39.0,0.0,4320.0,,1.0,4320.0,,matched,complete
HAN,2026-02-12,CZ8178,CAN,China Southern Airlines,B-2408,2026-02-12 19:45,2026-02-12 20:04,19.0,19.0,0.0,4320.0,,1.0,4320.0,,matched,complete
HAN,2026-02-12,TG565,BKK,Thai Airways,HS-TXF,2026-02-12 20:25,2026-02-12 20:50,25.0,25.0,0.0,4320.0,,1.0,4320.0,,matched,complete
HAN,2026-02-12,EY431,AUH,Etihad Airways,A6-BLF,2026-02-12 20:00,2026-02-12 22:47,167.0,167.0,0.0,4320.0,,1.0,4320.0,,matched,complete
HAN,2026-02-13,EK395,DXB,Emirates,A6-ENF,2026-02-13 00:25,2026-02-13 00:50,25.0,25.0,0.0,4320.0,,1.0,4320.0,,matched,complete
HAN,2026-02-13,7C2202,ICN,Jeju Air,HL8524,2026-02-13 01:40,2026-02-13 01:55,15.0,15.0,0.0,4320.0,,1.0,4320.0,,matched,complete
HAN,2026-02-13,CA756,PVG,Air China,B-6885,2026-02-13 18:15,2026-02-13 18:21,6.0,6.0,0.0,4320.0,,1.0,4320.0,,matched,complete
HAN,2026-02-13,TK165,IST,Turkish Airlines,TC-LGK,2026-02-13 22:55,2026-02-13 23:08,13.0,13.0,0.0,4320.0,,1.0,4320.0,,matched,complete
HAN,2026-02-14,EK395,DXB,Emirates,A6-END,2026-02-14 00:25,2026-02-14 00:47,22.0,22.0,0.0,4320.0,,1.0,4320.0,,matched,complete
HAN,2026-02-14,K6855,KTI,Air Cambodia,XU-356,2026-02-14 10:45,2026-02-14 10:50,5.0,5.0,0.0,4320.0,,1.0,4320.0,,matched,complete
HAN,2026-02-14,KE442,ICN,Korean Air,HL8711,2026-02-14 12:20,2026-02-14 12:55,35.0,35.0,0.0,4320.0,,1.0,4320.0,,matched,complete
HAN,2026-02-14,CZ8470,SZX,China Southern Airlines,B-32FV,2026-02-14 16:10,2026-02-14 16:48,38.0,38.0,0.0,4320.0,,1.0,4320.0,,matched,complete
HAN,2026-02-14,JX718,TPE,Starlux,B-58204,2026-02-14 18:25,2026-02-14 18:51,26.0,26.0,0.0,4320.0,,1.0,4320.0,,matched,complete
HAN,2026-02-14,FD1039,LPQ,AirAsia,HS-CBR,2026-02-14 17:45,2026-02-14 19:12,87.0,87.0,-8.0,4320.0,,1.0,4320.0,,matched,complete
HAN,2026-02-15,NH898,NRT,All Nippon Airways,JA829A,2026-02-15 00:25,2026-02-15 00:54,29.0,29.0,0.0,4320.0,,1.0,4320.0,,matched,complete
HAN,2026-02-15,VJ127,SGN,VietJet Air,VN-A674,2026-02-15 08:55,2026-02-15 10:40,105.0,105.0,0.0,4320.0,,1.0,4320.0,,matched,complete
HAN,2026-02-15,CA704,PVG,Air China,B-8503,2026-02-15 12:25,2026-02-15 16:51,266.0,240.0,0.0,4320.0,,1.0,4320.0,,matched,complete
HAN,2026-02-15,MU6014,PVG,China Eastern Airlines,B-32KD,2026-02-15 18:45,2026-02-15 20:54,129.0,129.0,0.0,4320.0,,1.0,4320.0,,matched,complete
HAN,2026-02-15,UO543,HKG,HK express,B-KKI,2026-02-15 21:55,2026-02-15 22:54,59.0,59.0,0.0,4320.0,,1.0,4320.0,,matched,complete
HAN,2026-02-15,TK165,IST,Turkish Airlines,TC-LGJ,2026-02-15 22:55,2026-02-15 23:21,26.0,26.0,0.0,4320.0,,1.0,4320.0,,matched,complete
HAN,2026-02-16,9G801,SGN,Sun PhuQuoc Airways,VN-A909,2026-02-16 05:45,2026-02-16 05:58,13.0,13.0,0.0,4320.0,,1.0,4320.0,,matched,complete
HAN,2026-02-16,EY433,AUH,Etihad Airways,A6-BLM,2026-02-16 07:40,2026-02-16 08:02,22.0,22.0,0.0,4320.0,,1.0,4320.0,,matched,complete
HAN,2026-02-16,VJ1122,NRT,VietJet Air,VN-A699,2026-02-16 08:00,2026-02-16 08:33,33.0,33.0,0.0,4320.0,,1.0,4320.0,,matched,complete
HAN,2026-02-16,UO541,HKG,HK express,B-LEK,2026-02-16 09:35,2026-02-16 09:48,13.0,13.0,-15.0,4320.0,,1.0,4320.0,,matched,complete
HAN,2026-02-16,KE442,ICN,Korean Air,HL8711,2026-02-16 12:20,2026-02-16 12:44,24.0,24.0,0.0,4320.0,,1.0,4320.0,,matched,complete
HAN,2026-02-16,SQ193,SIN,Singapore Airlines,9V-SHU,2026-02-16 18:30,2026-02-16 18:38,8.0,8.0,0.0,4320.0,,1.0,4320.0,,matched,complete
HAN,2026-02-17,OZ734,ICN,Asiana Airlines,HL8359,2026-02-16 23:50,2026-02-17 00:07,17.0,17.0,0.0,4320.0,,1.0,4320.0,,matched,complete
HAN,2026-02-17,EK395,DXB,Emirates,A6-ENO,2026-02-17 00:25,2026-02-17 00:38,13.0,13.0,0.0,4320.0,,1.0,4320.0,,matched,complete
HAN,2026-02-17,PR596,MNL,Philippine Airlines,RP-C9926,2026-02-17 02:50,2026-02-17 02:50,0.0,0.0,0.0,4320.0,,1.0,4320.0,,matched,complete
HAN,2026-02-17,PR594,MNL,Philippine Airlines,RP-C9916,2026-02-17 13:55,2026-02-17 14:04,9.0,9.0,0.0,4320.0,,1.0,4320.0,,matched,complete
HAN,2026-02-17,AK513,KUL,AirAsia,9M-AHZ,2026-02-17 14:50,2026-02-17 16:24,94.0,94.0,0.0,4320.0,,1.0,4320.0,,matched,complete
HAN,2026-02-18,VN1573,DLI,Vietnam Airlines,VN-A513,2026-02-18 07:01,2026-02-18 07:25,24.0,24.0,0.0,4320.0,,1.0,4320.0,,matched,complete
HAN,2026-02-18,BR398,TPE,EVA Air,B-16722,2026-02-18 12:35,2026-02-18 13:07,32.0,32.0,0.0,4320.0,,1.0,4320.0,,matched,complete
HAN,2026-02-18,NX981,MFM,Air Macau,B-MCH,2026-02-18 23:00,2026-02-18 23:34,34.0,34.0,0.0,4320.0,,1.0,4320.0,,matched,complete
HAN,2026-02-19,FD1039,LPQ,AirAsia,HS-BBR,2026-02-19 17:45,2026-02-19 17:46,1.0,1.0,-5.0,4320.0,,1.0,4320.0,,matched,complete
HAN,2026-02-19,CZ8178,CAN,China Southern Airlines,B-9929,2026-02-19 19:45,2026-02-19 19:53,8.0,8.0,0.0,4320.0,,1.0,4320.0,,matched,complete
HAN,2026-02-19,CZ8360,CSX,China Southern Airlines,B-322V,2026-02-19 20:20,2026-02-19 20:27,7.0,7.0,0.0,4320.0,,1.0,4320.0,,matched,complete
HAN,2026-02-20,ZH108,SZX,Shenzhen Airlines,B-8409,2026-02-20 02:10,2026-02-20 02:09,-1.0,0.0,0.0,4320.0,,1.0,4320.0,,matched,complete
HAN,2026-02-20,VN19,CDG,Vietnam Airlines,VN-A894,2026-02-20 06:00,2026-02-20 06:20,20.0,20.0,0.0,4320.0,,1.0,4320.0,,matched,complete
HAN,2026-02-20,TG561,BKK,Thai Airways,HS-TXU,2026-02-20 10:35,2026-02-20 10:43,8.0,8.0,0.0,4320.0,,1.0,4320.0,,matched,complete
HAN,2026-02-20,CA704,PVG,Air China,B-6742,2026-02-20 12:25,2026-02-20 12:43,18.0,18.0,0.0,4320.0,,1.0,4320.0,,matched,complete
HAN,2026-02-20,MH753,KUL,Malaysia Airlines,9M-MXO,2026-02-20 13:00,2026-02-20 13:25,25.0,25.0,-5.0,4320.0,,1.0,4320.0,,matched,complete
HAN,2026-02-20,BR398,TPE,EVA Air,B-16722,2026-02-20 12:35,2026-02-20 13:30,55.0,55.0,0.0,4320.0,,1.0,4320.0,,matched,complete
HAN,2026-02-21,JL752,NRT,Japan Airlines,JA606J,2026-02-20 23:55,2026-02-21 00:18,23.0,23.0,0.0,4320.0,,1.0,4320.0,,matched,complete
HAN,2026-02-21,ZH108,SZX,Shenzhen Airlines,B-6853,2026-02-21 02:10,2026-02-21 02:17,7.0,7.0,0.0,4320.0,,1.0,4320.0,,matched,complete
HAN,2026-02-21,TK253,IST,Turkish Airlines,TC-LLU,2026-02-21 08:50,2026-02-21 09:21,31.0,31.0,0.0,4320.0,,1.0,4320.0,,matched,complete
HAN,2026-02-21,FD643,DMK,AirAsia,HS-ABY,2026-02-21 09:15,2026-02-21 10:05,50.0,50.0,0.0,4320.0,,1.0,4320.0,,matched,complete
HAN,2026-02-21,ZH102,SZX,Shenzhen Airlines,B-8409,2026-02-21 09:40,2026-02-21 10:08,28.0,28.0,0.0,4320.0,,1.0,4320.0,,matched,complete
HAN,2026-02-21,CX740,HKG,Cathay Pacific,B-HNK,2026-02-21 11:05,2026-02-21 11:50,45.0,45.0,0.0,4320.0,,1.0,4320.0,,matched,complete
HAN,2026-02-21,6E1632,CCU,IndiGo,VT-ISK,2026-02-21 14:05,2026-02-21 14:18,13.0,13.0,0.0,4320.0,,1.0,4320.0,,matched,complete
HAN,2026-02-21,MU9606,KMG,China Eastern Airlines,B-6145,2026-02-21 15:45,2026-02-21 16:17,32.0,32.0,0.0,4320.0,,1.0,4320.0,,matched,complete
HAN,2026-02-21,K6851,KTI,Air Cambodia,XU-353,2026-02-21 19:15,2026-02-21 19:57,42.0,42.0,0.0,4320.0,,1.0,4320.0,,matched,complete
HAN,2026-02-21,CX742,HKG,Cathay Pacific,B-HNK,2026-02-21 19:30,2026-02-21 20:55,85.0,85.0,0.0,4320.0,,1.0,4320.0,,matched,complete
HAN,2026-02-22,NX983,MFM,Air Macau,B-MBA,2026-02-21 23:50,2026-02-22 00:41,51.0,51.0,-15.0,4320.0,,1.0,4320.0,,matched,complete
HAN,2026-02-22,CZ5030,CGO,China Southern Airlines,B-5040,2026-02-22 02:55,2026-02-22 02:53,-2.0,0.0,0.0,4320.0,,1.0,4320.0,,matched,complete
HAN,2026-02-22,SC4650,TAO,Shandong Airlines,B-1508,2026-02-22 02:50,2026-02-22 03:00,10.0,10.0,0.0,4320.0,,1.0,4320.0,,matched,complete
HAN,2026-02-22,FD643,DMK,AirAsia,HS-ABA,2026-02-22 09:15,2026-02-22 09:44,29.0,29.0,0.0,4320.0,,1.0,4320.0,,matched,complete
HAN,2026-02-22,VN512,PEK,Vietnam Airlines,VN-A621,2026-02-22 10:00,2026-02-22 10:58,58.0,58.0,0.0,4320.0,,1.0,4320.0,,matched,complete
HAN,2026-02-22,CX740,HKG,Cathay Pacific,B-HNI,2026-02-22 11:05,2026-02-22 11:36,31.0,31.0,0.0,4320.0,,1.0,4320.0,,matched,complete
HAN,2026-02-22,B3721,PBH,Bhutan Airlines,A5-DOR,2026-02-22 13:30,2026-02-22 13:44,14.0,14.0,0.0,4320.0,,1.0,4320.0,,matched,complete
HAN,2026-02-22,VN1549,HUI,Vietnam Airlines,VN-A507,2026-02-22 20:05,2026-02-22 21:52,107.0,107.0,0.0,4320.0,,1.0,4320.0,,matched,complete
HAN,2026-02-22,UO543,HKG,HK express,B-KKF,2026-02-22 21:55,2026-02-22 23:34,99.0,99.0,0.0,4320.0,,1.0,4320.0,,matched,complete
HAN,2026-02-23,CZ372,CAN,China Southern Airlines,B-226J,2026-02-23 08:15,2026-02-23 08:22,7.0,7.0,0.0,4320.0,,1.0,4320.0,,matched,complete
HAN,2026-02-23,GX8972,NNG,GX Airlines,B-32DD,2026-02-23 08:55,2026-02-23 09:09,14.0,14.0,0.0,4320.0,,1.0,4320.0,,matched,complete
HAN,2026-02-23,ZH102,SZX,Shenzhen Airlines,B-8079,2026-02-23 09:25,2026-02-23 09:36,11.0,11.0,0.0,4320.0,,1.0,4320.0,,matched,complete
HAN,2026-02-23,FD643,DMK,AirAsia,HS-ABY,2026-02-23 09:15,2026-02-23 09:40,25.0,25.0,0.0,4320.0,,1.0,4320.0,,matched,complete
HAN,2026-02-23,CI792,TPE,China Airlines,B-18315,2026-02-23 11:35,2026-02-23 11:59,24.0,24.0,0.0,4320.0,,1.0,4320.0,,matched,complete
HAN,2026-02-23,KE442,ICN,Korean Air,HL8536,2026-02-23 12:20,2026-02-23 12:52,32.0,32.0,-13.0,4320.0,,1.0,4320.0,,matched,complete
HAN,2026-02-23,SQ191,SIN,Singapore Airlines,9V-SHM,2026-02-23 12:45,2026-02-23 13:06,21.0,21.0,0.0,4320.0,,1.0,4320.0,,matched,complete
HAN,2026-02-23,OD572,KUL,Batik Air,9M-LRR,2026-02-23 13:30,2026-02-23 13:40,10.0,10.0,0.0,4320.0,,1.0,4320.0,,matched,complete
HAN,2026-02-23,QV312,VTE,Lao Airlines,RDPL-34188,2026-02-23 16:40,2026-02-23 16:51,11.0,11.0,0.0,4320.0,,1.0,4320.0,,matched,complete
HAN,2026-02-23,AK513,KUL,AirAsia,9M-AJK,2026-02-23 14:50,2026-02-23 17:06,136.0,136.0,-7.0,4320.0,,1.0,4320.0,,matched,complete
HAN,2026-02-23,CI794,TPE,China Airlines,B-18109,2026-02-23 17:30,2026-02-23 17:41,11.0,11.0,5.0,4320.0,,1.0,4320.0,,matched,complete
HAN,2026-02-23,SQ193,SIN,Singapore Airlines,9V-SHG,2026-02-23 18:30,2026-02-23 18:38,8.0,8.0,0.0,4320.0,,1.0,4320.0,,matched,complete
HAN,2026-02-24,PR596,MNL,Philippine Airlines,RP-C9903,2026-02-24 02:50,2026-02-24 02:46,-4.0,0.0,-25.0,4320.0,,1.0,4320.0,,matched,complete
HAN,2026-02-24,9G801,SGN,Sun PhuQuoc Airways,VN-A285,2026-02-24 05:45,2026-02-24 05:57,12.0,12.0,0.0,4320.0,,1.0,4320.0,,matched,complete
HAN,2026-02-24,OK8903,,Air Prague,8903,2026-02-24 06:30,2026-02-24 06:30,0.0,0.0,0.0,4320.0,,1.0,4320.0,,matched,complete
HAN,2026-02-24,AK529,DLI,VietJet Air,9M-AGQ,2026-02-24 10:35,2026-02-24 11:43,68.0,68.0,0.0,4320.0,,1.0,4320.0,,matched,complete
HAN,2026-02-24,CZ8316,CAN,China Southern Airlines,B-32ET,2026-02-24 15:45,2026-02-24 15:57,12.0,12.0,0.0,4320.0,,1.0,4320.0,,matched,complete
HAN,2026-02-24,AK513,KUL,AirAsia,9M-AJT,2026-02-24 14:50,2026-02-24 16:52,122.0,122.0,-5.0,4320.0,,1.0,4320.0,,matched,complete
HAN,2026-02-24,QV312,VTE,Lao Airlines,RDPL-34188,2026-02-24 16:40,2026-02-24 17:14,34.0,34.0,0.0,4320.0,,1.0,4320.0,,matched,complete
HAN,2026-02-24,6E1634,DEL,IndiGo,VT-ISU,2026-02-24 17:55,2026-02-24 18:00,5.0,5.0,0.0,4320.0,,1.0,4320.0,,matched,complete
HAN,2026-02-24,QR977,DOH,Qatar Airways,A7-AOF,2026-02-24 19:10,2026-02-24 19:41,31.0,31.0,0.0,4320.0,,1.0,4320.0,,matched,complete
HAN,2026-02-24,TG565,BKK,Thai Airways,HS-TXN,2026-02-24 20:25,2026-02-24 21:11,46.0,46.0,0.0,4320.0,,1.0,4320.0,,matched,complete
HAN,2026-02-24,VJ173,SGN,VietJet Air,VN-A545,2026-02-24 19:05,2026-02-24 22:10,185.0,185.0,0.0,4320.0,,1.0,4320.0,,matched,complete
HAN,2026-02-25,ZH108,SZX,Shenzhen Airlines,B-9908,2026-02-25 02:10,2026-02-25 03:07,57.0,57.0,0.0,4320.0,,1.0,4320.0,,matched,complete
HAN,2026-02-25,KE362,ICN,Korean Air,HL7605,2026-02-25 03:55,2026-02-25 04:34,39.0,39.0,0.0,4320.0,,1.0,4320.0,,matched,complete
HAN,2026-02-25,FX6001,BKK,FedEx,N120FE,2026-02-25 06:52,2026-02-25 06:52,0.0,0.0,0.0,4320.0,,1.0,4320.0,,matched,complete
HAN,2026-02-25,FD643,DMK,AirAsia,HS-ABM,2026-02-25 09:15,2026-02-25 09:48,33.0,33.0,3.0,4320.0,,1.0,4320.0,,matched,complete
HAN,2026-02-25,SQ191,SIN,Singapore Airlines,9V-SHK,2026-02-25 12:45,2026-02-25 13:04,19.0,19.0,0.0,4320.0,,1.0,4320.0,,matched,complete
HAN,2026-02-25,CZ8316,CAN,China Southern Airlines,B-6783,2026-02-25 15:45,2026-02-25 16:05,20.0,20.0,0.0,4320.0,,1.0,4320.0,,matched,complete
HAN,2026-02-25,MH753,KUL,Malaysia Airlines,9M-MXN,2026-02-25 13:00,2026-02-25 16:55,235.0,235.0,0.0,4320.0,,1.0,4320.0,,matched,complete
HAN,2026-02-25,JX718,TPE,Starlux,B-58206,2026-02-25 18:25,2026-02-25 18:50,25.0,25.0,0.0,4320.0,,1.0,4320.0,,matched,complete
HAN,2026-02-25,SQ193,SIN,Singapore Airlines,9V-SHD,2026-02-25 18:30,2026-02-25 19:18,48.0,48.0,0.0,4320.0,,1.0,4320.0,,matched,complete
HAN,2026-02-25,QR977,DOH,Qatar Airways,A7-AOF,2026-02-25 19:10,2026-02-25 19:47,37.0,37.0,0.0,4320.0,,1.0,4320.0,,matched,complete
HAN,2026-02-25,AK513,KUL,AirAsia,9M-AHZ,2026-02-25 14:50,2026-02-25 20:06,316.0,240.0,0.0,4320.0,,1.0,4320.0,,matched,complete
HAN,2026-02-25,HX529,HKG,Hong Kong Airlines,B-LPL,2026-02-25 19:50,2026-02-25 22:50,180.0,180.0,10.0,4320.0,,1.0,4320.0,,matched,complete
HAN,2026-02-26,JQ64,SGN,Vietravel Airlines,VH-VKJ,2026-02-25 22:40,2026-02-26 02:49,249.0,240.0,0.0,4320.0,,1.0,4320.0,,dep_without_arrival,unmatched_departure
HAN,2026-02-26,KJ934,CAN,Air Zeta,HL7420,2026-02-26 05:32,2026-02-26 05:32,0.0,0.0,0.0,4320.0,,1.0,4320.0,,matched,complete
HAN,2026-02-26,3U3906,TFU,Sichuan Airlines,B-1821,2026-02-26 09:00,2026-02-26 09:15,15.0,15.0,0.0,4320.0,,1.0,4320.0,,matched,complete
HAN,2026-02-26,OK8903,SGN,Air Prague,8903,2026-02-26 12:33,2026-02-26 12:33,0.0,0.0,0.0,4320.0,,1.0,4320.0,,matched,complete
HAN,2026-02-26,SQ191,SIN,Singapore Airlines,9V-SHI,2026-02-26 12:45,2026-02-26 13:01,16.0,16.0,0.0,4320.0,,1.0,4320.0,,matched,complete
HAN,2026-02-26,MF870,XMN,Xiamen Air,B-1371,2026-02-26 15:40,2026-02-26 15:58,18.0,18.0,0.0,4320.0,,1.0,4320.0,,matched,complete
HAN,2026-02-26,MU9606,KMG,China Eastern Airlines,B-5683,2026-02-26 15:45,2026-02-26 16:12,27.0,27.0,0.0,4320.0,,1.0,4320.0,,matched,complete
HAN,2026-02-26,ZH104,SZX,Shenzhen Airlines,B-6853,2026-02-26 14:55,2026-02-26 16:59,124.0,124.0,0.0,4320.0,,1.0,4320.0,,matched,complete
HAN,2026-02-26,QR977,DOH,Qatar Airways,A7-AOG,2026-02-26 19:10,2026-02-26 19:41,31.0,31.0,0.0,4320.0,,1.0,4320.0,,matched,complete
HAN,2026-02-26,EY431,AUH,Etihad Airways,A6-BNB,2026-02-26 20:00,2026-02-26 20:28,28.0,28.0,0.0,4320.0,,1.0,4320.0,,matched,complete
HAN,2026-02-26,HX529,HKG,Hong Kong Airlines,B-LPV,2026-02-26 19:50,2026-02-26 22:23,153.0,153.0,-20.0,4320.0,,1.0,4320.0,,matched,complete
HAN,2026-02-27,NX981,MFM,Air Macau,B-MCI,2026-02-26 23:00,2026-02-27 00:09,69.0,69.0,14.0,4320.0,,1.0,4320.0,,matched,complete
HAN,2026-02-27,QR985,DOH,Qatar Airways,A7-BCB,2026-02-27 01:45,2026-02-27 01:47,2.0,2.0,0.0,4320.0,,1.0,4320.0,,matched,complete
HAN,2026-02-27,CI792,TPE,China Airlines,B-18307,2026-02-27 11:20,2026-02-27 12:08,48.0,48.0,0.0,4320.0,,1.0,4320.0,,matched,complete
HAN,2026-02-27,KE442,ICN,Korean Air,HL8535,2026-02-27 02:49,2026-02-27 12:32,583.0,240.0,0.0,4320.0,,1.0,4320.0,,matched,complete
HAN,2026-02-27,SQ191,SIN,Singapore Airlines,9V-SHP,2026-02-27 12:45,2026-02-27 12:55,10.0,10.0,0.0,4320.0,,1.0,4320.0,,matched,complete
HAN,2026-02-27,CZ8470,SZX,China Southern Airlines,B-6625,2026-02-27 16:10,2026-02-27 16:32,22.0,22.0,0.0,4320.0,,1.0,4320.0,,matched,complete
HAN,2026-02-27,FD871,CNX,AirAsia,HS-ABU,2026-02-27 15:20,2026-02-27 16:37,77.0,77.0,-10.0,4320.0,,1.0,4320.0,,matched,complete
HAN,2026-02-27,HX529,HKG,Hong Kong Airlines,B-LPT,2026-02-27 19:50,2026-02-27 20:12,22.0,22.0,5.0,4320.0,,1.0,4320.0,,matched,complete
HAN,2026-02-27,ZH106,SZX,Shenzhen Airlines,B-1518,2026-02-27 19:40,2026-02-27 20:15,35.0,35.0,0.0,4320.0,,1.0,4320.0,,matched,complete
HAN,2026-02-27,CZ8178,CAN,China Southern Airlines,B-303Y,2026-02-27 19:45,2026-02-27 20:29,44.0,44.0,0.0,4320.0,,1.0,4320.0,,matched,complete
HAN,2026-02-27,MU868,XIY,China Eastern Airlines,B-32AD,2026-02-27 20:40,2026-02-27 21:25,45.0,45.0,0.0,4320.0,,1.0,4320.0,,matched,complete
HAN,2026-02-27,KE448,ICN,Korean Air,HL8085,2026-02-27 23:05,2026-02-27 23:25,20.0,20.0,0.0,4320.0,,1.0,4320.0,,matched,complete
HAN,2026-02-28,NX981,MFM,Air Macau,B-MBB,2026-02-27 23:00,2026-02-28 00:00,60.0,60.0,0.0,4320.0,,1.0,4320.0,,matched,complete
HAN,2026-02-28,OZ734,ICN,Asiana Airlines,HL8079,2026-02-27 23:50,2026-02-28 00:08,18.0,18.0,0.0,4320.0,,1.0,4320.0,,matched,complete
HAN,2026-02-28,JL752,NRT,Japan Airlines,JA606J,2026-02-27 23:55,2026-02-28 00:19,24.0,24.0,0.0,4320.0,,1.0,4320.0,,matched,complete
HAN,2026-02-28,TW62,ICN,T'way Air,HL8327,2026-02-28 00:15,2026-02-28 00:34,19.0,19.0,0.0,4320.0,,1.0,4320.0,,matched,complete
HAN,2026-02-28,TW64,TAE,T'way Air,HL8738,2026-02-28 00:45,2026-02-28 01:11,26.0,26.0,0.0,4320.0,,1.0,4320.0,,matched,complete
HAN,2026-02-28,NX987,MFM,Air Macau,B-MBM,2026-02-28 01:10,2026-02-28 01:37,27.0,27.0,5.0,4320.0,,1.0,4320.0,,matched,complete
HAN,2026-02-28,7C2202,ICN,Jeju Air,HL8592,2026-02-28 01:40,2026-02-28 01:42,2.0,2.0,0.0,4320.0,,1.0,4320.0,,matched,complete
HAN,2026-02-28,SC8072,TNA,Shandong Airlines,B-1743,2026-02-28 02:20,2026-02-28 02:27,7.0,7.0,0.0,4320.0,,1.0,4320.0,,matched,complete
HAN,2026-02-28,EY433,AUH,Etihad Airways,A6-BLO,2026-02-28 07:40,2026-02-28 07:45,5.0,5.0,0.0,4320.0,,1.0,4320.0,,matched,complete
HAN,2026-02-28,QR983,DOH,Qatar Airways,A7-BHM,2026-02-28 08:55,2026-02-28 09:03,8.0,8.0,0.0,4320.0,,1.0,4320.0,,matched,complete
HAN,2026-02-28,TK253,IST,Turkish Airlines,TC-LLA,2026-02-28 08:50,2026-02-28 09:06,16.0,16.0,0.0,4320.0,,1.0,4320.0,,matched,complete
HAN,2026-02-28,AK517,KUL,AirAsia,9M-AQN,2026-02-28 09:00,2026-02-28 09:16,16.0,16.0,0.0,4320.0,,1.0,4320.0,,matched,complete
HAN,2026-02-28,TR301,SIN,Scoot,9V-OJD,2026-02-28 09:40,2026-02-28 09:54,14.0,14.0,0.0,4320.0,,1.0,4320.0,,matched,complete
HAN,2026-02-28,CX740,HKG,Cathay Pacific,B-HNM,2026-02-28 11:05,2026-02-28 11:54,49.0,49.0,0.0,4320.0,,1.0,4320.0,,matched,complete
HAN,2026-02-28,CZ3050,CAN,China Southern Airlines,B-306G,2026-02-28 11:45,2026-02-28 11:58,13.0,13.0,0.0,4320.0,,1.0,4320.0,,matched,complete
HAN,2026-02-28,FD641,DMK,AirAsia,HS-CBM,2026-02-28 12:20,2026-02-28 12:30,10.0,10.0,0.0,4320.0,,1.0,4320.0,,matched,complete
HAN,2026-02-28,KE442,ICN,Korean Air,HL8515,2026-02-28 12:20,2026-02-28 12:39,19.0,19.0,0.0,4320.0,,1.0,4320.0,,matched,complete
HAN,2026-02-28,BR398,TPE,EVA Air,B-16718,2026-02-28 12:35,2026-02-28 12:49,14.0,14.0,0.0,4320.0,,1.0,4320.0,,matched,complete
HAN,2026-02-28,SQ191,SIN,Singapore Airlines,9V-SHM,2026-02-28 12:45,2026-02-28 13:03,18.0,18.0,0.0,4320.0,,1.0,4320.0,,matched,complete
HAN,2026-02-28,ZH122,CAN,Shenzhen Airlines,B-1935,2026-02-28 13:45,2026-02-28 14:11,26.0,26.0,0.0,4320.0,,1.0,4320.0,,matched,complete
HAN,2026-02-28,6E1632,CCU,IndiGo,VT-IPH,2026-02-28 14:05,2026-02-28 14:29,24.0,24.0,0.0,4320.0,,1.0,4320.0,,matched,complete
HAN,2026-02-28,MU6012,PVG,China Eastern Airlines,B-1640,2026-02-28 15:10,2026-02-28 15:06,-4.0,0.0,0.0,4320.0,,1.0,4320.0,,matched,complete
HAN,2026-02-28,PR594,MNL,Philippine Airlines,RP-C9914,2026-02-28 13:55,2026-02-28 15:54,119.0,119.0,0.0,4320.0,,1.0,4320.0,,matched,complete
HAN,2026-02-28,MU9606,KMG,China Eastern Airlines,B-6146,2026-02-28 15:45,2026-02-28 16:08,23.0,23.0,0.0,4320.0,,1.0,4320.0,,matched,complete
HAN,2026-02-28,JX718,TPE,Starlux,B-58208,2026-02-28 18:25,2026-02-28 18:32,7.0,7.0,0.0,4320.0,,1.0,4320.0,,matched,complete
HAN,2026-02-28,BR386,TPE,EVA Air,B-16223,2026-02-28 18:20,2026-02-28 18:49,29.0,29.0,-6.0,4320.0,,1.0,4320.0,,matched,complete
HAN,2026-02-28,K6851,KTI,Air Cambodia,XU-353,2026-02-28 19:15,2026-02-28 19:48,33.0,33.0,0.0,4320.0,,1.0,4320.0,,matched,complete
HAN,2026-02-28,ZH106,SZX,Shenzhen Airlines,B-5775,2026-02-28 19:40,2026-02-28 20:01,21.0,21.0,0.0,4320.0,,1.0,4320.0,,matched,complete
HAN,2026-02-28,CX742,HKG,Cathay Pacific,B-HNO,2026-02-28 19:30,2026-02-28 20:11,41.0,41.0,0.0,4320.0,,1.0,4320.0,,matched,complete
HAN,2026-02-28,TG565,BKK,Thai Airways,HS-TXT,2026-02-28 20:25,2026-02-28 21:08,43.0,43.0,0.0,4320.0,,1.0,4320.0,,matched,complete
HAN,2026-02-28,TK165,IST,Turkish Airlines,TC-LGE,2026-02-28 22:55,2026-02-28 23:09,14.0,14.0,0.0,4320.0,,1.0,4320.0,,matched,complete
HAN,2026-02-28,KE448,ICN,Korean Air,HL7207,2026-02-28 23:05,2026-02-28 23:23,18.0,18.0,0.0,4320.0,,1.0,4320.0,,matched,complete
HAN,2026-03-01,JL752,NRT,Japan Airlines,JA607J,2026-02-28 23:55,2026-03-01 00:07,12.0,12.0,0.0,4320.0,,1.0,4320.0,,matched,complete
HAN,2026-03-01,OZ734,ICN,Asiana Airlines,HL7771,2026-02-28 23:50,2026-03-01 00:13,23.0,23.0,0.0,4320.0,,1.0,4320.0,,matched,complete
HAN,2026-03-01,NX983,MFM,Air Macau,B-MBP,2026-02-28 23:50,2026-03-01 00:25,35.0,35.0,0.0,4320.0,,1.0,4320.0,,matched,complete
HAN,2026-03-01,NH898,NRT,All Nippon Airways,JA878A,2026-03-01 00:25,2026-03-01 00:35,10.0,10.0,0.0,4320.0,,1.0,4320.0,,matched,complete
HAN,2026-03-01,TW62,ICN,T'way Air,HL8327,2026-03-01 00:15,2026-03-01 00:38,23.0,23.0,0.0,4320.0,,1.0,4320.0,,matched,complete
HAN,2026-03-01,BX7305,PUS,Air Busan,HL8395,2026-03-01 00:40,2026-03-01 00:56,16.0,16.0,0.0,4320.0,,1.0,4320.0,,matched,complete
HAN,2026-03-01,7C2202,ICN,Jeju Air,HL8524,2026-03-01 01:40,2026-03-01 02:10,30.0,30.0,-20.0,4320.0,,1.0,4320.0,,matched,complete
HAN,2026-03-01,MU2574,WUH,China Eastern Airlines,B-205W,2026-03-01 02:35,2026-03-01 02:37,2.0,2.0,0.0,4320.0,,1.0,4320.0,,matched,complete
HAN,2026-03-01,VN1201,VCA,Vietnam Airlines,VN-A623,2026-03-01 06:45,2026-03-01 06:58,13.0,13.0,0.0,4320.0,,1.0,4320.0,,matched,complete
HAN,2026-03-01,VJ905,KUL,VietJet Air,VN-A677,2026-03-01 07:10,2026-03-01 07:19,9.0,9.0,20.0,4320.0,,1.0,4320.0,,matched,complete
HAN,2026-03-01,VN1603,BMV,Vietnam Airlines,VN-A620,2026-03-01 07:15,2026-03-01 07:24,9.0,9.0,0.0,4320.0,,1.0,4320.0,,matched,complete
HAN,2026-03-01,JX716,TPE,Starlux,B-58204,2026-03-01 11:30,2026-03-01 11:53,23.0,23.0,15.0,4320.0,,1.0,4320.0,,matched,complete
HAN,2026-03-01,CI792,TPE,China Airlines,B-18315,2026-03-01 11:20,2026-03-01 12:01,41.0,41.0,0.0,4320.0,,1.0,4320.0,,matched,complete
HAN,2026-03-01,KE442,ICN,Korean Air,HL8732,2026-03-01 12:20,2026-03-01 12:33,13.0,13.0,0.0,4320.0,,1.0,4320.0,,matched,complete
HAN,2026-03-01,VN506,CAN,Vietnam Airlines,VN-A623,2026-03-01 12:45,2026-03-01 13:02,17.0,17.0,0.0,4320.0,,1.0,4320.0,,matched,complete
HAN,2026-03-01,SQ191,SIN,Singapore Airlines,9V-SHP,2026-03-01 12:45,2026-03-01 13:05,20.0,20.0,0.0,4320.0,,1.0,4320.0,,matched,complete
HAN,2026-03-01,OD572,KUL,Batik Air,9M-LRT,2026-03-01 13:30,2026-03-01 13:45,15.0,15.0,0.0,4320.0,,1.0,4320.0,,matched,complete
HAN,2026-03-01,ZH122,CAN,Shenzhen Airlines,B-1941,2026-03-01 13:45,2026-03-01 13:50,5.0,5.0,0.0,4320.0,,1.0,4320.0,,matched,complete
HAN,2026-03-01,ET679,DAC,Ethiopian Airlines,ET-AXL,2026-03-01 14:10,2026-03-01 14:14,4.0,4.0,0.0,4320.0,,1.0,4320.0,,matched,complete
HAN,2026-03-01,AK513,KUL,AirAsia,9M-RAB,2026-03-01 14:50,2026-03-01 15:58,68.0,68.0,0.0,4320.0,,1.0,4320.0,,matched,complete
HAN,2026-03-01,VJ913,SAI,VietJet Air,VN-A677,2026-03-01 16:20,2026-03-01 16:43,23.0,23.0,20.0,4320.0,,1.0,4320.0,,matched,complete
HAN,2026-03-01,QV312,VTE,Lao Airlines,RDPL-34199,2026-03-01 16:40,2026-03-01 17:30,50.0,50.0,0.0,4320.0,,1.0,4320.0,,matched,complete
HAN,2026-03-01,FD1039,LPQ,AirAsia,HS-CBA,2026-03-01 17:45,2026-03-01 17:56,11.0,11.0,0.0,4320.0,,1.0,4320.0,,matched,complete
HAN,2026-03-01,6E1634,DEL,IndiGo,VT-IVX,2026-03-01 17:55,2026-03-01 18:18,23.0,23.0,0.0,4320.0,,1.0,4320.0,,matched,complete
HAN,2026-03-01,CA756,PVG,Air China,B-6825,2026-03-01 18:15,2026-03-01 18:24,9.0,9.0,0.0,4320.0,,1.0,4320.0,,matched,complete
HAN,2026-03-01,VN231,SGN,Vietnam Airlines,VN-A623,2026-03-01 18:30,2026-03-01 18:45,15.0,15.0,0.0,4320.0,,1.0,4320.0,,matched,complete
HAN,2026-03-01,ZH106,SZX,Shenzhen Airlines,B-1938,2026-03-01 19:40,2026-03-01 19:54,14.0,14.0,0.0,4320.0,,1.0,4320.0,,matched,complete
HAN,2026-03-01,CZ8178,CAN,China Southern Airlines,B-1803,2026-03-01 19:45,2026-03-01 19:57,12.0,12.0,0.0,4320.0,,1.0,4320.0,,matched,complete
HAN,2026-03-01,TG565,BKK,Thai Airways,HS-TXC,2026-03-01 20:25,2026-03-01 21:08,43.0,43.0,0.0,4320.0,,1.0,4320.0,,matched,complete
HAN,2026-03-01,FD645,DMK,AirAsia,HS-EAE,2026-03-01 20:50,2026-03-01 21:29,39.0,39.0,0.0,4320.0,,1.0,4320.0,,matched,complete
HAN,2026-03-01,CX742,HKG,Cathay Pacific,B-HNF,2026-03-01 19:30,2026-03-01 21:47,137.0,137.0,0.0,4320.0,,1.0,4320.0,,matched,complete
HAN,2026-03-01,TK165,IST,Turkish Airlines,TC-LGI,2026-03-01 22:55,2026-03-01 23:16,21.0,21.0,0.0,4320.0,,1.0,4320.0,,matched,complete
HAN,2026-03-01,NX9983,MFM,Air Macau,B-MCI,2026-03-01 23:00,2026-03-01 23:37,37.0,37.0,14.0,4320.0,,1.0,4320.0,,matched,complete
HAN,2026-03-02,OZ734,ICN,Asiana Airlines,HL8521,2026-03-01 23:50,2026-03-02 00:10,20.0,20.0,0.0,4320.0,,1.0,4320.0,,matched,complete
HAN,2026-03-02,JL752,NRT,Japan Airlines,JA619J,2026-03-01 23:55,2026-03-02 00:18,23.0,23.0,0.0,4320.0,,1.0,4320.0,,matched,complete
HAN,2026-03-02,KE448,ICN,Korean Air,HL8570,2026-03-01 23:05,2026-03-02 00:24,79.0,79.0,0.0,4320.0,,1.0,4320.0,,matched,complete
HAN,2026-03-02,NH898,NRT,All Nippon Airways,JA928A,2026-03-02 00:25,2026-03-02 00:34,9.0,9.0,0.0,4320.0,,1.0,4320.0,,matched,complete
HAN,2026-03-02,7C2202,ICN,Jeju Air,HL8524,2026-03-02 01:40,2026-03-02 01:43,3.0,3.0,-20.0,4320.0,,1.0,4320.0,,matched,complete
HAN,2026-03-02,HO1330,PVG,Juneyao Air,B-324D,2026-03-02 02:00,2026-03-02 02:11,11.0,11.0,0.0,4320.0,,1.0,4320.0,,matched,complete
HAN,2026-03-02,IO894,IKT,IrAero,RA-89078,2026-03-02 01:30,2026-03-02 02:19,49.0,49.0,0.0,4320.0,,1.0,4320.0,,matched,complete
HAN,2026-03-02,SC8072,TNA,Shandong Airlines,B-5513,2026-03-02 02:20,2026-03-02 02:30,10.0,10.0,0.0,4320.0,,1.0,4320.0,,matched,complete
HAN,2026-03-02,SC4650,TAO,Shandong Airlines,B-7978,2026-03-02 02:50,2026-03-02 02:57,7.0,7.0,0.0,4320.0,,1.0,4320.0,,matched,complete
HAN,2026-03-02,MU5076,PVG,China Eastern Airlines,B-1772,2026-03-02 02:45,2026-03-02 03:00,15.0,15.0,0.0,4320.0,,1.0,4320.0,,matched,complete
HAN,2026-03-02,VJ771,CXR,VietJet Air,VN-A677,2026-03-02 07:35,2026-03-02 07:48,13.0,13.0,20.0,4320.0,,1.0,4320.0,,matched,complete
HAN,2026-03-02,CZ372,CAN,China Southern Airlines,B-1207,2026-03-02 08:15,2026-03-02 08:15,0.0,0.0,0.0,4320.0,,1.0,4320.0,,matched,complete
HAN,2026-03-02,5J745,MNL,Cebu Pacific,RP-C4143,2026-03-02 08:25,2026-03-02 08:43,18.0,18.0,0.0,4320.0,,1.0,4320.0,,matched,complete
HAN,2026-03-02,3U3906,TFU,Sichuan Airlines,B-6697,2026-03-02 09:00,2026-03-02 09:25,25.0,25.0,0.0,4320.0,,1.0,4320.0,,matched,complete
HAN,2026-03-02,CI792,TPE,China Airlines,B-18305,2026-03-02 11:20,2026-03-02 11:41,21.0,21.0,0.0,4320.0,,1.0,4320.0,,matched,complete
HAN,2026-03-02,JX716,TPE,Starlux,B-58211,2026-03-02 11:30,2026-03-02 11:50,20.0,20.0,-20.0,4320.0,,1.0,4320.0,,matched,complete
HAN,2026-03-02,CA704,PVG,Air China,B-6825,2026-03-02 12:25,2026-03-02 12:46,21.0,21.0,0.0,4320.0,,1.0,4320.0,,matched,complete
HAN,2026-03-02,SQ191,SIN,Singapore Airlines,9V-SHN,2026-03-02 12:45,2026-03-02 12:52,7.0,7.0,0.0,4320.0,,1.0,4320.0,,matched,complete
HAN,2026-03-02,FD641,DMK,AirAsia,HS-BBD,2026-03-02 12:20,2026-03-02 13:19,59.0,59.0,0.0,4320.0,,1.0,4320.0,,matched,complete
HAN,2026-03-02,MH753,KUL,Malaysia Airlines,9M-MXO,2026-03-02 13:00,2026-03-02 13:26,26.0,26.0,-5.0,4320.0,,1.0,4320.0,,matched,complete
HAN,2026-03-02,OZ730,ICN,Asiana Airlines,HL7791,2026-03-02 13:30,2026-03-02 13:41,11.0,11.0,0.0,4320.0,,1.0,4320.0,,matched,complete
HAN,2026-03-02,OD572,KUL,Batik Air,9M-LRQ,2026-03-02 13:30,2026-03-02 13:44,14.0,14.0,0.0,4320.0,,1.0,4320.0,,matched,complete
HAN,2026-03-02,6E1632,CCU,IndiGo,VT-IQJ,2026-03-02 14:05,2026-03-02 14:06,1.0,1.0,0.0,4320.0,,1.0,4320.0,,matched,complete
HAN,2026-03-02,VJ511,DAD,VietJet Air,VN-A677,2026-03-02 14:20,2026-03-02 15:22,62.0,62.0,20.0,4320.0,,1.0,4320.0,,matched,complete
HAN,2026-03-02,FD871,CNX,AirAsia,HS-CBM,2026-03-02 15:20,2026-03-02 15:52,32.0,32.0,0.0,4320.0,,1.0,4320.0,,matched,complete
HAN,2026-03-02,MF870,XMN,Xiamen Air,B-1911,2026-03-02 15:40,2026-03-02 16:10,30.0,30.0,0.0,4320.0,,1.0,4320.0,,matched,complete
HAN,2026-03-02,CZ8470,SZX,China Southern Airlines,B-6912,2026-03-02 16:10,2026-03-02 16:22,12.0,12.0,0.0,4320.0,,1.0,4320.0,,matched,complete
HAN,2026-03-02,MU9606,KMG,China Eastern Airlines,B-1306,2026-03-02 16:15,2026-03-02 16:25,10.0,10.0,0.0,4320.0,,1.0,4320.0,,matched,complete
HAN,2026-03-02,QV312,VTE,Lao Airlines,RDPL-34199,2026-03-02 16:40,2026-03-02 17:05,25.0,25.0,0.0,4320.0,,1.0,4320.0,,matched,complete
HAN,2026-03-02,CI794,TPE,China Airlines,B-18115,2026-03-02 17:30,2026-03-02 17:56,26.0,26.0,0.0,4320.0,,1.0,4320.0,,matched,complete
HAN,2026-03-02,FD1039,LPQ,AirAsia,HS-ABN,2026-03-02 17:45,2026-03-02 18:13,28.0,28.0,0.0,4320.0,,1.0,4320.0,,matched,complete
HAN,2026-03-02,CA756,PVG,Air China,B-8595,2026-03-02 18:15,2026-03-02 18:39,24.0,24.0,0.0,4320.0,,1.0,4320.0,,matched,complete
HAN,2026-03-02,SQ193,SIN,Singapore Airlines,9V-SHT,2026-03-02 18:30,2026-03-02 18:51,21.0,21.0,0.0,4320.0,,1.0,4320.0,,matched,complete
HAN,2026-03-02,TK6233,IST,Turkish Airlines,TC-LJP,2026-03-02 17:45,2026-03-02 19:02,77.0,77.0,0.0,4320.0,,1.0,4320.0,,matched,complete
HAN,2026-03-02,QV314,LPQ,Lao Airlines,RDPL-34225,2026-03-02 19:15,2026-03-02 19:20,5.0,5.0,0.0,4320.0,,1.0,4320.0,,matched,complete
HAN,2026-03-02,PN6424,CKG,West Air,B-9981,2026-03-02 20:40,2026-03-02 20:55,15.0,15.0,0.0,4320.0,,1.0,4320.0,,matched,complete
HAN,2026-03-02,8M451,RGN,Myanmar Airways International,XY-AGV,2026-03-02 21:20,2026-03-02 21:25,5.0,5.0,3.0,4320.0,,1.0,4320.0,,matched,complete
HAN,2026-03-02,TK165,IST,Turkish Airlines,TC-LGK,2026-03-02 22:55,2026-03-02 23:07,12.0,12.0,0.0,4320.0,,1.0,4320.0,,matched,complete
HAN,2026-03-02,KE448,ICN,Korean Air,HL8085,2026-03-02 23:05,2026-03-02 23:24,19.0,19.0,0.0,4320.0,,1.0,4320.0,,matched,complete
HAN,2026-03-03,JL752,NRT,Japan Airlines,JA606J,2026-03-02 23:55,2026-03-03 00:07,12.0,12.0,0.0,4320.0,,1.0,4320.0,,matched,complete
HAN,2026-03-03,TW62,ICN,T'way Air,HL8354,2026-03-03 00:15,2026-03-03 00:55,40.0,40.0,0.0,4320.0,,1.0,4320.0,,matched,complete
HAN,2026-03-03,NX987,MFM,Air Macau,B-MCG,2026-03-03 01:10,2026-03-03 01:36,26.0,26.0,0.0,4320.0,,1.0,4320.0,,matched,complete
HAN,2026-03-03,5J747,MNL,Cebu Pacific,RP-C4143,2026-03-03 02:25,2026-03-03 02:39,14.0,14.0,0.0,4320.0,,1.0,4320.0,,matched,complete
HAN,2026-03-03,SC4650,TAO,Shandong Airlines,B-1442,2026-03-03 02:50,2026-03-03 02:55,5.0,5.0,0.0,4320.0,,1.0,4320.0,,matched,complete
HAN,2026-03-03,MU5076,PVG,China Eastern Airlines,B-5858,2026-03-03 02:45,2026-03-03 03:05,20.0,20.0,0.0,4320.0,,1.0,4320.0,,matched,complete
HAN,2026-03-03,PR596,MNL,Philippine Airlines,RP-C9914,2026-03-03 02:50,2026-03-03 03:10,20.0,20.0,0.0,4320.0,,1.0,4320.0,,matched,complete
HAN,2026-03-03,ZH108,SZX,Shenzhen Airlines,B-6359,2026-03-03 02:10,2026-03-03 04:00,110.0,110.0,0.0,4320.0,,1.0,4320.0,,matched,complete
HAN,2026-03-03,VN243,SGN,Vietnam Airlines,VN-A868,2026-03-03 06:00,2026-03-03 06:09,9.0,9.0,0.0,4320.0,,1.0,4320.0,,matched,complete
HAN,2026-03-03,VN661,SIN,Vietnam Airlines,VN-A620,2026-03-03 08:05,2026-03-03 08:10,5.0,5.0,0.0,4320.0,,1.0,4320.0,,matched,complete
HAN,2026-03-03,CZ372,CAN,China Southern Airlines,B-205L,2026-03-03 08:15,2026-03-03 08:25,10.0,10.0,0.0,4320.0,,1.0,4320.0,,matched,complete
HAN,2026-03-03,3U3906,TFU,Sichuan Airlines,B-6322,2026-03-03 09:00,2026-03-03 09:20,20.0,20.0,0.0,4320.0,,1.0,4320.0,,matched,complete
HAN,2026-03-03,TK253,IST,Turkish Airlines,TC-LLO,2026-03-03 08:50,2026-03-03 09:33,43.0,43.0,0.0,4320.0,,1.0,4320.0,,matched,complete
HAN,2026-03-03,FD643,DMK,AirAsia,HS-EAF,2026-03-03 09:15,2026-03-03 09:46,31.0,31.0,0.0,4320.0,,1.0,4320.0,,matched,complete
HAN,2026-03-03,JX716,TPE,Starlux,B-58207,2026-03-03 11:30,2026-03-03 11:51,21.0,21.0,-5.0,4320.0,,1.0,4320.0,,matched,complete
HAN,2026-03-03,CX740,HKG,Cathay Pacific,B-HNQ,2026-03-03 11:05,2026-03-03 11:59,54.0,54.0,0.0,4320.0,,1.0,4320.0,,matched,complete
HAN,2026-03-03,CZ3050,CAN,China Southern Airlines,B-303W,2026-03-03 11:45,2026-03-03 12:40,55.0,55.0,0.0,4320.0,,1.0,4320.0,,matched,complete
HAN,2026-03-03,FD641,DMK,AirAsia,HS-ABO,2026-03-03 12:20,2026-03-03 12:53,33.0,33.0,25.0,4320.0,,1.0,4320.0,,matched,complete
HAN,2026-03-03,BR398,TPE,EVA Air,B-16728,2026-03-03 12:35,2026-03-03 13:03,28.0,28.0,0.0,4320.0,,1.0,4320.0,,matched,complete
HAN,2026-03-03,SQ191,SIN,Singapore Airlines,9V-SHU,2026-03-03 12:45,2026-03-03 13:12,27.0,27.0,0.0,4320.0,,1.0,4320.0,,matched,complete
HAN,2026-03-03,OD572,KUL,Batik Air,9M-LRR,2026-03-03 13:30,2026-03-03 13:40,10.0,10.0,34.0,4320.0,,1.0,4320.0,,matched,complete
HAN,2026-03-03,OZ730,ICN,Asiana Airlines,HL7755,2026-03-03 13:30,2026-03-03 13:46,16.0,16.0,0.0,4320.0,,1.0,4320.0,,matched,complete
HAN,2026-03-03,ZH122,CAN,Shenzhen Airlines,B-1935,2026-03-03 13:45,2026-03-03 13:57,12.0,12.0,0.0,4320.0,,1.0,4320.0,,matched,complete
HAN,2026-03-03,ET679,DAC,Ethiopian Airlines,ET-ATH,2026-03-03 14:10,2026-03-03 14:21,11.0,11.0,0.0,4320.0,,1.0,4320.0,,matched,complete
HAN,2026-03-03,PR594,MNL,Philippine Airlines,RP-C8771,2026-03-03 13:55,2026-03-03 15:35,100.0,100.0,-10.0,4320.0,,1.0,4320.0,,matched,complete
HAN,2026-03-03,MU9606,KMG,China Eastern Airlines,B-1788,2026-03-03 15:45,2026-03-03 16:01,16.0,16.0,0.0,4320.0,,1.0,4320.0,,matched,complete
HAN,2026-03-03,CZ8470,SZX,China Southern Airlines,B-6552,2026-03-03 16:10,2026-03-03 16:17,7.0,7.0,0.0,4320.0,,1.0,4320.0,,matched,complete
HAN,2026-03-03,ZH104,SZX,Shenzhen Airlines,B-6691,2026-03-03 14:55,2026-03-03 16:26,91.0,91.0,0.0,4320.0,,1.0,4320.0,,matched,complete
HAN,2026-03-03,QV312,VTE,Lao Airlines,RDPL-34199,2026-03-03 16:40,2026-03-03 16:54,14.0,14.0,0.0,4320.0,,1.0,4320.0,,matched,complete
HAN,2026-03-03,CI794,TPE,China Airlines,B-18115,2026-03-03 17:30,2026-03-03 17:45,15.0,15.0,0.0,4320.0,,1.0,4320.0,,matched,complete
HAN,2026-03-03,FD1039,LPQ,AirAsia,HS-ABT,2026-03-03 17:45,2026-03-03 17:52,7.0,7.0,10.0,4320.0,,1.0,4320.0,,matched,complete
HAN,2026-03-03,6E1634,DEL,IndiGo,VT-IPH,2026-03-03 17:55,2026-03-03 18:01,6.0,6.0,0.0,4320.0,,1.0,4320.0,,matched,complete
HAN,2026-03-03,CA756,PVG,Air China,B-6942,2026-03-03 18:15,2026-03-03 18:27,12.0,12.0,0.0,4320.0,,1.0,4320.0,,matched,complete
HAN,2026-03-03,BR386,TPE,EVA Air,B-16220,2026-03-03 18:20,2026-03-03 18:31,11.0,11.0,0.0,4320.0,,1.0,4320.0,,matched,complete
HAN,2026-03-03,QV314,LPQ,Lao Airlines,RDPL-34225,2026-03-03 19:15,2026-03-03 19:27,12.0,12.0,0.0,4320.0,,1.0,4320.0,,matched,complete
HAN,2026-03-03,ZH106,SZX,Shenzhen Airlines,B-1376,2026-03-03 19:40,2026-03-03 19:56,16.0,16.0,0.0,4320.0,,1.0,4320.0,,matched,complete
HAN,2026-03-03,CX742,HKG,Cathay Pacific,B-HNQ,2026-03-03 19:30,2026-03-03 20:06,36.0,36.0,0.0,4320.0,,1.0,4320.0,,matched,complete
HAN,2026-03-03,TG565,BKK,Thai Airways,HS-TXT,2026-03-03 20:25,2026-03-03 20:29,4.0,4.0,0.0,4320.0,,1.0,4320.0,,matched,complete
HAN,2026-03-03,FD645,DMK,AirAsia,HS-EAG,2026-03-03 20:50,2026-03-03 21:09,19.0,19.0,0.0,4320.0,,1.0,4320.0,,matched,complete
HAN,2026-03-03,TK165,IST,Turkish Airlines,TC-LGR,2026-03-03 22:55,2026-03-03 23:13,18.0,18.0,0.0,4320.0,,1.0,4320.0,,matched,complete
HAN,2026-03-03,VN37,FRA,Vietnam Airlines,VN-A864,2026-03-03 23:25,2026-03-03 23:41,16.0,16.0,0.0,4320.0,,1.0,4320.0,,matched,complete
HAN,2026-03-04,OZ734,ICN,Asiana Airlines,HL8308,2026-03-03 23:50,2026-03-04 00:08,18.0,18.0,0.0,4320.0,,1.0,4320.0,,matched,complete
HAN,2026-03-04,JL752,NRT,Japan Airlines,JA618J,2026-03-03 23:55,2026-03-04 00:24,29.0,29.0,0.0,4320.0,,1.0,4320.0,,matched,complete
HAN,2026-03-04,NX981,MFM,Air Macau,B-MCD,2026-03-04 02:31,2026-03-04 02:31,0.0,0.0,-25.0,4320.0,,1.0,4320.0,,matched,complete
HAN,2026-03-04,MU2574,WUH,China Eastern Airlines,B-1965,2026-03-04 02:35,2026-03-04 02:36,1.0,1.0,0.0,4320.0,,1.0,4320.0,,matched,complete
HAN,2026-03-04,SC4650,TAO,Shandong Airlines,B-7086,2026-03-04 02:50,2026-03-04 04:33,103.0,103.0,0.0,4320.0,,1.0,4320.0,,matched,complete
HAN,2026-03-04,KE448,ICN,Korean Air,HL7209,2026-03-03 23:05,2026-03-04 04:45,340.0,240.0,0.0,4320.0,,1.0,4320.0,,matched,complete
HAN,2026-03-04,UO541,HKG,HK express,B-KKL,2026-03-04 09:35,2026-03-04 10:05,30.0,30.0,0.0,4320.0,,1.0,4320.0,,matched,complete
HAN,2026-03-04,TG561,BKK,Thai Airways,HS-TXE,2026-03-04 10:35,2026-03-04 10:41,6.0,6.0,0.0,4320.0,,1.0,4320.0,,matched,complete
HAN,2026-03-04,ZH122,CAN,Shenzhen Airlines,B-1711,2026-03-04 13:45,2026-03-04 13:49,4.0,4.0,0.0,4320.0,,1.0,4320.0,,matched,complete
HAN,2026-03-04,ZH104,SZX,Shenzhen Airlines,B-6691,2026-03-04 14:55,2026-03-04 15:01,6.0,6.0,0.0,4320.0,,1.0,4320.0,,matched,complete
HAN,2026-03-04,MF870,XMN,Xiamen Air,B-6487,2026-03-04 15:40,2026-03-04 15:54,14.0,14.0,0.0,4320.0,,1.0,4320.0,,matched,complete
HAN,2026-03-04,MU9606,KMG,China Eastern Airlines,B-207L,2026-03-04 16:15,2026-03-04 16:43,28.0,28.0,0.0,4320.0,,1.0,4320.0,,matched,complete
HAN,2026-03-04,QV312,VTE,Lao Airlines,RDPL-34199,2026-03-04 16:40,2026-03-04 17:10,30.0,30.0,0.0,4320.0,,1.0,4320.0,,matched,complete
HAN,2026-03-04,CI794,TPE,China Airlines,B-18102,2026-03-04 17:30,2026-03-04 17:59,29.0,29.0,0.0,4320.0,,1.0,4320.0,,matched,complete
HAN,2026-03-04,FD1039,LPQ,AirAsia,HS-CBC,2026-03-04 17:45,2026-03-04 18:07,22.0,22.0,0.0,4320.0,,1.0,4320.0,,matched,complete
HAN,2026-03-04,BR386,TPE,EVA Air,B-16220,2026-03-04 18:20,2026-03-04 18:30,10.0,10.0,0.0,4320.0,,1.0,4320.0,,matched,complete
HAN,2026-03-04,SQ193,SIN,Singapore Airlines,9V-SHR,2026-03-04 18:30,2026-03-04 19:02,32.0,32.0,0.0,4320.0,,1.0,4320.0,,matched,complete
HAN,2026-03-04,ZH106,SZX,Shenzhen Airlines,B-5617,2026-03-04 19:40,2026-03-04 20:08,28.0,28.0,0.0,4320.0,,1.0,4320.0,,matched,complete
HAN,2026-03-04,8M451,RGN,Myanmar Airways International,XY-AGR,2026-03-04 21:20,2026-03-04 21:33,13.0,13.0,0.0,4320.0,,1.0,4320.0,,matched,complete
HAN,2026-03-04,TK165,IST,Turkish Airlines,TC-LGK,2026-03-04 22:55,2026-03-04 23:40,45.0,45.0,0.0,4320.0,,1.0,4320.0,,matched,complete
HAN,2026-03-04,KE448,ICN,Korean Air,HL8573,2026-03-04 23:05,2026-03-04 23:51,46.0,46.0,0.0,4320.0,,1.0,4320.0,,matched,complete
HAN,2026-03-05,OZ734,ICN,Asiana Airlines,HL8079,2026-03-04 23:50,2026-03-05 00:14,24.0,24.0,0.0,4320.0,,1.0,4320.0,,matched,complete
HAN,2026-03-05,JL752,NRT,Japan Airlines,JA616J,2026-03-04 23:55,2026-03-05 01:03,68.0,68.0,0.0,4320.0,,1.0,4320.0,,matched,complete
HAN,2026-03-05,HO1330,PVG,Juneyao Air,B-30EQ,2026-03-05 02:00,2026-03-05 02:06,6.0,6.0,0.0,4320.0,,1.0,4320.0,,matched,complete
HAN,2026-03-05,SC4650,TAO,Shandong Airlines,B-7806,2026-03-05 02:50,2026-03-05 02:53,3.0,3.0,0.0,4320.0,,1.0,4320.0,,matched,complete
HAN,2026-03-05,MU5076,PVG,China Eastern Airlines,B-5858,2026-03-05 02:45,2026-03-05 03:04,19.0,19.0,0.0,4320.0,,1.0,4320.0,,matched,complete
HAN,2026-03-05,KE8373,PEN,Korean Air,HL8043,2026-03-05 04:47,2026-03-05 04:47,0.0,0.0,0.0,4320.0,,1.0,4320.0,,matched,complete
HAN,2026-03-05,OK8903,SGN,Air Prague,8903,2026-03-05 07:18,2026-03-05 07:18,0.0,0.0,0.0,4320.0,,1.0,4320.0,,matched,complete
HAN,2026-03-05,CZ372,CAN,China Southern Airlines,B-1206,2026-03-05 08:15,2026-03-05 08:18,3.0,3.0,0.0,4320.0,,1.0,4320.0,,matched,complete
HAN,2026-03-05,K6855,KTI,Air Cambodia,XU-356,2026-03-05 10:45,2026-03-05 10:50,5.0,5.0,0.0,4320.0,,1.0,4320.0,,matched,complete
HAN,2026-03-05,VN211,SGN,Vietnam Airlines,VN-A864,2026-03-05 11:00,2026-03-05 11:10,10.0,10.0,0.0,4320.0,,1.0,4320.0,,matched,complete
HAN,2026-03-05,BR398,TPE,EVA Air,B-16723,2026-03-05 12:35,2026-03-05 13:02,27.0,27.0,0.0,4320.0,,1.0,4320.0,,matched,complete
HAN,2026-03-05,VN931,LPQ,Vietnam Airlines,VN-A353,2026-03-05 12:55,2026-03-05 13:11,16.0,16.0,0.0,4320.0,,1.0,4320.0,,matched,complete
HAN,2026-03-05,ZH122,CAN,Shenzhen Airlines,B-1712,2026-03-05 13:45,2026-03-05 13:55,10.0,10.0,0.0,4320.0,,1.0,4320.0,,matched,complete
HAN,2026-03-05,AK513,KUL,AirAsia,9M-AQO,2026-03-05 14:50,2026-03-05 15:32,42.0,42.0,0.0,4320.0,,1.0,4320.0,,matched,complete
HAN,2026-03-05,MU9606,KMG,China Eastern Airlines,B-1792,2026-03-05 15:45,2026-03-05 16:37,52.0,52.0,0.0,4320.0,,1.0,4320.0,,matched,complete
HAN,2026-03-05,CI794,TPE,China Airlines,B-18110,2026-03-05 17:30,2026-03-05 17:49,19.0,19.0,21.0,4320.0,,1.0,4320.0,,matched,complete
HAN,2026-03-05,JX718,TPE,Starlux,B-58212,2026-03-05 18:25,2026-03-05 18:59,34.0,34.0,-15.0,4320.0,,1.0,4320.0,,matched,complete
HAN,2026-03-05,FD1039,LPQ,AirAsia,HS-ABN,2026-03-05 17:45,2026-03-05 19:02,77.0,77.0,0.0,4320.0,,1.0,4320.0,,matched,complete
HAN,2026-03-05,K6851,KTI,Air Cambodia,XU-356,2026-03-05 19:15,2026-03-05 19:55,40.0,40.0,0.0,4320.0,,1.0,4320.0,,matched,complete
HAN,2026-03-05,ZH106,SZX,Shenzhen Airlines,B-1756,2026-03-05 19:40,2026-03-05 20:17,37.0,37.0,0.0,4320.0,,1.0,4320.0,,matched,complete
HAN,2026-03-05,TG565,BKK,Thai Airways,HS-TXD,2026-03-05 20:25,2026-03-05 20:46,21.0,21.0,0.0,4320.0,,1.0,4320.0,,matched,complete
HAN,2026-03-05,8M451,RGN,Myanmar Airways International,XY-ALO,2026-03-05 21:20,2026-03-05 21:38,18.0,18.0,0.0,4320.0,,1.0,4320.0,,matched,complete
HAN,2026-03-05,TK165,IST,Turkish Airlines,TC-LHC,2026-03-05 22:55,2026-03-05 23:11,16.0,16.0,0.0,4320.0,,1.0,4320.0,,matched,complete
HAN,2026-03-05,KE448,ICN,Korean Air,HL7209,2026-03-05 23:05,2026-03-05 23:37,32.0,32.0,0.0,4320.0,,1.0,4320.0,,matched,complete
HAN,2026-03-06,JL752,NRT,Japan Airlines,JA606J,2026-03-05 23:55,2026-03-06 00:26,31.0,31.0,0.0,4320.0,,1.0,4320.0,,matched,complete
HAN,2026-03-06,OZ734,ICN,Asiana Airlines,HL8359,2026-03-05 23:50,2026-03-06 00:31,41.0,41.0,0.0,4320.0,,1.0,4320.0,,matched,complete
HAN,2026-03-06,EK395,DXB,Emirates,A6-ENI,2026-03-06 00:25,2026-03-06 00:56,31.0,31.0,-5.0,4320.0,,1.0,4320.0,,matched,complete
HAN,2026-03-06,7C2202,ICN,Jeju Air,HL8593,2026-03-06 01:40,2026-03-06 01:48,8.0,8.0,-16.0,4320.0,,1.0,4320.0,,matched,complete
HAN,2026-03-06,VN1615,PXU,Vietnam Airlines,VN-A623,2026-03-06 07:30,2026-03-06 07:52,22.0,22.0,0.0,4320.0,,1.0,4320.0,,matched,complete
HAN,2026-03-06,TG561,BKK,Thai Airways,HS-TXU,2026-03-06 10:35,2026-03-06 10:42,7.0,7.0,0.0,4320.0,,1.0,4320.0,,matched,complete
HAN,2026-03-06,CX740,HKG,Cathay Pacific,B-HNE,2026-03-06 11:05,2026-03-06 11:35,30.0,30.0,0.0,4320.0,,1.0,4320.0,,matched,complete
HAN,2026-03-06,SQ191,SIN,Singapore Airlines,9V-SHN,2026-03-06 12:45,2026-03-06 13:01,16.0,16.0,0.0,4320.0,,1.0,4320.0,,matched,complete
HAN,2026-03-06,KE442,ICN,Korean Air,HL8710,2026-03-06 12:20,2026-03-06 13:27,67.0,67.0,0.0,4320.0,,1.0,4320.0,,matched,complete
HAN,2026-03-06,ZH122,CAN,Shenzhen Airlines,B-5400,2026-03-06 13:45,2026-03-06 14:03,18.0,18.0,0.0,4320.0,,1.0,4320.0,,matched,complete
HAN,2026-03-06,MF870,XMN,Xiamen Air,B-5533,2026-03-06 15:40,2026-03-06 16:11,31.0,31.0,0.0,4320.0,,1.0,4320.0,,matched,complete
HAN,2026-03-06,MU9606,KMG,China Eastern Airlines,B-6249,2026-03-06 16:15,2026-03-06 16:51,36.0,36.0,0.0,4320.0,,1.0,4320.0,,matched,complete
HAN,2026-03-06,MF8698,FOC,Xiamen Air,B-7849,2026-03-06 16:20,2026-03-06 17:03,43.0,43.0,0.0,4320.0,,1.0,4320.0,,matched,complete
HAN,2026-03-06,BR386,TPE,EVA Air,B-16219,2026-03-06 18:20,2026-03-06 18:49,29.0,29.0,0.0,4320.0,,1.0,4320.0,,matched,complete
HAN,2026-03-06,MU9634,TPE,China Airlines,B-6145,2026-03-06 16:55,2026-03-06 18:58,123.0,123.0,0.0,4320.0,,1.0,4320.0,,matched,complete
HAN,2026-03-06,SQ193,SIN,Singapore Airlines,9V-SHK,2026-03-06 18:30,2026-03-06 19:53,83.0,83.0,0.0,4320.0,,1.0,4320.0,,matched,complete
HAN,2026-03-06,CI6876,TPE,China Airlines,B-18717,2026-03-06 17:40,2026-03-06 20:00,140.0,140.0,0.0,4320.0,,1.0,4320.0,,matched,complete
HAN,2026-03-06,FD645,DMK,AirAsia,HS-EAE,2026-03-06 20:50,2026-03-06 21:10,20.0,20.0,0.0,4320.0,,1.0,4320.0,,matched,complete
HAN,2026-03-06,TK165,IST,Turkish Airlines,TC-LGI,2026-03-06 22:55,2026-03-06 23:15,20.0,20.0,0.0,4320.0,,1.0,4320.0,,matched,complete
HAN,2026-03-06,UO543,HKG,HK express,B-KKM,2026-03-06 21:55,2026-03-06 23:20,85.0,85.0,0.0,4320.0,,1.0,4320.0,,matched,complete
HAN,2026-03-06,EK2595,DXB,Emirates,A6-ENO,2026-03-06 23:00,2026-03-06 23:30,30.0,30.0,0.0,4320.0,,1.0,4320.0,,matched,complete
HAN,2026-03-07,JL752,NRT,Japan Airlines,JA619J,2026-03-06 23:55,2026-03-07 00:35,40.0,40.0,0.0,4320.0,,1.0,4320.0,,matched,complete
HAN,2026-03-07,EK395,DXB,Emirates,A6-ECZ,2026-03-07 00:25,2026-03-07 00:49,24.0,24.0,0.0,4320.0,,1.0,4320.0,,matched,complete
HAN,2026-03-07,SC4650,TAO,Shandong Airlines,B-7086,2026-03-07 02:50,2026-03-07 02:49,-1.0,0.0,0.0,4320.0,,1.0,4320.0,,matched,complete
HAN,2026-03-07,MU5076,PVG,China Eastern Airlines,B-5858,2026-03-07 02:45,2026-03-07 02:53,8.0,8.0,0.0,4320.0,,1.0,4320.0,,matched,complete
HAN,2026-03-07,TG561,BKK,Thai Airways,HS-TXK,2026-03-07 10:35,2026-03-07 10:52,17.0,17.0,0.0,4320.0,,1.0,4320.0,,matched,complete
HAN,2026-03-07,FD641,DMK,AirAsia,HS-ABC,2026-03-07 12:20,2026-03-07 13:12,52.0,52.0,80.0,4320.0,,1.0,4320.0,,matched,complete
HAN,2026-03-07,BR398,TPE,EVA Air,B-16721,2026-03-07 12:35,2026-03-07 13:21,46.0,46.0,0.0,4320.0,,1.0,4320.0,,matched,complete
HAN,2026-03-07,MH753,KUL,Malaysia Airlines,9M-MLR,2026-03-07 13:00,2026-03-07 13:27,27.0,27.0,0.0,4320.0,,1.0,4320.0,,matched,complete
HAN,2026-03-07,OD572,KUL,Batik Air,9M-LRT,2026-03-07 13:30,2026-03-07 13:47,17.0,17.0,-5.0,4320.0,,1.0,4320.0,,matched,complete
HAN,2026-03-07,OZ730,ICN,Asiana Airlines,HL7755,2026-03-07 13:30,2026-03-07 13:49,19.0,19.0,0.0,4320.0,,1.0,4320.0,,matched,complete
HAN,2026-03-07,ZH122,CAN,Shenzhen Airlines,B-5776,2026-03-07 13:45,2026-03-07 13:57,12.0,12.0,0.0,4320.0,,1.0,4320.0,,matched,complete
HAN,2026-03-07,PR594,MNL,Philippine Airlines,RP-C9929,2026-03-07 13:55,2026-03-07 14:08,13.0,13.0,0.0,4320.0,,1.0,4320.0,,matched,complete
HAN,2026-03-07,MU9606,KMG,China Eastern Airlines,B-208D,2026-03-07 15:45,2026-03-07 16:14,29.0,29.0,0.0,4320.0,,1.0,4320.0,,matched,complete
HAN,2026-03-07,QV312,VTE,Lao Airlines,RDPL-34188,2026-03-07 16:40,2026-03-07 16:52,12.0,12.0,0.0,4320.0,,1.0,4320.0,,matched,complete
HAN,2026-03-07,6E1634,DEL,IndiGo,VT-IQF,2026-03-07 17:55,2026-03-07 18:07,12.0,12.0,0.0,4320.0,,1.0,4320.0,,matched,complete
HAN,2026-03-07,ZH106,SZX,Shenzhen Airlines,B-5771,2026-03-07 19:40,2026-03-07 20:10,30.0,30.0,0.0,4320.0,,1.0,4320.0,,matched,complete
HAN,2026-03-07,CZ8360,CSX,China Southern Airlines,B-32FY,2026-03-07 20:20,2026-03-07 20:55,35.0,35.0,0.0,4320.0,,1.0,4320.0,,matched,complete
HAN,2026-03-07,FD645,DMK,AirAsia,HS-EAE,2026-03-07 20:50,2026-03-07 21:26,36.0,36.0,0.0,4320.0,,1.0,4320.0,,matched,complete
HAN,2026-03-07,TK165,IST,Turkish Airlines,TC-LGK,2026-03-07 22:55,2026-03-07 23:10,15.0,15.0,0.0,4320.0,,1.0,4320.0,,matched,complete
HAN,2026-03-08,JL752,NRT,Japan Airlines,JA617J,2026-03-07 23:55,2026-03-08 00:04,9.0,9.0,0.0,4320.0,,1.0,4320.0,,matched,complete
HAN,2026-03-08,OZ734,ICN,Asiana Airlines,HL8522,2026-03-07 23:50,2026-03-08 00:08,18.0,18.0,0.0,4320.0,,1.0,4320.0,,matched,complete
HAN,2026-03-08,EK395,DXB,Emirates,A6-ENI,2026-03-08 00:25,2026-03-08 00:31,6.0,6.0,-5.0,4320.0,,1.0,4320.0,,matched,complete
HAN,2026-03-08,SC8072,TNA,Shandong Airlines,B-5513,2026-03-08 02:20,2026-03-08 02:19,-1.0,0.0,0.0,4320.0,,1.0,4320.0,,matched,complete
HAN,2026-03-08,MU2574,WUH,China Eastern Airlines,B-205W,2026-03-08 02:35,2026-03-08 02:31,-4.0,0.0,0.0,4320.0,,1.0,4320.0,,matched,complete
HAN,2026-03-08,SC4650,TAO,Shandong Airlines,B-1442,2026-03-08 02:50,2026-03-08 02:49,-1.0,0.0,0.0,4320.0,,1.0,4320.0,,matched,complete
HAN,2026-03-08,VN243,SGN,Vietnam Airlines,VN-A867,2026-03-08 06:00,2026-03-08 06:06,6.0,6.0,0.0,4320.0,,1.0,4320.0,,matched,complete
HAN,2026-03-08,CSG2670,,China Southern Cargo,B-2072,2026-03-08 08:48,2026-03-08 08:48,0.0,0.0,0.0,4320.0,,1.0,4320.0,,matched,complete
HAN,2026-03-08,SQ191,SIN,Singapore Airlines,9V-SHM,2026-03-08 12:45,2026-03-08 13:06,21.0,21.0,0.0,4320.0,,1.0,4320.0,,matched,complete
HAN,2026-03-08,MH753,KUL,Malaysia Airlines,9M-MLT,2026-03-08 13:00,2026-03-08 13:08,8.0,8.0,0.0,4320.0,,1.0,4320.0,,matched,complete
HAN,2026-03-08,BR398,TPE,EVA Air,B-16719,2026-03-08 12:35,2026-03-08 13:13,38.0,38.0,0.0,4320.0,,1.0,4320.0,,matched,complete
HAN,2026-03-08,ZH122,CAN,Shenzhen Airlines,B-1711,2026-03-08 13:45,2026-03-08 13:54,9.0,9.0,0.0,4320.0,,1.0,4320.0,,matched,complete
HAN,2026-03-08,FD871,CNX,AirAsia,HS-ABX,2026-03-08 15:20,2026-03-08 15:37,17.0,17.0,0.0,4320.0,,1.0,4320.0,,matched,complete
HAN,2026-03-08,MF870,XMN,Xiamen Air,B-6488,2026-03-08 15:40,2026-03-08 16:05,25.0,25.0,0.0,4320.0,,1.0,4320.0,,matched,complete
HAN,2026-03-08,MF8698,FOC,Xiamen Air,B-7849,2026-03-08 16:20,2026-03-08 16:51,31.0,31.0,0.0,4320.0,,1.0,4320.0,,matched,complete
HAN,2026-03-08,QV312,VTE,Lao Airlines,RDPL-34188,2026-03-08 16:40,2026-03-08 17:25,45.0,45.0,0.0,4320.0,,1.0,4320.0,,matched,complete
HAN,2026-03-08,CI794,TPE,China Airlines,B-18660,2026-03-08 17:30,2026-03-08 17:55,25.0,25.0,0.0,4320.0,,1.0,4320.0,,matched,complete
HAN,2026-03-08,FD1039,LPQ,AirAsia,HS-ABJ,2026-03-08 17:45,2026-03-08 17:58,13.0,13.0,0.0,4320.0,,1.0,4320.0,,matched,complete
HAN,2026-03-08,BR386,TPE,EVA Air,B-16225,2026-03-08 18:20,2026-03-08 18:29,9.0,9.0,-20.0,4320.0,,1.0,4320.0,,matched,complete
HAN,2026-03-08,ZH106,SZX,Shenzhen Airlines,B-5859,2026-03-08 19:40,2026-03-08 19:57,17.0,17.0,0.0,4320.0,,1.0,4320.0,,matched,complete
HAN,2026-03-08,TG565,BKK,Thai Airways,HS-TXQ,2026-03-08 20:25,2026-03-08 20:42,17.0,17.0,0.0,4320.0,,1.0,4320.0,,matched,complete
HAN,2026-03-08,FD645,DMK,AirAsia,HS-EAE,2026-03-08 20:50,2026-03-08 21:18,28.0,28.0,0.0,4320.0,,1.0,4320.0,,matched,complete
HAN,2026-03-08,TK165,IST,Turkish Airlines,TC-LGL,2026-03-08 22:55,2026-03-08 23:10,15.0,15.0,0.0,4320.0,,1.0,4320.0,,matched,complete
HAN,2026-03-08,UO543,HKG,HK express,B-KKD,2026-03-08 21:55,2026-03-08 23:24,89.0,89.0,0.0,4320.0,,1.0,4320.0,,matched,complete
HAN,2026-03-08,KE448,ICN,Korean Air,HL8538,2026-03-08 23:05,2026-03-08 23:32,27.0,27.0,0.0,4320.0,,1.0,4320.0,,matched,complete
HAN,2026-03-09,EK395,DXB,Emirates,A6-ENO,2026-03-09 00:25,2026-03-09 00:35,10.0,10.0,0.0,4320.0,,1.0,4320.0,,matched,complete
HAN,2026-03-09,NH898,NRT,All Nippon Airways,JA928A,2026-03-09 00:25,2026-03-09 00:46,21.0,21.0,0.0,4320.0,,1.0,4320.0,,matched,complete
HAN,2026-03-09,7C2202,ICN,Jeju Air,HL8554,2026-03-09 01:40,2026-03-09 01:51,11.0,11.0,5.0,4320.0,,1.0,4320.0,,matched,complete
HAN,2026-03-09,MU5076,PVG,China Eastern Airlines,B-5858,2026-03-09 02:45,2026-03-09 02:58,13.0,13.0,0.0,4320.0,,1.0,4320.0,,matched,complete
HAN,2026-03-09,VJ461,VCA,VietJet Air,VN-A662,2026-03-09 05:30,2026-03-09 05:48,18.0,18.0,0.0,4320.0,,1.0,4320.0,,matched,complete
HAN,2026-03-09,TR301,SIN,Scoot,9V-OFM,2026-03-09 09:40,2026-03-09 10:10,30.0,30.0,0.0,4320.0,,1.0,4320.0,,matched,complete
HAN,2026-03-09,VJ133,SGN,VietJet Air,VN-A816,2026-03-09 11:40,2026-03-09 12:20,40.0,40.0,0.0,4320.0,,1.0,4320.0,,matched,complete
HAN,2026-03-09,FD641,DMK,AirAsia,HS-ABJ,2026-03-09 12:20,2026-03-09 12:54,34.0,34.0,0.0,4320.0,,1.0,4320.0,,matched,complete
HAN,2026-03-09,ZH122,CAN,Shenzhen Airlines,B-1712,2026-03-09 13:45,2026-03-09 14:32,47.0,47.0,0.0,4320.0,,1.0,4320.0,,matched,complete
HAN,2026-03-09,MF8698,FOC,Xiamen Air,B-1371,2026-03-09 16:20,2026-03-09 16:39,19.0,19.0,0.0,4320.0,,1.0,4320.0,,matched,complete
HAN,2026-03-09,MU9606,KMG,China Eastern Airlines,B-1255,2026-03-09 16:15,2026-03-09 16:42,27.0,27.0,0.0,4320.0,,1.0,4320.0,,matched,complete
HAN,2026-03-09,ZH106,SZX,Shenzhen Airlines,B-5690,2026-03-09 19:40,2026-03-09 19:47,7.0,7.0,0.0,4320.0,,1.0,4320.0,,matched,complete
HAN,2026-03-09,PN6424,CKG,West Air,B-306V,2026-03-09 20:40,2026-03-09 20:43,3.0,3.0,0.0,4320.0,,1.0,4320.0,,matched,complete
HAN,2026-03-10,VN310,NRT,Vietnam Airlines,VN-A886,2026-03-10 00:20,2026-03-10 00:31,11.0,11.0,0.0,4320.0,,1.0,4320.0,,matched,complete
HAN,2026-03-10,HAI489,PBH,Hai Au Aviation,VN-A489,2026-03-10 08:30,2026-03-10 08:51,21.0,21.0,0.0,4320.0,,1.0,4320.0,,matched,complete
HAN,2026-03-10,AK517,KUL,AirAsia,9M-AQG,2026-03-10 09:00,2026-03-10 09:07,7.0,7.0,0.0,4320.0,,1.0,4320.0,,matched,complete
HAN,2026-03-10,TK253,IST,Turkish Airlines,TC-LMD,2026-03-10 08:50,2026-03-10 09:12,22.0,22.0,0.0,4320.0,,1.0,4320.0,,matched,complete
HAN,2026-03-10,ZH102,SZX,Shenzhen Airlines,B-8078,2026-03-10 09:25,2026-03-10 10:36,71.0,71.0,0.0,4320.0,,1.0,4320.0,,matched,complete
HAN,2026-03-10,FD871,CNX,AirAsia,HS-BBO,2026-03-10 15:20,2026-03-10 15:40,20.0,20.0,0.0,4320.0,,1.0,4320.0,,matched,complete
HAN,2026-03-10,MH759,VII,Vietnam Airlines,9M-MXV,2026-03-10 16:40,2026-03-10 17:09,29.0,29.0,9.0,4320.0,,1.0,4320.0,,matched,complete
HAN,2026-03-10,BR386,TPE,EVA Air,B-16221,2026-03-10 18:20,2026-03-10 18:24,4.0,4.0,0.0,4320.0,,1.0,4320.0,,matched,complete
HAN,2026-03-10,SQ193,SIN,Singapore Airlines,9V-MBE,2026-03-10 18:25,2026-03-10 18:43,18.0,18.0,75.0,4320.0,,1.0,4320.0,,matched,complete
HAN,2026-03-10,QV314,LPQ,Lao Airlines,RDPL-34176,2026-03-10 19:15,2026-03-10 19:41,26.0,26.0,0.0,4320.0,,1.0,4320.0,,matched,complete
HAN,2026-03-10,ZH106,SZX,Shenzhen Airlines,B-1973,2026-03-10 19:40,2026-03-10 19:50,10.0,10.0,0.0,4320.0,,1.0,4320.0,,matched,complete
HAN,2026-03-10,CX742,HKG,Cathay Pacific,B-HNX,2026-03-10 19:30,2026-03-10 19:56,26.0,26.0,0.0,4320.0,,1.0,4320.0,,matched,complete
HAN,2026-03-10,TK165,IST,Turkish Airlines,TC-LGK,2026-03-10 22:55,2026-03-10 23:20,25.0,25.0,0.0,4320.0,,1.0,4320.0,,matched,complete
HAN,2026-03-11,JL752,NRT,Japan Airlines,JA619J,2026-03-10 23:55,2026-03-11 00:04,9.0,9.0,0.0,4320.0,,1.0,4320.0,,matched,complete
HAN,2026-03-11,5J747,MNL,Cebu Pacific,RP-C4330,2026-03-11 02:00,2026-03-11 01:59,-1.0,0.0,0.0,4320.0,,1.0,4320.0,,matched,complete
HAN,2026-03-11,VN207,SGN,Vietnam Airlines,VN-A886,2026-03-11 07:01,2026-03-11 07:15,14.0,14.0,0.0,4320.0,,1.0,4320.0,,matched,complete
HAN,2026-03-11,CZ372,CAN,China Southern Airlines,B-1206,2026-03-11 08:15,2026-03-11 08:29,14.0,14.0,0.0,4320.0,,1.0,4320.0,,matched,complete
HAN,2026-03-11,GX8972,NNG,GX Airlines,B-8388,2026-03-11 08:55,2026-03-11 09:16,21.0,21.0,0.0,4320.0,,1.0,4320.0,,matched,complete
HAN,2026-03-11,TK6335,DEL,Turkish Airlines,TC-LJO,2026-03-11 08:55,2026-03-11 09:23,28.0,28.0,0.0,4320.0,,1.0,4320.0,,matched,complete
HAN,2026-03-11,TG561,BKK,Thai Airways,HS-TXB,2026-03-11 10:35,2026-03-11 11:09,34.0,34.0,0.0,4320.0,,1.0,4320.0,,matched,complete
HAN,2026-03-11,BR398,TPE,EVA Air,B-16722,2026-03-11 12:35,2026-03-11 13:09,34.0,34.0,0.0,4320.0,,1.0,4320.0,,matched,complete
HAN,2026-03-11,OZ730,ICN,Asiana Airlines,HL7732,2026-03-11 13:30,2026-03-11 13:48,18.0,18.0,0.0,4320.0,,1.0,4320.0,,matched,complete
HAN,2026-03-11,ZH122,CAN,Shenzhen Airlines,B-5619,2026-03-11 13:45,2026-03-11 13:59,14.0,14.0,0.0,4320.0,,1.0,4320.0,,matched,complete
HAN,2026-03-11,ZH104,SZX,Shenzhen Airlines,B-6359,2026-03-11 14:55,2026-03-11 15:20,25.0,25.0,0.0,4320.0,,1.0,4320.0,,matched,complete
HAN,2026-03-11,AK513,KUL,AirAsia,9M-RAQ,2026-03-11 14:50,2026-03-11 15:38,48.0,48.0,0.0,4320.0,,1.0,4320.0,,matched,complete
HAN,2026-03-11,MF870,XMN,Xiamen Air,B-5791,2026-03-11 15:40,2026-03-11 15:56,16.0,16.0,0.0,4320.0,,1.0,4320.0,,matched,complete
HAN,2026-03-11,FD1039,LPQ,AirAsia,HS-BBW,2026-03-11 17:45,2026-03-11 18:09,24.0,24.0,0.0,4320.0,,1.0,4320.0,,matched,complete
HAN,2026-03-11,BR386,TPE,EVA Air,B-16219,2026-03-11 18:20,2026-03-11 18:22,2.0,2.0,0.0,4320.0,,1.0,4320.0,,matched,complete
HAN,2026-03-11,JX718,TPE,Starlux,B-58210,2026-03-11 18:25,2026-03-11 18:36,11.0,11.0,-15.0,4320.0,,1.0,4320.0,,matched,complete
HAN,2026-03-12,JL752,NRT,Japan Airlines,JA607J,2026-03-11 23:55,2026-03-12 01:39,104.0,104.0,0.0,4320.0,,1.0,4320.0,,matched,complete
HAN,2026-03-12,CZ372,CAN,China Southern Airlines,B-205L,2026-03-12 08:15,2026-03-12 08:27,12.0,12.0,0.0,4320.0,,1.0,4320.0,,matched,complete
HAN,2026-03-12,ZH102,SZX,Shenzhen Airlines,B-6359,2026-03-12 09:25,2026-03-12 09:34,9.0,9.0,0.0,4320.0,,1.0,4320.0,,matched,complete
HAN,2026-03-12,VN247,SGN,Vietnam Airlines,VN-A861,2026-03-12 10:00,2026-03-12 10:14,14.0,14.0,0.0,4320.0,,1.0,4320.0,,matched,complete
HAN,2026-03-12,SQ191,SIN,Singapore Airlines,9V-SHR,2026-03-12 12:45,2026-03-12 13:00,15.0,15.0,0.0,4320.0,,1.0,4320.0,,matched,complete
HAN,2026-03-12,VN931,LPQ,Vietnam Airlines,VN-A338,2026-03-12 12:55,2026-03-12 13:03,8.0,8.0,0.0,4320.0,,1.0,4320.0,,matched,complete
HAN,2026-03-12,VJ781,CXR,VietJet Air,VN-A580,2026-03-12 13:00,2026-03-12 13:46,46.0,46.0,0.0,4320.0,,1.0,4320.0,,matched,complete
HAN,2026-03-12,ZH122,CAN,Shenzhen Airlines,B-1517,2026-03-12 13:45,2026-03-12 13:57,12.0,12.0,0.0,4320.0,,1.0,4320.0,,matched,complete
HAN,2026-03-12,ZH104,SZX,Shenzhen Airlines,B-6938,2026-03-12 14:55,2026-03-12 15:02,7.0,7.0,0.0,4320.0,,1.0,4320.0,,matched,complete
HAN,2026-03-12,FD871,CNX,AirAsia,HS-BBJ,2026-03-12 15:20,2026-03-12 15:35,15.0,15.0,0.0,4320.0,,1.0,4320.0,,matched,complete
HAN,2026-03-12,MF870,XMN,Xiamen Air,B-1371,2026-03-12 15:40,2026-03-12 16:06,26.0,26.0,0.0,4320.0,,1.0,4320.0,,matched,complete
HAN,2026-03-12,CZ8470,SZX,China Southern Airlines,B-6552,2026-03-12 16:10,2026-03-12 16:17,7.0,7.0,0.0,4320.0,,1.0,4320.0,,matched,complete
HAN,2026-03-12,MU9606,KMG,China Eastern Airlines,B-5527,2026-03-12 15:45,2026-03-12 16:29,44.0,44.0,0.0,4320.0,,1.0,4320.0,,matched,complete
HAN,2026-03-12,QV312,VTE,Lao Airlines,RDPL-34199,2026-03-12 16:40,2026-03-12 16:58,18.0,18.0,0.0,4320.0,,1.0,4320.0,,matched,complete
HAN,2026-03-12,CA756,PVG,Air China,B-6825,2026-03-12 18:15,2026-03-12 18:15,0.0,0.0,0.0,4320.0,,1.0,4320.0,,matched,complete
HAN,2026-03-12,JX718,TPE,Starlux,B-58205,2026-03-12 18:25,2026-03-12 18:47,22.0,22.0,0.0,4320.0,,1.0,4320.0,,matched,complete
HAN,2026-03-12,VJ783,CXR,VietJet Air,VN-A580,2026-03-12 17:40,2026-03-12 19:06,86.0,86.0,0.0,4320.0,,1.0,4320.0,,matched,complete
HAN,2026-03-12,MU6014,PVG,China Eastern Airlines,B-32KT,2026-03-12 18:45,2026-03-12 19:25,40.0,40.0,0.0,4320.0,,1.0,4320.0,,matched,complete
HAN,2026-03-12,ZH106,SZX,Shenzhen Airlines,B-1477,2026-03-12 19:40,2026-03-12 20:11,31.0,31.0,0.0,4320.0,,1.0,4320.0,,matched,complete
HAN,2026-03-12,CZ8178,CAN,China Southern Airlines,B-8367,2026-03-12 19:45,2026-03-12 20:24,39.0,39.0,0.0,4320.0,,1.0,4320.0,,matched,complete
HAN,2026-03-12,FD1039,LPQ,AirAsia,HS-ABX,2026-03-12 17:45,2026-03-12 21:33,228.0,228.0,0.0,4320.0,,1.0,4320.0,,matched,complete
HAN,2026-03-12,9G895,SGN,Sun PhuQuoc Airways,VN-A909,2026-03-12 22:25,2026-03-12 22:37,12.0,12.0,0.0,4320.0,,1.0,4320.0,,matched,complete
HAN,2026-03-12,HU784,HAK,Hainan Airlines,B-207H,2026-03-12 23:15,2026-03-12 23:31,16.0,16.0,0.0,4320.0,,1.0,4320.0,,matched,complete
HAN,2026-03-12,JL752,NRT,Japan Airlines,JA619J,2026-03-12 23:55,2026-03-12 23:58,3.0,3.0,0.0,4320.0,,1.0,4320.0,,matched,complete
HAN,2026-03-13,OZ734,ICN,Asiana Airlines,HL7578,2026-03-12 23:50,2026-03-13 00:12,22.0,22.0,0.0,4320.0,,1.0,4320.0,,matched,complete
HAN,2026-03-13,HO1330,PVG,Juneyao Air,B-8407,2026-03-13 02:00,2026-03-13 02:05,5.0,5.0,0.0,4320.0,,1.0,4320.0,,matched,complete
HAN,2026-03-13,CZ372,CAN,China Southern Airlines,B-225D,2026-03-13 08:15,2026-03-13 08:16,1.0,1.0,0.0,4320.0,,1.0,4320.0,,matched,complete
HAN,2026-03-13,TR301,SIN,Scoot,9V-OJD,2026-03-13 09:40,2026-03-13 09:41,1.0,1.0,0.0,4320.0,,1.0,4320.0,,matched,complete
HAN,2026-03-13,FD641,DMK,AirAsia,HS-BBR,2026-03-13 12:20,2026-03-13 12:48,28.0,28.0,-5.0,4320.0,,1.0,4320.0,,matched,complete
HAN,2026-03-13,BR398,TPE,EVA Air,B-16725,2026-03-13 12:35,2026-03-13 13:08,33.0,33.0,0.0,4320.0,,1.0,4320.0,,matched,complete
HAN,2026-03-13,CA742,PEK,Air China,B-32CD,2026-03-13 13:30,2026-03-13 13:32,2.0,2.0,0.0,4320.0,,1.0,4320.0,,matched,complete
HAN,2026-03-13,OD572,KUL,Batik Air,9M-LRU,2026-03-13 13:30,2026-03-13 13:53,23.0,23.0,0.0,4320.0,,1.0,4320.0,,matched,complete
HAN,2026-03-13,ZH122,CAN,Shenzhen Airlines,B-5617,2026-03-13 13:45,2026-03-13 14:09,24.0,24.0,0.0,4320.0,,1.0,4320.0,,matched,complete
HAN,2026-03-13,ZH104,SZX,Shenzhen Airlines,B-9909,2026-03-13 14:55,2026-03-13 16:42,107.0,107.0,0.0,4320.0,,1.0,4320.0,,matched,complete
HAN,2026-03-13,MF8698,FOC,Xiamen Air,B-1303,2026-03-13 16:20,2026-03-13 17:00,40.0,40.0,0.0,4320.0,,1.0,4320.0,,matched,complete
HAN,2026-03-13,QV312,VTE,Lao Airlines,RDPL-34199,2026-03-13 16:40,2026-03-13 17:14,34.0,34.0,0.0,4320.0,,1.0,4320.0,,matched,complete
HAN,2026-03-13,FD1039,LPQ,AirAsia,HS-ABM,2026-03-13 17:45,2026-03-13 18:18,33.0,33.0,3.0,4320.0,,1.0,4320.0,,matched,complete
HAN,2026-03-13,CA756,PVG,Air China,B-8492,2026-03-13 18:15,2026-03-13 18:32,17.0,17.0,0.0,4320.0,,1.0,4320.0,,matched,complete
HAN,2026-03-13,BR386,TPE,EVA Air,B-16222,2026-03-13 18:20,2026-03-13 18:39,19.0,19.0,0.0,4320.0,,1.0,4320.0,,matched,complete
HAN,2026-03-13,6E1634,DEL,IndiGo,VT-IPQ,2026-03-13 17:55,2026-03-13 18:41,46.0,46.0,0.0,4320.0,,1.0,4320.0,,matched,complete
HAN,2026-03-13,SQ193,SIN,Singapore Airlines,9V-SHB,2026-03-13 18:30,2026-03-13 18:54,24.0,24.0,0.0,4320.0,,1.0,4320.0,,matched,complete
HAN,2026-03-13,ZH106,SZX,Shenzhen Airlines,B-5612,2026-03-13 19:40,2026-03-13 20:21,41.0,41.0,0.0,4320.0,,1.0,4320.0,,matched,complete
HAN,2026-03-13,HX529,HKG,Hong Kong Airlines,B-LPV,2026-03-13 19:50,2026-03-13 21:08,78.0,78.0,0.0,4320.0,,1.0,4320.0,,matched,complete
HAN,2026-03-13,TK165,IST,Turkish Airlines,TC-LGK,2026-03-13 22:55,2026-03-13 23:10,15.0,15.0,0.0,4320.0,,1.0,4320.0,,matched,complete
HAN,2026-03-14,NX981,MFM,Air Macau,B-MBR,2026-03-13 23:00,2026-03-14 00:05,65.0,65.0,-12.0,4320.0,,1.0,4320.0,,matched,complete
HAN,2026-03-14,EK395,DXB,Emirates,A6-EPQ,2026-03-14 00:25,2026-03-14 00:41,16.0,16.0,0.0,4320.0,,1.0,4320.0,,matched,complete
HAN,2026-03-14,CZ372,CAN,China Southern Airlines,B-226J,2026-03-14 08:15,2026-03-14 08:24,9.0,9.0,0.0,4320.0,,1.0,4320.0,,matched,complete
HAN,2026-03-14,TK253,IST,Turkish Airlines,TC-LMC,2026-03-14 08:50,2026-03-14 09:07,17.0,17.0,0.0,4320.0,,1.0,4320.0,,matched,complete
HAN,2026-03-14,ZH102,SZX,Shenzhen Airlines,B-8079,2026-03-14 09:25,2026-03-14 09:43,18.0,18.0,0.0,4320.0,,1.0,4320.0,,matched,complete
HAN,2026-03-14,SQ191,SIN,Singapore Airlines,9V-SHR,2026-03-14 12:45,2026-03-14 13:09,24.0,24.0,0.0,4320.0,,1.0,4320.0,,matched,complete
HAN,2026-03-14,FD641,DMK,AirAsia,HS-ABZ,2026-03-14 12:20,2026-03-14 13:21,61.0,61.0,0.0,4320.0,,1.0,4320.0,,matched,complete
HAN,2026-03-14,6E1632,CCU,IndiGo,VT-IPQ,2026-03-14 14:05,2026-03-14 14:16,11.0,11.0,0.0,4320.0,,1.0,4320.0,,matched,complete
HAN,2026-03-14,ZH104,SZX,Shenzhen Airlines,B-6781,2026-03-14 14:55,2026-03-14 15:01,6.0,6.0,0.0,4320.0,,1.0,4320.0,,matched,complete
HAN,2026-03-14,FD871,CNX,AirAsia,HS-BBO,2026-03-14 15:20,2026-03-14 15:30,10.0,10.0,0.0,4320.0,,1.0,4320.0,,matched,complete
HAN,2026-03-14,AK513,KUL,AirAsia,9M-AHY,2026-03-14 14:50,2026-03-14 15:34,44.0,44.0,6.0,4320.0,,1.0,4320.0,,matched,complete
HAN,2026-03-14,CZ8316,CAN,China Southern Airlines,B-32EV,2026-03-14 15:45,2026-03-14 15:58,13.0,13.0,0.0,4320.0,,1.0,4320.0,,matched,complete
HAN,2026-03-14,MU9606,KMG,China Eastern Airlines,B-6143,2026-03-14 15:45,2026-03-14 16:04,19.0,19.0,0.0,4320.0,,1.0,4320.0,,matched,complete
HAN,2026-03-14,CI794,TPE,China Airlines,B-18106,2026-03-14 17:30,2026-03-14 17:47,17.0,17.0,0.0,4320.0,,1.0,4320.0,,matched,complete
HAN,2026-03-14,FD1039,LPQ,AirAsia,HS-ABM,2026-03-14 17:45,2026-03-14 18:24,39.0,39.0,3.0,4320.0,,1.0,4320.0,,matched,complete
HAN,2026-03-14,BR386,TPE,EVA Air,B-16225,2026-03-14 18:20,2026-03-14 18:47,27.0,27.0,-20.0,4320.0,,1.0,4320.0,,matched,complete
HAN,2026-03-14,JX718,TPE,Starlux,B-58208,2026-03-14 18:25,2026-03-14 18:58,33.0,33.0,0.0,4320.0,,1.0,4320.0,,matched,complete
HAN,2026-03-14,K6851,KTI,Air Cambodia,XU-356,2026-03-14 19:15,2026-03-14 19:43,28.0,28.0,0.0,4320.0,,1.0,4320.0,,matched,complete
HAN,2026-03-14,ZH106,SZX,Shenzhen Airlines,B-5607,2026-03-14 19:40,2026-03-14 20:02,22.0,22.0,0.0,4320.0,,1.0,4320.0,,matched,complete
HAN,2026-03-14,TG565,BKK,Thai Airways,HS-TXD,2026-03-14 20:25,2026-03-14 20:42,17.0,17.0,0.0,4320.0,,1.0,4320.0,,matched,complete
HAN,2026-03-14,PN6424,CKG,West Air,B-6765,2026-03-14 20:40,2026-03-14 20:45,5.0,5.0,0.0,4320.0,,1.0,4320.0,,matched,complete
HAN,2026-03-14,TK165,IST,Turkish Airlines,TC-LGL,2026-03-14 22:55,2026-03-14 23:10,15.0,15.0,0.0,4320.0,,1.0,4320.0,,matched,complete
HAN,2026-03-15,JL752,NRT,Japan Airlines,JA607J,2026-03-14 23:55,2026-03-15 00:09,14.0,14.0,0.0,4320.0,,1.0,4320.0,,matched,complete
HAN,2026-03-15,EK395,DXB,Emirates,A6-ECY,2026-03-15 00:25,2026-03-15 00:52,27.0,27.0,0.0,4320.0,,1.0,4320.0,,matched,complete
HAN,2026-03-15,QR7351,CDG,Qatar Airways,A7-AOD,2026-03-15 01:00,2026-03-15 01:14,14.0,14.0,0.0,4320.0,,1.0,4320.0,,matched,complete
HAN,2026-03-15,NH8448,NRT,All Nippon Airways,JA602F,2026-03-15 01:25,2026-03-15 01:24,-1.0,0.0,0.0,4320.0,,1.0,4320.0,,matched,complete
HAN,2026-03-15,MU5076,PVG,China Eastern Airlines,B-1908,2026-03-15 02:45,2026-03-15 02:47,2.0,2.0,0.0,4320.0,,1.0,4320.0,,matched,complete
HAN,2026-03-15,PR596,MNL,Philippine Airlines,RP-C9915,2026-03-15 02:50,2026-03-15 02:50,0.0,0.0,0.0,4320.0,,1.0,4320.0,,matched,complete
HAN,2026-03-15,CZ372,CAN,China Southern Airlines,B-225D,2026-03-15 08:15,2026-03-15 08:25,10.0,10.0,0.0,4320.0,,1.0,4320.0,,matched,complete
HAN,2026-03-15,CX740,HKG,Cathay Pacific,B-HNJ,2026-03-15 11:05,2026-03-15 11:37,32.0,32.0,0.0,4320.0,,1.0,4320.0,,matched,complete
HAN,2026-03-15,JX716,TPE,Starlux,B-58210,2026-03-15 11:30,2026-03-15 11:42,12.0,12.0,-15.0,4320.0,,1.0,4320.0,,matched,complete
HAN,2026-03-15,EK9853,DWC,Emirates,A6-EFT,2026-03-15 07:55,2026-03-15 12:22,267.0,240.0,0.0,4320.0,,1.0,4320.0,,matched,complete
HAN,2026-03-15,BR398,TPE,EVA Air,B-16721,2026-03-15 12:35,2026-03-15 13:01,26.0,26.0,0.0,4320.0,,1.0,4320.0,,matched,complete
HAN,2026-03-15,MH753,KUL,Malaysia Airlines,9M-MXL,2026-03-15 13:00,2026-03-15 13:17,17.0,17.0,17.0,4320.0,,1.0,4320.0,,matched,complete
HAN,2026-03-15,ZH122,CAN,Shenzhen Airlines,B-5402,2026-03-15 13:45,2026-03-15 14:16,31.0,31.0,0.0,4320.0,,1.0,4320.0,,matched,complete
HAN,2026-03-15,CI794,TPE,China Airlines,B-18106,2026-03-15 17:30,2026-03-15 18:02,32.0,32.0,0.0,4320.0,,1.0,4320.0,,matched,complete
HAN,2026-03-15,FD1039,LPQ,AirAsia,HS-BBA,2026-03-15 17:45,2026-03-15 18:09,24.0,24.0,0.0,4320.0,,1.0,4320.0,,matched,complete
HAN,2026-03-15,6E1634,DEL,IndiGo,VT-IXA,2026-03-15 17:55,2026-03-15 18:20,25.0,25.0,0.0,4320.0,,1.0,4320.0,,matched,complete
HAN,2026-03-15,CA756,PVG,Air China,B-6885,2026-03-15 18:15,2026-03-15 18:46,31.0,31.0,0.0,4320.0,,1.0,4320.0,,matched,complete
HAN,2026-03-15,BR386,TPE,EVA Air,B-16222,2026-03-15 18:20,2026-03-15 18:52,32.0,32.0,0.0,4320.0,,1.0,4320.0,,matched,complete
HAN,2026-03-15,SQ193,SIN,Singapore Airlines,9V-MBR,2026-03-15 18:25,2026-03-15 19:38,73.0,73.0,9.0,4320.0,,1.0,4320.0,,matched,complete
HAN,2026-03-15,HX529,HKG,Hong Kong Airlines,B-LPT,2026-03-15 19:50,2026-03-15 20:35,45.0,45.0,0.0,4320.0,,1.0,4320.0,,matched,complete
HAN,2026-03-15,TG565,BKK,Thai Airways,HS-TXB,2026-03-15 20:25,2026-03-15 20:54,29.0,29.0,0.0,4320.0,,1.0,4320.0,,matched,complete
HAN,2026-03-15,CV7956,HKG,Cargolux,LX-VCA,2026-03-15 19:20,2026-03-15 21:06,106.0,106.0,0.0,4320.0,,1.0,4320.0,,matched,complete
HAN,2026-03-15,CX3248,HKG,Cathay Pacific,B-LIE,2026-03-15 21:25,2026-03-15 21:59,34.0,34.0,0.0,4320.0,,1.0,4320.0,,matched,complete
HAN,2026-03-15,O9708,MAA,,VT-AFN,2026-03-15 18:05,2026-03-15 22:03,238.0,238.0,0.0,4320.0,,1.0,4320.0,,matched,complete
HAN,2026-03-15,TK165,IST,Turkish Airlines,TC-LGK,2026-03-15 22:55,2026-03-15 23:21,26.0,26.0,0.0,4320.0,,1.0,4320.0,,matched,complete
HAN,2026-03-15,KE448,ICN,Korean Air,HL8535,2026-03-15 23:05,2026-03-15 23:28,23.0,23.0,0.0,4320.0,,1.0,4320.0,,matched,complete
HAN,2026-03-15,OZ734,ICN,Asiana Airlines,HL8359,2026-03-15 23:50,2026-03-15 23:59,9.0,9.0,0.0,4320.0,,1.0,4320.0,,matched,complete
HAN,2026-03-16,NX981,MFM,Air Macau,B-MBU,2026-03-15 23:00,2026-03-16 00:02,62.0,62.0,-15.0,4320.0,,1.0,4320.0,,matched,complete
HAN,2026-03-16,OZ734,ICN,Asiana Airlines,HL8362,2026-03-15 23:50,2026-03-16 00:04,14.0,14.0,0.0,4320.0,,1.0,4320.0,,matched,complete
HAN,2026-03-16,JL752,NRT,Japan Airlines,JA606J,2026-03-15 23:55,2026-03-16 00:10,15.0,15.0,0.0,4320.0,,1.0,4320.0,,matched,complete
HAN,2026-03-16,NH898,NRT,All Nippon Airways,JA928A,2026-03-16 00:25,2026-03-16 00:31,6.0,6.0,0.0,4320.0,,1.0,4320.0,,matched,complete
HAN,2026-03-16,EK395,DXB,Emirates,A6-EPT,2026-03-16 00:25,2026-03-16 00:40,15.0,15.0,0.0,4320.0,,1.0,4320.0,,matched,complete
HAN,2026-03-16,7C2202,ICN,Jeju Air,HL8593,2026-03-16 01:40,2026-03-16 01:45,5.0,5.0,0.0,4320.0,,1.0,4320.0,,matched,complete
HAN,2026-03-16,HO1330,PVG,Juneyao Air,B-8459,2026-03-16 02:00,2026-03-16 02:02,2.0,2.0,0.0,4320.0,,1.0,4320.0,,matched,complete
HAN,2026-03-16,ZH108,SZX,Shenzhen Airlines,B-6740,2026-03-16 02:10,2026-03-16 02:09,-1.0,0.0,0.0,4320.0,,1.0,4320.0,,matched,complete
HAN,2026-03-16,5J747,MNL,Cebu Pacific,RP-C4105,2026-03-16 02:00,2026-03-16 03:53,113.0,113.0,0.0,4320.0,,1.0,4320.0,,matched,complete
HAN,2026-03-16,KE362,ICN,Korean Air,HL8043,2026-03-16 04:20,2026-03-16 04:20,0.0,0.0,0.0,4320.0,,1.0,4320.0,,matched,complete
HAN,2026-03-16,EK9855,DWC,Emirates,A6-EFM,2026-03-16 03:00,2026-03-16 05:04,124.0,124.0,0.0,4320.0,,1.0,4320.0,,matched,complete
HAN,2026-03-16,BR6022,TPE,EVA Air,B-16781,2026-03-16 04:55,2026-03-16 07:39,164.0,164.0,0.0,4320.0,,1.0,4320.0,,matched,complete
HAN,2026-03-16,CZ372,CAN,China Southern Airlines,B-226J,2026-03-16 08:15,2026-03-16 08:27,12.0,12.0,0.0,4320.0,,1.0,4320.0,,matched,complete
HAN,2026-03-16,ZH102,SZX,Shenzhen Airlines,B-6740,2026-03-16 09:25,2026-03-16 09:36,11.0,11.0,0.0,4320.0,,1.0,4320.0,,matched,complete
HAN,2026-03-16,VJ915,SIN,VietJet Air,VN-A640,2026-03-16 09:35,2026-03-16 09:48,13.0,13.0,0.0,4320.0,,1.0,4320.0,,matched,complete
HAN,2026-03-16,TR301,SIN,Scoot,9V-OFC,2026-03-16 09:40,2026-03-16 09:58,18.0,18.0,0.0,4320.0,,1.0,4320.0,,matched,complete
HAN,2026-03-16,TG561,BKK,Thai Airways,HS-TXA,2026-03-16 10:35,2026-03-16 10:53,18.0,18.0,0.0,4320.0,,1.0,4320.0,,matched,complete
HAN,2026-03-16,CI792,TPE,China Airlines,B-18311,2026-03-16 11:20,2026-03-16 11:34,14.0,14.0,0.0,4320.0,,1.0,4320.0,,matched,complete
HAN,2026-03-16,CA704,PVG,Air China,B-6742,2026-03-16 12:25,2026-03-16 12:28,3.0,3.0,0.0,4320.0,,1.0,4320.0,,matched,complete
HAN,2026-03-16,BR398,TPE,EVA Air,B-16722,2026-03-16 12:35,2026-03-16 12:54,19.0,19.0,0.0,4320.0,,1.0,4320.0,,matched,complete
HAN,2026-03-16,OD572,KUL,Batik Air,9M-LRT,2026-03-16 13:30,2026-03-16 13:37,7.0,7.0,0.0,4320.0,,1.0,4320.0,,matched,complete
HAN,2026-03-16,OZ730,ICN,Asiana Airlines,HL8284,2026-03-16 13:30,2026-03-16 13:47,17.0,17.0,0.0,4320.0,,1.0,4320.0,,matched,complete
HAN,2026-03-16,ZH104,SZX,Shenzhen Airlines,B-6296,2026-03-16 14:55,2026-03-16 14:56,1.0,1.0,0.0,4320.0,,1.0,4320.0,,matched,complete
HAN,2026-03-16,BR6062,TPE,EVA Air,B-16783,2026-03-16 12:55,2026-03-16 15:04,129.0,129.0,0.0,4320.0,,1.0,4320.0,,matched,complete
HAN,2026-03-16,FD871,CNX,AirAsia,HS-ABU,2026-03-16 15:20,2026-03-16 15:31,11.0,11.0,0.0,4320.0,,1.0,4320.0,,matched,complete
HAN,2026-03-16,MU6012,PVG,China Eastern Airlines,B-6886,2026-03-16 15:10,2026-03-16 15:34,24.0,24.0,0.0,4320.0,,1.0,4320.0,,matched,complete
HAN,2026-03-16,CI6596,TPE,China Airlines,B-18723,2026-03-16 15:25,2026-03-16 15:49,24.0,24.0,0.0,4320.0,,1.0,4320.0,,matched,complete
HAN,2026-03-16,CZ8470,SZX,China Southern Airlines,B-6659,2026-03-16 16:10,2026-03-16 16:11,1.0,1.0,0.0,4320.0,,1.0,4320.0,,matched,complete
HAN,2026-03-16,MU9606,KMG,China Eastern Airlines,B-1306,2026-03-16 16:15,2026-03-16 16:32,17.0,17.0,0.0,4320.0,,1.0,4320.0,,matched,complete
HAN,2026-03-16,MF8698,FOC,Xiamen Air,B-6887,2026-03-16 16:20,2026-03-16 16:42,22.0,22.0,0.0,4320.0,,1.0,4320.0,,matched,complete
HAN,2026-03-16,FD1039,LPQ,AirAsia,HS-BBJ,2026-03-16 17:45,2026-03-16 18:10,25.0,25.0,0.0,4320.0,,1.0,4320.0,,matched,complete
HAN,2026-03-16,BR386,TPE,EVA Air,B-16221,2026-03-16 18:20,2026-03-16 18:27,7.0,7.0,0.0,4320.0,,1.0,4320.0,,matched,complete
HAN,2026-03-16,ZH106,SZX,Shenzhen Airlines,B-1938,2026-03-16 19:40,2026-03-16 19:51,11.0,11.0,0.0,4320.0,,1.0,4320.0,,matched,complete
HAN,2026-03-16,TK6233,IST,Turkish Airlines,TC-LJT,2026-03-16 20:00,2026-03-16 20:26,26.0,26.0,0.0,4320.0,,1.0,4320.0,,matched,complete
HAN,2026-03-16,HX529,HKG,Hong Kong Airlines,B-LPL,2026-03-16 19:50,2026-03-16 21:09,79.0,79.0,0.0,4320.0,,1.0,4320.0,,matched,complete
HAN,2026-03-16,CX742,HKG,Cathay Pacific,B-HNN,2026-03-16 19:30,2026-03-16 21:47,137.0,137.0,0.0,4320.0,,1.0,4320.0,,matched,complete
HAN,2026-03-16,TK165,IST,Turkish Airlines,TC-LGJ,2026-03-16 22:55,2026-03-16 23:15,20.0,20.0,0.0,4320.0,,1.0,4320.0,,matched,complete
HAN,2026-03-16,KE448,ICN,Korean Air,HL7206,2026-03-16 23:05,2026-03-16 23:55,50.0,50.0,0.0,4320.0,,1.0,4320.0,,matched,complete
DAD,2025-12-20,FD639,DMK,Thai Air Asia,HS-CBM,2025-12-20 18:50,2025-12-20 20:05,75.0,75.0,0.0,4320.0,,1.0,4320.0,,matched,complete
DAD,2025-12-23,FD637,DMK,Thai Air Asia,HS-ABT,2025-12-23 12:40,2025-12-23 13:30,50.0,50.0,0.0,4320.0,,1.0,4320.0,,matched,complete
DAD,2025-12-23,FD639,DMK,Thai Air Asia,HS-BBV,2025-12-23 18:50,2025-12-23 19:35,45.0,45.0,0.0,4320.0,,1.0,4320.0,,matched,complete
DAD,2025-12-24,5J5757,MNL,Cebu Pacific,RP-C4116,2025-12-24 22:30,2025-12-24 23:15,45.0,45.0,0.0,4320.0,,1.0,4320.0,,matched,complete
DAD,2025-12-25,TW26,CJJ,T'Way Air,HL8579,2025-12-25 01:05,2025-12-25 01:30,25.0,25.0,5.0,4320.0,,1.0,4320.0,,matched,complete
DAD,2025-12-25,IT552,TPE,Tigerair Taiwan,B-50008,2025-12-25 20:00,2025-12-25 21:40,100.0,100.0,-30.0,4320.0,,1.0,4320.0,,matched,complete
DAD,2025-12-27,CI788,TPE,China Airlines,B-18103,2025-12-27 10:20,2025-12-27 11:20,60.0,60.0,38.0,4320.0,,1.0,4320.0,,matched,complete
DAD,2025-12-27,SQ173,SIN,Singapore Airlines,9V-MBG,2025-12-27 16:30,2025-12-27 17:30,60.0,60.0,-12.0,4320.0,,1.0,4320.0,,matched,complete
DAD,2025-12-28,TW26,CJJ,T'Way Air,HL8579,2025-12-28 01:05,2025-12-28 01:35,30.0,30.0,5.0,4320.0,,1.0,4320.0,,matched,complete
DAD,2025-12-29,OD503,KUL,Batik Air Malaysia,9M-LRR,2025-12-29 13:05,2025-12-29 14:20,75.0,75.0,0.0,4320.0,,1.0,4320.0,,matched,complete
DAD,2025-12-30,RS512,ICN,Air Seoul,HL8073,2025-12-30 00:40,2025-12-30 02:10,90.0,90.0,45.0,4320.0,,1.0,4320.0,,matched,complete
DAD,2026-01-01,TW26,CJJ,T'Way Air,HL8579,2026-01-01 01:05,2026-01-01 01:50,45.0,45.0,5.0,4320.0,,1.0,4320.0,,matched,complete
DAD,2026-01-01,UO559,HKG,Hong Kong Express Airways,B-LEJ,2026-01-01 18:30,2026-01-01 19:40,70.0,70.0,-10.0,4320.0,,1.0,4320.0,,matched,complete
DAD,2026-01-03,5J5757,MNL,Cebu Pacific,RP-C4127,2026-01-03 22:30,2026-01-03 23:00,30.0,30.0,0.0,4320.0,,1.0,4320.0,,matched,complete
DAD,2026-01-04,RS512,ICN,Air Seoul,HL8073,2026-01-04 00:40,2026-01-04 01:55,75.0,75.0,65.0,4320.0,,1.0,4320.0,,matched,complete
DAD,2026-01-04,TW26,CJJ,T'Way Air,HL8579,2026-01-04 01:05,2026-01-04 01:30,25.0,25.0,5.0,4320.0,,1.0,4320.0,,matched,complete
DAD,2026-01-04,FD639,DMK,Thai Air Asia,HS-BBP,2026-01-04 18:50,2026-01-04 19:30,40.0,40.0,10.0,4320.0,,1.0,4320.0,,matched,complete
DAD,2026-01-05,FD639,DMK,Thai Air Asia,HS-CBM,2026-01-05 18:50,2026-01-05 19:50,60.0,60.0,0.0,4320.0,,1.0,4320.0,,matched,complete
DAD,2026-01-07,AK643,KUL,Air Asia,9M-AGY,2026-01-07 11:20,2026-01-07 12:30,70.0,70.0,0.0,4320.0,,1.0,4320.0,,matched,complete
DAD,2026-01-07,AK641,KUL,Air Asia,9M-AQF,2026-01-07 15:45,2026-01-07 17:10,85.0,85.0,-10.0,4320.0,,1.0,4320.0,,matched,complete
DAD,2026-01-07,FD639,DMK,Thai Air Asia,HS-ABW,2026-01-07 18:50,2026-01-07 20:00,70.0,70.0,0.0,4320.0,,1.0,4320.0,,matched,complete
DAD,2026-01-08,TW26,CJJ,T'Way Air,HL8579,2026-01-08 01:05,2026-01-08 01:30,25.0,25.0,5.0,4320.0,,1.0,4320.0,,matched,complete
DAD,2026-01-08,SQ171,SIN,Singapore Airlines,9V-MBB,2026-01-08 11:50,2026-01-08 14:00,130.0,130.0,0.0,4320.0,,1.0,4320.0,,matched,complete
DAD,2026-01-08,FD639,DMK,Thai Air Asia,HS-ABJ,2026-01-08 18:50,2026-01-08 19:40,50.0,50.0,0.0,4320.0,,1.0,4320.0,,matched,complete
DAD,2026-01-09,FD639,DMK,Thai Air Asia,HS-CBF,2026-01-09 18:50,2026-01-09 20:25,95.0,95.0,0.0,4320.0,,1.0,4320.0,,matched,complete
DAD,2026-01-10,AK643,KUL,Air Asia,9M-AGG,2026-01-10 11:20,2026-01-10 11:55,35.0,35.0,0.0,4320.0,,1.0,4320.0,,matched,complete
DAD,2026-01-10,TR315,SIN,Scoot,9V-NCK,2026-01-10 17:35,2026-01-10 18:40,65.0,65.0,-5.0,4320.0,,1.0,4320.0,,matched,complete
DAD,2026-01-10,FD639,DMK,Thai Air Asia,HS-BBP,2026-01-10 18:50,2026-01-10 19:50,60.0,60.0,0.0,4320.0,,1.0,4320.0,,matched,complete
DAD,2026-01-11,TW26,CJJ,T'Way Air,HL8579,2026-01-11 01:05,2026-01-11 02:00,55.0,55.0,5.0,4320.0,,1.0,4320.0,,matched,complete
DAD,2026-01-11,SQ173,SIN,Singapore Airlines,9V-MBP,2026-01-11 16:30,2026-01-11 17:30,60.0,60.0,-15.0,4320.0,,1.0,4320.0,,matched,complete
DAD,2026-01-12,AK641,KUL,Air Asia,9M-AQF,2026-01-12 15:45,2026-01-12 17:30,105.0,105.0,90.0,4320.0,,1.0,4320.0,,matched,complete
DAD,2026-01-13,TW14,ICN,T'Way Air,HL8300,2026-01-13 01:30,2026-01-13 02:50,80.0,80.0,-20.0,4320.0,,1.0,4320.0,,matched,complete
DAD,2026-01-13,AK649,KUL,Air Asia,9M-AJZ,2026-01-13 12:20,2026-01-13 13:05,45.0,45.0,0.0,4320.0,,1.0,4320.0,,matched,complete
DAD,2026-01-15,TW26,CJJ,T'Way Air,HL8579,2026-01-15 01:05,2026-01-15 01:40,35.0,35.0,5.0,4320.0,,1.0,4320.0,,matched,complete
DAD,2026-01-15,VJ581,CXR,VietJet Air,VN-A640,2026-01-15 15:35,2026-01-15 15:35,0.0,0.0,70.0,4320.0,,1.0,4320.0,,matched,complete
DAD,2026-01-15,IT552,TPE,Tigerair Taiwan,B-50021,2026-01-15 20:00,2026-01-15 20:55,55.0,55.0,26.0,4320.0,,1.0,4320.0,,matched,complete
DAD,2026-01-18,RS512,ICN,Air Seoul,HL8073,2026-01-18 00:40,2026-01-18 02:20,100.0,100.0,117.0,4320.0,,1.0,4320.0,,matched,complete
DAD,2026-01-18,VJ627,SGN,VietJet Air,VN-A642,2026-01-18 11:15,2026-01-18 11:15,0.0,0.0,28.0,4320.0,,1.0,4320.0,,matched,complete
DAD,2026-01-18,AK641,KUL,Air Asia,9M-RAA,2026-01-18 15:45,2026-01-18 17:50,125.0,125.0,0.0,4320.0,,1.0,4320.0,,matched,complete
DAD,2026-01-21,RS512,ICN,Air Seoul,HL8072,2026-01-21 00:40,2026-01-21 01:50,70.0,70.0,43.0,4320.0,,1.0,4320.0,,matched,complete
DAD,2026-01-21,PR586,MNL,Philippine Airlines,RP-C9930,2026-01-21 12:25,2026-01-21 16:30,245.0,240.0,0.0,4320.0,,1.0,4320.0,,matched,complete
DAD,2026-01-21,FD637,DMK,Thai Air Asia,HS-BBB,2026-01-21 12:40,2026-01-21 13:25,45.0,45.0,0.0,4320.0,,1.0,4320.0,,matched,complete
DAD,2026-01-21,OD503,KUL,Batik Air Malaysia,9M-LRM,2026-01-21 13:05,2026-01-21 15:45,160.0,160.0,17.0,4320.0,,1.0,4320.0,,matched,complete
DAD,2026-01-22,TW26,CJJ,T'Way Air,HL8579,2026-01-22 01:05,2026-01-22 01:30,25.0,25.0,5.0,4320.0,,1.0,4320.0,,matched,complete
DAD,2026-01-22,VJ1965,BKK,VietJet Air,VN-A671,2026-01-22 07:00,2026-01-22 07:00,0.0,0.0,11.0,4320.0,,1.0,4320.0,,matched,complete
DAD,2026-01-23,VZ961,BKK,Thai Vietjet,HS-VKG,2026-01-23 13:15,2026-01-23 14:25,70.0,70.0,10.0,4320.0,,1.0,4320.0,,matched,complete
DAD,2026-01-23,VJ631,SGN,VietJet Air,VN-A685,2026-01-23 15:00,2026-01-23 15:40,40.0,40.0,0.0,4320.0,,1.0,4320.0,,matched,complete
DAD,2026-01-25,RS512,ICN,Air Seoul,HL8073,2026-01-25 00:40,2026-01-25 02:55,135.0,135.0,40.0,4320.0,,1.0,4320.0,,matched,complete
DAD,2026-01-25,TW26,CJJ,T'Way Air,HL8579,2026-01-25 01:05,2026-01-25 01:25,20.0,20.0,5.0,4320.0,,1.0,4320.0,,matched,complete
DAD,2026-01-27,FD639,DMK,Thai Air Asia,HS-BBP,2026-01-27 18:50,2026-01-27 19:50,60.0,60.0,0.0,4320.0,,1.0,4320.0,,matched,complete
DAD,2026-01-28,AK641,KUL,Air Asia,9M-AJD,2026-01-28 15:45,2026-01-28 18:55,190.0,190.0,12.0,4320.0,,1.0,4320.0,,matched,complete
DAD,2026-01-28,TR315,SIN,Scoot,9V-NCL,2026-01-28 17:35,2026-01-28 18:15,40.0,40.0,0.0,4320.0,,1.0,4320.0,,matched,complete
DAD,2026-01-29,TW26,CJJ,T'Way Air,HL8579,2026-01-29 01:05,2026-01-29 01:15,10.0,10.0,5.0,4320.0,,1.0,4320.0,,matched,complete
DAD,2026-01-29,AK649,KUL,Air Asia,9M-AHY,2026-01-29 12:20,2026-01-29 12:55,35.0,35.0,0.0,4320.0,,1.0,4320.0,,matched,complete
DAD,2026-02-01,TW26,CJJ,T'Way Air,HL8579,2026-02-01 01:05,2026-02-01 01:45,40.0,40.0,5.0,4320.0,,1.0,4320.0,,matched,complete
DAD,2026-02-03,AK641,KUL,Air Asia,9M-AQD,2026-02-03 15:45,2026-02-03 16:20,35.0,35.0,0.0,4320.0,,1.0,4320.0,,matched,complete
DAD,2026-02-03,VZ963,BKK,Thai Vietjet,HS-VKN,2026-02-03 18:10,2026-02-03 18:25,15.0,15.0,3.0,4320.0,,1.0,4320.0,,matched,complete
DAD,2026-02-04,RS512,ICN,Air Seoul,HL7790,2026-02-04 00:40,2026-02-04 02:05,85.0,85.0,35.0,4320.0,,1.0,4320.0,,matched,complete
DAD,2026-02-04,CI788,TPE,China Airlines,B-18102,2026-02-04 10:20,2026-02-04 11:50,90.0,90.0,10.0,4320.0,,1.0,4320.0,,matched,complete
DAD,2026-02-04,FD637,DMK,Thai Air Asia,HS-BBD,2026-02-04 12:40,2026-02-04 13:10,30.0,30.0,0.0,4320.0,,1.0,4320.0,,matched,complete
DAD,2026-02-04,VZ961,BKK,Thai Vietjet,HS-VKR,2026-02-04 13:15,2026-02-04 14:55,100.0,100.0,15.0,4320.0,,1.0,4320.0,,matched,complete
DAD,2026-02-04,FD639,DMK,Thai Air Asia,HS-BBG,2026-02-04 18:50,2026-02-04 19:20,30.0,30.0,0.0,4320.0,,1.0,4320.0,,matched,complete
DAD,2026-02-05,VJ504,HAN,VietJet Air,VN-A693,2026-02-05 07:45,2026-02-05 07:45,0.0,0.0,-15.0,4320.0,,1.0,4320.0,,matched,complete
DAD,2026-02-05,VJ629,SGN,VietJet Air,VN-A683,2026-02-05 07:50,2026-02-05 07:50,0.0,0.0,0.0,4320.0,,1.0,4320.0,,matched,complete
DAD,2026-02-06,UO559,HKG,Hong Kong Express Airways,B-LEL,2026-02-06 18:30,2026-02-06 19:15,45.0,45.0,5.0,4320.0,,1.0,4320.0,,matched,complete
DAD,2026-02-07,PR586,MNL,Philippine Airlines,RP-C9905,2026-02-07 14:30,2026-02-07 19:10,280.0,240.0,0.0,4320.0,,1.0,4320.0,,matched,complete
DAD,2026-02-07,IT586,KHH,Tigerair Taiwan,B-50005,2026-02-07 19:15,2026-02-07 20:20,65.0,65.0,-20.0,4320.0,,1.0,4320.0,,matched,complete
DAD,2026-02-08,RS512,ICN,Air Seoul,HL8073,2026-02-08 00:40,2026-02-08 02:20,100.0,100.0,43.0,4320.0,,1.0,4320.0,,matched,complete
DAD,2026-02-09,RF532,CJJ,Aero-K Airlines,HL8385,2026-02-09 02:00,2026-02-09 04:15,135.0,135.0,50.0,4320.0,,1.0,4320.0,,matched,complete
DAD,2026-02-09,OD503,KUL,Batik Air Malaysia,9M-LRW,2026-02-09 13:05,2026-02-09 14:20,75.0,75.0,0.0,4320.0,,1.0,4320.0,,matched,complete
DAD,2026-02-09,5J5757,MNL,Cebu Pacific,RP-C4149,2026-02-09 22:30,2026-02-09 23:20,50.0,50.0,0.0,4320.0,,1.0,4320.0,,matched,complete
DAD,2026-02-10,UO559,HKG,Hong Kong Express Airways,B-LEJ,2026-02-10 18:30,2026-02-10 20:00,90.0,90.0,-10.0,4320.0,,1.0,4320.0,,matched,complete
DAD,2026-02-11,TW30,TAE,T'Way Air,HL8324,2026-02-11 01:00,2026-02-11 02:40,100.0,100.0,-25.0,4320.0,,1.0,4320.0,,matched,complete
DAD,2026-02-11,FD637,DMK,Thai Air Asia,HS-BBV,2026-02-11 12:40,2026-02-11 13:25,45.0,45.0,0.0,4320.0,,1.0,4320.0,,matched,complete
DAD,2026-02-11,7C2212,ICN,Jeju Air,HL8090,2026-02-11 14:25,2026-02-11 16:10,105.0,105.0,10.0,4320.0,,1.0,4320.0,,matched,complete
DAD,2026-02-12,FD639,DMK,Thai Air Asia,HS-ABS,2026-02-12 18:50,2026-02-12 19:20,30.0,30.0,0.0,4320.0,,1.0,4320.0,,matched,complete
DAD,2026-02-13,FD637,DMK,Thai Air Asia,HS-BBF,2026-02-13 12:40,2026-02-13 14:00,80.0,80.0,0.0,4320.0,,1.0,4320.0,,matched,complete
DAD,2026-02-13,TR315,SIN,Scoot,9V-NCE,2026-02-13 17:35,2026-02-13 18:35,60.0,60.0,90.0,4320.0,,1.0,4320.0,,matched,complete
DAD,2026-02-14,HX549,HKG,Hong Kong Airlines,B-LPW,2026-02-14 16:55,2026-02-14 20:10,195.0,195.0,-4.0,4320.0,,1.0,4320.0,,matched,complete
DAD,2026-02-14,FD639,DMK,Thai Air Asia,HS-ABR,2026-02-14 18:50,2026-02-14 19:45,55.0,55.0,0.0,4320.0,,1.0,4320.0,,matched,complete
DAD,2026-02-15,VZ961,BKK,Thai Vietjet,HS-VKT,2026-02-15 13:15,2026-02-15 13:50,35.0,35.0,-15.0,4320.0,,1.0,4320.0,,matched,complete
DAD,2026-02-16,AK641,KUL,Air Asia,9M-DAB,2026-02-16 15:45,2026-02-16 17:45,120.0,120.0,0.0,4320.0,,1.0,4320.0,,matched,complete
DAD,2026-02-16,FD639,DMK,Thai Air Asia,HS-ABC,2026-02-16 18:50,2026-02-16 20:10,80.0,80.0,0.0,4320.0,,1.0,4320.0,,matched,complete
DAD,2026-02-18,RS512,ICN,Air Seoul,HL7212,2026-02-18 00:40,2026-02-18 02:30,110.0,110.0,70.0,4320.0,,1.0,4320.0,,matched,complete
DAD,2026-02-18,FD637,DMK,Thai Air Asia,HS-CBJ,2026-02-18 12:40,2026-02-18 13:25,45.0,45.0,30.0,4320.0,,1.0,4320.0,,matched,complete
DAD,2026-02-19,RS512,ICN,Air Seoul,HL8255,2026-02-19 00:40,2026-02-19 01:40,60.0,60.0,43.0,4320.0,,1.0,4320.0,,matched,complete
DAD,2026-02-19,AK641,KUL,Air Asia,9M-AJA,2026-02-19 15:45,2026-02-19 16:15,30.0,30.0,0.0,4320.0,,1.0,4320.0,,matched,complete
DAD,2026-02-19,FD639,DMK,Thai Air Asia,HS-BBO,2026-02-19 18:50,2026-02-19 19:25,35.0,35.0,0.0,4320.0,,1.0,4320.0,,matched,complete
DAD,2026-02-20,AK641,KUL,Air Asia,9M-AQI,2026-02-20 15:45,2026-02-20 16:15,30.0,30.0,0.0,4320.0,,1.0,4320.0,,matched,complete
DAD,2026-02-20,FD639,DMK,Thai Air Asia,HS-CBK,2026-02-20 18:50,2026-02-20 19:30,40.0,40.0,0.0,4320.0,,1.0,4320.0,,matched,complete
DAD,2026-02-22,RS512,ICN,Air Seoul,HL8073,2026-02-22 00:40,2026-02-22 03:50,190.0,190.0,10.0,4320.0,,1.0,4320.0,,matched,complete
DAD,2026-02-23,VZ963,BKK,Thai Vietjet,HS-VKL,2026-02-23 18:10,2026-02-23 19:45,95.0,95.0,-5.0,4320.0,,1.0,4320.0,,matched,complete
DAD,2026-02-24,AK641,KUL,Air Asia,9M-AJZ,2026-02-24 15:45,2026-02-24 17:10,85.0,85.0,8.0,4320.0,,1.0,4320.0,,matched,complete
DAD,2026-02-24,IT586,KHH,Tigerair Taiwan,B-50026,2026-02-24 19:15,2026-02-24 20:10,55.0,55.0,31.0,4320.0,,1.0,4320.0,,matched,complete
DAD,2026-02-25,AK649,KUL,Air Asia,9M-RAR,2026-02-25 12:20,2026-02-25 13:20,60.0,60.0,30.0,4320.0,,1.0,4320.0,,matched,complete
DAD,2026-02-25,AK641,KUL,Air Asia,9M-AQF,2026-02-25 15:45,2026-02-25 16:45,60.0,60.0,0.0,4320.0,,1.0,4320.0,,matched,complete
DAD,2026-02-25,TR315,SIN,Scoot,9V-NCC,2026-02-25 17:35,2026-02-25 18:50,75.0,75.0,20.0,4320.0,,1.0,4320.0,,matched,complete
DAD,2026-02-25,IT586,KHH,Tigerair Taiwan,B-50017,2026-02-25 18:25,2026-02-25 19:30,65.0,65.0,-8.0,4320.0,,1.0,4320.0,,matched,complete
DAD,2026-02-25,FD639,DMK,Thai Air Asia,HS-BBI,2026-02-25 18:50,2026-02-25 19:40,50.0,50.0,0.0,4320.0,,1.0,4320.0,,matched,complete
DAD,2026-02-26,TW26,CJJ,T'Way Air,HL8579,2026-02-26 01:05,2026-02-26 01:30,25.0,25.0,5.0,4320.0,,1.0,4320.0,,matched,complete
DAD,2026-02-26,AK641,KUL,Air Asia,9M-AFD,2026-02-26 15:45,2026-02-26 18:25,160.0,160.0,0.0,4320.0,,1.0,4320.0,,matched,complete
DAD,2026-02-27,VZ965,BKK,Thai Vietjet,HS-VKS,2026-02-27 10:40,2026-02-27 12:05,85.0,85.0,-5.0,4320.0,,1.0,4320.0,,matched,complete
DAD,2026-02-27,FD637,DMK,Thai Air Asia,HS-CBL,2026-02-27 12:40,2026-02-27 13:40,60.0,60.0,0.0,4320.0,,1.0,4320.0,,matched,complete
DAD,2026-02-28,AK641,KUL,Air Asia,9M-AGM,2026-02-28 15:45,2026-02-28 16:30,45.0,45.0,0.0,4320.0,,1.0,4320.0,,matched,complete
DAD,2026-02-28,FD639,DMK,Thai Air Asia,HS-ABW,2026-02-28 18:50,2026-02-28 19:20,30.0,30.0,0.0,4320.0,,1.0,4320.0,,matched,complete
DAD,2026-03-01,TW26,CJJ,T'Way Air,HL8579,2026-03-01 01:05,2026-03-01 01:30,25.0,25.0,5.0,4320.0,,1.0,4320.0,,matched,complete
DAD,2026-03-02,AK649,KUL,Air Asia,9M-AGO,2026-03-02 12:20,2026-03-02 13:05,45.0,45.0,0.0,4320.0,,1.0,4320.0,,matched,complete
DAD,2026-03-02,PR586,MNL,Philippine Airlines,RP-C8765,2026-03-02 12:25,2026-03-02 13:35,70.0,70.0,0.0,4320.0,,1.0,4320.0,,matched,complete
DAD,2026-03-02,VJ512,HAN,VietJet Air,VN-A677,2026-03-02 16:10,2026-03-02 17:10,60.0,60.0,20.0,4320.0,,1.0,4320.0,,matched,complete
DAD,2026-03-02,TR315,SIN,Scoot,9V-NCL,2026-03-02 17:35,2026-03-02 18:45,70.0,70.0,15.0,4320.0,,1.0,4320.0,,matched,complete
DAD,2026-03-03,IT586,KHH,Tigerair Taiwan,B-50021,2026-03-03 19:15,2026-03-03 20:05,50.0,50.0,0.0,4320.0,,1.0,4320.0,,matched,complete
DAD,2026-03-04,FD637,DMK,Thai Air Asia,HS-CBL,2026-03-04 12:40,2026-03-04 13:20,40.0,40.0,60.0,4320.0,,1.0,4320.0,,matched,complete
DAD,2026-03-04,SQ173,SIN,Singapore Airlines,9V-MBE,2026-03-04 16:30,2026-03-04 17:30,60.0,60.0,-8.0,4320.0,,1.0,4320.0,,matched,complete
DAD,2026-03-05,FD639,DMK,Thai Air Asia,HS-CBD,2026-03-05 18:50,2026-03-05 19:40,50.0,50.0,0.0,4320.0,,1.0,4320.0,,matched,complete
DAD,2026-03-06,FD639,DMK,Thai Air Asia,HS-CBI,2026-03-06 18:50,2026-03-06 19:25,35.0,35.0,0.0,4320.0,,1.0,4320.0,,matched,complete
DAD,2026-03-07,AK641,KUL,Air Asia,9M-RAA,2026-03-07 15:45,2026-03-07 16:35,50.0,50.0,0.0,4320.0,,1.0,4320.0,,matched,complete
DAD,2026-03-09,NX977,MFM,Air Macau,B-MCL,2026-03-09 00:30,2026-03-09 00:30,0.0,0.0,0.0,4320.0,,1.0,4320.0,,matched,complete
DAD,2026-03-09,LJ184,PUS,Jin Air,HL8224,2026-03-09 00:40,2026-03-09 00:40,0.0,0.0,-20.0,4320.0,,1.0,4320.0,,matched,complete
DAD,2026-03-09,BX774,PUS,Air Busan,HL8357,2026-03-09 00:45,2026-03-09 00:45,0.0,0.0,0.0,4320.0,,1.0,4320.0,,matched,complete
DAD,2026-03-09,PR586,MNL,Philippine Airlines,RP-C9936,2026-03-09 12:25,2026-03-09 15:55,210.0,210.0,0.0,4320.0,,1.0,4320.0,,matched,complete
DAD,2026-03-09,FD637,DMK,Thai Air Asia,HS-ABA,2026-03-09 12:40,2026-03-09 13:20,40.0,40.0,0.0,4320.0,,1.0,4320.0,,matched,complete
DAD,2026-03-09,FD639,DMK,Thai Air Asia,HS-CBF,2026-03-09 18:50,2026-03-09 19:25,35.0,35.0,0.0,4320.0,,1.0,4320.0,,matched,complete
DAD,2026-03-12,TW26,CJJ,T'Way Air,HL8579,2026-03-12 01:05,2026-03-12 01:35,30.0,30.0,5.0,4320.0,,1.0,4320.0,,matched,complete
DAD,2026-03-12,7C2218,ICN,Jeju Air,HL8063,2026-03-12 01:30,2026-03-12 02:30,60.0,60.0,10.0,4320.0,,1.0,4320.0,,matched,complete
DAD,2026-03-12,AK641,KUL,Air Asia,9M-AGQ,2026-03-12 15:45,2026-03-12 16:45,60.0,60.0,0.0,4320.0,,1.0,4320.0,,matched,complete
DAD,2026-03-14,VJ633,SGN,VietJet Air,VN-A643,2026-03-14 12:05,2026-03-14 12:05,0.0,0.0,6.0,4320.0,,1.0,4320.0,,matched,complete
DAD,2026-03-14,VZ961,BKK,Thai Vietjet,HS-VZC,2026-03-14 13:15,2026-03-14 14:25,70.0,70.0,0.0,4320.0,,1.0,4320.0,,matched,complete
DAD,2026-03-14,FD639,DMK,Thai Air Asia,HS-CBI,2026-03-14 18:50,2026-03-14 19:25,35.0,35.0,40.0,4320.0,,1.0,4320.0,,matched,complete
DAD,2026-03-15,7C2218,ICN,Jeju Air,HL8090,2026-03-15 01:30,2026-03-15 01:30,0.0,0.0,105.0,4320.0,,1.0,4320.0,,matched,complete
DAD,2026-03-16,FD635,DMK,Thai Air Asia,HS-EAA,2026-03-16 09:40,2026-03-16 09:40,0.0,0.0,0.0,4320.0,,1.0,4320.0,,matched,complete
DAD,2026-03-16,UO553,HKG,Hong Kong Express Airways,B-KKG,2026-03-16 10:05,2026-03-16 10:05,0.0,0.0,0.0,4320.0,,1.0,4320.0,,matched,complete
DAD,2026-03-16,AK643,KUL,Air Asia,9M-RAJ,2026-03-16 11:20,2026-03-16 11:45,25.0,25.0,0.0,4320.0,,1.0,4320.0,,matched,complete
DAD,2026-03-16,AK649,KUL,Air Asia,9M-AJD,2026-03-16 12:20,2026-03-16 12:20,0.0,0.0,0.0,4320.0,,1.0,4320.0,,matched,complete
DAD,2026-03-16,UO563,HKG,Hong Kong Express Airways,B-LCL,2026-03-16 12:25,2026-03-16 12:25,0.0,0.0,-5.0,4320.0,,1.0,4320.0,,matched,complete
DAD,2026-03-16,FD637,DMK,Thai Air Asia,HS-BBR,2026-03-16 12:40,2026-03-16 12:50,10.0,10.0,-5.0,4320.0,,1.0,4320.0,,matched,complete
DAD,2026-03-16,BR384,TPE,Eva Air,B-16337,2026-03-16 13:00,2026-03-16 13:00,0.0,0.0,0.0,4320.0,,1.0,4320.0,,matched,complete
DAD,2026-03-16,OD503,KUL,Batik Air Malaysia,9M-LRQ,2026-03-16 13:05,2026-03-16 13:05,0.0,0.0,-11.0,4320.0,,1.0,4320.0,,matched,complete
DAD,2026-03-16,LJ82,ICN,Jin Air,HL8246,2026-03-16 13:30,2026-03-16 13:30,0.0,0.0,-4.0,4320.0,,1.0,4320.0,,matched,complete
DAD,2026-03-16,AK641,KUL,Air Asia,9M-AHV,2026-03-16 15:45,2026-03-16 16:15,30.0,30.0,0.0,4320.0,,1.0,4320.0,,matched,complete
DAD,2026-03-16,SQ173,SIN,Singapore Airlines,9V-MBO,2026-03-16 16:30,2026-03-16 16:30,0.0,0.0,11.0,4320.0,,1.0,4320.0,,matched,complete
DAD,2026-03-16,TR315,SIN,Scoot,9V-NCE,2026-03-16 17:35,2026-03-16 17:35,0.0,0.0,0.0,4320.0,,1.0,4320.0,,matched,complete
DAD,2026-03-16,JX704,TPE,Starlux Airlines,B-58208,2026-03-16 18:25,2026-03-16 18:25,0.0,0.0,0.0,4320.0,,1.0,4320.0,,matched,complete
DAD,2026-03-16,8M455,RGN,Myanmar Airways International,XY-ALK,2026-03-16 20:00,2026-03-16 20:00,0.0,0.0,0.0,4320.0,,1.0,4320.0,,matched,complete
DAD,2026-03-16,YP622,ICN,Air Premia,HL8704,2026-03-16 21:50,2026-03-16 21:50,0.0,0.0,-15.0,4320.0,,1.0,4320.0,,matched,complete
DAD,2026-03-16,5J5757,MNL,Cebu Pacific,RP-C4142,2026-03-16 22:30,2026-03-16 22:30,0.0,0.0,-28.0,4320.0,,1.0,4320.0,,matched,complete
DAD,2026-03-16,OZ756,ICN,Asiana Airlines,HL8582,2026-03-16 23:00,2026-03-16 23:00,0.0,0.0,3.0,4320.0,,1.0,4320.0,,matched,complete
DAD,2026-03-16,TW12,ICN,T'Way Air,HL8086,2026-03-16 23:35,2026-03-16 23:35,0.0,0.0,-5.0,4320.0,,1.0,4320.0,,matched,complete
DAD,2026-03-16,NX975,MFM,Air Macau,B-MCA,2026-03-16 23:55,2026-03-16 23:55,0.0,0.0,-9.0,4320.0,,1.0,4320.0,,matched,complete
