metric,value,Tail_Number,Missing_Link_Type,Prev_Missing_Link_Type,Standard_Turnaround,Imputed_Actual_Arrival,Imputed_Actual_Departure,Source_File,Source_Row_Index
rows,74723.0,,,,,,,,
imputed_link_count,1051.0,,,,,,,,
imputed_link_rate,0.014065281104880693,,,,,,,,
expected_audit_missing_links,1095.0,,,,,,,,
imputed_actual_arrival_rows,447.0,,,,,,,,
imputed_actual_departure_rows,618.0,,,,,,,,
arrival_imputation_max_error_seconds,0.0,,,,,,,,
departure_imputation_max_error_seconds,0.0,,,,,,,,
time_order_violations,0.0,,,,,,,,
summer_validation_sample_rows,0.0,,,,,,,,
feature_columns,75.0,,,,,,,,
imputed_tail_number,1.0,9H-MLE,,arrival_without_departure,50.0,2026-01-10 14:05:00,,sgn_flights_departure_silver_layer.csv,9389.0
imputed_tail_number,1.0,9H-MLE,,arrival_without_departure,50.0,2026-01-22 08:10:00,,dad_flights_departure_silver_layer.csv,4868.0
imputed_tail_number,1.0,9H-MLE,departure_without_arrival,,98.0,,2026-02-11 17:04:00,sgn_flights_departure_silver_layer.csv,22084.0
imputed_tail_number,1.0,9H-MLE,departure_without_arrival,,98.0,,2026-02-20 13:14:00,han_flights_departure_silver_layer.csv,20578.0
imputed_tail_number,1.0,9H-MLE,,arrival_without_departure,87.0,2026-02-22 10:03:00,,han_flights_departure_silver_layer.csv,21242.0
imputed_tail_number,1.0,9H-MLE,departure_without_arrival,,98.0,,2026-02-23 03:27:00,han_flights_departure_silver_layer.csv,21510.0
imputed_tail_number,1.0,9H-MLE,departure_without_arrival,,98.0,,2026-02-24 05:09:00,han_flights_departure_silver_layer.csv,21947.0
imputed_tail_number,1.0,9H-MLO,departure_without_arrival,,98.0,,2026-02-23 16:38:00,han_flights_departure_silver_layer.csv,21665.0
imputed_tail_number,1.0,9H-MLO,departure_without_arrival,,98.0,,2026-02-25 17:37:00,han_flights_departure_silver_layer.csv,22367.0
imputed_tail_number,1.0,9H-MLO,departure_without_arrival,,98.0,,2026-03-01 03:03:00,han_flights_departure_silver_layer.csv,23575.0
imputed_tail_number,1.0,9H-MLO,departure_without_arrival,,98.0,,2026-03-05 03:35:00,han_flights_departure_silver_layer.csv,24850.0
imputed_tail_number,1.0,9H-MLO,departure_without_arrival,,98.0,,2026-03-06 17:53:00,han_flights_departure_silver_layer.csv,25328.0
imputed_tail_number,1.0,9H-MLO,departure_without_arrival,,98.0,,2026-03-09 16:56:00,han_flights_departure_silver_layer.csv,26281.0
imputed_tail_number,1.0,9H-MLW,departure_without_arrival,,50.0,,2026-01-06 21:32:00,han_flights_departure_silver_layer.csv,6723.0
imputed_tail_number,1.0,9H-MLW,,arrival_without_departure,98.0,2026-01-07 05:27:00,,sgn_flights_departure_silver_layer.csv,8204.0
imputed_tail_number,1.0,9H-MLW,,arrival_without_departure,98.0,2026-01-18 17:32:00,,sgn_flights_departure_silver_layer.csv,12359.0
imputed_tail_number,1.0,9H-MLW,,arrival_without_departure,98.0,2026-01-19 11:37:00,,sgn_flights_departure_silver_layer.csv,12619.0
imputed_tail_number,1.0,9H-MLW,,arrival_without_departure,98.0,2026-01-19 17:32:00,,sgn_flights_departure_silver_layer.csv,12734.0
imputed_tail_number,1.0,9H-MLW,,arrival_without_departure,87.0,2026-01-22 08:38:00,,han_flights_departure_silver_layer.csv,11295.0
imputed_tail_number,1.0,9H-MLW,departure_without_arrival,,98.0,,2026-02-01 14:20:00,sgn_flights_departure_silver_layer.csv,17382.0
imputed_tail_number,1.0,9H-MLW,departure_without_arrival,,87.0,,2026-02-09 17:01:00,han_flights_departure_silver_layer.csv,17034.0
imputed_tail_number,1.0,9H-MLW,departure_without_arrival,,98.0,,2026-02-09 22:32:00,dad_flights_departure_silver_layer.csv,7386.0
imputed_tail_number,1.0,9H-MLW,departure_without_arrival,,98.0,,2026-02-13 21:47:00,dad_flights_departure_silver_layer.csv,7976.0
imputed_tail_number,1.0,9H-MLW,departure_without_arrival,,98.0,,2026-02-22 17:31:00,han_flights_departure_silver_layer.csv,21422.0
imputed_tail_number,1.0,9H-MLW,departure_without_arrival,,98.0,,2026-02-26 14:10:00,han_flights_departure_silver_layer.csv,22682.0
imputed_tail_number,1.0,9H-MLW,departure_without_arrival,,50.0,,2026-02-27 14:25:00,dad_flights_departure_silver_layer.csv,10124.0
imputed_tail_number,1.0,9H-MLW,departure_without_arrival,,98.0,,2026-02-28 06:48:00,sgn_flights_departure_silver_layer.csv,30157.0
imputed_tail_number,1.0,9H-MLW,departure_without_arrival,,98.0,,2026-02-28 13:00:00,sgn_flights_departure_silver_layer.csv,30274.0
imputed_tail_number,1.0,9H-MLW,,arrival_without_departure,98.0,2026-03-02 07:22:00,,sgn_flights_departure_silver_layer.csv,31100.0
imputed_tail_number,1.0,9H-MLX,,arrival_without_departure,87.0,2026-02-21 06:57:00,,han_flights_departure_silver_layer.csv,20844.0
imputed_tail_number,1.0,9M-AGH,departure_without_arrival,,86.0,,2026-02-14 21:23:00,han_flights_departure_silver_layer.csv,18817.0
imputed_tail_number,1.0,9M-AJI,departure_without_arrival,,98.0,,2026-02-23 14:37:00,han_flights_departure_silver_layer.csv,21627.0
imputed_tail_number,1.0,9M-AQF,departure_without_arrival,,98.0,,2026-02-27 11:57:00,han_flights_departure_silver_layer.csv,22978.0
imputed_tail_number,1.0,9M-MXF,departure_without_arrival,,90.0,,2026-02-27 11:36:00,han_flights_departure_silver_layer.csv,22981.0
imputed_tail_number,1.0,9V-NCH,departure_without_arrival,,111.0,,2026-02-23 09:49:00,han_flights_departure_silver_layer.csv,21556.0
imputed_tail_number,1.0,9V-SCI,departure_without_arrival,,116.0,,2026-02-21 20:22:00,han_flights_departure_silver_layer.csv,21033.0
imputed_tail_number,1.0,9V-SJI,departure_without_arrival,,128.0,,2026-02-24 17:23:00,han_flights_departure_silver_layer.csv,22011.0
imputed_tail_number,1.0,9V-SMK,departure_without_arrival,,128.0,,2026-03-09 16:56:00,han_flights_departure_silver_layer.csv,26277.0
imputed_tail_number,1.0,9V-TNJ,departure_without_arrival,,86.0,,2026-02-26 18:40:00,han_flights_departure_silver_layer.csv,22746.0
imputed_tail_number,1.0,B-1211,departure_without_arrival,,86.0,,2026-02-20 05:23:00,han_flights_departure_silver_layer.csv,20458.0
imputed_tail_number,1.0,B-18005,departure_without_arrival,,143.0,,2026-03-01 12:13:00,han_flights_departure_silver_layer.csv,23645.0
imputed_tail_number,1.0,B-18917,departure_without_arrival,,128.0,,2026-02-14 12:09:00,han_flights_departure_silver_layer.csv,18667.0
imputed_tail_number,1.0,B-324D,departure_without_arrival,,86.0,,2026-02-26 01:14:00,han_flights_departure_silver_layer.csv,22500.0
imputed_tail_number,1.0,B-324G,departure_without_arrival,,86.0,,2026-02-26 00:07:00,han_flights_departure_silver_layer.csv,22484.0
imputed_tail_number,1.0,B-5382,departure_without_arrival,,90.0,,2026-03-01 12:45:00,han_flights_departure_silver_layer.csv,23666.0
imputed_tail_number,1.0,B-5385,departure_without_arrival,,90.0,,2026-02-26 12:34:00,han_flights_departure_silver_layer.csv,22653.0
imputed_tail_number,1.0,B-5411,departure_without_arrival,,90.0,,2026-03-01 03:35:00,han_flights_departure_silver_layer.csv,23552.0
imputed_tail_number,1.0,B-5679,departure_without_arrival,,90.0,,2026-03-01 23:02:00,han_flights_departure_silver_layer.csv,23829.0
imputed_tail_number,1.0,B-5701,departure_without_arrival,,90.0,,2026-02-14 03:55:00,han_flights_departure_silver_layer.csv,18562.0
imputed_tail_number,1.0,B-6339,departure_without_arrival,,100.0,,2026-02-27 14:45:00,han_flights_departure_silver_layer.csv,23038.0
imputed_tail_number,1.0,B-652G,,arrival_without_departure,75.0,2026-02-07 11:09:00,,sgn_flights_departure_silver_layer.csv,19904.0
imputed_tail_number,1.0,B-652G,,arrival_without_departure,75.0,2026-02-07 11:15:00,,sgn_flights_departure_silver_layer.csv,19968.0
imputed_tail_number,1.0,B-652G,,arrival_without_departure,75.0,2026-02-26 11:05:00,,sgn_flights_departure_silver_layer.csv,29286.0
imputed_tail_number,1.0,B-656E,,arrival_without_departure,75.0,2026-02-26 11:43:00,,sgn_flights_departure_silver_layer.csv,29302.0
imputed_tail_number,1.0,B-7600,departure_without_arrival,,90.0,,2026-02-19 17:16:00,han_flights_departure_silver_layer.csv,20315.0
imputed_tail_number,1.0,B-8637,departure_without_arrival,,86.0,,2026-02-28 23:39:00,han_flights_departure_silver_layer.csv,23593.0
imputed_tail_number,1.0,ER-00005,,arrival_without_departure,87.0,2026-01-10 13:08:00,,han_flights_departure_silver_layer.csv,7830.0
imputed_tail_number,1.0,ER-00005,,arrival_without_departure,50.0,2026-01-15 18:50:00,,dad_flights_departure_silver_layer.csv,4021.0
imputed_tail_number,1.0,ER-00005,,arrival_without_departure,50.0,2026-01-16 18:50:00,,dad_flights_departure_silver_layer.csv,4153.0
imputed_tail_number,1.0,ER-00005,,arrival_without_departure,50.0,2026-01-17 18:50:00,,dad_flights_departure_silver_layer.csv,4278.0
imputed_tail_number,1.0,ER-00005,,arrival_without_departure,50.0,2026-01-18 18:50:00,,dad_flights_departure_silver_layer.csv,4414.0
imputed_tail_number,1.0,ER-00005,,arrival_without_departure,50.0,2026-01-19 18:50:00,,dad_flights_departure_silver_layer.csv,4544.0
imputed_tail_number,1.0,ER-00005,,arrival_without_departure,50.0,2026-01-20 18:50:00,,dad_flights_departure_silver_layer.csv,4678.0
imputed_tail_number,1.0,ER-00005,,arrival_without_departure,50.0,2026-01-21 18:50:00,,dad_flights_departure_silver_layer.csv,4814.0
imputed_tail_number,1.0,ER-00005,,arrival_without_departure,50.0,2026-01-22 18:50:00,,dad_flights_departure_silver_layer.csv,4951.0
imputed_tail_number,1.0,ER-00005,,arrival_without_departure,50.0,2026-01-24 18:50:00,,dad_flights_departure_silver_layer.csv,5212.0
imputed_tail_number,1.0,ER-00005,departure_without_arrival,,98.0,,2026-03-05 02:17:00,han_flights_departure_silver_layer.csv,24853.0
imputed_tail_number,1.0,ER-00005,departure_without_arrival,,87.0,,2026-03-16 22:58:00,han_flights_departure_silver_layer.csv,28491.0
imputed_tail_number,1.0,ER-00011,departure_without_arrival,,98.0,,2026-02-23 22:09:00,han_flights_departure_silver_layer.csv,21886.0
imputed_tail_number,1.0,HL8218,departure_without_arrival,,143.0,,2026-03-10 15:02:00,han_flights_departure_silver_layer.csv,26561.0
imputed_tail_number,1.0,HS-ABS,departure_without_arrival,,98.0,,2026-03-01 10:51:00,han_flights_departure_silver_layer.csv,23623.0
imputed_tail_number,1.0,HS-ABZ,departure_without_arrival,,98.0,,2026-02-22 10:54:00,han_flights_departure_silver_layer.csv,21221.0
imputed_tail_number,1.0,JA832J,departure_without_arrival,,137.0,,2026-02-23 07:48:00,han_flights_departure_silver_layer.csv,21536.0
imputed_tail_number,1.0,JA840A,departure_without_arrival,,137.0,,2026-03-09 02:02:00,han_flights_departure_silver_layer.csv,26140.0
imputed_tail_number,1.0,JU-1410,departure_without_arrival,,98.0,,2025-12-20 20:55:00,sgn_flights_departure_silver_layer.csv,1758.0
imputed_tail_number,1.0,JU-1410,,arrival_without_departure,98.0,2026-01-06 08:42:00,,sgn_flights_departure_silver_layer.csv,7898.0
imputed_tail_number,1.0,JU-1410,,arrival_without_departure,87.0,2026-01-09 11:48:00,,han_flights_departure_silver_layer.csv,7500.0
imputed_tail_number,1.0,JU-1410,,arrival_without_departure,98.0,2026-01-19 14:52:00,,sgn_flights_departure_silver_layer.csv,12673.0
imputed_tail_number,1.0,JU-1410,,arrival_without_departure,87.0,2026-01-22 11:48:00,,han_flights_departure_silver_layer.csv,11333.0
imputed_tail_number,1.0,JU-1410,,arrival_without_departure,98.0,2026-01-29 14:52:00,,sgn_flights_departure_silver_layer.csv,16282.0
imputed_tail_number,1.0,JU-1410,,arrival_without_departure,98.0,2026-02-10 14:52:00,,sgn_flights_departure_silver_layer.csv,21437.0
imputed_tail_number,1.0,JU-1410,,arrival_without_departure,98.0,2026-02-10 18:32:00,,sgn_flights_departure_silver_layer.csv,21518.0
imputed_tail_number,1.0,JU-1410,departure_without_arrival,,98.0,,2026-02-15 21:04:00,han_flights_departure_silver_layer.csv,19167.0
imputed_tail_number,1.0,JU-1410,departure_without_arrival,,98.0,,2026-02-25 04:01:00,han_flights_departure_silver_layer.csv,22202.0
imputed_tail_number,1.0,JU-1410,departure_without_arrival,,98.0,,2026-02-25 17:32:00,han_flights_departure_silver_layer.csv,22366.0
imputed_tail_number,1.0,JU-1410,departure_without_arrival,,98.0,,2026-02-28 21:20:00,sgn_flights_departure_silver_layer.csv,30575.0
imputed_tail_number,1.0,JU-1410,,arrival_without_departure,98.0,2026-03-08 14:52:00,,sgn_flights_departure_silver_layer.csv,33620.0
imputed_tail_number,1.0,JU-1410,departure_without_arrival,,98.0,,2026-03-10 17:12:00,han_flights_departure_silver_layer.csv,26606.0
imputed_tail_number,1.0,JU-1410,departure_without_arrival,,87.0,,2026-03-12 19:35:00,sgn_flights_departure_silver_layer.csv,35244.0
imputed_tail_number,1.0,LY-MLI,,arrival_without_departure,87.0,2026-01-08 08:38:00,,han_flights_departure_silver_layer.csv,7154.0
imputed_tail_number,1.0,LY-MLI,,arrival_without_departure,87.0,2026-02-18 18:48:00,,sgn_flights_departure_silver_layer.csv,25438.0
imputed_tail_number,1.0,LY-MLN,departure_without_arrival,,98.0,,2026-02-23 11:29:00,han_flights_departure_silver_layer.csv,21583.0
imputed_tail_number,1.0,LY-MLN,departure_without_arrival,,98.0,,2026-02-24 17:47:00,han_flights_departure_silver_layer.csv,22033.0
imputed_tail_number,1.0,LY-MLN,departure_without_arrival,,98.0,,2026-02-27 17:57:00,han_flights_departure_silver_layer.csv,23081.0
imputed_tail_number,1.0,LY-MLN,departure_without_arrival,,98.0,,2026-03-05 17:06:00,han_flights_departure_silver_layer.csv,25003.0
imputed_tail_number,1.0,LY-MLN,departure_without_arrival,,50.0,,2026-03-16 22:49:00,dad_flights_departure_silver_layer.csv,12510.0
imputed_tail_number,1.0,LY-NVG,,arrival_without_departure,87.0,2026-01-22 08:38:00,,han_flights_departure_silver_layer.csv,11296.0
imputed_tail_number,1.0,LY-NVG,departure_without_arrival,,98.0,,2026-02-19 14:06:00,han_flights_departure_silver_layer.csv,20336.0
imputed_tail_number,1.0,LY-NVG,departure_without_arrival,,87.0,,2026-02-23 16:51:00,han_flights_departure_silver_layer.csv,21722.0
imputed_tail_number,1.0,LY-NVG,,arrival_without_departure,98.0,2026-02-27 11:02:00,,sgn_flights_departure_silver_layer.csv,29822.0
imputed_tail_number,1.0,LY-NVG,,arrival_without_departure,98.0,2026-02-27 15:12:00,,sgn_flights_departure_silver_layer.csv,29925.0
imputed_tail_number,1.0,LY-NVG,,arrival_without_departure,98.0,2026-02-27 15:12:00,,han_flights_departure_silver_layer.csv,23101.0
imputed_tail_number,1.0,LY-NVG,departure_without_arrival,,98.0,,2026-03-09 18:30:00,han_flights_departure_silver_layer.csv,26353.0
imputed_tail_number,1.0,N26952,departure_without_arrival,,147.0,,2026-03-11 01:42:00,han_flights_departure_silver_layer.csv,26737.0
imputed_tail_number,1.0,PK-BBK,,arrival_without_departure,91.0,2025-12-25 05:39:00,,sgn_flights_departure_silver_layer.csv,3328.0
imputed_tail_number,1.0,PK-BBK,,arrival_without_departure,80.0,2026-01-08 15:10:00,,han_flights_departure_silver_layer.csv,7241.0
imputed_tail_number,1.0,PK-BBK,,arrival_without_departure,91.0,2026-01-17 18:04:00,,sgn_flights_departure_silver_layer.csv,12003.0
imputed_tail_number,1.0,PK-BBK,,arrival_without_departure,91.0,2026-01-19 11:44:00,,sgn_flights_departure_silver_layer.csv,12616.0
imputed_tail_number,1.0,PK-BBK,,arrival_without_departure,91.0,2026-01-19 18:04:00,,sgn_flights_departure_silver_layer.csv,12740.0
imputed_tail_number,1.0,PK-BBK,,arrival_without_departure,91.0,2026-01-20 05:39:00,,sgn_flights_departure_silver_layer.csv,12858.0
imputed_tail_number,1.0,PK-BBK,,arrival_without_departure,37.5,2026-02-15 01:42:30,,sgn_flights_departure_silver_layer.csv,23699.0
imputed_tail_number,1.0,PK-BBK,,arrival_without_departure,91.0,2026-02-19 18:39:00,,sgn_flights_departure_silver_layer.csv,25859.0
imputed_tail_number,1.0,TC-LLB,departure_without_arrival,,147.0,,2026-01-22 18:53:00,sgn_flights_departure_silver_layer.csv,15399.0
imputed_tail_number,1.0,VH-VKE,departure_without_arrival,,137.0,,2026-02-22 22:47:00,han_flights_departure_silver_layer.csv,21424.0
imputed_tail_number,1.0,VH-VKJ,departure_without_arrival,,137.0,,2026-02-07 00:24:00,han_flights_departure_silver_layer.csv,22520.0
imputed_tail_number,1.0,VN-A129,,arrival_without_departure,60.0,2026-01-22 10:05:00,,dad_flights_departure_silver_layer.csv,4879.0
imputed_tail_number,1.0,VN-A129,,arrival_without_departure,100.0,2026-01-24 07:20:00,,sgn_flights_departure_silver_layer.csv,14267.0
imputed_tail_number,1.0,VN-A129,,arrival_without_departure,100.0,2026-01-26 07:20:00,,sgn_flights_departure_silver_layer.csv,14989.0
imputed_tail_number,1.0,VN-A129,,arrival_without_departure,100.0,2026-01-31 07:20:00,,sgn_flights_departure_silver_layer.csv,16900.0
imputed_tail_number,1.0,VN-A129,,arrival_without_departure,60.0,2026-02-14 20:05:00,,han_flights_departure_silver_layer.csv,18859.0
imputed_tail_number,1.0,VN-A129,,arrival_without_departure,60.0,2026-02-23 07:30:00,,dad_flights_departure_silver_layer.csv,9373.0
imputed_tail_number,1.0,VN-A129,departure_without_arrival,arrival_without_departure,60.0,2026-02-28 08:45:00,2026-02-28 09:45:00,dad_flights_departure_silver_layer.csv,10156.0
imputed_tail_number,1.0,VN-A129,,arrival_without_departure,60.0,2026-02-28 09:50:00,,han_flights_departure_silver_layer.csv,23338.0
imputed_tail_number,1.0,VN-A129,,arrival_without_departure,60.0,2026-02-28 12:50:00,,sgn_flights_departure_silver_layer.csv,30349.0
imputed_tail_number,1.0,VN-A129,departure_without_arrival,,99.0,,2026-03-01 09:43:00,dad_flights_departure_silver_layer.csv,10311.0
imputed_tail_number,1.0,VN-A129,,arrival_without_departure,60.0,2026-03-01 12:50:00,,sgn_flights_departure_silver_layer.csv,30833.0
imputed_tail_number,1.0,VN-A129,departure_without_arrival,,60.0,,2026-03-07 11:20:00,dad_flights_departure_silver_layer.csv,11153.0
imputed_tail_number,1.0,VN-A129,,arrival_without_departure,60.0,2026-03-10 17:15:00,,dad_flights_departure_silver_layer.csv,11640.0
imputed_tail_number,1.0,VN-A136,,arrival_without_departure,87.0,2026-01-06 09:23:00,,han_flights_departure_silver_layer.csv,6553.0
imputed_tail_number,1.0,VN-A136,departure_without_arrival,,50.0,,2026-01-06 18:55:00,sgn_flights_departure_silver_layer.csv,8057.0
imputed_tail_number,1.0,VN-A136,,arrival_without_departure,87.0,2026-01-06 19:33:00,,han_flights_departure_silver_layer.csv,6714.0
imputed_tail_number,1.0,VN-A136,,arrival_without_departure,98.0,2026-01-18 11:47:00,,sgn_flights_departure_silver_layer.csv,12242.0
imputed_tail_number,1.0,VN-A136,,arrival_without_departure,50.0,2026-01-22 07:40:00,,dad_flights_departure_silver_layer.csv,4867.0
imputed_tail_number,1.0,VN-A136,,arrival_without_departure,98.0,2026-02-24 00:37:00,,han_flights_departure_silver_layer.csv,21832.0
imputed_tail_number,1.0,VN-A136,departure_without_arrival,,98.0,,2026-02-27 11:35:00,han_flights_departure_silver_layer.csv,23080.0
imputed_tail_number,1.0,VN-A136,departure_without_arrival,,98.0,,2026-02-27 17:51:00,sgn_flights_departure_silver_layer.csv,30024.0
imputed_tail_number,1.0,VN-A136,departure_without_arrival,,98.0,,2026-02-28 16:58:00,han_flights_departure_silver_layer.csv,23480.0
imputed_tail_number,1.0,VN-A136,departure_without_arrival,,98.0,,2026-03-02 00:05:00,sgn_flights_departure_silver_layer.csv,30960.0
imputed_tail_number,1.0,VN-A136,,arrival_without_departure,50.0,2026-03-14 05:55:00,,dad_flights_departure_silver_layer.csv,12121.0
imputed_tail_number,1.0,VN-A227,,arrival_without_departure,99.0,2025-12-16 06:01:00,,han_flights_departure_silver_layer.csv,56.0
imputed_tail_number,1.0,VN-A227,,arrival_without_departure,99.0,2026-01-06 18:51:00,,han_flights_departure_silver_layer.csv,6707.0
imputed_tail_number,1.0,VN-A227,,arrival_without_departure,99.0,2026-01-19 06:01:00,,han_flights_departure_silver_layer.csv,10411.0
imputed_tail_number,1.0,VN-A227,,arrival_without_departure,60.0,2026-01-19 17:40:00,,dad_flights_departure_silver_layer.csv,4537.0
imputed_tail_number,1.0,VN-A227,departure_without_arrival,,60.0,,2026-01-21 19:01:00,dad_flights_departure_silver_layer.csv,4803.0
imputed_tail_number,1.0,VN-A227,,arrival_without_departure,100.0,2026-01-21 21:45:00,,sgn_flights_departure_silver_layer.csv,13452.0
imputed_tail_number,1.0,VN-A227,departure_without_arrival,,100.0,,2026-01-24 00:14:00,sgn_flights_departure_silver_layer.csv,14156.0
imputed_tail_number,1.0,VN-A227,,arrival_without_departure,60.0,2026-01-30 17:20:00,,dad_flights_departure_silver_layer.csv,6004.0
imputed_tail_number,1.0,VN-A227,departure_without_arrival,,100.0,,2026-02-12 04:46:00,dad_flights_departure_silver_layer.csv,7710.0
imputed_tail_number,1.0,VN-A227,,arrival_without_departure,100.0,2026-02-12 13:40:00,,dad_flights_departure_silver_layer.csv,7782.0
imputed_tail_number,1.0,VN-A227,departure_without_arrival,,60.0,,2026-02-12 18:06:00,han_flights_departure_silver_layer.csv,18109.0
imputed_tail_number,1.0,VN-A227,departure_without_arrival,,99.0,,2026-02-14 21:40:00,sgn_flights_departure_silver_layer.csv,23650.0
imputed_tail_number,1.0,VN-A227,,arrival_without_departure,100.0,2026-03-01 04:35:00,,sgn_flights_departure_silver_layer.csv,30596.0
imputed_tail_number,1.0,VN-A227,departure_without_arrival,,60.0,,2026-03-04 18:17:00,dad_flights_departure_silver_layer.csv,10849.0
imputed_tail_number,1.0,VN-A227,,arrival_without_departure,100.0,2026-03-05 08:25:00,,sgn_flights_departure_silver_layer.csv,32335.0
imputed_tail_number,1.0,VN-A227,,arrival_without_departure,60.0,2026-03-09 17:15:00,,dad_flights_departure_silver_layer.csv,11500.0
imputed_tail_number,1.0,VN-A227,,arrival_without_departure,100.0,2026-03-10 07:00:00,,sgn_flights_departure_silver_layer.csv,34222.0
imputed_tail_number,1.0,VN-A227,departure_without_arrival,,60.0,,2026-03-12 14:27:00,dad_flights_departure_silver_layer.csv,11890.0
imputed_tail_number,1.0,VN-A227,departure_without_arrival,,100.0,,2026-03-17 00:28:00,sgn_flights_departure_silver_layer.csv,36733.0
imputed_tail_number,1.0,VN-A279,,arrival_without_departure,99.0,2025-12-19 08:03:00,,han_flights_departure_silver_layer.csv,941.0
imputed_tail_number,1.0,VN-A279,departure_without_arrival,,100.0,,2025-12-23 22:09:00,sgn_flights_departure_silver_layer.csv,2890.0
imputed_tail_number,1.0,VN-A279,departure_without_arrival,,100.0,,2025-12-24 16:16:00,sgn_flights_departure_silver_layer.csv,3146.0
imputed_tail_number,1.0,VN-A279,,arrival_without_departure,99.0,2025-12-27 06:42:00,,han_flights_departure_silver_layer.csv,3372.0
imputed_tail_number,1.0,VN-A279,,arrival_without_departure,99.0,2025-12-29 06:36:00,,han_flights_departure_silver_layer.csv,3999.0
imputed_tail_number,1.0,VN-A279,,arrival_without_departure,99.0,2026-01-01 06:40:00,,han_flights_departure_silver_layer.csv,4952.0
imputed_tail_number,1.0,VN-A279,departure_without_arrival,,99.0,,2026-01-07 01:03:00,han_flights_departure_silver_layer.csv,6789.0
imputed_tail_number,1.0,VN-A279,departure_without_arrival,,99.0,,2026-01-07 12:58:00,han_flights_departure_silver_layer.csv,6877.0
imputed_tail_number,1.0,VN-A279,departure_without_arrival,,99.0,,2026-01-07 19:06:00,han_flights_departure_silver_layer.csv,7013.0
imputed_tail_number,1.0,VN-A279,departure_without_arrival,,100.0,,2026-01-21 19:40:00,sgn_flights_departure_silver_layer.csv,13407.0
imputed_tail_number,1.0,VN-A279,,arrival_without_departure,100.0,2026-02-21 04:50:00,,sgn_flights_departure_silver_layer.csv,26544.0
imputed_tail_number,1.0,VN-A279,,arrival_without_departure,100.0,2026-02-24 10:40:00,,sgn_flights_departure_silver_layer.csv,28271.0
imputed_tail_number,1.0,VN-A279,,arrival_without_departure,100.0,2026-02-27 19:45:00,,sgn_flights_departure_silver_layer.csv,30000.0
imputed_tail_number,1.0,VN-A279,departure_without_arrival,,100.0,,2026-03-03 01:26:00,sgn_flights_departure_silver_layer.csv,31397.0
imputed_tail_number,1.0,VN-A280,departure_without_arrival,,100.0,,2025-12-19 00:52:00,sgn_flights_departure_silver_layer.csv,1123.0
imputed_tail_number,1.0,VN-A280,departure_without_arrival,,99.0,,2025-12-24 15:58:00,han_flights_departure_silver_layer.csv,2579.0
imputed_tail_number,1.0,VN-A280,departure_without_arrival,,99.0,,2026-01-07 10:07:00,han_flights_departure_silver_layer.csv,6832.0
imputed_tail_number,1.0,VN-A280,departure_without_arrival,,99.0,,2026-01-07 16:21:00,han_flights_departure_silver_layer.csv,6924.0
imputed_tail_number,1.0,VN-A280,,arrival_without_departure,99.0,2026-01-21 10:46:00,,han_flights_departure_silver_layer.csv,11049.0
imputed_tail_number,1.0,VN-A280,,arrival_without_departure,99.0,2026-01-22 10:46:00,,han_flights_departure_silver_layer.csv,11317.0
imputed_tail_number,1.0,VN-A280,,arrival_without_departure,100.0,2026-01-30 10:40:00,,sgn_flights_departure_silver_layer.csv,16587.0
imputed_tail_number,1.0,VN-A280,departure_without_arrival,,100.0,,2026-02-12 14:05:00,sgn_flights_departure_silver_layer.csv,22369.0
imputed_tail_number,1.0,VN-A280,departure_without_arrival,,100.0,,2026-02-24 22:58:00,sgn_flights_departure_silver_layer.csv,28482.0
imputed_tail_number,1.0,VN-A280,,arrival_without_departure,100.0,2026-03-02 19:50:00,,sgn_flights_departure_silver_layer.csv,31351.0
imputed_tail_number,1.0,VN-A280,departure_without_arrival,,100.0,,2026-03-16 22:23:00,sgn_flights_departure_silver_layer.csv,36713.0
imputed_tail_number,1.0,VN-A281,,arrival_without_departure,102.0,2025-12-20 08:00:00,,han_flights_departure_silver_layer.csv,1247.0
imputed_tail_number,1.0,VN-A281,,arrival_without_departure,102.0,2025-12-22 07:48:00,,han_flights_departure_silver_layer.csv,1862.0
imputed_tail_number,1.0,VN-A281,,arrival_without_departure,102.0,2025-12-26 06:33:00,,han_flights_departure_silver_layer.csv,3048.0
imputed_tail_number,1.0,VN-A281,,arrival_without_departure,102.0,2026-01-02 08:12:00,,han_flights_departure_silver_layer.csv,5273.0
imputed_tail_number,1.0,VN-A281,departure_without_arrival,,102.0,,2026-01-06 22:37:00,han_flights_departure_silver_layer.csv,6729.0
imputed_tail_number,1.0,VN-A281,,arrival_without_departure,111.0,2026-01-08 05:24:00,,sgn_flights_departure_silver_layer.csv,8560.0
imputed_tail_number,1.0,VN-A281,,arrival_without_departure,111.0,2026-01-29 05:24:00,,sgn_flights_departure_silver_layer.csv,16101.0
imputed_tail_number,1.0,VN-A281,,arrival_without_departure,111.0,2026-02-14 06:59:00,,sgn_flights_departure_silver_layer.csv,23308.0
imputed_tail_number,1.0,VN-A281,departure_without_arrival,,111.0,,2026-02-16 10:48:00,han_flights_departure_silver_layer.csv,19330.0
imputed_tail_number,1.0,VN-A281,,arrival_without_departure,64.0,2026-02-25 07:26:00,,dad_flights_departure_silver_layer.csv,9676.0
imputed_tail_number,1.0,VN-A281,,arrival_without_departure,64.0,2026-02-27 15:41:00,,dad_flights_departure_silver_layer.csv,10057.0
imputed_tail_number,1.0,VN-A281,departure_without_arrival,,102.0,,2026-03-16 23:31:00,han_flights_departure_silver_layer.csv,28492.0
imputed_tail_number,1.0,VN-A282,,arrival_without_departure,111.0,2025-12-16 06:17:00,,sgn_flights_departure_silver_layer.csv,69.0
imputed_tail_number,1.0,VN-A282,departure_without_arrival,,111.0,,2026-02-10 23:27:00,sgn_flights_departure_silver_layer.csv,21560.0
imputed_tail_number,1.0,VN-A282,departure_without_arrival,,111.0,,2026-02-20 23:20:00,sgn_flights_departure_silver_layer.csv,26411.0
imputed_tail_number,1.0,VN-A282,departure_without_arrival,,111.0,,2026-02-24 23:03:00,sgn_flights_departure_silver_layer.csv,28478.0
imputed_tail_number,1.0,VN-A282,,arrival_without_departure,64.0,2026-02-25 16:01:00,,dad_flights_departure_silver_layer.csv,9741.0
imputed_tail_number,1.0,VN-A282,departure_without_arrival,,111.0,,2026-03-01 22:32:00,sgn_flights_departure_silver_layer.csv,30953.0
imputed_tail_number,1.0,VN-A282,departure_without_arrival,,111.0,,2026-03-05 22:13:00,sgn_flights_departure_silver_layer.csv,32574.0
imputed_tail_number,1.0,VN-A284,,arrival_without_departure,102.0,2026-01-05 07:54:00,,han_flights_departure_silver_layer.csv,6217.0
imputed_tail_number,1.0,VN-A284,departure_without_arrival,,102.0,,2026-01-07 19:56:00,han_flights_departure_silver_layer.csv,6984.0
imputed_tail_number,1.0,VN-A284,,arrival_without_departure,102.0,2026-01-08 04:03:00,,han_flights_departure_silver_layer.csv,7078.0
imputed_tail_number,1.0,VN-A284,,arrival_without_departure,111.0,2026-01-13 06:59:00,,sgn_flights_departure_silver_layer.csv,10318.0
imputed_tail_number,1.0,VN-A284,departure_without_arrival,,111.0,,2026-01-31 23:13:00,sgn_flights_departure_silver_layer.csv,17156.0
imputed_tail_number,1.0,VN-A284,departure_without_arrival,,111.0,,2026-02-03 23:21:00,sgn_flights_departure_silver_layer.csv,18380.0
imputed_tail_number,1.0,VN-A284,departure_without_arrival,,102.0,,2026-02-11 19:46:00,han_flights_departure_silver_layer.csv,17753.0
imputed_tail_number,1.0,VN-A284,departure_without_arrival,,111.0,,2026-02-13 10:39:00,han_flights_departure_silver_layer.csv,18291.0
imputed_tail_number,1.0,VN-A284,departure_without_arrival,,111.0,,2026-02-15 22:32:00,han_flights_departure_silver_layer.csv,19191.0
imputed_tail_number,1.0,VN-A284,,arrival_without_departure,111.0,2026-02-17 10:29:00,,sgn_flights_departure_silver_layer.csv,24804.0
imputed_tail_number,1.0,VN-A284,departure_without_arrival,,111.0,,2026-02-28 00:33:00,sgn_flights_departure_silver_layer.csv,30041.0
imputed_tail_number,1.0,VN-A285,,arrival_without_departure,111.0,2026-03-02 08:39:00,,sgn_flights_departure_silver_layer.csv,31131.0
imputed_tail_number,1.0,VN-A285,departure_without_arrival,,111.0,,2026-03-08 23:27:00,sgn_flights_departure_silver_layer.csv,33723.0
imputed_tail_number,1.0,VN-A285,departure_without_arrival,,111.0,,2026-03-10 00:35:00,han_flights_departure_silver_layer.csv,26422.0
imputed_tail_number,1.0,VN-A286,departure_without_arrival,,111.0,,2026-03-01 01:40:00,sgn_flights_departure_silver_layer.csv,30537.0
imputed_tail_number,1.0,VN-A286,,arrival_without_departure,64.0,2026-03-02 19:51:00,,dad_flights_departure_silver_layer.csv,10539.0
imputed_tail_number,1.0,VN-A289,,arrival_without_departure,100.0,2026-01-18 10:25:00,,sgn_flights_departure_silver_layer.csv,12217.0
imputed_tail_number,1.0,VN-A289,,arrival_without_departure,100.0,2026-01-22 04:05:00,,sgn_flights_departure_silver_layer.csv,13491.0
imputed_tail_number,1.0,VN-A289,,arrival_without_departure,100.0,2026-02-08 10:25:00,,sgn_flights_departure_silver_layer.csv,20368.0
imputed_tail_number,1.0,VN-A289,departure_without_arrival,,100.0,,2026-02-13 18:45:00,han_flights_departure_silver_layer.csv,18488.0
imputed_tail_number,1.0,VN-A289,departure_without_arrival,,100.0,,2026-02-14 17:16:00,sgn_flights_departure_silver_layer.csv,23599.0
imputed_tail_number,1.0,VN-A289,departure_without_arrival,,99.0,,2026-02-16 21:50:00,sgn_flights_departure_silver_layer.csv,24624.0
imputed_tail_number,1.0,VN-A289,departure_without_arrival,,99.0,,2026-02-24 22:19:00,sgn_flights_departure_silver_layer.csv,28533.0
imputed_tail_number,1.0,VN-A289,departure_without_arrival,,100.0,,2026-03-04 03:15:00,sgn_flights_departure_silver_layer.csv,31836.0
imputed_tail_number,1.0,VN-A289,,arrival_without_departure,100.0,2026-03-08 10:05:00,,sgn_flights_departure_silver_layer.csv,33526.0
imputed_tail_number,1.0,VN-A289,departure_without_arrival,,100.0,,2026-03-09 12:20:00,han_flights_departure_silver_layer.csv,26210.0
imputed_tail_number,1.0,VN-A289,,arrival_without_departure,100.0,2026-03-10 10:05:00,,sgn_flights_departure_silver_layer.csv,34294.0
imputed_tail_number,1.0,VN-A289,,arrival_without_departure,100.0,2026-03-12 04:05:00,,sgn_flights_departure_silver_layer.csv,34924.0
imputed_tail_number,1.0,VN-A323,,arrival_without_departure,100.0,2025-12-20 05:45:00,,sgn_flights_departure_silver_layer.csv,1516.0
imputed_tail_number,1.0,VN-A323,departure_without_arrival,,60.0,,2026-01-06 15:35:00,han_flights_departure_silver_layer.csv,6622.0
imputed_tail_number,1.0,VN-A323,,arrival_without_departure,100.0,2026-01-06 16:30:00,,sgn_flights_departure_silver_layer.csv,8042.0
imputed_tail_number,1.0,VN-A323,departure_without_arrival,,60.0,,2026-01-06 23:48:00,sgn_flights_departure_silver_layer.csv,8127.0
imputed_tail_number,1.0,VN-A323,,arrival_without_departure,99.0,2026-01-07 07:26:00,,han_flights_departure_silver_layer.csv,6798.0
imputed_tail_number,1.0,VN-A323,departure_without_arrival,,60.0,,2026-02-12 01:29:00,han_flights_departure_silver_layer.csv,17866.0
imputed_tail_number,1.0,VN-A324,departure_without_arrival,,60.0,,2026-01-09 12:35:00,dad_flights_departure_silver_layer.csv,3176.0
imputed_tail_number,1.0,VN-A324,,arrival_without_departure,60.0,2026-01-19 05:00:00,,dad_flights_departure_silver_layer.csv,4456.0
imputed_tail_number,1.0,VN-A324,,arrival_without_departure,60.0,2026-01-22 14:15:00,,dad_flights_departure_silver_layer.csv,4918.0
imputed_tail_number,1.0,VN-A324,departure_without_arrival,,99.0,,2026-02-09 23:27:00,han_flights_departure_silver_layer.csv,17124.0
imputed_tail_number,1.0,VN-A324,departure_without_arrival,,60.0,,2026-02-17 13:58:00,dad_flights_departure_silver_layer.csv,8503.0
imputed_tail_number,1.0,VN-A324,departure_without_arrival,,60.0,,2026-03-15 14:07:00,dad_flights_departure_silver_layer.csv,12311.0
imputed_tail_number,1.0,VN-A325,,arrival_without_departure,99.0,2026-01-06 14:11:00,,han_flights_departure_silver_layer.csv,6636.0
imputed_tail_number,1.0,VN-A325,,arrival_without_departure,60.0,2026-01-08 11:05:00,,dad_flights_departure_silver_layer.csv,3045.0
imputed_tail_number,1.0,VN-A325,,arrival_without_departure,60.0,2026-01-09 07:00:00,,dad_flights_departure_silver_layer.csv,3152.0
imputed_tail_number,1.0,VN-A325,,arrival_without_departure,60.0,2026-01-21 14:20:00,,dad_flights_departure_silver_layer.csv,4782.0
imputed_tail_number,1.0,VN-A325,departure_without_arrival,,60.0,,2026-01-26 23:20:00,dad_flights_departure_silver_layer.csv,5523.0
imputed_tail_number,1.0,VN-A325,departure_without_arrival,,60.0,,2026-02-08 08:26:00,dad_flights_departure_silver_layer.csv,7150.0
imputed_tail_number,1.0,VN-A325,departure_without_arrival,,60.0,,2026-02-19 13:34:00,dad_flights_departure_silver_layer.csv,8786.0
imputed_tail_number,1.0,VN-A325,,arrival_without_departure,100.0,2026-02-21 00:23:00,,sgn_flights_departure_silver_layer.csv,26471.0
imputed_tail_number,1.0,VN-A325,departure_without_arrival,,100.0,,2026-02-22 03:15:00,han_flights_departure_silver_layer.csv,21134.0
imputed_tail_number,1.0,VN-A325,,arrival_without_departure,60.0,2026-03-10 07:00:00,,dad_flights_departure_silver_layer.csv,11559.0
imputed_tail_number,1.0,VN-A325,departure_without_arrival,,60.0,,2026-03-16 23:12:00,dad_flights_departure_silver_layer.csv,12514.0
imputed_tail_number,1.0,VN-A326,departure_without_arrival,,100.0,,2026-02-21 19:08:00,han_flights_departure_silver_layer.csv,21010.0
imputed_tail_number,1.0,VN-A326,departure_without_arrival,,100.0,,2026-02-24 16:34:00,han_flights_departure_silver_layer.csv,22075.0
imputed_tail_number,1.0,VN-A326,departure_without_arrival,,100.0,,2026-02-26 21:22:00,han_flights_departure_silver_layer.csv,22797.0
imputed_tail_number,1.0,VN-A326,departure_without_arrival,,100.0,,2026-02-28 16:59:00,han_flights_departure_silver_layer.csv,23497.0
imputed_tail_number,1.0,VN-A326,departure_without_arrival,,60.0,,2026-03-06 13:25:00,dad_flights_departure_silver_layer.csv,11036.0
imputed_tail_number,1.0,VN-A327,departure_without_arrival,,60.0,,2026-01-06 19:24:00,han_flights_departure_silver_layer.csv,6680.0
imputed_tail_number,1.0,VN-A327,,arrival_without_departure,100.0,2026-01-06 18:50:00,,sgn_flights_departure_silver_layer.csv,8101.0
imputed_tail_number,1.0,VN-A327,,arrival_without_departure,100.0,2026-01-07 07:25:00,,sgn_flights_departure_silver_layer.csv,8235.0
imputed_tail_number,1.0,VN-A327,,arrival_without_departure,60.0,2026-01-08 07:00:00,,dad_flights_departure_silver_layer.csv,3021.0
imputed_tail_number,1.0,VN-A327,,arrival_without_departure,60.0,2026-01-08 14:30:00,,dad_flights_departure_silver_layer.csv,3077.0
imputed_tail_number,1.0,VN-A327,,arrival_without_departure,60.0,2026-01-17 14:20:00,,dad_flights_departure_silver_layer.csv,4249.0
imputed_tail_number,1.0,VN-A327,departure_without_arrival,,99.0,,2026-01-27 01:29:00,dad_flights_departure_silver_layer.csv,5539.0
imputed_tail_number,1.0,VN-A327,departure_without_arrival,,100.0,,2026-02-14 07:02:00,han_flights_departure_silver_layer.csv,18609.0
imputed_tail_number,1.0,VN-A327,departure_without_arrival,,60.0,,2026-02-23 15:29:00,dad_flights_departure_silver_layer.csv,9423.0
imputed_tail_number,1.0,VN-A327,departure_without_arrival,,60.0,,2026-02-24 10:18:00,dad_flights_departure_silver_layer.csv,9526.0
imputed_tail_number,1.0,VN-A327,departure_without_arrival,arrival_without_departure,60.0,2026-02-24 13:00:00,2026-02-24 14:00:00,dad_flights_departure_silver_layer.csv,9566.0
imputed_tail_number,1.0,VN-A327,,arrival_without_departure,60.0,2026-02-24 15:30:00,,han_flights_departure_silver_layer.csv,22020.0
imputed_tail_number,1.0,VN-A327,departure_without_arrival,,100.0,,2026-02-25 11:17:00,han_flights_departure_silver_layer.csv,22287.0
imputed_tail_number,1.0,VN-A327,,arrival_without_departure,60.0,2026-02-27 11:55:00,,dad_flights_departure_silver_layer.csv,10025.0
imputed_tail_number,1.0,VN-A327,departure_without_arrival,,60.0,,2026-02-27 17:50:00,dad_flights_departure_silver_layer.csv,10063.0
imputed_tail_number,1.0,VN-A327,departure_without_arrival,,60.0,,2026-03-11 12:27:00,dad_flights_departure_silver_layer.csv,11731.0
imputed_tail_number,1.0,VN-A327,,arrival_without_departure,100.0,2026-03-11 14:40:00,,sgn_flights_departure_silver_layer.csv,34755.0
imputed_tail_number,1.0,VN-A327,departure_without_arrival,,60.0,,2026-03-16 17:19:00,dad_flights_departure_silver_layer.csv,12476.0
imputed_tail_number,1.0,VN-A329,departure_without_arrival,,60.0,,2026-01-25 23:43:00,dad_flights_departure_silver_layer.csv,5365.0
imputed_tail_number,1.0,VN-A329,departure_without_arrival,,60.0,,2026-01-26 17:15:00,dad_flights_departure_silver_layer.csv,5460.0
imputed_tail_number,1.0,VN-A329,departure_without_arrival,,100.0,,2026-01-29 18:30:00,sgn_flights_departure_silver_layer.csv,16405.0
imputed_tail_number,1.0,VN-A329,departure_without_arrival,,100.0,,2026-02-13 14:11:00,han_flights_departure_silver_layer.csv,18416.0
imputed_tail_number,1.0,VN-A329,departure_without_arrival,,60.0,,2026-03-02 09:59:00,dad_flights_departure_silver_layer.csv,10451.0
imputed_tail_number,1.0,VN-A329,departure_without_arrival,,60.0,,2026-03-02 14:18:00,dad_flights_departure_silver_layer.csv,10487.0
imputed_tail_number,1.0,VN-A329,,arrival_without_departure,60.0,2026-03-09 12:55:00,,dad_flights_departure_silver_layer.csv,11469.0
imputed_tail_number,1.0,VN-A329,,arrival_without_departure,100.0,2026-03-10 11:20:00,,sgn_flights_departure_silver_layer.csv,34319.0
imputed_tail_number,1.0,VN-A331,,arrival_without_departure,100.0,2026-01-06 07:00:00,,sgn_flights_departure_silver_layer.csv,7865.0
imputed_tail_number,1.0,VN-A331,,arrival_without_departure,99.0,2026-01-10 22:41:00,,han_flights_departure_silver_layer.csv,7965.0
imputed_tail_number,1.0,VN-A331,departure_without_arrival,,60.0,,2026-01-22 22:03:00,dad_flights_departure_silver_layer.csv,4995.0
imputed_tail_number,1.0,VN-A331,,arrival_without_departure,60.0,2026-02-13 11:10:00,,dad_flights_departure_silver_layer.csv,7903.0
imputed_tail_number,1.0,VN-A331,departure_without_arrival,,99.0,,2026-02-22 13:48:00,dad_flights_departure_silver_layer.csv,9265.0
imputed_tail_number,1.0,VN-A331,departure_without_arrival,,100.0,,2026-03-03 00:21:00,sgn_flights_departure_silver_layer.csv,31405.0
imputed_tail_number,1.0,VN-A331,departure_without_arrival,,100.0,,2026-03-10 21:40:00,sgn_flights_departure_silver_layer.csv,34492.0
imputed_tail_number,1.0,VN-A332,departure_without_arrival,,100.0,,2026-03-02 17:38:00,han_flights_departure_silver_layer.csv,24064.0
imputed_tail_number,1.0,VN-A332,,arrival_without_departure,100.0,2026-03-16 08:50:00,,sgn_flights_departure_silver_layer.csv,36512.0
imputed_tail_number,1.0,VN-A332,departure_without_arrival,,100.0,,2026-03-16 19:18:00,han_flights_departure_silver_layer.csv,28493.0
imputed_tail_number,1.0,VN-A334,,arrival_without_departure,99.0,2025-12-20 07:11:00,,han_flights_departure_silver_layer.csv,1235.0
imputed_tail_number,1.0,VN-A334,departure_without_arrival,,60.0,,2026-02-03 17:27:00,dad_flights_departure_silver_layer.csv,6528.0
imputed_tail_number,1.0,VN-A334,departure_without_arrival,,60.0,,2026-02-04 10:11:00,dad_flights_departure_silver_layer.csv,6599.0
imputed_tail_number,1.0,VN-A334,departure_without_arrival,,60.0,,2026-02-04 14:30:00,dad_flights_departure_silver_layer.csv,6635.0
imputed_tail_number,1.0,VN-A334,departure_without_arrival,,60.0,,2026-02-08 00:35:00,dad_flights_departure_silver_layer.csv,7142.0
imputed_tail_number,1.0,VN-A334,,arrival_without_departure,100.0,2026-02-09 06:30:00,,sgn_flights_departure_silver_layer.csv,20747.0
imputed_tail_number,1.0,VN-A334,,arrival_without_departure,100.0,2026-02-14 23:05:00,,sgn_flights_departure_silver_layer.csv,23657.0
imputed_tail_number,1.0,VN-A334,departure_without_arrival,,100.0,,2026-03-02 22:39:00,han_flights_departure_silver_layer.csv,24137.0
imputed_tail_number,1.0,VN-A334,,arrival_without_departure,60.0,2026-03-11 12:50:00,,dad_flights_departure_silver_layer.csv,11749.0
imputed_tail_number,1.0,VN-A335,,arrival_without_departure,100.0,2026-01-06 07:45:00,,sgn_flights_departure_silver_layer.csv,7881.0
imputed_tail_number,1.0,VN-A335,departure_without_arrival,,100.0,,2026-02-14 15:05:00,han_flights_departure_silver_layer.csv,18842.0
imputed_tail_number,1.0,VN-A335,,arrival_without_departure,60.0,2026-03-02 00:05:00,,dad_flights_departure_silver_layer.csv,10428.0
imputed_tail_number,1.0,VN-A335,departure_without_arrival,,60.0,,2026-03-04 15:25:00,dad_flights_departure_silver_layer.csv,10777.0
imputed_tail_number,1.0,VN-A335,departure_without_arrival,,100.0,,2026-03-08 22:48:00,sgn_flights_departure_silver_layer.csv,33727.0
imputed_tail_number,1.0,VN-A336,departure_without_arrival,,60.0,,2026-01-06 14:10:00,han_flights_departure_silver_layer.csv,6605.0
imputed_tail_number,1.0,VN-A336,,arrival_without_departure,100.0,2026-01-06 14:50:00,,sgn_flights_departure_silver_layer.csv,8022.0
imputed_tail_number,1.0,VN-A336,,arrival_without_departure,60.0,2026-01-13 06:30:00,,han_flights_departure_silver_layer.csv,8624.0
imputed_tail_number,1.0,VN-A336,,arrival_without_departure,60.0,2026-01-21 17:15:00,,dad_flights_departure_silver_layer.csv,4800.0
imputed_tail_number,1.0,VN-A336,,arrival_without_departure,60.0,2026-01-21 23:30:00,,dad_flights_departure_silver_layer.csv,4838.0
imputed_tail_number,1.0,VN-A336,departure_without_arrival,,60.0,,2026-03-03 14:30:00,dad_flights_departure_silver_layer.csv,10629.0
imputed_tail_number,1.0,VN-A336,departure_without_arrival,,60.0,,2026-03-10 14:35:00,dad_flights_departure_silver_layer.csv,11607.0
imputed_tail_number,1.0,VN-A338,,arrival_without_departure,100.0,2026-01-19 06:30:00,,sgn_flights_departure_silver_layer.csv,12512.0
imputed_tail_number,1.0,VN-A338,,arrival_without_departure,60.0,2026-01-24 10:35:00,,dad_flights_departure_silver_layer.csv,5149.0
imputed_tail_number,1.0,VN-A338,,arrival_without_departure,100.0,2026-02-07 02:10:00,,sgn_flights_departure_silver_layer.csv,19741.0
imputed_tail_number,1.0,VN-A338,,arrival_without_departure,100.0,2026-02-16 20:35:00,,sgn_flights_departure_silver_layer.csv,24600.0
imputed_tail_number,1.0,VN-A338,departure_without_arrival,,100.0,,2026-03-13 23:09:00,sgn_flights_departure_silver_layer.csv,35627.0
imputed_tail_number,1.0,VN-A339,departure_without_arrival,,60.0,,2026-01-21 17:50:00,dad_flights_departure_silver_layer.csv,4798.0
imputed_tail_number,1.0,VN-A339,departure_without_arrival,,100.0,,2026-02-12 01:40:00,han_flights_departure_silver_layer.csv,17880.0
imputed_tail_number,1.0,VN-A339,departure_without_arrival,,100.0,,2026-02-17 10:29:00,han_flights_departure_silver_layer.csv,19603.0
imputed_tail_number,1.0,VN-A339,departure_without_arrival,,100.0,,2026-02-23 03:25:00,sgn_flights_departure_silver_layer.csv,27523.0
imputed_tail_number,1.0,VN-A339,departure_without_arrival,,100.0,,2026-02-26 06:35:00,sgn_flights_departure_silver_layer.csv,29170.0
imputed_tail_number,1.0,VN-A339,departure_without_arrival,,100.0,,2026-02-28 22:26:00,sgn_flights_departure_silver_layer.csv,30493.0
imputed_tail_number,1.0,VN-A339,,arrival_without_departure,60.0,2026-03-01 14:00:00,,dad_flights_departure_silver_layer.csv,10349.0
imputed_tail_number,1.0,VN-A353,,arrival_without_departure,60.0,2026-01-09 16:15:00,,dad_flights_departure_silver_layer.csv,3221.0
imputed_tail_number,1.0,VN-A353,,arrival_without_departure,60.0,2026-01-09 18:30:00,,sgn_flights_departure_silver_layer.csv,9115.0
imputed_tail_number,1.0,VN-A353,,arrival_without_departure,100.0,2026-01-18 07:15:00,,sgn_flights_departure_silver_layer.csv,12157.0
imputed_tail_number,1.0,VN-A353,departure_without_arrival,,60.0,,2026-02-15 17:44:00,dad_flights_departure_silver_layer.csv,8250.0
imputed_tail_number,1.0,VN-A353,departure_without_arrival,,60.0,,2026-02-25 23:52:00,dad_flights_departure_silver_layer.csv,9777.0
imputed_tail_number,1.0,VN-A353,departure_without_arrival,,100.0,,2026-03-11 02:14:00,han_flights_departure_silver_layer.csv,26742.0
imputed_tail_number,1.0,VN-A354,departure_without_arrival,,100.0,,2026-01-22 22:15:00,dad_flights_departure_silver_layer.csv,5010.0
imputed_tail_number,1.0,VN-A354,,arrival_without_departure,100.0,2026-03-11 04:30:00,,sgn_flights_departure_silver_layer.csv,34538.0
imputed_tail_number,1.0,VN-A356,,arrival_without_departure,99.0,2026-01-22 03:21:00,,han_flights_departure_silver_layer.csv,11219.0
imputed_tail_number,1.0,VN-A356,departure_without_arrival,,100.0,,2026-02-13 00:05:00,sgn_flights_departure_silver_layer.csv,22592.0
imputed_tail_number,1.0,VN-A356,,arrival_without_departure,60.0,2026-02-14 15:50:00,,han_flights_departure_silver_layer.csv,18774.0
imputed_tail_number,1.0,VN-A356,departure_without_arrival,,100.0,,2026-02-23 22:43:00,han_flights_departure_silver_layer.csv,21764.0
imputed_tail_number,1.0,VN-A356,departure_without_arrival,,99.0,,2026-02-25 19:47:00,han_flights_departure_silver_layer.csv,22472.0
imputed_tail_number,1.0,VN-A356,,arrival_without_departure,60.0,2026-02-26 13:40:00,,dad_flights_departure_silver_layer.csv,9885.0
imputed_tail_number,1.0,VN-A357,departure_without_arrival,,60.0,,2026-01-07 21:36:00,dad_flights_departure_silver_layer.csv,2983.0
imputed_tail_number,1.0,VN-A357,,arrival_without_departure,60.0,2026-01-08 08:40:00,,dad_flights_departure_silver_layer.csv,3029.0
imputed_tail_number,1.0,VN-A357,departure_without_arrival,,60.0,,2026-01-30 13:18:00,dad_flights_departure_silver_layer.csv,5962.0
imputed_tail_number,1.0,VN-A357,departure_without_arrival,,100.0,,2026-02-09 00:22:00,sgn_flights_departure_silver_layer.csv,20607.0
imputed_tail_number,1.0,VN-A357,departure_without_arrival,,100.0,,2026-03-04 03:30:00,sgn_flights_departure_silver_layer.csv,31822.0
imputed_tail_number,1.0,VN-A357,departure_without_arrival,,60.0,,2026-03-11 17:29:00,dad_flights_departure_silver_layer.csv,11771.0
imputed_tail_number,1.0,VN-A358,,arrival_without_departure,60.0,2026-01-18 13:55:00,,dad_flights_departure_silver_layer.csv,4375.0
imputed_tail_number,1.0,VN-A358,departure_without_arrival,,60.0,,2026-01-19 17:27:00,dad_flights_departure_silver_layer.csv,4525.0
imputed_tail_number,1.0,VN-A358,departure_without_arrival,,99.0,,2026-02-13 00:01:00,han_flights_departure_silver_layer.csv,18150.0
imputed_tail_number,1.0,VN-A358,departure_without_arrival,,99.0,,2026-02-13 11:55:00,dad_flights_departure_silver_layer.csv,7910.0
imputed_tail_number,1.0,VN-A358,departure_without_arrival,,100.0,,2026-02-19 23:46:00,han_flights_departure_silver_layer.csv,20409.0
imputed_tail_number,1.0,VN-A358,,arrival_without_departure,60.0,2026-02-24 13:50:00,,dad_flights_departure_silver_layer.csv,9571.0
imputed_tail_number,1.0,VN-A359,,arrival_without_departure,100.0,2026-01-06 17:20:00,,sgn_flights_departure_silver_layer.csv,8062.0
imputed_tail_number,1.0,VN-A359,,arrival_without_departure,100.0,2026-02-22 19:50:00,,sgn_flights_departure_silver_layer.csv,27447.0
imputed_tail_number,1.0,VN-A363,,arrival_without_departure,100.0,2025-12-16 03:15:00,,sgn_flights_departure_silver_layer.csv,31.0
imputed_tail_number,1.0,VN-A363,departure_without_arrival,,99.0,,2025-12-21 08:27:00,han_flights_departure_silver_layer.csv,1562.0
imputed_tail_number,1.0,VN-A363,,arrival_without_departure,60.0,2025-12-21 09:15:00,,dad_flights_departure_silver_layer.csv,652.0
imputed_tail_number,1.0,VN-A363,departure_without_arrival,,100.0,,2026-01-05 22:47:00,dad_flights_departure_silver_layer.csv,2845.0
imputed_tail_number,1.0,VN-A363,departure_without_arrival,arrival_without_departure,99.0,2026-01-06 21:21:00,2026-01-06 23:00:00,han_flights_departure_silver_layer.csv,6735.0
imputed_tail_number,1.0,VN-A363,,arrival_without_departure,99.0,2026-01-07 03:16:00,,sgn_flights_departure_silver_layer.csv,8163.0
imputed_tail_number,1.0,VN-A363,,arrival_without_departure,60.0,2026-01-19 19:20:00,,dad_flights_departure_silver_layer.csv,4548.0
imputed_tail_number,1.0,VN-A363,,arrival_without_departure,99.0,2026-01-23 10:51:00,,han_flights_departure_silver_layer.csv,11634.0
imputed_tail_number,1.0,VN-A363,,arrival_without_departure,60.0,2026-01-24 13:15:00,,dad_flights_departure_silver_layer.csv,5172.0
imputed_tail_number,1.0,VN-A363,departure_without_arrival,,100.0,,2026-01-27 02:59:00,sgn_flights_departure_silver_layer.csv,15295.0
imputed_tail_number,1.0,VN-A363,,arrival_without_departure,60.0,2026-01-27 22:00:00,,han_flights_departure_silver_layer.csv,13049.0
imputed_tail_number,1.0,VN-A363,,arrival_without_departure,60.0,2026-02-12 09:15:00,,dad_flights_departure_silver_layer.csv,7735.0
imputed_tail_number,1.0,VN-A363,departure_without_arrival,,99.0,,2026-02-17 13:47:00,han_flights_departure_silver_layer.csv,19729.0
imputed_tail_number,1.0,VN-A363,,arrival_without_departure,60.0,2026-02-17 19:20:00,,dad_flights_departure_silver_layer.csv,8548.0
imputed_tail_number,1.0,VN-A363,,arrival_without_departure,60.0,2026-02-18 09:15:00,,dad_flights_departure_silver_layer.csv,8612.0
imputed_tail_number,1.0,VN-A363,,arrival_without_departure,60.0,2026-02-19 19:20:00,,dad_flights_departure_silver_layer.csv,8839.0
imputed_tail_number,1.0,VN-A363,,arrival_without_departure,60.0,2026-02-21 19:20:00,,dad_flights_departure_silver_layer.csv,9145.0
imputed_tail_number,1.0,VN-A363,,arrival_without_departure,60.0,2026-02-22 19:20:00,,dad_flights_departure_silver_layer.csv,9305.0
imputed_tail_number,1.0,VN-A363,,arrival_without_departure,100.0,2026-02-26 03:15:00,,sgn_flights_departure_silver_layer.csv,29145.0
imputed_tail_number,1.0,VN-A363,,arrival_without_departure,100.0,2026-02-26 06:35:00,,han_flights_departure_silver_layer.csv,22602.0
imputed_tail_number,1.0,VN-A363,,arrival_without_departure,60.0,2026-03-05 19:20:00,,dad_flights_departure_silver_layer.csv,10956.0
imputed_tail_number,1.0,VN-A363,,arrival_without_departure,60.0,2026-03-06 19:20:00,,dad_flights_departure_silver_layer.csv,11092.0
imputed_tail_number,1.0,VN-A363,departure_without_arrival,,100.0,,2026-03-09 22:03:00,han_flights_departure_silver_layer.csv,26425.0
imputed_tail_number,1.0,VN-A363,departure_without_arrival,,99.0,,2026-03-16 23:05:00,han_flights_departure_silver_layer.csv,28494.0
imputed_tail_number,1.0,VN-A390,departure_without_arrival,,100.0,,2026-02-17 08:04:00,han_flights_departure_silver_layer.csv,19565.0
imputed_tail_number,1.0,VN-A390,departure_without_arrival,,100.0,,2026-02-28 04:03:00,sgn_flights_departure_silver_layer.csv,30097.0
imputed_tail_number,1.0,VN-A390,departure_without_arrival,,60.0,,2026-03-06 15:44:00,dad_flights_departure_silver_layer.csv,11053.0
imputed_tail_number,1.0,VN-A392,departure_without_arrival,,60.0,,2026-03-05 14:15:00,dad_flights_departure_silver_layer.csv,10907.0
imputed_tail_number,1.0,VN-A392,departure_without_arrival,,60.0,,2026-03-12 21:26:00,dad_flights_departure_silver_layer.csv,11950.0
imputed_tail_number,1.0,VN-A393,departure_without_arrival,,100.0,,2026-02-20 18:24:00,han_flights_departure_silver_layer.csv,20669.0
imputed_tail_number,1.0,VN-A393,departure_without_arrival,,100.0,,2026-02-21 20:39:00,han_flights_departure_silver_layer.csv,21034.0
imputed_tail_number,1.0,VN-A393,departure_without_arrival,,60.0,,2026-03-04 17:35:00,dad_flights_departure_silver_layer.csv,10792.0
imputed_tail_number,1.0,VN-A393,departure_without_arrival,,60.0,,2026-03-09 08:26:00,dad_flights_departure_silver_layer.csv,11421.0
imputed_tail_number,1.0,VN-A393,departure_without_arrival,,60.0,,2026-03-12 14:06:00,dad_flights_departure_silver_layer.csv,11889.0
imputed_tail_number,1.0,VN-A393,departure_without_arrival,,99.0,,2026-03-13 00:55:00,dad_flights_departure_silver_layer.csv,11983.0
imputed_tail_number,1.0,VN-A393,departure_without_arrival,,60.0,,2026-03-15 10:01:00,dad_flights_departure_silver_layer.csv,12273.0
imputed_tail_number,1.0,VN-A395,departure_without_arrival,,100.0,,2026-02-22 18:14:00,han_flights_departure_silver_layer.csv,21339.0
imputed_tail_number,1.0,VN-A395,departure_without_arrival,,100.0,,2026-02-24 02:39:00,han_flights_departure_silver_layer.csv,21810.0
imputed_tail_number,1.0,VN-A395,departure_without_arrival,,60.0,,2026-03-14 13:59:00,dad_flights_departure_silver_layer.csv,12171.0
imputed_tail_number,1.0,VN-A395,departure_without_arrival,,60.0,,2026-03-16 13:58:00,dad_flights_departure_silver_layer.csv,12453.0
imputed_tail_number,1.0,VN-A395,departure_without_arrival,,60.0,,2026-03-16 13:58:00,han_flights_departure_silver_layer.csv,28490.0
imputed_tail_number,1.0,VN-A396,,arrival_without_departure,60.0,2025-12-24 14:00:00,,dad_flights_departure_silver_layer.csv,1082.0
imputed_tail_number,1.0,VN-A396,,arrival_without_departure,100.0,2026-01-06 17:50:00,,sgn_flights_departure_silver_layer.csv,8080.0
imputed_tail_number,1.0,VN-A396,departure_without_arrival,,60.0,,2026-01-17 08:25:00,dad_flights_departure_silver_layer.csv,4197.0
imputed_tail_number,1.0,VN-A396,departure_without_arrival,,60.0,,2026-02-21 17:59:00,dad_flights_departure_silver_layer.csv,9126.0
imputed_tail_number,1.0,VN-A396,departure_without_arrival,,100.0,,2026-02-27 14:34:00,han_flights_departure_silver_layer.csv,23022.0
imputed_tail_number,1.0,VN-A396,departure_without_arrival,,100.0,,2026-03-11 20:20:00,sgn_flights_departure_silver_layer.csv,34862.0
imputed_tail_number,1.0,VN-A396,departure_without_arrival,,60.0,,2026-03-13 23:30:00,dad_flights_departure_silver_layer.csv,12118.0
imputed_tail_number,1.0,VN-A397,,arrival_without_departure,100.0,2026-01-19 07:55:00,,sgn_flights_departure_silver_layer.csv,12553.0
imputed_tail_number,1.0,VN-A397,departure_without_arrival,,100.0,,2026-02-03 23:22:00,sgn_flights_departure_silver_layer.csv,18385.0
imputed_tail_number,1.0,VN-A397,departure_without_arrival,,100.0,,2026-02-06 22:48:00,sgn_flights_departure_silver_layer.csv,19659.0
imputed_tail_number,1.0,VN-A397,departure_without_arrival,,99.0,,2026-02-12 18:08:00,dad_flights_departure_silver_layer.csv,7800.0
imputed_tail_number,1.0,VN-A397,departure_without_arrival,,100.0,,2026-02-27 18:15:00,han_flights_departure_silver_layer.csv,23084.0
imputed_tail_number,1.0,VN-A397,departure_without_arrival,,60.0,,2026-02-28 21:53:00,sgn_flights_departure_silver_layer.csv,30518.0
imputed_tail_number,1.0,VN-A397,departure_without_arrival,,60.0,,2026-03-01 08:25:00,dad_flights_departure_silver_layer.csv,10296.0
imputed_tail_number,1.0,VN-A397,departure_without_arrival,,60.0,,2026-03-14 10:07:00,dad_flights_departure_silver_layer.csv,12136.0
imputed_tail_number,1.0,VN-A397,departure_without_arrival,,100.0,,2026-03-16 23:12:00,sgn_flights_departure_silver_layer.csv,36726.0
imputed_tail_number,1.0,VN-A398,,arrival_without_departure,60.0,2026-01-10 18:00:00,,dad_flights_departure_silver_layer.csv,3357.0
imputed_tail_number,1.0,VN-A398,departure_without_arrival,,60.0,,2026-02-03 10:11:00,dad_flights_departure_silver_layer.csv,6468.0
imputed_tail_number,1.0,VN-A398,,arrival_without_departure,60.0,2026-02-15 20:10:00,,dad_flights_departure_silver_layer.csv,8279.0
imputed_tail_number,1.0,VN-A398,,arrival_without_departure,60.0,2026-02-25 13:50:00,,han_flights_departure_silver_layer.csv,22351.0
imputed_tail_number,1.0,VN-A398,departure_without_arrival,,60.0,,2026-03-07 13:20:00,dad_flights_departure_silver_layer.csv,11173.0
imputed_tail_number,1.0,VN-A398,departure_without_arrival,,60.0,,2026-03-15 13:28:00,dad_flights_departure_silver_layer.csv,12302.0
imputed_tail_number,1.0,VN-A399,,arrival_without_departure,99.0,2026-01-06 08:51:00,,han_flights_departure_silver_layer.csv,6548.0
imputed_tail_number,1.0,VN-A399,,arrival_without_departure,100.0,2026-02-16 00:10:00,,sgn_flights_departure_silver_layer.csv,24196.0
imputed_tail_number,1.0,VN-A399,departure_without_arrival,,100.0,,2026-02-26 11:28:00,han_flights_departure_silver_layer.csv,22634.0
imputed_tail_number,1.0,VN-A399,departure_without_arrival,,60.0,,2026-02-28 15:47:00,dad_flights_departure_silver_layer.csv,10207.0
imputed_tail_number,1.0,VN-A399,departure_without_arrival,,60.0,,2026-03-01 13:09:00,dad_flights_departure_silver_layer.csv,10329.0
imputed_tail_number,1.0,VN-A399,departure_without_arrival,,60.0,,2026-03-04 14:14:00,dad_flights_departure_silver_layer.csv,10768.0
imputed_tail_number,1.0,VN-A399,departure_without_arrival,,60.0,,2026-03-07 10:00:00,dad_flights_departure_silver_layer.csv,11145.0
imputed_tail_number,1.0,VN-A399,departure_without_arrival,,60.0,,2026-03-07 14:03:00,dad_flights_departure_silver_layer.csv,11182.0
imputed_tail_number,1.0,VN-A399,departure_without_arrival,,60.0,,2026-03-14 15:17:00,dad_flights_departure_silver_layer.csv,12182.0
imputed_tail_number,1.0,VN-A500,departure_without_arrival,,111.0,,2026-02-27 19:45:00,han_flights_departure_silver_layer.csv,23103.0
imputed_tail_number,1.0,VN-A501,departure_without_arrival,,64.0,,2026-01-07 13:58:00,dad_flights_departure_silver_layer.csv,2927.0
imputed_tail_number,1.0,VN-A501,,arrival_without_departure,64.0,2026-01-21 22:26:00,,dad_flights_departure_silver_layer.csv,4833.0
imputed_tail_number,1.0,VN-A501,departure_without_arrival,,64.0,,2026-02-04 15:27:00,dad_flights_departure_silver_layer.csv,6647.0
imputed_tail_number,1.0,VN-A501,departure_without_arrival,,64.0,,2026-02-10 18:50:00,dad_flights_departure_silver_layer.csv,7508.0
imputed_tail_number,1.0,VN-A501,departure_without_arrival,,111.0,,2026-02-12 05:27:00,han_flights_departure_silver_layer.csv,17934.0
imputed_tail_number,1.0,VN-A501,departure_without_arrival,,111.0,,2026-02-24 12:59:00,han_flights_departure_silver_layer.csv,21948.0
imputed_tail_number,1.0,VN-A503,,arrival_without_departure,64.0,2026-01-24 09:01:00,,dad_flights_departure_silver_layer.csv,5142.0
imputed_tail_number,1.0,VN-A503,departure_without_arrival,,111.0,,2026-02-15 22:40:00,han_flights_departure_silver_layer.csv,19192.0
imputed_tail_number,1.0,VN-A503,departure_without_arrival,,64.0,,2026-03-03 13:46:00,dad_flights_departure_silver_layer.csv,10620.0
imputed_tail_number,1.0,VN-A503,departure_without_arrival,,64.0,,2026-03-03 13:46:00,dad_flights_departure_silver_layer.csv,10654.0
imputed_tail_number,1.0,VN-A503,departure_without_arrival,,111.0,,2026-03-04 23:47:00,sgn_flights_departure_silver_layer.csv,32179.0
imputed_tail_number,1.0,VN-A505,,arrival_without_departure,64.0,2026-01-30 18:06:00,,dad_flights_departure_silver_layer.csv,6012.0
imputed_tail_number,1.0,VN-A505,departure_without_arrival,,111.0,,2026-02-27 10:42:00,han_flights_departure_silver_layer.csv,22961.0
imputed_tail_number,1.0,VN-A505,departure_without_arrival,,64.0,,2026-03-07 17:35:00,dad_flights_departure_silver_layer.csv,11203.0
imputed_tail_number,1.0,VN-A505,departure_without_arrival,,111.0,,2026-03-10 07:15:00,han_flights_departure_silver_layer.csv,26442.0
imputed_tail_number,1.0,VN-A505,departure_without_arrival,,111.0,,2026-03-10 22:44:00,sgn_flights_departure_silver_layer.csv,34485.0
imputed_tail_number,1.0,VN-A505,departure_without_arrival,,64.0,,2026-03-12 14:02:00,dad_flights_departure_silver_layer.csv,12256.0
imputed_tail_number,1.0,VN-A505,departure_without_arrival,,64.0,,2026-03-16 10:05:00,dad_flights_departure_silver_layer.csv,12415.0
imputed_tail_number,1.0,VN-A506,departure_without_arrival,,64.0,,2026-02-28 13:39:00,dad_flights_departure_silver_layer.csv,10189.0
imputed_tail_number,1.0,VN-A507,,arrival_without_departure,111.0,2026-02-10 22:54:00,,sgn_flights_departure_silver_layer.csv,21612.0
imputed_tail_number,1.0,VN-A507,,arrival_without_departure,64.0,2026-02-12 02:21:00,,dad_flights_departure_silver_layer.csv,7708.0
imputed_tail_number,1.0,VN-A507,departure_without_arrival,,111.0,,2026-02-12 19:26:00,sgn_flights_departure_silver_layer.csv,22599.0
imputed_tail_number,1.0,VN-A507,departure_without_arrival,,64.0,,2026-02-13 21:29:00,dad_flights_departure_silver_layer.csv,7974.0
imputed_tail_number,1.0,VN-A507,departure_without_arrival,,64.0,,2026-03-13 10:14:00,dad_flights_departure_silver_layer.csv,11992.0
imputed_tail_number,1.0,VN-A507,departure_without_arrival,,64.0,,2026-03-13 14:14:00,dad_flights_departure_silver_layer.csv,12030.0
imputed_tail_number,1.0,VN-A508,,arrival_without_departure,102.0,2025-12-16 00:13:00,,han_flights_departure_silver_layer.csv,19.0
imputed_tail_number,1.0,VN-A508,,arrival_without_departure,64.0,2026-01-16 13:56:00,,dad_flights_departure_silver_layer.csv,4118.0
imputed_tail_number,1.0,VN-A508,departure_without_arrival,,111.0,,2026-02-21 04:28:00,sgn_flights_departure_silver_layer.csv,26524.0
imputed_tail_number,1.0,VN-A508,,arrival_without_departure,64.0,2026-03-11 06:51:00,,dad_flights_departure_silver_layer.csv,11699.0
imputed_tail_number,1.0,VN-A512,,arrival_without_departure,64.0,2025-12-24 17:11:00,,dad_flights_departure_silver_layer.csv,1103.0
imputed_tail_number,1.0,VN-A512,departure_without_arrival,,64.0,,2026-02-04 13:42:00,dad_flights_departure_silver_layer.csv,6632.0
imputed_tail_number,1.0,VN-A512,,arrival_without_departure,111.0,2026-02-09 01:54:00,,sgn_flights_departure_silver_layer.csv,20673.0
imputed_tail_number,1.0,VN-A512,,arrival_without_departure,64.0,2026-02-27 22:26:00,,dad_flights_departure_silver_layer.csv,10104.0
imputed_tail_number,1.0,VN-A513,,arrival_without_departure,93.0,2026-01-07 05:28:00,,han_flights_departure_silver_layer.csv,6795.0
imputed_tail_number,1.0,VN-A513,departure_without_arrival,,45.0,,2026-01-18 19:42:00,dad_flights_departure_silver_layer.csv,4413.0
imputed_tail_number,1.0,VN-A513,departure_without_arrival,,45.0,,2026-01-21 19:13:00,dad_flights_departure_silver_layer.csv,4811.0
imputed_tail_number,1.0,VN-A513,departure_without_arrival,,45.0,,2026-02-24 18:25:00,dad_flights_departure_silver_layer.csv,9595.0
imputed_tail_number,1.0,VN-A513,departure_without_arrival,,45.0,,2026-02-28 18:15:00,dad_flights_departure_silver_layer.csv,10225.0
imputed_tail_number,1.0,VN-A513,departure_without_arrival,,45.0,,2026-03-02 18:26:00,dad_flights_departure_silver_layer.csv,10520.0
imputed_tail_number,1.0,VN-A513,departure_without_arrival,,45.0,,2026-03-07 19:37:00,dad_flights_departure_silver_layer.csv,11222.0
imputed_tail_number,1.0,VN-A513,departure_without_arrival,,45.0,,2026-03-13 19:15:00,dad_flights_departure_silver_layer.csv,12072.0
imputed_tail_number,1.0,VN-A513,departure_without_arrival,,45.0,,2026-03-16 18:13:00,dad_flights_departure_silver_layer.csv,12484.0
imputed_tail_number,1.0,VN-A514,,arrival_without_departure,93.0,2026-01-07 05:42:00,,han_flights_departure_silver_layer.csv,6800.0
imputed_tail_number,1.0,VN-A514,departure_without_arrival,,45.0,,2026-01-23 19:33:00,dad_flights_departure_silver_layer.csv,5082.0
imputed_tail_number,1.0,VN-A514,departure_without_arrival,,45.0,,2026-01-25 19:31:00,dad_flights_departure_silver_layer.csv,5347.0
imputed_tail_number,1.0,VN-A514,departure_without_arrival,,93.0,,2026-02-06 18:02:00,dad_flights_departure_silver_layer.csv,6952.0
imputed_tail_number,1.0,VN-A514,departure_without_arrival,,45.0,,2026-02-11 18:12:00,dad_flights_departure_silver_layer.csv,7647.0
imputed_tail_number,1.0,VN-A514,departure_without_arrival,,45.0,,2026-02-16 18:40:00,dad_flights_departure_silver_layer.csv,8400.0
imputed_tail_number,1.0,VN-A514,departure_without_arrival,,86.0,,2026-02-25 15:22:00,han_flights_departure_silver_layer.csv,22433.0
imputed_tail_number,1.0,VN-A514,departure_without_arrival,,45.0,,2026-02-26 18:49:00,dad_flights_departure_silver_layer.csv,9911.0
imputed_tail_number,1.0,VN-A514,departure_without_arrival,,45.0,,2026-02-27 18:16:00,dad_flights_departure_silver_layer.csv,10069.0
imputed_tail_number,1.0,VN-A514,departure_without_arrival,,45.0,,2026-03-10 18:21:00,dad_flights_departure_silver_layer.csv,11638.0
imputed_tail_number,1.0,VN-A514,departure_without_arrival,,93.0,,2026-03-12 12:05:00,dad_flights_departure_silver_layer.csv,11931.0
imputed_tail_number,1.0,VN-A514,departure_without_arrival,,45.0,,2026-03-14 19:26:00,dad_flights_departure_silver_layer.csv,12211.0
imputed_tail_number,1.0,VN-A515,,arrival_without_departure,45.0,2025-12-24 18:25:00,,dad_flights_departure_silver_layer.csv,1111.0
imputed_tail_number,1.0,VN-A515,departure_without_arrival,,45.0,,2026-01-16 18:29:00,dad_flights_departure_silver_layer.csv,4142.0
imputed_tail_number,1.0,VN-A515,departure_without_arrival,,45.0,,2026-01-18 18:31:00,dad_flights_departure_silver_layer.csv,4400.0
imputed_tail_number,1.0,VN-A515,departure_without_arrival,,45.0,,2026-01-25 18:35:00,dad_flights_departure_silver_layer.csv,5335.0
imputed_tail_number,1.0,VN-A515,departure_without_arrival,,93.0,,2026-02-02 16:35:00,dad_flights_departure_silver_layer.csv,6400.0
imputed_tail_number,1.0,VN-A515,,arrival_without_departure,45.0,2026-02-03 03:45:00,,sgn_flights_departure_silver_layer.csv,18018.0
imputed_tail_number,1.0,VN-A515,departure_without_arrival,,45.0,,2026-02-04 19:49:00,dad_flights_departure_silver_layer.csv,6677.0
imputed_tail_number,1.0,VN-A515,departure_without_arrival,,45.0,,2026-02-13 19:17:00,dad_flights_departure_silver_layer.csv,7962.0
imputed_tail_number,1.0,VN-A515,departure_without_arrival,,45.0,,2026-02-17 18:15:00,dad_flights_departure_silver_layer.csv,8535.0
imputed_tail_number,1.0,VN-A515,,arrival_without_departure,86.0,2026-02-26 01:38:00,,sgn_flights_departure_silver_layer.csv,29095.0
imputed_tail_number,1.0,VN-A515,,arrival_without_departure,45.0,2026-02-27 18:25:00,,dad_flights_departure_silver_layer.csv,10079.0
imputed_tail_number,1.0,VN-A515,departure_without_arrival,,45.0,,2026-02-28 19:15:00,dad_flights_departure_silver_layer.csv,10233.0
imputed_tail_number,1.0,VN-A515,departure_without_arrival,,45.0,,2026-03-02 19:17:00,dad_flights_departure_silver_layer.csv,10528.0
imputed_tail_number,1.0,VN-A515,,arrival_without_departure,86.0,2026-03-03 02:59:00,,sgn_flights_departure_silver_layer.csv,31415.0
imputed_tail_number,1.0,VN-A515,departure_without_arrival,,45.0,,2026-03-04 18:32:00,dad_flights_departure_silver_layer.csv,10799.0
imputed_tail_number,1.0,VN-A515,departure_without_arrival,,45.0,,2026-03-06 18:30:00,dad_flights_departure_silver_layer.csv,11077.0
imputed_tail_number,1.0,VN-A516,departure_without_arrival,,111.0,,2026-02-13 16:31:00,han_flights_departure_silver_layer.csv,18395.0
imputed_tail_number,1.0,VN-A522,,arrival_without_departure,99.0,2026-01-15 04:26:00,,han_flights_departure_silver_layer.csv,9209.0
imputed_tail_number,1.0,VN-A522,departure_without_arrival,,100.0,,2026-02-20 22:59:00,han_flights_departure_silver_layer.csv,20734.0
imputed_tail_number,1.0,VN-A522,,arrival_without_departure,60.0,2026-02-26 04:55:00,,han_flights_departure_silver_layer.csv,22553.0
imputed_tail_number,1.0,VN-A522,departure_without_arrival,,50.0,,2026-02-27 03:24:00,dad_flights_departure_silver_layer.csv,10093.0
imputed_tail_number,1.0,VN-A522,departure_without_arrival,,50.0,,2026-02-27 03:24:00,dad_flights_departure_silver_layer.csv,10148.0
imputed_tail_number,1.0,VN-A522,departure_without_arrival,arrival_without_departure,60.0,2026-03-02 21:40:00,2026-03-02 22:40:00,dad_flights_departure_silver_layer.csv,10545.0
imputed_tail_number,1.0,VN-A522,,arrival_without_departure,60.0,2026-03-03 01:05:00,,han_flights_departure_silver_layer.csv,24183.0
imputed_tail_number,1.0,VN-A522,,arrival_without_departure,60.0,2026-03-03 13:20:00,,han_flights_departure_silver_layer.csv,24335.0
imputed_tail_number,1.0,VN-A522,departure_without_arrival,,100.0,,2026-03-08 20:35:00,sgn_flights_departure_silver_layer.csv,33731.0
imputed_tail_number,1.0,VN-A523,,arrival_without_departure,102.0,2026-01-21 09:28:00,,han_flights_departure_silver_layer.csv,11035.0
imputed_tail_number,1.0,VN-A523,departure_without_arrival,,111.0,,2026-02-24 08:22:00,sgn_flights_departure_silver_layer.csv,28169.0
imputed_tail_number,1.0,VN-A523,,arrival_without_departure,111.0,2026-02-27 23:04:00,,sgn_flights_departure_silver_layer.csv,30073.0
imputed_tail_number,1.0,VN-A524,,arrival_without_departure,111.0,2026-02-21 03:39:00,,sgn_flights_departure_silver_layer.csv,26527.0
imputed_tail_number,1.0,VN-A525,departure_without_arrival,,64.0,,2026-02-07 16:02:00,sgn_flights_departure_silver_layer.csv,20606.0
imputed_tail_number,1.0,VN-A526,,arrival_without_departure,102.0,2026-02-11 08:12:00,,han_flights_departure_silver_layer.csv,17589.0
imputed_tail_number,1.0,VN-A526,,arrival_without_departure,102.0,2026-02-11 09:48:00,,sgn_flights_departure_silver_layer.csv,21883.0
imputed_tail_number,1.0,VN-A532,,arrival_without_departure,60.0,2025-12-31 17:20:00,,sgn_flights_departure_silver_layer.csv,5774.0
imputed_tail_number,1.0,VN-A532,,arrival_without_departure,60.0,2025-12-31 19:10:00,,dad_flights_departure_silver_layer.csv,2090.0
imputed_tail_number,1.0,VN-A532,,arrival_without_departure,99.0,2026-01-25 00:06:00,,han_flights_departure_silver_layer.csv,12144.0
imputed_tail_number,1.0,VN-A532,departure_without_arrival,,100.0,,2026-02-25 05:10:00,sgn_flights_departure_silver_layer.csv,28592.0
imputed_tail_number,1.0,VN-A532,departure_without_arrival,,100.0,,2026-03-15 00:32:00,han_flights_departure_silver_layer.csv,27929.0
imputed_tail_number,1.0,VN-A532,,arrival_without_departure,100.0,2026-03-16 03:50:00,,sgn_flights_departure_silver_layer.csv,36405.0
imputed_tail_number,1.0,VN-A535,departure_without_arrival,,100.0,,2026-03-12 22:17:00,sgn_flights_departure_silver_layer.csv,35252.0
imputed_tail_number,1.0,VN-A536,,arrival_without_departure,64.0,2026-01-08 19:01:00,,dad_flights_departure_silver_layer.csv,3110.0
imputed_tail_number,1.0,VN-A538,departure_without_arrival,,102.0,,2025-12-24 15:45:00,dad_flights_departure_silver_layer.csv,1091.0
imputed_tail_number,1.0,VN-A538,departure_without_arrival,,111.0,,2026-02-12 16:21:00,han_flights_departure_silver_layer.csv,18033.0
imputed_tail_number,1.0,VN-A539,departure_without_arrival,,102.0,,2026-01-18 22:03:00,dad_flights_departure_silver_layer.csv,4427.0
imputed_tail_number,1.0,VN-A539,,arrival_without_departure,102.0,2026-01-22 03:56:00,,han_flights_departure_silver_layer.csv,11191.0
imputed_tail_number,1.0,VN-A539,departure_without_arrival,,111.0,,2026-02-11 03:27:00,sgn_flights_departure_silver_layer.csv,21630.0
imputed_tail_number,1.0,VN-A539,departure_without_arrival,,111.0,,2026-02-23 02:31:00,sgn_flights_departure_silver_layer.csv,27501.0
imputed_tail_number,1.0,VN-A539,departure_without_arrival,,111.0,,2026-02-24 02:14:00,han_flights_departure_silver_layer.csv,21807.0
imputed_tail_number,1.0,VN-A542,,arrival_without_departure,100.0,2025-12-16 06:10:00,,sgn_flights_departure_silver_layer.csv,83.0
imputed_tail_number,1.0,VN-A542,departure_without_arrival,,99.0,,2026-02-08 21:05:00,dad_flights_departure_silver_layer.csv,7248.0
imputed_tail_number,1.0,VN-A542,departure_without_arrival,,100.0,,2026-02-13 19:45:00,han_flights_departure_silver_layer.csv,18519.0
imputed_tail_number,1.0,VN-A542,departure_without_arrival,,100.0,,2026-02-22 13:22:00,han_flights_departure_silver_layer.csv,21356.0
imputed_tail_number,1.0,VN-A542,departure_without_arrival,,100.0,,2026-02-22 19:33:00,sgn_flights_departure_silver_layer.csv,27470.0
imputed_tail_number,1.0,VN-A543,departure_without_arrival,,111.0,,2026-02-11 10:35:00,han_flights_departure_silver_layer.csv,18163.0
imputed_tail_number,1.0,VN-A543,,arrival_without_departure,64.0,2026-02-13 04:41:00,,dad_flights_departure_silver_layer.csv,7866.0
imputed_tail_number,1.0,VN-A543,departure_without_arrival,,111.0,,2026-03-11 16:21:00,han_flights_departure_silver_layer.csv,26964.0
imputed_tail_number,1.0,VN-A544,departure_without_arrival,,60.0,,2026-01-07 16:14:00,dad_flights_departure_silver_layer.csv,2948.0
imputed_tail_number,1.0,VN-A544,departure_without_arrival,arrival_without_departure,60.0,2026-01-21 20:35:00,2026-01-21 21:35:00,dad_flights_departure_silver_layer.csv,4823.0
imputed_tail_number,1.0,VN-A544,,arrival_without_departure,60.0,2026-01-22 09:40:00,,sgn_flights_departure_silver_layer.csv,13605.0
imputed_tail_number,1.0,VN-A544,departure_without_arrival,,100.0,,2026-02-22 17:31:00,han_flights_departure_silver_layer.csv,21361.0
imputed_tail_number,1.0,VN-A544,departure_without_arrival,,100.0,,2026-03-08 22:58:00,sgn_flights_departure_silver_layer.csv,33721.0
imputed_tail_number,1.0,VN-A546,,arrival_without_departure,111.0,2025-12-16 00:49:00,,sgn_flights_departure_silver_layer.csv,26.0
imputed_tail_number,1.0,VN-A546,,arrival_without_departure,111.0,2026-01-30 00:49:00,,sgn_flights_departure_silver_layer.csv,16434.0
imputed_tail_number,1.0,VN-A546,departure_without_arrival,,111.0,,2026-02-15 14:45:00,han_flights_departure_silver_layer.csv,19067.0
imputed_tail_number,1.0,VN-A546,,arrival_without_departure,111.0,2026-03-03 00:49:00,,sgn_flights_departure_silver_layer.csv,31408.0
imputed_tail_number,1.0,VN-A547,,arrival_without_departure,102.0,2025-12-16 00:23:00,,han_flights_departure_silver_layer.csv,21.0
imputed_tail_number,1.0,VN-A547,departure_without_arrival,,111.0,,2026-02-22 08:34:00,han_flights_departure_silver_layer.csv,21281.0
imputed_tail_number,1.0,VN-A547,departure_without_arrival,,111.0,,2026-02-26 12:15:00,han_flights_departure_silver_layer.csv,22655.0
imputed_tail_number,1.0,VN-A547,,arrival_without_departure,64.0,2026-03-10 21:36:00,,dad_flights_departure_silver_layer.csv,11664.0
imputed_tail_number,1.0,VN-A548,departure_without_arrival,,111.0,,2026-02-14 20:09:00,sgn_flights_departure_silver_layer.csv,23676.0
imputed_tail_number,1.0,VN-A548,,arrival_without_departure,64.0,2026-02-17 11:16:00,,dad_flights_departure_silver_layer.csv,8487.0
imputed_tail_number,1.0,VN-A548,departure_without_arrival,,64.0,,2026-03-13 22:29:00,dad_flights_departure_silver_layer.csv,12086.0
imputed_tail_number,1.0,VN-A549,departure_without_arrival,,111.0,,2026-03-12 23:14:00,sgn_flights_departure_silver_layer.csv,35247.0
imputed_tail_number,1.0,VN-A550,,arrival_without_departure,111.0,2026-02-15 19:34:00,,sgn_flights_departure_silver_layer.csv,24125.0
imputed_tail_number,1.0,VN-A550,departure_without_arrival,,111.0,,2026-03-08 19:45:00,han_flights_departure_silver_layer.csv,26074.0
imputed_tail_number,1.0,VN-A552,departure_without_arrival,,111.0,,2026-02-15 10:26:00,han_flights_departure_silver_layer.csv,19000.0
imputed_tail_number,1.0,VN-A552,,arrival_without_departure,64.0,2026-03-10 15:06:00,,dad_flights_departure_silver_layer.csv,11624.0
imputed_tail_number,1.0,VN-A552,departure_without_arrival,,111.0,,2026-03-17 00:10:00,sgn_flights_departure_silver_layer.csv,36731.0
imputed_tail_number,1.0,VN-A553,,arrival_without_departure,111.0,2026-01-21 20:54:00,,sgn_flights_departure_silver_layer.csv,13448.0
imputed_tail_number,1.0,VN-A553,departure_without_arrival,,111.0,,2026-03-02 18:18:00,han_flights_departure_silver_layer.csv,24094.0
imputed_tail_number,1.0,VN-A575,,arrival_without_departure,102.0,2026-01-07 08:28:00,,han_flights_departure_silver_layer.csv,6859.0
imputed_tail_number,1.0,VN-A575,departure_without_arrival,,64.0,,2026-03-16 07:53:00,dad_flights_departure_silver_layer.csv,12402.0
imputed_tail_number,1.0,VN-A578,departure_without_arrival,,102.0,,2026-01-25 21:18:00,dad_flights_departure_silver_layer.csv,5362.0
imputed_tail_number,1.0,VN-A578,,arrival_without_departure,111.0,2026-03-12 04:04:00,,sgn_flights_departure_silver_layer.csv,34941.0
imputed_tail_number,1.0,VN-A585,,arrival_without_departure,100.0,2025-12-16 08:25:00,,sgn_flights_departure_silver_layer.csv,127.0
imputed_tail_number,1.0,VN-A585,departure_without_arrival,,60.0,,2026-01-06 18:15:00,han_flights_departure_silver_layer.csv,6671.0
imputed_tail_number,1.0,VN-A585,,arrival_without_departure,100.0,2026-01-06 19:30:00,,sgn_flights_departure_silver_layer.csv,8099.0
imputed_tail_number,1.0,VN-A585,,arrival_without_departure,60.0,2026-01-08 11:30:00,,dad_flights_departure_silver_layer.csv,3052.0
imputed_tail_number,1.0,VN-A585,departure_without_arrival,,60.0,,2026-01-21 18:15:00,dad_flights_departure_silver_layer.csv,4806.0
imputed_tail_number,1.0,VN-A585,,arrival_without_departure,99.0,2026-01-22 05:26:00,,han_flights_departure_silver_layer.csv,11240.0
imputed_tail_number,1.0,VN-A585,departure_without_arrival,,100.0,,2026-02-23 04:27:00,sgn_flights_departure_silver_layer.csv,27550.0
imputed_tail_number,1.0,VN-A585,,arrival_without_departure,100.0,2026-02-24 08:25:00,,sgn_flights_departure_silver_layer.csv,28212.0
imputed_tail_number,1.0,VN-A585,departure_without_arrival,,100.0,,2026-02-27 08:43:00,han_flights_departure_silver_layer.csv,23055.0
imputed_tail_number,1.0,VN-A585,departure_without_arrival,,99.0,,2026-02-27 11:22:00,sgn_flights_departure_silver_layer.csv,30027.0
imputed_tail_number,1.0,VN-A585,departure_without_arrival,,100.0,,2026-03-04 21:32:00,sgn_flights_departure_silver_layer.csv,32148.0
imputed_tail_number,1.0,VN-A585,departure_without_arrival,,100.0,,2026-03-06 00:18:00,sgn_flights_departure_silver_layer.csv,32576.0
imputed_tail_number,1.0,VN-A585,departure_without_arrival,,100.0,,2026-03-10 10:55:00,han_flights_departure_silver_layer.csv,26490.0
imputed_tail_number,1.0,VN-A596,departure_without_arrival,,86.0,,2025-12-27 21:41:00,sgn_flights_departure_silver_layer.csv,4347.0
imputed_tail_number,1.0,VN-A596,,arrival_without_departure,93.0,2026-01-05 06:02:00,,han_flights_departure_silver_layer.csv,6214.0
imputed_tail_number,1.0,VN-A596,departure_without_arrival,,86.0,,2026-01-15 21:38:00,sgn_flights_departure_silver_layer.csv,11306.0
imputed_tail_number,1.0,VN-A596,departure_without_arrival,,86.0,,2026-01-23 21:42:00,sgn_flights_departure_silver_layer.csv,14140.0
imputed_tail_number,1.0,VN-A596,departure_without_arrival,,86.0,,2026-02-20 20:35:00,han_flights_departure_silver_layer.csv,20712.0
imputed_tail_number,1.0,VN-A596,,arrival_without_departure,45.0,2026-02-23 09:20:00,,dad_flights_departure_silver_layer.csv,9382.0
imputed_tail_number,1.0,VN-A596,,arrival_without_departure,86.0,2026-03-05 19:44:00,,sgn_flights_departure_silver_layer.csv,32556.0
imputed_tail_number,1.0,VN-A596,,arrival_without_departure,45.0,2026-03-09 08:55:00,,dad_flights_departure_silver_layer.csv,11430.0
imputed_tail_number,1.0,VN-A596,departure_without_arrival,,45.0,,2026-03-13 10:55:00,dad_flights_departure_silver_layer.csv,11998.0
imputed_tail_number,1.0,VN-A597,departure_without_arrival,,60.0,,2026-01-04 21:05:00,sgn_flights_departure_silver_layer.csv,7874.0
imputed_tail_number,1.0,VN-A597,,arrival_without_departure,99.0,2026-01-07 10:11:00,,han_flights_departure_silver_layer.csv,6871.0
imputed_tail_number,1.0,VN-A597,,arrival_without_departure,60.0,2026-01-11 13:30:00,,dad_flights_departure_silver_layer.csv,3451.0
imputed_tail_number,1.0,VN-A601,,arrival_without_departure,99.0,2026-01-06 18:26:00,,han_flights_departure_silver_layer.csv,6698.0
imputed_tail_number,1.0,VN-A601,,arrival_without_departure,60.0,2026-01-17 13:55:00,,dad_flights_departure_silver_layer.csv,4245.0
imputed_tail_number,1.0,VN-A601,departure_without_arrival,,60.0,,2026-01-20 14:08:00,dad_flights_departure_silver_layer.csv,4633.0
imputed_tail_number,1.0,VN-A601,departure_without_arrival,,100.0,,2026-01-28 23:10:00,sgn_flights_departure_silver_layer.csv,16015.0
imputed_tail_number,1.0,VN-A601,departure_without_arrival,,100.0,,2026-02-05 22:35:00,sgn_flights_departure_silver_layer.csv,19217.0
imputed_tail_number,1.0,VN-A602,,arrival_without_departure,100.0,2026-01-13 07:15:00,,sgn_flights_departure_silver_layer.csv,10321.0
imputed_tail_number,1.0,VN-A602,,arrival_without_departure,60.0,2026-01-18 12:50:00,,dad_flights_departure_silver_layer.csv,4366.0
imputed_tail_number,1.0,VN-A602,,arrival_without_departure,60.0,2026-01-22 00:05:00,,dad_flights_departure_silver_layer.csv,4845.0
imputed_tail_number,1.0,VN-A602,departure_without_arrival,,100.0,,2026-03-01 04:53:00,sgn_flights_departure_silver_layer.csv,30590.0
imputed_tail_number,1.0,VN-A602,departure_without_arrival,,60.0,,2026-03-02 15:25:00,dad_flights_departure_silver_layer.csv,10494.0
imputed_tail_number,1.0,VN-A602,departure_without_arrival,,60.0,,2026-03-12 13:27:00,dad_flights_departure_silver_layer.csv,11878.0
imputed_tail_number,1.0,VN-A603,departure_without_arrival,,60.0,,2026-03-05 14:07:00,dad_flights_departure_silver_layer.csv,10905.0
imputed_tail_number,1.0,VN-A604,departure_without_arrival,,60.0,,2025-12-20 21:14:00,dad_flights_departure_silver_layer.csv,597.0
imputed_tail_number,1.0,VN-A604,,arrival_without_departure,100.0,2025-12-21 04:00:00,,sgn_flights_departure_silver_layer.csv,1848.0
imputed_tail_number,1.0,VN-A604,,arrival_without_departure,100.0,2026-01-06 09:15:00,,sgn_flights_departure_silver_layer.csv,7908.0
imputed_tail_number,1.0,VN-A604,departure_without_arrival,,60.0,,2026-03-01 14:07:00,dad_flights_departure_silver_layer.csv,10340.0
imputed_tail_number,1.0,VN-A605,,arrival_without_departure,60.0,2025-12-24 13:10:00,,dad_flights_departure_silver_layer.csv,1073.0
imputed_tail_number,1.0,VN-A605,departure_without_arrival,,60.0,,2026-01-28 14:20:00,dad_flights_departure_silver_layer.csv,5703.0
imputed_tail_number,1.0,VN-A605,departure_without_arrival,,60.0,,2026-02-27 23:47:00,dad_flights_departure_silver_layer.csv,10100.0
imputed_tail_number,1.0,VN-A606,,arrival_without_departure,99.0,2025-12-16 04:21:00,,han_flights_departure_silver_layer.csv,36.0
imputed_tail_number,1.0,VN-A606,,arrival_without_departure,60.0,2026-01-19 13:55:00,,dad_flights_departure_silver_layer.csv,4508.0
imputed_tail_number,1.0,VN-A606,,arrival_without_departure,60.0,2026-01-19 15:45:00,,sgn_flights_departure_silver_layer.csv,12692.0
imputed_tail_number,1.0,VN-A606,departure_without_arrival,,100.0,,2026-02-12 00:49:00,han_flights_departure_silver_layer.csv,17897.0
imputed_tail_number,1.0,VN-A606,departure_without_arrival,,99.0,,2026-02-14 14:55:00,dad_flights_departure_silver_layer.csv,8087.0
imputed_tail_number,1.0,VN-A608,departure_without_arrival,,60.0,,2026-01-16 23:21:00,dad_flights_departure_silver_layer.csv,4169.0
imputed_tail_number,1.0,VN-A608,,arrival_without_departure,60.0,2026-01-18 08:40:00,,dad_flights_departure_silver_layer.csv,4334.0
imputed_tail_number,1.0,VN-A608,departure_without_arrival,,100.0,,2026-02-21 16:29:00,han_flights_departure_silver_layer.csv,20971.0
imputed_tail_number,1.0,VN-A608,departure_without_arrival,,60.0,,2026-03-09 13:24:00,dad_flights_departure_silver_layer.csv,11459.0
imputed_tail_number,1.0,VN-A608,departure_without_arrival,,60.0,,2026-03-09 23:31:00,dad_flights_departure_silver_layer.csv,11527.0
imputed_tail_number,1.0,VN-A608,departure_without_arrival,,60.0,,2026-03-10 15:31:00,dad_flights_departure_silver_layer.csv,11615.0
imputed_tail_number,1.0,VN-A608,departure_without_arrival,,60.0,,2026-03-12 13:06:00,dad_flights_departure_silver_layer.csv,11877.0
imputed_tail_number,1.0,VN-A608,departure_without_arrival,,60.0,,2026-03-13 13:20:00,dad_flights_departure_silver_layer.csv,12022.0
imputed_tail_number,1.0,VN-A608,departure_without_arrival,,60.0,,2026-03-13 20:40:00,dad_flights_departure_silver_layer.csv,12093.0
imputed_tail_number,1.0,VN-A609,,arrival_without_departure,60.0,2026-02-12 15:30:00,,han_flights_departure_silver_layer.csv,18087.0
imputed_tail_number,1.0,VN-A609,departure_without_arrival,,100.0,,2026-02-18 02:49:00,han_flights_departure_silver_layer.csv,19840.0
imputed_tail_number,1.0,VN-A609,departure_without_arrival,,100.0,,2026-02-18 12:09:00,han_flights_departure_silver_layer.csv,19915.0
imputed_tail_number,1.0,VN-A609,departure_without_arrival,,60.0,,2026-02-22 09:50:00,dad_flights_departure_silver_layer.csv,9217.0
imputed_tail_number,1.0,VN-A609,departure_without_arrival,,60.0,,2026-03-02 23:52:00,dad_flights_departure_silver_layer.csv,10578.0
imputed_tail_number,1.0,VN-A609,departure_without_arrival,,100.0,,2026-03-09 09:48:00,han_flights_departure_silver_layer.csv,26168.0
imputed_tail_number,1.0,VN-A610,,arrival_without_departure,60.0,2026-02-08 23:30:00,,dad_flights_departure_silver_layer.csv,7263.0
imputed_tail_number,1.0,VN-A610,departure_without_arrival,,100.0,,2026-02-24 22:21:00,sgn_flights_departure_silver_layer.csv,28493.0
imputed_tail_number,1.0,VN-A610,,arrival_without_departure,60.0,2026-02-26 23:30:00,,dad_flights_departure_silver_layer.csv,9952.0
imputed_tail_number,1.0,VN-A610,departure_without_arrival,,100.0,,2026-02-27 21:42:00,han_flights_departure_silver_layer.csv,23141.0
imputed_tail_number,1.0,VN-A610,departure_without_arrival,,99.0,,2026-03-05 16:23:00,dad_flights_departure_silver_layer.csv,10931.0
imputed_tail_number,1.0,VN-A611,departure_without_arrival,,60.0,,2026-01-06 15:14:00,sgn_flights_departure_silver_layer.csv,7987.0
imputed_tail_number,1.0,VN-A611,,arrival_without_departure,99.0,2026-01-06 16:41:00,,han_flights_departure_silver_layer.csv,6665.0
imputed_tail_number,1.0,VN-A611,,arrival_without_departure,60.0,2026-01-20 13:45:00,,dad_flights_departure_silver_layer.csv,4640.0
imputed_tail_number,1.0,VN-A611,departure_without_arrival,,60.0,,2026-01-30 10:04:00,dad_flights_departure_silver_layer.csv,5937.0
imputed_tail_number,1.0,VN-A611,,arrival_without_departure,60.0,2026-01-30 13:40:00,,dad_flights_departure_silver_layer.csv,5974.0
imputed_tail_number,1.0,VN-A611,departure_without_arrival,,60.0,,2026-02-01 15:10:00,dad_flights_departure_silver_layer.csv,6243.0
imputed_tail_number,1.0,VN-A611,departure_without_arrival,,100.0,,2026-02-13 10:05:00,han_flights_departure_silver_layer.csv,18353.0
imputed_tail_number,1.0,VN-A611,,arrival_without_departure,60.0,2026-02-14 08:50:00,,dad_flights_departure_silver_layer.csv,8038.0
imputed_tail_number,1.0,VN-A611,,arrival_without_departure,60.0,2026-02-14 09:10:00,,han_flights_departure_silver_layer.csv,18671.0
imputed_tail_number,1.0,VN-A611,departure_without_arrival,,100.0,,2026-02-27 23:52:00,sgn_flights_departure_silver_layer.csv,30028.0
imputed_tail_number,1.0,VN-A611,departure_without_arrival,,60.0,,2026-02-28 10:07:00,dad_flights_departure_silver_layer.csv,10155.0
imputed_tail_number,1.0,VN-A611,departure_without_arrival,,60.0,,2026-02-28 14:14:00,dad_flights_departure_silver_layer.csv,10194.0
imputed_tail_number,1.0,VN-A611,departure_without_arrival,,60.0,,2026-03-08 13:26:00,dad_flights_departure_silver_layer.csv,11313.0
imputed_tail_number,1.0,VN-A611,departure_without_arrival,,60.0,,2026-03-08 23:57:00,dad_flights_departure_silver_layer.csv,11388.0
imputed_tail_number,1.0,VN-A611,departure_without_arrival,,99.0,,2026-03-16 08:41:00,han_flights_departure_silver_layer.csv,28329.0
imputed_tail_number,1.0,VN-A611,,arrival_without_departure,100.0,2026-03-16 18:50:00,,sgn_flights_departure_silver_layer.csv,36693.0
imputed_tail_number,1.0,VN-A612,,arrival_without_departure,100.0,2026-02-12 06:00:00,,sgn_flights_departure_silver_layer.csv,22250.0
imputed_tail_number,1.0,VN-A612,,arrival_without_departure,100.0,2026-02-12 11:20:00,,sgn_flights_departure_silver_layer.csv,22395.0
imputed_tail_number,1.0,VN-A612,departure_without_arrival,,100.0,,2026-03-02 19:19:00,han_flights_departure_silver_layer.csv,24092.0
imputed_tail_number,1.0,VN-A612,departure_without_arrival,,100.0,,2026-03-05 18:49:00,han_flights_departure_silver_layer.csv,25029.0
imputed_tail_number,1.0,VN-A613,,arrival_without_departure,99.0,2026-01-06 07:36:00,,han_flights_departure_silver_layer.csv,6528.0
imputed_tail_number,1.0,VN-A613,,arrival_without_departure,99.0,2026-01-22 07:21:00,,han_flights_departure_silver_layer.csv,11277.0
imputed_tail_number,1.0,VN-A613,,arrival_without_departure,60.0,2026-01-25 05:00:00,,dad_flights_departure_silver_layer.csv,5254.0
imputed_tail_number,1.0,VN-A613,,arrival_without_departure,99.0,2026-01-25 08:06:00,,dad_flights_departure_silver_layer.csv,5268.0
imputed_tail_number,1.0,VN-A613,,arrival_without_departure,99.0,2026-01-25 08:21:00,,han_flights_departure_silver_layer.csv,12213.0
imputed_tail_number,1.0,VN-A613,departure_without_arrival,,60.0,,2026-02-01 08:16:00,dad_flights_departure_silver_layer.csv,6195.0
imputed_tail_number,1.0,VN-A613,,arrival_without_departure,100.0,2026-02-01 08:35:00,,sgn_flights_departure_silver_layer.csv,17312.0
imputed_tail_number,1.0,VN-A613,,arrival_without_departure,60.0,2026-02-20 14:00:00,,dad_flights_departure_silver_layer.csv,8954.0
imputed_tail_number,1.0,VN-A613,departure_without_arrival,,100.0,,2026-02-21 03:52:00,han_flights_departure_silver_layer.csv,20792.0
imputed_tail_number,1.0,VN-A613,departure_without_arrival,,100.0,,2026-02-23 02:21:00,han_flights_departure_silver_layer.csv,21466.0
imputed_tail_number,1.0,VN-A613,,arrival_without_departure,99.0,2026-02-23 22:48:00,,han_flights_departure_silver_layer.csv,21785.0
imputed_tail_number,1.0,VN-A613,departure_without_arrival,,100.0,,2026-03-05 18:46:00,han_flights_departure_silver_layer.csv,25028.0
imputed_tail_number,1.0,VN-A613,departure_without_arrival,,60.0,,2026-03-12 23:20:00,dad_flights_departure_silver_layer.csv,11975.0
imputed_tail_number,1.0,VN-A614,,arrival_without_departure,99.0,2025-12-29 07:56:00,,han_flights_departure_silver_layer.csv,4048.0
imputed_tail_number,1.0,VN-A614,departure_without_arrival,,60.0,,2026-02-04 18:43:00,dad_flights_departure_silver_layer.csv,6667.0
imputed_tail_number,1.0,VN-A614,departure_without_arrival,,100.0,,2026-02-12 05:51:00,dad_flights_departure_silver_layer.csv,7718.0
imputed_tail_number,1.0,VN-A614,,arrival_without_departure,100.0,2026-02-20 08:00:00,,sgn_flights_departure_silver_layer.csv,26121.0
imputed_tail_number,1.0,VN-A614,,arrival_without_departure,100.0,2026-02-20 12:45:00,,sgn_flights_departure_silver_layer.csv,26249.0
imputed_tail_number,1.0,VN-A614,departure_without_arrival,,100.0,,2026-02-26 00:53:00,han_flights_departure_silver_layer.csv,22503.0
imputed_tail_number,1.0,VN-A614,departure_without_arrival,,100.0,,2026-03-01 17:33:00,han_flights_departure_silver_layer.csv,23732.0
imputed_tail_number,1.0,VN-A614,departure_without_arrival,,60.0,,2026-03-01 23:32:00,dad_flights_departure_silver_layer.csv,10408.0
imputed_tail_number,1.0,VN-A614,departure_without_arrival,,60.0,,2026-03-10 13:47:00,dad_flights_departure_silver_layer.csv,11599.0
imputed_tail_number,1.0,VN-A614,departure_without_arrival,,60.0,,2026-03-16 12:22:00,dad_flights_departure_silver_layer.csv,12434.0
imputed_tail_number,1.0,VN-A615,departure_without_arrival,arrival_without_departure,60.0,2025-12-19 12:00:00,2025-12-19 13:00:00,dad_flights_departure_silver_layer.csv,414.0
imputed_tail_number,1.0,VN-A615,,arrival_without_departure,60.0,2025-12-19 16:10:00,,dad_flights_departure_silver_layer.csv,449.0
imputed_tail_number,1.0,VN-A615,departure_without_arrival,arrival_without_departure,60.0,2025-12-20 05:35:00,2025-12-20 06:35:00,dad_flights_departure_silver_layer.csv,508.0
imputed_tail_number,1.0,VN-A615,,arrival_without_departure,100.0,2025-12-20 11:21:00,,sgn_flights_departure_silver_layer.csv,1618.0
imputed_tail_number,1.0,VN-A615,,arrival_without_departure,100.0,2025-12-23 12:10:00,,sgn_flights_departure_silver_layer.csv,2760.0
imputed_tail_number,1.0,VN-A615,departure_without_arrival,arrival_without_departure,60.0,2025-12-27 12:10:00,2025-12-27 13:10:00,dad_flights_departure_silver_layer.csv,1471.0
imputed_tail_number,1.0,VN-A615,departure_without_arrival,arrival_without_departure,60.0,2025-12-28 06:55:00,2025-12-28 07:55:00,dad_flights_departure_silver_layer.csv,1573.0
imputed_tail_number,1.0,VN-A615,departure_without_arrival,arrival_without_departure,60.0,2025-12-28 16:20:00,2025-12-28 17:20:00,dad_flights_departure_silver_layer.csv,1646.0
imputed_tail_number,1.0,VN-A615,,arrival_without_departure,60.0,2025-12-28 18:00:00,,han_flights_departure_silver_layer.csv,3878.0
imputed_tail_number,1.0,VN-A615,departure_without_arrival,,100.0,,2025-12-28 23:45:00,sgn_flights_departure_silver_layer.csv,4721.0
imputed_tail_number,1.0,VN-A615,,arrival_without_departure,60.0,2025-12-29 08:45:00,,dad_flights_departure_silver_layer.csv,1725.0
imputed_tail_number,1.0,VN-A615,departure_without_arrival,,100.0,,2025-12-31 23:01:00,sgn_flights_departure_silver_layer.csv,5838.0
imputed_tail_number,1.0,VN-A615,,arrival_without_departure,60.0,2026-01-01 06:55:00,,dad_flights_departure_silver_layer.csv,2146.0
imputed_tail_number,1.0,VN-A615,,arrival_without_departure,100.0,2026-01-01 11:20:00,,sgn_flights_departure_silver_layer.csv,6064.0
imputed_tail_number,1.0,VN-A615,,arrival_without_departure,60.0,2026-01-02 06:55:00,,dad_flights_departure_silver_layer.csv,2285.0
imputed_tail_number,1.0,VN-A615,departure_without_arrival,arrival_without_departure,60.0,2026-01-03 12:55:00,2026-01-03 13:55:00,dad_flights_departure_silver_layer.csv,2473.0
imputed_tail_number,1.0,VN-A615,,arrival_without_departure,60.0,2026-01-04 06:55:00,,dad_flights_departure_silver_layer.csv,2572.0
imputed_tail_number,1.0,VN-A615,,arrival_without_departure,100.0,2026-01-05 08:35:00,,sgn_flights_departure_silver_layer.csv,7509.0
imputed_tail_number,1.0,VN-A615,,arrival_without_departure,100.0,2026-01-06 09:25:00,,sgn_flights_departure_silver_layer.csv,7912.0
imputed_tail_number,1.0,VN-A615,,arrival_without_departure,100.0,2026-01-06 13:25:00,,sgn_flights_departure_silver_layer.csv,7994.0
imputed_tail_number,1.0,VN-A615,,arrival_without_departure,100.0,2026-01-08 06:25:00,,sgn_flights_departure_silver_layer.csv,8574.0
imputed_tail_number,1.0,VN-A615,,arrival_without_departure,60.0,2026-01-10 20:05:00,,dad_flights_departure_silver_layer.csv,3369.0
imputed_tail_number,1.0,VN-A615,departure_without_arrival,,60.0,,2026-01-13 00:09:00,dad_flights_departure_silver_layer.csv,3670.0
imputed_tail_number,1.0,VN-A615,departure_without_arrival,arrival_without_departure,60.0,2026-01-13 18:10:00,2026-01-13 19:10:00,dad_flights_departure_silver_layer.csv,3754.0
imputed_tail_number,1.0,VN-A615,,arrival_without_departure,60.0,2026-01-15 13:55:00,,dad_flights_departure_silver_layer.csv,3984.0
imputed_tail_number,1.0,VN-A615,,arrival_without_departure,100.0,2026-01-19 05:25:00,,sgn_flights_departure_silver_layer.csv,12490.0
imputed_tail_number,1.0,VN-A615,departure_without_arrival,,100.0,,2026-01-25 17:15:00,sgn_flights_departure_silver_layer.csv,14864.0
imputed_tail_number,1.0,VN-A615,departure_without_arrival,,60.0,,2026-02-05 19:10:00,dad_flights_departure_silver_layer.csv,6809.0
imputed_tail_number,1.0,VN-A615,,arrival_without_departure,60.0,2026-02-09 10:00:00,,sgn_flights_departure_silver_layer.csv,20860.0
imputed_tail_number,1.0,VN-A615,,arrival_without_departure,60.0,2026-02-14 06:00:00,,dad_flights_departure_silver_layer.csv,8026.0
imputed_tail_number,1.0,VN-A615,departure_without_arrival,,60.0,,2026-02-14 18:58:00,dad_flights_departure_silver_layer.csv,8103.0
imputed_tail_number,1.0,VN-A615,departure_without_arrival,,100.0,,2026-02-15 04:19:00,dad_flights_departure_silver_layer.csv,8166.0
imputed_tail_number,1.0,VN-A615,departure_without_arrival,,60.0,,2026-02-17 09:49:00,dad_flights_departure_silver_layer.csv,8462.0
imputed_tail_number,1.0,VN-A615,,arrival_without_departure,100.0,2026-02-21 05:55:00,,sgn_flights_departure_silver_layer.csv,26575.0
imputed_tail_number,1.0,VN-A615,departure_without_arrival,,100.0,,2026-02-27 00:29:00,sgn_flights_departure_silver_layer.csv,29545.0
imputed_tail_number,1.0,VN-A615,departure_without_arrival,,100.0,,2026-03-01 02:59:00,sgn_flights_departure_silver_layer.csv,30556.0
imputed_tail_number,1.0,VN-A615,departure_without_arrival,,60.0,,2026-03-01 13:21:00,dad_flights_departure_silver_layer.csv,10330.0
imputed_tail_number,1.0,VN-A615,departure_without_arrival,,100.0,,2026-03-10 18:11:00,han_flights_departure_silver_layer.csv,26660.0
imputed_tail_number,1.0,VN-A615,departure_without_arrival,,100.0,,2026-03-11 00:36:00,han_flights_departure_silver_layer.csv,26740.0
imputed_tail_number,1.0,VN-A615,departure_without_arrival,,100.0,,2026-03-11 10:57:00,han_flights_departure_silver_layer.csv,26806.0
imputed_tail_number,1.0,VN-A615,departure_without_arrival,,60.0,,2026-03-16 15:16:00,dad_flights_departure_silver_layer.csv,12459.0
imputed_tail_number,1.0,VN-A616,departure_without_arrival,,64.0,,2026-01-07 10:29:00,dad_flights_departure_silver_layer.csv,2900.0
imputed_tail_number,1.0,VN-A616,departure_without_arrival,,64.0,,2026-01-08 20:54:00,dad_flights_departure_silver_layer.csv,3149.0
imputed_tail_number,1.0,VN-A616,,arrival_without_departure,102.0,2026-01-22 14:48:00,,han_flights_departure_silver_layer.csv,11390.0
imputed_tail_number,1.0,VN-A616,,arrival_without_departure,64.0,2026-02-23 16:46:00,,dad_flights_departure_silver_layer.csv,9443.0
imputed_tail_number,1.0,VN-A616,,arrival_without_departure,64.0,2026-02-23 18:01:00,,han_flights_departure_silver_layer.csv,21733.0
imputed_tail_number,1.0,VN-A616,departure_without_arrival,,111.0,,2026-02-28 23:49:00,sgn_flights_departure_silver_layer.csv,30503.0
imputed_tail_number,1.0,VN-A616,departure_without_arrival,,111.0,,2026-03-12 00:25:00,sgn_flights_departure_silver_layer.csv,34874.0
imputed_tail_number,1.0,VN-A617,departure_without_arrival,,111.0,,2026-02-14 06:18:00,han_flights_departure_silver_layer.csv,18578.0
imputed_tail_number,1.0,VN-A617,departure_without_arrival,,111.0,,2026-02-24 00:38:00,sgn_flights_departure_silver_layer.csv,27978.0
imputed_tail_number,1.0,VN-A617,departure_without_arrival,,111.0,,2026-03-01 16:48:00,han_flights_departure_silver_layer.csv,23711.0
imputed_tail_number,1.0,VN-A617,departure_without_arrival,,64.0,,2026-03-02 17:25:00,dad_flights_departure_silver_layer.csv,10511.0
imputed_tail_number,1.0,VN-A617,departure_without_arrival,,64.0,,2026-03-03 14:15:00,dad_flights_departure_silver_layer.csv,10639.0
imputed_tail_number,1.0,VN-A617,departure_without_arrival,,111.0,,2026-03-11 11:12:00,han_flights_departure_silver_layer.csv,26808.0
imputed_tail_number,1.0,VN-A617,departure_without_arrival,,64.0,,2026-03-13 19:34:00,dad_flights_departure_silver_layer.csv,12071.0
imputed_tail_number,1.0,VN-A618,,arrival_without_departure,64.0,2026-01-27 18:36:00,,dad_flights_departure_silver_layer.csv,5613.0
imputed_tail_number,1.0,VN-A618,departure_without_arrival,,111.0,,2026-02-03 22:30:00,sgn_flights_departure_silver_layer.csv,18372.0
imputed_tail_number,1.0,VN-A618,departure_without_arrival,,102.0,,2026-02-12 19:02:00,han_flights_departure_silver_layer.csv,18164.0
imputed_tail_number,1.0,VN-A618,departure_without_arrival,,64.0,,2026-03-10 19:26:00,dad_flights_departure_silver_layer.csv,11649.0
imputed_tail_number,1.0,VN-A619,departure_without_arrival,,64.0,,2026-01-06 14:14:00,sgn_flights_departure_silver_layer.csv,7993.0
imputed_tail_number,1.0,VN-A619,,arrival_without_departure,102.0,2026-01-06 17:33:00,,han_flights_departure_silver_layer.csv,6686.0
imputed_tail_number,1.0,VN-A619,,arrival_without_departure,102.0,2026-01-17 00:13:00,,han_flights_departure_silver_layer.csv,9812.0
imputed_tail_number,1.0,VN-A619,departure_without_arrival,,111.0,,2026-02-27 17:49:00,sgn_flights_departure_silver_layer.csv,30093.0
imputed_tail_number,1.0,VN-A619,departure_without_arrival,,64.0,,2026-03-01 05:38:00,dad_flights_departure_silver_layer.csv,10290.0
imputed_tail_number,1.0,VN-A619,departure_without_arrival,,64.0,,2026-03-12 18:51:00,dad_flights_departure_silver_layer.csv,11921.0
imputed_tail_number,1.0,VN-A621,departure_without_arrival,,64.0,,2026-01-19 09:57:00,dad_flights_departure_silver_layer.csv,4469.0
imputed_tail_number,1.0,VN-A622,departure_without_arrival,,64.0,,2026-01-07 14:10:00,dad_flights_departure_silver_layer.csv,2940.0
imputed_tail_number,1.0,VN-A622,,arrival_without_departure,111.0,2026-01-12 05:49:00,,sgn_flights_departure_silver_layer.csv,9930.0
imputed_tail_number,1.0,VN-A622,departure_without_arrival,,111.0,,2026-02-23 08:25:00,han_flights_departure_silver_layer.csv,21535.0
imputed_tail_number,1.0,VN-A622,departure_without_arrival,,64.0,,2026-02-28 17:24:00,dad_flights_departure_silver_layer.csv,10217.0
imputed_tail_number,1.0,VN-A622,departure_without_arrival,,64.0,,2026-03-05 20:00:00,dad_flights_departure_silver_layer.csv,10952.0
imputed_tail_number,1.0,VN-A623,departure_without_arrival,,64.0,,2026-01-24 17:37:00,dad_flights_departure_silver_layer.csv,5196.0
imputed_tail_number,1.0,VN-A623,departure_without_arrival,,111.0,,2026-02-14 23:36:00,han_flights_departure_silver_layer.csv,18864.0
imputed_tail_number,1.0,VN-A623,departure_without_arrival,,64.0,,2026-02-24 13:42:00,dad_flights_departure_silver_layer.csv,9557.0
imputed_tail_number,1.0,VN-A625,departure_without_arrival,,111.0,,2026-01-06 19:28:00,han_flights_departure_silver_layer.csv,6708.0
imputed_tail_number,1.0,VN-A625,,arrival_without_departure,111.0,2026-01-07 07:04:00,,sgn_flights_departure_silver_layer.csv,8230.0
imputed_tail_number,1.0,VN-A625,,arrival_without_departure,111.0,2026-01-07 10:24:00,,sgn_flights_departure_silver_layer.csv,8308.0
imputed_tail_number,1.0,VN-A625,,arrival_without_departure,111.0,2026-01-07 14:39:00,,sgn_flights_departure_silver_layer.csv,8381.0
imputed_tail_number,1.0,VN-A625,,arrival_without_departure,111.0,2026-01-07 18:39:00,,sgn_flights_departure_silver_layer.csv,8454.0
imputed_tail_number,1.0,VN-A625,,arrival_without_departure,102.0,2026-01-24 23:23:00,,han_flights_departure_silver_layer.csv,12136.0
imputed_tail_number,1.0,VN-A625,departure_without_arrival,,111.0,,2026-02-11 22:05:00,sgn_flights_departure_silver_layer.csv,22132.0
imputed_tail_number,1.0,VN-A625,departure_without_arrival,,111.0,,2026-02-12 03:25:00,han_flights_departure_silver_layer.csv,17915.0
imputed_tail_number,1.0,VN-A625,departure_without_arrival,,111.0,,2026-02-13 10:54:00,han_flights_departure_silver_layer.csv,18292.0
imputed_tail_number,1.0,VN-A625,departure_without_arrival,,111.0,,2026-02-22 07:37:00,han_flights_departure_silver_layer.csv,21172.0
imputed_tail_number,1.0,VN-A625,,arrival_without_departure,111.0,2026-03-10 07:54:00,,sgn_flights_departure_silver_layer.csv,34247.0
imputed_tail_number,1.0,VN-A629,departure_without_arrival,,100.0,,2026-02-03 23:50:00,sgn_flights_departure_silver_layer.csv,18391.0
imputed_tail_number,1.0,VN-A629,departure_without_arrival,,100.0,,2026-02-12 08:49:00,han_flights_departure_silver_layer.csv,17972.0
imputed_tail_number,1.0,VN-A629,departure_without_arrival,,99.0,,2026-02-12 20:20:00,sgn_flights_departure_silver_layer.csv,22580.0
imputed_tail_number,1.0,VN-A630,,arrival_without_departure,60.0,2026-01-22 14:50:00,,dad_flights_departure_silver_layer.csv,4924.0
imputed_tail_number,1.0,VN-A632,,arrival_without_departure,100.0,2026-01-19 06:25:00,,sgn_flights_departure_silver_layer.csv,12517.0
imputed_tail_number,1.0,VN-A632,departure_without_arrival,,100.0,,2026-02-15 18:34:00,han_flights_departure_silver_layer.csv,19129.0
imputed_tail_number,1.0,VN-A632,departure_without_arrival,,100.0,,2026-02-15 18:34:00,sgn_flights_departure_silver_layer.csv,24158.0
imputed_tail_number,1.0,VN-A632,departure_without_arrival,,100.0,,2026-02-21 10:38:00,han_flights_departure_silver_layer.csv,20881.0
imputed_tail_number,1.0,VN-A632,,arrival_without_departure,60.0,2026-03-11 07:00:00,,dad_flights_departure_silver_layer.csv,11701.0
imputed_tail_number,1.0,VN-A632,departure_without_arrival,,60.0,,2026-03-16 08:19:00,dad_flights_departure_silver_layer.csv,12404.0
imputed_tail_number,1.0,VN-A633,departure_without_arrival,,100.0,,2026-02-12 21:40:00,han_flights_departure_silver_layer.csv,18124.0
imputed_tail_number,1.0,VN-A633,departure_without_arrival,,100.0,,2026-02-24 18:09:00,han_flights_departure_silver_layer.csv,22115.0
imputed_tail_number,1.0,VN-A633,departure_without_arrival,,100.0,,2026-02-25 08:42:00,han_flights_departure_silver_layer.csv,22230.0
imputed_tail_number,1.0,VN-A633,departure_without_arrival,,99.0,,2026-02-27 08:44:00,sgn_flights_departure_silver_layer.csv,30036.0
imputed_tail_number,1.0,VN-A633,departure_without_arrival,,60.0,,2026-03-13 12:05:00,sgn_flights_departure_silver_layer.csv,35499.0
imputed_tail_number,1.0,VN-A634,departure_without_arrival,,100.0,,2026-02-14 03:17:00,han_flights_departure_silver_layer.csv,18758.0
imputed_tail_number,1.0,VN-A635,,arrival_without_departure,60.0,2026-01-26 21:40:00,,dad_flights_departure_silver_layer.csv,5495.0
imputed_tail_number,1.0,VN-A635,,arrival_without_departure,100.0,2026-02-12 10:00:00,,sgn_flights_departure_silver_layer.csv,22411.0
imputed_tail_number,1.0,VN-A635,,arrival_without_departure,100.0,2026-02-12 11:50:00,,dad_flights_departure_silver_layer.csv,7765.0
imputed_tail_number,1.0,VN-A635,departure_without_arrival,,100.0,,2026-02-13 14:08:00,han_flights_departure_silver_layer.csv,18453.0
imputed_tail_number,1.0,VN-A635,departure_without_arrival,,100.0,,2026-02-25 22:36:00,han_flights_departure_silver_layer.csv,22457.0
imputed_tail_number,1.0,VN-A635,departure_without_arrival,,100.0,,2026-03-02 22:35:00,han_flights_departure_silver_layer.csv,24139.0
imputed_tail_number,1.0,VN-A636,,arrival_without_departure,60.0,2026-01-21 21:40:00,,dad_flights_departure_silver_layer.csv,4826.0
imputed_tail_number,1.0,VN-A636,,arrival_without_departure,60.0,2026-01-31 04:20:00,,sgn_flights_departure_silver_layer.csv,16825.0
imputed_tail_number,1.0,VN-A636,,arrival_without_departure,100.0,2026-02-20 06:05:00,,sgn_flights_departure_silver_layer.csv,26072.0
imputed_tail_number,1.0,VN-A636,,arrival_without_departure,100.0,2026-02-20 11:20:00,,sgn_flights_departure_silver_layer.csv,26238.0
imputed_tail_number,1.0,VN-A636,,arrival_without_departure,60.0,2026-02-27 13:20:00,,han_flights_departure_silver_layer.csv,23045.0
imputed_tail_number,1.0,VN-A636,,arrival_without_departure,100.0,2026-03-13 12:55:00,,sgn_flights_departure_silver_layer.csv,35490.0
imputed_tail_number,1.0,VN-A636,departure_without_arrival,,60.0,,2026-03-15 23:23:00,dad_flights_departure_silver_layer.csv,12371.0
imputed_tail_number,1.0,VN-A637,departure_without_arrival,,98.0,,,sgn_flights_departure_silver_layer.csv,2.0
imputed_tail_number,1.0,VN-A637,,arrival_without_departure,99.0,2025-12-16 04:16:00,,han_flights_departure_silver_layer.csv,55.0
imputed_tail_number,1.0,VN-A637,departure_without_arrival,,100.0,,2026-01-06 14:53:00,han_flights_departure_silver_layer.csv,6637.0
imputed_tail_number,1.0,VN-A637,,arrival_without_departure,100.0,2026-01-20 04:00:00,,sgn_flights_departure_silver_layer.csv,12850.0
imputed_tail_number,1.0,VN-A637,,arrival_without_departure,100.0,2026-01-28 09:50:00,,sgn_flights_departure_silver_layer.csv,15807.0
imputed_tail_number,1.0,VN-A637,,arrival_without_departure,60.0,2026-01-30 04:55:00,,han_flights_departure_silver_layer.csv,13681.0
imputed_tail_number,1.0,VN-A637,departure_without_arrival,,100.0,,2026-02-24 00:02:00,sgn_flights_departure_silver_layer.csv,28012.0
imputed_tail_number,1.0,VN-A637,departure_without_arrival,,100.0,,2026-02-24 00:02:00,han_flights_departure_silver_layer.csv,21864.0
imputed_tail_number,1.0,VN-A637,departure_without_arrival,,100.0,,2026-03-10 21:13:00,han_flights_departure_silver_layer.csv,26658.0
imputed_tail_number,1.0,VN-A639,departure_without_arrival,,99.0,,2026-01-06 19:18:00,sgn_flights_departure_silver_layer.csv,8097.0
imputed_tail_number,1.0,VN-A639,,arrival_without_departure,99.0,2026-01-07 03:21:00,,han_flights_departure_silver_layer.csv,6778.0
imputed_tail_number,1.0,VN-A639,,arrival_without_departure,99.0,2026-01-21 21:46:00,,han_flights_departure_silver_layer.csv,11174.0
imputed_tail_number,1.0,VN-A639,,arrival_without_departure,100.0,2026-01-28 06:50:00,,sgn_flights_departure_silver_layer.csv,15752.0
imputed_tail_number,1.0,VN-A639,,arrival_without_departure,100.0,2026-01-28 09:30:00,,han_flights_departure_silver_layer.csv,13164.0
imputed_tail_number,1.0,VN-A639,departure_without_arrival,,99.0,,2026-02-10 21:21:00,dad_flights_departure_silver_layer.csv,7530.0
imputed_tail_number,1.0,VN-A639,departure_without_arrival,,60.0,,2026-02-20 14:23:00,dad_flights_departure_silver_layer.csv,9046.0
imputed_tail_number,1.0,VN-A639,departure_without_arrival,,100.0,,2026-03-01 07:53:00,han_flights_departure_silver_layer.csv,23619.0
imputed_tail_number,1.0,VN-A640,departure_without_arrival,,60.0,,2026-01-07 20:56:00,dad_flights_departure_silver_layer.csv,2978.0
imputed_tail_number,1.0,VN-A641,,arrival_without_departure,60.0,2026-01-09 10:15:00,,dad_flights_departure_silver_layer.csv,3167.0
imputed_tail_number,1.0,VN-A641,,arrival_without_departure,100.0,2026-01-24 21:05:00,,sgn_flights_departure_silver_layer.csv,14490.0
imputed_tail_number,1.0,VN-A641,departure_without_arrival,,100.0,,2026-02-06 21:57:00,sgn_flights_departure_silver_layer.csv,20131.0
imputed_tail_number,1.0,VN-A641,departure_without_arrival,,99.0,,2026-02-13 17:20:00,sgn_flights_departure_silver_layer.csv,23209.0
imputed_tail_number,1.0,VN-A641,departure_without_arrival,,100.0,,2026-03-10 17:58:00,han_flights_departure_silver_layer.csv,26611.0
imputed_tail_number,1.0,VN-A641,,arrival_without_departure,60.0,2026-03-11 16:10:00,,dad_flights_departure_silver_layer.csv,11770.0
imputed_tail_number,1.0,VN-A642,departure_without_arrival,,100.0,,2026-02-12 18:21:00,han_flights_departure_silver_layer.csv,18141.0
imputed_tail_number,1.0,VN-A642,departure_without_arrival,,100.0,,2026-02-14 15:10:00,sgn_flights_departure_silver_layer.csv,23590.0
imputed_tail_number,1.0,VN-A642,departure_without_arrival,,99.0,,2026-02-26 20:43:00,sgn_flights_departure_silver_layer.csv,29532.0
imputed_tail_number,1.0,VN-A642,,arrival_without_departure,60.0,2026-02-28 04:45:00,,dad_flights_departure_silver_layer.csv,10136.0
imputed_tail_number,1.0,VN-A642,,arrival_without_departure,60.0,2026-02-28 06:35:00,,han_flights_departure_silver_layer.csv,23282.0
imputed_tail_number,1.0,VN-A643,,arrival_without_departure,100.0,2026-01-06 06:40:00,,sgn_flights_departure_silver_layer.csv,7862.0
imputed_tail_number,1.0,VN-A643,departure_without_arrival,,100.0,,2026-01-06 13:00:00,han_flights_departure_silver_layer.csv,6614.0
imputed_tail_number,1.0,VN-A643,departure_without_arrival,arrival_without_departure,100.0,2026-01-06 15:35:00,2026-01-06 17:15:00,han_flights_departure_silver_layer.csv,6689.0
imputed_tail_number,1.0,VN-A643,,arrival_without_departure,100.0,2026-01-07 03:50:00,,sgn_flights_departure_silver_layer.csv,8167.0
imputed_tail_number,1.0,VN-A643,,arrival_without_departure,100.0,2026-01-07 08:05:00,,sgn_flights_departure_silver_layer.csv,8251.0
imputed_tail_number,1.0,VN-A643,,arrival_without_departure,99.0,2026-01-09 08:51:00,,han_flights_departure_silver_layer.csv,7458.0
imputed_tail_number,1.0,VN-A643,,arrival_without_departure,60.0,2026-02-06 04:25:00,,han_flights_departure_silver_layer.csv,15858.0
imputed_tail_number,1.0,VN-A643,departure_without_arrival,,100.0,,2026-02-21 19:43:00,han_flights_departure_silver_layer.csv,21014.0
imputed_tail_number,1.0,VN-A643,departure_without_arrival,,100.0,,2026-03-01 18:00:00,sgn_flights_departure_silver_layer.csv,30974.0
imputed_tail_number,1.0,VN-A643,departure_without_arrival,,100.0,,2026-03-14 23:50:00,han_flights_departure_silver_layer.csv,28011.0
imputed_tail_number,1.0,VN-A643,,arrival_without_departure,100.0,2026-03-16 04:35:00,,sgn_flights_departure_silver_layer.csv,36424.0
imputed_tail_number,1.0,VN-A644,departure_without_arrival,,99.0,,2026-01-07 00:56:00,han_flights_departure_silver_layer.csv,6748.0
imputed_tail_number,1.0,VN-A644,,arrival_without_departure,60.0,2026-01-21 19:20:00,,dad_flights_departure_silver_layer.csv,4817.0
imputed_tail_number,1.0,VN-A644,,arrival_without_departure,100.0,2026-01-24 04:10:00,,sgn_flights_departure_silver_layer.csv,14206.0
imputed_tail_number,1.0,VN-A644,departure_without_arrival,,100.0,,2026-02-25 22:51:00,han_flights_departure_silver_layer.csv,22454.0
imputed_tail_number,1.0,VN-A645,,arrival_without_departure,100.0,2026-01-19 07:45:00,,sgn_flights_departure_silver_layer.csv,12546.0
imputed_tail_number,1.0,VN-A646,departure_without_arrival,,111.0,,2026-02-14 18:51:00,han_flights_departure_silver_layer.csv,18779.0
imputed_tail_number,1.0,VN-A647,departure_without_arrival,,100.0,,2026-03-02 15:50:00,han_flights_departure_silver_layer.csv,24117.0
imputed_tail_number,1.0,VN-A647,departure_without_arrival,,60.0,,2026-03-11 22:11:00,dad_flights_departure_silver_layer.csv,11798.0
imputed_tail_number,1.0,VN-A647,departure_without_arrival,,99.0,,2026-03-16 23:51:00,han_flights_departure_silver_layer.csv,28496.0
imputed_tail_number,1.0,VN-A648,departure_without_arrival,,100.0,,2026-02-06 22:56:00,sgn_flights_departure_silver_layer.csv,19866.0
imputed_tail_number,1.0,VN-A648,departure_without_arrival,,60.0,,2026-02-15 12:09:00,han_flights_departure_silver_layer.csv,19148.0
imputed_tail_number,1.0,VN-A649,,arrival_without_departure,99.0,2026-02-21 07:20:00,,han_flights_departure_silver_layer.csv,20850.0
imputed_tail_number,1.0,VN-A649,,arrival_without_departure,99.0,2026-02-21 09:36:00,,sgn_flights_departure_silver_layer.csv,26726.0
imputed_tail_number,1.0,VN-A649,departure_without_arrival,,100.0,,2026-02-26 20:42:00,han_flights_departure_silver_layer.csv,22792.0
imputed_tail_number,1.0,VN-A650,departure_without_arrival,,50.0,,2026-01-06 20:40:00,han_flights_departure_silver_layer.csv,6702.0
imputed_tail_number,1.0,VN-A650,,arrival_without_departure,98.0,2026-01-07 04:52:00,,sgn_flights_departure_silver_layer.csv,8188.0
imputed_tail_number,1.0,VN-A650,departure_without_arrival,,98.0,,2026-02-20 20:40:00,han_flights_departure_silver_layer.csv,20715.0
imputed_tail_number,1.0,VN-A650,departure_without_arrival,,98.0,,2026-02-27 20:41:00,sgn_flights_departure_silver_layer.csv,30005.0
imputed_tail_number,1.0,VN-A650,departure_without_arrival,,98.0,,2026-02-27 20:41:00,han_flights_departure_silver_layer.csv,23159.0
imputed_tail_number,1.0,VN-A651,,arrival_without_departure,100.0,2026-01-06 21:00:00,,sgn_flights_departure_silver_layer.csv,8130.0
imputed_tail_number,1.0,VN-A651,,arrival_without_departure,60.0,2026-01-18 08:50:00,,dad_flights_departure_silver_layer.csv,4336.0
imputed_tail_number,1.0,VN-A651,,arrival_without_departure,100.0,2026-02-20 23:20:00,,sgn_flights_departure_silver_layer.csv,26498.0
imputed_tail_number,1.0,VN-A651,departure_without_arrival,,99.0,,2026-02-26 13:30:00,han_flights_departure_silver_layer.csv,22825.0
imputed_tail_number,1.0,VN-A651,departure_without_arrival,,100.0,,2026-03-01 19:17:00,han_flights_departure_silver_layer.csv,23778.0
imputed_tail_number,1.0,VN-A653,departure_without_arrival,,111.0,,2026-02-19 20:11:00,han_flights_departure_silver_layer.csv,20380.0
imputed_tail_number,1.0,VN-A653,departure_without_arrival,,111.0,,2026-02-25 16:07:00,han_flights_departure_silver_layer.csv,22342.0
imputed_tail_number,1.0,VN-A653,,arrival_without_departure,111.0,2026-02-27 14:24:00,,sgn_flights_departure_silver_layer.csv,29889.0
imputed_tail_number,1.0,VN-A653,,arrival_without_departure,111.0,2026-02-27 19:34:00,,sgn_flights_departure_silver_layer.csv,30012.0
imputed_tail_number,1.0,VN-A653,,arrival_without_departure,111.0,2026-02-27 21:24:00,,dad_flights_departure_silver_layer.csv,10101.0
imputed_tail_number,1.0,VN-A655,,arrival_without_departure,50.0,2025-12-24 19:15:00,,han_flights_departure_silver_layer.csv,2648.0
imputed_tail_number,1.0,VN-A655,,arrival_without_departure,98.0,2026-01-09 09:02:00,,sgn_flights_departure_silver_layer.csv,8939.0
imputed_tail_number,1.0,VN-A655,departure_without_arrival,,98.0,,2026-02-19 17:12:00,han_flights_departure_silver_layer.csv,20311.0
imputed_tail_number,1.0,VN-A655,departure_without_arrival,,98.0,,2026-02-20 22:50:00,han_flights_departure_silver_layer.csv,20856.0
imputed_tail_number,1.0,VN-A656,,arrival_without_departure,50.0,2025-12-16 11:15:00,,dad_flights_departure_silver_layer.csv,43.0
imputed_tail_number,1.0,VN-A656,departure_without_arrival,,87.0,,2026-01-16 23:04:00,dad_flights_departure_silver_layer.csv,4167.0
imputed_tail_number,1.0,VN-A656,,arrival_without_departure,50.0,2026-01-17 04:10:00,,han_flights_departure_silver_layer.csv,9830.0
imputed_tail_number,1.0,VN-A656,departure_without_arrival,,98.0,,2026-02-26 18:01:00,han_flights_departure_silver_layer.csv,22749.0
imputed_tail_number,1.0,VN-A657,departure_without_arrival,,60.0,,2026-02-11 22:30:00,dad_flights_departure_silver_layer.csv,7713.0
imputed_tail_number,1.0,VN-A657,departure_without_arrival,,100.0,,2026-02-23 00:46:00,sgn_flights_departure_silver_layer.csv,27469.0
imputed_tail_number,1.0,VN-A657,,arrival_without_departure,100.0,2026-02-27 13:16:00,,sgn_flights_departure_silver_layer.csv,29839.0
imputed_tail_number,1.0,VN-A657,,arrival_without_departure,100.0,2026-02-27 14:15:00,,han_flights_departure_silver_layer.csv,23114.0
imputed_tail_number,1.0,VN-A657,,arrival_without_departure,100.0,2026-03-01 07:45:00,,sgn_flights_departure_silver_layer.csv,30684.0
imputed_tail_number,1.0,VN-A657,,arrival_without_departure,100.0,2026-03-08 06:05:00,,sgn_flights_departure_silver_layer.csv,33462.0
imputed_tail_number,1.0,VN-A657,departure_without_arrival,,100.0,,2026-03-08 22:38:00,han_flights_departure_silver_layer.csv,26117.0
imputed_tail_number,1.0,VN-A657,departure_without_arrival,,100.0,,2026-03-10 23:01:00,han_flights_departure_silver_layer.csv,26684.0
imputed_tail_number,1.0,VN-A658,,arrival_without_departure,87.0,2026-01-09 20:43:00,,han_flights_departure_silver_layer.csv,7638.0
imputed_tail_number,1.0,VN-A658,,arrival_without_departure,50.0,2026-01-21 15:20:00,,dad_flights_departure_silver_layer.csv,4788.0
imputed_tail_number,1.0,VN-A658,departure_without_arrival,,98.0,,2026-02-11 23:40:00,han_flights_departure_silver_layer.csv,17867.0
imputed_tail_number,1.0,VN-A658,,arrival_without_departure,50.0,2026-03-05 17:25:00,,dad_flights_departure_silver_layer.csv,10940.0
imputed_tail_number,1.0,VN-A661,departure_without_arrival,,60.0,,2026-01-06 13:07:00,sgn_flights_departure_silver_layer.csv,8025.0
imputed_tail_number,1.0,VN-A661,,arrival_without_departure,99.0,2026-01-06 17:36:00,,han_flights_departure_silver_layer.csv,6692.0
imputed_tail_number,1.0,VN-A661,departure_without_arrival,,100.0,,2026-03-08 09:08:00,han_flights_departure_silver_layer.csv,25833.0
imputed_tail_number,1.0,VN-A662,,arrival_without_departure,98.0,2026-02-16 01:02:00,,sgn_flights_departure_silver_layer.csv,24210.0
imputed_tail_number,1.0,VN-A662,,arrival_without_departure,98.0,2026-02-16 03:22:00,,sgn_flights_departure_silver_layer.csv,24267.0
imputed_tail_number,1.0,VN-A662,departure_without_arrival,,98.0,,2026-02-23 01:37:00,han_flights_departure_silver_layer.csv,21462.0
imputed_tail_number,1.0,VN-A662,departure_without_arrival,,87.0,,2026-03-02 20:11:00,sgn_flights_departure_silver_layer.csv,31376.0
imputed_tail_number,1.0,VN-A662,departure_without_arrival,,98.0,,2026-03-11 11:47:00,han_flights_departure_silver_layer.csv,26830.0
imputed_tail_number,1.0,VN-A663,departure_without_arrival,,98.0,,2026-02-12 14:39:00,han_flights_departure_silver_layer.csv,18012.0
imputed_tail_number,1.0,VN-A663,departure_without_arrival,,60.0,,2026-02-25 01:52:00,dad_flights_departure_silver_layer.csv,9824.0
imputed_tail_number,1.0,VN-A666,departure_without_arrival,,98.0,,2026-02-11 21:50:00,han_flights_departure_silver_layer.csv,17914.0
imputed_tail_number,1.0,VN-A666,departure_without_arrival,,98.0,,2026-03-15 23:04:00,sgn_flights_departure_silver_layer.csv,36358.0
imputed_tail_number,1.0,VN-A667,,arrival_without_departure,60.0,2025-12-27 11:10:00,,sgn_flights_departure_silver_layer.csv,4221.0
imputed_tail_number,1.0,VN-A667,,arrival_without_departure,100.0,2026-01-04 05:55:00,,sgn_flights_departure_silver_layer.csv,7098.0
imputed_tail_number,1.0,VN-A667,,arrival_without_departure,99.0,2026-01-06 07:56:00,,han_flights_departure_silver_layer.csv,6532.0
imputed_tail_number,1.0,VN-A667,departure_without_arrival,,100.0,,2026-02-14 08:01:00,han_flights_departure_silver_layer.csv,18602.0
imputed_tail_number,1.0,VN-A667,departure_without_arrival,,100.0,,2026-02-26 22:42:00,han_flights_departure_silver_layer.csv,22815.0
imputed_tail_number,1.0,VN-A668,,arrival_without_departure,87.0,2025-12-21 07:13:00,,han_flights_departure_silver_layer.csv,1568.0
imputed_tail_number,1.0,VN-A668,departure_without_arrival,,98.0,,2026-02-15 19:40:00,sgn_flights_departure_silver_layer.csv,24149.0
imputed_tail_number,1.0,VN-A668,departure_without_arrival,,98.0,,2026-02-20 00:05:00,han_flights_departure_silver_layer.csv,20459.0
imputed_tail_number,1.0,VN-A668,,arrival_without_departure,50.0,2026-02-23 06:40:00,,han_flights_departure_silver_layer.csv,21529.0
imputed_tail_number,1.0,VN-A668,,arrival_without_departure,50.0,2026-03-02 04:40:00,,han_flights_departure_silver_layer.csv,23886.0
imputed_tail_number,1.0,VN-A668,,arrival_without_departure,50.0,2026-03-02 15:35:00,,han_flights_departure_silver_layer.csv,24058.0
imputed_tail_number,1.0,VN-A668,departure_without_arrival,,50.0,,2026-03-03 01:03:00,dad_flights_departure_silver_layer.csv,10588.0
imputed_tail_number,1.0,VN-A669,departure_without_arrival,,87.0,,2026-01-21 06:36:00,han_flights_departure_silver_layer.csv,11148.0
imputed_tail_number,1.0,VN-A670,departure_without_arrival,,99.0,,2026-02-22 16:08:00,dad_flights_departure_silver_layer.csv,9313.0
imputed_tail_number,1.0,VN-A671,,arrival_without_departure,87.0,2025-12-24 18:48:00,,han_flights_departure_silver_layer.csv,2647.0
imputed_tail_number,1.0,VN-A671,departure_without_arrival,,98.0,,2026-02-19 17:58:00,han_flights_departure_silver_layer.csv,20340.0
imputed_tail_number,1.0,VN-A672,departure_without_arrival,,98.0,,2026-02-23 16:41:00,han_flights_departure_silver_layer.csv,21661.0
imputed_tail_number,1.0,VN-A673,,arrival_without_departure,100.0,2025-12-16 03:50:00,,sgn_flights_departure_silver_layer.csv,35.0
imputed_tail_number,1.0,VN-A673,departure_without_arrival,,60.0,,2026-02-06 22:11:00,sgn_flights_departure_silver_layer.csv,19698.0
imputed_tail_number,1.0,VN-A673,departure_without_arrival,,100.0,,2026-02-18 15:51:00,han_flights_departure_silver_layer.csv,19978.0
imputed_tail_number,1.0,VN-A673,departure_without_arrival,,100.0,,2026-02-28 01:23:00,sgn_flights_departure_silver_layer.csv,30080.0
imputed_tail_number,1.0,VN-A673,departure_without_arrival,,100.0,,2026-03-06 18:16:00,han_flights_departure_silver_layer.csv,25354.0
imputed_tail_number,1.0,VN-A674,departure_without_arrival,arrival_without_departure,64.0,2026-01-30 21:36:00,2026-01-30 22:40:00,dad_flights_departure_silver_layer.csv,6030.0
imputed_tail_number,1.0,VN-A674,,arrival_without_departure,64.0,2026-01-31 00:31:00,,han_flights_departure_silver_layer.csv,13940.0
imputed_tail_number,1.0,VN-A675,,arrival_without_departure,87.0,2026-01-06 09:18:00,,han_flights_departure_silver_layer.csv,6551.0
imputed_tail_number,1.0,VN-A675,departure_without_arrival,,98.0,,2026-02-18 06:42:00,han_flights_departure_silver_layer.csv,19837.0
imputed_tail_number,1.0,VN-A675,departure_without_arrival,,50.0,,2026-03-08 22:40:00,dad_flights_departure_silver_layer.csv,11384.0
imputed_tail_number,1.0,VN-A676,departure_without_arrival,,87.0,,2026-01-14 18:51:00,sgn_flights_departure_silver_layer.csv,11313.0
imputed_tail_number,1.0,VN-A676,departure_without_arrival,,60.0,,2026-01-25 01:06:00,dad_flights_departure_silver_layer.csv,5259.0
imputed_tail_number,1.0,VN-A676,departure_without_arrival,,98.0,,2026-02-26 10:17:00,han_flights_departure_silver_layer.csv,22612.0
imputed_tail_number,1.0,VN-A677,,arrival_without_departure,99.0,2026-01-06 05:56:00,,han_flights_departure_silver_layer.csv,6509.0
imputed_tail_number,1.0,VN-A677,,arrival_without_departure,100.0,2026-02-16 17:10:00,,sgn_flights_departure_silver_layer.csv,24545.0
imputed_tail_number,1.0,VN-A683,,arrival_without_departure,60.0,2026-02-15 15:10:00,,dad_flights_departure_silver_layer.csv,8245.0
imputed_tail_number,1.0,VN-A683,,arrival_without_departure,60.0,2026-02-15 17:00:00,,han_flights_departure_silver_layer.csv,19142.0
imputed_tail_number,1.0,VN-A683,departure_without_arrival,,60.0,,2026-03-11 04:40:00,dad_flights_departure_silver_layer.csv,11695.0
imputed_tail_number,1.0,VN-A684,departure_without_arrival,,99.0,,2026-02-14 19:28:00,sgn_flights_departure_silver_layer.csv,23634.0
imputed_tail_number,1.0,VN-A685,departure_without_arrival,,60.0,,2026-01-06 16:46:00,han_flights_departure_silver_layer.csv,6725.0
imputed_tail_number,1.0,VN-A685,departure_without_arrival,,100.0,,2026-02-25 02:43:00,sgn_flights_departure_silver_layer.csv,28547.0
imputed_tail_number,1.0,VN-A685,,arrival_without_departure,60.0,2026-02-26 04:00:00,,dad_flights_departure_silver_layer.csv,9816.0
imputed_tail_number,1.0,VN-A685,,arrival_without_departure,60.0,2026-03-01 05:25:00,,dad_flights_departure_silver_layer.csv,10292.0
imputed_tail_number,1.0,VN-A685,departure_without_arrival,,100.0,,2026-03-02 12:58:00,han_flights_departure_silver_layer.csv,24114.0
imputed_tail_number,1.0,VN-A685,departure_without_arrival,,100.0,,2026-03-05 00:06:00,sgn_flights_departure_silver_layer.csv,32184.0
imputed_tail_number,1.0,VN-A687,departure_without_arrival,,99.0,,2026-02-23 18:24:00,han_flights_departure_silver_layer.csv,21756.0
imputed_tail_number,1.0,VN-A687,departure_without_arrival,,100.0,,2026-02-24 01:51:00,sgn_flights_departure_silver_layer.csv,28011.0
imputed_tail_number,1.0,VN-A689,departure_without_arrival,,98.0,,2026-02-03 22:24:00,sgn_flights_departure_silver_layer.csv,18389.0
imputed_tail_number,1.0,VN-A689,departure_without_arrival,,98.0,,2026-02-14 09:42:00,han_flights_departure_silver_layer.csv,18710.0
imputed_tail_number,1.0,VN-A689,departure_without_arrival,,98.0,,2026-02-14 14:21:00,han_flights_departure_silver_layer.csv,18813.0
imputed_tail_number,1.0,VN-A697,,arrival_without_departure,111.0,2026-01-27 05:39:00,,sgn_flights_departure_silver_layer.csv,15346.0
imputed_tail_number,1.0,VN-A697,departure_without_arrival,,102.0,,2026-02-11 08:41:00,han_flights_departure_silver_layer.csv,17755.0
imputed_tail_number,1.0,VN-A697,departure_without_arrival,,102.0,,2026-02-15 21:09:00,sgn_flights_departure_silver_layer.csv,24155.0
imputed_tail_number,1.0,VN-A698,departure_without_arrival,,60.0,,2026-03-12 17:49:00,dad_flights_departure_silver_layer.csv,11916.0
imputed_tail_number,1.0,VN-A699,departure_without_arrival,,98.0,,2026-02-01 22:38:00,sgn_flights_departure_silver_layer.csv,17561.0
imputed_tail_number,1.0,VN-A812,,arrival_without_departure,228.5,2026-02-23 14:11:30,,han_flights_departure_silver_layer.csv,21732.0
imputed_tail_number,1.0,VN-A812,departure_without_arrival,,228.5,,2026-03-10 09:29:30,han_flights_departure_silver_layer.csv,26467.0
imputed_tail_number,1.0,VN-A814,,arrival_without_departure,109.0,2026-01-11 04:16:00,,han_flights_departure_silver_layer.csv,7995.0
imputed_tail_number,1.0,VN-A814,,arrival_without_departure,109.0,2026-01-14 18:01:00,,han_flights_departure_silver_layer.csv,9133.0
imputed_tail_number,1.0,VN-A814,departure_without_arrival,,228.5,,2026-03-01 20:19:30,han_flights_departure_silver_layer.csv,23781.0
imputed_tail_number,1.0,VN-A816,,arrival_without_departure,228.5,2026-02-12 07:16:30,,han_flights_departure_silver_layer.csv,17996.0
imputed_tail_number,1.0,VN-A816,,arrival_without_departure,228.5,2026-02-12 07:16:30,,sgn_flights_departure_silver_layer.csv,22375.0
imputed_tail_number,1.0,VN-A816,departure_without_arrival,,228.5,,2026-02-13 20:04:30,sgn_flights_departure_silver_layer.csv,23045.0
imputed_tail_number,1.0,VN-A816,,arrival_without_departure,228.5,2026-02-27 15:21:30,,sgn_flights_departure_silver_layer.csv,29944.0
imputed_tail_number,1.0,VN-A817,,arrival_without_departure,228.5,2026-02-13 01:51:30,,sgn_flights_departure_silver_layer.csv,22712.0
imputed_tail_number,1.0,VN-A820,,arrival_without_departure,228.5,2026-01-17 08:11:30,,sgn_flights_departure_silver_layer.csv,11880.0
imputed_tail_number,1.0,VN-A820,,arrival_without_departure,228.5,2026-02-14 20:27:30,,han_flights_departure_silver_layer.csv,18872.0
imputed_tail_number,1.0,VN-A820,departure_without_arrival,arrival_without_departure,228.5,2026-02-14 20:28:30,2026-02-15 00:17:00,sgn_flights_departure_silver_layer.csv,23560.0
imputed_tail_number,1.0,VN-A820,departure_without_arrival,,228.5,,2026-02-23 19:55:30,sgn_flights_departure_silver_layer.csv,27931.0
imputed_tail_number,1.0,VN-A820,departure_without_arrival,,228.5,,2026-02-27 05:37:30,han_flights_departure_silver_layer.csv,22979.0
imputed_tail_number,1.0,VN-A861,,arrival_without_departure,147.0,2026-01-19 21:53:00,,sgn_flights_departure_silver_layer.csv,12803.0
imputed_tail_number,1.0,VN-A863,,arrival_without_departure,132.0,2025-12-19 21:13:00,,han_flights_departure_silver_layer.csv,1171.0
imputed_tail_number,1.0,VN-A863,,arrival_without_departure,147.0,2026-02-16 21:53:00,,sgn_flights_departure_silver_layer.csv,24628.0
imputed_tail_number,1.0,VN-A864,,arrival_without_departure,147.0,2026-01-21 21:53:00,,sgn_flights_departure_silver_layer.csv,13461.0
imputed_tail_number,1.0,VN-A864,,arrival_without_departure,147.0,2026-02-22 07:33:00,,sgn_flights_departure_silver_layer.csv,27156.0
imputed_tail_number,1.0,VN-A865,,arrival_without_departure,147.0,2026-02-21 22:38:00,,han_flights_departure_silver_layer.csv,21135.0
imputed_tail_number,1.0,VN-A865,,arrival_without_departure,147.0,2026-02-27 20:18:00,,sgn_flights_departure_silver_layer.csv,30026.0
imputed_tail_number,1.0,VN-A866,,arrival_without_departure,147.0,2025-12-24 20:18:00,,sgn_flights_departure_silver_layer.csv,3251.0
imputed_tail_number,1.0,VN-A866,,arrival_without_departure,147.0,2026-03-05 07:33:00,,sgn_flights_departure_silver_layer.csv,32332.0
imputed_tail_number,1.0,VN-A867,,arrival_without_departure,132.0,2026-01-24 11:48:00,,han_flights_departure_silver_layer.csv,11981.0
imputed_tail_number,1.0,VN-A867,departure_without_arrival,,147.0,,2026-02-22 01:22:00,han_flights_departure_silver_layer.csv,21107.0
imputed_tail_number,1.0,VN-A868,,arrival_without_departure,132.0,2026-01-24 16:48:00,,han_flights_departure_silver_layer.csv,12062.0
imputed_tail_number,1.0,VN-A869,,arrival_without_departure,147.0,2026-01-17 06:33:00,,sgn_flights_departure_silver_layer.csv,11802.0
imputed_tail_number,1.0,VN-A869,,arrival_without_departure,132.0,2026-01-21 15:18:00,,han_flights_departure_silver_layer.csv,11128.0
imputed_tail_number,1.0,VN-A869,departure_without_arrival,,147.0,,2026-03-09 11:33:00,han_flights_departure_silver_layer.csv,26185.0
imputed_tail_number,1.0,VN-A869,,arrival_without_departure,147.0,2026-03-09 21:38:00,,sgn_flights_departure_silver_layer.csv,34127.0
imputed_tail_number,1.0,VN-A870,,arrival_without_departure,147.0,2025-12-24 17:33:00,,sgn_flights_departure_silver_layer.csv,3218.0
imputed_tail_number,1.0,VN-A870,,arrival_without_departure,132.0,2026-01-10 22:33:00,,han_flights_departure_silver_layer.csv,7973.0
imputed_tail_number,1.0,VN-A871,,arrival_without_departure,147.0,2026-02-18 21:43:00,,sgn_flights_departure_silver_layer.csv,25466.0
imputed_tail_number,1.0,VN-A872,,arrival_without_departure,116.0,2026-01-28 22:09:00,,sgn_flights_departure_silver_layer.csv,16037.0
imputed_tail_number,1.0,VN-A872,,arrival_without_departure,116.0,2026-02-20 22:24:00,,sgn_flights_departure_silver_layer.csv,26461.0
imputed_tail_number,1.0,VN-A872,,arrival_without_departure,116.0,2026-03-11 11:04:00,,sgn_flights_departure_silver_layer.csv,34705.0
imputed_tail_number,1.0,VN-A873,departure_without_arrival,,110.0,,2026-02-12 20:37:00,sgn_flights_departure_silver_layer.csv,22595.0
imputed_tail_number,1.0,VN-A873,,arrival_without_departure,116.0,2026-02-12 22:24:00,,han_flights_departure_silver_layer.csv,18206.0
imputed_tail_number,1.0,VN-A873,departure_without_arrival,,116.0,,2026-02-19 21:51:00,han_flights_departure_silver_layer.csv,20385.0
imputed_tail_number,1.0,VN-A874,,arrival_without_departure,110.0,2026-01-21 22:30:00,,han_flights_departure_silver_layer.csv,11184.0
imputed_tail_number,1.0,VN-A874,departure_without_arrival,,110.0,,2026-02-08 19:31:00,sgn_flights_departure_silver_layer.csv,20581.0
imputed_tail_number,1.0,VN-A874,departure_without_arrival,,110.0,,2026-02-11 18:47:00,sgn_flights_departure_silver_layer.csv,22052.0
imputed_tail_number,1.0,VN-A874,departure_without_arrival,,116.0,,2026-02-12 22:06:00,sgn_flights_departure_silver_layer.csv,22536.0
imputed_tail_number,1.0,VN-A874,departure_without_arrival,,110.0,,2026-02-13 21:43:00,sgn_flights_departure_silver_layer.csv,23119.0
imputed_tail_number,1.0,VN-A874,departure_without_arrival,,116.0,,2026-02-20 16:50:00,han_flights_departure_silver_layer.csv,20628.0
imputed_tail_number,1.0,VN-A874,departure_without_arrival,,110.0,,2026-02-26 20:16:00,han_flights_departure_silver_layer.csv,22820.0
imputed_tail_number,1.0,VN-A877,departure_without_arrival,,116.0,,2026-01-22 22:35:00,sgn_flights_departure_silver_layer.csv,13765.0
imputed_tail_number,1.0,VN-A877,departure_without_arrival,,116.0,,2026-02-11 19:50:00,sgn_flights_departure_silver_layer.csv,22014.0
imputed_tail_number,1.0,VN-A877,,arrival_without_departure,116.0,2026-02-19 18:34:00,,sgn_flights_departure_silver_layer.csv,25866.0
imputed_tail_number,1.0,VN-A877,departure_without_arrival,,110.0,,2026-02-24 19:24:00,sgn_flights_departure_silver_layer.csv,28488.0
imputed_tail_number,1.0,VN-A877,,arrival_without_departure,116.0,2026-03-06 22:24:00,,sgn_flights_departure_silver_layer.csv,32975.0
imputed_tail_number,1.0,VN-A877,,arrival_without_departure,116.0,2026-03-07 13:34:00,,sgn_flights_departure_silver_layer.csv,33221.0
imputed_tail_number,1.0,VN-A878,,arrival_without_departure,110.0,2026-01-21 21:50:00,,han_flights_departure_silver_layer.csv,11176.0
imputed_tail_number,1.0,VN-A878,departure_without_arrival,,116.0,,2026-02-22 23:26:00,sgn_flights_departure_silver_layer.csv,27444.0
imputed_tail_number,1.0,VN-A878,departure_without_arrival,,116.0,,2026-03-09 20:01:00,han_flights_departure_silver_layer.csv,26330.0
imputed_tail_number,1.0,VN-A879,,arrival_without_departure,110.0,2025-12-24 18:40:00,,han_flights_departure_silver_layer.csv,2643.0
imputed_tail_number,1.0,VN-A879,,arrival_without_departure,110.0,2026-01-22 18:40:00,,han_flights_departure_silver_layer.csv,11451.0
imputed_tail_number,1.0,VN-A879,departure_without_arrival,,116.0,,2026-02-15 22:06:00,han_flights_departure_silver_layer.csv,19188.0
imputed_tail_number,1.0,VN-A886,departure_without_arrival,,128.0,,2026-02-27 15:31:00,han_flights_departure_silver_layer.csv,23041.0
imputed_tail_number,1.0,VN-A886,,arrival_without_departure,128.0,2026-03-01 10:52:00,,sgn_flights_departure_silver_layer.csv,30765.0
imputed_tail_number,1.0,VN-A886,,arrival_without_departure,128.0,2026-03-11 14:32:00,,sgn_flights_departure_silver_layer.csv,34762.0
imputed_tail_number,1.0,VN-A888,departure_without_arrival,,128.0,,2026-02-09 18:43:00,sgn_flights_departure_silver_layer.csv,21058.0
imputed_tail_number,1.0,VN-A888,departure_without_arrival,,128.0,,2026-02-12 23:22:00,sgn_flights_departure_silver_layer.csv,22564.0
imputed_tail_number,1.0,VN-A888,,arrival_without_departure,128.0,2026-02-27 18:22:00,,sgn_flights_departure_silver_layer.csv,29974.0
imputed_tail_number,1.0,VN-A889,departure_without_arrival,,128.0,,2026-02-14 01:20:00,sgn_flights_departure_silver_layer.csv,23127.0
imputed_tail_number,1.0,VN-A889,departure_without_arrival,,128.0,,2026-02-22 21:10:00,sgn_flights_departure_silver_layer.csv,27426.0
imputed_tail_number,1.0,VN-A889,departure_without_arrival,,134.0,,2026-02-25 21:56:00,sgn_flights_departure_silver_layer.csv,29055.0
imputed_tail_number,1.0,VN-A890,,arrival_without_departure,128.0,2026-03-11 06:52:00,,sgn_flights_departure_silver_layer.csv,34608.0
imputed_tail_number,1.0,VN-A892,departure_without_arrival,,128.0,,2026-02-25 18:16:00,han_flights_departure_silver_layer.csv,22405.0
imputed_tail_number,1.0,VN-A893,departure_without_arrival,,134.0,,2026-02-15 22:05:00,sgn_flights_departure_silver_layer.csv,24170.0
imputed_tail_number,1.0,VN-A894,,arrival_without_departure,128.0,2026-03-09 10:52:00,,sgn_flights_departure_silver_layer.csv,33938.0
imputed_tail_number,1.0,VN-A895,,arrival_without_departure,128.0,2026-02-25 08:52:00,,sgn_flights_departure_silver_layer.csv,28756.0
imputed_tail_number,1.0,VN-A896,departure_without_arrival,,128.0,,2026-02-24 06:02:00,han_flights_departure_silver_layer.csv,21845.0
imputed_tail_number,1.0,VN-A897,,arrival_without_departure,128.0,2026-02-12 07:12:00,,sgn_flights_departure_silver_layer.csv,22295.0
imputed_tail_number,1.0,VN-A897,departure_without_arrival,,128.0,,2026-02-23 19:30:00,sgn_flights_departure_silver_layer.csv,27872.0
imputed_tail_number,1.0,VN-A897,departure_without_arrival,,128.0,,2026-02-27 21:32:00,sgn_flights_departure_silver_layer.csv,30007.0
imputed_tail_number,1.0,VN-A897,departure_without_arrival,,128.0,,2026-03-06 18:31:00,han_flights_departure_silver_layer.csv,25352.0
imputed_tail_number,1.0,VN-A898,departure_without_arrival,,128.0,,2026-03-04 07:03:00,sgn_flights_departure_silver_layer.csv,31873.0
imputed_tail_number,1.0,VN-A899,departure_without_arrival,,128.0,,2026-02-24 04:07:00,sgn_flights_departure_silver_layer.csv,28047.0
imputed_tail_number,1.0,VN-A906,departure_without_arrival,,111.0,,2026-02-28 23:23:00,sgn_flights_departure_silver_layer.csv,30498.0
imputed_tail_number,1.0,VN-A906,,arrival_without_departure,111.0,2026-03-02 03:54:00,,sgn_flights_departure_silver_layer.csv,31025.0
imputed_tail_number,1.0,VN-A906,,arrival_without_departure,64.0,2026-03-09 09:56:00,,dad_flights_departure_silver_layer.csv,11439.0
imputed_tail_number,1.0,VN-A906,,arrival_without_departure,111.0,2026-03-10 06:59:00,,sgn_flights_departure_silver_layer.csv,34224.0
imputed_tail_number,1.0,VN-A906,departure_without_arrival,,111.0,,2026-03-15 15:59:00,sgn_flights_departure_silver_layer.csv,36252.0
imputed_tail_number,1.0,VN-A906,,arrival_without_departure,102.0,2026-03-16 06:03:00,,han_flights_departure_silver_layer.csv,28285.0
imputed_tail_number,1.0,VN-A906,,arrival_without_departure,102.0,2026-03-16 11:38:00,,han_flights_departure_silver_layer.csv,28370.0
imputed_tail_number,1.0,VN-A906,departure_without_arrival,,111.0,,2026-03-16 23:20:00,sgn_flights_departure_silver_layer.csv,36724.0
imputed_tail_number,1.0,VN-A909,departure_without_arrival,,86.0,,2026-02-20 10:25:00,han_flights_departure_silver_layer.csv,20536.0
imputed_tail_number,1.0,VN-A909,departure_without_arrival,,86.0,,2026-02-20 23:49:00,sgn_flights_departure_silver_layer.csv,26417.0
imputed_tail_number,1.0,VN-A909,departure_without_arrival,,86.0,,2026-03-01 23:44:00,sgn_flights_departure_silver_layer.csv,30955.0
imputed_tail_number,1.0,VN-A909,departure_without_arrival,,86.0,,2026-03-02 23:28:00,sgn_flights_departure_silver_layer.csv,31372.0
imputed_tail_number,1.0,VN-A909,departure_without_arrival,,86.0,,2026-03-04 23:35:00,sgn_flights_departure_silver_layer.csv,32180.0
imputed_tail_number,1.0,VN-B218,departure_without_arrival,,67.0,,2026-02-16 15:40:00,han_flights_departure_silver_layer.csv,19580.0
imputed_tail_number,1.0,VN-B218,departure_without_arrival,,67.0,,2026-03-07 18:44:00,han_flights_departure_silver_layer.csv,25785.0
imputed_tail_number,1.0,VN-B218,departure_without_arrival,,67.0,,2026-03-10 15:51:00,han_flights_departure_silver_layer.csv,26581.0
imputed_tail_number,1.0,VN-B219,departure_without_arrival,,67.0,,2026-02-20 21:58:00,han_flights_departure_silver_layer.csv,20735.0
imputed_tail_number,1.0,VN-B221,departure_without_arrival,,67.0,,2026-02-15 08:45:00,han_flights_departure_silver_layer.csv,19021.0
imputed_tail_number,1.0,VN-B221,departure_without_arrival,,67.0,,2026-02-25 18:06:00,han_flights_departure_silver_layer.csv,22543.0
imputed_tail_number,1.0,VN-B221,departure_without_arrival,,67.0,,2026-03-09 17:49:00,han_flights_departure_silver_layer.csv,26423.0
imputed_tail_number,1.0,VN-B223,departure_without_arrival,,67.0,,2026-02-23 01:13:00,han_flights_departure_silver_layer.csv,21509.0
imputed_tail_number,1.0,VN-B225,departure_without_arrival,,67.0,,2026-03-07 16:37:00,han_flights_departure_silver_layer.csv,25856.0
imputed_tail_number,1.0,VT-EXV,departure_without_arrival,,86.0,,2026-02-21 21:34:00,han_flights_departure_silver_layer.csv,21063.0
imputed_tail_number,1.0,XU-350,departure_without_arrival,,100.0,,2026-02-26 19:58:00,han_flights_departure_silver_layer.csv,22769.0
imputed_tail_number,1.0,XU-612,departure_without_arrival,,77.0,,2026-02-12 00:32:00,han_flights_departure_silver_layer.csv,17978.0
imputed_tail_number,1.0,XU-612,departure_without_arrival,,77.0,,2026-02-19 18:38:00,han_flights_departure_silver_layer.csv,20333.0
