patch_row_index,origin_airport,crawl_date,flight_no,actual_time,scheduled_time,target_airport,status
0,SGN,2026-03-12,VU780,2026-03-12 19:35,2026-03-12 19:20,HAN,inserted
1,SGN,2026-02-12,VJ246,2026-02-12 06:31,2026-02-12 06:31,DAD,inserted
2,SGN,2026-03-12,VN254,2026-03-12 19:01,2026-03-12 19:05,HAN,inserted
3,SGN,2026-02-12,VN7112,2026-02-12 01:03,2026-02-12 00:05,DAD,inserted
4,SGN,2026-03-02,9G964,2026-03-02 11:44,2026-03-02 11:55,DAD,inserted
5,SGN,2026-03-12,VN252,2026-03-12 18:43,2026-03-12 18:45,HAN,inserted
6,SGN,2026-03-02,VU670,2026-03-02 01:40,2026-03-02 01:40,DAD,inserted
7,SGN,2026-03-12,QH224,2026-03-12 18:08,2026-03-13 12:30,HAN,inserted
8,SGN,2026-03-08,VJ640,2026-03-08 22:52,2026-03-08 22:45,DAD,inserted
9,SGN,2026-03-12,VN216,2026-03-12 18:03,2026-03-12 18:05,HAN,inserted
10,SGN,2026-03-08,VN148,2026-03-08 22:19,2026-03-08 22:15,DAD,inserted
11,SGN,2026-03-12,VJ194,2026-03-12 17:27,2026-03-12 17:30,HAN,inserted
12,SGN,2026-03-16,VN148,2026-03-16 22:17,2026-03-16 22:15,DAD,inserted
13,SGN,2026-03-12,VN250,2026-03-12 17:10,2026-03-12 17:05,HAN,inserted
14,SGN,2026-03-16,VJ646,2026-03-16 21:59,2026-03-16 22:00,DAD,inserted
15,SGN,2026-03-16,VN146,2026-03-16 21:06,2026-03-16 21:05,DAD,inserted
16,SGN,2026-03-12,VJ134,2026-03-12 16:54,2026-03-12 16:50,HAN,inserted
17,SGN,2026-03-16,VN142,2026-03-16 20:53,2026-03-16 20:45,DAD,inserted
18,SGN,2026-03-12,VN214,2026-03-12 16:10,2026-03-12 16:05,HAN,inserted
19,SGN,2026-03-16,VU684,2026-03-16 19:57,2026-03-16 19:50,DAD,inserted
20,SGN,2026-03-12,QH242,2026-03-12 15:18,2026-03-12 15:25,HAN,inserted
21,SGN,2026-03-16,VJ648,2026-03-16 19:48,2026-03-16 19:35,DAD,inserted
22,SGN,2026-03-12,VJ142,2026-03-12 14:49,2026-03-12 14:50,HAN,inserted
23,SGN,2026-03-12,VN212,2026-03-12 14:05,2026-03-12 14:05,HAN,inserted
24,SGN,2026-03-16,VN7138,2026-03-16 18:17,2026-03-16 18:25,DAD,inserted
25,SGN,2026-03-12,VN246,2026-03-12 13:08,2026-03-12 13:05,HAN,inserted
26,SGN,2026-03-16,VN140,2026-03-16 18:03,2026-03-16 18:05,DAD,inserted
27,SGN,2026-03-12,VN210,2026-03-12 12:40,2026-03-12 12:05,HAN,inserted
28,SGN,2026-03-16,VN136,2026-03-16 17:49,2026-03-16 17:35,DAD,inserted
29,SGN,2026-03-12,9G822,2026-03-12 12:28,2026-03-12 11:35,HAN,inserted
30,SGN,2026-03-16,VJ638,2026-03-16 16:53,2026-03-16 16:45,DAD,inserted
31,SGN,2026-03-12,QH208,2026-03-12 11:19,2026-03-12 10:50,HAN,inserted
32,SGN,2026-03-16,VN134,2026-03-16 16:29,2026-03-16 16:35,DAD,inserted
33,SGN,2026-03-12,VJ132,2026-03-12 10:57,2026-03-12 11:10,HAN,inserted
34,SGN,2026-03-16,VJ632,2026-03-16 16:15,2026-03-16 15:20,DAD,inserted
35,SGN,2026-03-12,VN208,2026-03-12 10:10,2026-03-12 10:05,HAN,inserted
36,SGN,2026-03-16,9G972,2026-03-16 15:37,2026-03-16 15:50,DAD,inserted
37,SGN,2026-03-12,QH204,2026-03-12 09:14,2026-03-12 09:20,HAN,inserted
38,SGN,2026-03-16,VJ630,2026-03-16 15:20,2026-03-16 14:30,DAD,inserted
39,SGN,2026-03-12,9G806,2026-03-12 08:35,2026-03-12 08:40,HAN,inserted
40,SGN,2026-03-16,VN132,2026-03-16 15:06,2026-03-16 14:50,DAD,inserted
41,SGN,2026-03-12,VN206,2026-03-12 08:09,2026-03-12 08:05,HAN,inserted
42,SGN,2026-03-16,VN6036,2026-03-16 13:58,2026-03-16 13:40,DAD,inserted
43,SGN,2026-03-12,9G802,2026-03-12 07:40,2026-03-12 07:55,HAN,inserted
44,SGN,2026-03-16,VJ634,2026-03-16 13:19,2026-03-16 13:00,DAD,inserted
45,SGN,2026-03-13,VN260,2026-03-13 23:58,2026-03-13 23:05,HAN,inserted
46,SGN,2026-03-16,VN126,2026-03-16 12:42,2026-03-16 12:40,DAD,inserted
47,SGN,2026-03-16,9G964,2026-03-16 11:45,2026-03-16 11:55,DAD,inserted
48,SGN,2026-03-13,QH286,2026-03-13 22:42,2026-03-13 23:00,HAN,inserted
49,SGN,2026-03-16,VJ628,2026-03-16 11:38,2026-03-16 11:05,DAD,inserted
50,SGN,2026-03-13,VN262,2026-03-13 21:38,2026-03-13 21:40,HAN,inserted
51,SGN,2026-03-16,QH154,2026-03-16 11:29,2026-03-16 11:30,DAD,inserted
52,SGN,2026-03-13,VJ154,2026-03-13 21:30,2026-03-13 20:10,HAN,inserted
53,SGN,2026-03-16,VN7122,2026-03-16 11:26,2026-03-16 11:25,DAD,inserted
54,SGN,2026-03-13,VJ166,2026-03-13 20:49,2026-03-13 21:00,HAN,inserted
55,SGN,2026-03-16,VN122,2026-03-16 11:16,2026-03-16 11:25,DAD,inserted
56,SGN,2026-03-16,VJ626,2026-03-16 11:09,2026-03-16 10:45,DAD,inserted
57,SGN,2026-03-13,9G868,2026-03-13 20:36,2026-03-13 20:35,HAN,inserted
58,SGN,2026-03-16,9G962,2026-03-16 11:01,2026-03-16 11:15,DAD,inserted
59,SGN,2026-03-13,VN218,2026-03-13 20:18,2026-03-13 20:05,HAN,inserted
60,SGN,2026-03-16,VU672,2026-03-16 10:23,2026-03-16 10:25,DAD,inserted
61,SGN,2026-03-13,VU780,2026-03-13 19:10,2026-03-13 19:20,HAN,inserted
62,SGN,2026-03-16,VN118,2026-03-16 10:09,2026-03-16 10:25,DAD,inserted
63,SGN,2026-03-13,VN254,2026-03-13 19:02,2026-03-13 19:05,HAN,inserted
64,SGN,2026-03-16,VN112,2026-03-16 09:17,2026-03-16 09:20,DAD,inserted
65,SGN,2026-03-13,VN252,2026-03-13 18:38,2026-03-13 18:45,HAN,inserted
66,SGN,2026-03-16,VJ622,2026-03-16 08:34,2026-03-16 08:40,DAD,inserted
67,SGN,2026-03-13,9G854,2026-03-13 17:44,2026-03-13 17:45,HAN,inserted
68,SGN,2026-03-16,VN110,2026-03-16 08:05,2026-03-16 08:25,DAD,inserted
69,SGN,2026-03-13,VN232,2026-03-13 17:33,2026-03-13 17:35,HAN,inserted
70,SGN,2026-03-16,VJ620,2026-03-16 07:42,2026-03-16 07:50,DAD,inserted
71,SGN,2026-03-13,VN250,2026-03-13 16:56,2026-03-13 17:05,HAN,inserted
72,SGN,2026-03-16,QH150,2026-03-16 07:23,2026-03-16 07:40,DAD,inserted
73,SGN,2026-03-13,VN214,2026-03-13 15:55,2026-03-13 16:05,HAN,inserted
74,SGN,2026-03-16,VN106,2026-03-16 07:10,2026-03-16 07:25,DAD,inserted
75,SGN,2026-03-13,VU770,2026-03-13 15:36,2026-03-13 15:35,HAN,inserted
76,SGN,2026-03-16,VU670,2026-03-16 05:54,2026-03-16 06:10,DAD,inserted
77,SGN,2026-03-13,VN248,2026-03-13 15:14,2026-03-13 15:05,HAN,inserted
78,SGN,2025-12-19,VN262,2025-12-19 21:33,2025-12-19 21:40,HAN,inserted
79,SGN,2026-03-13,VJ198,2026-03-13 15:09,2026-03-13 15:10,HAN,inserted
80,SGN,2025-12-19,VN226,2025-12-19 09:17,2025-12-19 09:30,HAN,inserted
81,SGN,2026-03-13,QH242,2026-03-13 15:04,2026-03-13 15:25,HAN,inserted
82,SGN,2026-03-13,VJ142,2026-03-13 14:51,2026-03-13 14:50,HAN,inserted
83,SGN,2026-03-13,VJ144,2026-03-13 14:31,2026-03-13 14:10,HAN,inserted
84,SGN,2025-12-21,VN7250,2025-12-21 23:32,2025-12-21 23:20,HAN,inserted
85,SGN,2026-03-13,VN212,2026-03-13 14:03,2026-03-13 14:05,HAN,inserted
86,SGN,2026-03-13,VJ188,2026-03-13 13:41,2026-03-13 13:25,HAN,inserted
87,SGN,2026-03-13,QH224,2026-03-13 12:32,2026-03-13 12:30,HAN,inserted
88,SGN,2025-12-24,VN216,2025-12-24 18:21,2025-12-24 18:05,HAN,inserted
89,SGN,2026-03-13,VJ128,2026-03-13 12:24,2026-03-13 12:10,HAN,inserted
90,SGN,2026-03-13,VN210,2026-03-13 11:54,2026-03-13 12:05,HAN,inserted
91,SGN,2025-12-24,VN232,2025-12-24 17:50,2025-12-24 17:35,HAN,inserted
92,SGN,2026-03-13,VN244,2026-03-13 10:58,2026-03-13 11:05,HAN,inserted
93,SGN,2026-03-13,VJ132,2026-03-13 11:07,2026-03-13 11:10,HAN,inserted
94,SGN,2026-03-13,QH208,2026-03-13 10:33,2026-03-13 10:50,HAN,inserted
95,SGN,2025-12-24,VJ194,2025-12-24 17:48,2025-12-24 17:30,HAN,inserted
96,SGN,2026-03-13,VJ136,2026-03-13 10:24,2026-03-13 10:40,HAN,inserted
97,SGN,2025-12-24,VN250,2025-12-24 17:00,2025-12-24 17:05,HAN,inserted
98,SGN,2026-03-13,VU774,2026-03-13 09:12,2026-03-13 09:15,HAN,inserted
99,SGN,2026-03-13,VN238,2026-03-13 08:21,2026-03-13 08:35,HAN,inserted
100,SGN,2025-12-27,VN206,2025-12-27 08:10,2025-12-27 08:05,HAN,inserted
101,SGN,2026-03-13,9G806,2026-03-13 08:19,2026-03-13 08:40,HAN,inserted
102,SGN,2026-03-13,VJ126,2026-03-13 08:12,2026-03-13 08:25,HAN,inserted
103,SGN,2026-03-13,VN206,2026-03-13 07:55,2026-03-13 08:05,HAN,inserted
104,SGN,2026-01-01,VN248,2026-01-01 15:35,2026-01-01 15:05,HAN,inserted
105,SGN,2026-03-13,VJ124,2026-03-13 07:39,2026-03-13 07:50,HAN,inserted
106,SGN,2026-01-03,VN218,2026-01-03 20:11,2026-01-03 20:05,HAN,inserted
107,SGN,2026-03-13,VN6002,2026-03-13 06:55,2026-03-13 07:05,HAN,inserted
108,SGN,2026-01-03,VN7210,2026-01-03 20:08,2026-01-03 19:35,HAN,inserted
109,SGN,2026-03-14,VN224,2026-03-14 23:50,2026-03-15 00:05,HAN,inserted
110,SGN,2026-01-07,VN238,2026-01-07 08:47,2026-01-07 08:35,HAN,inserted
111,SGN,2026-03-14,VN260,2026-03-14 23:06,2026-03-14 23:05,HAN,inserted
112,SGN,2026-03-14,VN258,2026-03-14 20:59,2026-03-14 21:05,HAN,inserted
113,SGN,2026-01-09,VU780,2026-01-09 19:37,2026-01-09 19:20,HAN,inserted
114,SGN,2026-03-14,9G872,2026-03-14 20:57,2026-03-14 21:10,HAN,inserted
115,SGN,2026-01-09,VN244,2026-01-09 17:11,2026-01-10 11:05,HAN,inserted
116,SGN,2026-03-14,9G868,2026-03-14 20:42,2026-03-14 20:35,HAN,inserted
117,SGN,2026-03-14,VJ158,2026-03-14 20:26,2026-03-14 20:30,HAN,inserted
118,SGN,2026-01-09,VJ144,2026-01-09 14:40,2026-01-09 14:10,HAN,inserted
119,SGN,2026-01-10,VU778,2026-01-10 15:45,2026-01-10 15:20,HAN,inserted
120,SGN,2026-03-14,VN254,2026-03-14 19:05,2026-03-14 19:05,HAN,inserted
121,SGN,2026-03-14,VN216,2026-03-14 17:58,2026-03-14 18:05,HAN,inserted
122,SGN,2026-01-10,VN246,2026-01-10 13:08,2026-01-10 13:05,HAN,inserted
123,SGN,2026-03-14,VN232,2026-03-14 17:31,2026-03-14 17:35,HAN,inserted
124,SGN,2026-03-14,VJ194,2026-03-14 17:27,2026-03-14 17:30,HAN,inserted
125,SGN,2026-01-10,VN208,2026-01-10 10:07,2026-01-10 10:05,HAN,inserted
126,SGN,2026-03-14,VN214,2026-03-14 16:00,2026-03-14 16:05,HAN,inserted
127,SGN,2026-01-11,VN262,2026-01-11 21:35,2026-01-11 21:40,HAN,inserted
128,SGN,2026-03-14,VU770,2026-03-14 16:02,2026-03-14 15:35,HAN,inserted
129,SGN,2026-01-12,VJ184,2026-01-12 10:30,2026-01-12 10:25,HAN,inserted
130,SGN,2026-03-14,QH242,2026-03-14 15:28,2026-03-14 15:25,HAN,inserted
131,SGN,2026-03-14,VN248,2026-03-14 15:16,2026-03-14 15:05,HAN,inserted
132,SGN,2026-01-13,VN214,2026-01-13 17:25,2026-01-13 16:05,HAN,inserted
133,SGN,2026-03-14,VJ198,2026-03-14 15:06,2026-03-14 15:10,HAN,inserted
134,SGN,2026-01-13,9G838,2026-01-13 14:38,2026-01-13 14:30,HAN,inserted
135,SGN,2026-03-14,VJ144,2026-03-14 14:43,2026-03-14 14:10,HAN,inserted
136,SGN,2026-01-13,9G822,2026-01-13 11:16,2026-01-13 11:35,HAN,inserted
137,SGN,2026-03-14,QH224,2026-03-14 12:28,2026-03-14 12:30,HAN,inserted
138,SGN,2026-01-14,VN216,2026-01-14 17:59,2026-01-14 18:05,HAN,inserted
139,SGN,2026-03-14,VJ128,2026-03-14 12:08,2026-03-14 12:10,HAN,inserted
140,SGN,2026-03-14,VJ132,2026-03-14 11:03,2026-03-14 11:10,HAN,inserted
141,SGN,2026-01-14,QH224,2026-01-14 12:40,2026-01-14 12:30,HAN,inserted
142,SGN,2026-03-14,9G808,2026-03-14 09:20,2026-03-14 09:40,HAN,inserted
143,SGN,2026-01-15,VJ158,2026-01-15 20:39,2026-01-15 20:30,HAN,inserted
144,SGN,2026-03-14,VU774,2026-03-14 09:03,2026-03-14 09:15,HAN,inserted
145,SGN,2026-03-16,VN224,2026-03-16 00:30,2026-03-16 00:05,HAN,inserted
146,SGN,2026-01-15,VN216,2026-01-15 18:27,2026-01-15 18:05,HAN,inserted
147,SGN,2026-03-15,VJ190,2026-03-15 23:44,2026-03-15 22:00,HAN,inserted
148,SGN,2026-01-15,VN250,2026-01-15 17:24,2026-01-15 17:05,HAN,inserted
149,SGN,2026-03-15,VN260,2026-03-15 23:11,2026-03-15 23:05,HAN,inserted
150,SGN,2026-03-15,QH286,2026-03-15 22:50,2026-03-15 23:00,HAN,inserted
151,SGN,2026-01-15,VN212,2026-01-15 14:59,2026-01-15 14:05,HAN,inserted
152,SGN,2026-03-15,VN256,2026-03-15 22:45,2026-03-15 22:35,HAN,inserted
153,SGN,2026-03-15,QH268,2026-03-15 22:41,2026-03-15 21:45,HAN,inserted
154,SGN,2026-01-15,VJ144,2026-01-15 14:31,2026-01-15 14:10,HAN,inserted
155,SGN,2026-03-15,VN220,2026-03-15 22:12,2026-03-15 22:05,HAN,inserted
156,SGN,2026-01-15,VN210,2026-01-15 12:20,2026-01-15 12:05,HAN,inserted
157,SGN,2026-03-15,VJ196,2026-03-15 21:27,2026-03-15 21:20,HAN,inserted
158,SGN,2026-01-15,VJ132,2026-01-15 11:12,2026-01-15 11:10,HAN,inserted
159,SGN,2026-03-15,9G868,2026-03-15 21:14,2026-03-15 20:35,HAN,inserted
160,SGN,2026-01-15,VN7042,2026-01-15 08:14,2026-01-15 08:20,HAN,inserted
161,SGN,2026-03-15,VN218,2026-03-15 19:58,2026-03-15 20:05,HAN,inserted
162,SGN,2026-01-15,VJ124,2026-01-15 07:37,2026-01-15 07:50,HAN,inserted
163,SGN,2026-03-15,VU780,2026-03-15 19:46,2026-03-15 19:20,HAN,inserted
164,SGN,2026-03-15,VJ152,2026-03-15 19:14,2026-03-15 19:15,HAN,inserted
165,SGN,2026-01-16,9G882,2026-01-16 23:25,2026-01-16 23:35,HAN,inserted
166,SGN,2026-03-15,VN254,2026-03-15 19:06,2026-03-15 19:05,HAN,inserted
167,SGN,2026-01-16,9G872,2026-01-16 21:21,2026-01-16 21:10,HAN,inserted
168,SGN,2026-03-15,VN252,2026-03-15 18:44,2026-03-15 18:45,HAN,inserted
169,SGN,2026-01-16,VU780,2026-01-16 21:17,2026-01-17 19:20,HAN,inserted
170,SGN,2026-03-15,VN216,2026-03-15 17:59,2026-03-15 18:05,HAN,inserted
171,SGN,2026-01-16,VJ158,2026-01-16 21:01,2026-01-16 20:30,HAN,inserted
172,SGN,2026-03-15,VN232,2026-03-15 17:25,2026-03-15 17:35,HAN,inserted
173,SGN,2026-03-15,VN250,2026-03-15 17:04,2026-03-15 17:05,HAN,inserted
174,SGN,2026-01-16,VN218,2026-01-16 20:07,2026-01-16 20:05,HAN,inserted
175,SGN,2026-03-15,VJ172,2026-03-15 16:51,2026-03-15 16:45,HAN,inserted
176,SGN,2026-01-16,VJ194,2026-01-16 19:30,2026-01-17 17:30,HAN,inserted
177,SGN,2026-03-15,VJ134,2026-03-15 16:33,2026-03-15 16:50,HAN,inserted
178,SGN,2026-01-16,VN216,2026-01-16 18:03,2026-01-16 18:05,HAN,inserted
179,SGN,2026-03-15,VN214,2026-03-15 16:01,2026-03-15 16:05,HAN,inserted
180,SGN,2026-03-15,VU770,2026-03-15 15:40,2026-03-15 15:35,HAN,inserted
181,SGN,2026-01-16,VJ198,2026-01-16 15:58,2026-01-16 15:10,HAN,inserted
182,SGN,2026-03-15,VN248,2026-03-15 15:13,2026-03-15 15:05,HAN,inserted
183,SGN,2026-01-16,VJ142,2026-01-16 15:26,2026-01-16 14:50,HAN,inserted
184,SGN,2026-01-16,9G838,2026-01-16 14:40,2026-01-16 14:30,HAN,inserted
185,SGN,2026-03-15,VJ138,2026-03-15 15:02,2026-03-15 14:40,HAN,inserted
186,SGN,2026-03-15,9G838,2026-03-15 14:55,2026-03-15 14:30,HAN,inserted
187,SGN,2026-01-16,VJ128,2026-01-16 12:42,2026-01-16 12:10,HAN,inserted
188,SGN,2026-03-15,VN212,2026-03-15 14:03,2026-03-15 14:05,HAN,inserted
189,SGN,2026-03-15,VJ188,2026-03-15 13:37,2026-03-15 13:25,HAN,inserted
190,SGN,2026-01-16,QH224,2026-01-16 12:39,2026-01-16 12:30,HAN,inserted
191,SGN,2026-03-15,VN246,2026-03-15 13:01,2026-03-15 13:05,HAN,inserted
192,SGN,2026-01-16,VN208,2026-01-16 09:55,2026-01-16 10:05,HAN,inserted
193,SGN,2026-03-15,VN7044,2026-03-15 12:42,2026-03-15 11:55,HAN,inserted
194,SGN,2026-03-15,QH224,2026-03-15 12:35,2026-03-15 12:30,HAN,inserted
195,SGN,2026-01-16,QH204,2026-01-16 09:08,2026-01-16 09:20,HAN,inserted
196,SGN,2026-03-15,VJ132,2026-03-15 11:32,2026-03-15 11:10,HAN,inserted
197,SGN,2026-01-16,VN7042,2026-01-16 08:17,2026-01-16 08:20,HAN,inserted
198,SGN,2026-03-15,VN244,2026-03-15 11:08,2026-03-15 11:05,HAN,inserted
199,SGN,2026-01-16,VN6002,2026-01-16 06:58,2026-01-16 07:05,HAN,inserted
200,SGN,2026-03-15,VJ136,2026-03-15 10:49,2026-03-15 10:40,HAN,inserted
201,SGN,2026-03-15,VJ148,2026-03-15 09:22,2026-03-15 09:30,HAN,inserted
202,SGN,2026-01-17,VN220,2026-01-17 22:01,2026-01-17 22:05,HAN,inserted
203,SGN,2026-03-15,VU774,2026-03-15 09:07,2026-03-15 09:15,HAN,inserted
204,SGN,2026-03-15,VN240,2026-03-15 08:56,2026-03-15 09:05,HAN,inserted
205,SGN,2026-01-17,VN258,2026-01-17 20:59,2026-01-17 21:05,HAN,inserted
206,SGN,2026-03-15,9G806,2026-03-15 08:27,2026-03-15 08:40,HAN,inserted
207,SGN,2026-01-17,VN218,2026-01-17 19:51,2026-01-17 20:05,HAN,inserted
208,SGN,2026-03-15,VJ126,2026-03-15 08:17,2026-03-15 08:25,HAN,inserted
209,SGN,2026-01-17,VN250,2026-01-17 16:57,2026-01-17 17:05,HAN,inserted
210,SGN,2026-03-16,VN258,2026-03-16 23:54,2026-03-17 21:05,HAN,inserted
211,SGN,2026-01-17,VJ128,2026-01-17 12:20,2026-01-17 12:10,HAN,inserted
212,SGN,2026-03-16,VN224,2026-03-16 23:50,2026-03-17 00:05,HAN,inserted
213,SGN,2026-03-16,VJ164,2026-03-16 23:34,2026-03-16 23:20,HAN,inserted
214,SGN,2026-01-17,VN210,2026-01-17 11:51,2026-01-17 12:05,HAN,inserted
215,SGN,2026-03-16,VN260,2026-03-16 23:18,2026-03-16 23:05,HAN,inserted
216,SGN,2026-01-17,VJ136,2026-01-17 10:45,2026-01-17 10:40,HAN,inserted
217,SGN,2026-03-16,VU794,2026-03-16 23:13,2026-03-16 22:45,HAN,inserted
218,SGN,2026-03-16,VJ196,2026-03-16 23:11,2026-03-17 21:20,HAN,inserted
219,SGN,2026-01-17,VU774,2026-01-17 09:46,2026-01-17 09:15,HAN,inserted
220,SGN,2026-03-16,VN256,2026-03-16 22:52,2026-03-16 22:35,HAN,inserted
221,SGN,2026-01-17,VN240,2026-01-17 08:56,2026-01-17 09:05,HAN,inserted
222,SGN,2026-03-16,VN220,2026-03-16 22:31,2026-03-16 22:05,HAN,inserted
223,SGN,2026-01-17,VN7042,2026-01-17 08:11,2026-01-17 08:20,HAN,inserted
224,SGN,2026-03-16,9G878,2026-03-16 21:49,2026-03-16 22:10,HAN,inserted
225,SGN,2026-03-16,QH268,2026-03-16 21:31,2026-03-16 21:45,HAN,inserted
226,SGN,2026-01-17,VU750,2026-01-17 07:45,2026-01-17 07:55,HAN,inserted
227,SGN,2026-03-16,VJ166,2026-03-16 21:17,2026-03-16 21:00,HAN,inserted
228,SGN,2026-03-16,VN218,2026-03-16 20:51,2026-03-16 20:05,HAN,inserted
229,SGN,2026-01-18,VN256,2026-01-18 22:36,2026-01-18 22:35,HAN,inserted
230,SGN,2026-03-16,9G868,2026-03-16 20:25,2026-03-16 20:35,HAN,inserted
231,SGN,2026-01-18,VJ144,2026-01-18 15:55,2026-01-18 14:10,HAN,inserted
232,SGN,2026-03-16,VU780,2026-03-16 20:16,2026-03-16 20:25,HAN,inserted
233,SGN,2026-01-18,VN248,2026-01-18 15:25,2026-01-18 15:05,HAN,inserted
234,SGN,2026-03-16,VJ130,2026-03-16 19:33,2026-03-17 16:45,HAN,inserted
235,SGN,2026-01-18,VJ132,2026-01-18 14:24,2026-01-19 11:10,HAN,inserted
236,SGN,2026-03-16,VJ152,2026-03-16 19:16,2026-03-16 19:15,HAN,inserted
237,SGN,2026-03-16,VN254,2026-03-16 19:08,2026-03-16 19:05,HAN,inserted
238,SGN,2026-01-18,QH224,2026-01-18 12:27,2026-01-18 12:30,HAN,inserted
239,SGN,2026-03-16,VN216,2026-03-16 18:12,2026-03-16 18:05,HAN,inserted
240,SGN,2026-01-18,VN208,2026-01-18 09:53,2026-01-18 10:05,HAN,inserted
241,SGN,2026-03-16,9G854,2026-03-16 17:46,2026-03-16 17:45,HAN,inserted
242,SGN,2026-01-18,VJ148,2026-01-18 09:22,2026-01-18 09:30,HAN,inserted
243,SGN,2026-03-16,VN232,2026-03-16 17:28,2026-03-16 17:35,HAN,inserted
244,SGN,2026-03-16,VN250,2026-03-16 17:00,2026-03-16 17:05,HAN,inserted
245,SGN,2026-01-18,QH204,2026-01-18 09:10,2026-01-18 09:20,HAN,inserted
246,SGN,2026-03-16,VJ146,2026-03-16 16:44,2026-03-16 17:00,HAN,inserted
247,SGN,2026-01-18,9G806,2026-01-18 08:26,2026-01-18 08:40,HAN,inserted
248,SGN,2026-01-18,VJ122,2026-01-18 07:13,2026-01-18 07:30,HAN,inserted
249,SGN,2026-03-16,VN214,2026-03-16 16:00,2026-03-16 16:05,HAN,inserted
250,SGN,2026-03-16,VU770,2026-03-16 15:38,2026-03-16 15:35,HAN,inserted
251,SGN,2026-01-19,VN262,2026-01-19 21:49,2026-01-19 21:40,HAN,inserted
252,SGN,2026-03-16,QH242,2026-03-16 15:19,2026-03-16 15:25,HAN,inserted
253,SGN,2026-01-19,VJ154,2026-01-19 20:49,2026-01-19 20:10,HAN,inserted
254,SGN,2026-03-16,VU778,2026-03-16 15:09,2026-03-16 14:55,HAN,inserted
255,SGN,2026-03-16,VN212,2026-03-16 14:31,2026-03-16 14:05,HAN,inserted
256,SGN,2026-01-19,9G854,2026-01-19 17:28,2026-01-19 17:40,HAN,inserted
257,SGN,2026-01-19,VU778,2026-01-19 15:38,2026-01-19 15:20,HAN,inserted
258,SGN,2026-03-16,VJ144,2026-03-16 14:09,2026-03-16 14:10,HAN,inserted
259,SGN,2026-03-16,VN246,2026-03-16 13:00,2026-03-16 13:05,HAN,inserted
260,SGN,2026-01-19,VJ198,2026-01-19 15:27,2026-01-19 15:10,HAN,inserted
261,SGN,2026-03-16,VN210,2026-03-16 12:31,2026-03-16 12:05,HAN,inserted
262,SGN,2026-01-19,QH240,2026-01-19 13:52,2026-01-19 13:50,HAN,inserted
263,SGN,2026-03-16,VN244,2026-03-16 11:15,2026-03-16 11:05,HAN,inserted
264,SGN,2026-01-19,VJ148,2026-01-19 09:36,2026-01-19 09:30,HAN,inserted
265,SGN,2026-01-19,9G806,2026-01-19 08:20,2026-01-19 08:40,HAN,inserted
266,SGN,2026-03-16,VJ132,2026-03-16 11:11,2026-03-16 11:10,HAN,inserted
267,SGN,2026-03-16,QH208,2026-03-16 10:33,2026-03-16 10:50,HAN,inserted
268,SGN,2026-03-16,9G816,2026-03-16 10:23,2026-03-16 10:50,HAN,inserted
269,SGN,2026-01-19,VU750,2026-01-19 07:32,2026-01-19 07:55,HAN,inserted
270,SGN,2026-03-16,VN208,2026-03-16 10:00,2026-03-16 10:05,HAN,inserted
271,SGN,2026-01-19,VJ124,2026-01-19 07:36,2026-01-19 07:50,HAN,inserted
272,SGN,2026-03-16,9G808,2026-03-16 09:13,2026-03-16 09:25,HAN,inserted
273,SGN,2026-01-19,VJ122,2026-01-19 07:27,2026-01-19 07:30,HAN,inserted
274,SGN,2026-03-16,QH204,2026-03-16 09:06,2026-03-16 09:20,HAN,inserted
275,SGN,2026-03-16,VJ176,2026-03-16 08:59,2026-03-16 09:00,HAN,inserted
276,SGN,2026-01-20,9G868,2026-01-20 21:07,2026-01-20 20:35,HAN,inserted
277,SGN,2026-03-16,9G806,2026-03-16 08:24,2026-03-16 08:40,HAN,inserted
278,SGN,2026-01-20,9G872,2026-01-20 20:58,2026-01-20 21:10,HAN,inserted
279,SGN,2026-03-16,VN238,2026-03-16 08:25,2026-03-16 08:35,HAN,inserted
280,SGN,2026-03-16,VN206,2026-03-16 07:48,2026-03-16 08:05,HAN,inserted
281,SGN,2026-01-20,VN254,2026-01-20 18:52,2026-01-20 19:05,HAN,inserted
282,SGN,2026-03-16,VJ124,2026-03-16 07:35,2026-03-16 07:50,HAN,inserted
283,SGN,2026-01-20,VJ122,2026-01-20 07:17,2026-01-20 07:30,HAN,inserted
284,SGN,2026-01-21,VJ152,2026-01-21 21:14,2026-01-22 19:15,HAN,inserted
285,DAD,2025-12-24,VN133,2025-12-24 17:54,2025-12-24 17:45,SGN,inserted
286,DAD,2026-01-07,VJ623,2026-01-07 06:42,2026-01-07 06:50,SGN,inserted
287,SGN,2026-01-21,VN258,2026-01-21 21:04,2026-01-21 21:05,HAN,inserted
288,SGN,2026-01-21,9G872,2026-01-21 20:54,2026-01-21 21:10,HAN,inserted
289,DAD,2026-01-07,VN101,2026-01-07 07:14,2026-01-07 07:30,SGN,inserted
290,SGN,2026-01-21,9G868,2026-01-22 20:30,2026-01-22 20:35,HAN,inserted
291,DAD,2026-01-07,VJ621,2026-01-07 09:00,2026-01-08 07:50,SGN,inserted
292,SGN,2026-01-21,VN218,2026-01-21 20:08,2026-01-21 20:05,HAN,inserted
293,DAD,2026-01-07,VN107,2026-01-07 09:18,2026-01-07 09:30,SGN,inserted
294,DAD,2026-01-07,QH151,2026-01-07 09:28,2026-01-07 09:40,SGN,inserted
295,SGN,2026-01-21,VU780,2026-01-21 19:34,2026-01-21 19:20,HAN,inserted
296,SGN,2026-01-21,VJ134,2026-01-21 18:39,2026-01-21 16:50,HAN,inserted
297,DAD,2026-01-07,VN109,2026-01-07 10:26,2026-01-07 10:25,SGN,inserted
298,SGN,2026-01-21,VN216,2026-01-21 18:12,2026-01-21 18:05,HAN,inserted
299,SGN,2026-01-21,9G854,2026-01-21 17:53,2026-01-21 17:45,HAN,inserted
300,DAD,2026-01-07,VJ625,2026-01-07 12:00,2026-01-07 11:35,SGN,inserted
301,SGN,2026-01-21,VJ188,2026-01-21 15:30,2026-01-22 13:25,HAN,inserted
302,SGN,2026-01-21,9G838,2026-01-21 14:57,2026-01-21 14:30,HAN,inserted
303,DAD,2026-01-07,VU673,2026-01-07 12:32,2026-01-07 12:35,SGN,inserted
304,DAD,2026-01-07,VN119,2026-01-07 12:42,2026-01-07 12:40,SGN,inserted
305,SGN,2026-01-22,VU780,2026-01-22 19:36,2026-01-22 19:20,HAN,inserted
306,DAD,2026-01-07,VJ627,2026-01-07 13:04,2026-01-07 12:40,SGN,inserted
307,SGN,2026-01-22,VJ136,2026-01-22 17:16,2026-01-23 10:40,HAN,inserted
308,DAD,2026-01-07,VN123,2026-01-07 13:43,2026-01-07 13:30,SGN,inserted
309,SGN,2026-01-22,QH240,2026-01-22 13:52,2026-01-22 13:50,HAN,inserted
310,DAD,2026-01-07,VJ633,2026-01-07 13:31,2026-01-07 13:30,SGN,inserted
311,SGN,2026-01-22,9G808,2026-01-22 09:18,2026-01-22 09:25,HAN,inserted
312,DAD,2026-01-07,VJ635,2026-01-07 15:41,2026-01-07 14:55,SGN,inserted
313,SGN,2026-01-22,VN240,2026-01-22 08:58,2026-01-22 09:05,HAN,inserted
314,SGN,2026-01-23,9G872,2026-01-23 21:08,2026-01-23 21:10,HAN,inserted
315,DAD,2026-01-07,VN129,2026-01-07 15:34,2026-01-07 15:30,SGN,inserted
316,SGN,2026-01-23,QH240,2026-01-23 14:04,2026-01-23 13:50,HAN,inserted
317,DAD,2026-01-07,VN6037,2026-01-07 15:49,2026-01-07 15:45,SGN,inserted
318,SGN,2026-01-23,QH204,2026-01-23 09:28,2026-01-23 09:20,HAN,inserted
319,SGN,2026-01-23,VN206,2026-01-23 07:58,2026-01-23 08:05,HAN,inserted
320,DAD,2026-01-07,VN133,2026-01-07 16:53,2026-01-07 17:10,SGN,inserted
321,SGN,2026-01-23,VU750,2026-01-23 07:46,2026-01-23 07:55,HAN,inserted
322,SGN,2026-01-23,VJ122,2026-01-23 07:20,2026-01-23 07:30,HAN,inserted
323,DAD,2026-01-07,VN135,2026-01-07 18:23,2026-01-07 18:40,SGN,inserted
324,SGN,2026-01-23,VN6002,2026-01-23 06:59,2026-01-23 07:05,HAN,inserted
325,SGN,2026-01-24,QH280,2026-01-24 23:14,2026-01-24 23:20,HAN,inserted
326,DAD,2026-01-07,VN137,2026-01-07 19:41,2026-01-07 19:50,SGN,inserted
327,DAD,2026-01-07,QH171,2026-01-07 19:49,2026-01-07 20:10,SGN,inserted
328,SGN,2026-01-24,VN220,2026-01-24 22:13,2026-01-24 22:05,HAN,inserted
329,DAD,2026-01-07,VN7123,2026-01-07 19:55,2026-01-07 20:20,SGN,inserted
330,SGN,2026-01-24,VN254,2026-01-24 19:07,2026-01-24 19:05,HAN,inserted
331,DAD,2026-01-07,VN7133,2026-01-07 21:17,2026-01-07 20:55,SGN,inserted
332,DAD,2026-01-07,VJ641,2026-01-07 21:28,2026-01-07 20:55,SGN,inserted
333,SGN,2026-01-24,VJ134,2026-01-24 18:32,2026-01-24 16:50,HAN,inserted
334,SGN,2026-01-24,VN232,2026-01-24 17:22,2026-01-24 17:35,HAN,inserted
335,SGN,2026-01-24,VN250,2026-01-24 16:54,2026-01-24 17:05,HAN,inserted
336,DAD,2026-01-07,VJ645,2026-01-07 22:10,2026-01-07 22:10,SGN,inserted
337,SGN,2026-01-24,VJ136,2026-01-24 11:26,2026-01-24 10:40,HAN,inserted
338,SGN,2026-01-24,VJ122,2026-01-24 07:24,2026-01-24 07:30,HAN,inserted
339,DAD,2026-01-07,VU685,2026-01-07 22:44,2026-01-07 22:45,SGN,inserted
340,SGN,2026-01-24,VJ120,2026-01-24 07:29,2026-01-24 07:40,HAN,inserted
341,DAD,2026-01-12,VN101,2026-01-12 07:13,2026-01-12 07:30,SGN,inserted
342,SGN,2026-01-25,VJ196,2026-01-25 21:47,2026-01-25 21:20,HAN,inserted
343,SGN,2026-01-25,VU780,2026-01-25 19:57,2026-01-25 19:20,HAN,inserted
344,SGN,2026-01-25,VN252,2026-01-25 19:06,2026-01-25 18:45,HAN,inserted
345,DAD,2026-01-23,VJ623,2026-01-23 06:31,2026-01-23 06:50,SGN,inserted
346,SGN,2026-01-25,VJ152,2026-01-25 19:08,2026-01-25 19:15,HAN,inserted
347,DAD,2026-01-23,VN101,2026-01-23 07:07,2026-01-23 07:30,SGN,inserted
348,SGN,2026-01-25,VN216,2026-01-25 17:52,2026-01-25 18:05,HAN,inserted
349,DAD,2026-01-23,VJ621,2026-01-23 07:36,2026-01-23 07:50,SGN,inserted
350,SGN,2026-01-25,VN232,2026-01-25 17:42,2026-01-25 17:35,HAN,inserted
351,SGN,2026-01-25,VN250,2026-01-25 16:50,2026-01-25 17:05,HAN,inserted
352,SGN,2026-01-25,VN7046,2026-01-25 15:39,2026-01-25 15:35,HAN,inserted
353,SGN,2026-01-25,VN248,2026-01-25 15:13,2026-01-25 15:05,HAN,inserted
354,DAD,2026-02-19,VN135,2026-02-19 18:30,2026-02-19 18:40,SGN,inserted
355,SGN,2026-01-25,QH240,2026-01-25 14:06,2026-01-25 13:50,HAN,inserted
356,DAD,2026-02-28,VJ635,2026-02-28 17:18,2026-03-01 14:55,SGN,inserted
357,SGN,2026-01-25,VN240,2026-01-25 08:57,2026-01-25 09:05,HAN,inserted
358,DAD,2026-03-01,VN133,2026-03-01 17:52,2026-03-01 16:55,SGN,inserted
359,DAD,2026-03-03,VN109,2026-03-03 10:12,2026-03-03 10:25,SGN,inserted
360,SGN,2026-01-26,9G868,2026-01-26 20:24,2026-01-26 20:35,HAN,inserted
361,DAD,2026-03-07,VJ621,2026-03-07 07:30,2026-03-07 07:50,SGN,inserted
362,DAD,2026-03-07,VJ629,2026-03-07 09:13,2026-03-07 09:15,SGN,inserted
363,SGN,2026-01-26,VN254,2026-01-26 19:14,2026-01-26 19:05,HAN,inserted
364,DAD,2026-03-07,QH151,2026-03-07 09:32,2026-03-07 09:40,SGN,inserted
365,SGN,2026-01-26,VN214,2026-01-26 16:17,2026-01-26 16:05,HAN,inserted
366,DAD,2026-03-07,VN119,2026-03-07 12:00,2026-03-07 12:30,SGN,inserted
367,SGN,2026-01-26,VN212,2026-01-26 15:31,2026-01-26 14:05,HAN,inserted
368,DAD,2026-03-07,VJ627,2026-03-07 13:26,2026-03-07 12:40,SGN,inserted
369,SGN,2026-01-26,VU778,2026-01-26 15:08,2026-01-26 15:20,HAN,inserted
370,DAD,2026-03-07,VN133,2026-03-07 17:17,2026-03-07 17:10,SGN,inserted
371,DAD,2026-03-08,VU685,2026-03-08 21:15,2026-03-08 21:25,SGN,inserted
372,SGN,2026-01-26,VJ144,2026-01-26 14:36,2026-01-26 14:10,HAN,inserted
373,DAD,2026-03-09,VJ633,2026-03-09 13:11,2026-03-09 13:30,SGN,inserted
374,SGN,2026-01-26,9G838,2026-01-26 14:33,2026-01-26 14:30,HAN,inserted
375,DAD,2026-03-09,QH173,2026-03-09 19:58,2026-03-09 20:10,SGN,inserted
376,SGN,2026-01-26,VN244,2026-01-26 11:09,2026-01-26 11:05,HAN,inserted
377,DAD,2026-03-10,VN127,2026-03-10 14:33,2026-03-10 14:55,SGN,inserted
378,SGN,2026-01-26,VJ184,2026-01-26 10:22,2026-01-26 10:25,HAN,inserted
379,SGN,2026-01-27,VU780,2026-01-27 20:31,2026-01-27 19:20,HAN,inserted
380,DAD,2026-03-14,VN6037,2026-03-14 15:58,2026-03-14 15:45,SGN,inserted
381,SGN,2026-01-27,VN246,2026-01-27 14:29,2026-01-27 13:05,HAN,inserted
382,DAD,2026-03-16,VN123,2026-03-16 13:40,2026-03-16 13:30,SGN,inserted
383,DAD,2026-03-16,VJ633,2026-03-16 13:59,2026-03-16 13:30,SGN,inserted
384,SGN,2026-01-27,VJ148,2026-01-27 09:54,2026-01-27 09:30,HAN,inserted
385,SGN,2026-01-28,VN256,2026-01-28 22:32,2026-01-28 22:35,HAN,inserted
386,SGN,2026-01-28,VJ180,2026-01-28 22:29,2026-01-28 22:25,HAN,inserted
387,DAD,2025-12-24,VJ528,2025-12-24 13:07,2025-12-24 12:40,HAN,inserted
388,SGN,2026-01-28,VN258,2026-01-28 21:54,2026-01-28 21:05,HAN,inserted
389,DAD,2025-12-24,VJ514,2025-12-24 17:25,2025-12-24 16:45,HAN,inserted
390,SGN,2026-01-28,VN218,2026-01-28 20:16,2026-01-28 20:05,HAN,inserted
391,SGN,2026-01-28,9G854,2026-01-28 17:39,2026-01-28 17:45,HAN,inserted
392,DAD,2025-12-24,VJ512,2026-12-24 18:17,2026-12-24 17:30,HAN,inserted
393,SGN,2026-01-28,VJ146,2026-01-28 17:15,2026-01-28 17:00,HAN,inserted
394,SGN,2026-01-28,VN250,2026-01-28 16:57,2026-01-28 17:05,HAN,inserted
395,DAD,2025-12-28,VN158,2026-12-28 09:12,2026-12-28 09:20,HAN,inserted
396,SGN,2026-01-28,VU778,2026-01-28 15:51,2026-01-28 15:20,HAN,inserted
397,SGN,2026-01-28,VJ138,2026-01-28 15:16,2026-01-28 14:40,HAN,inserted
398,SGN,2026-01-28,9G838,2026-01-28 15:08,2026-01-28 14:30,HAN,inserted
399,DAD,2026-01-01,VN158,2026-01-01 09:16,2026-01-01 09:20,HAN,inserted
400,SGN,2026-01-29,VN262,2026-01-29 21:58,2026-01-29 21:40,HAN,inserted
401,DAD,2026-01-02,VN158,2026-01-02 09:17,2026-01-02 09:20,HAN,inserted
402,SGN,2026-01-29,VJ158,2026-01-29 20:43,2026-01-29 20:30,HAN,inserted
403,SGN,2026-01-29,VN218,2026-01-29 20:21,2026-01-29 20:05,HAN,inserted
404,DAD,2026-01-03,VJ512,2026-01-03 18:27,2026-01-03 17:30,HAN,inserted
405,SGN,2026-01-29,VN216,2026-01-29 18:00,2026-01-29 18:05,HAN,inserted
406,DAD,2026-01-03,VN7154,2026-01-03 18:22,2026-01-03 18:15,HAN,inserted
407,SGN,2026-01-29,VN250,2026-01-29 17:15,2026-01-29 17:05,HAN,inserted
408,DAD,2026-01-03,VU658,2026-01-03 20:01,2026-01-03 20:15,HAN,inserted
409,SGN,2026-01-29,VN248,2026-01-29 16:52,2026-01-30 15:05,HAN,inserted
410,DAD,2026-01-04,VN158,2026-01-04 09:15,2026-01-04 09:20,HAN,inserted
411,SGN,2026-01-29,VN7044,2026-01-29 11:50,2026-01-29 11:50,HAN,inserted
412,SGN,2026-01-29,VN240,2026-01-29 09:14,2026-01-29 09:05,HAN,inserted
413,SGN,2026-01-29,VN7042,2026-01-29 08:19,2026-01-29 08:20,HAN,inserted
414,SGN,2026-01-30,VJ154,2026-01-30 21:41,2026-01-30 20:55,HAN,inserted
415,SGN,2026-01-30,VJ152,2026-01-30 19:16,2026-01-30 19:15,HAN,inserted
416,DAD,2026-01-11,VJ514,2026-01-11 16:50,2026-01-11 16:45,HAN,inserted
417,SGN,2026-01-30,VN250,2026-01-30 16:53,2026-01-30 17:05,HAN,inserted
418,DAD,2026-01-12,VJ514,2026-01-12 16:59,2026-01-12 16:45,HAN,inserted
419,SGN,2026-01-30,VN248,2026-01-30 15:26,2026-01-30 15:05,HAN,inserted
420,DAD,2026-01-12,VJ516,2026-01-12 19:50,2026-01-12 19:35,HAN,inserted
421,SGN,2026-01-30,9G838,2026-01-30 14:43,2026-01-30 14:30,HAN,inserted
422,SGN,2026-01-30,QH240,2026-01-30 13:54,2026-01-30 13:50,HAN,inserted
423,SGN,2026-01-30,VN240,2026-01-30 09:12,2026-01-30 09:05,HAN,inserted
424,DAD,2026-01-15,VU638,2026-01-15 09:36,2026-01-15 09:50,HAN,inserted
425,SGN,2026-01-31,VN258,2026-01-31 21:06,2026-01-31 21:05,HAN,inserted
426,DAD,2026-01-15,VN166,2026-01-15 13:14,2026-01-15 13:35,HAN,inserted
427,SGN,2026-01-31,VN218,2026-01-31 19:49,2026-01-31 20:05,HAN,inserted
428,DAD,2026-01-15,VJ508,2026-01-15 14:42,2026-01-15 13:40,HAN,inserted
429,DAD,2026-01-16,VJ502,2026-01-16 06:58,2026-01-16 07:05,HAN,inserted
430,SGN,2026-01-31,VN250,2026-01-31 16:55,2026-01-31 17:05,HAN,inserted
431,DAD,2026-01-16,VJ528,2026-01-16 12:53,2026-01-16 12:40,HAN,inserted
432,SGN,2026-01-31,VU770,2026-01-31 16:15,2026-01-31 15:55,HAN,inserted
433,SGN,2026-01-31,VJ132,2026-01-31 11:23,2026-01-31 11:10,HAN,inserted
434,DAD,2026-01-16,VJ512,2026-01-16 18:36,2026-01-17 17:30,HAN,inserted
435,SGN,2026-01-31,VN240,2026-01-31 09:18,2026-01-31 09:05,HAN,inserted
436,DAD,2026-01-16,VJ516,2026-01-16 20:36,2026-01-16 19:35,HAN,inserted
437,SGN,2026-02-01,QH286,2026-02-01 23:00,2026-02-01 23:00,HAN,inserted
438,DAD,2026-01-16,VU658,2026-01-16 20:14,2026-01-16 20:15,HAN,inserted
439,SGN,2026-02-01,VJ134,2026-02-01 17:21,2026-02-01 16:50,HAN,inserted
440,DAD,2026-01-17,VJ504,2026-01-17 08:44,2026-01-17 09:00,HAN,inserted
441,SGN,2026-02-01,VU770,2026-02-01 17:02,2026-02-01 15:55,HAN,inserted
442,SGN,2026-02-01,VN214,2026-02-01 16:10,2026-02-01 16:05,HAN,inserted
443,DAD,2026-01-18,VN158,2026-01-18 09:04,2026-01-18 09:25,HAN,inserted
444,SGN,2026-02-01,VN210,2026-02-01 12:05,2026-02-01 12:05,HAN,inserted
445,SGN,2026-02-02,VU794,2026-02-02 23:02,2026-02-02 23:20,HAN,inserted
446,DAD,2026-01-18,VU638,2026-01-18 09:44,2026-01-18 09:50,HAN,inserted
447,SGN,2026-02-02,9G868,2026-02-02 21:33,2026-02-02 20:35,HAN,inserted
448,DAD,2026-01-18,VJ514,2026-01-18 17:10,2026-01-18 16:45,HAN,inserted
449,SGN,2026-02-02,VJ194,2026-02-02 21:30,2026-02-03 17:30,HAN,inserted
450,SGN,2026-02-02,VJ154,2026-02-02 21:14,2026-02-02 20:10,HAN,inserted
451,SGN,2026-02-02,VN218,2026-02-02 20:33,2026-02-02 20:05,HAN,inserted
452,SGN,2026-02-02,VJ152,2026-02-02 19:46,2026-02-02 19:15,HAN,inserted
453,SGN,2026-02-02,VN216,2026-02-02 18:13,2026-02-02 18:05,HAN,inserted
454,SGN,2026-02-02,VJ198,2026-02-02 16:05,2026-02-02 15:10,HAN,inserted
455,DAD,2026-01-19,VN166,2026-01-19 13:11,2026-01-19 13:35,HAN,inserted
456,DAD,2026-01-19,VN7164,2026-01-19 15:51,2026-01-19 16:05,HAN,inserted
457,SGN,2026-02-02,VN212,2026-02-02 14:29,2026-02-02 14:05,HAN,inserted
458,SGN,2026-02-02,VJ128,2026-02-02 12:37,2026-02-02 12:10,HAN,inserted
459,DAD,2026-01-19,VU658,2026-01-19 21:25,2026-01-19 20:15,HAN,inserted
460,SGN,2026-02-02,VN244,2026-02-02 11:13,2026-02-02 11:05,HAN,inserted
461,DAD,2026-01-20,VJ502,2026-01-20 06:58,2026-01-20 07:05,HAN,inserted
462,SGN,2026-02-02,9G808,2026-02-02 09:11,2026-02-02 09:40,HAN,inserted
463,DAD,2026-01-20,QH104,2026-01-20 10:43,2026-01-20 10:55,HAN,inserted
464,SGN,2026-02-02,VN240,2026-02-02 08:59,2026-02-02 09:05,HAN,inserted
465,SGN,2026-02-02,QH202,2026-02-02 07:40,2026-02-02 07:55,HAN,inserted
466,DAD,2026-01-20,VJ520,2026-01-20 23:14,2026-01-20 22:55,HAN,inserted
467,DAD,2026-01-21,VJ524,2026-01-21 07:25,2026-01-21 07:40,HAN,inserted
468,SGN,2026-02-03,9G882,2026-02-03 23:46,2026-02-03 23:35,HAN,inserted
469,DAD,2026-01-21,VN6080,2026-01-21 11:48,2026-01-21 11:45,HAN,inserted
470,DAD,2026-01-21,VJ516,2026-01-21 20:01,2026-01-21 19:35,HAN,inserted
471,SGN,2026-02-03,VN260,2026-02-03 22:57,2026-02-03 23:05,HAN,inserted
472,SGN,2026-02-03,VN220,2026-02-03 22:04,2026-02-03 22:05,HAN,inserted
473,SGN,2026-02-03,VN232,2026-02-03 18:28,2026-02-03 17:35,HAN,inserted
474,SGN,2026-02-03,VJ128,2026-02-03 13:11,2026-02-03 12:10,HAN,inserted
475,DAD,2026-01-22,VU658,2026-01-22 20:08,2026-01-22 20:15,HAN,inserted
476,SGN,2026-02-03,9G822,2026-02-03 11:33,2026-02-03 11:35,HAN,inserted
477,DAD,2026-01-23,VJ524,2026-01-23 07:25,2026-01-23 07:40,HAN,inserted
478,SGN,2026-02-03,9G808,2026-02-03 09:30,2026-02-03 09:40,HAN,inserted
479,SGN,2026-02-03,VU750,2026-02-03 07:33,2026-02-03 07:55,HAN,inserted
480,DAD,2026-01-23,VN158,2026-01-23 09:08,2026-01-23 09:20,HAN,inserted
481,SGN,2026-02-04,VJ174,2026-02-04 23:58,2026-02-04 23:55,HAN,inserted
482,SGN,2026-02-04,VU794,2026-02-04 23:55,2026-02-04 23:20,HAN,inserted
483,SGN,2026-02-04,VJ164,2026-02-04 23:36,2026-02-04 23:20,HAN,inserted
484,SGN,2026-02-04,VN7294,2026-02-04 23:03,2026-02-04 23:10,HAN,inserted
485,SGN,2026-02-04,VJ180,2026-02-04 23:01,2026-02-04 22:25,HAN,inserted
486,SGN,2026-02-04,VN256,2026-02-04 22:48,2026-02-04 22:35,HAN,inserted
487,DAD,2026-01-24,VN158,2026-01-24 09:16,2026-01-24 09:30,HAN,inserted
488,SGN,2026-02-04,VN220,2026-02-04 22:41,2026-02-04 22:05,HAN,inserted
489,SGN,2026-02-04,QH268,2026-02-04 22:38,2026-02-04 21:45,HAN,inserted
490,DAD,2026-01-24,VJ518,2026-01-24 22:54,2026-01-24 22:15,HAN,inserted
491,SGN,2026-02-04,VJ160,2026-02-04 22:24,2026-02-04 21:15,HAN,inserted
492,SGN,2026-02-04,VJ196,2026-02-04 22:29,2026-02-04 21:20,HAN,inserted
493,DAD,2026-01-25,VN158,2026-01-25 09:09,2026-01-25 09:30,HAN,inserted
494,SGN,2026-02-04,9G868,2026-02-04 21:49,2026-02-04 20:35,HAN,inserted
495,DAD,2026-01-25,VN7186,2026-01-25 16:31,2026-01-25 16:25,HAN,inserted
496,SGN,2026-02-04,VJ154,2026-02-04 21:42,2026-02-04 20:10,HAN,inserted
497,SGN,2026-02-04,VN258,2026-02-04 21:19,2026-02-04 21:05,HAN,inserted
498,DAD,2026-01-25,VJ516,2026-01-25 21:01,2026-01-26 19:35,HAN,inserted
499,SGN,2026-02-04,9G872,2026-02-04 21:25,2026-02-04 21:10,HAN,inserted
500,SGN,2026-02-04,VJ152,2026-02-04 21:00,2026-02-04 19:15,HAN,inserted
501,SGN,2026-02-04,VJ158,2026-02-04 20:49,2026-02-04 20:30,HAN,inserted
502,SGN,2026-02-04,VN7018,2026-02-04 20:22,2026-02-04 20:20,HAN,inserted
503,DAD,2026-01-26,VJ512,2026-01-26 17:34,2026-01-26 17:30,HAN,inserted
504,SGN,2026-02-04,QH262,2026-02-04 20:31,2026-02-04 19:45,HAN,inserted
505,SGN,2026-02-04,VN218,2026-02-04 20:12,2026-02-04 20:05,HAN,inserted
506,DAD,2026-01-26,VJ518,2026-01-26 22:15,2026-01-26 22:15,HAN,inserted
507,SGN,2026-02-04,VN7290,2026-02-04 19:49,2026-02-04 19:25,HAN,inserted
508,SGN,2026-02-04,VU780,2026-02-04 19:38,2026-02-04 19:20,HAN,inserted
509,SGN,2026-02-04,VN7240,2026-02-04 19:27,2026-02-04 19:35,HAN,inserted
510,SGN,2026-02-04,VN254,2026-02-04 19:09,2026-02-04 19:05,HAN,inserted
511,SGN,2026-02-04,VN252,2026-02-04 18:47,2026-02-04 18:45,HAN,inserted
512,DAD,2026-01-29,VN7164,2026-01-29 16:41,2026-01-29 16:15,HAN,inserted
513,DAD,2026-01-29,VJ516,2026-01-29 20:17,2026-01-29 19:35,HAN,inserted
514,SGN,2026-02-04,VN216,2026-02-04 18:04,2026-02-04 18:05,HAN,inserted
515,DAD,2026-01-29,VU658,2026-01-29 21:06,2026-01-29 20:15,HAN,inserted
516,SGN,2026-02-04,9G854,2026-02-04 17:39,2026-02-04 17:45,HAN,inserted
517,SGN,2026-02-04,VN232,2026-02-04 17:28,2026-02-04 17:35,HAN,inserted
518,DAD,2026-01-30,VJ508,2026-01-30 14:45,2026-01-30 13:40,HAN,inserted
519,SGN,2026-02-04,VJ194,2026-02-04 17:31,2026-02-04 17:30,HAN,inserted
520,SGN,2026-02-04,VJ134,2026-02-04 17:25,2026-02-04 16:50,HAN,inserted
521,DAD,2026-01-30,VN7164,2026-01-30 16:10,2026-01-30 16:15,HAN,inserted
522,SGN,2026-02-04,VN250,2026-02-04 17:08,2026-02-04 17:05,HAN,inserted
523,DAD,2026-01-30,VN7186,2026-01-30 16:18,2026-01-30 16:25,HAN,inserted
524,SGN,2026-02-04,VJ146,2026-02-04 16:59,2026-02-04 17:00,HAN,inserted
525,SGN,2026-02-04,VN214,2026-02-04 16:40,2026-02-04 16:05,HAN,inserted
526,DAD,2026-01-31,VJ524,2026-01-31 07:20,2026-01-31 07:40,HAN,inserted
527,SGN,2026-02-04,VU770,2026-02-04 16:37,2026-02-04 15:55,HAN,inserted
528,SGN,2026-02-04,VN7040,2026-02-04 16:04,2026-02-04 16:15,HAN,inserted
529,DAD,2026-01-31,VN166,2026-01-31 13:33,2026-01-31 13:35,HAN,inserted
530,SGN,2026-02-04,QH242,2026-02-04 15:58,2026-02-04 15:25,HAN,inserted
531,SGN,2026-02-04,VJ198,2026-02-04 15:50,2026-02-04 15:10,HAN,inserted
532,SGN,2026-02-04,VU778,2026-02-04 15:42,2026-02-04 15:20,HAN,inserted
533,DAD,2026-02-02,VJ528,2026-02-02 12:47,2026-02-02 12:40,HAN,inserted
534,SGN,2026-02-04,VN248,2026-02-04 15:32,2026-02-04 15:05,HAN,inserted
535,DAD,2026-02-02,VJ512,2026-02-02 18:56,2026-02-03 17:30,HAN,inserted
536,SGN,2026-02-04,VJ188,2026-02-04 15:29,2026-02-05 13:25,HAN,inserted
537,SGN,2026-02-04,9G838,2026-02-04 15:08,2026-02-04 14:30,HAN,inserted
538,SGN,2026-02-04,VJ138,2026-02-04 15:03,2026-02-04 14:40,HAN,inserted
539,SGN,2026-02-04,VJ144,2026-02-04 14:48,2026-02-04 14:10,HAN,inserted
540,DAD,2026-02-03,VN6080,2026-02-03 11:32,2026-02-03 11:45,HAN,inserted
541,SGN,2026-02-04,VN212,2026-02-04 13:57,2026-02-04 14:05,HAN,inserted
542,DAD,2026-02-04,VJ502,2026-02-04 06:43,2026-02-04 07:05,HAN,inserted
543,SGN,2026-02-04,VJ136,2026-02-04 13:12,2026-02-05 10:40,HAN,inserted
544,DAD,2026-02-04,VJ524,2026-02-04 07:19,2026-02-04 07:40,HAN,inserted
545,SGN,2026-02-04,VN246,2026-02-04 13:03,2026-02-04 13:05,HAN,inserted
546,DAD,2026-02-04,VN156,2026-02-04 07:34,2026-02-04 08:10,HAN,inserted
547,SGN,2026-02-04,VN210,2026-02-04 12:32,2026-02-04 12:05,HAN,inserted
548,DAD,2026-02-04,VJ510,2026-02-04 08:32,2026-02-04 08:35,HAN,inserted
549,SGN,2026-02-04,VJ128,2026-02-04 12:28,2026-02-04 12:10,HAN,inserted
550,DAD,2026-02-04,VJ504,2026-02-04 09:32,2026-02-04 09:00,HAN,inserted
551,SGN,2026-02-04,QH224,2026-02-04 12:17,2026-02-04 12:30,HAN,inserted
552,DAD,2026-02-04,VN158,2026-02-04 08:58,2026-02-04 09:20,HAN,inserted
553,SGN,2026-02-04,VN7014,2026-02-04 11:57,2026-02-04 12:10,HAN,inserted
554,SGN,2026-02-04,VN7044,2026-02-04 11:48,2026-02-04 11:50,HAN,inserted
555,SGN,2026-02-04,VJ132,2026-02-04 11:36,2026-02-04 11:10,HAN,inserted
556,SGN,2026-02-04,9G822,2026-02-04 11:22,2026-02-04 11:35,HAN,inserted
557,DAD,2026-02-04,VN6080,2026-02-04 11:25,2026-02-04 11:45,HAN,inserted
558,DAD,2026-02-04,VJ528,2026-02-04 12:36,2026-02-04 12:40,HAN,inserted
559,SGN,2026-02-04,VN244,2026-02-04 10:54,2026-02-04 11:05,HAN,inserted
560,DAD,2026-02-04,VN166,2026-02-04 14:27,2026-02-04 13:35,HAN,inserted
561,SGN,2026-02-04,VN208,2026-02-04 10:14,2026-02-04 10:05,HAN,inserted
562,DAD,2026-02-04,VJ508,2026-02-04 13:54,2026-02-04 13:40,HAN,inserted
563,SGN,2026-02-04,VJ148,2026-02-04 09:39,2026-02-04 09:30,HAN,inserted
564,SGN,2026-02-04,9G808,2026-02-04 09:29,2026-02-04 09:40,HAN,inserted
565,SGN,2026-02-04,VJ176,2026-02-04 09:25,2026-02-04 09:00,HAN,inserted
566,SGN,2026-02-04,VU774,2026-02-04 09:09,2026-02-04 09:15,HAN,inserted
567,SGN,2026-02-04,QH204,2026-02-04 09:03,2026-02-04 09:20,HAN,inserted
568,DAD,2026-02-04,VJ514,2026-02-04 16:46,2026-02-04 16:45,HAN,inserted
569,SGN,2026-02-04,VN240,2026-02-04 08:55,2026-02-04 09:05,HAN,inserted
570,DAD,2026-02-04,VJ512,2026-02-04 18:14,2026-02-04 17:30,HAN,inserted
571,SGN,2026-02-04,9G806,2026-02-04 08:19,2026-02-04 08:40,HAN,inserted
572,SGN,2026-02-04,VN7234,2026-02-04 08:13,2026-02-04 08:25,HAN,inserted
573,DAD,2026-02-04,VN174,2026-02-04 18:28,2026-02-04 18:25,HAN,inserted
574,SGN,2026-02-04,VN206,2026-02-04 07:59,2026-02-04 08:05,HAN,inserted
575,DAD,2026-02-04,VJ516,2026-02-04 19:58,2026-02-04 19:35,HAN,inserted
576,SGN,2026-02-04,VJ124,2026-02-04 07:52,2026-02-04 07:50,HAN,inserted
577,DAD,2026-02-04,VU658,2026-02-04 20:46,2026-02-04 20:15,HAN,inserted
578,SGN,2026-02-04,VU750,2026-02-04 07:47,2026-02-04 07:55,HAN,inserted
579,SGN,2026-02-04,VJ120,2026-02-04 07:42,2026-02-04 07:40,HAN,inserted
580,SGN,2026-02-04,QH202,2026-02-04 07:31,2026-02-04 07:55,HAN,inserted
581,DAD,2026-02-04,VN6070,2026-02-04 21:43,2026-02-04 21:45,HAN,inserted
582,SGN,2026-02-04,VJ122,2026-02-04 07:17,2026-02-04 07:30,HAN,inserted
583,DAD,2026-02-04,VJ520,2026-02-04 23:07,2026-02-04 22:55,HAN,inserted
584,DAD,2026-02-04,QH148,2026-02-04 23:25,2026-02-04 23:30,HAN,inserted
585,SGN,2026-02-04,VN6002,2026-02-04 06:54,2026-02-04 07:05,HAN,inserted
586,SGN,2026-02-04,VN7012,2026-02-04 05:59,2026-02-04 06:15,HAN,inserted
587,DAD,2026-02-04,VN7192,2026-02-04 23:50,2026-02-05 00:20,HAN,inserted
588,SGN,2026-02-05,VN256,2026-02-05 23:18,2026-02-05 22:35,HAN,inserted
589,DAD,2026-02-05,VJ514,2026-02-05 17:08,2026-02-05 16:45,HAN,inserted
590,SGN,2026-02-05,VJ166,2026-02-05 21:32,2026-02-05 21:00,HAN,inserted
591,DAD,2026-02-05,VJ512,2026-02-05 17:26,2026-02-05 17:30,HAN,inserted
592,SGN,2026-02-05,VN258,2026-02-05 21:13,2026-02-05 21:05,HAN,inserted
593,SGN,2026-02-05,VN254,2026-02-05 19:38,2026-02-05 19:05,HAN,inserted
594,DAD,2026-02-06,VJ510,2026-02-06 08:25,2026-02-06 08:35,HAN,inserted
595,DAD,2026-02-06,VJ514,2026-02-06 17:29,2026-02-06 16:45,HAN,inserted
596,SGN,2026-02-05,VN7292,2026-02-05 16:50,2026-02-05 17:05,HAN,inserted
597,SGN,2026-02-05,VN248,2026-02-05 16:27,2026-02-05 16:05,HAN,inserted
598,DAD,2026-02-06,VJ512,2026-02-06 18:22,2026-02-06 17:30,HAN,inserted
599,SGN,2026-02-05,VN214,2026-02-05 16:11,2026-02-05 16:05,HAN,inserted
600,SGN,2026-02-05,VU778,2026-02-05 15:53,2026-02-05 15:20,HAN,inserted
601,DAD,2026-02-06,VN6070,2026-02-06 23:01,2026-02-06 21:45,HAN,inserted
602,SGN,2026-02-05,VN246,2026-02-05 13:24,2026-02-05 13:05,HAN,inserted
603,SGN,2026-02-05,VN210,2026-02-05 12:10,2026-02-05 12:05,HAN,inserted
604,SGN,2026-02-05,VJ148,2026-02-05 09:27,2026-02-05 09:30,HAN,inserted
605,DAD,2026-02-10,VJ514,2026-02-10 17:41,2026-02-10 16:45,HAN,inserted
606,SGN,2026-02-05,9G808,2026-02-05 09:22,2026-02-05 09:40,HAN,inserted
607,SGN,2026-02-06,QH268,2026-02-06 22:40,2026-02-06 22:15,HAN,inserted
608,DAD,2026-02-10,VU658,2026-02-10 21:08,2026-02-10 20:15,HAN,inserted
609,SGN,2026-02-06,VN220,2026-02-06 22:22,2026-02-06 22:05,HAN,inserted
610,DAD,2026-02-11,VJ512,2026-02-11 18:00,2026-02-11 17:30,HAN,inserted
611,SGN,2026-02-06,VN262,2026-02-06 21:51,2026-02-06 21:40,HAN,inserted
612,SGN,2026-02-06,9G868,2026-02-06 21:26,2026-02-06 20:35,HAN,inserted
613,SGN,2026-02-06,VJ152,2026-02-06 20:48,2026-02-06 19:15,HAN,inserted
614,SGN,2026-02-06,VU780,2026-02-06 19:47,2026-02-06 19:20,HAN,inserted
615,DAD,2026-02-12,VN6080,2026-02-12 12:24,2026-02-12 11:45,HAN,inserted
616,SGN,2026-02-06,VN216,2026-02-06 18:41,2026-02-06 18:05,HAN,inserted
617,SGN,2026-02-06,VN250,2026-02-06 17:55,2026-02-06 17:05,HAN,inserted
618,DAD,2026-02-13,VJ524,2026-02-13 07:32,2026-02-13 07:40,HAN,inserted
619,SGN,2026-02-06,VN7230,2026-02-06 17:21,2026-02-06 17:05,HAN,inserted
620,SGN,2026-02-06,VJ142,2026-02-06 15:45,2026-02-06 14:50,HAN,inserted
621,SGN,2026-02-06,VN7046,2026-02-06 15:14,2026-02-06 14:20,HAN,inserted
622,DAD,2026-02-13,VJ512,2026-02-13 18:41,2026-02-14 17:30,HAN,inserted
623,SGN,2026-02-06,VN212,2026-02-06 14:23,2026-02-06 14:05,HAN,inserted
624,SGN,2026-02-06,VN7256,2026-02-06 13:42,2026-02-06 13:35,HAN,inserted
625,SGN,2026-02-06,VN246,2026-02-06 13:14,2026-02-06 13:05,HAN,inserted
626,SGN,2026-02-06,QH224,2026-02-06 12:51,2026-02-06 12:30,HAN,inserted
627,DAD,2026-02-14,VJ524,2026-02-14 07:25,2026-02-14 07:40,HAN,inserted
628,SGN,2026-02-06,VN208,2026-02-06 10:07,2026-02-06 10:05,HAN,inserted
629,DAD,2026-02-14,VN7164,2026-02-14 17:14,2026-02-15 16:05,HAN,inserted
630,SGN,2026-02-06,VU750,2026-02-06 07:47,2026-02-06 07:55,HAN,inserted
631,DAD,2026-02-15,VJ502,2026-02-15 06:48,2026-02-15 07:05,HAN,inserted
632,SGN,2026-02-07,VN214,2026-02-07 16:56,2026-02-07 16:55,HAN,inserted
633,DAD,2026-02-15,VJ508,2026-02-15 13:58,2026-02-15 13:40,HAN,inserted
634,SGN,2026-02-07,VN7040,2026-02-07 16:37,2026-02-07 16:15,HAN,inserted
635,SGN,2026-02-07,9G838,2026-02-07 15:11,2026-02-07 14:30,HAN,inserted
636,DAD,2026-02-15,QH148,2026-02-15 23:03,2026-02-15 23:30,HAN,inserted
637,SGN,2026-02-07,VN210,2026-02-07 12:08,2026-02-07 12:05,HAN,inserted
638,DAD,2026-02-16,VJ502,2026-02-16 06:45,2026-02-16 07:05,HAN,inserted
639,DAD,2026-02-16,VJ510,2026-02-16 08:35,2026-02-16 08:35,HAN,inserted
640,SGN,2026-02-07,VN244,2026-02-07 11:12,2026-02-07 11:05,HAN,inserted
641,DAD,2026-02-16,VN7164,2026-02-16 15:53,2026-02-16 16:05,HAN,inserted
642,SGN,2026-02-07,VJ136,2026-02-07 11:00,2026-02-07 10:40,HAN,inserted
643,SGN,2026-02-07,VN240,2026-02-07 09:08,2026-02-07 09:05,HAN,inserted
644,SGN,2026-02-07,9G806,2026-02-07 08:34,2026-02-07 08:40,HAN,inserted
645,DAD,2026-02-17,VN158,2026-02-17 08:58,2026-02-17 09:20,HAN,inserted
646,SGN,2026-02-07,VJ126,2026-02-07 08:26,2026-02-07 08:25,HAN,inserted
647,SGN,2026-02-08,VJ172,2026-02-08 18:51,2026-02-09 16:45,HAN,inserted
648,SGN,2026-02-08,VN232,2026-02-08 18:22,2026-02-08 17:35,HAN,inserted
649,DAD,2026-02-18,VN172,2026-02-18 16:36,2026-02-18 16:20,HAN,inserted
650,SGN,2026-02-08,VN214,2026-02-08 17:41,2026-02-08 16:05,HAN,inserted
651,DAD,2026-02-19,VJ516,2026-02-19 19:45,2026-02-19 19:35,HAN,inserted
652,SGN,2026-02-08,VJ138,2026-02-08 15:57,2026-02-08 14:40,HAN,inserted
653,SGN,2026-02-08,VJ148,2026-02-08 09:38,2026-02-08 09:30,HAN,inserted
654,DAD,2026-02-20,VJ508,2026-02-20 14:12,2026-02-20 13:40,HAN,inserted
655,SGN,2026-02-08,VU774,2026-02-08 09:11,2026-02-08 09:15,HAN,inserted
656,SGN,2026-02-09,VN260,2026-02-09 23:16,2026-02-09 23:05,HAN,inserted
657,SGN,2026-02-09,VN250,2026-02-09 18:10,2026-02-09 17:05,HAN,inserted
658,DAD,2026-02-22,VJ524,2026-02-22 07:28,2026-02-22 07:40,HAN,inserted
659,SGN,2026-02-09,VN246,2026-02-09 15:21,2026-02-10 13:05,HAN,inserted
660,SGN,2026-02-09,VN7014,2026-02-09 13:20,2026-02-09 12:50,HAN,inserted
661,DAD,2026-02-22,VN158,2026-02-22 09:10,2026-02-22 09:20,HAN,inserted
662,SGN,2026-02-09,VN210,2026-02-09 12:41,2026-02-09 12:05,HAN,inserted
663,SGN,2026-02-09,VN244,2026-02-09 11:21,2026-02-09 11:05,HAN,inserted
664,DAD,2026-02-22,VJ508,2026-02-22 16:35,2026-02-23 13:40,HAN,inserted
665,SGN,2026-02-10,VN258,2026-02-10 21:39,2026-02-10 21:05,HAN,inserted
666,SGN,2026-02-10,VN250,2026-02-10 18:16,2026-02-10 17:05,HAN,inserted
667,SGN,2026-02-10,VJ130,2026-02-10 17:02,2026-02-10 16:45,HAN,inserted
668,SGN,2026-02-10,VU770,2026-02-10 16:43,2026-02-10 16:00,HAN,inserted
669,DAD,2026-02-23,VN6070,2026-02-23 21:42,2026-02-23 21:45,HAN,inserted
670,SGN,2026-02-10,VN7044,2026-02-10 12:14,2026-02-10 11:50,HAN,inserted
671,DAD,2026-02-24,VN158,2026-02-24 09:11,2026-02-24 09:20,HAN,inserted
672,SGN,2026-02-10,9G822,2026-02-10 11:57,2026-02-10 11:35,HAN,inserted
673,SGN,2026-02-10,VN244,2026-02-10 11:47,2026-02-10 11:05,HAN,inserted
674,SGN,2026-02-10,QH204,2026-02-10 09:26,2026-02-10 09:20,HAN,inserted
675,SGN,2026-02-11,VN216,2026-02-11 18:38,2026-02-11 18:05,HAN,inserted
676,SGN,2026-02-11,VJ134,2026-02-11 18:07,2026-02-11 16:50,HAN,inserted
677,DAD,2026-02-25,VJ508,2026-02-25 14:12,2026-02-25 13:40,HAN,inserted
678,SGN,2026-02-11,VN214,2026-02-11 16:57,2026-02-11 16:05,HAN,inserted
679,DAD,2026-02-25,VN7164,2026-02-25 17:08,2026-02-25 16:15,HAN,inserted
680,DAD,2026-02-25,9G932,2026-02-25 18:46,2026-02-25 18:25,HAN,inserted
681,SGN,2026-02-11,VN212,2026-02-11 14:49,2026-02-11 14:05,HAN,inserted
682,SGN,2026-02-11,VN240,2026-02-11 09:00,2026-02-11 09:05,HAN,inserted
683,SGN,2026-02-11,VN7036,2026-02-11 05:46,2026-02-11 05:50,HAN,inserted
684,DAD,2026-02-26,VU638,2026-02-26 09:48,2026-02-26 09:50,HAN,inserted
685,DAD,2026-02-26,VN166,2026-02-26 13:29,2026-02-26 13:35,HAN,inserted
686,DAD,2026-02-26,VJ508,2026-02-26 13:58,2026-02-26 13:40,HAN,inserted
687,SGN,2026-02-12,VN218,2026-02-12 20:12,2026-02-12 20:05,HAN,inserted
688,DAD,2026-02-26,9G922,2026-02-26 14:09,2026-02-26 14:00,HAN,inserted
689,SGN,2026-02-12,VN252,2026-02-12 19:22,2026-02-12 18:45,HAN,inserted
690,DAD,2026-02-27,9G922,2026-02-27 14:05,2026-02-27 14:00,HAN,inserted
691,SGN,2026-02-12,VN248,2026-02-12 17:46,2026-02-13 15:05,HAN,inserted
692,DAD,2026-02-27,VJ512,2026-02-27 18:22,2026-02-27 17:30,HAN,inserted
693,SGN,2026-02-12,VN250,2026-02-12 17:31,2026-02-12 17:05,HAN,inserted
694,DAD,2026-02-27,9G932,2026-02-27 18:11,2026-02-27 18:05,HAN,inserted
695,SGN,2026-02-12,VN210,2026-02-12 13:02,2026-02-12 12:05,HAN,inserted
696,SGN,2026-02-12,VN7012,2026-02-12 07:41,2026-02-12 06:15,HAN,inserted
697,DAD,2026-02-27,VN6070,2026-02-27 22:01,2026-02-27 21:45,HAN,inserted
698,SGN,2026-02-12,9G8802,2026-02-12 05:54,2026-02-12 06:10,HAN,inserted
699,SGN,2026-02-12,VN7232,2026-02-12 04:36,2026-02-13 02:15,HAN,inserted
700,SGN,2026-02-11,VN7294,2026-02-11 04:46,2026-02-11 23:10,,skipped_no_departure_match
701,DAD,2026-02-28,VJ524,2026-02-28 07:58,2026-02-28 07:40,HAN,inserted
702,DAD,2026-02-28,VN158,2026-02-28 10:10,2026-02-28 09:20,HAN,inserted
703,SGN,2026-02-13,VN214,2026-02-13 23:32,2026-02-14 16:05,HAN,inserted
704,SGN,2026-02-13,VN218,2026-02-13 21:50,2026-02-14 20:05,HAN,inserted
705,SGN,2026-02-13,9G868,2026-02-13 21:41,2026-02-13 20:35,HAN,inserted
706,DAD,2026-02-28,VN6080,2026-02-28 11:26,2026-02-28 11:45,HAN,inserted
707,SGN,2026-02-13,VN254,2026-02-13 20:51,2026-02-14 19:05,HAN,inserted
708,DAD,2026-02-28,9G916,2026-02-28 12:15,2026-02-28 12:20,HAN,inserted
709,SGN,2026-02-13,VN7228,2026-02-13 20:48,2026-02-14 18:50,HAN,inserted
710,DAD,2026-02-28,VN166,2026-02-28 13:29,2026-02-28 13:35,HAN,inserted
711,SGN,2026-02-13,VN7230,2026-02-13 17:34,2026-02-13 17:05,HAN,inserted
712,DAD,2026-02-28,VJ508,2026-02-28 13:45,2026-02-28 13:40,HAN,inserted
713,SGN,2026-02-13,VU778,2026-02-13 17:25,2026-02-14 15:20,HAN,inserted
714,SGN,2026-02-13,VN212,2026-02-13 15:21,2026-02-13 14:05,HAN,inserted
715,SGN,2026-02-13,VN7256,2026-02-13 14:57,2026-02-13 13:35,HAN,inserted
716,DAD,2026-02-28,VJ512,2026-02-28 18:02,2026-02-28 17:30,HAN,inserted
717,SGN,2026-02-13,VJ144,2026-02-13 14:58,2026-02-13 14:10,HAN,inserted
718,SGN,2026-02-13,VJ136,2026-02-13 11:50,2026-02-13 10:40,HAN,inserted
719,DAD,2026-02-28,VJ516,2026-02-28 19:47,2026-02-28 19:35,HAN,inserted
720,SGN,2026-02-13,VN206,2026-02-13 07:58,2026-02-13 08:05,HAN,inserted
721,SGN,2026-02-12,VN7048,2026-02-12 01:59,2026-02-12 20:20,,skipped_no_departure_match
722,DAD,2026-02-28,VN6070,2026-02-28 21:48,2026-02-28 21:45,HAN,inserted
723,SGN,2026-02-12,VN7294,2026-02-12 01:49,2026-02-12 23:10,HAN,inserted
724,DAD,2026-02-28,VJ520,2026-02-28 23:19,2026-02-28 22:55,HAN,inserted
725,DAD,2026-03-01,VJ502,2026-03-01 06:56,2026-03-01 07:05,HAN,inserted
726,DAD,2026-03-01,VJ524,2026-03-01 07:25,2026-03-01 07:40,HAN,inserted
727,SGN,2026-02-14,VN7048,2026-02-14 21:50,2026-02-14 20:20,HAN,inserted
728,DAD,2026-03-01,VJ504,2026-03-01 10:22,2026-03-02 09:00,HAN,inserted
729,SGN,2026-02-14,VN7292,2026-02-14 21:09,2026-02-15 17:05,HAN,inserted
730,SGN,2026-02-14,VJ172,2026-02-14 20:18,2026-02-14 18:55,HAN,inserted
731,DAD,2026-03-01,9G916,2026-03-01 12:13,2026-03-01 12:20,HAN,inserted
732,SGN,2026-02-14,VN216,2026-02-14 19:23,2026-02-14 18:05,HAN,inserted
733,DAD,2026-03-01,9G922,2026-03-01 13:56,2026-03-01 14:00,HAN,inserted
734,SGN,2026-02-14,9G854,2026-02-14 17:41,2026-02-14 17:45,HAN,inserted
735,SGN,2026-02-14,VN7040,2026-02-14 16:59,2026-02-14 17:15,HAN,inserted
736,SGN,2026-02-14,VJ144,2026-02-14 15:08,2026-02-14 14:10,HAN,inserted
737,SGN,2026-02-14,VN7014,2026-02-14 13:00,2026-02-14 12:10,HAN,inserted
738,SGN,2026-02-14,VU750,2026-02-14 12:22,2026-02-15 07:55,HAN,inserted
739,SGN,2026-02-14,VN208,2026-02-14 10:13,2026-02-14 10:05,HAN,inserted
740,SGN,2026-02-14,VN7002,2026-02-14 04:48,2026-02-15 03:05,HAN,inserted
741,SGN,2026-02-13,VN7010,2026-02-13 02:24,2026-02-14 00:10,,skipped_no_departure_match
742,SGN,2026-02-15,QH268,2026-02-15 21:51,2026-02-15 21:45,HAN,inserted
743,SGN,2026-02-15,VN218,2026-02-15 20:02,2026-02-15 20:05,HAN,inserted
744,SGN,2026-02-15,VN216,2026-02-15 18:38,2026-02-15 18:05,HAN,inserted
745,SGN,2026-02-15,VN232,2026-02-15 17:29,2026-02-15 17:35,HAN,inserted
746,SGN,2026-02-15,VN250,2026-02-15 17:17,2026-02-15 17:05,HAN,inserted
747,SGN,2026-02-15,VN248,2026-02-15 16:56,2026-02-16 15:05,HAN,inserted
748,SGN,2026-02-15,VN230,2026-02-15 15:29,2026-02-15 14:10,HAN,inserted
749,SGN,2026-02-15,VN244,2026-02-15 11:16,2026-02-15 11:05,HAN,inserted
750,SGN,2026-02-16,VJ154,2026-02-16 20:52,2026-02-16 20:10,HAN,inserted
751,SGN,2026-02-16,VN7290,2026-02-16 19:33,2026-02-16 19:25,HAN,inserted
752,SGN,2026-02-16,VJ130,2026-02-16 17:44,2026-02-16 16:45,HAN,inserted
753,SGN,2026-02-16,VN214,2026-02-16 15:57,2026-02-16 16:05,HAN,inserted
754,SGN,2026-02-16,VJ1120,2026-02-16 08:41,2026-02-16 09:00,HAN,inserted
755,SGN,2026-02-17,VN224,2026-02-17 23:53,2026-02-18 00:05,HAN,inserted
756,SGN,2026-02-17,9G854,2026-02-17 17:24,2026-02-17 17:45,HAN,inserted
757,SGN,2026-02-17,VN250,2026-02-17 17:11,2026-02-17 17:05,HAN,inserted
758,SGN,2026-02-17,VN214,2026-02-17 16:09,2026-02-17 16:05,HAN,inserted
759,SGN,2026-02-17,VN246,2026-02-17 12:53,2026-02-17 13:05,HAN,inserted
760,SGN,2026-02-16,VU782,2026-02-16 02:15,2026-02-16 01:25,,skipped_no_departure_match
761,SGN,2026-02-18,VN220,2026-02-18 22:27,2026-02-18 22:05,HAN,inserted
762,SGN,2026-02-18,VN258,2026-02-18 21:56,2026-02-18 21:05,HAN,inserted
763,SGN,2026-02-18,VN214,2026-02-18 17:13,2026-02-18 16:05,HAN,inserted
764,SGN,2026-02-18,VN244,2026-02-18 11:05,2026-02-18 11:05,HAN,inserted
765,SGN,2026-02-18,QH204,2026-02-18 09:27,2026-02-18 09:20,HAN,inserted
766,SGN,2026-02-19,VN218,2026-02-19 20:02,2026-02-19 20:05,HAN,inserted
767,SGN,2026-02-19,VN252,2026-02-19 18:47,2026-02-19 18:45,HAN,inserted
768,SGN,2026-02-19,VN250,2026-02-19 16:50,2026-02-19 17:05,HAN,inserted
769,SGN,2026-02-19,VU774,2026-02-19 09:09,2026-02-19 09:15,HAN,inserted
770,SGN,2026-02-20,VN7202,2026-02-20 22:09,2026-02-21 18:05,HAN,inserted
771,SGN,2026-02-20,VJ166,2026-02-20 22:05,2026-02-20 21:00,HAN,inserted
772,SGN,2026-02-20,VJ160,2026-02-20 21:45,2026-02-20 21:15,HAN,inserted
773,SGN,2026-02-20,VJ150,2026-02-20 21:15,2026-02-20 21:10,HAN,inserted
774,SGN,2026-02-20,VN258,2026-02-20 21:25,2026-02-20 21:05,HAN,inserted
775,SGN,2026-02-20,9G868,2026-02-20 21:14,2026-02-20 20:35,HAN,inserted
776,SGN,2026-02-20,VN250,2026-02-20 17:15,2026-02-20 17:05,HAN,inserted
777,SGN,2026-02-20,VN212,2026-02-20 14:39,2026-02-20 14:05,HAN,inserted
778,SGN,2026-02-20,VN246,2026-02-20 14:25,2026-02-20 13:05,HAN,inserted
779,SGN,2026-02-20,VN210,2026-02-20 12:17,2026-02-20 12:05,HAN,inserted
780,SGN,2026-02-20,VN208,2026-02-20 10:12,2026-02-20 10:05,HAN,inserted
781,SGN,2026-02-20,VN9104,2026-02-20 06:31,2026-02-20 06:45,HAN,inserted
782,SGN,2026-02-20,VN7216,2026-02-20 05:14,2026-02-20 05:14,HAN,inserted
783,SGN,2026-02-21,VN7020,2026-02-21 23:36,2026-02-21 23:35,HAN,inserted
784,SGN,2026-02-21,VN220,2026-02-21 23:27,2026-02-21 22:05,HAN,inserted
785,SGN,2026-02-21,VJ158,2026-02-21 23:25,2026-02-22 20:30,HAN,inserted
786,SGN,2026-02-21,VN216,2026-02-21 19:37,2026-02-21 18:05,HAN,inserted
787,SGN,2026-02-21,VN214,2026-02-21 18:40,2026-02-21 18:10,HAN,inserted
788,SGN,2026-02-21,9G838,2026-02-21 14:57,2026-02-21 14:30,HAN,inserted
789,SGN,2026-02-21,VN7014,2026-02-21 12:45,2026-02-21 12:10,HAN,inserted
790,SGN,2026-02-21,QH224,2026-02-21 12:30,2026-02-21 12:30,HAN,inserted
791,SGN,2026-02-21,VN7044,2026-02-21 12:14,2026-02-21 11:50,HAN,inserted
792,SGN,2026-02-21,9G822,2026-02-21 11:47,2026-02-21 11:35,HAN,inserted
793,SGN,2026-02-21,VN244,2026-02-21 11:12,2026-02-21 11:05,HAN,inserted
794,SGN,2026-02-21,VJ148,2026-02-21 09:34,2026-02-21 09:30,HAN,inserted
795,SGN,2026-02-21,VN240,2026-02-21 09:03,2026-02-21 09:05,HAN,inserted
796,SGN,2026-02-21,9G806,2026-02-21 08:26,2026-02-21 08:40,HAN,inserted
797,SGN,2026-02-21,QH202,2026-02-21 07:39,2026-02-21 07:55,HAN,inserted
798,SGN,2026-02-21,VN7218,2026-02-21 06:11,2026-02-21 06:36,HAN,inserted
799,DAD,2026-03-01,VJ514,2026-03-01 16:58,2026-03-01 16:45,HAN,inserted
800,SGN,2026-02-21,QH292,2026-02-21 05:29,2026-02-21 05:05,HAN,inserted
801,DAD,2026-03-01,VJ512,2026-03-01 18:08,2026-03-01 17:30,HAN,inserted
802,SGN,2026-02-21,VJ1166,2026-02-21 04:25,2026-02-21 03:10,HAN,inserted
803,DAD,2026-03-01,9G932,2026-03-01 17:52,2026-03-01 18:05,HAN,inserted
804,DAD,2026-03-01,VN174,2026-03-01 18:38,2026-03-01 18:25,HAN,inserted
805,SGN,2026-02-21,VJ1196,2026-02-21 03:43,2026-02-21 03:40,HAN,inserted
806,DAD,2026-03-01,VJ516,2026-03-01 19:52,2026-03-01 19:35,HAN,inserted
807,SGN,2026-02-21,9G8802,2026-02-21 03:25,2026-02-21 02:35,HAN,inserted
808,DAD,2026-03-01,VN6070,2026-03-01 21:39,2026-03-01 21:45,HAN,inserted
809,SGN,2026-02-22,VN256,2026-02-22 22:42,2026-02-22 22:35,HAN,inserted
810,DAD,2026-03-01,QH148,2026-03-01 23:06,2026-03-01 23:25,HAN,inserted
811,SGN,2026-02-22,VN218,2026-02-22 20:39,2026-02-22 20:05,HAN,inserted
812,DAD,2026-03-02,VN154,2026-03-02 06:53,2026-03-02 07:20,HAN,inserted
813,SGN,2026-02-22,VU780,2026-02-22 19:38,2026-02-22 19:20,HAN,inserted
814,DAD,2026-03-02,VJ504,2026-03-02 09:17,2026-03-02 09:00,HAN,inserted
815,SGN,2026-02-22,VN252,2026-02-22 19:09,2026-02-22 18:45,HAN,inserted
816,DAD,2026-03-02,QH104,2026-03-02 10:47,2026-03-02 11:05,HAN,inserted
817,SGN,2026-02-22,VN214,2026-02-22 16:22,2026-02-22 16:05,HAN,inserted
818,DAD,2026-03-02,9G916,2026-03-02 12:20,2026-03-02 12:20,HAN,inserted
819,SGN,2026-02-22,VJ144,2026-02-22 15:21,2026-02-22 14:10,HAN,inserted
820,DAD,2026-03-02,VN166,2026-03-02 13:33,2026-03-02 13:35,HAN,inserted
821,SGN,2026-02-22,VN7046,2026-02-22 14:10,2026-02-22 14:20,HAN,inserted
822,DAD,2026-03-02,VJ508,2026-03-02 13:55,2026-03-02 13:40,HAN,inserted
823,DAD,2026-03-02,9G922,2026-03-02 13:50,2026-03-02 14:00,HAN,inserted
824,SGN,2026-02-22,VN246,2026-02-22 13:31,2026-02-22 13:05,HAN,inserted
825,SGN,2026-02-22,VN7014,2026-02-22 13:02,2026-02-22 12:10,HAN,inserted
826,DAD,2026-03-02,VN7164,2026-03-02 15:49,2026-03-02 16:05,HAN,inserted
827,SGN,2026-02-22,VN244,2026-02-22 11:09,2026-02-22 11:05,HAN,inserted
828,SGN,2026-02-22,VJ1120,2026-02-22 09:27,2026-02-22 09:00,HAN,inserted
829,DAD,2026-03-02,VJ514,2026-03-02 17:02,2026-03-02 16:45,HAN,inserted
830,SGN,2026-02-22,QH204,2026-02-22 09:24,2026-02-22 09:20,HAN,inserted
831,DAD,2026-03-02,VJ512,2026-03-02 18:24,2026-03-02 17:30,HAN,inserted
832,SGN,2026-02-22,VJ126,2026-02-22 08:56,2026-02-22 08:25,HAN,inserted
833,SGN,2026-02-22,VN6002,2026-02-22 06:57,2026-02-22 07:05,HAN,inserted
834,DAD,2026-03-02,VJ516,2026-03-02 19:50,2026-03-02 19:35,HAN,inserted
835,SGN,2026-02-22,9G8902,2026-02-22 05:05,2026-02-22 05:10,HAN,inserted
836,DAD,2026-03-02,VU658,2026-03-02 20:25,2026-03-02 20:15,HAN,inserted
837,SGN,2026-02-22,VJ1196,2026-02-22 02:51,2026-02-22 02:25,HAN,inserted
838,SGN,2026-02-23,VJ164,2026-02-23 23:33,2026-02-23 23:20,HAN,inserted
839,DAD,2026-03-02,9G942,2026-03-02 22:13,2026-03-02 22:15,HAN,inserted
840,SGN,2026-02-23,VJ146,2026-02-23 19:07,2026-02-24 17:00,HAN,inserted
841,DAD,2026-03-02,VJ518,2026-03-02 22:56,2026-03-02 22:15,HAN,inserted
842,SGN,2026-02-23,9G854,2026-02-23 17:44,2026-02-23 17:45,HAN,inserted
843,DAD,2026-03-03,VN158,2026-03-03 09:06,2026-03-03 09:20,HAN,inserted
844,SGN,2026-02-23,VN250,2026-02-23 17:13,2026-02-23 17:05,HAN,inserted
845,SGN,2026-02-23,VN7292,2026-02-23 16:48,2026-02-23 17:05,HAN,inserted
846,DAD,2026-03-03,QH104,2026-03-03 10:42,2026-03-03 11:05,HAN,inserted
847,SGN,2026-02-23,QH242,2026-02-23 15:40,2026-02-23 15:50,HAN,inserted
848,DAD,2026-03-03,VN6080,2026-03-03 11:43,2026-03-03 11:45,HAN,inserted
849,DAD,2026-03-03,VN166,2026-03-03 13:32,2026-03-03 13:35,HAN,inserted
850,SGN,2026-02-23,VN248,2026-02-23 15:15,2026-02-23 15:05,HAN,inserted
851,SGN,2026-02-23,VU774,2026-02-23 09:25,2026-02-23 09:15,HAN,inserted
852,SGN,2026-02-23,VJ176,2026-02-23 08:50,2026-02-23 08:50,HAN,inserted
853,DAD,2026-03-03,VJ512,2026-03-03 17:37,2026-03-03 17:30,HAN,inserted
854,DAD,2026-03-03,9G942,2026-03-03 22:24,2026-03-03 22:15,HAN,inserted
855,DAD,2026-03-03,VJ522,2026-03-03 23:49,2026-03-04 00:01,HAN,inserted
856,DAD,2026-03-04,VJ528,2026-03-04 13:13,2026-03-04 12:40,HAN,inserted
857,SGN,2026-02-24,VJ196,2026-02-24 22:37,2026-02-24 21:20,HAN,inserted
858,DAD,2026-03-04,VN7164,2026-03-04 15:53,2026-03-04 16:15,HAN,inserted
859,SGN,2026-02-24,VN7230,2026-02-24 20:45,2026-02-25 17:05,HAN,inserted
860,SGN,2026-02-24,VN218,2026-02-24 20:26,2026-02-24 20:05,HAN,inserted
861,DAD,2026-03-04,VN6070,2026-03-04 21:52,2026-03-04 21:45,HAN,inserted
862,SGN,2026-02-24,VJ152,2026-02-24 19:22,2026-02-24 19:15,HAN,inserted
863,DAD,2026-03-04,VJ518,2026-03-04 22:17,2026-03-04 22:15,HAN,inserted
864,SGN,2026-02-24,VJ134,2026-02-24 18:42,2026-02-24 16:50,HAN,inserted
865,SGN,2026-02-24,9G838,2026-02-24 15:28,2026-02-24 14:30,HAN,inserted
866,DAD,2026-03-05,VN158,2026-03-05 09:08,2026-03-05 09:20,HAN,inserted
867,SGN,2026-02-24,VN7256,2026-02-24 14:16,2026-02-24 13:30,HAN,inserted
868,DAD,2026-03-05,9G916,2026-03-05 12:26,2026-03-05 12:20,HAN,inserted
869,SGN,2026-02-24,VN6002,2026-02-24 10:59,2026-02-25 07:05,HAN,inserted
870,DAD,2026-03-05,VN172,2026-03-05 16:28,2026-03-05 16:20,HAN,inserted
871,DAD,2026-03-05,VJ512,2026-03-05 17:50,2026-03-05 17:30,HAN,inserted
872,SGN,2026-02-24,VN208,2026-02-24 10:18,2026-02-24 10:05,HAN,inserted
873,SGN,2026-02-24,QH204,2026-02-24 09:14,2026-02-24 09:20,HAN,inserted
874,DAD,2026-03-05,VJ516,2026-03-05 20:07,2026-03-05 19:35,HAN,inserted
875,SGN,2026-02-24,VJ1120,2026-02-24 08:58,2026-02-24 09:00,HAN,inserted
876,SGN,2026-02-24,VN7214,2026-02-24 08:30,2026-02-24 08:54,HAN,inserted
877,DAD,2026-03-05,VN6070,2026-03-05 21:59,2026-03-05 21:45,HAN,inserted
878,DAD,2026-03-06,VN166,2026-03-06 13:30,2026-03-06 13:35,HAN,inserted
879,SGN,2026-02-24,9G802,2026-02-24 07:33,2026-02-24 07:55,HAN,inserted
880,DAD,2026-03-06,VJ508,2026-03-06 14:26,2026-03-06 13:40,HAN,inserted
881,SGN,2026-02-25,VJ174,2026-02-25 03:09,2026-02-25 03:43,HAN,inserted
882,SGN,2026-02-24,VU702,2026-02-24 02:44,2026-02-24 02:20,HAN,inserted
883,DAD,2026-03-06,VN7186,2026-03-06 16:13,2026-03-06 16:25,HAN,inserted
884,DAD,2026-03-06,VJ512,2026-03-06 17:43,2026-03-06 17:30,HAN,inserted
885,SGN,2026-02-25,VN256,2026-02-25 23:51,2026-02-25 22:35,HAN,inserted
886,DAD,2026-03-06,VN174,2026-03-06 18:30,2026-03-06 18:25,HAN,inserted
887,SGN,2026-02-25,VN262,2026-02-25 21:55,2026-02-25 21:40,HAN,inserted
888,DAD,2026-03-06,9G932,2026-03-06 18:13,2026-03-06 18:25,HAN,inserted
889,SGN,2026-02-25,VJ196,2026-02-25 21:55,2026-02-25 21:20,HAN,inserted
890,DAD,2026-03-06,VJ516,2026-03-06 19:29,2026-03-06 19:35,HAN,inserted
891,SGN,2026-02-25,VN218,2026-02-25 20:27,2026-02-25 20:05,HAN,inserted
892,DAD,2026-03-06,QH148,2026-03-06 23:28,2026-03-06 23:50,HAN,inserted
893,SGN,2026-02-25,9G854,2026-02-25 17:50,2026-02-25 17:45,HAN,inserted
894,DAD,2026-03-07,QH104,2026-03-07 10:43,2026-03-07 11:05,HAN,inserted
895,SGN,2026-02-25,VN7292,2026-02-25 16:54,2026-02-25 17:05,HAN,inserted
896,SGN,2026-02-25,VU770,2026-02-25 16:13,2026-02-25 16:00,HAN,inserted
897,DAD,2026-03-07,VN6080,2026-03-07 11:30,2026-03-07 11:45,HAN,inserted
898,DAD,2026-03-07,9G916,2026-03-07 12:21,2026-03-07 12:20,HAN,inserted
899,SGN,2026-02-25,VJ188,2026-02-25 16:07,2026-02-26 13:25,HAN,inserted
900,DAD,2026-03-07,VN166,2026-03-07 13:49,2026-03-07 13:35,HAN,inserted
901,SGN,2026-02-25,VJ144,2026-02-25 14:41,2026-02-25 14:10,HAN,inserted
902,DAD,2026-03-07,VJ508,2026-03-07 14:06,2026-03-07 13:40,HAN,inserted
903,SGN,2026-02-25,VJ128,2026-02-25 13:12,2026-02-25 12:10,HAN,inserted
904,SGN,2026-02-25,QH224,2026-02-25 13:06,2026-02-25 12:30,HAN,inserted
905,SGN,2026-02-25,VN7014,2026-02-25 12:54,2026-02-25 12:10,HAN,inserted
906,DAD,2026-03-07,VN7164,2026-03-07 15:57,2026-03-07 16:15,HAN,inserted
907,SGN,2026-02-25,VN7044,2026-02-25 12:48,2026-02-25 11:55,HAN,inserted
908,DAD,2026-03-07,VJ514,2026-03-07 16:54,2026-03-07 16:45,HAN,inserted
909,SGN,2026-02-25,QH208,2026-02-25 11:43,2026-02-25 10:50,HAN,inserted
910,DAD,2026-03-07,VJ512,2026-03-07 18:25,2026-03-07 17:30,HAN,inserted
911,DAD,2026-03-07,9G932,2026-03-07 18:16,2026-03-07 18:20,HAN,inserted
912,SGN,2026-02-25,VN208,2026-02-25 10:20,2026-02-25 10:05,HAN,inserted
913,SGN,2026-02-25,9G816,2026-02-25 10:07,2026-02-25 10:10,HAN,inserted
914,DAD,2026-03-07,VJ516,2026-03-07 19:39,2026-03-07 19:35,HAN,inserted
915,SGN,2026-02-25,VU774,2026-02-25 09:19,2026-02-25 09:15,HAN,inserted
916,DAD,2026-03-07,QH146,2026-03-07 19:52,2026-03-07 19:40,HAN,inserted
917,DAD,2026-03-07,9G942,2026-03-07 22:10,2026-03-07 22:30,HAN,inserted
918,DAD,2026-03-08,VJ524,2026-03-08 07:21,2026-03-08 07:40,HAN,inserted
919,DAD,2026-03-08,9G916,2026-03-08 12:15,2026-03-08 12:20,HAN,inserted
920,SGN,2026-02-26,VN218,2026-02-26 20:41,2026-02-26 20:05,HAN,inserted
921,DAD,2026-03-08,VJ508,2026-03-08 14:36,2026-03-08 13:40,HAN,inserted
922,SGN,2026-02-26,VJ194,2026-02-26 19:04,2026-02-26 17:30,HAN,inserted
923,DAD,2026-03-08,9G922,2026-03-08 13:56,2026-03-08 14:00,HAN,inserted
924,SGN,2026-02-26,VN250,2026-02-26 16:52,2026-02-26 17:05,HAN,inserted
925,SGN,2026-02-26,VU770,2026-02-26 16:06,2026-02-26 16:00,HAN,inserted
926,DAD,2026-03-08,VN7164,2026-03-08 16:08,2026-03-08 16:15,HAN,inserted
927,SGN,2026-02-26,9G822,2026-02-26 11:19,2026-02-26 11:35,HAN,inserted
928,DAD,2026-03-08,VN7186,2026-03-08 16:24,2026-03-08 16:25,HAN,inserted
929,SGN,2026-02-26,VN208,2026-02-26 10:21,2026-02-26 10:05,HAN,inserted
930,DAD,2026-03-08,VJ512,2026-03-08 17:09,2026-03-08 17:30,HAN,inserted
931,DAD,2026-03-08,VJ516,2026-03-08 20:45,2026-03-09 19:35,HAN,inserted
932,SGN,2026-02-26,VN7038,2026-02-26 04:02,2026-02-26 03:25,HAN,inserted
933,SGN,2026-02-25,VN224,2026-02-25 02:59,2026-02-26 00:05,,skipped_no_departure_match
934,DAD,2026-03-09,QH104,2026-03-09 10:44,2026-03-09 11:05,HAN,inserted
935,DAD,2026-03-09,VJ508,2026-03-09 14:06,2026-03-09 13:40,HAN,inserted
936,SGN,2026-02-27,9G882,2026-02-27 23:57,2026-02-27 23:35,HAN,inserted
937,SGN,2026-02-27,VJ180,2026-02-27 23:32,2026-02-27 22:25,HAN,inserted
938,DAD,2026-03-10,QH104,2026-03-10 10:58,2026-03-10 11:05,HAN,inserted
939,DAD,2026-03-10,VN6080,2026-03-10 11:34,2026-03-10 11:45,HAN,inserted
940,SGN,2026-02-27,VN260,2026-02-27 23:24,2026-02-27 23:05,HAN,inserted
941,DAD,2026-03-10,VJ508,2026-03-10 15:33,2026-03-11 13:40,HAN,inserted
942,SGN,2026-02-27,VJ190,2026-02-27 23:11,2026-02-27 22:00,HAN,inserted
943,DAD,2026-03-10,9G922,2026-03-10 14:07,2026-03-10 14:00,HAN,inserted
944,SGN,2026-02-27,VN256,2026-02-27 22:54,2026-02-27 22:35,HAN,inserted
945,SGN,2026-02-27,VN220,2026-02-27 22:28,2026-02-27 22:05,HAN,inserted
946,SGN,2026-02-27,VJ166,2026-02-27 22:25,2026-02-27 21:00,HAN,inserted
947,SGN,2026-02-27,VN262,2026-02-27 22:00,2026-02-27 21:40,HAN,inserted
948,DAD,2026-03-10,VJ514,2026-03-10 17:21,2026-03-10 16:45,HAN,inserted
949,SGN,2026-02-27,VJ196,2026-02-27 21:55,2026-02-27 21:20,HAN,inserted
950,DAD,2026-03-10,VJ512,2026-03-10 17:38,2026-03-10 17:30,HAN,inserted
951,SGN,2026-02-27,VN258,2026-02-27 21:27,2026-02-27 21:05,HAN,inserted
952,SGN,2026-02-27,VJ160,2026-02-27 21:10,2026-02-27 21:15,HAN,inserted
953,DAD,2026-03-10,VJ516,2026-03-10 19:49,2026-03-10 19:35,HAN,inserted
954,SGN,2026-02-27,QH262,2026-02-27 21:07,2026-02-27 20:20,HAN,inserted
955,SGN,2026-02-27,9G868,2026-02-27 20:39,2026-02-27 20:35,HAN,inserted
956,DAD,2026-03-11,VN6080,2026-03-11 11:36,2026-03-11 11:45,HAN,inserted
957,SGN,2026-02-27,VN7290,2026-02-27 20:29,2026-02-27 19:25,HAN,inserted
958,DAD,2026-03-11,9G916,2026-03-11 12:39,2026-03-11 12:20,HAN,inserted
959,SGN,2026-02-27,VN218,2026-02-27 20:12,2026-02-27 20:05,HAN,inserted
960,DAD,2026-03-11,VJ528,2026-03-11 14:50,2026-03-12 12:40,HAN,inserted
961,SGN,2026-02-27,VJ154,2026-02-27 19:55,2026-02-27 20:10,HAN,inserted
962,DAD,2026-03-11,VN166,2026-03-11 13:54,2026-03-11 13:35,HAN,inserted
963,SGN,2026-02-27,VN254,2026-02-27 19:50,2026-02-27 19:05,HAN,inserted
964,DAD,2026-03-11,VJ508,2026-03-11 14:09,2026-03-11 13:40,HAN,inserted
965,SGN,2026-02-27,VJ152,2026-02-27 19:46,2026-02-27 19:15,HAN,inserted
966,DAD,2026-03-11,9G922,2026-03-11 13:45,2026-03-11 14:00,HAN,inserted
967,SGN,2026-02-27,VN216,2026-02-27 18:04,2026-02-27 18:05,HAN,inserted
968,DAD,2026-03-11,VJ514,2026-03-11 16:47,2026-03-11 16:45,HAN,inserted
969,DAD,2026-03-11,VJ512,2026-03-11 18:18,2026-03-11 17:30,HAN,inserted
970,SGN,2026-02-27,9G854,2026-02-27 17:36,2026-02-27 17:45,HAN,inserted
971,DAD,2026-03-11,9G932,2026-03-11 18:11,2026-03-11 18:05,HAN,inserted
972,SGN,2026-02-27,9G848,2026-02-27 17:07,2026-02-27 17:00,HAN,inserted
973,SGN,2026-02-27,VJ198,2026-02-27 16:00,2026-02-27 15:10,HAN,inserted
974,DAD,2026-03-11,VN6070,2026-03-11 21:33,2026-03-11 21:45,HAN,inserted
975,SGN,2026-02-27,VU774,2026-02-27 13:07,2026-02-28 09:15,HAN,inserted
976,DAD,2026-03-12,VJ524,2026-03-12 07:25,2026-03-12 07:40,HAN,inserted
977,SGN,2026-02-27,VJ132,2026-02-27 11:13,2026-02-27 11:10,HAN,inserted
978,DAD,2026-03-12,VN158,2026-03-12 09:07,2026-03-12 09:20,HAN,inserted
979,SGN,2026-02-27,VJ136,2026-02-27 10:42,2026-02-27 10:40,HAN,inserted
980,DAD,2026-03-12,VU638,2026-03-12 09:48,2026-03-12 09:55,HAN,inserted
981,DAD,2026-03-12,VN6080,2026-03-12 11:30,2026-03-12 11:45,HAN,inserted
982,SGN,2026-02-27,VJ176,2026-02-27 09:53,2026-02-27 09:00,HAN,inserted
983,SGN,2026-02-27,VN238,2026-02-27 08:27,2026-02-27 08:35,HAN,inserted
984,DAD,2026-03-12,VJ508,2026-03-12 13:52,2026-03-12 13:40,HAN,inserted
985,SGN,2026-02-27,VJ126,2026-02-27 08:07,2026-02-27 08:25,HAN,inserted
986,SGN,2026-02-28,9G882,2026-02-28 23:50,2026-02-28 23:35,HAN,inserted
987,SGN,2026-02-28,VJ156,2026-02-28 23:26,2026-02-28 23:10,HAN,inserted
988,DAD,2026-03-12,VJ512,2026-03-12 18:00,2026-03-12 17:30,HAN,inserted
989,SGN,2026-02-28,VJ160,2026-02-28 23:13,2026-03-01 21:15,HAN,inserted
990,DAD,2026-03-12,9G932,2026-03-12 18:17,2026-03-12 18:20,HAN,inserted
991,SGN,2026-02-28,VN260,2026-02-28 22:56,2026-02-28 23:05,HAN,inserted
992,SGN,2026-02-28,VJ166,2026-02-28 22:53,2026-03-01 21:00,HAN,inserted
993,SGN,2026-02-28,VJ190,2026-02-28 22:15,2026-02-28 22:00,HAN,inserted
994,SGN,2026-02-28,VN220,2026-02-28 21:59,2026-02-28 22:05,HAN,inserted
995,DAD,2026-03-13,VJ510,2026-03-13 08:31,2026-03-13 08:35,HAN,inserted
996,SGN,2026-02-28,9G868,2026-02-28 21:54,2026-02-28 20:35,HAN,inserted
997,DAD,2026-03-13,VJ504,2026-03-13 09:08,2026-03-13 09:00,HAN,inserted
998,SGN,2026-02-28,VN262,2026-02-28 21:34,2026-02-28 21:40,HAN,inserted
999,SGN,2026-02-28,VN258,2026-02-28 21:14,2026-02-28 21:05,HAN,inserted
1000,SGN,2026-02-28,QH262,2026-02-28 20:48,2026-02-28 20:10,HAN,inserted
1001,SGN,2026-02-28,VU780,2026-02-28 20:42,2026-02-28 19:20,HAN,inserted
1002,DAD,2026-03-13,VN166,2026-03-13 13:59,2026-03-13 13:35,HAN,inserted
1003,SGN,2026-02-28,VN218,2026-02-28 20:03,2026-02-28 20:05,HAN,inserted
1004,DAD,2026-03-13,VJ508,2026-03-13 14:23,2026-03-13 13:40,HAN,inserted
1005,SGN,2026-02-28,VJ152,2026-02-28 19:53,2026-02-28 19:15,HAN,inserted
1006,SGN,2026-02-28,VN7290,2026-02-28 19:32,2026-02-28 19:30,HAN,inserted
1007,SGN,2026-02-28,VJ194,2026-02-28 19:08,2026-02-28 17:30,HAN,inserted
1008,DAD,2026-03-13,VN7164,2026-03-13 15:52,2026-03-13 16:15,HAN,inserted
1009,SGN,2026-02-28,VN254,2026-02-28 19:04,2026-02-28 19:05,HAN,inserted
1010,DAD,2026-03-13,VN7186,2026-03-13 16:07,2026-03-13 16:25,HAN,inserted
1011,SGN,2026-02-28,VN252,2026-02-28 18:48,2026-02-28 18:45,HAN,inserted
1012,SGN,2026-02-28,VN216,2026-02-28 18:34,2026-02-28 18:05,HAN,inserted
1013,DAD,2026-03-13,VJ514,2026-03-13 17:14,2026-03-13 16:45,HAN,inserted
1014,SGN,2026-02-28,VJ134,2026-02-28 18:43,2026-02-28 16:50,HAN,inserted
1015,DAD,2026-03-13,VJ512,2026-03-13 17:46,2026-03-13 17:30,HAN,inserted
1016,SGN,2026-02-28,VN232,2026-02-28 17:42,2026-02-28 17:35,HAN,inserted
1017,DAD,2026-03-13,VJ516,2026-03-13 20:03,2026-03-13 19:35,HAN,inserted
1018,SGN,2026-02-28,VU770,2026-02-28 17:39,2026-02-28 16:00,HAN,inserted
1019,SGN,2026-02-28,QH202,2026-02-28 17:29,2026-03-01 07:55,HAN,inserted
1020,SGN,2026-02-28,VN250,2026-02-28 17:13,2026-02-28 17:05,HAN,inserted
1021,DAD,2026-03-13,VN6070,2026-03-13 22:24,2026-03-13 21:45,HAN,inserted
1022,SGN,2026-02-28,VN7040,2026-02-28 17:11,2026-02-28 16:15,HAN,inserted
1023,SGN,2026-02-28,VN214,2026-02-28 16:02,2026-02-28 16:05,HAN,inserted
1024,DAD,2026-03-13,QH148,2026-03-13 23:02,2026-03-13 23:25,HAN,inserted
1025,SGN,2026-02-28,VN212,2026-02-28 15:14,2026-02-28 14:05,HAN,inserted
1026,SGN,2026-02-28,9G838,2026-02-28 15:19,2026-02-28 14:30,HAN,inserted
1027,SGN,2026-02-28,VN7256,2026-02-28 13:53,2026-02-28 13:30,HAN,inserted
1028,DAD,2026-03-14,VJ524,2026-03-14 07:27,2026-03-14 07:40,HAN,inserted
1029,SGN,2026-02-28,VN246,2026-02-28 13:13,2026-02-28 13:05,HAN,inserted
1030,DAD,2026-03-14,VJ504,2026-03-14 09:25,2026-03-14 09:00,HAN,inserted
1031,SGN,2026-02-28,QH224,2026-02-28 12:51,2026-02-28 12:30,HAN,inserted
1032,DAD,2026-03-14,QH104,2026-03-14 10:44,2026-03-14 11:05,HAN,inserted
1033,SGN,2026-02-28,QH294,2026-02-28 12:32,2026-02-28 13:00,HAN,inserted
1034,SGN,2026-02-28,VJ132,2026-02-28 12:28,2026-02-28 11:10,HAN,inserted
1035,DAD,2026-03-14,VN6080,2026-03-14 11:37,2026-03-14 11:45,HAN,inserted
1036,SGN,2026-02-28,VN210,2026-02-28 12:02,2026-02-28 12:05,HAN,inserted
1037,DAD,2026-03-14,VJ508,2026-03-14 14:01,2026-03-14 13:40,HAN,inserted
1038,SGN,2026-02-28,9G822,2026-02-28 11:37,2026-02-28 11:35,HAN,inserted
1039,DAD,2026-03-14,9G922,2026-03-14 13:45,2026-03-14 14:00,HAN,inserted
1040,SGN,2026-02-28,VN244,2026-02-28 11:02,2026-02-28 11:05,HAN,inserted
1041,SGN,2026-02-28,QH292,2026-02-28 10:47,2026-02-28 11:17,HAN,inserted
1042,DAD,2026-03-14,VN7164,2026-03-14 15:57,2026-03-14 16:15,HAN,inserted
1043,SGN,2026-02-28,VJ136,2026-02-28 10:34,2026-02-28 10:40,HAN,inserted
1044,SGN,2026-02-28,VN208,2026-02-28 10:13,2026-02-28 10:05,HAN,inserted
1045,DAD,2026-03-14,VJ514,2026-03-14 16:48,2026-03-14 16:45,HAN,inserted
1046,SGN,2026-02-28,9G808,2026-02-28 09:47,2026-02-28 09:40,HAN,inserted
1047,DAD,2026-03-14,VJ512,2026-03-14 17:33,2026-03-14 17:30,HAN,inserted
1048,SGN,2026-02-28,QH204,2026-02-28 09:10,2026-02-28 09:20,HAN,inserted
1049,DAD,2026-03-14,9G932,2026-03-14 18:06,2026-03-14 18:20,HAN,inserted
1050,SGN,2026-02-28,VN240,2026-02-28 09:01,2026-02-28 09:05,HAN,inserted
1051,DAD,2026-03-14,VU658,2026-03-14 20:10,2026-03-14 19:45,HAN,inserted
1052,SGN,2026-02-28,9G806,2026-02-28 08:20,2026-02-28 08:40,HAN,inserted
1053,SGN,2026-02-28,VJ126,2026-02-28 08:11,2026-02-28 08:25,HAN,inserted
1054,DAD,2026-03-14,VJ518,2026-03-14 22:51,2026-03-14 22:15,HAN,inserted
1055,SGN,2026-02-28,VU750,2026-02-28 07:55,2026-02-28 07:55,HAN,inserted
1056,DAD,2026-03-14,9G942,2026-03-14 22:41,2026-03-14 22:30,HAN,inserted
1057,SGN,2026-02-28,VU782,2026-02-28 06:18,2026-02-28 06:48,HAN,inserted
1058,SGN,2026-02-28,VN7210,2026-02-28 06:16,2026-02-28 06:20,HAN,inserted
1059,DAD,2026-03-15,VJ510,2026-03-15 08:58,2026-03-15 08:35,HAN,inserted
1060,SGN,2026-02-28,QH268,2026-02-28 05:12,2026-02-28 05:42,HAN,inserted
1061,DAD,2026-03-15,VJ504,2026-03-15 09:41,2026-03-15 09:00,HAN,inserted
1062,DAD,2026-03-15,VN158,2026-03-15 09:03,2026-03-15 09:20,HAN,inserted
1063,SGN,2026-02-27,VN252,2026-02-27 04:47,2026-02-27 18:45,,skipped_no_departure_match
1064,DAD,2026-03-15,VN166,2026-03-15 13:47,2026-03-15 13:35,HAN,inserted
1065,SGN,2026-03-02,VJ158,2026-03-02 00:07,2026-03-01 23:30,HAN,inserted
1066,DAD,2026-03-15,9G922,2026-03-15 13:59,2026-03-15 14:00,HAN,inserted
1067,SGN,2026-03-01,VN260,2026-03-01 23:21,2026-03-01 23:05,HAN,inserted
1068,SGN,2026-03-01,VJ156,2026-03-01 23:03,2026-03-01 23:10,HAN,inserted
1069,SGN,2026-03-01,VJ180,2026-03-01 22:50,2026-03-01 22:25,HAN,inserted
1070,DAD,2026-03-15,VN7164,2026-03-15 15:46,2026-03-15 16:15,HAN,inserted
1071,SGN,2026-03-01,VN256,2026-03-01 22:48,2026-03-01 22:35,HAN,inserted
1072,DAD,2026-03-15,VN7186,2026-03-15 16:07,2026-03-15 16:25,HAN,inserted
1073,SGN,2026-03-01,VJ190,2026-03-01 22:42,2026-03-01 22:00,HAN,inserted
1074,DAD,2026-03-15,VJ514,2026-03-15 16:57,2026-03-15 16:45,HAN,inserted
1075,SGN,2026-03-01,VN220,2026-03-01 22:28,2026-03-01 22:05,HAN,inserted
1076,DAD,2026-03-15,VJ512,2026-03-15 17:20,2026-03-15 17:30,HAN,inserted
1077,SGN,2026-03-01,QH268,2026-03-01 22:25,2026-03-01 22:25,HAN,inserted
1078,SGN,2026-03-01,VJ196,2026-03-01 21:38,2026-03-01 21:20,HAN,inserted
1079,DAD,2026-03-15,VN174,2026-03-15 18:19,2026-03-15 18:25,HAN,inserted
1080,SGN,2026-03-01,VJ160,2026-03-01 21:33,2026-03-01 21:15,HAN,inserted
1081,DAD,2026-03-15,VJ516,2026-03-15 19:29,2026-03-15 19:35,HAN,inserted
1082,SGN,2026-03-01,VN258,2026-03-01 21:04,2026-03-01 21:05,HAN,inserted
1083,DAD,2026-03-15,VN7190,2026-03-15 20:49,2026-03-15 20:35,HAN,inserted
1084,DAD,2026-03-16,VJ520,2026-03-16 00:21,2026-03-16 22:55,HAN,inserted
1085,SGN,2026-03-01,VN218,2026-03-01 20:37,2026-03-01 20:05,HAN,inserted
1086,DAD,2026-03-15,QH148,2026-03-15 23:08,2026-03-15 23:25,HAN,inserted
1087,SGN,2026-03-01,VN254,2026-03-01 20:09,2026-03-01 19:05,HAN,inserted
1088,SGN,2026-03-01,QH262,2026-03-01 19:56,2026-03-01 19:45,HAN,inserted
1089,DAD,2026-03-16,VN154,2026-03-16 07:02,2026-03-16 07:20,HAN,inserted
1090,SGN,2026-03-01,VU780,2026-03-01 19:26,2026-03-01 19:20,HAN,inserted
1091,DAD,2026-03-16,VJ524,2026-03-16 07:24,2026-03-16 07:40,HAN,inserted
1092,SGN,2026-03-01,VN216,2026-03-01 19:11,2026-03-01 18:05,HAN,inserted
1093,SGN,2026-03-01,VJ152,2026-03-01 19:07,2026-03-01 19:15,HAN,inserted
1094,SGN,2026-03-01,VN252,2026-03-01 18:42,2026-03-01 18:45,HAN,inserted
1095,DAD,2026-03-16,QH104,2026-03-16 10:46,2026-03-16 11:05,HAN,inserted
1096,SGN,2026-03-01,9G854,2026-03-01 17:35,2026-03-01 17:45,HAN,inserted
1097,DAD,2026-03-16,9G916,2026-03-16 12:34,2026-03-16 12:20,HAN,inserted
1098,SGN,2026-03-01,VN232,2026-03-01 17:32,2026-03-01 17:35,HAN,inserted
1099,DAD,2026-03-16,VJ528,2026-03-16 13:05,2026-03-16 12:40,HAN,inserted
1100,SGN,2026-03-01,VN250,2026-03-01 17:05,2026-03-01 17:05,HAN,inserted
1101,DAD,2026-03-16,VN166,2026-03-16 13:37,2026-03-16 13:35,HAN,inserted
1102,DAD,2026-03-16,9G922,2026-03-16 14:01,2026-03-16 14:00,HAN,inserted
1103,SGN,2026-03-01,VN214,2026-03-01 16:06,2026-03-01 16:05,HAN,inserted
1104,SGN,2026-03-01,VN7248,2026-03-01 16:02,2026-03-01 16:10,HAN,inserted
1105,SGN,2026-03-01,QH242,2026-03-01 15:31,2026-03-01 15:25,HAN,inserted
1106,SGN,2026-03-01,VN248,2026-03-01 15:27,2026-03-01 15:05,HAN,inserted
1107,SGN,2026-03-01,VJ198,2026-03-01 15:22,2026-03-01 15:10,HAN,inserted
1108,DAD,2026-03-16,VJ514,2026-03-16 17:08,2026-03-16 16:45,HAN,inserted
1109,DAD,2026-03-16,VJ512,2026-03-16 17:25,2026-03-16 17:30,HAN,inserted
1110,SGN,2026-03-01,VJ188,2026-03-01 14:55,2026-03-01 13:25,HAN,inserted
1111,DAD,2026-03-16,9G932,2026-03-16 18:18,2026-03-16 18:20,HAN,inserted
1112,SGN,2026-03-01,9G838,2026-03-01 14:50,2026-03-01 14:30,HAN,inserted
1113,SGN,2026-03-01,VN7046,2026-03-01 14:41,2026-03-01 14:20,HAN,inserted
1114,SGN,2026-03-01,VN212,2026-03-01 14:07,2026-03-01 14:05,HAN,inserted
1115,DAD,2026-03-16,VJ516,2026-03-16 19:59,2026-03-16 19:35,HAN,inserted
1116,SGN,2026-03-01,VN246,2026-03-01 13:16,2026-03-01 13:05,HAN,inserted
1117,DAD,2026-03-16,QH146,2026-03-16 19:36,2026-03-16 19:40,HAN,inserted
1118,SGN,2026-03-01,QH224,2026-03-01 12:15,2026-03-01 12:30,HAN,inserted
1119,DAD,2026-03-16,VU658,2026-03-16 19:45,2026-03-16 19:45,HAN,inserted
1120,SGN,2026-03-01,VN210,2026-03-01 11:53,2026-03-01 12:05,HAN,inserted
1121,SGN,2026-03-01,VN7044,2026-03-01 11:46,2026-03-01 11:55,HAN,inserted
1122,DAD,2026-03-16,VJ518,2026-03-16 22:41,2026-03-16 22:15,HAN,inserted
1123,SGN,2026-03-01,VN244,2026-03-01 11:03,2026-03-01 11:05,HAN,inserted
1124,DAD,2026-03-16,VJ520,2026-03-16 22:59,2026-03-16 22:55,HAN,inserted
1125,HAN,2025-12-24,VJ195,2025-12-24 18:04,2025-12-24 18:10,SGN,inserted
1126,SGN,2026-03-01,VJ136,2026-03-01 10:43,2026-03-01 10:40,HAN,inserted
1127,SGN,2026-03-01,VJ184,2026-03-01 10:29,2026-03-01 10:25,HAN,inserted
1128,HAN,2025-12-24,VJ153,2025-12-24 17:48,2025-12-24 17:20,SGN,inserted
1129,SGN,2026-03-01,VN208,2026-03-01 10:10,2026-03-01 10:05,HAN,inserted
1130,HAN,2025-12-24,VJ175,2025-12-24 17:38,2025-12-24 17:30,SGN,inserted
1131,SGN,2026-03-01,VU774,2026-03-01 09:17,2026-03-01 09:15,HAN,inserted
1132,HAN,2025-12-24,VN215,2025-12-24 17:25,2025-12-24 17:10,SGN,inserted
1133,SGN,2026-03-01,QH204,2026-03-01 09:10,2026-03-01 09:20,HAN,inserted
1134,SGN,2026-03-01,VN240,2026-03-01 09:03,2026-03-01 09:05,HAN,inserted
1135,HAN,2025-12-24,VN249,2025-12-24 17:22,2025-12-24 17:40,SGN,inserted
1136,SGN,2026-03-01,VJ124,2026-03-01 08:42,2026-03-01 07:50,HAN,inserted
1137,SGN,2026-03-01,9G806,2026-03-01 08:30,2026-03-01 08:40,HAN,inserted
1138,SGN,2026-03-01,VJ126,2026-03-01 08:12,2026-03-01 08:25,HAN,inserted
1139,SGN,2026-03-01,VN206,2026-03-01 07:54,2026-03-01 08:05,HAN,inserted
1140,SGN,2026-03-01,9G802,2026-03-01 07:31,2026-03-01 07:55,HAN,inserted
1141,SGN,2026-03-01,VJ122,2026-03-01 07:03,2026-03-01 07:30,HAN,inserted
1142,HAN,2026-01-07,VN267,2026-01-07 23:53,2026-01-08 00:10,SGN,inserted
1143,SGN,2026-03-01,VN6002,2026-03-01 06:50,2026-03-01 07:05,HAN,inserted
1144,SGN,2026-03-01,VN7214,2026-03-01 06:33,2026-03-01 06:58,HAN,inserted
1145,HAN,2026-01-07,VN265,2026-01-07 23:47,2026-01-07 22:40,SGN,inserted
1146,SGN,2026-02-28,QH282,2026-02-28 06:30,2026-03-01 02:00,,skipped_no_departure_match
1147,HAN,2026-01-07,QH281,2026-01-07 23:26,2026-01-07 23:50,SGN,inserted
1148,SGN,2026-02-28,VN7294,2026-02-28 01:54,2026-02-28 23:50,,skipped_no_departure_match
1149,HAN,2026-01-07,VJ155,2026-01-07 23:14,2026-01-07 22:15,SGN,inserted
1150,SGN,2026-03-03,9G892,2026-03-03 00:49,2026-03-03 01:05,HAN,inserted
1151,HAN,2026-01-07,VU787,2026-01-07 22:50,2026-01-07 22:25,SGN,inserted
1152,HAN,2026-01-07,QH273,2026-01-07 22:33,2026-01-07 22:45,SGN,inserted
1153,SGN,2026-03-02,9G882,2026-03-02 23:35,2026-03-02 23:40,HAN,inserted
1154,HAN,2026-01-07,VN263,2026-01-07 22:04,2026-01-07 22:10,SGN,inserted
1155,SGN,2026-03-02,VJ164,2026-03-02 23:12,2026-03-02 23:20,HAN,inserted
1156,SGN,2026-03-02,VN260,2026-03-02 23:00,2026-03-02 23:05,HAN,inserted
1157,SGN,2026-03-02,VN220,2026-03-02 22:27,2026-03-02 22:05,HAN,inserted
1158,SGN,2026-03-02,VJ180,2026-03-02 22:16,2026-03-02 22:25,HAN,inserted
1159,HAN,2026-01-07,VN219,2026-01-07 21:09,2026-01-07 21:10,SGN,inserted
1160,SGN,2026-03-02,QH268,2026-03-02 22:04,2026-03-02 22:20,HAN,inserted
1161,HAN,2026-01-07,QH271,2026-01-07 21:02,2026-01-07 20:25,SGN,inserted
1162,SGN,2026-03-02,VJ166,2026-03-02 21:54,2026-03-02 21:00,HAN,inserted
1163,HAN,2026-01-07,VJ165,2026-01-07 20:36,2026-01-07 20:40,SGN,inserted
1164,SGN,2026-03-02,VN262,2026-03-02 21:45,2026-03-02 21:40,HAN,inserted
1165,HAN,2026-01-07,VJ195,2026-01-07 20:09,2026-01-08 18:10,SGN,inserted
1166,SGN,2026-03-02,VJ160,2026-03-02 21:36,2026-03-02 21:15,HAN,inserted
1167,HAN,2026-01-07,VJ169,2026-01-07 20:04,2026-01-07 20:10,SGN,inserted
1168,SGN,2026-03-02,VJ196,2026-03-02 21:27,2026-03-02 21:20,HAN,inserted
1169,HAN,2026-01-07,VN259,2026-01-07 20:01,2026-01-07 20:10,SGN,inserted
1170,SGN,2026-03-02,VN258,2026-03-02 21:09,2026-03-02 21:05,HAN,inserted
1171,HAN,2026-01-07,VN257,2026-01-07 19:27,2026-01-07 19:40,SGN,inserted
1172,SGN,2026-03-02,9G868,2026-03-02 20:58,2026-03-02 20:35,HAN,inserted
1173,SGN,2026-03-02,VJ158,2026-03-02 20:54,2026-03-02 20:30,HAN,inserted
1174,HAN,2026-01-07,VN217,2026-01-07 18:59,2026-01-07 19:10,SGN,inserted
1175,SGN,2026-03-02,VJ154,2026-03-02 20:51,2026-03-02 20:10,HAN,inserted
1176,HAN,2026-01-07,QH255,2026-01-07 18:51,2026-01-07 18:45,SGN,inserted
1177,SGN,2026-03-02,VN218,2026-03-02 20:10,2026-03-02 20:05,HAN,inserted
1178,HAN,2026-01-07,VU779,2026-01-07 18:28,2026-01-07 18:25,SGN,inserted
1179,SGN,2026-03-02,QH262,2026-03-02 19:31,2026-03-02 19:45,HAN,inserted
1180,HAN,2026-01-07,VJ199,2026-01-07 18:18,2026-01-07 17:55,SGN,inserted
1181,SGN,2026-03-02,VU780,2026-03-02 19:28,2026-03-02 19:20,HAN,inserted
1182,HAN,2026-01-07,VN273,2026-01-07 17:57,2026-01-07 18:10,SGN,inserted
1183,SGN,2026-03-02,VN254,2026-03-02 18:54,2026-03-02 19:05,HAN,inserted
1184,HAN,2026-01-07,VJ145,2026-01-07 17:46,2026-01-07 17:50,SGN,inserted
1185,SGN,2026-03-02,VN216,2026-03-02 18:09,2026-03-02 18:05,HAN,inserted
1186,HAN,2026-01-07,VJ153,2026-01-07 17:48,2026-01-07 17:20,SGN,inserted
1187,SGN,2026-03-02,VN232,2026-03-02 17:30,2026-03-02 17:35,HAN,inserted
1188,SGN,2026-03-02,VJ146,2026-03-02 17:10,2026-03-02 17:00,HAN,inserted
1189,SGN,2026-03-02,VJ134,2026-03-02 17:07,2026-03-02 16:50,HAN,inserted
1190,HAN,2026-01-07,VN215,2026-01-07 17:19,2026-01-07 17:10,SGN,inserted
1191,SGN,2026-03-02,VN250,2026-03-02 16:59,2026-03-02 17:05,HAN,inserted
1192,HAN,2026-01-07,QH241,2026-01-07 16:46,2026-01-07 16:45,SGN,inserted
1193,SGN,2026-03-02,VN214,2026-03-02 16:56,2026-03-02 16:05,HAN,inserted
1194,SGN,2026-03-02,VJ130,2026-03-02 16:35,2026-03-02 16:45,HAN,inserted
1195,HAN,2026-01-07,VN253,2026-01-07 16:33,2026-01-07 16:10,SGN,inserted
1196,SGN,2026-03-02,VU770,2026-03-02 16:06,2026-03-02 16:00,HAN,inserted
1197,SGN,2026-03-02,VJ198,2026-03-02 15:51,2026-03-02 15:10,HAN,inserted
1198,HAN,2026-01-07,VJ151,2026-01-07 16:32,2026-01-07 16:10,SGN,inserted
1199,SGN,2026-03-02,VN248,2026-03-02 15:15,2026-03-02 15:05,HAN,inserted
1200,HAN,2026-01-07,VJ143,2026-01-07 15:45,2026-01-07 15:45,SGN,inserted
1201,SGN,2026-03-02,VN212,2026-03-02 15:02,2026-03-02 14:05,HAN,inserted
1202,SGN,2026-03-02,VN7014,2026-03-02 14:56,2026-03-03 12:10,HAN,inserted
1203,HAN,2026-01-07,VN251,2026-01-07 15:39,2026-01-07 14:10,SGN,inserted
1204,SGN,2026-03-02,9G838,2026-03-02 14:35,2026-03-02 14:30,HAN,inserted
1205,HAN,2026-01-07,VN213,2026-01-07 15:36,2026-01-07 15:10,SGN,inserted
1206,SGN,2026-03-02,VJ188,2026-03-02 14:26,2026-03-02 13:25,HAN,inserted
1207,SGN,2026-03-02,VJ144,2026-03-02 14:09,2026-03-02 14:10,HAN,inserted
1208,HAN,2026-01-07,VJ137,2026-01-07 14:13,2026-01-07 13:50,SGN,inserted
1209,SGN,2026-03-02,VN246,2026-03-02 13:13,2026-03-02 13:05,HAN,inserted
1210,SGN,2026-03-02,VN244,2026-03-02 12:36,2026-03-02 11:05,HAN,inserted
1211,HAN,2026-01-07,VJ135,2026-01-07 13:46,2026-01-07 13:20,SGN,inserted
1212,SGN,2026-03-02,VJ128,2026-03-02 12:32,2026-03-02 12:10,HAN,inserted
1213,HAN,2026-01-07,VJ133,2026-01-07 13:38,2026-01-07 13:50,SGN,inserted
1214,SGN,2026-03-02,QH224,2026-03-02 12:27,2026-03-02 12:30,HAN,inserted
1215,HAN,2026-01-07,VN247,2026-01-07 13:11,2026-01-07 12:10,SGN,inserted
1216,SGN,2026-03-02,VN210,2026-03-02 11:59,2026-03-02 12:05,HAN,inserted
1217,SGN,2026-03-02,VN7044,2026-03-02 11:50,2026-03-02 11:35,HAN,inserted
1218,HAN,2026-01-07,VN211,2026-01-07 12:59,2026-01-07 13:10,SGN,inserted
1219,SGN,2026-03-02,9G822,2026-03-02 11:24,2026-03-02 11:35,HAN,inserted
1220,HAN,2026-01-07,VU771,2026-01-07 12:56,2026-01-07 13:05,SGN,inserted
1221,SGN,2026-03-02,VJ184,2026-03-02 10:37,2026-03-02 10:25,HAN,inserted
1222,HAN,2026-01-07,VJ125,2026-01-07 12:37,2026-01-07 10:50,SGN,inserted
1223,SGN,2026-03-02,VN208,2026-03-02 09:52,2026-03-02 10:05,HAN,inserted
1224,HAN,2026-01-07,VJ149,2026-01-07 12:27,2026-01-07 12:10,SGN,inserted
1225,SGN,2026-03-02,VJ148,2026-03-02 09:38,2026-03-02 09:30,HAN,inserted
1226,HAN,2026-01-07,VU775,2026-01-07 12:17,2026-01-07 12:20,SGN,inserted
1227,SGN,2026-03-02,9G808,2026-03-02 09:25,2026-03-02 09:40,HAN,inserted
1228,HAN,2026-01-07,QH211,2026-01-07 12:21,2026-01-07 12:25,SGN,inserted
1229,SGN,2026-03-02,VN240,2026-03-02 09:09,2026-03-02 09:05,HAN,inserted
1230,SGN,2026-03-02,VN7032,2026-03-02 08:42,2026-03-02 09:12,HAN,inserted
1231,SGN,2026-03-02,9G806,2026-03-02 08:30,2026-03-02 08:40,HAN,inserted
1232,HAN,2026-01-07,VN209,2026-01-07 11:05,2026-01-07 11:10,SGN,inserted
1233,SGN,2026-03-02,VJ126,2026-03-02 08:21,2026-03-02 08:25,HAN,inserted
1234,SGN,2026-03-02,VN206,2026-03-02 08:00,2026-03-02 08:05,HAN,inserted
1235,HAN,2026-01-07,VU751,2026-01-07 11:03,2026-01-07 11:05,SGN,inserted
1236,SGN,2026-03-02,VU750,2026-03-02 07:41,2026-03-02 07:55,HAN,inserted
1237,HAN,2026-01-07,VJ121,2026-01-07 10:40,2026-01-07 10:50,SGN,inserted
1238,SGN,2026-03-02,VN7218,2026-03-02 06:11,2026-03-02 06:35,HAN,inserted
1239,HAN,2026-01-07,VN207,2026-01-07 09:23,2026-01-07 09:10,SGN,inserted
1240,SGN,2026-03-04,9G892,2026-03-04 01:25,2026-03-04 01:35,HAN,inserted
1241,HAN,2026-01-07,VN7229,2026-01-07 09:05,2026-01-07 09:05,SGN,inserted
1242,SGN,2026-03-03,9G882,2026-03-03 23:40,2026-03-03 23:40,HAN,inserted
1243,HAN,2026-01-07,VN7045,2026-01-07 09:03,2026-01-07 09:05,SGN,inserted
1244,SGN,2026-03-03,VN260,2026-03-03 23:17,2026-03-03 23:05,HAN,inserted
1245,SGN,2026-03-03,VJ156,2026-03-03 23:02,2026-03-03 23:10,HAN,inserted
1246,HAN,2026-01-07,QH203,2026-01-07 08:54,2026-01-07 09:20,SGN,inserted
1247,SGN,2026-03-03,VN220,2026-03-03 22:17,2026-03-03 22:05,HAN,inserted
1248,HAN,2026-01-07,VJ167,2026-01-07 08:49,2026-01-07 09:00,SGN,inserted
1249,SGN,2026-03-03,VN262,2026-03-03 21:44,2026-03-03 21:40,HAN,inserted
1250,HAN,2026-01-07,VJ181,2026-01-07 08:37,2026-01-07 08:55,SGN,inserted
1251,SGN,2026-03-03,VN258,2026-03-03 20:56,2026-03-03 21:05,HAN,inserted
1252,SGN,2026-03-03,VJ158,2026-03-03 20:16,2026-03-03 20:30,HAN,inserted
1253,SGN,2026-03-03,VN218,2026-03-03 20:11,2026-03-03 20:05,HAN,inserted
1254,SGN,2026-03-03,VJ172,2026-03-03 19:43,2026-03-03 18:55,HAN,inserted
1255,HAN,2026-01-07,VN243,2026-01-07 07:51,2026-01-07 08:10,SGN,inserted
1256,SGN,2026-03-03,VJ152,2026-03-03 19:40,2026-03-03 19:15,HAN,inserted
1257,HAN,2026-01-07,VJ179,2026-01-07 07:11,2026-01-07 07:10,SGN,inserted
1258,SGN,2026-03-03,VN254,2026-03-03 19:08,2026-03-03 19:05,HAN,inserted
1259,HAN,2026-01-07,VJ185,2026-01-07 07:01,2026-01-07 07:20,SGN,inserted
1260,SGN,2026-03-03,VN216,2026-03-03 18:15,2026-03-03 18:05,HAN,inserted
1261,SGN,2026-03-03,VJ192,2026-03-03 17:53,2026-03-03 18:00,HAN,inserted
1262,HAN,2026-01-07,VN205,2026-01-07 06:48,2026-01-07 07:10,SGN,inserted
1263,SGN,2026-03-03,VN232,2026-03-03 17:23,2026-03-03 17:35,HAN,inserted
1264,HAN,2026-01-12,VN7045,2026-01-12 08:46,2026-01-12 09:05,SGN,inserted
1265,SGN,2026-03-03,VJ134,2026-03-03 17:19,2026-03-03 16:50,HAN,inserted
1266,SGN,2026-03-03,VN250,2026-03-03 16:47,2026-03-03 17:05,HAN,inserted
1267,HAN,2026-01-14,VN267,2026-01-14 23:59,2026-01-15 00:10,SGN,inserted
1268,SGN,2026-03-03,VJ130,2026-03-03 16:38,2026-03-03 16:45,HAN,inserted
1269,SGN,2026-03-03,VN248,2026-03-03 15:10,2026-03-03 15:05,HAN,inserted
1270,HAN,2026-01-21,9G869,2026-01-21 20:47,2026-01-21 20:45,SGN,inserted
1271,SGN,2026-03-03,VJ198,2026-03-03 15:06,2026-03-03 15:10,HAN,inserted
1272,SGN,2026-03-03,9G838,2026-03-03 14:56,2026-03-03 14:30,HAN,inserted
1273,HAN,2026-01-21,QH271,2026-01-21 20:21,2026-01-21 20:25,SGN,inserted
1274,SGN,2026-03-03,VJ138,2026-03-03 14:45,2026-03-03 14:40,HAN,inserted
1275,HAN,2026-01-21,VN259,2026-01-21 20:02,2026-01-21 20:10,SGN,inserted
1276,SGN,2026-03-03,VN212,2026-03-03 14:12,2026-03-03 14:05,HAN,inserted
1277,HAN,2026-01-23,VN7045,2026-01-23 08:54,2026-01-23 09:05,SGN,inserted
1278,SGN,2026-03-03,VJ144,2026-03-03 14:20,2026-03-03 14:10,HAN,inserted
1279,HAN,2026-01-23,VJ185,2026-01-23 07:04,2026-01-23 07:20,SGN,inserted
1280,SGN,2026-03-03,VN7242,2026-03-03 13:49,2026-03-03 14:11,HAN,inserted
1281,SGN,2026-03-03,VN246,2026-03-03 13:21,2026-03-03 13:05,HAN,inserted
1282,HAN,2026-01-23,VN205,2026-01-23 06:52,2026-01-23 07:10,SGN,inserted
1283,SGN,2026-03-03,VN210,2026-03-03 12:10,2026-03-03 12:05,HAN,inserted
1284,HAN,2026-01-28,VJ155,2026-01-28 22:39,2026-01-28 22:15,SGN,inserted
1285,SGN,2026-03-03,VJ186,2026-03-03 11:40,2026-03-03 11:40,HAN,inserted
1286,HAN,2026-02-04,QH255,2026-02-04 19:15,2026-02-04 18:45,SGN,inserted
1287,SGN,2026-03-03,9G822,2026-03-03 11:32,2026-03-03 11:35,HAN,inserted
1288,HAN,2026-02-04,VN7015,2026-02-04 16:57,2026-02-04 16:35,SGN,inserted
1289,SGN,2026-03-03,VN244,2026-03-03 11:14,2026-03-03 11:05,HAN,inserted
1290,SGN,2026-03-03,VJ136,2026-03-03 10:27,2026-03-03 10:40,HAN,inserted
1291,HAN,2026-02-06,VJ147,2026-02-06 20:17,2026-02-06 19:20,SGN,inserted
1292,SGN,2026-03-03,VJ184,2026-03-03 10:19,2026-03-03 10:25,HAN,inserted
1293,HAN,2026-02-07,VN7051,2026-02-07 22:49,2026-02-07 22:49,SGN,inserted
1294,SGN,2026-03-03,VN208,2026-03-03 10:00,2026-03-03 10:05,HAN,inserted
1295,SGN,2026-03-03,VN240,2026-03-03 08:58,2026-03-03 09:05,HAN,inserted
1296,HAN,2026-02-10,VJ185,2026-02-10 07:00,2026-02-10 07:00,SGN,inserted
1297,SGN,2026-03-03,VJ126,2026-03-03 08:42,2026-03-03 08:25,HAN,inserted
1298,SGN,2026-03-03,VN206,2026-03-03 08:06,2026-03-03 08:05,HAN,inserted
1299,SGN,2026-03-03,VJ122,2026-03-03 07:49,2026-03-03 07:30,HAN,inserted
1300,HAN,2026-02-11,VJ1121,2026-02-11 05:58,2026-02-11 05:58,SGN,inserted
1301,SGN,2026-03-03,VN7218,2026-03-03 06:18,2026-03-03 06:35,HAN,inserted
1302,HAN,2026-02-11,9G8803,2026-02-11 05:04,2026-02-11 05:04,SGN,inserted
1303,SGN,2026-03-04,VN260,2026-03-04 23:01,2026-03-04 23:05,HAN,inserted
1304,SGN,2026-03-04,QH268,2026-03-04 21:52,2026-03-04 21:45,HAN,inserted
1305,SGN,2026-03-04,VN262,2026-03-04 21:35,2026-03-04 21:40,HAN,inserted
1306,SGN,2026-03-04,VN258,2026-03-04 21:33,2026-03-04 21:05,HAN,inserted
1307,SGN,2026-03-04,VN7048,2026-03-04 21:25,2026-03-04 20:20,HAN,inserted
1308,SGN,2026-03-04,VJ160,2026-03-04 21:07,2026-03-04 21:15,HAN,inserted
1309,SGN,2026-03-04,VJ154,2026-03-04 20:52,2026-03-04 20:10,HAN,inserted
1310,SGN,2026-03-04,VN218,2026-03-04 19:53,2026-03-04 20:05,HAN,inserted
1311,SGN,2026-03-04,VN254,2026-03-04 19:15,2026-03-04 19:05,HAN,inserted
1312,SGN,2026-03-04,VU780,2026-03-04 19:17,2026-03-04 19:20,HAN,inserted
1313,HAN,2026-02-12,9G8803,2026-02-12 05:14,2026-02-12 05:14,SGN,inserted
1314,SGN,2026-03-04,VJ134,2026-03-04 18:25,2026-03-04 16:50,HAN,inserted
1315,SGN,2026-03-04,VN216,2026-03-04 17:50,2026-03-04 18:05,HAN,inserted
1316,SGN,2026-03-04,VN232,2026-03-04 17:43,2026-03-04 17:35,HAN,inserted
1317,SGN,2026-03-04,9G854,2026-03-04 17:34,2026-03-04 17:45,HAN,inserted
1318,SGN,2026-03-04,VJ194,2026-03-04 17:32,2026-03-04 17:30,HAN,inserted
1319,SGN,2026-03-04,VN250,2026-03-04 16:45,2026-03-04 17:05,HAN,inserted
1320,SGN,2026-03-04,VJ146,2026-03-04 16:50,2026-03-04 17:00,HAN,inserted
1321,SGN,2026-03-04,VN214,2026-03-04 16:04,2026-03-04 16:05,HAN,inserted
1322,HAN,2026-02-13,VJ1123,2026-02-13 07:15,2026-02-13 07:15,SGN,inserted
1323,SGN,2026-03-04,VU770,2026-03-04 15:59,2026-03-04 15:35,HAN,inserted
1324,HAN,2026-02-13,9G8803,2026-02-13 07:05,2026-02-13 07:05,SGN,inserted
1325,HAN,2026-02-13,VN7295,2026-02-13 06:20,2026-02-13 06:20,SGN,inserted
1326,SGN,2026-03-04,QH242,2026-03-04 15:36,2026-03-04 15:25,HAN,inserted
1327,SGN,2026-03-04,VJ198,2026-03-04 15:27,2026-03-04 15:10,HAN,inserted
1328,SGN,2026-03-04,VJ188,2026-03-04 15:21,2026-03-05 13:25,HAN,inserted
1329,SGN,2026-03-04,VN248,2026-03-04 15:01,2026-03-04 15:05,HAN,inserted
1330,SGN,2026-03-04,VJ138,2026-03-04 15:03,2026-03-04 14:40,HAN,inserted
1331,HAN,2026-02-14,VN7221,2026-02-14 19:34,2026-02-14 19:34,SGN,inserted
1332,SGN,2026-03-04,VJ144,2026-03-04 14:28,2026-03-04 14:10,HAN,inserted
1333,SGN,2026-03-04,VN246,2026-03-04 14:14,2026-03-04 13:05,HAN,inserted
1334,HAN,2026-02-14,VJ125,2026-02-14 14:13,2026-02-15 10:50,SGN,inserted
1335,SGN,2026-03-04,VN7046,2026-03-04 14:04,2026-03-04 14:25,HAN,inserted
1336,SGN,2026-03-04,VN210,2026-03-04 12:42,2026-03-04 12:05,HAN,inserted
1337,SGN,2026-03-04,VN208,2026-03-04 09:53,2026-03-04 10:05,HAN,inserted
1338,HAN,2026-02-14,VJ1123,2026-02-14 06:39,2026-02-14 06:39,SGN,inserted
1339,SGN,2026-03-04,QH204,2026-03-04 09:12,2026-03-04 09:20,HAN,inserted
1340,SGN,2026-03-04,VJ176,2026-03-04 08:49,2026-03-04 09:00,HAN,inserted
1341,SGN,2026-03-04,VN206,2026-03-04 08:02,2026-03-04 08:05,HAN,inserted
1342,SGN,2026-03-05,VN256,2026-03-05 22:40,2026-03-05 22:35,HAN,inserted
1343,SGN,2026-03-05,QH268,2026-03-05 22:16,2026-03-05 22:20,HAN,inserted
1344,SGN,2026-03-05,VN262,2026-03-05 21:35,2026-03-05 21:40,HAN,inserted
1345,SGN,2026-03-05,9G868,2026-03-05 20:54,2026-03-05 21:00,HAN,inserted
1346,HAN,2026-02-15,VJ137,2026-02-15 17:41,2026-02-16 13:50,SGN,inserted
1347,SGN,2026-03-05,VN218,2026-03-05 20:28,2026-03-05 20:05,HAN,inserted
1348,SGN,2026-03-05,VN254,2026-03-05 19:04,2026-03-05 19:05,HAN,inserted
1349,SGN,2026-03-05,VJ194,2026-03-05 18:35,2026-03-05 17:30,HAN,inserted
1350,SGN,2026-03-05,VN216,2026-03-05 18:17,2026-03-05 18:05,HAN,inserted
1351,SGN,2026-03-05,VN232,2026-03-05 17:48,2026-03-05 17:35,HAN,inserted
1352,SGN,2026-03-05,9G854,2026-03-05 17:37,2026-03-05 17:45,HAN,inserted
1353,SGN,2026-03-05,VJ134,2026-03-05 17:34,2026-03-05 16:50,HAN,inserted
1354,SGN,2026-03-05,VN250,2026-03-05 17:09,2026-03-05 17:05,HAN,inserted
1355,HAN,2026-02-18,VJ151,2026-02-18 19:17,2026-02-19 16:10,SGN,inserted
1356,SGN,2026-03-05,VN208,2026-03-05 16:05,2026-03-06 10:05,HAN,inserted
1357,SGN,2026-03-05,VN214,2026-03-05 15:38,2026-03-05 16:05,HAN,inserted
1358,SGN,2026-03-05,VU770,2026-03-05 15:42,2026-03-05 15:35,HAN,inserted
1359,SGN,2026-03-05,QH242,2026-03-05 15:31,2026-03-05 15:25,HAN,inserted
1360,SGN,2026-03-05,VN212,2026-03-05 14:44,2026-03-05 14:05,HAN,inserted
1361,SGN,2026-03-05,VN246,2026-03-05 13:01,2026-03-05 13:05,HAN,inserted
1362,SGN,2026-03-05,VN210,2026-03-05 12:02,2026-03-05 12:05,HAN,inserted
1363,SGN,2026-03-05,VN7044,2026-03-05 11:35,2026-03-05 11:55,HAN,inserted
1364,HAN,2026-02-19,VJ193,2026-02-19 20:33,2026-02-19 20:20,SGN,inserted
1365,SGN,2026-03-05,VN244,2026-03-05 11:10,2026-03-05 11:05,HAN,inserted
1366,SGN,2026-03-05,VJ136,2026-03-05 10:32,2026-03-05 10:40,HAN,inserted
1367,SGN,2026-03-05,VN7042,2026-03-05 08:11,2026-03-05 08:20,HAN,inserted
1368,SGN,2026-03-05,VU750,2026-03-05 08:02,2026-03-05 07:55,HAN,inserted
1369,SGN,2026-03-05,VN206,2026-03-05 07:50,2026-03-05 08:05,HAN,inserted
1370,SGN,2026-03-05,VJ124,2026-03-05 07:46,2026-03-05 07:50,HAN,inserted
1371,SGN,2026-03-05,9G802,2026-03-05 07:31,2026-03-05 07:55,HAN,inserted
1372,SGN,2026-03-06,VN224,2026-03-06 23:56,2026-03-07 00:05,HAN,inserted
1373,SGN,2026-03-06,VJ196,2026-03-06 22:26,2026-03-06 21:20,HAN,inserted
1374,SGN,2026-03-06,VN262,2026-03-06 22:04,2026-03-06 21:40,HAN,inserted
1375,SGN,2026-03-06,VN258,2026-03-06 21:45,2026-03-06 21:05,HAN,inserted
1376,SGN,2026-03-06,VJ160,2026-03-06 21:21,2026-03-06 21:15,HAN,inserted
1377,SGN,2026-03-06,VN7048,2026-03-06 19:56,2026-03-06 20:20,HAN,inserted
1378,SGN,2026-03-06,VN254,2026-03-06 19:36,2026-03-06 19:05,HAN,inserted
1379,SGN,2026-03-06,VN252,2026-03-06 18:38,2026-03-06 18:45,HAN,inserted
1380,SGN,2026-03-06,VN216,2026-03-06 18:07,2026-03-06 18:05,HAN,inserted
1381,SGN,2026-03-06,VJ194,2026-03-06 17:54,2026-03-06 17:30,HAN,inserted
1382,SGN,2026-03-06,9G854,2026-03-06 17:47,2026-03-06 17:45,HAN,inserted
1383,SGN,2026-03-06,VN232,2026-03-06 17:32,2026-03-06 17:35,HAN,inserted
1384,SGN,2026-03-06,QH240,2026-03-06 17:05,2026-03-06 16:55,HAN,inserted
1385,SGN,2026-03-06,VN250,2026-03-06 16:56,2026-03-06 17:05,HAN,inserted
1386,SGN,2026-03-06,VN214,2026-03-06 16:19,2026-03-06 16:05,HAN,inserted
1387,SGN,2026-03-06,VN248,2026-03-06 15:25,2026-03-06 15:05,HAN,inserted
1388,SGN,2026-03-06,QH242,2026-03-06 15:21,2026-03-06 15:25,HAN,inserted
1389,SGN,2026-03-06,VJ138,2026-03-06 15:00,2026-03-06 14:40,HAN,inserted
1390,SGN,2026-03-06,9G838,2026-03-06 14:58,2026-03-06 14:40,HAN,inserted
1391,SGN,2026-03-06,9G840,2026-03-06 14:39,2026-03-06 14:30,HAN,inserted
1392,SGN,2026-03-06,VN212,2026-03-06 14:02,2026-03-06 14:05,HAN,inserted
1393,SGN,2026-03-06,VN246,2026-03-06 13:08,2026-03-06 13:05,HAN,inserted
1394,SGN,2026-03-06,VN210,2026-03-06 12:05,2026-03-06 12:05,HAN,inserted
1395,SGN,2026-03-06,VN242,2026-03-06 09:36,2026-03-06 09:40,HAN,inserted
1396,SGN,2026-03-06,VN240,2026-03-06 09:09,2026-03-06 09:05,HAN,inserted
1397,SGN,2026-03-06,QH204,2026-03-06 09:06,2026-03-06 09:20,HAN,inserted
1398,SGN,2026-03-06,VJ126,2026-03-06 08:21,2026-03-06 08:25,HAN,inserted
1399,SGN,2026-03-06,VN7042,2026-03-06 08:12,2026-03-06 08:20,HAN,inserted
1400,HAN,2026-02-23,QH251,2026-02-23 15:28,2026-02-23 15:30,SGN,inserted
1401,SGN,2026-03-07,VN224,2026-03-07 23:58,2026-03-08 00:05,HAN,inserted
1402,SGN,2026-03-07,VJ156,2026-03-07 23:00,2026-03-07 23:10,HAN,inserted
1403,SGN,2026-03-07,VN256,2026-03-07 22:32,2026-03-07 22:35,HAN,inserted
1404,SGN,2026-03-07,VN220,2026-03-07 22:16,2026-03-07 22:05,HAN,inserted
1405,SGN,2026-03-07,VJ190,2026-03-07 21:34,2026-03-07 22:00,HAN,inserted
1406,SGN,2026-03-07,VJ196,2026-03-07 21:24,2026-03-07 21:20,HAN,inserted
1407,SGN,2026-03-07,VN258,2026-03-07 21:13,2026-03-07 21:05,HAN,inserted
1408,SGN,2026-03-07,9G868,2026-03-07 20:22,2026-03-07 20:35,HAN,inserted
1409,SGN,2026-03-07,VJ158,2026-03-07 20:31,2026-03-07 20:30,HAN,inserted
1410,SGN,2026-03-07,VN7048,2026-03-07 20:02,2026-03-07 20:20,HAN,inserted
1411,SGN,2026-03-07,VN218,2026-03-07 19:55,2026-03-07 20:05,HAN,inserted
1412,SGN,2026-03-07,VJ134,2026-03-07 19:12,2026-03-08 16:50,HAN,inserted
1413,SGN,2026-03-07,VJ172,2026-03-07 18:55,2026-03-07 18:55,HAN,inserted
1414,SGN,2026-03-07,VN252,2026-03-07 18:29,2026-03-07 18:45,HAN,inserted
1415,SGN,2026-03-07,VN216,2026-03-07 18:02,2026-03-07 18:05,HAN,inserted
1416,SGN,2026-03-07,VN232,2026-03-07 17:39,2026-03-07 17:35,HAN,inserted
1417,SGN,2026-03-07,9G854,2026-03-07 17:36,2026-03-07 17:45,HAN,inserted
1418,SGN,2026-03-07,VJ194,2026-03-07 17:29,2026-03-07 17:30,HAN,inserted
1419,SGN,2026-03-07,VN214,2026-03-07 16:16,2026-03-07 16:05,HAN,inserted
1420,SGN,2026-03-07,VU770,2026-03-07 16:10,2026-03-07 15:35,HAN,inserted
1421,HAN,2026-02-25,VJ163,2026-02-25 22:11,2026-02-26 19:30,SGN,inserted
1422,SGN,2026-03-07,VN248,2026-03-07 15:08,2026-03-07 15:05,HAN,inserted
1423,SGN,2026-03-07,QH242,2026-03-07 15:10,2026-03-07 15:25,HAN,inserted
1424,SGN,2026-03-07,9G838,2026-03-07 14:56,2026-03-07 14:30,HAN,inserted
1425,SGN,2026-03-07,VN246,2026-03-07 12:54,2026-03-07 13:05,HAN,inserted
1426,SGN,2026-03-07,VJ128,2026-03-07 12:36,2026-03-07 12:10,HAN,inserted
1427,SGN,2026-03-07,QH224,2026-03-07 12:16,2026-03-07 12:30,HAN,inserted
1428,SGN,2026-03-07,VN210,2026-03-07 11:59,2026-03-07 12:05,HAN,inserted
1429,SGN,2026-03-07,VJ132,2026-03-07 11:24,2026-03-07 11:10,HAN,inserted
1430,SGN,2026-03-07,9G822,2026-03-07 11:19,2026-03-07 11:35,HAN,inserted
1431,SGN,2026-03-07,VN208,2026-03-07 09:52,2026-03-07 10:05,HAN,inserted
1432,SGN,2026-03-07,VU750,2026-03-07 07:43,2026-03-07 07:55,HAN,inserted
1433,SGN,2026-03-07,VJ122,2026-03-07 07:11,2026-03-07 07:30,HAN,inserted
1434,SGN,2026-03-08,VN224,2026-03-08 23:52,2026-03-09 00:05,HAN,inserted
1435,SGN,2026-03-08,VJ196,2026-03-08 23:15,2026-03-09 21:20,HAN,inserted
1436,SGN,2026-03-08,VN260,2026-03-08 23:06,2026-03-08 23:05,HAN,inserted
1437,SGN,2026-03-08,VU794,2026-03-08 22:57,2026-03-08 22:15,HAN,inserted
1438,SGN,2026-03-08,VN220,2026-03-08 22:12,2026-03-08 22:05,HAN,inserted
1439,SGN,2026-03-08,VN262,2026-03-08 21:45,2026-03-08 21:40,HAN,inserted
1440,SGN,2026-03-08,QH268,2026-03-08 21:42,2026-03-08 21:45,HAN,inserted
1441,SGN,2026-03-08,VJ160,2026-03-08 21:39,2026-03-08 21:15,HAN,inserted
1442,SGN,2026-03-08,VJ166,2026-03-08 21:23,2026-03-08 21:00,HAN,inserted
1443,SGN,2026-03-08,VN258,2026-03-08 21:17,2026-03-08 21:05,HAN,inserted
1444,SGN,2026-03-08,9G872,2026-03-08 20:54,2026-03-08 21:10,HAN,inserted
1445,SGN,2026-03-08,VJ158,2026-03-08 20:29,2026-03-08 20:30,HAN,inserted
1446,SGN,2026-03-08,VN218,2026-03-08 20:00,2026-03-08 20:05,HAN,inserted
1447,HAN,2026-02-27,VJ151,2026-02-27 18:47,2026-02-28 16:10,SGN,inserted
1448,SGN,2026-03-08,VN254,2026-03-08 19:10,2026-03-08 19:05,HAN,inserted
1449,SGN,2026-03-08,VU780,2026-03-08 19:05,2026-03-08 19:20,HAN,inserted
1450,SGN,2026-03-08,VN252,2026-03-08 18:47,2026-03-08 18:45,HAN,inserted
1451,SGN,2026-03-08,VN216,2026-03-08 17:57,2026-03-08 18:05,HAN,inserted
1452,SGN,2026-03-08,VN232,2026-03-08 17:36,2026-03-08 17:35,HAN,inserted
1453,SGN,2026-03-08,9G854,2026-03-08 17:33,2026-03-08 17:45,HAN,inserted
1454,HAN,2026-02-28,VU775,2026-02-28 15:20,2026-03-01 12:20,SGN,inserted
1455,SGN,2026-03-08,VJ194,2026-03-08 17:30,2026-03-08 17:30,HAN,inserted
1456,SGN,2026-03-08,VJ134,2026-03-08 17:23,2026-03-08 16:50,HAN,inserted
1457,SGN,2026-03-08,VN250,2026-03-08 17:04,2026-03-08 17:05,HAN,inserted
1458,SGN,2026-03-08,VN214,2026-03-08 16:05,2026-03-08 16:05,HAN,inserted
1459,SGN,2026-03-08,VU770,2026-03-08 15:43,2026-03-08 15:35,HAN,inserted
1460,SGN,2026-03-08,VN248,2026-03-08 15:04,2026-03-08 15:05,HAN,inserted
1461,SGN,2026-03-08,9G838,2026-03-08 14:34,2026-03-08 14:30,HAN,inserted
1462,SGN,2026-03-08,VN212,2026-03-08 14:03,2026-03-08 14:05,HAN,inserted
1463,SGN,2026-03-08,VN246,2026-03-08 13:54,2026-03-08 13:05,HAN,inserted
1464,SGN,2026-03-08,VN210,2026-03-08 11:57,2026-03-08 12:05,HAN,inserted
1465,SGN,2026-03-08,9G822,2026-03-08 11:29,2026-03-08 11:35,HAN,inserted
1466,SGN,2026-03-08,VN244,2026-03-08 10:53,2026-03-08 11:05,HAN,inserted
1467,SGN,2026-03-08,VJ184,2026-03-08 10:31,2026-03-08 10:25,HAN,inserted
1468,HAN,2026-03-02,QH251,2026-03-02 15:24,2026-03-02 15:30,SGN,inserted
1469,SGN,2026-03-08,QH208,2026-03-08 10:25,2026-03-08 10:50,HAN,inserted
1470,SGN,2026-03-08,VJ148,2026-03-08 09:42,2026-03-08 09:30,HAN,inserted
1471,SGN,2026-03-08,9G808,2026-03-08 09:16,2026-03-08 09:40,HAN,inserted
1472,SGN,2026-03-08,VJ126,2026-03-08 08:37,2026-03-08 08:25,HAN,inserted
1473,HAN,2026-03-05,QH201,2026-03-05 07:26,2026-03-05 08:00,SGN,inserted
1474,SGN,2026-03-08,VN206,2026-03-08 07:59,2026-03-08 08:05,HAN,inserted
1475,HAN,2026-03-06,VU787,2026-03-06 22:47,2026-03-06 22:10,SGN,inserted
1476,SGN,2026-03-08,VU750,2026-03-08 07:51,2026-03-08 07:55,HAN,inserted
1477,SGN,2026-03-08,VJ122,2026-03-08 07:05,2026-03-08 07:30,HAN,inserted
1478,SGN,2026-03-08,VN6002,2026-03-08 06:48,2026-03-08 07:05,HAN,inserted
1479,HAN,2026-03-07,VN249,2026-03-07 17:30,2026-03-07 17:40,SGN,inserted
1480,SGN,2026-03-09,9G872,2026-03-09 21:08,2026-03-09 21:10,HAN,inserted
1481,SGN,2026-03-09,VN232,2026-03-09 17:27,2026-03-09 17:35,HAN,inserted
1482,HAN,2026-03-07,VN215,2026-03-07 16:47,2026-03-07 17:10,SGN,inserted
1483,SGN,2026-03-09,VN250,2026-03-09 16:53,2026-03-09 17:05,HAN,inserted
1484,HAN,2026-03-07,VN253,2026-03-07 16:01,2026-03-07 16:10,SGN,inserted
1485,SGN,2026-03-09,9G838,2026-03-09 14:45,2026-03-09 14:30,HAN,inserted
1486,HAN,2026-03-07,VJ135,2026-03-07 15:50,2026-03-08 13:20,SGN,inserted
1487,SGN,2026-03-09,VN7046,2026-03-09 14:36,2026-03-09 14:20,HAN,inserted
1488,HAN,2026-03-07,VN213,2026-03-07 15:00,2026-03-07 15:10,SGN,inserted
1489,SGN,2026-03-09,QH224,2026-03-09 12:46,2026-03-09 12:30,HAN,inserted
1490,HAN,2026-03-07,9G837,2026-03-07 14:30,2026-03-07 14:35,SGN,inserted
1491,SGN,2026-03-09,VN7044,2026-03-09 11:55,2026-03-09 11:50,HAN,inserted
1492,HAN,2026-03-07,VJ137,2026-03-07 14:12,2026-03-07 13:50,SGN,inserted
1493,SGN,2026-03-09,QH204,2026-03-09 09:08,2026-03-09 09:20,HAN,inserted
1494,HAN,2026-03-07,VJ181,2026-03-07 13:24,2026-03-08 08:55,SGN,inserted
1495,SGN,2026-03-09,9G806,2026-03-09 08:26,2026-03-09 08:40,HAN,inserted
1496,HAN,2026-03-07,VN7043,2026-03-07 11:41,2026-03-07 11:25,SGN,inserted
1497,SGN,2026-03-10,9G882,2026-03-10 23:45,2026-03-10 23:35,HAN,inserted
1498,HAN,2026-03-07,VN209,2026-03-07 11:24,2026-03-07 11:10,SGN,inserted
1499,SGN,2026-03-10,VJ158,2026-03-10 23:37,2026-03-10 23:30,HAN,inserted
1500,HAN,2026-03-07,VU751,2026-03-07 10:42,2026-03-07 10:45,SGN,inserted
1501,SGN,2026-03-10,VJ156,2026-03-10 23:11,2026-03-10 23:10,HAN,inserted
1502,SGN,2026-03-10,QH286,2026-03-10 23:01,2026-03-10 23:00,HAN,inserted
1503,SGN,2026-03-10,QH268,2026-03-10 22:52,2026-03-10 22:20,HAN,inserted
1504,SGN,2026-03-10,VN258,2026-03-10 20:54,2026-03-10 21:05,HAN,inserted
1505,SGN,2026-03-10,9G868,2026-03-10 20:41,2026-03-10 20:35,HAN,inserted
1506,SGN,2026-03-10,VN218,2026-03-10 20:22,2026-03-10 20:05,HAN,inserted
1507,SGN,2026-03-10,VN254,2026-03-10 19:00,2026-03-10 19:05,HAN,inserted
1508,SGN,2026-03-10,VJ192,2026-03-10 18:21,2026-03-10 18:00,HAN,inserted
1509,HAN,2026-03-09,VJ133,2026-03-09 14:01,2026-03-09 13:50,SGN,inserted
1510,SGN,2026-03-10,9G854,2026-03-10 17:47,2026-03-10 17:45,HAN,inserted
1511,SGN,2026-03-10,VN232,2026-03-10 17:30,2026-03-10 17:35,HAN,inserted
1512,SGN,2026-03-10,VN250,2026-03-10 16:53,2026-03-10 17:05,HAN,inserted
1513,SGN,2026-03-10,VN214,2026-03-10 16:19,2026-03-10 16:05,HAN,inserted
1514,SGN,2026-03-10,VN244,2026-03-10 11:05,2026-03-10 11:05,HAN,inserted
1515,SGN,2026-03-10,QH208,2026-03-10 10:34,2026-03-10 10:50,HAN,inserted
1516,SGN,2026-03-10,VU774,2026-03-10 09:10,2026-03-10 09:15,HAN,inserted
1517,SGN,2026-03-10,VJ126,2026-03-10 08:16,2026-03-10 08:25,HAN,inserted
1518,SGN,2026-03-10,VU750,2026-03-10 07:37,2026-03-10 07:55,HAN,inserted
1519,SGN,2026-03-11,VU794,2026-03-11 22:59,2026-03-11 22:15,HAN,inserted
1520,SGN,2026-03-11,VN256,2026-03-11 22:38,2026-03-11 22:35,HAN,inserted
1521,SGN,2026-03-11,VN262,2026-03-11 21:27,2026-03-11 21:40,HAN,inserted
1522,SGN,2026-03-11,9G868,2026-03-11 21:14,2026-03-11 20:35,HAN,inserted
1523,SGN,2026-03-11,VN258,2026-03-11 21:00,2026-03-11 21:05,HAN,inserted
1524,SGN,2026-03-11,VN218,2026-03-11 20:13,2026-03-11 20:05,HAN,inserted
1525,SGN,2026-03-11,VJ152,2026-03-11 19:47,2026-03-11 19:15,HAN,inserted
1526,SGN,2026-03-11,VU780,2026-03-11 19:29,2026-03-11 19:20,HAN,inserted
1527,SGN,2026-03-11,VN254,2026-03-11 19:10,2026-03-11 19:05,HAN,inserted
1528,HAN,2026-03-12,VN257,2026-03-12 19:20,2026-03-12 19:40,SGN,inserted
1529,SGN,2026-03-11,VN216,2026-03-11 17:56,2026-03-11 18:05,HAN,inserted
1530,HAN,2026-03-13,VN221,2026-03-13 23:08,2026-03-13 23:10,SGN,inserted
1531,SGN,2026-03-11,9G854,2026-03-11 17:28,2026-03-11 17:45,HAN,inserted
1532,HAN,2026-03-15,VJ127,2026-03-15 11:37,2026-03-15 11:10,SGN,inserted
1533,SGN,2026-03-11,VJ194,2026-03-11 17:11,2026-03-11 17:30,HAN,inserted
1534,SGN,2026-03-11,VJ146,2026-03-11 16:50,2026-03-11 17:00,HAN,inserted
1535,HAN,2026-03-16,VJ143,2026-03-16 15:57,2026-03-16 15:45,SGN,inserted
1536,SGN,2026-03-11,VU770,2026-03-11 16:40,2026-03-11 15:35,HAN,inserted
1537,HAN,2026-03-16,9G837,2026-03-16 14:24,2026-03-16 14:35,SGN,inserted
1538,SGN,2026-03-11,VN214,2026-03-11 16:29,2026-03-11 16:05,HAN,inserted
1539,HAN,2026-03-16,VN251,2026-03-16 14:11,2026-03-16 14:10,SGN,inserted
1540,SGN,2026-03-11,QH242,2026-03-11 15:58,2026-03-11 15:25,HAN,inserted
1541,HAN,2026-03-16,VJ149,2026-03-16 13:49,2026-03-16 12:10,SGN,inserted
1542,SGN,2026-03-11,VN212,2026-03-11 15:50,2026-03-12 14:05,HAN,inserted
1543,HAN,2026-03-16,VJ129,2026-03-16 13:38,2026-03-16 13:35,SGN,inserted
1544,SGN,2026-03-11,VN248,2026-03-11 15:30,2026-03-11 15:05,HAN,inserted
1545,SGN,2026-03-11,9G838,2026-03-11 15:18,2026-03-11 14:30,HAN,inserted
1546,SGN,2026-03-11,VJ198,2026-03-11 15:14,2026-03-11 15:10,HAN,inserted
1547,SGN,2026-03-11,VJ188,2026-03-11 15:05,2026-03-11 13:25,HAN,inserted
1548,SGN,2026-03-11,VJ138,2026-03-11 15:02,2026-03-11 14:40,HAN,inserted
1549,SGN,2026-03-11,VJ144,2026-03-11 14:25,2026-03-11 14:10,HAN,inserted
1550,SGN,2026-03-11,VN246,2026-03-11 12:54,2026-03-11 13:05,HAN,inserted
1551,SGN,2026-03-11,QH224,2026-03-11 12:30,2026-03-11 12:30,HAN,inserted
1552,SGN,2026-03-11,VN210,2026-03-11 12:02,2026-03-11 12:05,HAN,inserted
1553,SGN,2026-03-11,VN7044,2026-03-11 11:40,2026-03-11 11:50,HAN,inserted
1554,SGN,2026-03-11,9G822,2026-03-11 11:37,2026-03-11 11:35,HAN,inserted
1555,SGN,2026-03-11,VN244,2026-03-11 10:59,2026-03-11 11:05,HAN,inserted
1556,SGN,2026-03-11,VN208,2026-03-11 10:00,2026-03-11 10:05,HAN,inserted
1557,SGN,2026-03-11,QH204,2026-03-11 09:07,2026-03-11 09:20,HAN,inserted
1558,SGN,2026-03-11,VN240,2026-03-11 09:01,2026-03-11 09:05,HAN,inserted
1559,SGN,2026-03-11,VJ176,2026-03-11 08:51,2026-03-11 09:00,HAN,inserted
1560,SGN,2026-03-11,VN238,2026-03-11 08:30,2026-03-11 08:35,HAN,inserted
1561,SGN,2026-03-11,9G806,2026-03-11 08:28,2026-03-11 08:40,HAN,inserted
1562,SGN,2026-03-12,VJ174,2026-03-12 23:38,2026-03-12 23:55,HAN,inserted
1563,SGN,2026-03-12,VN260,2026-03-12 22:46,2026-03-12 23:05,HAN,inserted
1564,SGN,2026-03-12,VN256,2026-03-12 22:24,2026-03-12 22:35,HAN,inserted
1565,HAN,2026-02-24,VN6400,2026-02-24 23:39,2026-02-24 23:39,DAD,inserted
1566,SGN,2026-03-12,VN220,2026-03-12 22:05,2026-03-12 22:05,HAN,inserted
1567,SGN,2026-03-12,VJ196,2026-03-12 21:44,2026-03-12 21:20,HAN,inserted
1568,SGN,2026-03-12,VN262,2026-03-12 21:39,2026-03-12 21:40,HAN,inserted
1569,SGN,2026-03-12,VN258,2026-03-12 21:33,2026-03-12 21:05,HAN,inserted
1570,SGN,2026-03-12,9G868,2026-03-12 21:13,2026-03-12 20:35,HAN,inserted
1571,SGN,2026-03-12,VN218,2026-03-12 20:02,2026-03-12 20:05,HAN,inserted
1572,SGN,2026-03-12,9G864,2026-03-12 19:39,2026-03-12 19:50,HAN,inserted
1573,HAN,2026-03-02,VU635,2026-03-02 07:33,2026-03-02 07:45,DAD,inserted
1574,HAN,2026-03-08,VN7193,2026-03-08 22:57,2026-03-08 22:20,DAD,inserted
1575,HAN,2026-03-08,VN7191,2026-03-08 22:47,2026-03-08 22:35,DAD,inserted
1576,HAN,2026-03-08,VJ521,2026-03-08 22:33,2026-03-08 22:10,DAD,inserted
1577,HAN,2026-03-16,VN7193,2026-03-16 22:12,2026-03-16 22:30,DAD,inserted
1578,HAN,2026-03-16,VJ501,2026-03-16 21:37,2026-03-16 21:35,DAD,inserted
1579,HAN,2026-03-16,VJ519,2026-03-16 20:58,2026-03-16 21:05,DAD,inserted
1580,HAN,2026-03-16,VJ517,2026-03-16 20:38,2026-03-16 20:25,DAD,inserted
1581,HAN,2026-03-16,9G937,2026-03-16 20:18,2026-03-16 20:25,DAD,inserted
1582,HAN,2026-03-16,VN195,2026-03-16 20:05,2026-03-16 20:30,DAD,inserted
1583,HAN,2026-03-16,VN6071,2026-03-16 19:31,2026-03-16 19:45,DAD,inserted
1584,HAN,2026-03-16,VN187,2026-03-16 18:25,2026-03-16 18:30,DAD,inserted
1585,HAN,2026-03-16,VJ515,2026-03-16 17:54,2026-03-16 17:45,DAD,inserted
1586,HAN,2026-03-16,QH147,2026-03-16 17:45,2026-03-16 17:45,DAD,inserted
1587,HAN,2026-03-16,VU639,2026-03-16 17:37,2026-03-16 17:40,DAD,inserted
1588,HAN,2026-03-16,VN179,2026-03-16 17:28,2026-03-16 17:35,DAD,inserted
1589,HAN,2026-03-16,VN173,2026-03-16 16:19,2026-03-16 16:30,DAD,inserted
1590,HAN,2026-03-16,9G927,2026-03-16 16:12,2026-03-16 16:05,DAD,inserted
1591,HAN,2026-03-16,VJ511,2026-03-16 16:07,2026-03-16 15:40,DAD,inserted
1592,HAN,2026-03-16,VJ513,2026-03-16 15:02,2026-03-16 14:55,DAD,inserted
1593,HAN,2026-03-16,VN171,2026-03-16 14:16,2026-03-16 14:25,DAD,inserted
1594,HAN,2026-03-16,VN7165,2026-03-16 14:04,2026-03-16 14:05,DAD,inserted
1595,HAN,2026-03-16,VN169,2026-03-16 12:58,2026-03-16 13:10,DAD,inserted
1596,HAN,2026-03-16,VJ507,2026-03-16 11:50,2026-03-16 11:50,DAD,inserted
1597,HAN,2026-03-16,VN165,2026-03-16 11:22,2026-03-16 11:35,DAD,inserted
1598,HAN,2026-03-16,VJ527,2026-03-16 10:57,2026-03-16 10:50,DAD,inserted
1599,HAN,2026-03-16,9G913,2026-03-16 10:18,2026-03-16 10:20,DAD,inserted
1600,HAN,2026-03-16,VN6081,2026-03-16 09:23,2026-03-16 09:40,DAD,inserted
1601,HAN,2026-03-16,VN163,2026-03-16 09:01,2026-03-16 09:10,DAD,inserted
1602,HAN,2026-03-16,QH103,2026-03-16 08:51,2026-03-16 09:00,DAD,inserted
1603,HAN,2026-03-16,VU635,2026-03-16 07:32,2026-03-16 07:50,DAD,inserted
1604,HAN,2026-03-16,9G907,2026-03-16 07:28,2026-03-16 07:35,DAD,inserted
1605,HAN,2026-03-16,VJ503,2026-03-16 07:19,2026-03-16 07:10,DAD,inserted
1606,HAN,2026-03-16,VN157,2026-03-16 07:06,2026-03-16 07:25,DAD,inserted
1607,HAN,2026-03-16,VJ509,2026-03-16 06:49,2026-03-16 06:45,DAD,inserted
1608,SGN,2026-02-16,VN218,2026-02-16 19:51,2026-02-16 20:05,HAN,inserted
